ISO-10303-21;
HEADER;
FILE_DESCRIPTION((''),'2;1');
FILE_NAME('50041933-001_SW0001','2010-02-24T',('E445352'),(''),
'PRO/ENGINEER BY PARAMETRIC TECHNOLOGY CORPORATION, 2008250',
'PRO/ENGINEER BY PARAMETRIC TECHNOLOGY CORPORATION, 2008250','');
FILE_SCHEMA(('CONFIG_CONTROL_DESIGN'));
ENDSEC;
DATA;
#1=CARTESIAN_POINT('',(2.27233E1,0.E0,4.09942E1));
#2=DIRECTION('',(0.E0,1.E0,0.E0));
#3=DIRECTION('',(-6.415652173913E-1,0.E0,7.670684922702E-1));
#4=AXIS2_PLACEMENT_3D('',#1,#2,#3);
#6=DIRECTION('',(0.E0,0.E0,-1.E0));
#7=VECTOR('',#6,1.038280770362E0);
#8=CARTESIAN_POINT('',(2.1385E1,0.E0,4.4577E1));
#9=LINE('',#8,#7);
#10=DIRECTION('',(-1.E0,0.E0,0.E0));
#11=VECTOR('',#10,5.062E-1);
#12=CARTESIAN_POINT('',(2.1385E1,0.E0,4.4577E1));
#13=LINE('',#12,#11);
#14=DIRECTION('',(0.E0,0.E0,-1.E0));
#15=VECTOR('',#14,1.377478084723E0);
#16=CARTESIAN_POINT('',(2.08788E1,0.E0,4.4577E1));
#17=LINE('',#16,#15);
#18=DIRECTION('',(0.E0,1.E0,0.E0));
#19=VECTOR('',#18,1.02E0);
#20=CARTESIAN_POINT('',(2.08788E1,-1.02E0,4.319952191528E1));
#21=LINE('',#20,#19);
#22=DIRECTION('',(0.E0,-1.E0,0.E0));
#23=VECTOR('',#22,1.02E0);
#24=CARTESIAN_POINT('',(2.08788E1,0.E0,4.4577E1));
#25=LINE('',#24,#23);
#26=DIRECTION('',(1.E0,0.E0,0.E0));
#27=VECTOR('',#26,3.302E-1);
#28=CARTESIAN_POINT('',(2.1385E1,0.E0,4.4577E1));
#29=LINE('',#28,#27);
#30=DIRECTION('',(1.E0,0.E0,0.E0));
#31=VECTOR('',#30,3.302E-1);
#32=CARTESIAN_POINT('',(2.23248E1,0.E0,4.4577E1));
#33=LINE('',#32,#31);
#34=DIRECTION('',(1.E0,0.E0,0.E0));
#35=VECTOR('',#34,3.302E-1);
#36=CARTESIAN_POINT('',(2.3925E1,0.E0,4.4577E1));
#37=LINE('',#36,#35);
#38=DIRECTION('',(1.E0,0.E0,0.E0));
#39=VECTOR('',#38,3.302E-1);
#40=CARTESIAN_POINT('',(2.48648E1,0.E0,4.4577E1));
#41=LINE('',#40,#39);
#42=DIRECTION('',(1.E0,0.E0,0.E0));
#43=VECTOR('',#42,3.302E-1);
#44=CARTESIAN_POINT('',(2.6465E1,0.E0,4.4577E1));
#45=LINE('',#44,#43);
#46=DIRECTION('',(1.E0,0.E0,0.E0));
#47=VECTOR('',#46,3.302E-1);
#48=CARTESIAN_POINT('',(2.74048E1,0.E0,4.4577E1));
#49=LINE('',#48,#47);
#50=DIRECTION('',(1.E0,0.E0,0.E0));
#51=VECTOR('',#50,3.302E-1);
#52=CARTESIAN_POINT('',(2.9005E1,0.E0,4.4577E1));
#53=LINE('',#52,#51);
#54=DIRECTION('',(1.E0,0.E0,0.E0));
#55=VECTOR('',#54,3.302E-1);
#56=CARTESIAN_POINT('',(2.99448E1,0.E0,4.4577E1));
#57=LINE('',#56,#55);
#58=DIRECTION('',(0.E0,-1.E0,0.E0));
#59=VECTOR('',#58,1.02E0);
#60=CARTESIAN_POINT('',(3.07848E1,0.E0,4.4577E1));
#61=LINE('',#60,#59);
#62=DIRECTION('',(0.E0,1.E0,0.E0));
#63=VECTOR('',#62,8.433890060814E-3);
#64=CARTESIAN_POINT('',(2.99448E1,-1.02E0,4.4577E1));
#65=LINE('',#64,#63);
#66=DIRECTION('',(1.E0,0.E0,0.E0));
#67=VECTOR('',#66,6.096E-1);
#68=CARTESIAN_POINT('',(2.93352E1,-1.011566109939E0,4.4577E1));
#69=LINE('',#68,#67);
#70=DIRECTION('',(0.E0,1.E0,0.E0));
#71=VECTOR('',#70,8.433890060814E-3);
#72=CARTESIAN_POINT('',(2.93352E1,-1.02E0,4.4577E1));
#73=LINE('',#72,#71);
#74=DIRECTION('',(0.E0,1.E0,0.E0));
#75=VECTOR('',#74,8.433890060814E-3);
#76=CARTESIAN_POINT('',(2.74048E1,-1.02E0,4.4577E1));
#77=LINE('',#76,#75);
#78=DIRECTION('',(1.E0,0.E0,0.E0));
#79=VECTOR('',#78,6.096E-1);
#80=CARTESIAN_POINT('',(2.67952E1,-1.011566109939E0,4.4577E1));
#81=LINE('',#80,#79);
#82=DIRECTION('',(0.E0,1.E0,0.E0));
#83=VECTOR('',#82,8.433890060814E-3);
#84=CARTESIAN_POINT('',(2.67952E1,-1.02E0,4.4577E1));
#85=LINE('',#84,#83);
#86=DIRECTION('',(0.E0,1.E0,0.E0));
#87=VECTOR('',#86,8.433890060814E-3);
#88=CARTESIAN_POINT('',(2.48648E1,-1.02E0,4.4577E1));
#89=LINE('',#88,#87);
#90=DIRECTION('',(1.E0,0.E0,0.E0));
#91=VECTOR('',#90,6.096E-1);
#92=CARTESIAN_POINT('',(2.42552E1,-1.011566109939E0,4.4577E1));
#93=LINE('',#92,#91);
#94=DIRECTION('',(0.E0,1.E0,0.E0));
#95=VECTOR('',#94,8.433890060814E-3);
#96=CARTESIAN_POINT('',(2.42552E1,-1.02E0,4.4577E1));
#97=LINE('',#96,#95);
#98=DIRECTION('',(0.E0,1.E0,0.E0));
#99=VECTOR('',#98,8.433890060814E-3);
#100=CARTESIAN_POINT('',(2.23248E1,-1.02E0,4.4577E1));
#101=LINE('',#100,#99);
#102=DIRECTION('',(1.E0,0.E0,0.E0));
#103=VECTOR('',#102,6.096E-1);
#104=CARTESIAN_POINT('',(2.17152E1,-1.011566109939E0,4.4577E1));
#105=LINE('',#104,#103);
#106=DIRECTION('',(0.E0,1.E0,0.E0));
#107=VECTOR('',#106,8.433890060814E-3);
#108=CARTESIAN_POINT('',(2.17152E1,-1.02E0,4.4577E1));
#109=LINE('',#108,#107);
#110=DIRECTION('',(0.E0,0.E0,1.E0));
#111=VECTOR('',#110,8.88E-1);
#112=CARTESIAN_POINT('',(2.1385E1,0.E0,4.4577E1));
#113=LINE('',#112,#111);
#114=DIRECTION('',(7.071067811865E-1,0.E0,7.071067811866E-1));
#115=VECTOR('',#114,5.374011537017E-1);
#116=CARTESIAN_POINT('',(2.1385E1,0.E0,4.5465E1));
#117=LINE('',#116,#115);
#118=DIRECTION('',(0.E0,0.E0,1.E0));
#119=VECTOR('',#118,1.3932E1);
#120=CARTESIAN_POINT('',(2.1765E1,0.E0,4.5845E1));
#121=LINE('',#120,#119);
#122=DIRECTION('',(1.E0,0.E0,0.E0));
#123=VECTOR('',#122,5.100000000001E-1);
#124=CARTESIAN_POINT('',(2.1765E1,0.E0,5.9777E1));
#125=LINE('',#124,#123);
#126=DIRECTION('',(0.E0,0.E0,-1.E0));
#127=VECTOR('',#126,1.3932E1);
#128=CARTESIAN_POINT('',(2.2275E1,0.E0,5.9777E1));
#129=LINE('',#128,#127);
#130=DIRECTION('',(7.071067811865E-1,0.E0,-7.071067811866E-1));
#131=VECTOR('',#130,5.374011537017E-1);
#132=CARTESIAN_POINT('',(2.2275E1,0.E0,4.5845E1));
#133=LINE('',#132,#131);
#134=DIRECTION('',(0.E0,0.E0,-1.E0));
#135=VECTOR('',#134,8.88E-1);
#136=CARTESIAN_POINT('',(2.2655E1,0.E0,4.5465E1));
#137=LINE('',#136,#135);
#138=DIRECTION('',(0.E0,0.E0,1.E0));
#139=VECTOR('',#138,2.530275607640E-1);
#140=CARTESIAN_POINT('',(2.23248E1,0.E0,4.4577E1));
#141=LINE('',#140,#139);
#142=DIRECTION('',(-1.E0,0.E0,0.E0));
#143=VECTOR('',#142,6.096E-1);
#144=CARTESIAN_POINT('',(2.23248E1,0.E0,4.5338E1));
#145=LINE('',#144,#143);
#146=DIRECTION('',(0.E0,0.E0,1.E0));
#147=VECTOR('',#146,2.530275607640E-1);
#148=CARTESIAN_POINT('',(2.17152E1,0.E0,4.4577E1));
#149=LINE('',#148,#147);
#150=DIRECTION('',(0.E0,1.E0,0.E0));
#151=VECTOR('',#150,2.5E-1);
#152=CARTESIAN_POINT('',(2.1385E1,0.E0,4.353871922964E1));
#153=LINE('',#152,#151);
#154=CARTESIAN_POINT('',(2.27233E1,2.5E-1,4.09942E1));
#155=DIRECTION('',(0.E0,1.E0,0.E0));
#156=DIRECTION('',(-4.654956521739E-1,0.E0,8.850501668308E-1));
#157=AXIS2_PLACEMENT_3D('',#154,#155,#156);
#159=DIRECTION('',(-1.E0,0.E0,0.E0));
#160=VECTOR('',#159,6.096E-1);
#161=CARTESIAN_POINT('',(2.23248E1,2.5E-1,4.5084E1));
#162=LINE('',#161,#160);
#163=CARTESIAN_POINT('',(2.27233E1,2.5E-1,4.09942E1));
#164=DIRECTION('',(0.E0,1.E0,0.E0));
#165=DIRECTION('',(-1.386086956522E-1,0.E0,9.903472267289E-1));
#166=AXIS2_PLACEMENT_3D('',#163,#164,#165);
#168=DIRECTION('',(0.E0,0.E0,-1.E0));
#169=VECTOR('',#168,1.596611399716E0);
#170=CARTESIAN_POINT('',(2.2655E1,2.5E-1,4.5465E1));
#171=LINE('',#170,#169);
#172=DIRECTION('',(7.071067811865E-1,0.E0,-7.071067811866E-1));
#173=VECTOR('',#172,5.374011537017E-1);
#174=CARTESIAN_POINT('',(2.2275E1,2.5E-1,4.5845E1));
#175=LINE('',#174,#173);
#176=DIRECTION('',(0.E0,0.E0,-1.E0));
#177=VECTOR('',#176,1.3932E1);
#178=CARTESIAN_POINT('',(2.2275E1,2.5E-1,5.9777E1));
#179=LINE('',#178,#177);
#180=DIRECTION('',(1.E0,0.E0,0.E0));
#181=VECTOR('',#180,5.100000000001E-1);
#182=CARTESIAN_POINT('',(2.1765E1,2.5E-1,5.9777E1));
#183=LINE('',#182,#181);
#184=DIRECTION('',(0.E0,0.E0,1.E0));
#185=VECTOR('',#184,1.3932E1);
#186=CARTESIAN_POINT('',(2.1765E1,2.5E-1,4.5845E1));
#187=LINE('',#186,#185);
#188=DIRECTION('',(7.071067811865E-1,0.E0,7.071067811866E-1));
#189=VECTOR('',#188,5.374011537017E-1);
#190=CARTESIAN_POINT('',(2.1385E1,2.5E-1,4.5465E1));
#191=LINE('',#190,#189);
#192=DIRECTION('',(0.E0,0.E0,1.E0));
#193=VECTOR('',#192,1.926280770362E0);
#194=CARTESIAN_POINT('',(2.1385E1,2.5E-1,4.353871922964E1));
#195=LINE('',#194,#193);
#196=DIRECTION('',(0.E0,1.E0,-2.842170943040E-14));
#197=VECTOR('',#196,2.5E-1);
#198=CARTESIAN_POINT('',(2.17152E1,0.E0,4.368666344265E1));
#199=LINE('',#198,#197);
#200=DIRECTION('',(0.E0,0.E0,-1.E0));
#201=VECTOR('',#200,1.397336557351E0);
#202=CARTESIAN_POINT('',(2.17152E1,2.5E-1,4.5084E1));
#203=LINE('',#202,#201);
#204=CARTESIAN_POINT('',(2.27233E1,0.E0,4.09942E1));
#205=DIRECTION('',(0.E0,1.E0,0.E0));
#206=DIRECTION('',(-3.506434782609E-1,0.E0,9.365090235300E-1));
#207=AXIS2_PLACEMENT_3D('',#204,#205,#206);
#209=DIRECTION('',(0.E0,0.E0,-1.E0));
#210=VECTOR('',#209,7.355517231545E-1);
#211=CARTESIAN_POINT('',(2.23248E1,0.E0,4.4577E1));
#212=LINE('',#211,#210);
#213=DIRECTION('',(-1.E0,0.E0,0.E0));
#214=VECTOR('',#213,6.096E-1);
#215=CARTESIAN_POINT('',(2.23248E1,0.E0,4.4577E1));
#216=LINE('',#215,#214);
#217=DIRECTION('',(0.E0,0.E0,-1.E0));
#218=VECTOR('',#217,8.903365573512E-1);
#219=CARTESIAN_POINT('',(2.17152E1,0.E0,4.4577E1));
#220=LINE('',#219,#218);
#221=DIRECTION('',(0.E0,1.E0,0.E0));
#222=VECTOR('',#221,2.5E-1);
#223=CARTESIAN_POINT('',(2.23248E1,0.E0,4.384144827685E1));
#224=LINE('',#223,#222);
#225=DIRECTION('',(0.E0,0.E0,1.E0));
#226=VECTOR('',#225,1.242551723154E0);
#227=CARTESIAN_POINT('',(2.23248E1,2.5E-1,4.384144827685E1));
#228=LINE('',#227,#226);
#229=CARTESIAN_POINT('',(2.23248E1,-4.E-3,4.5084E1));
#230=DIRECTION('',(1.E0,0.E0,0.E0));
#231=DIRECTION('',(0.E0,1.574803149606E-2,-9.998759920630E-1));
#232=AXIS2_PLACEMENT_3D('',#229,#230,#231);
#234=CARTESIAN_POINT('',(2.17152E1,-4.E-3,4.5084E1));
#235=DIRECTION('',(-1.E0,0.E0,0.E0));
#236=DIRECTION('',(0.E0,1.E0,0.E0));
#237=AXIS2_PLACEMENT_3D('',#234,#235,#236);
#239=DIRECTION('',(-1.E0,0.E0,0.E0));
#240=VECTOR('',#239,6.096E-1);
#241=CARTESIAN_POINT('',(2.23248E1,-4.E-3,4.483E1));
#242=LINE('',#241,#240);
#243=DIRECTION('',(1.E0,0.E0,0.E0));
#244=VECTOR('',#243,6.096E-1);
#245=CARTESIAN_POINT('',(2.17152E1,-7.112E-1,4.483E1));
#246=LINE('',#245,#244);
#247=DIRECTION('',(0.E0,1.E0,0.E0));
#248=VECTOR('',#247,1.480004459490E-1);
#249=CARTESIAN_POINT('',(2.17152E1,-1.168000445949E0,4.368666344265E1));
#250=LINE('',#249,#248);
#251=CARTESIAN_POINT('',(2.17152E1,-7.112E-1,4.45252E1));
#252=DIRECTION('',(-1.E0,0.E0,0.E0));
#253=DIRECTION('',(0.E0,-9.854531165984E-1,1.699475065617E-1));
#254=AXIS2_PLACEMENT_3D('',#251,#252,#253);
#256=DIRECTION('',(0.E0,1.E0,0.E0));
#257=VECTOR('',#256,7.072E-1);
#258=CARTESIAN_POINT('',(2.17152E1,-7.112E-1,4.483E1));
#259=LINE('',#258,#257);
#260=CARTESIAN_POINT('',(2.17152E1,-4.E-3,4.5084E1));
#261=DIRECTION('',(-1.E0,0.E0,0.E0));
#262=DIRECTION('',(0.E0,1.574803149606E-2,-9.998759920630E-1));
#263=AXIS2_PLACEMENT_3D('',#260,#261,#262);
#265=DIRECTION('',(0.E0,0.E0,1.E0));
#266=VECTOR('',#265,5.079724392360E-1);
#267=CARTESIAN_POINT('',(2.17152E1,0.E0,4.483002756076E1));
#268=LINE('',#267,#266);
#269=DIRECTION('',(0.E0,-1.E0,0.E0));
#270=VECTOR('',#269,4.572E-1);
#271=CARTESIAN_POINT('',(2.17152E1,-2.54E-1,4.5084E1));
#272=LINE('',#271,#270);
#273=CARTESIAN_POINT('',(2.17152E1,-7.112E-1,4.45252E1));
#274=DIRECTION('',(1.E0,0.E0,0.E0));
#275=DIRECTION('',(0.E0,0.E0,1.E0));
#276=AXIS2_PLACEMENT_3D('',#273,#274,#275);
#278=DIRECTION('',(0.E0,1.273612968548E-1,-9.918563908467E-1));
#279=VECTOR('',#278,7.570205017039E-1);
#280=CARTESIAN_POINT('',(2.17152E1,-1.265449351205E0,4.445403050732E1));
#281=LINE('',#280,#279);
#282=CARTESIAN_POINT('',(2.17152E1,-1.295E0,4.3687E1));
#283=DIRECTION('',(-1.E0,0.E0,0.E0));
#284=DIRECTION('',(0.E0,9.918563908467E-1,1.273612968548E-1));
#285=AXIS2_PLACEMENT_3D('',#282,#283,#284);
#287=CARTESIAN_POINT('',(2.27233E1,-1.02E0,4.09942E1));
#288=DIRECTION('',(0.E0,1.E0,0.E0));
#289=DIRECTION('',(-6.415652173913E-1,0.E0,7.670684922702E-1));
#290=AXIS2_PLACEMENT_3D('',#287,#288,#289);
#292=DIRECTION('',(0.E0,0.E0,-1.E0));
#293=VECTOR('',#292,1.377478084723E0);
#294=CARTESIAN_POINT('',(2.08788E1,-1.02E0,4.4577E1));
#295=LINE('',#294,#293);
#296=DIRECTION('',(-1.E0,0.E0,0.E0));
#297=VECTOR('',#296,8.364E-1);
#298=CARTESIAN_POINT('',(2.17152E1,-1.02E0,4.4577E1));
#299=LINE('',#298,#297);
#300=DIRECTION('',(0.E0,0.E0,-1.E0));
#301=VECTOR('',#300,8.903365573512E-1);
#302=CARTESIAN_POINT('',(2.17152E1,-1.02E0,4.4577E1));
#303=LINE('',#302,#301);
#304=DIRECTION('',(0.E0,1.E0,0.E0));
#305=VECTOR('',#304,1.667895088902E-1);
#306=CARTESIAN_POINT('',(2.23248E1,-1.186789508890E0,4.384144827685E1));
#307=LINE('',#306,#305);
#308=DIRECTION('',(0.E0,1.273612968548E-1,-9.918563908467E-1));
#309=VECTOR('',#308,6.176118197404E-1);
#310=CARTESIAN_POINT('',(2.23248E1,-1.265449351205E0,4.445403050732E1));
#311=LINE('',#310,#309);
#312=CARTESIAN_POINT('',(2.23248E1,-7.112E-1,4.45252E1));
#313=DIRECTION('',(1.E0,0.E0,0.E0));
#314=DIRECTION('',(0.E0,0.E0,1.E0));
#315=AXIS2_PLACEMENT_3D('',#312,#313,#314);
#317=DIRECTION('',(0.E0,-1.E0,0.E0));
#318=VECTOR('',#317,4.572E-1);
#319=CARTESIAN_POINT('',(2.23248E1,-2.54E-1,4.5084E1));
#320=LINE('',#319,#318);
#321=DIRECTION('',(0.E0,0.E0,-1.E0));
#322=VECTOR('',#321,5.079724392360E-1);
#323=CARTESIAN_POINT('',(2.23248E1,0.E0,4.5338E1));
#324=LINE('',#323,#322);
#325=CARTESIAN_POINT('',(2.23248E1,-4.E-3,4.5084E1));
#326=DIRECTION('',(1.E0,0.E0,0.E0));
#327=DIRECTION('',(0.E0,0.E0,-1.E0));
#328=AXIS2_PLACEMENT_3D('',#325,#326,#327);
#330=DIRECTION('',(0.E0,1.E0,0.E0));
#331=VECTOR('',#330,7.072E-1);
#332=CARTESIAN_POINT('',(2.23248E1,-7.112E-1,4.483E1));
#333=LINE('',#332,#331);
#334=CARTESIAN_POINT('',(2.23248E1,-7.112E-1,4.45252E1));
#335=DIRECTION('',(-1.E0,0.E0,0.E0));
#336=DIRECTION('',(0.E0,-9.854531165984E-1,1.699475065617E-1));
#337=AXIS2_PLACEMENT_3D('',#334,#335,#336);
#339=CARTESIAN_POINT('',(2.176045002515E1,-1.169034238362E0,4.370317488470E1));
#340=CARTESIAN_POINT('',(2.194381499203E1,-1.177402951584E0,4.376834822933E1));
#341=CARTESIAN_POINT('',(2.213192801171E1,-1.183323251399E0,4.381445397222E1));
#342=CARTESIAN_POINT('',(2.23248E1,-1.186789508890E0,4.384144827685E1));
#344=DIRECTION('',(1.E0,0.E0,0.E0));
#345=VECTOR('',#344,6.096E-1);
#346=CARTESIAN_POINT('',(2.17152E1,-1.265449351205E0,4.445403050732E1));
#347=LINE('',#346,#345);
#348=CARTESIAN_POINT('',(2.176045002515E1,-1.169034238362E0,4.370317488470E1));
#349=CARTESIAN_POINT('',(2.175272472645E1,-1.168681658421E0,4.370042908455E1));
#350=CARTESIAN_POINT('',(2.173745622803E1,-1.168157688557E0,4.369492776391E1));
#351=CARTESIAN_POINT('',(2.172255649052E1,-1.167993146646E0,4.368941782660E1));
#352=CARTESIAN_POINT('',(2.17152E1,-1.168000445949E0,4.368666344265E1));
#354=DIRECTION('',(1.E0,5.888472437437E-14,-6.281037266600E-13));
#355=VECTOR('',#354,4.525002515355E-2);
#356=CARTESIAN_POINT('',(2.17152E1,-1.169034238362E0,4.370317488470E1));
#357=LINE('',#356,#355);
#358=DIRECTION('',(1.E0,0.E0,0.E0));
#359=VECTOR('',#358,6.096E-1);
#360=CARTESIAN_POINT('',(2.17152E1,-7.112E-1,4.5084E1));
#361=LINE('',#360,#359);
#362=DIRECTION('',(-1.E0,0.E0,0.E0));
#363=VECTOR('',#362,6.096E-1);
#364=CARTESIAN_POINT('',(2.23248E1,-2.54E-1,4.5084E1));
#365=LINE('',#364,#363);
#366=CARTESIAN_POINT('',(2.23248E1,-2.54E-1,4.5338E1));
#367=DIRECTION('',(-1.E0,0.E0,0.E0));
#368=DIRECTION('',(0.E0,1.E0,0.E0));
#369=AXIS2_PLACEMENT_3D('',#366,#367,#368);
#371=CARTESIAN_POINT('',(2.17152E1,-2.54E-1,4.5338E1));
#372=DIRECTION('',(1.E0,0.E0,0.E0));
#373=DIRECTION('',(0.E0,0.E0,-1.E0));
#374=AXIS2_PLACEMENT_3D('',#371,#372,#373);
#376=CARTESIAN_POINT('',(2.27233E1,-1.02E0,4.09942E1));
#377=DIRECTION('',(0.E0,1.E0,0.E0));
#378=DIRECTION('',(-1.386086956522E-1,0.E0,9.903472267289E-1));
#379=AXIS2_PLACEMENT_3D('',#376,#377,#378);
#381=DIRECTION('',(0.E0,0.E0,-1.E0));
#382=VECTOR('',#381,7.355517231545E-1);
#383=CARTESIAN_POINT('',(2.23248E1,-1.02E0,4.4577E1));
#384=LINE('',#383,#382);
#385=DIRECTION('',(-1.E0,0.E0,0.E0));
#386=VECTOR('',#385,1.9304E0);
#387=CARTESIAN_POINT('',(2.42552E1,-1.02E0,4.4577E1));
#388=LINE('',#387,#386);
#389=DIRECTION('',(0.E0,0.E0,-1.E0));
#390=VECTOR('',#389,7.078E-1);
#391=CARTESIAN_POINT('',(2.42552E1,-1.02E0,4.4577E1));
#392=LINE('',#391,#390);
#393=DIRECTION('',(1.E0,0.E0,0.E0));
#394=VECTOR('',#393,1.5319E0);
#395=CARTESIAN_POINT('',(2.27233E1,-1.02E0,4.38692E1));
#396=LINE('',#395,#394);
#397=DIRECTION('',(0.E0,-1.E0,0.E0));
#398=VECTOR('',#397,1.703530242171E-1);
#399=CARTESIAN_POINT('',(2.42552E1,-1.02E0,4.38692E1));
#400=LINE('',#399,#398);
#401=CARTESIAN_POINT('',(2.42552E1,-7.112E-1,4.45252E1));
#402=DIRECTION('',(-1.E0,0.E0,0.E0));
#403=DIRECTION('',(0.E0,-9.854531165984E-1,1.699475065617E-1));
#404=AXIS2_PLACEMENT_3D('',#401,#402,#403);
#406=DIRECTION('',(1.004726719118E-14,1.E0,0.E0));
#407=VECTOR('',#406,7.072E-1);
#408=CARTESIAN_POINT('',(2.42552E1,-7.112E-1,4.483E1));
#409=LINE('',#408,#407);
#410=CARTESIAN_POINT('',(2.42552E1,-4.E-3,4.5084E1));
#411=DIRECTION('',(-1.E0,0.E0,0.E0));
#412=DIRECTION('',(0.E0,1.574803149606E-2,-9.998759920630E-1));
#413=AXIS2_PLACEMENT_3D('',#410,#411,#412);
#415=DIRECTION('',(0.E0,0.E0,1.E0));
#416=VECTOR('',#415,5.079724392360E-1);
#417=CARTESIAN_POINT('',(2.42552E1,0.E0,4.483002756076E1));
#418=LINE('',#417,#416);
#419=DIRECTION('',(0.E0,-1.E0,0.E0));
#420=VECTOR('',#419,4.572E-1);
#421=CARTESIAN_POINT('',(2.42552E1,-2.54E-1,4.5084E1));
#422=LINE('',#421,#420);
#423=CARTESIAN_POINT('',(2.42552E1,-7.112E-1,4.45252E1));
#424=DIRECTION('',(1.E0,0.E0,0.E0));
#425=DIRECTION('',(0.E0,0.E0,1.E0));
#426=AXIS2_PLACEMENT_3D('',#423,#424,#425);
#428=DIRECTION('',(0.E0,1.273612968548E-1,-9.918563908467E-1));
#429=VECTOR('',#428,5.896322418392E-1);
#430=CARTESIAN_POINT('',(2.42552E1,-1.265449351205E0,4.445403050732E1));
#431=LINE('',#430,#429);
#432=DIRECTION('',(0.E0,-1.E0,0.E0));
#433=VECTOR('',#432,9.5E-1);
#434=CARTESIAN_POINT('',(2.27233E1,-1.02E0,4.38692E1));
#435=LINE('',#434,#433);
#436=DIRECTION('',(1.E0,0.E0,0.E0));
#437=VECTOR('',#436,6.096E-1);
#438=CARTESIAN_POINT('',(2.42552E1,-1.190353024217E0,4.38692E1));
#439=LINE('',#438,#437);
#440=DIRECTION('',(1.E0,0.E0,0.E0));
#441=VECTOR('',#440,6.096E-1);
#442=CARTESIAN_POINT('',(2.42552E1,-1.265449351205E0,4.445403050732E1));
#443=LINE('',#442,#441);
#444=DIRECTION('',(1.E0,0.E0,0.E0));
#445=VECTOR('',#444,6.096E-1);
#446=CARTESIAN_POINT('',(2.42552E1,-7.112E-1,4.5084E1));
#447=LINE('',#446,#445);
#448=DIRECTION('',(-1.E0,0.E0,0.E0));
#449=VECTOR('',#448,6.096E-1);
#450=CARTESIAN_POINT('',(2.48648E1,-2.54E-1,4.5084E1));
#451=LINE('',#450,#449);
#452=CARTESIAN_POINT('',(2.48648E1,-2.54E-1,4.5338E1));
#453=DIRECTION('',(-1.E0,0.E0,0.E0));
#454=DIRECTION('',(0.E0,1.E0,0.E0));
#455=AXIS2_PLACEMENT_3D('',#452,#453,#454);
#457=CARTESIAN_POINT('',(2.42552E1,-2.54E-1,4.5338E1));
#458=DIRECTION('',(1.E0,0.E0,0.E0));
#459=DIRECTION('',(0.E0,0.E0,-1.E0));
#460=AXIS2_PLACEMENT_3D('',#457,#458,#459);
#462=DIRECTION('',(0.E0,0.E0,1.E0));
#463=VECTOR('',#462,8.88E-1);
#464=CARTESIAN_POINT('',(2.3925E1,0.E0,4.4577E1));
#465=LINE('',#464,#463);
#466=DIRECTION('',(7.071067811865E-1,0.E0,7.071067811866E-1));
#467=VECTOR('',#466,5.374011537018E-1);
#468=CARTESIAN_POINT('',(2.3925E1,0.E0,4.5465E1));
#469=LINE('',#468,#467);
#470=DIRECTION('',(0.E0,0.E0,1.E0));
#471=VECTOR('',#470,1.3932E1);
#472=CARTESIAN_POINT('',(2.4305E1,0.E0,4.5845E1));
#473=LINE('',#472,#471);
#474=DIRECTION('',(1.E0,0.E0,0.E0));
#475=VECTOR('',#474,5.1E-1);
#476=CARTESIAN_POINT('',(2.4305E1,0.E0,5.9777E1));
#477=LINE('',#476,#475);
#478=DIRECTION('',(0.E0,0.E0,-1.E0));
#479=VECTOR('',#478,1.3932E1);
#480=CARTESIAN_POINT('',(2.4815E1,0.E0,5.9777E1));
#481=LINE('',#480,#479);
#482=DIRECTION('',(7.071067811865E-1,0.E0,-7.071067811866E-1));
#483=VECTOR('',#482,5.374011537018E-1);
#484=CARTESIAN_POINT('',(2.4815E1,0.E0,4.5845E1));
#485=LINE('',#484,#483);
#486=DIRECTION('',(0.E0,0.E0,-1.E0));
#487=VECTOR('',#486,8.88E-1);
#488=CARTESIAN_POINT('',(2.5195E1,0.E0,4.5465E1));
#489=LINE('',#488,#487);
#490=DIRECTION('',(1.404081700852E-14,0.E0,1.E0));
#491=VECTOR('',#490,2.530275607640E-1);
#492=CARTESIAN_POINT('',(2.48648E1,0.E0,4.4577E1));
#493=LINE('',#492,#491);
#494=DIRECTION('',(-1.E0,0.E0,0.E0));
#495=VECTOR('',#494,6.096E-1);
#496=CARTESIAN_POINT('',(2.48648E1,0.E0,4.5338E1));
#497=LINE('',#496,#495);
#498=DIRECTION('',(1.404081700852E-14,0.E0,1.E0));
#499=VECTOR('',#498,2.530275607640E-1);
#500=CARTESIAN_POINT('',(2.42552E1,0.E0,4.4577E1));
#501=LINE('',#500,#499);
#502=DIRECTION('',(0.E0,1.E0,0.E0));
#503=VECTOR('',#502,2.5E-1);
#504=CARTESIAN_POINT('',(2.3925E1,0.E0,4.38692E1));
#505=LINE('',#504,#503);
#506=DIRECTION('',(0.E0,-1.E0,0.E0));
#507=VECTOR('',#506,4.602E-1);
#508=CARTESIAN_POINT('',(2.27233E1,4.602E-1,4.38692E1));
#509=LINE('',#508,#507);
#510=CARTESIAN_POINT('',(2.27233E1,0.E0,4.09942E1));
#511=DIRECTION('',(0.E0,1.E0,0.E0));
#512=DIRECTION('',(-2.375652173913E-2,0.E0,9.997177740117E-1));
#513=AXIS2_PLACEMENT_3D('',#510,#511,#512);
#515=DIRECTION('',(1.E0,0.E0,0.E0));
#516=VECTOR('',#515,1.2017E0);
#517=CARTESIAN_POINT('',(2.27233E1,0.E0,4.38692E1));
#518=LINE('',#517,#516);
#519=DIRECTION('',(0.E0,0.E0,-1.E0));
#520=VECTOR('',#519,7.078E-1);
#521=CARTESIAN_POINT('',(2.3925E1,0.E0,4.4577E1));
#522=LINE('',#521,#520);
#523=DIRECTION('',(-1.E0,0.E0,0.E0));
#524=VECTOR('',#523,1.27E0);
#525=CARTESIAN_POINT('',(2.3925E1,0.E0,4.4577E1));
#526=LINE('',#525,#524);
#527=DIRECTION('',(0.E0,0.E0,-1.E0));
#528=VECTOR('',#527,7.086113997164E-1);
#529=CARTESIAN_POINT('',(2.2655E1,0.E0,4.4577E1));
#530=LINE('',#529,#528);
#531=DIRECTION('',(0.E0,1.E0,0.E0));
#532=VECTOR('',#531,2.5E-1);
#533=CARTESIAN_POINT('',(2.2655E1,0.E0,4.386838860028E1));
#534=LINE('',#533,#532);
#535=DIRECTION('',(0.E0,1.E0,-2.842170943040E-14));
#536=VECTOR('',#535,2.5E-1);
#537=CARTESIAN_POINT('',(2.2655E1,0.E0,4.5465E1));
#538=LINE('',#537,#536);
#539=DIRECTION('',(0.E0,1.E0,0.E0));
#540=VECTOR('',#539,2.5E-1);
#541=CARTESIAN_POINT('',(2.2275E1,0.E0,4.5845E1));
#542=LINE('',#541,#540);
#543=DIRECTION('',(0.E0,1.E0,0.E0));
#544=VECTOR('',#543,2.5E-1);
#545=CARTESIAN_POINT('',(2.2275E1,0.E0,5.9777E1));
#546=LINE('',#545,#544);
#547=DIRECTION('',(0.E0,1.E0,0.E0));
#548=VECTOR('',#547,2.5E-1);
#549=CARTESIAN_POINT('',(2.1765E1,0.E0,5.9777E1));
#550=LINE('',#549,#548);
#551=DIRECTION('',(0.E0,1.E0,0.E0));
#552=VECTOR('',#551,2.5E-1);
#553=CARTESIAN_POINT('',(2.1765E1,0.E0,4.5845E1));
#554=LINE('',#553,#552);
#555=DIRECTION('',(0.E0,1.E0,0.E0));
#556=VECTOR('',#555,2.5E-1);
#557=CARTESIAN_POINT('',(2.1385E1,0.E0,4.5465E1));
#558=LINE('',#557,#556);
#559=CARTESIAN_POINT('',(2.89463E1,4.602E-1,4.09942E1));
#560=DIRECTION('',(0.E0,1.E0,0.E0));
#561=DIRECTION('',(0.E0,0.E0,1.E0));
#562=AXIS2_PLACEMENT_3D('',#559,#560,#561);
#564=DIRECTION('',(1.E0,0.E0,0.E0));
#565=VECTOR('',#564,6.223E0);
#566=CARTESIAN_POINT('',(2.27233E1,4.602E-1,4.38692E1));
#567=LINE('',#566,#565);
#568=CARTESIAN_POINT('',(2.27233E1,4.602E-1,4.09942E1));
#569=DIRECTION('',(0.E0,1.E0,0.E0));
#570=DIRECTION('',(-7.023652173913E-1,0.E0,7.118167611112E-1));
#571=AXIS2_PLACEMENT_3D('',#568,#569,#570);
#573=DIRECTION('',(0.E0,0.E0,-1.E0));
#574=VECTOR('',#573,4.036395663535E-1);
#575=CARTESIAN_POINT('',(2.0704E1,4.602E-1,4.344431275455E1));
#576=LINE('',#575,#574);
#577=DIRECTION('',(0.E0,0.E0,1.E0));
#578=VECTOR('',#577,4.036395663535E-1);
#579=CARTESIAN_POINT('',(3.09656E1,4.602E-1,4.304067318819E1));
#580=LINE('',#579,#578);
#581=DIRECTION('',(0.E0,-1.E0,0.E0));
#582=VECTOR('',#581,4.602E-1);
#583=CARTESIAN_POINT('',(2.89463E1,4.602E-1,4.38692E1));
#584=LINE('',#583,#582);
#585=DIRECTION('',(0.E0,-1.E0,0.E0));
#586=VECTOR('',#585,9.5E-1);
#587=CARTESIAN_POINT('',(2.89463E1,-1.02E0,4.38692E1));
#588=LINE('',#587,#586);
#589=CARTESIAN_POINT('',(2.89463E1,0.E0,4.09942E1));
#590=DIRECTION('',(0.E0,1.E0,0.E0));
#591=DIRECTION('',(0.E0,0.E0,1.E0));
#592=AXIS2_PLACEMENT_3D('',#589,#590,#591);
#594=DIRECTION('',(0.E0,0.E0,-1.E0));
#595=VECTOR('',#594,7.083993129002E-1);
#596=CARTESIAN_POINT('',(2.9005E1,0.E0,4.4577E1));
#597=LINE('',#596,#595);
#598=DIRECTION('',(-1.E0,0.E0,0.E0));
#599=VECTOR('',#598,1.27E0);
#600=CARTESIAN_POINT('',(2.9005E1,0.E0,4.4577E1));
#601=LINE('',#600,#599);
#602=DIRECTION('',(0.E0,0.E0,-1.E0));
#603=VECTOR('',#602,7.078E-1);
#604=CARTESIAN_POINT('',(2.7735E1,0.E0,4.4577E1));
#605=LINE('',#604,#603);
#606=DIRECTION('',(1.E0,0.E0,0.E0));
#607=VECTOR('',#606,1.2113E0);
#608=CARTESIAN_POINT('',(2.7735E1,0.E0,4.38692E1));
#609=LINE('',#608,#607);
#610=DIRECTION('',(0.E0,1.E0,5.684341886081E-14));
#611=VECTOR('',#610,2.5E-1);
#612=CARTESIAN_POINT('',(2.9005E1,0.E0,4.386860068710E1));
#613=LINE('',#612,#611);
#614=CARTESIAN_POINT('',(2.89463E1,2.5E-1,4.09942E1));
#615=DIRECTION('',(0.E0,1.E0,0.E0));
#616=DIRECTION('',(2.041739130435E-2,0.E0,9.997915433391E-1));
#617=AXIS2_PLACEMENT_3D('',#614,#615,#616);
#619=DIRECTION('',(-1.E0,0.E0,0.E0));
#620=VECTOR('',#619,6.096E-1);
#621=CARTESIAN_POINT('',(2.99448E1,2.5E-1,4.5084E1));
#622=LINE('',#621,#620);
#623=CARTESIAN_POINT('',(2.89463E1,2.5E-1,4.09942E1));
#624=DIRECTION('',(0.E0,1.E0,0.E0));
#625=DIRECTION('',(3.473043478261E-1,0.E0,9.377524673287E-1));
#626=AXIS2_PLACEMENT_3D('',#623,#624,#625);
#628=DIRECTION('',(0.E0,0.E0,-1.E0));
#629=VECTOR('',#628,1.921254685635E0);
#630=CARTESIAN_POINT('',(3.0275E1,2.5E-1,4.5465E1));
#631=LINE('',#630,#629);
#632=DIRECTION('',(7.071067811865E-1,0.E0,-7.071067811866E-1));
#633=VECTOR('',#632,5.374011537017E-1);
#634=CARTESIAN_POINT('',(2.9895E1,2.5E-1,4.5845E1));
#635=LINE('',#634,#633);
#636=DIRECTION('',(1.810527355691E-14,0.E0,-1.E0));
#637=VECTOR('',#636,1.3932E1);
#638=CARTESIAN_POINT('',(2.9895E1,2.5E-1,5.9777E1));
#639=LINE('',#638,#637);
#640=DIRECTION('',(1.E0,0.E0,0.E0));
#641=VECTOR('',#640,5.099999999996E-1);
#642=CARTESIAN_POINT('',(2.9385E1,2.5E-1,5.9777E1));
#643=LINE('',#642,#641);
#644=DIRECTION('',(1.810527355691E-14,0.E0,1.E0));
#645=VECTOR('',#644,1.3932E1);
#646=CARTESIAN_POINT('',(2.9385E1,2.5E-1,4.5845E1));
#647=LINE('',#646,#645);
#648=DIRECTION('',(7.071067811865E-1,0.E0,7.071067811866E-1));
#649=VECTOR('',#648,5.374011537017E-1);
#650=CARTESIAN_POINT('',(2.9005E1,2.5E-1,4.5465E1));
#651=LINE('',#650,#649);
#652=DIRECTION('',(0.E0,0.E0,1.E0));
#653=VECTOR('',#652,1.596399312900E0);
#654=CARTESIAN_POINT('',(2.9005E1,2.5E-1,4.386860068710E1));
#655=LINE('',#654,#653);
#656=DIRECTION('',(0.E0,1.E0,0.E0));
#657=VECTOR('',#656,2.5E-1);
#658=CARTESIAN_POINT('',(2.93352E1,0.E0,4.384277539658E1));
#659=LINE('',#658,#657);
#660=DIRECTION('',(0.E0,0.E0,-1.E0));
#661=VECTOR('',#660,1.241224603420E0);
#662=CARTESIAN_POINT('',(2.93352E1,2.5E-1,4.5084E1));
#663=LINE('',#662,#661);
#664=CARTESIAN_POINT('',(2.89463E1,0.E0,4.09942E1));
#665=DIRECTION('',(0.E0,1.E0,0.E0));
#666=DIRECTION('',(1.352695652174E-1,0.E0,9.908088335930E-1));
#667=AXIS2_PLACEMENT_3D('',#664,#665,#666);
#669=DIRECTION('',(0.E0,0.E0,-1.E0));
#670=VECTOR('',#669,8.867616564300E-1);
#671=CARTESIAN_POINT('',(2.99448E1,0.E0,4.4577E1));
#672=LINE('',#671,#670);
#673=DIRECTION('',(-1.E0,0.E0,0.E0));
#674=VECTOR('',#673,6.096E-1);
#675=CARTESIAN_POINT('',(2.99448E1,0.E0,4.4577E1));
#676=LINE('',#675,#674);
#677=DIRECTION('',(0.E0,0.E0,-1.E0));
#678=VECTOR('',#677,7.342246034202E-1);
#679=CARTESIAN_POINT('',(2.93352E1,0.E0,4.4577E1));
#680=LINE('',#679,#678);
#681=DIRECTION('',(0.E0,1.E0,0.E0));
#682=VECTOR('',#681,2.5E-1);
#683=CARTESIAN_POINT('',(2.99448E1,0.E0,4.369023834357E1));
#684=LINE('',#683,#682);
#685=DIRECTION('',(0.E0,0.E0,1.E0));
#686=VECTOR('',#685,1.393761656430E0);
#687=CARTESIAN_POINT('',(2.99448E1,2.5E-1,4.369023834357E1));
#688=LINE('',#687,#686);
#689=CARTESIAN_POINT('',(2.99448E1,-4.E-3,4.5084E1));
#690=DIRECTION('',(1.E0,0.E0,0.E0));
#691=DIRECTION('',(0.E0,1.574803149606E-2,-9.998759920630E-1));
#692=AXIS2_PLACEMENT_3D('',#689,#690,#691);
#694=CARTESIAN_POINT('',(2.93352E1,-4.E-3,4.5084E1));
#695=DIRECTION('',(-1.E0,0.E0,0.E0));
#696=DIRECTION('',(0.E0,1.E0,0.E0));
#697=AXIS2_PLACEMENT_3D('',#694,#695,#696);
#699=DIRECTION('',(0.E0,1.E0,0.E0));
#700=VECTOR('',#699,1.669599203449E-1);
#701=CARTESIAN_POINT('',(2.93352E1,-1.186959920345E0,4.384277539658E1));
#702=LINE('',#701,#700);
#703=CARTESIAN_POINT('',(2.93352E1,-7.112E-1,4.45252E1));
#704=DIRECTION('',(-1.E0,0.E0,0.E0));
#705=DIRECTION('',(0.E0,-9.854531165984E-1,1.699475065617E-1));
#706=AXIS2_PLACEMENT_3D('',#703,#704,#705);
#708=DIRECTION('',(0.E0,1.E0,0.E0));
#709=VECTOR('',#708,7.072E-1);
#710=CARTESIAN_POINT('',(2.93352E1,-7.112E-1,4.483E1));
#711=LINE('',#710,#709);
#712=CARTESIAN_POINT('',(2.93352E1,-4.E-3,4.5084E1));
#713=DIRECTION('',(-1.E0,0.E0,0.E0));
#714=DIRECTION('',(0.E0,1.574803149606E-2,-9.998759920630E-1));
#715=AXIS2_PLACEMENT_3D('',#712,#713,#714);
#717=DIRECTION('',(-3.496955153850E-14,0.E0,1.E0));
#718=VECTOR('',#717,5.079724392360E-1);
#719=CARTESIAN_POINT('',(2.93352E1,0.E0,4.483002756076E1));
#720=LINE('',#719,#718);
#721=DIRECTION('',(0.E0,-1.E0,0.E0));
#722=VECTOR('',#721,4.572E-1);
#723=CARTESIAN_POINT('',(2.93352E1,-2.54E-1,4.5084E1));
#724=LINE('',#723,#722);
#725=CARTESIAN_POINT('',(2.93352E1,-7.112E-1,4.45252E1));
#726=DIRECTION('',(1.E0,0.E0,0.E0));
#727=DIRECTION('',(0.E0,0.E0,1.E0));
#728=AXIS2_PLACEMENT_3D('',#725,#726,#727);
#730=DIRECTION('',(0.E0,1.273612968548E-1,-9.918563908467E-1));
#731=VECTOR('',#730,6.162738037266E-1);
#732=CARTESIAN_POINT('',(2.93352E1,-1.265449351205E0,4.445403050732E1));
#733=LINE('',#732,#731);
#734=CARTESIAN_POINT('',(2.89463E1,-1.02E0,4.09942E1));
#735=DIRECTION('',(0.E0,1.E0,0.E0));
#736=DIRECTION('',(0.E0,0.E0,1.E0));
#737=AXIS2_PLACEMENT_3D('',#734,#735,#736);
#739=DIRECTION('',(1.E0,0.E0,0.E0));
#740=VECTOR('',#739,1.5415E0);
#741=CARTESIAN_POINT('',(2.74048E1,-1.02E0,4.38692E1));
#742=LINE('',#741,#740);
#743=DIRECTION('',(0.E0,0.E0,-1.E0));
#744=VECTOR('',#743,7.078E-1);
#745=CARTESIAN_POINT('',(2.74048E1,-1.02E0,4.4577E1));
#746=LINE('',#745,#744);
#747=DIRECTION('',(-1.E0,0.E0,0.E0));
#748=VECTOR('',#747,1.9304E0);
#749=CARTESIAN_POINT('',(2.93352E1,-1.02E0,4.4577E1));
#750=LINE('',#749,#748);
#751=DIRECTION('',(0.E0,0.E0,-1.E0));
#752=VECTOR('',#751,7.342246034202E-1);
#753=CARTESIAN_POINT('',(2.93352E1,-1.02E0,4.4577E1));
#754=LINE('',#753,#752);
#755=DIRECTION('',(0.E0,-1.E0,0.E0));
#756=VECTOR('',#755,1.703530242171E-1);
#757=CARTESIAN_POINT('',(2.74048E1,-1.02E0,4.38692E1));
#758=LINE('',#757,#756);
#759=DIRECTION('',(0.E0,1.273612968548E-1,-9.918563908467E-1));
#760=VECTOR('',#759,5.896322418392E-1);
#761=CARTESIAN_POINT('',(2.74048E1,-1.265449351205E0,4.445403050732E1));
#762=LINE('',#761,#760);
#763=CARTESIAN_POINT('',(2.74048E1,-7.112E-1,4.45252E1));
#764=DIRECTION('',(1.E0,0.E0,0.E0));
#765=DIRECTION('',(0.E0,0.E0,1.E0));
#766=AXIS2_PLACEMENT_3D('',#763,#764,#765);
#768=DIRECTION('',(0.E0,-1.E0,0.E0));
#769=VECTOR('',#768,4.572E-1);
#770=CARTESIAN_POINT('',(2.74048E1,-2.54E-1,4.5084E1));
#771=LINE('',#770,#769);
#772=DIRECTION('',(0.E0,0.E0,-1.E0));
#773=VECTOR('',#772,5.079724392360E-1);
#774=CARTESIAN_POINT('',(2.74048E1,0.E0,4.5338E1));
#775=LINE('',#774,#773);
#776=CARTESIAN_POINT('',(2.74048E1,-4.E-3,4.5084E1));
#777=DIRECTION('',(1.E0,0.E0,0.E0));
#778=DIRECTION('',(0.E0,0.E0,-1.E0));
#779=AXIS2_PLACEMENT_3D('',#776,#777,#778);
#781=DIRECTION('',(0.E0,1.E0,0.E0));
#782=VECTOR('',#781,7.072E-1);
#783=CARTESIAN_POINT('',(2.74048E1,-7.112E-1,4.483E1));
#784=LINE('',#783,#782);
#785=CARTESIAN_POINT('',(2.74048E1,-7.112E-1,4.45252E1));
#786=DIRECTION('',(-1.E0,0.E0,0.E0));
#787=DIRECTION('',(0.E0,-9.854531165984E-1,1.699475065617E-1));
#788=AXIS2_PLACEMENT_3D('',#785,#786,#787);
#790=DIRECTION('',(1.E0,0.E0,0.E0));
#791=VECTOR('',#790,6.096E-1);
#792=CARTESIAN_POINT('',(2.67952E1,-1.190353024217E0,4.38692E1));
#793=LINE('',#792,#791);
#794=DIRECTION('',(1.E0,0.E0,0.E0));
#795=VECTOR('',#794,6.096E-1);
#796=CARTESIAN_POINT('',(2.67952E1,-1.265449351205E0,4.445403050732E1));
#797=LINE('',#796,#795);
#798=DIRECTION('',(0.E0,-1.E0,0.E0));
#799=VECTOR('',#798,1.703530242171E-1);
#800=CARTESIAN_POINT('',(2.67952E1,-1.02E0,4.38692E1));
#801=LINE('',#800,#799);
#802=CARTESIAN_POINT('',(2.67952E1,-7.112E-1,4.45252E1));
#803=DIRECTION('',(-1.E0,0.E0,0.E0));
#804=DIRECTION('',(0.E0,-9.854531165984E-1,1.699475065617E-1));
#805=AXIS2_PLACEMENT_3D('',#802,#803,#804);
#807=DIRECTION('',(0.E0,1.E0,0.E0));
#808=VECTOR('',#807,7.072E-1);
#809=CARTESIAN_POINT('',(2.67952E1,-7.112E-1,4.483E1));
#810=LINE('',#809,#808);
#811=CARTESIAN_POINT('',(2.67952E1,-4.E-3,4.5084E1));
#812=DIRECTION('',(-1.E0,0.E0,0.E0));
#813=DIRECTION('',(0.E0,1.574803149606E-2,-9.998759920630E-1));
#814=AXIS2_PLACEMENT_3D('',#811,#812,#813);
#816=DIRECTION('',(0.E0,0.E0,1.E0));
#817=VECTOR('',#816,5.079724392360E-1);
#818=CARTESIAN_POINT('',(2.67952E1,0.E0,4.483002756076E1));
#819=LINE('',#818,#817);
#820=DIRECTION('',(0.E0,-1.E0,0.E0));
#821=VECTOR('',#820,4.572E-1);
#822=CARTESIAN_POINT('',(2.67952E1,-2.54E-1,4.5084E1));
#823=LINE('',#822,#821);
#824=CARTESIAN_POINT('',(2.67952E1,-7.112E-1,4.45252E1));
#825=DIRECTION('',(1.E0,0.E0,0.E0));
#826=DIRECTION('',(0.E0,0.E0,1.E0));
#827=AXIS2_PLACEMENT_3D('',#824,#825,#826);
#829=DIRECTION('',(0.E0,1.273612968548E-1,-9.918563908467E-1));
#830=VECTOR('',#829,5.896322418392E-1);
#831=CARTESIAN_POINT('',(2.67952E1,-1.265449351205E0,4.445403050732E1));
#832=LINE('',#831,#830);
#833=DIRECTION('',(1.E0,0.E0,0.E0));
#834=VECTOR('',#833,1.9304E0);
#835=CARTESIAN_POINT('',(2.48648E1,-1.02E0,4.38692E1));
#836=LINE('',#835,#834);
#837=DIRECTION('',(0.E0,0.E0,-1.E0));
#838=VECTOR('',#837,7.078E-1);
#839=CARTESIAN_POINT('',(2.48648E1,-1.02E0,4.4577E1));
#840=LINE('',#839,#838);
#841=DIRECTION('',(-1.E0,0.E0,0.E0));
#842=VECTOR('',#841,1.9304E0);
#843=CARTESIAN_POINT('',(2.67952E1,-1.02E0,4.4577E1));
#844=LINE('',#843,#842);
#845=DIRECTION('',(0.E0,0.E0,-1.E0));
#846=VECTOR('',#845,7.078E-1);
#847=CARTESIAN_POINT('',(2.67952E1,-1.02E0,4.4577E1));
#848=LINE('',#847,#846);
#849=DIRECTION('',(0.E0,-1.E0,0.E0));
#850=VECTOR('',#849,1.703530242171E-1);
#851=CARTESIAN_POINT('',(2.48648E1,-1.02E0,4.38692E1));
#852=LINE('',#851,#850);
#853=DIRECTION('',(0.E0,1.273612968548E-1,-9.918563908467E-1));
#854=VECTOR('',#853,5.896322418392E-1);
#855=CARTESIAN_POINT('',(2.48648E1,-1.265449351205E0,4.445403050732E1));
#856=LINE('',#855,#854);
#857=CARTESIAN_POINT('',(2.48648E1,-7.112E-1,4.45252E1));
#858=DIRECTION('',(1.E0,0.E0,0.E0));
#859=DIRECTION('',(0.E0,0.E0,1.E0));
#860=AXIS2_PLACEMENT_3D('',#857,#858,#859);
#862=DIRECTION('',(-1.554117969729E-14,-1.E0,0.E0));
#863=VECTOR('',#862,4.572E-1);
#864=CARTESIAN_POINT('',(2.48648E1,-2.54E-1,4.5084E1));
#865=LINE('',#864,#863);
#866=DIRECTION('',(0.E0,0.E0,-1.E0));
#867=VECTOR('',#866,5.079724392360E-1);
#868=CARTESIAN_POINT('',(2.48648E1,0.E0,4.5338E1));
#869=LINE('',#868,#867);
#870=CARTESIAN_POINT('',(2.48648E1,-4.E-3,4.5084E1));
#871=DIRECTION('',(1.E0,0.E0,0.E0));
#872=DIRECTION('',(0.E0,0.E0,-1.E0));
#873=AXIS2_PLACEMENT_3D('',#870,#871,#872);
#875=DIRECTION('',(1.004726719118E-14,1.E0,0.E0));
#876=VECTOR('',#875,7.072E-1);
#877=CARTESIAN_POINT('',(2.48648E1,-7.112E-1,4.483E1));
#878=LINE('',#877,#876);
#879=CARTESIAN_POINT('',(2.48648E1,-7.112E-1,4.45252E1));
#880=DIRECTION('',(-1.E0,0.E0,0.E0));
#881=DIRECTION('',(0.E0,-9.854531165984E-1,1.699475065617E-1));
#882=AXIS2_PLACEMENT_3D('',#879,#880,#881);
#884=CARTESIAN_POINT('',(2.48648E1,-4.E-3,4.5084E1));
#885=DIRECTION('',(1.E0,0.E0,0.E0));
#886=DIRECTION('',(0.E0,1.574803149606E-2,-9.998759920630E-1));
#887=AXIS2_PLACEMENT_3D('',#884,#885,#886);
#889=CARTESIAN_POINT('',(2.42552E1,-4.E-3,4.5084E1));
#890=DIRECTION('',(-1.E0,0.E0,0.E0));
#891=DIRECTION('',(0.E0,1.E0,0.E0));
#892=AXIS2_PLACEMENT_3D('',#889,#890,#891);
#894=DIRECTION('',(0.E0,1.E0,0.E0));
#895=VECTOR('',#894,2.5E-1);
#896=CARTESIAN_POINT('',(2.48648E1,0.E0,4.38692E1));
#897=LINE('',#896,#895);
#898=DIRECTION('',(0.E0,0.E0,1.E0));
#899=VECTOR('',#898,1.2148E0);
#900=CARTESIAN_POINT('',(2.48648E1,2.5E-1,4.38692E1));
#901=LINE('',#900,#899);
#902=DIRECTION('',(1.E0,0.E0,0.E0));
#903=VECTOR('',#902,3.302E-1);
#904=CARTESIAN_POINT('',(2.3925E1,2.5E-1,4.38692E1));
#905=LINE('',#904,#903);
#906=DIRECTION('',(-1.E0,0.E0,0.E0));
#907=VECTOR('',#906,6.096E-1);
#908=CARTESIAN_POINT('',(2.48648E1,2.5E-1,4.5084E1));
#909=LINE('',#908,#907);
#910=DIRECTION('',(1.E0,0.E0,0.E0));
#911=VECTOR('',#910,3.302E-1);
#912=CARTESIAN_POINT('',(2.48648E1,2.5E-1,4.38692E1));
#913=LINE('',#912,#911);
#914=DIRECTION('',(0.E0,0.E0,-1.E0));
#915=VECTOR('',#914,1.5958E0);
#916=CARTESIAN_POINT('',(2.5195E1,2.5E-1,4.5465E1));
#917=LINE('',#916,#915);
#918=DIRECTION('',(7.071067811865E-1,0.E0,-7.071067811866E-1));
#919=VECTOR('',#918,5.374011537018E-1);
#920=CARTESIAN_POINT('',(2.4815E1,2.5E-1,4.5845E1));
#921=LINE('',#920,#919);
#922=DIRECTION('',(0.E0,0.E0,-1.E0));
#923=VECTOR('',#922,1.3932E1);
#924=CARTESIAN_POINT('',(2.4815E1,2.5E-1,5.9777E1));
#925=LINE('',#924,#923);
#926=DIRECTION('',(1.E0,0.E0,0.E0));
#927=VECTOR('',#926,5.1E-1);
#928=CARTESIAN_POINT('',(2.4305E1,2.5E-1,5.9777E1));
#929=LINE('',#928,#927);
#930=DIRECTION('',(0.E0,0.E0,1.E0));
#931=VECTOR('',#930,1.3932E1);
#932=CARTESIAN_POINT('',(2.4305E1,2.5E-1,4.5845E1));
#933=LINE('',#932,#931);
#934=DIRECTION('',(7.071067811865E-1,0.E0,7.071067811866E-1));
#935=VECTOR('',#934,5.374011537018E-1);
#936=CARTESIAN_POINT('',(2.3925E1,2.5E-1,4.5465E1));
#937=LINE('',#936,#935);
#938=DIRECTION('',(0.E0,0.E0,1.E0));
#939=VECTOR('',#938,1.5958E0);
#940=CARTESIAN_POINT('',(2.3925E1,2.5E-1,4.38692E1));
#941=LINE('',#940,#939);
#942=DIRECTION('',(0.E0,1.E0,0.E0));
#943=VECTOR('',#942,2.5E-1);
#944=CARTESIAN_POINT('',(2.42552E1,0.E0,4.38692E1));
#945=LINE('',#944,#943);
#946=DIRECTION('',(0.E0,0.E0,-1.E0));
#947=VECTOR('',#946,1.2148E0);
#948=CARTESIAN_POINT('',(2.42552E1,2.5E-1,4.5084E1));
#949=LINE('',#948,#947);
#950=DIRECTION('',(1.E0,0.E0,0.E0));
#951=VECTOR('',#950,6.096E-1);
#952=CARTESIAN_POINT('',(2.42552E1,0.E0,4.38692E1));
#953=LINE('',#952,#951);
#954=DIRECTION('',(0.E0,0.E0,-1.E0));
#955=VECTOR('',#954,7.078E-1);
#956=CARTESIAN_POINT('',(2.48648E1,0.E0,4.4577E1));
#957=LINE('',#956,#955);
#958=DIRECTION('',(-1.E0,0.E0,0.E0));
#959=VECTOR('',#958,6.096E-1);
#960=CARTESIAN_POINT('',(2.48648E1,0.E0,4.4577E1));
#961=LINE('',#960,#959);
#962=DIRECTION('',(0.E0,0.E0,-1.E0));
#963=VECTOR('',#962,7.078E-1);
#964=CARTESIAN_POINT('',(2.42552E1,0.E0,4.4577E1));
#965=LINE('',#964,#963);
#966=DIRECTION('',(0.E0,1.E0,0.E0));
#967=VECTOR('',#966,2.5E-1);
#968=CARTESIAN_POINT('',(2.5195E1,0.E0,4.38692E1));
#969=LINE('',#968,#967);
#970=DIRECTION('',(0.E0,1.E0,0.E0));
#971=VECTOR('',#970,2.5E-1);
#972=CARTESIAN_POINT('',(2.5195E1,0.E0,4.5465E1));
#973=LINE('',#972,#971);
#974=DIRECTION('',(1.E0,0.E0,0.E0));
#975=VECTOR('',#974,1.27E0);
#976=CARTESIAN_POINT('',(2.5195E1,0.E0,4.38692E1));
#977=LINE('',#976,#975);
#978=DIRECTION('',(0.E0,0.E0,-1.E0));
#979=VECTOR('',#978,7.078E-1);
#980=CARTESIAN_POINT('',(2.6465E1,0.E0,4.4577E1));
#981=LINE('',#980,#979);
#982=DIRECTION('',(-1.E0,0.E0,0.E0));
#983=VECTOR('',#982,1.27E0);
#984=CARTESIAN_POINT('',(2.6465E1,0.E0,4.4577E1));
#985=LINE('',#984,#983);
#986=DIRECTION('',(0.E0,0.E0,-1.E0));
#987=VECTOR('',#986,7.078E-1);
#988=CARTESIAN_POINT('',(2.5195E1,0.E0,4.4577E1));
#989=LINE('',#988,#987);
#990=DIRECTION('',(0.E0,1.E0,0.E0));
#991=VECTOR('',#990,2.5E-1);
#992=CARTESIAN_POINT('',(2.6465E1,0.E0,4.38692E1));
#993=LINE('',#992,#991);
#994=DIRECTION('',(1.E0,0.E0,0.E0));
#995=VECTOR('',#994,3.302E-1);
#996=CARTESIAN_POINT('',(2.6465E1,2.5E-1,4.38692E1));
#997=LINE('',#996,#995);
#998=DIRECTION('',(-1.E0,0.E0,0.E0));
#999=VECTOR('',#998,6.096E-1);
#1000=CARTESIAN_POINT('',(2.74048E1,2.5E-1,4.5084E1));
#1001=LINE('',#1000,#999);
#1002=DIRECTION('',(1.E0,0.E0,0.E0));
#1003=VECTOR('',#1002,3.302E-1);
#1004=CARTESIAN_POINT('',(2.74048E1,2.5E-1,4.38692E1));
#1005=LINE('',#1004,#1003);
#1006=DIRECTION('',(0.E0,0.E0,-1.E0));
#1007=VECTOR('',#1006,1.5958E0);
#1008=CARTESIAN_POINT('',(2.7735E1,2.5E-1,4.5465E1));
#1009=LINE('',#1008,#1007);
#1010=DIRECTION('',(7.071067811865E-1,0.E0,-7.071067811866E-1));
#1011=VECTOR('',#1010,5.374011537017E-1);
#1012=CARTESIAN_POINT('',(2.7355E1,2.5E-1,4.5845E1));
#1013=LINE('',#1012,#1011);
#1014=DIRECTION('',(0.E0,0.E0,-1.E0));
#1015=VECTOR('',#1014,1.3932E1);
#1016=CARTESIAN_POINT('',(2.7355E1,2.5E-1,5.9777E1));
#1017=LINE('',#1016,#1015);
#1018=DIRECTION('',(1.E0,0.E0,0.E0));
#1019=VECTOR('',#1018,5.100000000001E-1);
#1020=CARTESIAN_POINT('',(2.6845E1,2.5E-1,5.9777E1));
#1021=LINE('',#1020,#1019);
#1022=DIRECTION('',(0.E0,0.E0,1.E0));
#1023=VECTOR('',#1022,1.3932E1);
#1024=CARTESIAN_POINT('',(2.6845E1,2.5E-1,4.5845E1));
#1025=LINE('',#1024,#1023);
#1026=DIRECTION('',(7.071067811865E-1,0.E0,7.071067811866E-1));
#1027=VECTOR('',#1026,5.374011537017E-1);
#1028=CARTESIAN_POINT('',(2.6465E1,2.5E-1,4.5465E1));
#1029=LINE('',#1028,#1027);
#1030=DIRECTION('',(0.E0,0.E0,1.E0));
#1031=VECTOR('',#1030,1.5958E0);
#1032=CARTESIAN_POINT('',(2.6465E1,2.5E-1,4.38692E1));
#1033=LINE('',#1032,#1031);
#1034=DIRECTION('',(0.E0,1.E0,0.E0));
#1035=VECTOR('',#1034,2.5E-1);
#1036=CARTESIAN_POINT('',(2.67952E1,0.E0,4.38692E1));
#1037=LINE('',#1036,#1035);
#1038=DIRECTION('',(0.E0,0.E0,-1.E0));
#1039=VECTOR('',#1038,1.2148E0);
#1040=CARTESIAN_POINT('',(2.67952E1,2.5E-1,4.5084E1));
#1041=LINE('',#1040,#1039);
#1042=DIRECTION('',(1.E0,0.E0,0.E0));
#1043=VECTOR('',#1042,6.096E-1);
#1044=CARTESIAN_POINT('',(2.67952E1,0.E0,4.38692E1));
#1045=LINE('',#1044,#1043);
#1046=DIRECTION('',(0.E0,0.E0,-1.E0));
#1047=VECTOR('',#1046,7.078E-1);
#1048=CARTESIAN_POINT('',(2.74048E1,0.E0,4.4577E1));
#1049=LINE('',#1048,#1047);
#1050=DIRECTION('',(-1.E0,0.E0,0.E0));
#1051=VECTOR('',#1050,6.096E-1);
#1052=CARTESIAN_POINT('',(2.74048E1,0.E0,4.4577E1));
#1053=LINE('',#1052,#1051);
#1054=DIRECTION('',(0.E0,0.E0,-1.E0));
#1055=VECTOR('',#1054,7.078E-1);
#1056=CARTESIAN_POINT('',(2.67952E1,0.E0,4.4577E1));
#1057=LINE('',#1056,#1055);
#1058=DIRECTION('',(0.E0,1.E0,0.E0));
#1059=VECTOR('',#1058,2.5E-1);
#1060=CARTESIAN_POINT('',(2.74048E1,0.E0,4.38692E1));
#1061=LINE('',#1060,#1059);
#1062=DIRECTION('',(0.E0,0.E0,1.E0));
#1063=VECTOR('',#1062,1.2148E0);
#1064=CARTESIAN_POINT('',(2.74048E1,2.5E-1,4.38692E1));
#1065=LINE('',#1064,#1063);
#1066=CARTESIAN_POINT('',(2.74048E1,-4.E-3,4.5084E1));
#1067=DIRECTION('',(1.E0,0.E0,0.E0));
#1068=DIRECTION('',(0.E0,1.574803149606E-2,-9.998759920630E-1));
#1069=AXIS2_PLACEMENT_3D('',#1066,#1067,#1068);
#1071=CARTESIAN_POINT('',(2.67952E1,-4.E-3,4.5084E1));
#1072=DIRECTION('',(-1.E0,0.E0,0.E0));
#1073=DIRECTION('',(0.E0,1.E0,0.E0));
#1074=AXIS2_PLACEMENT_3D('',#1071,#1072,#1073);
#1076=DIRECTION('',(-1.E0,0.E0,0.E0));
#1077=VECTOR('',#1076,6.096E-1);
#1078=CARTESIAN_POINT('',(2.74048E1,-4.E-3,4.483E1));
#1079=LINE('',#1078,#1077);
#1080=DIRECTION('',(1.E0,0.E0,0.E0));
#1081=VECTOR('',#1080,6.096E-1);
#1082=CARTESIAN_POINT('',(2.67952E1,-7.112E-1,4.483E1));
#1083=LINE('',#1082,#1081);
#1084=DIRECTION('',(0.E0,0.E0,1.E0));
#1085=VECTOR('',#1084,8.88E-1);
#1086=CARTESIAN_POINT('',(2.6465E1,0.E0,4.4577E1));
#1087=LINE('',#1086,#1085);
#1088=DIRECTION('',(7.071067811865E-1,0.E0,7.071067811866E-1));
#1089=VECTOR('',#1088,5.374011537017E-1);
#1090=CARTESIAN_POINT('',(2.6465E1,0.E0,4.5465E1));
#1091=LINE('',#1090,#1089);
#1092=DIRECTION('',(0.E0,0.E0,1.E0));
#1093=VECTOR('',#1092,1.3932E1);
#1094=CARTESIAN_POINT('',(2.6845E1,0.E0,4.5845E1));
#1095=LINE('',#1094,#1093);
#1096=DIRECTION('',(1.E0,0.E0,0.E0));
#1097=VECTOR('',#1096,5.100000000001E-1);
#1098=CARTESIAN_POINT('',(2.6845E1,0.E0,5.9777E1));
#1099=LINE('',#1098,#1097);
#1100=DIRECTION('',(0.E0,0.E0,-1.E0));
#1101=VECTOR('',#1100,1.3932E1);
#1102=CARTESIAN_POINT('',(2.7355E1,0.E0,5.9777E1));
#1103=LINE('',#1102,#1101);
#1104=DIRECTION('',(7.071067811865E-1,0.E0,-7.071067811866E-1));
#1105=VECTOR('',#1104,5.374011537017E-1);
#1106=CARTESIAN_POINT('',(2.7355E1,0.E0,4.5845E1));
#1107=LINE('',#1106,#1105);
#1108=DIRECTION('',(0.E0,0.E0,-1.E0));
#1109=VECTOR('',#1108,8.88E-1);
#1110=CARTESIAN_POINT('',(2.7735E1,0.E0,4.5465E1));
#1111=LINE('',#1110,#1109);
#1112=DIRECTION('',(0.E0,0.E0,1.E0));
#1113=VECTOR('',#1112,2.530275607640E-1);
#1114=CARTESIAN_POINT('',(2.74048E1,0.E0,4.4577E1));
#1115=LINE('',#1114,#1113);
#1116=DIRECTION('',(-1.E0,0.E0,0.E0));
#1117=VECTOR('',#1116,6.096E-1);
#1118=CARTESIAN_POINT('',(2.74048E1,0.E0,4.5338E1));
#1119=LINE('',#1118,#1117);
#1120=DIRECTION('',(0.E0,0.E0,1.E0));
#1121=VECTOR('',#1120,2.530275607640E-1);
#1122=CARTESIAN_POINT('',(2.67952E1,0.E0,4.4577E1));
#1123=LINE('',#1122,#1121);
#1124=DIRECTION('',(0.E0,1.E0,0.E0));
#1125=VECTOR('',#1124,2.5E-1);
#1126=CARTESIAN_POINT('',(2.6465E1,0.E0,4.5465E1));
#1127=LINE('',#1126,#1125);
#1128=DIRECTION('',(0.E0,1.E0,0.E0));
#1129=VECTOR('',#1128,2.5E-1);
#1130=CARTESIAN_POINT('',(2.6845E1,0.E0,5.9777E1));
#1131=LINE('',#1130,#1129);
#1132=DIRECTION('',(0.E0,1.E0,0.E0));
#1133=VECTOR('',#1132,2.5E-1);
#1134=CARTESIAN_POINT('',(2.6845E1,0.E0,4.5845E1));
#1135=LINE('',#1134,#1133);
#1136=DIRECTION('',(0.E0,1.E0,0.E0));
#1137=VECTOR('',#1136,2.5E-1);
#1138=CARTESIAN_POINT('',(2.7355E1,0.E0,5.9777E1));
#1139=LINE('',#1138,#1137);
#1140=DIRECTION('',(0.E0,1.E0,0.E0));
#1141=VECTOR('',#1140,2.5E-1);
#1142=CARTESIAN_POINT('',(2.7355E1,0.E0,4.5845E1));
#1143=LINE('',#1142,#1141);
#1144=DIRECTION('',(0.E0,1.E0,0.E0));
#1145=VECTOR('',#1144,2.5E-1);
#1146=CARTESIAN_POINT('',(2.7735E1,0.E0,4.38692E1));
#1147=LINE('',#1146,#1145);
#1148=DIRECTION('',(-1.421085471520E-14,1.E0,-2.842170943040E-14));
#1149=VECTOR('',#1148,2.5E-1);
#1150=CARTESIAN_POINT('',(2.7735E1,0.E0,4.5465E1));
#1151=LINE('',#1150,#1149);
#1152=CARTESIAN_POINT('',(2.74048E1,-2.54E-1,4.5338E1));
#1153=DIRECTION('',(-1.E0,0.E0,0.E0));
#1154=DIRECTION('',(0.E0,1.E0,0.E0));
#1155=AXIS2_PLACEMENT_3D('',#1152,#1153,#1154);
#1157=CARTESIAN_POINT('',(2.67952E1,-2.54E-1,4.5338E1));
#1158=DIRECTION('',(1.E0,0.E0,0.E0));
#1159=DIRECTION('',(0.E0,0.E0,-1.E0));
#1160=AXIS2_PLACEMENT_3D('',#1157,#1158,#1159);
#1162=DIRECTION('',(-1.E0,0.E0,0.E0));
#1163=VECTOR('',#1162,6.096E-1);
#1164=CARTESIAN_POINT('',(2.74048E1,-2.54E-1,4.5084E1));
#1165=LINE('',#1164,#1163);
#1166=DIRECTION('',(1.E0,0.E0,0.E0));
#1167=VECTOR('',#1166,6.096E-1);
#1168=CARTESIAN_POINT('',(2.67952E1,-7.112E-1,4.5084E1));
#1169=LINE('',#1168,#1167);
#1170=DIRECTION('',(0.E0,1.E0,0.E0));
#1171=VECTOR('',#1170,2.5E-1);
#1172=CARTESIAN_POINT('',(2.4815E1,0.E0,4.5845E1));
#1173=LINE('',#1172,#1171);
#1174=DIRECTION('',(0.E0,1.E0,0.E0));
#1175=VECTOR('',#1174,2.5E-1);
#1176=CARTESIAN_POINT('',(2.4815E1,0.E0,5.9777E1));
#1177=LINE('',#1176,#1175);
#1178=DIRECTION('',(0.E0,1.E0,0.E0));
#1179=VECTOR('',#1178,2.5E-1);
#1180=CARTESIAN_POINT('',(2.4305E1,0.E0,5.9777E1));
#1181=LINE('',#1180,#1179);
#1182=DIRECTION('',(0.E0,1.E0,0.E0));
#1183=VECTOR('',#1182,2.5E-1);
#1184=CARTESIAN_POINT('',(2.4305E1,0.E0,4.5845E1));
#1185=LINE('',#1184,#1183);
#1186=DIRECTION('',(0.E0,1.E0,0.E0));
#1187=VECTOR('',#1186,2.5E-1);
#1188=CARTESIAN_POINT('',(2.3925E1,0.E0,4.5465E1));
#1189=LINE('',#1188,#1187);
#1190=DIRECTION('',(1.E0,0.E0,0.E0));
#1191=VECTOR('',#1190,6.096E-1);
#1192=CARTESIAN_POINT('',(2.42552E1,-7.112E-1,4.483E1));
#1193=LINE('',#1192,#1191);
#1194=DIRECTION('',(-1.E0,0.E0,0.E0));
#1195=VECTOR('',#1194,6.096E-1);
#1196=CARTESIAN_POINT('',(2.48648E1,-4.E-3,4.483E1));
#1197=LINE('',#1196,#1195);
#1198=DIRECTION('',(0.E0,1.E0,0.E0));
#1199=VECTOR('',#1198,1.480412935994E-1);
#1200=CARTESIAN_POINT('',(2.99448E1,-1.168041293599E0,4.369023834357E1));
#1201=LINE('',#1200,#1199);
#1202=CARTESIAN_POINT('',(2.99448E1,-1.295E0,4.3687E1));
#1203=DIRECTION('',(-1.E0,0.E0,0.E0));
#1204=DIRECTION('',(0.E0,9.918563908467E-1,1.273612968548E-1));
#1205=AXIS2_PLACEMENT_3D('',#1202,#1203,#1204);
#1207=DIRECTION('',(0.E0,1.273612968548E-1,-9.918563908467E-1));
#1208=VECTOR('',#1207,7.570205017039E-1);
#1209=CARTESIAN_POINT('',(2.99448E1,-1.265449351205E0,4.445403050732E1));
#1210=LINE('',#1209,#1208);
#1211=CARTESIAN_POINT('',(2.99448E1,-7.112E-1,4.45252E1));
#1212=DIRECTION('',(1.E0,0.E0,0.E0));
#1213=DIRECTION('',(0.E0,0.E0,1.E0));
#1214=AXIS2_PLACEMENT_3D('',#1211,#1212,#1213);
#1216=DIRECTION('',(0.E0,-1.E0,0.E0));
#1217=VECTOR('',#1216,4.572E-1);
#1218=CARTESIAN_POINT('',(2.99448E1,-2.54E-1,4.5084E1));
#1219=LINE('',#1218,#1217);
#1220=DIRECTION('',(3.496955153850E-14,0.E0,-1.E0));
#1221=VECTOR('',#1220,5.079724392360E-1);
#1222=CARTESIAN_POINT('',(2.99448E1,0.E0,4.5338E1));
#1223=LINE('',#1222,#1221);
#1224=CARTESIAN_POINT('',(2.99448E1,-4.E-3,4.5084E1));
#1225=DIRECTION('',(1.E0,0.E0,0.E0));
#1226=DIRECTION('',(0.E0,0.E0,-1.E0));
#1227=AXIS2_PLACEMENT_3D('',#1224,#1225,#1226);
#1229=DIRECTION('',(0.E0,1.E0,0.E0));
#1230=VECTOR('',#1229,7.072E-1);
#1231=CARTESIAN_POINT('',(2.99448E1,-7.112E-1,4.483E1));
#1232=LINE('',#1231,#1230);
#1233=CARTESIAN_POINT('',(2.99448E1,-7.112E-1,4.45252E1));
#1234=DIRECTION('',(-1.E0,0.E0,0.E0));
#1235=DIRECTION('',(0.E0,-9.854531165984E-1,1.699475065617E-1));
#1236=AXIS2_PLACEMENT_3D('',#1233,#1234,#1235);
#1238=CARTESIAN_POINT('',(2.99448E1,-1.168041293599E0,4.369023834357E1));
#1239=CARTESIAN_POINT('',(2.993897210246E1,-1.168096348293E0,4.369239675341E1));
#1240=CARTESIAN_POINT('',(2.992720177964E1,-1.168316572701E0,4.369671301078E1));
#1241=CARTESIAN_POINT('',(2.991520467136E1,-1.168757904122E0,4.370102286608E1));
#1242=CARTESIAN_POINT('',(2.990914997485E1,-1.169034238362E0,4.370317488470E1));
#1244=DIRECTION('',(1.E0,-2.179959520066E-13,2.391727016301E-12));
#1245=VECTOR('',#1244,3.565002515341E-2);
#1246=CARTESIAN_POINT('',(2.990914997485E1,-1.169034238362E0,4.370317488470E1));
#1247=LINE('',#1246,#1245);
#1248=CARTESIAN_POINT('',(2.93352E1,-1.186959920345E0,4.384277539658E1));
#1249=CARTESIAN_POINT('',(2.953139818528E1,-1.183520431645E0,4.381598956028E1));
#1250=CARTESIAN_POINT('',(2.972271107163E1,-1.177543244968E0,4.376944079742E1));
#1251=CARTESIAN_POINT('',(2.990914997485E1,-1.169034238362E0,4.370317488470E1));
#1253=DIRECTION('',(1.E0,0.E0,0.E0));
#1254=VECTOR('',#1253,6.096E-1);
#1255=CARTESIAN_POINT('',(2.93352E1,-1.265449351205E0,4.445403050732E1));
#1256=LINE('',#1255,#1254);
#1257=DIRECTION('',(1.E0,0.E0,0.E0));
#1258=VECTOR('',#1257,6.096E-1);
#1259=CARTESIAN_POINT('',(2.93352E1,-7.112E-1,4.5084E1));
#1260=LINE('',#1259,#1258);
#1261=DIRECTION('',(-1.E0,0.E0,0.E0));
#1262=VECTOR('',#1261,6.096E-1);
#1263=CARTESIAN_POINT('',(2.99448E1,-2.54E-1,4.5084E1));
#1264=LINE('',#1263,#1262);
#1265=CARTESIAN_POINT('',(2.99448E1,-2.54E-1,4.5338E1));
#1266=DIRECTION('',(-1.E0,0.E0,0.E0));
#1267=DIRECTION('',(0.E0,1.E0,0.E0));
#1268=AXIS2_PLACEMENT_3D('',#1265,#1266,#1267);
#1270=CARTESIAN_POINT('',(2.93352E1,-2.54E-1,4.5338E1));
#1271=DIRECTION('',(1.E0,0.E0,0.E0));
#1272=DIRECTION('',(0.E0,0.E0,-1.E0));
#1273=AXIS2_PLACEMENT_3D('',#1270,#1271,#1272);
#1275=DIRECTION('',(0.E0,0.E0,1.E0));
#1276=VECTOR('',#1275,8.88E-1);
#1277=CARTESIAN_POINT('',(2.9005E1,0.E0,4.4577E1));
#1278=LINE('',#1277,#1276);
#1279=DIRECTION('',(7.071067811865E-1,0.E0,7.071067811866E-1));
#1280=VECTOR('',#1279,5.374011537017E-1);
#1281=CARTESIAN_POINT('',(2.9005E1,0.E0,4.5465E1));
#1282=LINE('',#1281,#1280);
#1283=DIRECTION('',(1.810527355691E-14,0.E0,1.E0));
#1284=VECTOR('',#1283,1.3932E1);
#1285=CARTESIAN_POINT('',(2.9385E1,0.E0,4.5845E1));
#1286=LINE('',#1285,#1284);
#1287=DIRECTION('',(1.E0,0.E0,0.E0));
#1288=VECTOR('',#1287,5.099999999996E-1);
#1289=CARTESIAN_POINT('',(2.9385E1,0.E0,5.9777E1));
#1290=LINE('',#1289,#1288);
#1291=DIRECTION('',(1.810527355691E-14,0.E0,-1.E0));
#1292=VECTOR('',#1291,1.3932E1);
#1293=CARTESIAN_POINT('',(2.9895E1,0.E0,5.9777E1));
#1294=LINE('',#1293,#1292);
#1295=DIRECTION('',(7.071067811865E-1,0.E0,-7.071067811866E-1));
#1296=VECTOR('',#1295,5.374011537017E-1);
#1297=CARTESIAN_POINT('',(2.9895E1,0.E0,4.5845E1));
#1298=LINE('',#1297,#1296);
#1299=DIRECTION('',(0.E0,0.E0,-1.E0));
#1300=VECTOR('',#1299,8.88E-1);
#1301=CARTESIAN_POINT('',(3.0275E1,0.E0,4.5465E1));
#1302=LINE('',#1301,#1300);
#1303=DIRECTION('',(-2.808163401705E-14,0.E0,1.E0));
#1304=VECTOR('',#1303,2.530275607640E-1);
#1305=CARTESIAN_POINT('',(2.99448E1,0.E0,4.4577E1));
#1306=LINE('',#1305,#1304);
#1307=DIRECTION('',(-1.E0,0.E0,0.E0));
#1308=VECTOR('',#1307,6.096E-1);
#1309=CARTESIAN_POINT('',(2.99448E1,0.E0,4.5338E1));
#1310=LINE('',#1309,#1308);
#1311=DIRECTION('',(-2.808163401705E-14,0.E0,1.E0));
#1312=VECTOR('',#1311,2.530275607640E-1);
#1313=CARTESIAN_POINT('',(2.93352E1,0.E0,4.4577E1));
#1314=LINE('',#1313,#1312);
#1315=DIRECTION('',(0.E0,1.E0,0.E0));
#1316=VECTOR('',#1315,2.5E-1);
#1317=CARTESIAN_POINT('',(2.9005E1,0.E0,4.5465E1));
#1318=LINE('',#1317,#1316);
#1319=DIRECTION('',(0.E0,1.E0,0.E0));
#1320=VECTOR('',#1319,2.5E-1);
#1321=CARTESIAN_POINT('',(2.9385E1,0.E0,5.9777E1));
#1322=LINE('',#1321,#1320);
#1323=DIRECTION('',(0.E0,1.E0,0.E0));
#1324=VECTOR('',#1323,2.5E-1);
#1325=CARTESIAN_POINT('',(2.9385E1,0.E0,4.5845E1));
#1326=LINE('',#1325,#1324);
#1327=DIRECTION('',(-1.421085471520E-14,1.E0,0.E0));
#1328=VECTOR('',#1327,2.5E-1);
#1329=CARTESIAN_POINT('',(2.9895E1,0.E0,5.9777E1));
#1330=LINE('',#1329,#1328);
#1331=DIRECTION('',(0.E0,1.E0,0.E0));
#1332=VECTOR('',#1331,2.5E-1);
#1333=CARTESIAN_POINT('',(2.9895E1,0.E0,4.5845E1));
#1334=LINE('',#1333,#1332);
#1335=DIRECTION('',(0.E0,1.E0,0.E0));
#1336=VECTOR('',#1335,2.5E-1);
#1337=CARTESIAN_POINT('',(3.0275E1,0.E0,4.354374531436E1));
#1338=LINE('',#1337,#1336);
#1339=DIRECTION('',(0.E0,1.E0,-2.842170943040E-14));
#1340=VECTOR('',#1339,2.5E-1);
#1341=CARTESIAN_POINT('',(3.0275E1,0.E0,4.5465E1));
#1342=LINE('',#1341,#1340);
#1343=CARTESIAN_POINT('',(2.89463E1,0.E0,4.09942E1));
#1344=DIRECTION('',(0.E0,1.E0,0.E0));
#1345=DIRECTION('',(4.621565217391E-1,0.E0,8.867983702139E-1));
#1346=AXIS2_PLACEMENT_3D('',#1343,#1344,#1345);
#1348=DIRECTION('',(0.E0,0.E0,1.E0));
#1349=VECTOR('',#1348,1.372473610075E0);
#1350=CARTESIAN_POINT('',(3.07848E1,0.E0,4.320452638993E1));
#1351=LINE('',#1350,#1349);
#1352=DIRECTION('',(-1.E0,0.E0,0.E0));
#1353=VECTOR('',#1352,5.098E-1);
#1354=CARTESIAN_POINT('',(3.07848E1,0.E0,4.4577E1));
#1355=LINE('',#1354,#1353);
#1356=DIRECTION('',(0.E0,0.E0,-1.E0));
#1357=VECTOR('',#1356,1.033254685635E0);
#1358=CARTESIAN_POINT('',(3.0275E1,0.E0,4.4577E1));
#1359=LINE('',#1358,#1357);
#1360=DIRECTION('',(0.E0,1.E0,0.E0));
#1361=VECTOR('',#1360,1.02E0);
#1362=CARTESIAN_POINT('',(3.07848E1,-1.02E0,4.320452638993E1));
#1363=LINE('',#1362,#1361);
#1364=CARTESIAN_POINT('',(2.89463E1,-1.02E0,4.09942E1));
#1365=DIRECTION('',(0.E0,1.E0,0.E0));
#1366=DIRECTION('',(3.473043478261E-1,0.E0,9.377524673287E-1));
#1367=AXIS2_PLACEMENT_3D('',#1364,#1365,#1366);
#1369=DIRECTION('',(0.E0,0.E0,-1.E0));
#1370=VECTOR('',#1369,8.867616564299E-1);
#1371=CARTESIAN_POINT('',(2.99448E1,-1.02E0,4.4577E1));
#1372=LINE('',#1371,#1370);
#1373=DIRECTION('',(-1.E0,0.E0,0.E0));
#1374=VECTOR('',#1373,8.4E-1);
#1375=CARTESIAN_POINT('',(3.07848E1,-1.02E0,4.4577E1));
#1376=LINE('',#1375,#1374);
#1377=DIRECTION('',(0.E0,0.E0,1.E0));
#1378=VECTOR('',#1377,1.372473610075E0);
#1379=CARTESIAN_POINT('',(3.07848E1,-1.02E0,4.320452638993E1));
#1380=LINE('',#1379,#1378);
#1381=DIRECTION('',(-1.E0,0.E0,0.E0));
#1382=VECTOR('',#1381,6.096E-1);
#1383=CARTESIAN_POINT('',(2.99448E1,-4.E-3,4.483E1));
#1384=LINE('',#1383,#1382);
#1385=DIRECTION('',(1.E0,0.E0,0.E0));
#1386=VECTOR('',#1385,6.096E-1);
#1387=CARTESIAN_POINT('',(2.93352E1,-7.112E-1,4.483E1));
#1388=LINE('',#1387,#1386);
#1389=DIRECTION('',(0.E0,1.E0,0.E0));
#1390=VECTOR('',#1389,3.302E-1);
#1391=CARTESIAN_POINT('',(3.09656E1,1.3E-1,4.304067318819E1));
#1392=LINE('',#1391,#1390);
#1393=DIRECTION('',(0.E0,-1.E0,0.E0));
#1394=VECTOR('',#1393,3.302E-1);
#1395=CARTESIAN_POINT('',(3.09656E1,4.602E-1,4.344431275455E1));
#1396=LINE('',#1395,#1394);
#1397=CARTESIAN_POINT('',(2.89463E1,4.602E-1,4.09942E1));
#1398=DIRECTION('',(0.E0,-1.E0,0.E0));
#1399=DIRECTION('',(6.36E-1,0.E0,7.716890565506E-1));
#1400=AXIS2_PLACEMENT_3D('',#1397,#1398,#1399);
#1402=DIRECTION('',(0.E0,-1.E0,0.E0));
#1403=VECTOR('',#1402,5.08E0);
#1404=CARTESIAN_POINT('',(3.21213E1,2.31E0,4.09942E1));
#1405=LINE('',#1404,#1403);
#1406=DIRECTION('',(0.E0,1.E0,0.E0));
#1407=VECTOR('',#1406,8.E-1);
#1408=CARTESIAN_POINT('',(2.89463E1,-2.77E0,4.41692E1));
#1409=LINE('',#1408,#1407);
#1410=CARTESIAN_POINT('',(2.89463E1,-1.97E0,4.09942E1));
#1411=DIRECTION('',(0.E0,1.E0,0.E0));
#1412=DIRECTION('',(0.E0,0.E0,1.E0));
#1413=AXIS2_PLACEMENT_3D('',#1410,#1411,#1412);
#1415=DIRECTION('',(0.E0,1.E0,0.E0));
#1416=VECTOR('',#1415,8.5E-1);
#1417=CARTESIAN_POINT('',(3.00948E1,-1.97E0,4.395419539696E1));
#1418=LINE('',#1417,#1416);
#1419=CARTESIAN_POINT('',(2.89463E1,-1.12E0,4.09942E1));
#1420=DIRECTION('',(0.E0,1.E0,0.E0));
#1421=DIRECTION('',(3.617322834646E-1,0.E0,9.322820147893E-1));
#1422=AXIS2_PLACEMENT_3D('',#1419,#1420,#1421);
#1424=DIRECTION('',(0.E0,1.E0,0.E0));
#1425=VECTOR('',#1424,1.25E0);
#1426=CARTESIAN_POINT('',(3.08348E1,-1.12E0,4.354649166633E1));
#1427=LINE('',#1426,#1425);
#1428=CARTESIAN_POINT('',(2.89463E1,1.3E-1,4.09942E1));
#1429=DIRECTION('',(0.E0,1.E0,0.E0));
#1430=DIRECTION('',(6.568695652174E-1,0.E0,7.540042269717E-1));
#1431=AXIS2_PLACEMENT_3D('',#1428,#1429,#1430);
#1433=DIRECTION('',(0.E0,0.E0,1.E0));
#1434=VECTOR('',#1433,4.036395663535E-1);
#1435=CARTESIAN_POINT('',(3.09656E1,1.3E-1,4.304067318819E1));
#1436=LINE('',#1435,#1434);
#1437=CARTESIAN_POINT('',(2.89463E1,1.3E-1,4.09942E1));
#1438=DIRECTION('',(0.E0,1.E0,0.E0));
#1439=DIRECTION('',(5.948031496063E-1,0.E0,8.038713909690E-1));
#1440=AXIS2_PLACEMENT_3D('',#1437,#1438,#1439);
#1442=DIRECTION('',(0.E0,0.E0,-1.E0));
#1443=VECTOR('',#1442,3.845295137831E-1);
#1444=CARTESIAN_POINT('',(3.08348E1,1.3E-1,4.354649166633E1));
#1445=LINE('',#1444,#1443);
#1446=DIRECTION('',(0.E0,1.E0,0.E0));
#1447=VECTOR('',#1446,1.25E0);
#1448=CARTESIAN_POINT('',(3.08348E1,-1.12E0,4.316196215254E1));
#1449=LINE('',#1448,#1447);
#1450=CARTESIAN_POINT('',(2.89463E1,-1.12E0,4.09942E1));
#1451=DIRECTION('',(0.E0,1.E0,0.E0));
#1452=DIRECTION('',(3.994782608696E-1,0.E0,9.167426678696E-1));
#1453=AXIS2_PLACEMENT_3D('',#1450,#1451,#1452);
#1455=DIRECTION('',(0.E0,0.E0,-1.E0));
#1456=VECTOR('',#1455,3.845295137831E-1);
#1457=CARTESIAN_POINT('',(3.08348E1,-1.12E0,4.354649166633E1));
#1458=LINE('',#1457,#1456);
#1459=DIRECTION('',(0.E0,0.E0,-1.E0));
#1460=VECTOR('',#1459,3.243602268309E-1);
#1461=CARTESIAN_POINT('',(3.00948E1,-1.12E0,4.395419539696E1));
#1462=LINE('',#1461,#1460);
#1463=DIRECTION('',(0.E0,1.E0,0.E0));
#1464=VECTOR('',#1463,8.5E-1);
#1465=CARTESIAN_POINT('',(3.00948E1,-1.97E0,4.362983517013E1));
#1466=LINE('',#1465,#1464);
#1467=CARTESIAN_POINT('',(2.89463E1,-1.97E0,4.09942E1));
#1468=DIRECTION('',(0.E0,1.E0,0.E0));
#1469=DIRECTION('',(0.E0,0.E0,1.E0));
#1470=AXIS2_PLACEMENT_3D('',#1467,#1468,#1469);
#1472=DIRECTION('',(0.E0,0.E0,-1.E0));
#1473=VECTOR('',#1472,3.243602268309E-1);
#1474=CARTESIAN_POINT('',(3.00948E1,-1.97E0,4.395419539696E1));
#1475=LINE('',#1474,#1473);
#1476=DIRECTION('',(0.E0,0.E0,1.E0));
#1477=VECTOR('',#1476,3.243602268309E-1);
#1478=CARTESIAN_POINT('',(2.15748E1,-1.97E0,4.362983517013E1));
#1479=LINE('',#1478,#1477);
#1480=CARTESIAN_POINT('',(2.27233E1,-1.97E0,4.09942E1));
#1481=DIRECTION('',(0.E0,1.E0,0.E0));
#1482=DIRECTION('',(-3.994782608696E-1,0.E0,9.167426678696E-1));
#1483=AXIS2_PLACEMENT_3D('',#1480,#1481,#1482);
#1485=DIRECTION('',(1.E0,0.E0,0.E0));
#1486=VECTOR('',#1485,6.223E0);
#1487=CARTESIAN_POINT('',(2.27233E1,-1.97E0,4.38692E1));
#1488=LINE('',#1487,#1486);
#1489=DIRECTION('',(0.E0,1.E0,0.E0));
#1490=VECTOR('',#1489,8.E-1);
#1491=CARTESIAN_POINT('',(2.27233E1,-2.77E0,4.41692E1));
#1492=LINE('',#1491,#1490);
#1493=DIRECTION('',(1.E0,0.E0,0.E0));
#1494=VECTOR('',#1493,6.223E0);
#1495=CARTESIAN_POINT('',(2.27233E1,-1.97E0,4.41692E1));
#1496=LINE('',#1495,#1494);
#1497=DIRECTION('',(0.E0,-1.E0,0.E0));
#1498=VECTOR('',#1497,1.8498E0);
#1499=CARTESIAN_POINT('',(2.27233E1,2.31E0,4.41692E1));
#1500=LINE('',#1499,#1498);
#1501=CARTESIAN_POINT('',(2.27233E1,4.602E-1,4.09942E1));
#1502=DIRECTION('',(0.E0,-1.E0,0.E0));
#1503=DIRECTION('',(0.E0,0.E0,1.E0));
#1504=AXIS2_PLACEMENT_3D('',#1501,#1502,#1503);
#1506=DIRECTION('',(0.E0,-1.E0,0.E0));
#1507=VECTOR('',#1506,3.302E-1);
#1508=CARTESIAN_POINT('',(2.0704E1,4.602E-1,4.344431275455E1));
#1509=LINE('',#1508,#1507);
#1510=DIRECTION('',(0.E0,1.E0,0.E0));
#1511=VECTOR('',#1510,1.25E0);
#1512=CARTESIAN_POINT('',(2.08348E1,-1.12E0,4.354649166633E1));
#1513=LINE('',#1512,#1511);
#1514=CARTESIAN_POINT('',(2.27233E1,-1.12E0,4.09942E1));
#1515=DIRECTION('',(0.E0,1.E0,0.E0));
#1516=DIRECTION('',(-5.948031496063E-1,0.E0,8.038713909690E-1));
#1517=AXIS2_PLACEMENT_3D('',#1514,#1515,#1516);
#1519=DIRECTION('',(0.E0,1.E0,0.E0));
#1520=VECTOR('',#1519,8.5E-1);
#1521=CARTESIAN_POINT('',(2.15748E1,-1.97E0,4.395419539696E1));
#1522=LINE('',#1521,#1520);
#1523=CARTESIAN_POINT('',(2.27233E1,-1.97E0,4.09942E1));
#1524=DIRECTION('',(0.E0,1.E0,0.E0));
#1525=DIRECTION('',(-3.617322834646E-1,0.E0,9.322820147893E-1));
#1526=AXIS2_PLACEMENT_3D('',#1523,#1524,#1525);
#1528=DIRECTION('',(0.E0,-1.E0,0.E0));
#1529=VECTOR('',#1528,5.08E0);
#1530=CARTESIAN_POINT('',(1.95483E1,2.31E0,4.09942E1));
#1531=LINE('',#1530,#1529);
#1532=DIRECTION('',(0.E0,1.E0,0.E0));
#1533=VECTOR('',#1532,5.08E0);
#1534=CARTESIAN_POINT('',(3.21213E1,-2.77E0,3.692342226529E1));
#1535=LINE('',#1534,#1533);
#1536=DIRECTION('',(0.E0,-1.E0,0.E0));
#1537=VECTOR('',#1536,5.08E0);
#1538=CARTESIAN_POINT('',(1.95483E1,2.31E0,3.692342226529E1));
#1539=LINE('',#1538,#1537);
#1540=DIRECTION('',(0.E0,0.E0,1.E0));
#1541=VECTOR('',#1540,4.070777734709E0);
#1542=CARTESIAN_POINT('',(3.21213E1,2.31E0,3.692342226529E1));
#1543=LINE('',#1542,#1541);
#1544=CARTESIAN_POINT('',(2.89463E1,2.31E0,4.09942E1));
#1545=DIRECTION('',(0.E0,-1.E0,0.E0));
#1546=DIRECTION('',(1.E0,0.E0,0.E0));
#1547=AXIS2_PLACEMENT_3D('',#1544,#1545,#1546);
#1549=DIRECTION('',(-1.E0,0.E0,0.E0));
#1550=VECTOR('',#1549,6.223E0);
#1551=CARTESIAN_POINT('',(2.89463E1,2.31E0,4.41692E1));
#1552=LINE('',#1551,#1550);
#1553=CARTESIAN_POINT('',(2.27233E1,2.31E0,4.09942E1));
#1554=DIRECTION('',(0.E0,-1.E0,0.E0));
#1555=DIRECTION('',(0.E0,0.E0,1.E0));
#1556=AXIS2_PLACEMENT_3D('',#1553,#1554,#1555);
#1558=DIRECTION('',(0.E0,0.E0,-1.E0));
#1559=VECTOR('',#1558,4.070777734709E0);
#1560=CARTESIAN_POINT('',(1.95483E1,2.31E0,4.09942E1));
#1561=LINE('',#1560,#1559);
#1562=CARTESIAN_POINT('',(2.58348E1,2.31E0,3.78192E1));
#1563=DIRECTION('',(0.E0,-1.E0,0.E0));
#1564=DIRECTION('',(-9.9E-1,0.E0,-1.410673597967E-1));
#1565=AXIS2_PLACEMENT_3D('',#1562,#1563,#1564);
#1567=CARTESIAN_POINT('',(2.89463E1,2.31E0,4.09942E1));
#1568=DIRECTION('',(0.E0,1.E0,0.E0));
#1569=DIRECTION('',(0.E0,0.E0,1.E0));
#1570=AXIS2_PLACEMENT_3D('',#1567,#1568,#1569);
#1572=DIRECTION('',(0.E0,0.E0,-1.E0));
#1573=VECTOR('',#1572,4.027184105695E0);
#1574=CARTESIAN_POINT('',(3.15213E1,2.31E0,4.09942E1));
#1575=LINE('',#1574,#1573);
#1576=CARTESIAN_POINT('',(2.58348E1,2.31E0,3.78192E1));
#1577=DIRECTION('',(0.E0,1.E0,0.E0));
#1578=DIRECTION('',(9.889565217391E-1,0.E0,-1.482059314253E-1));
#1579=AXIS2_PLACEMENT_3D('',#1576,#1577,#1578);
#1581=DIRECTION('',(0.E0,0.E0,1.E0));
#1582=VECTOR('',#1581,4.027184105695E0);
#1583=CARTESIAN_POINT('',(2.01483E1,2.31E0,3.696701589430E1));
#1584=LINE('',#1583,#1582);
#1585=CARTESIAN_POINT('',(2.27233E1,2.31E0,4.09942E1));
#1586=DIRECTION('',(0.E0,1.E0,0.E0));
#1587=DIRECTION('',(-1.E0,0.E0,0.E0));
#1588=AXIS2_PLACEMENT_3D('',#1585,#1586,#1587);
#1590=DIRECTION('',(1.E0,0.E0,0.E0));
#1591=VECTOR('',#1590,6.223E0);
#1592=CARTESIAN_POINT('',(2.27233E1,2.31E0,4.35692E1));
#1593=LINE('',#1592,#1591);
#1594=DIRECTION('',(-1.E0,0.E0,0.E0));
#1595=VECTOR('',#1594,6.223E0);
#1596=CARTESIAN_POINT('',(2.89463E1,4.602E-1,4.41692E1));
#1597=LINE('',#1596,#1595);
#1598=DIRECTION('',(0.E0,-1.E0,0.E0));
#1599=VECTOR('',#1598,1.8498E0);
#1600=CARTESIAN_POINT('',(2.89463E1,2.31E0,4.41692E1));
#1601=LINE('',#1600,#1599);
#1602=DIRECTION('',(0.E0,-1.E0,0.E0));
#1603=VECTOR('',#1602,1.524E-1);
#1604=CARTESIAN_POINT('',(2.89463E1,2.31E0,4.35692E1));
#1605=LINE('',#1604,#1603);
#1606=DIRECTION('',(0.E0,-1.E0,0.E0));
#1607=VECTOR('',#1606,1.524E-1);
#1608=CARTESIAN_POINT('',(2.27233E1,2.31E0,4.35692E1));
#1609=LINE('',#1608,#1607);
#1610=DIRECTION('',(0.E0,-1.E0,0.E0));
#1611=VECTOR('',#1610,1.524E-1);
#1612=CARTESIAN_POINT('',(2.01483E1,2.31E0,4.09942E1));
#1613=LINE('',#1612,#1611);
#1614=DIRECTION('',(0.E0,-1.E0,0.E0));
#1615=VECTOR('',#1614,1.524E-1);
#1616=CARTESIAN_POINT('',(2.01483E1,2.31E0,3.696701589430E1));
#1617=LINE('',#1616,#1615);
#1618=DIRECTION('',(0.E0,-1.E0,0.E0));
#1619=VECTOR('',#1618,1.524E-1);
#1620=CARTESIAN_POINT('',(3.15213E1,2.31E0,3.696701589430E1));
#1621=LINE('',#1620,#1619);
#1622=DIRECTION('',(0.E0,-1.E0,0.E0));
#1623=VECTOR('',#1622,1.524E-1);
#1624=CARTESIAN_POINT('',(3.15213E1,2.31E0,4.09942E1));
#1625=LINE('',#1624,#1623);
#1626=CARTESIAN_POINT('',(2.89463E1,2.1576E0,4.09942E1));
#1627=DIRECTION('',(0.E0,1.E0,0.E0));
#1628=DIRECTION('',(0.E0,0.E0,1.E0));
#1629=AXIS2_PLACEMENT_3D('',#1626,#1627,#1628);
#1631=DIRECTION('',(1.E0,0.E0,0.E0));
#1632=VECTOR('',#1631,6.223E0);
#1633=CARTESIAN_POINT('',(2.27233E1,2.1576E0,4.35692E1));
#1634=LINE('',#1633,#1632);
#1635=CARTESIAN_POINT('',(2.27233E1,2.1576E0,4.09942E1));
#1636=DIRECTION('',(0.E0,1.E0,0.E0));
#1637=DIRECTION('',(-1.E0,0.E0,0.E0));
#1638=AXIS2_PLACEMENT_3D('',#1635,#1636,#1637);
#1640=DIRECTION('',(0.E0,0.E0,1.E0));
#1641=VECTOR('',#1640,4.027184105695E0);
#1642=CARTESIAN_POINT('',(2.01483E1,2.1576E0,3.696701589430E1));
#1643=LINE('',#1642,#1641);
#1644=CARTESIAN_POINT('',(2.58348E1,2.1576E0,3.78192E1));
#1645=DIRECTION('',(0.E0,1.E0,0.E0));
#1646=DIRECTION('',(9.889565217391E-1,0.E0,-1.482059314253E-1));
#1647=AXIS2_PLACEMENT_3D('',#1644,#1645,#1646);
#1649=DIRECTION('',(0.E0,0.E0,-1.E0));
#1650=VECTOR('',#1649,4.027184105695E0);
#1651=CARTESIAN_POINT('',(3.15213E1,2.1576E0,4.09942E1));
#1652=LINE('',#1651,#1650);
#1653=CARTESIAN_POINT('',(2.58348E1,2.1576E0,3.96492E1));
#1654=DIRECTION('',(0.E0,-1.E0,0.E0));
#1655=DIRECTION('',(-8.676207513417E-1,0.E0,-4.972265397596E-1));
#1656=AXIS2_PLACEMENT_3D('',#1653,#1654,#1655);
#1658=CARTESIAN_POINT('',(2.58348E1,2.1576E0,3.96492E1));
#1659=DIRECTION('',(0.E0,-1.E0,0.E0));
#1660=DIRECTION('',(4.877426205348E-1,0.E0,-8.729874776386E-1));
#1661=AXIS2_PLACEMENT_3D('',#1658,#1659,#1660);
#1663=DIRECTION('',(1.E0,0.E0,0.E0));
#1664=VECTOR('',#1663,5.452962497579E0);
#1665=CARTESIAN_POINT('',(2.310831875121E1,1.21E0,3.47692E1));
#1666=LINE('',#1665,#1664);
#1667=DIRECTION('',(1.E0,0.E0,0.E0));
#1668=VECTOR('',#1667,5.452962497579E0);
#1669=CARTESIAN_POINT('',(2.310831875121E1,2.1576E0,3.47692E1));
#1670=LINE('',#1669,#1668);
#1671=CARTESIAN_POINT('',(2.58348E1,1.21E0,3.96492E1));
#1672=DIRECTION('',(0.E0,1.E0,0.E0));
#1673=DIRECTION('',(-4.877426205348E-1,0.E0,-8.729874776386E-1));
#1674=AXIS2_PLACEMENT_3D('',#1671,#1672,#1673);
#1676=CARTESIAN_POINT('',(2.58348E1,1.21E0,3.96492E1));
#1677=DIRECTION('',(0.E0,1.E0,0.E0));
#1678=DIRECTION('',(5.496597830832E-1,0.E0,-8.353886058960E-1));
#1679=AXIS2_PLACEMENT_3D('',#1676,#1677,#1678);
#1681=DIRECTION('',(1.E0,0.E0,4.111543886896E-10));
#1682=VECTOR('',#1681,5.494044777946E0);
#1683=CARTESIAN_POINT('',(2.308477762321E1,1.210000000001E0,3.493179699691E1));
#1684=LINE('',#1683,#1682);
#1685=CARTESIAN_POINT('',(2.846510541568E1,1.463490606418E0,3.493401079267E1));
#1686=CARTESIAN_POINT('',(2.846482180219E1,1.443442533201E0,3.493383670153E1));
#1687=CARTESIAN_POINT('',(2.846844032222E1,1.402663973202E0,3.493347833991E1));
#1688=CARTESIAN_POINT('',(2.848808973237E1,1.339085037555E0,3.493292405880E1));
#1689=CARTESIAN_POINT('',(2.852387968090E1,1.274055276194E0,3.493235803602E1));
#1690=CARTESIAN_POINT('',(2.855854434500E1,1.231193509970E0,3.493197965556E1));
#1691=CARTESIAN_POINT('',(2.857882240115E1,1.210000000002E0,3.493179699917E1));
#1693=CARTESIAN_POINT('',(2.847012418857E1,1.813490614199E0,3.493706428680E1));
#1694=CARTESIAN_POINT('',(2.846956686717E1,1.774573318396E0,3.493672466070E1));
#1695=CARTESIAN_POINT('',(2.846845201116E1,1.696757663696E0,3.493604569506E1));
#1696=CARTESIAN_POINT('',(2.846677908722E1,1.580091001759E0,3.493502701473E1));
#1697=CARTESIAN_POINT('',(2.846566337746E1,1.502351088418E0,3.493434992296E1));
#1698=CARTESIAN_POINT('',(2.846510541568E1,1.463490606418E0,3.493401079267E1));
#1700=DIRECTION('',(-1.E0,0.E0,0.E0));
#1701=VECTOR('',#1700,5.276648377131E0);
#1702=CARTESIAN_POINT('',(2.847012418857E1,1.813490614199E0,3.493706428680E1));
#1703=LINE('',#1702,#1701);
#1704=CARTESIAN_POINT('',(2.319849458433E1,1.463490606346E0,3.493401079197E1));
#1705=CARTESIAN_POINT('',(2.319793662254E1,1.502351088291E0,3.493434992225E1));
#1706=CARTESIAN_POINT('',(2.319682091278E1,1.580091001665E0,3.493502701505E1));
#1707=CARTESIAN_POINT('',(2.319514798884E1,1.696757663633E0,3.493604569497E1));
#1708=CARTESIAN_POINT('',(2.319403313283E1,1.774573318373E0,3.493672466070E1));
#1709=CARTESIAN_POINT('',(2.319347581143E1,1.813490614199E0,3.493706428680E1));
#1711=CARTESIAN_POINT('',(2.308477762321E1,1.210000000001E0,3.493179699691E1));
#1712=CARTESIAN_POINT('',(2.310505563603E1,1.231193463512E0,3.493197965262E1));
#1713=CARTESIAN_POINT('',(2.313972022280E1,1.274055162147E0,3.493235803621E1));
#1714=CARTESIAN_POINT('',(2.317551015676E1,1.339084801067E0,3.493292405637E1));
#1715=CARTESIAN_POINT('',(2.319515961712E1,1.402663710787E0,3.493347833789E1));
#1716=CARTESIAN_POINT('',(2.319877819742E1,1.443442423766E0,3.493383670019E1));
#1717=CARTESIAN_POINT('',(2.319849458433E1,1.463490606346E0,3.493401079197E1));
#1719=CARTESIAN_POINT('',(2.857882240115E1,1.210000000002E0,3.493179699917E1));
#1720=CARTESIAN_POINT('',(2.859852361075E1,1.210000000002E0,3.493179699917E1));
#1721=CARTESIAN_POINT('',(2.863845920267E1,1.209999999999E0,3.493331137118E1));
#1722=CARTESIAN_POINT('',(2.869971506200E1,1.21E0,3.493955234179E1));
#1723=CARTESIAN_POINT('',(2.876306817802E1,1.21E0,3.494920967099E1));
#1724=CARTESIAN_POINT('',(2.883105373480E1,1.21E0,3.496225490158E1));
#1725=CARTESIAN_POINT('',(2.888122241282E1,1.21E0,3.497335429250E1));
#1726=CARTESIAN_POINT('',(2.890739818744E1,1.21E0,3.497937769304E1));
#1728=CARTESIAN_POINT('',(2.890739818744E1,1.21E0,3.497937769304E1));
#1729=CARTESIAN_POINT('',(2.891798807428E1,1.219128355650E0,3.498634551001E1));
#1730=CARTESIAN_POINT('',(2.894125653567E1,1.235845964932E0,3.500175793700E1));
#1731=CARTESIAN_POINT('',(2.898210727816E1,1.256580701499E0,3.502929874101E1));
#1732=CARTESIAN_POINT('',(2.902869949219E1,1.273423136969E0,3.506135627795E1));
#1733=CARTESIAN_POINT('',(2.908093907035E1,1.286841874920E0,3.509813358770E1));
#1734=CARTESIAN_POINT('',(2.913885536492E1,1.297214855817E0,3.513996581937E1));
#1735=CARTESIAN_POINT('',(2.920187465385E1,1.304715824384E0,3.518678538781E1));
#1736=CARTESIAN_POINT('',(2.927000345559E1,1.309478220875E0,3.523896446886E1));
#1737=CARTESIAN_POINT('',(2.931943769860E1,1.310711616333E0,3.527810342237E1));
#1738=CARTESIAN_POINT('',(2.934506032547E1,1.310716547262E0,3.529877790009E1));
#1740=CARTESIAN_POINT('',(2.846510715167E1,1.459999830261E0,3.533399465081E1));
#1741=DIRECTION('',(-1.435664216948E-2,-9.998588650904E-1,-8.725636125062E-3));
#1742=DIRECTION('',(-4.345129923899E-6,8.726597883821E-3,-9.999619225103E-1));
#1743=AXIS2_PLACEMENT_3D('',#1740,#1741,#1742);
#1745=DIRECTION('',(0.E0,-1.E0,-1.499668078852E-14));
#1746=VECTOR('',#1745,9.476E-1);
#1747=CARTESIAN_POINT('',(3.06848E1,2.1576E0,3.686970364274E1));
#1748=LINE('',#1747,#1746);
#1749=DIRECTION('',(0.E0,1.E0,0.E0));
#1750=VECTOR('',#1749,9.476E-1);
#1751=CARTESIAN_POINT('',(2.856128124879E1,1.21E0,3.47692E1));
#1752=LINE('',#1751,#1750);
#1753=DIRECTION('',(0.E0,0.E0,1.E0));
#1754=VECTOR('',#1753,4.689496357256E0);
#1755=CARTESIAN_POINT('',(3.06848E1,1.21E0,3.686970364274E1));
#1756=LINE('',#1755,#1754);
#1757=DIRECTION('',(0.E0,0.E0,1.E0));
#1758=VECTOR('',#1757,4.689496357256E0);
#1759=CARTESIAN_POINT('',(3.06848E1,2.1576E0,3.686970364274E1));
#1760=LINE('',#1759,#1758);
#1761=CARTESIAN_POINT('',(2.58348E1,1.21E0,3.96492E1));
#1762=DIRECTION('',(0.E0,1.E0,0.E0));
#1763=DIRECTION('',(8.676207513417E-1,0.E0,-4.972265397596E-1));
#1764=AXIS2_PLACEMENT_3D('',#1761,#1762,#1763);
#1766=CARTESIAN_POINT('',(2.58348E1,1.21E0,3.96492E1));
#1767=DIRECTION('',(0.E0,1.E0,0.E0));
#1768=DIRECTION('',(-8.317763184218E-1,0.E0,-5.551109403648E-1));
#1769=AXIS2_PLACEMENT_3D('',#1766,#1767,#1768);
#1771=DIRECTION('',(-3.754213590882E-7,5.153183184100E-13,9.999999999999E-1));
#1772=VECTOR('',#1771,4.551903401504E0);
#1773=CARTESIAN_POINT('',(3.052150400489E1,1.209999999998E0,3.684959659850E1));
#1774=LINE('',#1773,#1772);
#1775=DIRECTION('',(8.726535498367E-3,-9.999619230642E-1,1.642158548620E-10));
#1776=VECTOR('',#1775,6.035135941478E-1);
#1777=CARTESIAN_POINT('',(3.051623571320E1,1.813490614199E0,4.140149999990E1));
#1778=LINE('',#1777,#1776);
#1779=DIRECTION('',(0.E0,-1.008887385688E-14,-1.E0));
#1780=VECTOR('',#1779,4.445789572865E0);
#1781=CARTESIAN_POINT('',(3.051623571320E1,1.813490614199E0,4.140149999990E1));
#1782=LINE('',#1781,#1780);
#1783=CARTESIAN_POINT('',(3.051928920533E1,1.463490606398E0,3.696054399638E1));
#1784=CARTESIAN_POINT('',(3.051895005939E1,1.502352881968E0,3.696000662991E1));
#1785=CARTESIAN_POINT('',(3.051827294969E1,1.580095186765E0,3.695893209932E1));
#1786=CARTESIAN_POINT('',(3.051725426815E1,1.696761848763E0,3.695732090984E1));
#1787=CARTESIAN_POINT('',(3.051657532365E1,1.774575111997E0,3.695624718736E1));
#1788=CARTESIAN_POINT('',(3.051623571320E1,1.813490614199E0,3.695571042704E1));
#1790=CARTESIAN_POINT('',(3.052150400489E1,1.209999999998E0,3.684959659850E1));
#1791=CARTESIAN_POINT('',(3.052131702269E1,1.231256874237E0,3.686942133839E1));
#1792=CARTESIAN_POINT('',(3.052094282631E1,1.274107196028E0,3.690338188745E1));
#1793=CARTESIAN_POINT('',(3.052037463977E1,1.339182509213E0,3.693817577834E1));
#1794=CARTESIAN_POINT('',(3.051982190462E1,1.402691851278E0,3.695728863236E1));
#1795=CARTESIAN_POINT('',(3.051946236815E1,1.443453146903E0,3.696081300853E1));
#1796=CARTESIAN_POINT('',(3.051928920533E1,1.463490606398E0,3.696054399638E1));
#1798=CARTESIAN_POINT('',(3.00218E1,1.21E0,4.14015E1));
#1799=DIRECTION('',(0.E0,-1.E0,0.E0));
#1800=DIRECTION('',(1.E0,0.E0,8.531592607495E-14));
#1801=AXIS2_PLACEMENT_3D('',#1798,#1799,#1800);
#1803=CARTESIAN_POINT('',(3.00218E1,1.813490614199E0,4.14015E1));
#1804=DIRECTION('',(0.E0,1.E0,0.E0));
#1805=DIRECTION('',(0.E0,0.E0,1.E0));
#1806=AXIS2_PLACEMENT_3D('',#1803,#1804,#1805);
#1808=DIRECTION('',(-1.E0,0.E0,0.E0));
#1809=VECTOR('',#1808,8.38E0);
#1810=CARTESIAN_POINT('',(3.00218E1,1.21E0,4.190120229601E1));
#1811=LINE('',#1810,#1809);
#1812=DIRECTION('',(-1.641981947113E-10,-9.999619230642E-1,8.726535498361E-3));
#1813=VECTOR('',#1812,6.035135941478E-1);
#1814=CARTESIAN_POINT('',(2.164180000010E1,1.813490614199E0,4.189593571320E1));
#1815=LINE('',#1814,#1813);
#1816=DIRECTION('',(1.E0,2.631149077599E-14,0.E0));
#1817=VECTOR('',#1816,8.379999999533E0);
#1818=CARTESIAN_POINT('',(2.164180000010E1,1.813490614199E0,4.189593571320E1));
#1819=LINE('',#1818,#1817);
#1820=DIRECTION('',(6.087983758950E-10,-9.999619230642E-1,8.726535498358E-3));
#1821=VECTOR('',#1820,6.035135941480E-1);
#1822=CARTESIAN_POINT('',(3.002179999963E1,1.813490614200E0,4.189593571320E1));
#1823=LINE('',#1822,#1821);
#1824=CARTESIAN_POINT('',(2.16418E1,1.21E0,4.14015E1));
#1825=DIRECTION('',(0.E0,-1.E0,0.E0));
#1826=DIRECTION('',(0.E0,0.E0,1.E0));
#1827=AXIS2_PLACEMENT_3D('',#1824,#1825,#1826);
#1829=CARTESIAN_POINT('',(2.16418E1,1.813490614199E0,4.14015E1));
#1830=DIRECTION('',(0.E0,1.E0,0.E0));
#1831=DIRECTION('',(-1.E0,0.E0,0.E0));
#1832=AXIS2_PLACEMENT_3D('',#1829,#1830,#1831);
#1834=DIRECTION('',(-3.756992090073E-7,-6.196112808352E-13,-9.999999999999E-1));
#1835=VECTOR('',#1834,4.551903199625E0);
#1836=CARTESIAN_POINT('',(2.114209770399E1,1.21E0,4.14015E1));
#1837=LINE('',#1836,#1835);
#1838=CARTESIAN_POINT('',(2.114431079542E1,1.463490606547E0,3.696054399638E1));
#1839=CARTESIAN_POINT('',(2.114413763299E1,1.443453207245E0,3.696081300882E1));
#1840=CARTESIAN_POINT('',(2.114377809672E1,1.402692009058E0,3.695728866938E1));
#1841=CARTESIAN_POINT('',(2.114322536141E1,1.339182732399E0,3.693817588696E1));
#1842=CARTESIAN_POINT('',(2.114265717889E1,1.274107433103E0,3.690338197650E1));
#1843=CARTESIAN_POINT('',(2.114228297071E1,1.231256895460E0,3.686942157929E1));
#1844=CARTESIAN_POINT('',(2.114209599385E1,1.209999999997E0,3.684959680037E1));
#1846=CARTESIAN_POINT('',(2.114736428680E1,1.813490614199E0,3.695571042704E1));
#1847=CARTESIAN_POINT('',(2.114702467635E1,1.774575112083E0,3.695624718736E1));
#1848=CARTESIAN_POINT('',(2.114634573195E1,1.696761848983E0,3.695732090983E1));
#1849=CARTESIAN_POINT('',(2.114532704997E1,1.580095187044E0,3.695893209931E1));
#1850=CARTESIAN_POINT('',(2.114464994136E1,1.502352882267E0,3.696000662990E1));
#1851=CARTESIAN_POINT('',(2.114431079542E1,1.463490606547E0,3.696054399638E1));
#1853=DIRECTION('',(0.E0,5.963423458336E-14,1.E0));
#1854=VECTOR('',#1853,4.445789572597E0);
#1855=CARTESIAN_POINT('',(2.114736428680E1,1.813490614199E0,3.695571042704E1));
#1856=LINE('',#1855,#1854);
#1857=DIRECTION('',(-8.726535498369E-3,-9.999619230642E-1,6.088278094796E-10));
#1858=VECTOR('',#1857,6.035135941480E-1);
#1859=CARTESIAN_POINT('',(2.114736428680E1,1.813490614200E0,4.140149999963E1));
#1860=LINE('',#1859,#1858);
#1861=CARTESIAN_POINT('',(2.114209599385E1,1.209999999997E0,3.684959680037E1));
#1862=CARTESIAN_POINT('',(2.114209599385E1,1.209999999997E0,3.682585643563E1));
#1863=CARTESIAN_POINT('',(2.114437138679E1,1.210000000001E0,3.677786281913E1));
#1864=CARTESIAN_POINT('',(2.115327237113E1,1.21E0,3.670492197639E1));
#1865=CARTESIAN_POINT('',(2.116671272452E1,1.21E0,3.662925157284E1));
#1866=CARTESIAN_POINT('',(2.117865008662E1,1.21E0,3.657445222188E1));
#1867=CARTESIAN_POINT('',(2.118517038002E1,1.21E0,3.654612984336E1));
#1869=CARTESIAN_POINT('',(2.118517038002E1,1.21E0,3.654612984336E1));
#1870=CARTESIAN_POINT('',(2.119185778504E1,1.219492768310E0,3.653610945875E1));
#1871=CARTESIAN_POINT('',(2.120671887850E1,1.236814137952E0,3.651398111035E1));
#1872=CARTESIAN_POINT('',(2.123339021310E1,1.258068871363E0,3.647492996563E1));
#1873=CARTESIAN_POINT('',(2.126462370193E1,1.275172201170E0,3.643008190638E1));
#1874=CARTESIAN_POINT('',(2.130059620674E1,1.288603783293E0,3.637956288443E1));
#1875=CARTESIAN_POINT('',(2.134124331873E1,1.298737471612E0,3.632387544317E1));
#1876=CARTESIAN_POINT('',(2.138656368895E1,1.305931373769E0,3.626343938766E1));
#1877=CARTESIAN_POINT('',(2.143729233421E1,1.310431632714E0,3.619774338162E1));
#1878=CARTESIAN_POINT('',(2.147526459926E1,1.311547184943E0,3.615011963538E1));
#1879=CARTESIAN_POINT('',(2.149531477796E1,1.311534649340E0,3.612542815612E1));
#1881=CARTESIAN_POINT('',(2.154429464908E1,1.459999631240E0,3.696054235036E1));
#1882=DIRECTION('',(-8.725701168319E-3,-9.998663183094E-1,1.382778541759E-2));
#1883=DIRECTION('',(-9.999619225576E-1,8.726592568034E-3,4.126940712069E-6));
#1884=AXIS2_PLACEMENT_3D('',#1881,#1882,#1883);
#1886=DIRECTION('',(0.E0,-1.E0,0.E0));
#1887=VECTOR('',#1886,9.476E-1);
#1888=CARTESIAN_POINT('',(2.310831875121E1,2.1576E0,3.47692E1));
#1889=LINE('',#1888,#1887);
#1890=DIRECTION('',(0.E0,1.E0,1.499668078852E-14));
#1891=VECTOR('',#1890,9.476E-1);
#1892=CARTESIAN_POINT('',(2.09848E1,1.21E0,3.686970364274E1));
#1893=LINE('',#1892,#1891);
#1894=CARTESIAN_POINT('',(2.276541124607E1,1.21E0,3.497726756500E1));
#1895=CARTESIAN_POINT('',(2.279069151971E1,1.21E0,3.497150108715E1));
#1896=CARTESIAN_POINT('',(2.283920625093E1,1.21E0,3.496089392353E1));
#1897=CARTESIAN_POINT('',(2.290513922754E1,1.21E0,3.494843707740E1));
#1898=CARTESIAN_POINT('',(2.296675208139E1,1.21E0,3.493921118465E1));
#1899=CARTESIAN_POINT('',(2.302653949076E1,1.209999999999E0,3.493324105035E1));
#1900=CARTESIAN_POINT('',(2.306552893631E1,1.210000000001E0,3.493179699691E1));
#1901=CARTESIAN_POINT('',(2.308477762321E1,1.210000000001E0,3.493179699691E1));
#1903=CARTESIAN_POINT('',(2.233427942830E1,1.311129642728E0,3.529093707458E1));
#1904=CARTESIAN_POINT('',(2.235965912904E1,1.311120183128E0,3.527055223276E1));
#1905=CARTESIAN_POINT('',(2.240861682904E1,1.309900459684E0,3.523196062542E1));
#1906=CARTESIAN_POINT('',(2.247597713173E1,1.305176032074E0,3.518057713587E1));
#1907=CARTESIAN_POINT('',(2.253832395963E1,1.297681199378E0,3.513442743724E1));
#1908=CARTESIAN_POINT('',(2.259540232136E1,1.287290077411E0,3.509333858143E1));
#1909=CARTESIAN_POINT('',(2.264670472304E1,1.273838052096E0,3.505732611266E1));
#1910=CARTESIAN_POINT('',(2.269239467510E1,1.256911861712E0,3.502596737154E1));
#1911=CARTESIAN_POINT('',(2.273234024201E1,1.236063034990E0,3.499909231137E1));
#1912=CARTESIAN_POINT('',(2.275507756936E1,1.219210458353E0,3.498405663387E1));
#1913=CARTESIAN_POINT('',(2.276541124607E1,1.21E0,3.497726756500E1));
#1915=CARTESIAN_POINT('',(2.319849458435E1,1.460000000019E0,3.533399465230E1));
#1916=DIRECTION('',(-1.435605048712E-2,9.998588735853E-1,8.725636199196E-3));
#1917=DIRECTION('',(7.993605777301E-14,8.726535498375E-3,-9.999619230642E-1));
#1918=AXIS2_PLACEMENT_3D('',#1915,#1916,#1917);
#1920=CARTESIAN_POINT('',(2.319347581149E1,1.81E0,3.533704905602E1));
#1921=DIRECTION('',(1.431864753634E-2,-9.998594098792E-1,-8.725640879362E-3));
#1922=DIRECTION('',(-5.203795243603E-1,3.219646771413E-14,-8.539350974322E-1));
#1923=AXIS2_PLACEMENT_3D('',#1920,#1921,#1922);
#1925=CARTESIAN_POINT('',(2.319347581149E1,1.81E0,3.533704905602E1));
#1926=DIRECTION('',(1.E0,0.E0,0.E0));
#1927=DIRECTION('',(0.E0,8.726535498374E-3,-9.999619230642E-1));
#1928=AXIS2_PLACEMENT_3D('',#1925,#1926,#1927);
#1930=CARTESIAN_POINT('',(2.319347581149E1,1.81E0,3.533704905602E1));
#1931=DIRECTION('',(-8.539350974316E-1,0.E0,5.203795243613E-1));
#1932=DIRECTION('',(0.E0,1.E0,0.E0));
#1933=AXIS2_PLACEMENT_3D('',#1930,#1931,#1932);
#1935=DIRECTION('',(0.E0,0.E0,1.E0));
#1936=VECTOR('',#1935,4.445781365478E0);
#1937=CARTESIAN_POINT('',(2.154734905602E1,2.21E0,3.695571863452E1));
#1938=LINE('',#1937,#1936);
#1939=CARTESIAN_POINT('',(2.58318E1,2.21E0,3.96665E1));
#1940=DIRECTION('',(0.E0,1.E0,0.E0));
#1941=DIRECTION('',(-5.203751854200E-1,0.E0,-8.539377415240E-1));
#1942=AXIS2_PLACEMENT_3D('',#1939,#1940,#1941);
#1944=DIRECTION('',(-1.E0,0.E0,0.E0));
#1945=VECTOR('',#1944,5.276633276379E0);
#1946=CARTESIAN_POINT('',(2.847011662975E1,2.21E0,3.533704905602E1));
#1947=LINE('',#1946,#1945);
#1948=CARTESIAN_POINT('',(2.58318E1,2.21E0,3.96665E1));
#1949=DIRECTION('',(0.E0,1.E0,0.E0));
#1950=DIRECTION('',(8.450624329617E-1,0.E0,-5.346676391899E-1));
#1951=AXIS2_PLACEMENT_3D('',#1948,#1949,#1950);
#1953=DIRECTION('',(0.E0,0.E0,-1.E0));
#1954=VECTOR('',#1953,4.445780946250E0);
#1955=CARTESIAN_POINT('',(3.011625094398E1,2.21E0,4.14015E1));
#1956=LINE('',#1955,#1954);
#1957=CARTESIAN_POINT('',(3.00218E1,2.21E0,4.14015E1));
#1958=DIRECTION('',(0.E0,1.E0,0.E0));
#1959=DIRECTION('',(0.E0,0.E0,1.E0));
#1960=AXIS2_PLACEMENT_3D('',#1957,#1958,#1959);
#1962=DIRECTION('',(1.E0,0.E0,0.E0));
#1963=VECTOR('',#1962,8.38E0);
#1964=CARTESIAN_POINT('',(2.16418E1,2.21E0,4.149595094398E1));
#1965=LINE('',#1964,#1963);
#1966=CARTESIAN_POINT('',(2.16418E1,2.21E0,4.14015E1));
#1967=DIRECTION('',(0.E0,1.E0,0.E0));
#1968=DIRECTION('',(-1.E0,0.E0,0.E0));
#1969=AXIS2_PLACEMENT_3D('',#1966,#1967,#1968);
#1971=CARTESIAN_POINT('',(2.58318E1,2.21E0,3.84165E1));
#1972=DIRECTION('',(0.E0,1.E0,0.E0));
#1973=DIRECTION('',(0.E0,0.E0,-1.E0));
#1974=AXIS2_PLACEMENT_3D('',#1971,#1972,#1973);
#1976=CARTESIAN_POINT('',(2.58318E1,2.21E0,3.84165E1));
#1977=DIRECTION('',(0.E0,1.E0,0.E0));
#1978=DIRECTION('',(0.E0,0.E0,1.E0));
#1979=AXIS2_PLACEMENT_3D('',#1976,#1977,#1978);
#1981=CARTESIAN_POINT('',(2.21718E1,2.21E0,4.08765E1));
#1982=DIRECTION('',(0.E0,1.E0,0.E0));
#1983=DIRECTION('',(1.E0,0.E0,3.330669073875E-13));
#1984=AXIS2_PLACEMENT_3D('',#1981,#1982,#1983);
#1986=CARTESIAN_POINT('',(2.21718E1,2.21E0,4.08765E1));
#1987=DIRECTION('',(0.E0,1.E0,0.E0));
#1988=DIRECTION('',(-1.E0,0.E0,-3.330669073875E-13));
#1989=AXIS2_PLACEMENT_3D('',#1986,#1987,#1988);
#1991=CARTESIAN_POINT('',(2.154734905602E1,1.81E0,4.14015E1));
#1992=DIRECTION('',(0.E0,0.E0,1.E0));
#1993=DIRECTION('',(0.E0,1.E0,0.E0));
#1994=AXIS2_PLACEMENT_3D('',#1991,#1992,#1993);
#1996=CARTESIAN_POINT('',(2.16418E1,1.81E0,4.149595094398E1));
#1997=DIRECTION('',(1.E0,0.E0,0.E0));
#1998=DIRECTION('',(0.E0,1.E0,0.E0));
#1999=AXIS2_PLACEMENT_3D('',#1996,#1997,#1998);
#2001=CARTESIAN_POINT('',(3.00218E1,1.81E0,4.149595094398E1));
#2002=DIRECTION('',(1.E0,0.E0,0.E0));
#2003=DIRECTION('',(0.E0,1.E0,0.E0));
#2004=AXIS2_PLACEMENT_3D('',#2001,#2002,#2003);
#2006=CARTESIAN_POINT('',(3.011625094398E1,1.81E0,4.14015E1));
#2007=DIRECTION('',(0.E0,0.E0,-1.E0));
#2008=DIRECTION('',(0.E0,1.E0,0.E0));
#2009=AXIS2_PLACEMENT_3D('',#2006,#2007,#2008);
#2011=CARTESIAN_POINT('',(3.011625094398E1,1.81E0,3.695571042708E1));
#2012=DIRECTION('',(0.E0,0.E0,1.E0));
#2013=DIRECTION('',(9.999619230642E-1,8.726535498374E-3,0.E0));
#2014=AXIS2_PLACEMENT_3D('',#2011,#2012,#2013);
#2016=CARTESIAN_POINT('',(3.011625094398E1,1.81E0,3.695571042708E1));
#2017=DIRECTION('',(-5.346724995895E-1,0.E0,-8.450593577866E-1));
#2018=DIRECTION('',(0.E0,1.E0,0.E0));
#2019=AXIS2_PLACEMENT_3D('',#2016,#2017,#2018);
#2021=CARTESIAN_POINT('',(3.011625094398E1,1.81E0,3.695571042708E1));
#2022=DIRECTION('',(8.725705585765E-3,-9.998668244986E-1,1.379113226170E-2));
#2023=DIRECTION('',(8.450593577871E-1,2.609024107869E-14,-5.346724995887E-1));
#2024=AXIS2_PLACEMENT_3D('',#2021,#2022,#2023);
#2026=CARTESIAN_POINT('',(2.58318E1,1.81E0,3.96665E1));
#2027=DIRECTION('',(0.E0,1.E0,0.E0));
#2028=DIRECTION('',(8.450593577675E-1,0.E0,-5.346724996197E-1));
#2029=AXIS2_PLACEMENT_3D('',#2026,#2027,#2028);
#2031=CARTESIAN_POINT('',(2.867827599831E1,1.81E0,3.499547501708E1));
#2032=CARTESIAN_POINT('',(2.867767465666E1,1.771079460489E0,3.499510856548E1));
#2033=CARTESIAN_POINT('',(2.867647178171E1,1.693259481885E0,3.499437585264E1));
#2034=CARTESIAN_POINT('',(2.867466684888E1,1.576592815206E0,3.499327742916E1));
#2035=CARTESIAN_POINT('',(2.867346323694E1,1.498857238268E0,3.499254542819E1));
#2036=CARTESIAN_POINT('',(2.867286130475E1,1.460000000006E0,3.499217957260E1));
#2038=CARTESIAN_POINT('',(2.58318E1,1.46E0,3.96665E1));
#2039=DIRECTION('',(0.E0,1.E0,0.E0));
#2040=DIRECTION('',(8.456618042810E-1,0.E0,-5.337191328593E-1));
#2041=AXIS2_PLACEMENT_3D('',#2038,#2039,#2040);
#2043=CARTESIAN_POINT('',(3.045757012968E1,1.460000000005E0,3.674705630523E1));
#2044=CARTESIAN_POINT('',(3.045720425792E1,1.498858955844E0,3.674647659250E1));
#2045=CARTESIAN_POINT('',(3.045647223812E1,1.576596822883E0,3.674531740802E1));
#2046=CARTESIAN_POINT('',(3.045537381352E1,1.693263489563E0,3.674357908006E1));
#2047=CARTESIAN_POINT('',(3.045464112249E1,1.771081178066E0,3.674242058488E1));
#2048=CARTESIAN_POINT('',(3.045427468707E1,1.81E0,3.674184142720E1));
#2050=CARTESIAN_POINT('',(2.847012418851E1,1.81E0,3.533704905602E1));
#2051=DIRECTION('',(-1.431864753639E-2,-9.998594098792E-1,-8.725640879260E-3));
#2052=DIRECTION('',(0.E0,8.726535498272E-3,-9.999619230642E-1));
#2053=AXIS2_PLACEMENT_3D('',#2050,#2051,#2052);
#2055=CARTESIAN_POINT('',(2.847012418851E1,1.81E0,3.533704905602E1));
#2056=DIRECTION('',(8.539350974316E-1,0.E0,5.203795243613E-1));
#2057=DIRECTION('',(5.203795243613E-1,0.E0,-8.539350974316E-1));
#2058=AXIS2_PLACEMENT_3D('',#2055,#2056,#2057);
#2060=CARTESIAN_POINT('',(2.847012418851E1,1.81E0,3.533704905602E1));
#2061=DIRECTION('',(-1.E0,0.E0,0.E0));
#2062=DIRECTION('',(0.E0,1.E0,0.E0));
#2063=AXIS2_PLACEMENT_3D('',#2060,#2061,#2062);
#2065=CARTESIAN_POINT('',(2.934506032547E1,1.310716547262E0,3.529877790009E1));
#2066=CARTESIAN_POINT('',(2.944446699933E1,1.310735676911E0,3.537898751617E1));
#2067=CARTESIAN_POINT('',(2.963769241358E1,1.310777072138E0,3.554617278387E1));
#2068=CARTESIAN_POINT('',(2.990882163508E1,1.310848623204E0,3.581524894915E1));
#2069=CARTESIAN_POINT('',(3.007749729004E1,1.310903368635E0,3.600723138142E1));
#2070=CARTESIAN_POINT('',(3.015847516865E1,1.310932601898E0,3.610604702054E1));
#2072=CARTESIAN_POINT('',(3.015847516865E1,1.310932601898E0,3.610604702054E1));
#2073=CARTESIAN_POINT('',(3.016894762174E1,1.311497496716E0,3.612670578995E1));
#2074=CARTESIAN_POINT('',(3.018900830910E1,1.313085046939E0,3.616656275517E1));
#2075=CARTESIAN_POINT('',(3.021639050441E1,1.316454455616E0,3.622169833236E1));
#2076=CARTESIAN_POINT('',(3.024143763180E1,1.320560494561E0,3.627276835666E1));
#2077=CARTESIAN_POINT('',(3.026433634429E1,1.325219194724E0,3.632004319990E1));
#2078=CARTESIAN_POINT('',(3.028530270959E1,1.330292921653E0,3.636383036633E1));
#2079=CARTESIAN_POINT('',(3.030450535031E1,1.335681900594E0,3.640438372457E1));
#2080=CARTESIAN_POINT('',(3.032209950625E1,1.341314546575E0,3.644194183141E1));
#2081=CARTESIAN_POINT('',(3.033823047260E1,1.347130531828E0,3.647671360968E1));
#2082=CARTESIAN_POINT('',(3.035301035909E1,1.353101192960E0,3.650889502184E1));
#2083=CARTESIAN_POINT('',(3.036656639936E1,1.359186507432E0,3.653866028045E1));
#2084=CARTESIAN_POINT('',(3.037897867118E1,1.365390140470E0,3.656617255173E1));
#2085=CARTESIAN_POINT('',(3.039035714542E1,1.371683140416E0,3.659157373906E1));
#2086=CARTESIAN_POINT('',(3.040075660077E1,1.378097705575E0,3.661499742482E1));
#2087=CARTESIAN_POINT('',(3.041027182237E1,1.384614912379E0,3.663655839956E1));
#2088=CARTESIAN_POINT('',(3.041893289704E1,1.391295959514E0,3.665635232592E1));
#2089=CARTESIAN_POINT('',(3.042681358153E1,1.398135495049E0,3.667445560582E1));
#2090=CARTESIAN_POINT('',(3.043392816360E1,1.405239719017E0,3.669093479737E1));
#2091=CARTESIAN_POINT('',(3.044032101287E1,1.412648759619E0,3.670581609161E1));
#2092=CARTESIAN_POINT('',(3.044595538348E1,1.420523647996E0,3.671904103686E1));
#2093=CARTESIAN_POINT('',(3.045077785256E1,1.428963740956E0,3.673043392769E1));
#2094=CARTESIAN_POINT('',(3.045470342460E1,1.438444543688E0,3.673982283231E1));
#2095=CARTESIAN_POINT('',(3.045728462242E1,1.449027316469E0,3.674609555027E1));
#2096=CARTESIAN_POINT('',(3.045769819158E1,1.456290483633E0,3.674725896583E1));
#2097=CARTESIAN_POINT('',(3.045757012968E1,1.460000000005E0,3.674705630523E1));
#2099=CARTESIAN_POINT('',(2.867286130475E1,1.460000000006E0,3.499217957260E1));
#2100=CARTESIAN_POINT('',(2.867264831014E1,1.456270799620E0,3.499205003092E1));
#2101=CARTESIAN_POINT('',(2.867388369669E1,1.448981006601E0,3.499248217134E1));
#2102=CARTESIAN_POINT('',(2.868048519961E1,1.438313432551E0,3.499510954129E1));
#2103=CARTESIAN_POINT('',(2.869020809147E1,1.428980454323E0,3.499906670016E1));
#2104=CARTESIAN_POINT('',(2.870197540644E1,1.420566381518E0,3.500389116084E1));
#2105=CARTESIAN_POINT('',(2.871563625039E1,1.412769995978E0,3.500955043055E1));
#2106=CARTESIAN_POINT('',(2.873098465239E1,1.405380713844E0,3.501593978318E1));
#2107=CARTESIAN_POINT('',(2.874799440369E1,1.398338110039E0,3.502308530087E1));
#2108=CARTESIAN_POINT('',(2.876671487907E1,1.391488925810E0,3.503098762473E1));
#2109=CARTESIAN_POINT('',(2.878720651776E1,1.384836266450E0,3.503971638042E1));
#2110=CARTESIAN_POINT('',(2.880956057301E1,1.378293337832E0,3.504929440244E1));
#2111=CARTESIAN_POINT('',(2.883388527881E1,1.371876321814E0,3.505981270215E1));
#2112=CARTESIAN_POINT('',(2.886031219797E1,1.365540485939E0,3.507132361992E1));
#2113=CARTESIAN_POINT('',(2.888898348802E1,1.359305206692E0,3.508393037119E1));
#2114=CARTESIAN_POINT('',(2.892006017434E1,1.353162624503E0,3.509771653897E1));
#2115=CARTESIAN_POINT('',(2.895372078659E1,1.347135465992E0,3.511279713859E1));
#2116=CARTESIAN_POINT('',(2.899015896622E1,1.341251165102E0,3.512929381451E1));
#2117=CARTESIAN_POINT('',(2.902959176593E1,1.335546498844E0,3.514733675921E1));
#2118=CARTESIAN_POINT('',(2.907225142455E1,1.330086565657E0,3.516708875385E1));
#2119=CARTESIAN_POINT('',(2.911840073939E1,1.324944469035E0,3.518871025425E1));
#2120=CARTESIAN_POINT('',(2.916832405069E1,1.320234313895E0,3.521240415640E1));
#2121=CARTESIAN_POINT('',(2.922235369081E1,1.316101885464E0,3.523839048571E1));
#2122=CARTESIAN_POINT('',(2.928078522781E1,1.312753500025E0,3.526688659114E1));
#2123=CARTESIAN_POINT('',(2.932310525745E1,1.311229613007E0,3.528782795115E1));
#2124=CARTESIAN_POINT('',(2.934506032547E1,1.310716547262E0,3.529877790009E1));
#2126=CARTESIAN_POINT('',(3.047524874985E1,1.21E0,3.653241713942E1));
#2127=CARTESIAN_POINT('',(3.048085549453E1,1.21E0,3.655641607356E1));
#2128=CARTESIAN_POINT('',(3.049130178234E1,1.21E0,3.660291197157E1));
#2129=CARTESIAN_POINT('',(3.050391171268E1,1.21E0,3.666732441922E1));
#2130=CARTESIAN_POINT('',(3.051360320189E1,1.21E0,3.672938294559E1));
#2131=CARTESIAN_POINT('',(3.051991988178E1,1.210000000001E0,3.678987863106E1));
#2132=CARTESIAN_POINT('',(3.052150400489E1,1.209999999998E0,3.682979434127E1));
#2133=CARTESIAN_POINT('',(3.052150400489E1,1.209999999998E0,3.684959659850E1));
#2135=CARTESIAN_POINT('',(3.015847516865E1,1.310932601898E0,3.610604702054E1));
#2136=CARTESIAN_POINT('',(3.017681499337E1,1.310939222475E0,3.612842673130E1));
#2137=CARTESIAN_POINT('',(3.021169522726E1,1.309998482889E0,3.617169885318E1));
#2138=CARTESIAN_POINT('',(3.025886847920E1,1.306241392447E0,3.623196400697E1));
#2139=CARTESIAN_POINT('',(3.030130863334E1,1.300343454717E0,3.628766853735E1));
#2140=CARTESIAN_POINT('',(3.033956994596E1,1.292283316135E0,3.633915402204E1));
#2141=CARTESIAN_POINT('',(3.037410834104E1,1.281832132474E0,3.638671251591E1));
#2142=CARTESIAN_POINT('',(3.040491922881E1,1.268749510651E0,3.643004623862E1));
#2143=CARTESIAN_POINT('',(3.043203955424E1,1.252776629221E0,3.646892493769E1));
#2144=CARTESIAN_POINT('',(3.045567425512E1,1.233510479093E0,3.650338935137E1));
#2145=CARTESIAN_POINT('',(3.046911131544E1,1.218261231348E0,3.652327936783E1));
#2146=CARTESIAN_POINT('',(3.047524874985E1,1.21E0,3.653241713942E1));
#2148=CARTESIAN_POINT('',(3.011930534770E1,1.460000000037E0,3.696054399640E1));
#2149=DIRECTION('',(-8.725701430865E-3,9.998663483942E-1,-1.382560969120E-2));
#2150=DIRECTION('',(9.999619230642E-1,8.726535498375E-3,7.105427357601E-14));
#2151=AXIS2_PLACEMENT_3D('',#2148,#2149,#2150);
#2153=CARTESIAN_POINT('',(2.154734905602E1,1.81E0,3.695571042708E1));
#2154=DIRECTION('',(-8.725705585674E-3,-9.998668244986E-1,1.379113226175E-2));
#2155=DIRECTION('',(-9.999619230642E-1,8.726535498283E-3,0.E0));
#2156=AXIS2_PLACEMENT_3D('',#2153,#2154,#2155);
#2158=CARTESIAN_POINT('',(2.154734905602E1,1.81E0,3.695571042708E1));
#2159=DIRECTION('',(5.346724995895E-1,0.E0,-8.450593577866E-1));
#2160=DIRECTION('',(-8.450593577866E-1,0.E0,-5.346724995895E-1));
#2161=AXIS2_PLACEMENT_3D('',#2158,#2159,#2160);
#2163=CARTESIAN_POINT('',(2.154734905602E1,1.81E0,3.695571042708E1));
#2164=DIRECTION('',(0.E0,0.E0,1.E0));
#2165=DIRECTION('',(0.E0,1.E0,0.E0));
#2166=AXIS2_PLACEMENT_3D('',#2163,#2164,#2165);
#2168=CARTESIAN_POINT('',(2.58318E1,1.81E0,3.96665E1));
#2169=DIRECTION('',(0.E0,1.E0,0.E0));
#2170=DIRECTION('',(-5.203795243973E-1,0.E0,-8.539350974097E-1));
#2171=AXIS2_PLACEMENT_3D('',#2168,#2169,#2170);
#2173=CARTESIAN_POINT('',(2.120932531293E1,1.81E0,3.674184142720E1));
#2174=CARTESIAN_POINT('',(2.120895887751E1,1.771081178139E0,3.674242058488E1));
#2175=CARTESIAN_POINT('',(2.120822618648E1,1.693263489733E0,3.674357908006E1));
#2176=CARTESIAN_POINT('',(2.120712776190E1,1.576596823057E0,3.674531740803E1));
#2177=CARTESIAN_POINT('',(2.120639574204E1,1.498858955924E0,3.674647659247E1));
#2178=CARTESIAN_POINT('',(2.120602987028E1,1.460000000010E0,3.674705630520E1));
#2180=CARTESIAN_POINT('',(2.58318E1,1.46E0,3.96665E1));
#2181=DIRECTION('',(0.E0,1.E0,0.E0));
#2182=DIRECTION('',(-5.193896283340E-1,0.E0,-8.545375439260E-1));
#2183=AXIS2_PLACEMENT_3D('',#2180,#2181,#2182);
#2185=CARTESIAN_POINT('',(2.299073869529E1,1.460000000003E0,3.499217957265E1));
#2186=CARTESIAN_POINT('',(2.299013676310E1,1.498857238225E0,3.499254542824E1));
#2187=CARTESIAN_POINT('',(2.298893315111E1,1.576592815115E0,3.499327742913E1));
#2188=CARTESIAN_POINT('',(2.298712821830E1,1.693259481796E0,3.499437585264E1));
#2189=CARTESIAN_POINT('',(2.298592534334E1,1.771079460451E0,3.499510856548E1));
#2190=CARTESIAN_POINT('',(2.298532400169E1,1.81E0,3.499547501708E1));
#2192=CARTESIAN_POINT('',(2.149531477796E1,1.311534649340E0,3.612542815612E1));
#2193=CARTESIAN_POINT('',(2.157848896729E1,1.311482647345E0,3.602300045204E1));
#2194=CARTESIAN_POINT('',(2.175201538120E1,1.311383430005E0,3.582415948904E1));
#2195=CARTESIAN_POINT('',(2.203169068620E1,1.311248965606E0,3.554597961273E1));
#2196=CARTESIAN_POINT('',(2.223143036732E1,1.311167976381E0,3.537354489807E1));
#2197=CARTESIAN_POINT('',(2.233427942830E1,1.311129642728E0,3.529093707458E1));
#2199=CARTESIAN_POINT('',(2.233427942830E1,1.311129642728E0,3.529093707458E1));
#2200=CARTESIAN_POINT('',(2.235656679769E1,1.311779548454E0,3.527986091213E1));
#2201=CARTESIAN_POINT('',(2.239947344673E1,1.313574098172E0,3.525871927536E1));
#2202=CARTESIAN_POINT('',(2.245854541227E1,1.317304255670E0,3.523002497421E1));
#2203=CARTESIAN_POINT('',(2.251301493778E1,1.321799088204E0,3.520394808720E1));
#2204=CARTESIAN_POINT('',(2.256320092626E1,1.326848946013E0,3.518024013910E1));
#2205=CARTESIAN_POINT('',(2.260946887046E1,1.332311408708E0,3.515866770893E1));
#2206=CARTESIAN_POINT('',(2.265212517643E1,1.338078831531E0,3.513902072699E1));
#2207=CARTESIAN_POINT('',(2.269144000176E1,1.344070718512E0,3.512111879561E1));
#2208=CARTESIAN_POINT('',(2.272766883381E1,1.350240467193E0,3.510480918286E1));
#2209=CARTESIAN_POINT('',(2.276103215465E1,1.356537142216E0,3.508993620968E1));
#2210=CARTESIAN_POINT('',(2.279174017285E1,1.362952861014E0,3.507638919044E1));
#2211=CARTESIAN_POINT('',(2.281997764607E1,1.369460776943E0,3.506403943665E1));
#2212=CARTESIAN_POINT('',(2.284590826252E1,1.376071268677E0,3.505280167587E1));
#2213=CARTESIAN_POINT('',(2.286968682056E1,1.382792078520E0,3.504258081362E1));
#2214=CARTESIAN_POINT('',(2.289143475505E1,1.389636634398E0,3.503330198604E1));
#2215=CARTESIAN_POINT('',(2.291126937829E1,1.396666973951E0,3.502491074540E1));
#2216=CARTESIAN_POINT('',(2.292925279197E1,1.403895292524E0,3.501734649467E1));
#2217=CARTESIAN_POINT('',(2.294545539064E1,1.411466290867E0,3.501059221189E1));
#2218=CARTESIAN_POINT('',(2.295987396894E1,1.419454532086E0,3.500461251980E1));
#2219=CARTESIAN_POINT('',(2.297228238649E1,1.428062548249E0,3.499952003182E1));
#2220=CARTESIAN_POINT('',(2.298257099667E1,1.437617935436E0,3.499532756206E1));
#2221=CARTESIAN_POINT('',(2.298961749332E1,1.448605682273E0,3.499251948550E1));
#2222=CARTESIAN_POINT('',(2.299095915349E1,1.456140101192E0,3.499204549171E1));
#2223=CARTESIAN_POINT('',(2.299073869529E1,1.460000000003E0,3.499217957265E1));
#2225=CARTESIAN_POINT('',(2.120602987028E1,1.460000000010E0,3.674705630520E1));
#2226=CARTESIAN_POINT('',(2.120589777247E1,1.456173589586E0,3.674726535263E1));
#2227=CARTESIAN_POINT('',(2.120634778425E1,1.448690610730E0,3.674601207482E1));
#2228=CARTESIAN_POINT('',(2.120908770015E1,1.437808980580E0,3.673935671595E1));
#2229=CARTESIAN_POINT('',(2.121323422279E1,1.428127250930E0,3.672945840546E1));
#2230=CARTESIAN_POINT('',(2.121829223404E1,1.419508794717E0,3.671751271648E1));
#2231=CARTESIAN_POINT('',(2.122422086638E1,1.411465009734E0,3.670361848806E1));
#2232=CARTESIAN_POINT('',(2.123093695479E1,1.403883846801E0,3.668799240059E1));
#2233=CARTESIAN_POINT('',(2.123843425080E1,1.396626015012E0,3.667066316090E1));
#2234=CARTESIAN_POINT('',(2.124673905396E1,1.389611419860E0,3.665159914948E1));
#2235=CARTESIAN_POINT('',(2.125590290665E1,1.382775965837E0,3.663071277478E1));
#2236=CARTESIAN_POINT('',(2.126597183763E1,1.376083817858E0,3.660792595658E1));
#2237=CARTESIAN_POINT('',(2.127702102715E1,1.369517272854E0,3.658312084229E1));
#2238=CARTESIAN_POINT('',(2.128912019198E1,1.363056207033E0,3.655616686906E1));
#2239=CARTESIAN_POINT('',(2.130237053697E1,1.356710463833E0,3.652691395906E1));
#2240=CARTESIAN_POINT('',(2.131686025561E1,1.350478301708E0,3.649519664990E1));
#2241=CARTESIAN_POINT('',(2.133271802598E1,1.344393665345E0,3.646083378566E1));
#2242=CARTESIAN_POINT('',(2.135005683546E1,1.338477695857E0,3.642361850240E1));
#2243=CARTESIAN_POINT('',(2.136903517189E1,1.332793450025E0,3.638333700735E1));
#2244=CARTESIAN_POINT('',(2.138980024513E1,1.327399168149E0,3.633973434486E1));
#2245=CARTESIAN_POINT('',(2.141254564235E1,1.322400374434E0,3.629255160477E1));
#2246=CARTESIAN_POINT('',(2.143747148786E1,1.317920771003E0,3.624146714350E1));
#2247=CARTESIAN_POINT('',(2.146479152705E1,1.314146835217E0,3.618621296724E1));
#2248=CARTESIAN_POINT('',(2.148483357701E1,1.312257750408E0,3.614619202006E1));
#2249=CARTESIAN_POINT('',(2.149531477796E1,1.311534649340E0,3.612542815612E1));
#2251=CARTESIAN_POINT('',(2.58318E1,2.1576E0,3.84165E1));
#2252=DIRECTION('',(0.E0,1.E0,0.E0));
#2253=DIRECTION('',(0.E0,0.E0,-1.E0));
#2254=AXIS2_PLACEMENT_3D('',#2251,#2252,#2253);
#2256=DIRECTION('',(0.E0,-1.E0,0.E0));
#2257=VECTOR('',#2256,5.24E-2);
#2258=CARTESIAN_POINT('',(2.58318E1,2.21E0,3.80215E1));
#2259=LINE('',#2258,#2257);
#2260=CARTESIAN_POINT('',(2.58318E1,2.1576E0,3.84165E1));
#2261=DIRECTION('',(0.E0,1.E0,0.E0));
#2262=DIRECTION('',(0.E0,0.E0,1.E0));
#2263=AXIS2_PLACEMENT_3D('',#2260,#2261,#2262);
#2265=DIRECTION('',(0.E0,-1.E0,0.E0));
#2266=VECTOR('',#2265,5.24E-2);
#2267=CARTESIAN_POINT('',(2.58318E1,2.21E0,3.88115E1));
#2268=LINE('',#2267,#2266);
#2269=CARTESIAN_POINT('',(2.230206334039E1,2.2E0,4.08765E1));
#2270=DIRECTION('',(0.E0,0.E0,-1.E0));
#2271=DIRECTION('',(-1.869849304632E-14,1.E0,0.E0));
#2272=AXIS2_PLACEMENT_3D('',#2269,#2270,#2271);
#2274=CARTESIAN_POINT('',(2.21718E1,2.39E0,4.08765E1));
#2275=DIRECTION('',(0.E0,1.E0,0.E0));
#2276=DIRECTION('',(1.E0,0.E0,0.E0));
#2277=AXIS2_PLACEMENT_3D('',#2274,#2275,#2276);
#2279=CARTESIAN_POINT('',(2.21718E1,2.39E0,4.08765E1));
#2280=DIRECTION('',(0.E0,1.E0,0.E0));
#2281=DIRECTION('',(-1.E0,0.E0,0.E0));
#2282=AXIS2_PLACEMENT_3D('',#2279,#2280,#2281);
#2284=CARTESIAN_POINT('',(2.204153665961E1,2.2E0,4.08765E1));
#2285=DIRECTION('',(0.E0,0.E0,1.E0));
#2286=DIRECTION('',(0.E0,1.E0,0.E0));
#2287=AXIS2_PLACEMENT_3D('',#2284,#2285,#2286);
#2289=DIRECTION('',(0.E0,0.E0,-1.E0));
#2290=VECTOR('',#2289,4.689496357256E0);
#2291=CARTESIAN_POINT('',(2.09848E1,1.21E0,4.15592E1));
#2292=LINE('',#2291,#2290);
#2293=DIRECTION('',(0.E0,1.E0,0.E0));
#2294=VECTOR('',#2293,9.476E-1);
#2295=CARTESIAN_POINT('',(2.09848E1,1.21E0,4.15592E1));
#2296=LINE('',#2295,#2294);
#2297=DIRECTION('',(0.E0,0.E0,-1.E0));
#2298=VECTOR('',#2297,4.689496357256E0);
#2299=CARTESIAN_POINT('',(2.09848E1,2.1576E0,4.15592E1));
#2300=LINE('',#2299,#2298);
#2301=CARTESIAN_POINT('',(2.14848E1,1.21E0,4.15592E1));
#2302=DIRECTION('',(0.E0,-1.E0,0.E0));
#2303=DIRECTION('',(-1.421085471520E-14,0.E0,1.E0));
#2304=AXIS2_PLACEMENT_3D('',#2301,#2302,#2303);
#2306=DIRECTION('',(0.E0,1.E0,0.E0));
#2307=VECTOR('',#2306,9.476E-1);
#2308=CARTESIAN_POINT('',(2.14848E1,1.21E0,4.20592E1));
#2309=LINE('',#2308,#2307);
#2310=CARTESIAN_POINT('',(2.14848E1,2.1576E0,4.15592E1));
#2311=DIRECTION('',(0.E0,-1.E0,0.E0));
#2312=DIRECTION('',(0.E0,0.E0,1.E0));
#2313=AXIS2_PLACEMENT_3D('',#2310,#2311,#2312);
#2315=DIRECTION('',(-1.E0,0.E0,0.E0));
#2316=VECTOR('',#2315,8.7E0);
#2317=CARTESIAN_POINT('',(3.01848E1,1.21E0,4.20592E1));
#2318=LINE('',#2317,#2316);
#2319=DIRECTION('',(0.E0,1.E0,0.E0));
#2320=VECTOR('',#2319,9.476E-1);
#2321=CARTESIAN_POINT('',(3.01848E1,1.21E0,4.20592E1));
#2322=LINE('',#2321,#2320);
#2323=DIRECTION('',(-1.E0,0.E0,0.E0));
#2324=VECTOR('',#2323,8.7E0);
#2325=CARTESIAN_POINT('',(3.01848E1,2.1576E0,4.20592E1));
#2326=LINE('',#2325,#2324);
#2327=CARTESIAN_POINT('',(3.01848E1,1.21E0,4.15592E1));
#2328=DIRECTION('',(0.E0,-1.E0,0.E0));
#2329=DIRECTION('',(1.E0,0.E0,0.E0));
#2330=AXIS2_PLACEMENT_3D('',#2327,#2328,#2329);
#2332=DIRECTION('',(0.E0,1.E0,0.E0));
#2333=VECTOR('',#2332,9.476E-1);
#2334=CARTESIAN_POINT('',(3.06848E1,1.21E0,4.15592E1));
#2335=LINE('',#2334,#2333);
#2336=CARTESIAN_POINT('',(3.01848E1,2.1576E0,4.15592E1));
#2337=DIRECTION('',(0.E0,-1.E0,0.E0));
#2338=DIRECTION('',(1.E0,0.E0,0.E0));
#2339=AXIS2_PLACEMENT_3D('',#2336,#2337,#2338);
#2341=DIRECTION('',(0.E0,0.E0,1.E0));
#2342=VECTOR('',#2341,4.070777734709E0);
#2343=CARTESIAN_POINT('',(1.95483E1,-2.77E0,3.692342226529E1));
#2344=LINE('',#2343,#2342);
#2345=CARTESIAN_POINT('',(2.27233E1,-2.77E0,4.09942E1));
#2346=DIRECTION('',(0.E0,1.E0,0.E0));
#2347=DIRECTION('',(-1.E0,0.E0,0.E0));
#2348=AXIS2_PLACEMENT_3D('',#2345,#2346,#2347);
#2350=DIRECTION('',(1.E0,0.E0,0.E0));
#2351=VECTOR('',#2350,6.223E0);
#2352=CARTESIAN_POINT('',(2.27233E1,-2.77E0,4.41692E1));
#2353=LINE('',#2352,#2351);
#2354=CARTESIAN_POINT('',(2.89463E1,-2.77E0,4.09942E1));
#2355=DIRECTION('',(0.E0,1.E0,0.E0));
#2356=DIRECTION('',(0.E0,0.E0,1.E0));
#2357=AXIS2_PLACEMENT_3D('',#2354,#2355,#2356);
#2359=DIRECTION('',(0.E0,0.E0,-1.E0));
#2360=VECTOR('',#2359,4.070777734709E0);
#2361=CARTESIAN_POINT('',(3.21213E1,-2.77E0,4.09942E1));
#2362=LINE('',#2361,#2360);
#2363=CARTESIAN_POINT('',(2.58348E1,-2.77E0,3.78192E1));
#2364=DIRECTION('',(0.E0,1.E0,0.E0));
#2365=DIRECTION('',(9.9E-1,0.E0,-1.410673597967E-1));
#2366=AXIS2_PLACEMENT_3D('',#2363,#2364,#2365);
#2368=CARTESIAN_POINT('',(2.58348E1,-2.77E0,3.78192E1));
#2369=DIRECTION('',(0.E0,-1.E0,0.E0));
#2370=DIRECTION('',(-1.E0,0.E0,0.E0));
#2371=AXIS2_PLACEMENT_3D('',#2368,#2369,#2370);
#2373=CARTESIAN_POINT('',(2.58348E1,-2.77E0,3.78192E1));
#2374=DIRECTION('',(0.E0,-1.E0,0.E0));
#2375=DIRECTION('',(1.E0,0.E0,0.E0));
#2376=AXIS2_PLACEMENT_3D('',#2373,#2374,#2375);
#2378=DIRECTION('',(0.E0,1.E0,0.E0));
#2379=VECTOR('',#2378,3.1E-1);
#2380=CARTESIAN_POINT('',(2.05008E1,-2.77E0,3.78192E1));
#2381=LINE('',#2380,#2379);
#2382=DIRECTION('',(0.E0,1.E0,0.E0));
#2383=VECTOR('',#2382,3.1E-1);
#2384=CARTESIAN_POINT('',(3.11688E1,-2.77E0,3.78192E1));
#2385=LINE('',#2384,#2383);
#2386=CARTESIAN_POINT('',(2.58348E1,-2.46E0,3.78192E1));
#2387=DIRECTION('',(0.E0,-1.E0,0.E0));
#2388=DIRECTION('',(-1.E0,0.E0,0.E0));
#2389=AXIS2_PLACEMENT_3D('',#2386,#2387,#2388);
#2391=CARTESIAN_POINT('',(2.58348E1,-2.46E0,3.78192E1));
#2392=DIRECTION('',(0.E0,-1.E0,0.E0));
#2393=DIRECTION('',(1.E0,0.E0,0.E0));
#2394=AXIS2_PLACEMENT_3D('',#2391,#2392,#2393);
#2396=CARTESIAN_POINT('',(2.58348E1,-2.4424E0,3.78192E1));
#2397=DIRECTION('',(0.E0,1.E0,0.E0));
#2398=DIRECTION('',(1.E0,0.E0,0.E0));
#2399=AXIS2_PLACEMENT_3D('',#2396,#2397,#2398);
#2401=DIRECTION('',(0.E0,-1.E0,0.E0));
#2402=VECTOR('',#2401,1.76E-2);
#2403=CARTESIAN_POINT('',(2.63428E1,-2.4424E0,3.78192E1));
#2404=LINE('',#2403,#2402);
#2405=CARTESIAN_POINT('',(2.58348E1,-2.46E0,3.78192E1));
#2406=DIRECTION('',(0.E0,1.E0,0.E0));
#2407=DIRECTION('',(1.E0,0.E0,0.E0));
#2408=AXIS2_PLACEMENT_3D('',#2405,#2406,#2407);
#2410=CARTESIAN_POINT('',(2.58348E1,-2.4424E0,3.78192E1));
#2411=DIRECTION('',(0.E0,1.E0,0.E0));
#2412=DIRECTION('',(-1.E0,0.E0,0.E0));
#2413=AXIS2_PLACEMENT_3D('',#2410,#2411,#2412);
#2415=DIRECTION('',(0.E0,-1.E0,0.E0));
#2416=VECTOR('',#2415,1.76E-2);
#2417=CARTESIAN_POINT('',(2.53268E1,-2.4424E0,3.78192E1));
#2418=LINE('',#2417,#2416);
#2419=CARTESIAN_POINT('',(2.58348E1,-2.46E0,3.78192E1));
#2420=DIRECTION('',(0.E0,1.E0,0.E0));
#2421=DIRECTION('',(-1.E0,0.E0,0.E0));
#2422=AXIS2_PLACEMENT_3D('',#2419,#2420,#2421);
#2424=DIRECTION('',(0.E0,1.E0,0.E0));
#2425=VECTOR('',#2424,3.302E-1);
#2426=CARTESIAN_POINT('',(2.0704E1,1.3E-1,4.304067318819E1));
#2427=LINE('',#2426,#2425);
#2428=CARTESIAN_POINT('',(2.27233E1,1.3E-1,4.09942E1));
#2429=DIRECTION('',(0.E0,1.E0,0.E0));
#2430=DIRECTION('',(-7.023652173913E-1,0.E0,7.118167611112E-1));
#2431=AXIS2_PLACEMENT_3D('',#2428,#2429,#2430);
#2433=DIRECTION('',(0.E0,0.E0,1.E0));
#2434=VECTOR('',#2433,3.845295137831E-1);
#2435=CARTESIAN_POINT('',(2.08348E1,1.3E-1,4.316196215254E1));
#2436=LINE('',#2435,#2434);
#2437=CARTESIAN_POINT('',(2.27233E1,1.3E-1,4.09942E1));
#2438=DIRECTION('',(0.E0,1.E0,0.E0));
#2439=DIRECTION('',(-6.36E-1,0.E0,7.716890565506E-1));
#2440=AXIS2_PLACEMENT_3D('',#2437,#2438,#2439);
#2442=DIRECTION('',(0.E0,0.E0,-1.E0));
#2443=VECTOR('',#2442,4.036395663535E-1);
#2444=CARTESIAN_POINT('',(2.0704E1,1.3E-1,4.344431275455E1));
#2445=LINE('',#2444,#2443);
#2446=DIRECTION('',(0.E0,1.E0,0.E0));
#2447=VECTOR('',#2446,1.25E0);
#2448=CARTESIAN_POINT('',(2.08348E1,-1.12E0,4.316196215254E1));
#2449=LINE('',#2448,#2447);
#2450=CARTESIAN_POINT('',(2.27233E1,-1.12E0,4.09942E1));
#2451=DIRECTION('',(0.E0,1.E0,0.E0));
#2452=DIRECTION('',(-6.568695652174E-1,0.E0,7.540042269716E-1));
#2453=AXIS2_PLACEMENT_3D('',#2450,#2451,#2452);
#2455=DIRECTION('',(0.E0,0.E0,-1.E0));
#2456=VECTOR('',#2455,3.243602268309E-1);
#2457=CARTESIAN_POINT('',(2.15748E1,-1.12E0,4.395419539696E1));
#2458=LINE('',#2457,#2456);
#2459=DIRECTION('',(0.E0,0.E0,1.E0));
#2460=VECTOR('',#2459,3.845295137831E-1);
#2461=CARTESIAN_POINT('',(2.08348E1,-1.12E0,4.316196215254E1));
#2462=LINE('',#2461,#2460);
#2463=DIRECTION('',(0.E0,1.E0,0.E0));
#2464=VECTOR('',#2463,8.5E-1);
#2465=CARTESIAN_POINT('',(2.15748E1,-1.97E0,4.362983517013E1));
#2466=LINE('',#2465,#2464);
#2467=CARTESIAN_POINT('',(3.07848E1,0.E0,4.4577E1));
#2468=CARTESIAN_POINT('',(3.07848E1,-1.02E0,4.4577E1));
#2469=VERTEX_POINT('',#2467);
#2470=VERTEX_POINT('',#2468);
#2471=CARTESIAN_POINT('',(2.08788E1,0.E0,4.4577E1));
#2472=CARTESIAN_POINT('',(2.08788E1,-1.02E0,4.4577E1));
#2473=VERTEX_POINT('',#2471);
#2474=VERTEX_POINT('',#2472);
#2475=CARTESIAN_POINT('',(2.58318E1,2.21E0,3.80215E1));
#2476=CARTESIAN_POINT('',(2.58318E1,2.21E0,3.88115E1));
#2477=VERTEX_POINT('',#2475);
#2478=VERTEX_POINT('',#2476);
#2479=CARTESIAN_POINT('',(2.154734905602E1,2.21E0,3.695571863452E1));
#2480=CARTESIAN_POINT('',(2.154734905602E1,2.21E0,4.14015E1));
#2481=VERTEX_POINT('',#2479);
#2482=VERTEX_POINT('',#2480);
#2483=CARTESIAN_POINT('',(2.114736428680E1,1.813490614199E0,3.695571042704E1));
#2484=CARTESIAN_POINT('',(2.114736428680E1,1.813490614200E0,4.140149999963E1));
#2485=VERTEX_POINT('',#2483);
#2486=VERTEX_POINT('',#2484);
#2487=CARTESIAN_POINT('',(2.16418E1,2.21E0,4.149595094398E1));
#2488=VERTEX_POINT('',#2487);
#2489=CARTESIAN_POINT('',(2.16418E1,1.813490614199E0,4.189593571320E1));
#2490=VERTEX_POINT('',#2489);
#2491=CARTESIAN_POINT('',(3.00218E1,2.21E0,4.149595094398E1));
#2492=VERTEX_POINT('',#2491);
#2493=CARTESIAN_POINT('',(3.002179999963E1,1.813490614200E0,4.189593571320E1));
#2494=VERTEX_POINT('',#2493);
#2495=CARTESIAN_POINT('',(3.011625094398E1,2.21E0,4.14015E1));
#2496=VERTEX_POINT('',#2495);
#2497=CARTESIAN_POINT('',(3.051623571320E1,1.813490614199E0,4.14015E1));
#2498=VERTEX_POINT('',#2497);
#2499=CARTESIAN_POINT('',(3.011625094398E1,2.21E0,3.695571905375E1));
#2500=VERTEX_POINT('',#2499);
#2501=CARTESIAN_POINT('',(3.051623571320E1,1.813490614199E0,3.695571042704E1));
#2502=VERTEX_POINT('',#2501);
#2503=CARTESIAN_POINT('',(2.847011662975E1,2.21E0,3.533704905602E1));
#2504=CARTESIAN_POINT('',(2.319348335337E1,2.21E0,3.533704905602E1));
#2505=VERTEX_POINT('',#2503);
#2506=VERTEX_POINT('',#2504);
#2507=CARTESIAN_POINT('',(2.847012418857E1,1.813490614199E0,3.493706428680E1));
#2508=CARTESIAN_POINT('',(2.319347581143E1,1.813490614199E0,3.493706428680E1));
#2509=VERTEX_POINT('',#2507);
#2510=VERTEX_POINT('',#2508);
#2511=CARTESIAN_POINT('',(2.120932531291E1,1.81E0,3.674184142725E1));
#2512=VERTEX_POINT('',#2511);
#2513=CARTESIAN_POINT('',(2.298532400174E1,1.81E0,3.499547501705E1));
#2514=VERTEX_POINT('',#2513);
#2515=CARTESIAN_POINT('',(3.045427468709E1,1.81E0,3.674184142725E1));
#2516=VERTEX_POINT('',#2515);
#2517=CARTESIAN_POINT('',(2.867827599826E1,1.81E0,3.499547501705E1));
#2518=VERTEX_POINT('',#2517);
#2519=VERTEX_POINT('',#1698);
#2520=VERTEX_POINT('',#2036);
#2521=VERTEX_POINT('',#2043);
#2522=VERTEX_POINT('',#1783);
#2523=VERTEX_POINT('',#2185);
#2524=VERTEX_POINT('',#1704);
#2525=VERTEX_POINT('',#1851);
#2526=VERTEX_POINT('',#2178);
#2527=CARTESIAN_POINT('',(2.230206334039E1,2.39E0,4.08765E1));
#2528=CARTESIAN_POINT('',(2.204153665961E1,2.39E0,4.08765E1));
#2529=VERTEX_POINT('',#2527);
#2530=VERTEX_POINT('',#2528);
#2531=CARTESIAN_POINT('',(2.24918E1,2.21E0,4.08765E1));
#2532=CARTESIAN_POINT('',(2.18518E1,2.21E0,4.08765E1));
#2533=VERTEX_POINT('',#2531);
#2534=VERTEX_POINT('',#2532);
#2535=CARTESIAN_POINT('',(2.7355E1,0.E0,4.5845E1));
#2536=CARTESIAN_POINT('',(2.7735E1,0.E0,4.5465E1));
#2537=VERTEX_POINT('',#2535);
#2538=VERTEX_POINT('',#2536);
#2539=CARTESIAN_POINT('',(2.6465E1,0.E0,4.5465E1));
#2540=CARTESIAN_POINT('',(2.6845E1,0.E0,4.5845E1));
#2541=VERTEX_POINT('',#2539);
#2542=VERTEX_POINT('',#2540);
#2543=CARTESIAN_POINT('',(2.2275E1,0.E0,4.5845E1));
#2544=CARTESIAN_POINT('',(2.2655E1,0.E0,4.5465E1));
#2545=VERTEX_POINT('',#2543);
#2546=VERTEX_POINT('',#2544);
#2547=CARTESIAN_POINT('',(2.1385E1,0.E0,4.5465E1));
#2548=CARTESIAN_POINT('',(2.1765E1,0.E0,4.5845E1));
#2549=VERTEX_POINT('',#2547);
#2550=VERTEX_POINT('',#2548);
#2551=CARTESIAN_POINT('',(2.7355E1,2.5E-1,4.5845E1));
#2552=CARTESIAN_POINT('',(2.7735E1,2.5E-1,4.5465E1));
#2553=VERTEX_POINT('',#2551);
#2554=VERTEX_POINT('',#2552);
#2555=CARTESIAN_POINT('',(2.6465E1,2.5E-1,4.5465E1));
#2556=CARTESIAN_POINT('',(2.6845E1,2.5E-1,4.5845E1));
#2557=VERTEX_POINT('',#2555);
#2558=VERTEX_POINT('',#2556);
#2559=CARTESIAN_POINT('',(2.2275E1,2.5E-1,4.5845E1));
#2560=CARTESIAN_POINT('',(2.2655E1,2.5E-1,4.5465E1));
#2561=VERTEX_POINT('',#2559);
#2562=VERTEX_POINT('',#2560);
#2563=CARTESIAN_POINT('',(2.1385E1,2.5E-1,4.5465E1));
#2564=CARTESIAN_POINT('',(2.1765E1,2.5E-1,4.5845E1));
#2565=VERTEX_POINT('',#2563);
#2566=VERTEX_POINT('',#2564);
#2567=CARTESIAN_POINT('',(2.23248E1,-4.E-3,4.483E1));
#2568=CARTESIAN_POINT('',(2.17152E1,-4.E-3,4.483E1));
#2569=VERTEX_POINT('',#2567);
#2570=VERTEX_POINT('',#2568);
#2571=CARTESIAN_POINT('',(2.23248E1,2.5E-1,4.5084E1));
#2572=CARTESIAN_POINT('',(2.17152E1,2.5E-1,4.5084E1));
#2573=VERTEX_POINT('',#2571);
#2574=VERTEX_POINT('',#2572);
#2575=CARTESIAN_POINT('',(2.23248E1,0.E0,4.483003149802E1));
#2576=VERTEX_POINT('',#2575);
#2577=CARTESIAN_POINT('',(2.17152E1,0.E0,4.483003149802E1));
#2578=VERTEX_POINT('',#2577);
#2579=CARTESIAN_POINT('',(2.17152E1,-7.112E-1,4.5084E1));
#2580=CARTESIAN_POINT('',(2.17152E1,-1.265449351205E0,4.445403050732E1));
#2581=VERTEX_POINT('',#2579);
#2582=VERTEX_POINT('',#2580);
#2583=CARTESIAN_POINT('',(2.17152E1,-1.169034238362E0,4.370317488470E1));
#2584=VERTEX_POINT('',#2583);
#2585=CARTESIAN_POINT('',(2.23248E1,-7.112E-1,4.5084E1));
#2586=CARTESIAN_POINT('',(2.23248E1,-1.265449351205E0,4.445403050732E1));
#2587=VERTEX_POINT('',#2585);
#2588=VERTEX_POINT('',#2586);
#2589=CARTESIAN_POINT('',(2.17152E1,-7.112E-1,4.483E1));
#2590=CARTESIAN_POINT('',(2.23248E1,-7.112E-1,4.483E1));
#2591=VERTEX_POINT('',#2589);
#2592=VERTEX_POINT('',#2590);
#2593=CARTESIAN_POINT('',(2.42552E1,-7.112E-1,4.5084E1));
#2594=CARTESIAN_POINT('',(2.42552E1,-1.265449351205E0,4.445403050732E1));
#2595=VERTEX_POINT('',#2593);
#2596=VERTEX_POINT('',#2594);
#2597=CARTESIAN_POINT('',(2.48648E1,-7.112E-1,4.5084E1));
#2598=CARTESIAN_POINT('',(2.48648E1,-1.265449351205E0,4.445403050732E1));
#2599=VERTEX_POINT('',#2597);
#2600=VERTEX_POINT('',#2598);
#2601=CARTESIAN_POINT('',(2.42552E1,-7.112E-1,4.483E1));
#2602=CARTESIAN_POINT('',(2.48648E1,-7.112E-1,4.483E1));
#2603=VERTEX_POINT('',#2601);
#2604=VERTEX_POINT('',#2602);
#2605=CARTESIAN_POINT('',(2.67952E1,-7.112E-1,4.5084E1));
#2606=CARTESIAN_POINT('',(2.67952E1,-1.265449351205E0,4.445403050732E1));
#2607=VERTEX_POINT('',#2605);
#2608=VERTEX_POINT('',#2606);
#2609=CARTESIAN_POINT('',(2.74048E1,-7.112E-1,4.5084E1));
#2610=CARTESIAN_POINT('',(2.74048E1,-1.265449351205E0,4.445403050732E1));
#2611=VERTEX_POINT('',#2609);
#2612=VERTEX_POINT('',#2610);
#2613=CARTESIAN_POINT('',(2.67952E1,-7.112E-1,4.483E1));
#2614=CARTESIAN_POINT('',(2.74048E1,-7.112E-1,4.483E1));
#2615=VERTEX_POINT('',#2613);
#2616=VERTEX_POINT('',#2614);
#2617=CARTESIAN_POINT('',(2.23248E1,0.E0,4.5338E1));
#2618=CARTESIAN_POINT('',(2.17152E1,0.E0,4.5338E1));
#2619=VERTEX_POINT('',#2617);
#2620=VERTEX_POINT('',#2618);
#2621=CARTESIAN_POINT('',(2.23248E1,-2.54E-1,4.5084E1));
#2622=CARTESIAN_POINT('',(2.17152E1,-2.54E-1,4.5084E1));
#2623=VERTEX_POINT('',#2621);
#2624=VERTEX_POINT('',#2622);
#2625=CARTESIAN_POINT('',(2.48648E1,0.E0,4.5338E1));
#2626=CARTESIAN_POINT('',(2.42552E1,0.E0,4.5338E1));
#2627=VERTEX_POINT('',#2625);
#2628=VERTEX_POINT('',#2626);
#2629=CARTESIAN_POINT('',(2.48648E1,-2.54E-1,4.5084E1));
#2630=CARTESIAN_POINT('',(2.42552E1,-2.54E-1,4.5084E1));
#2631=VERTEX_POINT('',#2629);
#2632=VERTEX_POINT('',#2630);
#2633=CARTESIAN_POINT('',(2.74048E1,0.E0,4.5338E1));
#2634=CARTESIAN_POINT('',(2.67952E1,0.E0,4.5338E1));
#2635=VERTEX_POINT('',#2633);
#2636=VERTEX_POINT('',#2634);
#2637=CARTESIAN_POINT('',(2.74048E1,-2.54E-1,4.5084E1));
#2638=CARTESIAN_POINT('',(2.67952E1,-2.54E-1,4.5084E1));
#2639=VERTEX_POINT('',#2637);
#2640=VERTEX_POINT('',#2638);
#2641=CARTESIAN_POINT('',(2.74048E1,-4.E-3,4.483E1));
#2642=CARTESIAN_POINT('',(2.67952E1,-4.E-3,4.483E1));
#2643=VERTEX_POINT('',#2641);
#2644=VERTEX_POINT('',#2642);
#2645=CARTESIAN_POINT('',(2.74048E1,2.5E-1,4.5084E1));
#2646=CARTESIAN_POINT('',(2.67952E1,2.5E-1,4.5084E1));
#2647=VERTEX_POINT('',#2645);
#2648=VERTEX_POINT('',#2646);
#2649=CARTESIAN_POINT('',(2.42552E1,-4.E-3,4.483E1));
#2650=VERTEX_POINT('',#2649);
#2651=CARTESIAN_POINT('',(2.48648E1,-4.E-3,4.483E1));
#2652=VERTEX_POINT('',#2651);
#2653=CARTESIAN_POINT('',(2.48648E1,0.E0,4.483002756076E1));
#2654=VERTEX_POINT('',#2653);
#2655=CARTESIAN_POINT('',(2.42552E1,0.E0,4.483002756076E1));
#2656=VERTEX_POINT('',#2655);
#2657=CARTESIAN_POINT('',(2.74048E1,0.E0,4.483002756076E1));
#2658=VERTEX_POINT('',#2657);
#2659=CARTESIAN_POINT('',(2.67952E1,0.E0,4.483002756076E1));
#2660=VERTEX_POINT('',#2659);
#2661=CARTESIAN_POINT('',(2.48648E1,2.5E-1,4.5084E1));
#2662=VERTEX_POINT('',#2661);
#2663=CARTESIAN_POINT('',(2.42552E1,2.5E-1,4.5084E1));
#2664=VERTEX_POINT('',#2663);
#2665=CARTESIAN_POINT('',(2.4815E1,0.E0,4.5845E1));
#2666=CARTESIAN_POINT('',(2.5195E1,0.E0,4.5465E1));
#2667=VERTEX_POINT('',#2665);
#2668=VERTEX_POINT('',#2666);
#2669=CARTESIAN_POINT('',(2.3925E1,0.E0,4.5465E1));
#2670=CARTESIAN_POINT('',(2.4305E1,0.E0,4.5845E1));
#2671=VERTEX_POINT('',#2669);
#2672=VERTEX_POINT('',#2670);
#2673=CARTESIAN_POINT('',(2.9895E1,0.E0,4.5845E1));
#2674=CARTESIAN_POINT('',(3.0275E1,0.E0,4.5465E1));
#2675=VERTEX_POINT('',#2673);
#2676=VERTEX_POINT('',#2674);
#2677=CARTESIAN_POINT('',(2.9005E1,0.E0,4.5465E1));
#2678=CARTESIAN_POINT('',(2.9385E1,0.E0,4.5845E1));
#2679=VERTEX_POINT('',#2677);
#2680=VERTEX_POINT('',#2678);
#2681=CARTESIAN_POINT('',(2.4815E1,2.5E-1,4.5845E1));
#2682=CARTESIAN_POINT('',(2.5195E1,2.5E-1,4.5465E1));
#2683=VERTEX_POINT('',#2681);
#2684=VERTEX_POINT('',#2682);
#2685=CARTESIAN_POINT('',(2.3925E1,2.5E-1,4.5465E1));
#2686=CARTESIAN_POINT('',(2.4305E1,2.5E-1,4.5845E1));
#2687=VERTEX_POINT('',#2685);
#2688=VERTEX_POINT('',#2686);
#2689=CARTESIAN_POINT('',(2.9895E1,2.5E-1,4.5845E1));
#2690=CARTESIAN_POINT('',(3.0275E1,2.5E-1,4.5465E1));
#2691=VERTEX_POINT('',#2689);
#2692=VERTEX_POINT('',#2690);
#2693=CARTESIAN_POINT('',(2.9005E1,2.5E-1,4.5465E1));
#2694=CARTESIAN_POINT('',(2.9385E1,2.5E-1,4.5845E1));
#2695=VERTEX_POINT('',#2693);
#2696=VERTEX_POINT('',#2694);
#2697=CARTESIAN_POINT('',(2.93352E1,-7.112E-1,4.5084E1));
#2698=CARTESIAN_POINT('',(2.93352E1,-1.265449351205E0,4.445403050732E1));
#2699=VERTEX_POINT('',#2697);
#2700=VERTEX_POINT('',#2698);
#2701=CARTESIAN_POINT('',(2.99448E1,-7.112E-1,4.5084E1));
#2702=CARTESIAN_POINT('',(2.99448E1,-1.265449351205E0,4.445403050732E1));
#2703=VERTEX_POINT('',#2701);
#2704=VERTEX_POINT('',#2702);
#2705=CARTESIAN_POINT('',(2.99448E1,-1.169034238362E0,4.370317488470E1));
#2706=VERTEX_POINT('',#2705);
#2707=CARTESIAN_POINT('',(2.93352E1,-7.112E-1,4.483E1));
#2708=CARTESIAN_POINT('',(2.99448E1,-7.112E-1,4.483E1));
#2709=VERTEX_POINT('',#2707);
#2710=VERTEX_POINT('',#2708);
#2711=CARTESIAN_POINT('',(2.99448E1,0.E0,4.5338E1));
#2712=CARTESIAN_POINT('',(2.93352E1,0.E0,4.5338E1));
#2713=VERTEX_POINT('',#2711);
#2714=VERTEX_POINT('',#2712);
#2715=CARTESIAN_POINT('',(2.99448E1,-2.54E-1,4.5084E1));
#2716=CARTESIAN_POINT('',(2.93352E1,-2.54E-1,4.5084E1));
#2717=VERTEX_POINT('',#2715);
#2718=VERTEX_POINT('',#2716);
#2719=CARTESIAN_POINT('',(2.93352E1,0.E0,4.483003149802E1));
#2720=CARTESIAN_POINT('',(2.93352E1,-4.E-3,4.483E1));
#2721=VERTEX_POINT('',#2719);
#2722=VERTEX_POINT('',#2720);
#2723=CARTESIAN_POINT('',(2.99448E1,-4.E-3,4.483E1));
#2724=VERTEX_POINT('',#2723);
#2725=CARTESIAN_POINT('',(2.99448E1,0.E0,4.483003149802E1));
#2726=VERTEX_POINT('',#2725);
#2727=CARTESIAN_POINT('',(2.99448E1,2.5E-1,4.5084E1));
#2728=CARTESIAN_POINT('',(2.93352E1,2.5E-1,4.5084E1));
#2729=VERTEX_POINT('',#2727);
#2730=VERTEX_POINT('',#2728);
#2731=CARTESIAN_POINT('',(2.9385E1,0.E0,5.9777E1));
#2732=CARTESIAN_POINT('',(2.9895E1,0.E0,5.9777E1));
#2733=VERTEX_POINT('',#2731);
#2734=VERTEX_POINT('',#2732);
#2735=CARTESIAN_POINT('',(2.6845E1,0.E0,5.9777E1));
#2736=CARTESIAN_POINT('',(2.7355E1,0.E0,5.9777E1));
#2737=VERTEX_POINT('',#2735);
#2738=VERTEX_POINT('',#2736);
#2739=CARTESIAN_POINT('',(2.4305E1,0.E0,5.9777E1));
#2740=CARTESIAN_POINT('',(2.4815E1,0.E0,5.9777E1));
#2741=VERTEX_POINT('',#2739);
#2742=VERTEX_POINT('',#2740);
#2743=CARTESIAN_POINT('',(2.1765E1,0.E0,5.9777E1));
#2744=CARTESIAN_POINT('',(2.2275E1,0.E0,5.9777E1));
#2745=VERTEX_POINT('',#2743);
#2746=VERTEX_POINT('',#2744);
#2747=CARTESIAN_POINT('',(2.9385E1,2.5E-1,5.9777E1));
#2748=CARTESIAN_POINT('',(2.9895E1,2.5E-1,5.9777E1));
#2749=VERTEX_POINT('',#2747);
#2750=VERTEX_POINT('',#2748);
#2751=CARTESIAN_POINT('',(2.6845E1,2.5E-1,5.9777E1));
#2752=CARTESIAN_POINT('',(2.7355E1,2.5E-1,5.9777E1));
#2753=VERTEX_POINT('',#2751);
#2754=VERTEX_POINT('',#2752);
#2755=CARTESIAN_POINT('',(2.4305E1,2.5E-1,5.9777E1));
#2756=CARTESIAN_POINT('',(2.4815E1,2.5E-1,5.9777E1));
#2757=VERTEX_POINT('',#2755);
#2758=VERTEX_POINT('',#2756);
#2759=CARTESIAN_POINT('',(2.1765E1,2.5E-1,5.9777E1));
#2760=CARTESIAN_POINT('',(2.2275E1,2.5E-1,5.9777E1));
#2761=VERTEX_POINT('',#2759);
#2762=VERTEX_POINT('',#2760);
#2763=CARTESIAN_POINT('',(2.1385E1,0.E0,4.4577E1));
#2764=CARTESIAN_POINT('',(2.17152E1,0.E0,4.4577E1));
#2765=VERTEX_POINT('',#2763);
#2766=VERTEX_POINT('',#2764);
#2767=CARTESIAN_POINT('',(2.23248E1,0.E0,4.4577E1));
#2768=CARTESIAN_POINT('',(2.2655E1,0.E0,4.4577E1));
#2769=VERTEX_POINT('',#2767);
#2770=VERTEX_POINT('',#2768);
#2771=CARTESIAN_POINT('',(2.3925E1,0.E0,4.4577E1));
#2772=CARTESIAN_POINT('',(2.42552E1,0.E0,4.4577E1));
#2773=VERTEX_POINT('',#2771);
#2774=VERTEX_POINT('',#2772);
#2775=CARTESIAN_POINT('',(2.48648E1,0.E0,4.4577E1));
#2776=CARTESIAN_POINT('',(2.5195E1,0.E0,4.4577E1));
#2777=VERTEX_POINT('',#2775);
#2778=VERTEX_POINT('',#2776);
#2779=CARTESIAN_POINT('',(2.6465E1,0.E0,4.4577E1));
#2780=CARTESIAN_POINT('',(2.67952E1,0.E0,4.4577E1));
#2781=VERTEX_POINT('',#2779);
#2782=VERTEX_POINT('',#2780);
#2783=CARTESIAN_POINT('',(2.74048E1,0.E0,4.4577E1));
#2784=CARTESIAN_POINT('',(2.7735E1,0.E0,4.4577E1));
#2785=VERTEX_POINT('',#2783);
#2786=VERTEX_POINT('',#2784);
#2787=CARTESIAN_POINT('',(2.9005E1,0.E0,4.4577E1));
#2788=CARTESIAN_POINT('',(2.93352E1,0.E0,4.4577E1));
#2789=VERTEX_POINT('',#2787);
#2790=VERTEX_POINT('',#2788);
#2791=CARTESIAN_POINT('',(2.99448E1,0.E0,4.4577E1));
#2792=CARTESIAN_POINT('',(3.0275E1,0.E0,4.4577E1));
#2793=VERTEX_POINT('',#2791);
#2794=VERTEX_POINT('',#2792);
#2795=CARTESIAN_POINT('',(2.17152E1,-1.02E0,4.4577E1));
#2796=CARTESIAN_POINT('',(2.17152E1,-1.011566109939E0,4.4577E1));
#2797=VERTEX_POINT('',#2795);
#2798=VERTEX_POINT('',#2796);
#2799=CARTESIAN_POINT('',(2.23248E1,-1.02E0,4.4577E1));
#2800=CARTESIAN_POINT('',(2.23248E1,-1.011566109939E0,4.4577E1));
#2801=VERTEX_POINT('',#2799);
#2802=VERTEX_POINT('',#2800);
#2803=CARTESIAN_POINT('',(2.42552E1,-1.02E0,4.4577E1));
#2804=CARTESIAN_POINT('',(2.42552E1,-1.011566109939E0,4.4577E1));
#2805=VERTEX_POINT('',#2803);
#2806=VERTEX_POINT('',#2804);
#2807=CARTESIAN_POINT('',(2.48648E1,-1.02E0,4.4577E1));
#2808=CARTESIAN_POINT('',(2.48648E1,-1.011566109939E0,4.4577E1));
#2809=VERTEX_POINT('',#2807);
#2810=VERTEX_POINT('',#2808);
#2811=CARTESIAN_POINT('',(2.67952E1,-1.02E0,4.4577E1));
#2812=CARTESIAN_POINT('',(2.67952E1,-1.011566109939E0,4.4577E1));
#2813=VERTEX_POINT('',#2811);
#2814=VERTEX_POINT('',#2812);
#2815=CARTESIAN_POINT('',(2.74048E1,-1.02E0,4.4577E1));
#2816=CARTESIAN_POINT('',(2.74048E1,-1.011566109939E0,4.4577E1));
#2817=VERTEX_POINT('',#2815);
#2818=VERTEX_POINT('',#2816);
#2819=CARTESIAN_POINT('',(2.93352E1,-1.02E0,4.4577E1));
#2820=CARTESIAN_POINT('',(2.93352E1,-1.011566109939E0,4.4577E1));
#2821=VERTEX_POINT('',#2819);
#2822=VERTEX_POINT('',#2820);
#2823=CARTESIAN_POINT('',(2.99448E1,-1.02E0,4.4577E1));
#2824=CARTESIAN_POINT('',(2.99448E1,-1.011566109939E0,4.4577E1));
#2825=VERTEX_POINT('',#2823);
#2826=VERTEX_POINT('',#2824);
#2827=CARTESIAN_POINT('',(2.05008E1,-2.46E0,3.78192E1));
#2828=CARTESIAN_POINT('',(3.11688E1,-2.46E0,3.78192E1));
#2829=VERTEX_POINT('',#2827);
#2830=VERTEX_POINT('',#2828);
#2831=CARTESIAN_POINT('',(2.05008E1,-2.77E0,3.78192E1));
#2832=CARTESIAN_POINT('',(3.11688E1,-2.77E0,3.78192E1));
#2833=VERTEX_POINT('',#2831);
#2834=VERTEX_POINT('',#2832);
#2835=CARTESIAN_POINT('',(2.63428E1,-2.46E0,3.78192E1));
#2836=CARTESIAN_POINT('',(2.53268E1,-2.46E0,3.78192E1));
#2837=VERTEX_POINT('',#2835);
#2838=VERTEX_POINT('',#2836);
#2839=CARTESIAN_POINT('',(1.95483E1,-2.77E0,3.692342226529E1));
#2840=CARTESIAN_POINT('',(1.95483E1,-2.77E0,4.09942E1));
#2841=VERTEX_POINT('',#2839);
#2842=VERTEX_POINT('',#2840);
#2843=CARTESIAN_POINT('',(2.27233E1,-2.77E0,4.41692E1));
#2844=VERTEX_POINT('',#2843);
#2845=CARTESIAN_POINT('',(2.89463E1,-2.77E0,4.41692E1));
#2846=VERTEX_POINT('',#2845);
#2847=CARTESIAN_POINT('',(3.21213E1,-2.77E0,4.09942E1));
#2848=VERTEX_POINT('',#2847);
#2849=CARTESIAN_POINT('',(3.21213E1,-2.77E0,3.692342226529E1));
#2850=VERTEX_POINT('',#2849);
#2851=CARTESIAN_POINT('',(2.08348E1,-1.12E0,4.354649166633E1));
#2852=CARTESIAN_POINT('',(2.08348E1,1.3E-1,4.354649166633E1));
#2853=VERTEX_POINT('',#2851);
#2854=VERTEX_POINT('',#2852);
#2855=CARTESIAN_POINT('',(3.08348E1,-1.12E0,4.354649166633E1));
#2856=CARTESIAN_POINT('',(3.08348E1,1.3E-1,4.354649166633E1));
#2857=VERTEX_POINT('',#2855);
#2858=VERTEX_POINT('',#2856);
#2859=CARTESIAN_POINT('',(2.15748E1,-1.12E0,4.395419539696E1));
#2860=VERTEX_POINT('',#2859);
#2861=CARTESIAN_POINT('',(3.00948E1,-1.12E0,4.395419539696E1));
#2862=VERTEX_POINT('',#2861);
#2863=CARTESIAN_POINT('',(2.27233E1,-1.97E0,4.41692E1));
#2864=VERTEX_POINT('',#2863);
#2865=CARTESIAN_POINT('',(2.89463E1,-1.97E0,4.41692E1));
#2866=VERTEX_POINT('',#2865);
#2867=CARTESIAN_POINT('',(2.15748E1,-1.97E0,4.395419539696E1));
#2868=VERTEX_POINT('',#2867);
#2869=CARTESIAN_POINT('',(3.00948E1,-1.97E0,4.395419539696E1));
#2870=VERTEX_POINT('',#2869);
#2871=CARTESIAN_POINT('',(3.21213E1,2.31E0,3.692342226529E1));
#2872=CARTESIAN_POINT('',(3.21213E1,2.31E0,4.09942E1));
#2873=VERTEX_POINT('',#2871);
#2874=VERTEX_POINT('',#2872);
#2875=CARTESIAN_POINT('',(2.89463E1,2.31E0,4.41692E1));
#2876=VERTEX_POINT('',#2875);
#2877=CARTESIAN_POINT('',(2.27233E1,2.31E0,4.41692E1));
#2878=VERTEX_POINT('',#2877);
#2879=CARTESIAN_POINT('',(1.95483E1,2.31E0,4.09942E1));
#2880=VERTEX_POINT('',#2879);
#2881=CARTESIAN_POINT('',(1.95483E1,2.31E0,3.692342226529E1));
#2882=VERTEX_POINT('',#2881);
#2883=CARTESIAN_POINT('',(3.09656E1,4.602E-1,4.344431275455E1));
#2884=CARTESIAN_POINT('',(2.89463E1,4.602E-1,4.41692E1));
#2885=VERTEX_POINT('',#2883);
#2886=VERTEX_POINT('',#2884);
#2887=CARTESIAN_POINT('',(2.27233E1,4.602E-1,4.41692E1));
#2888=VERTEX_POINT('',#2887);
#2889=CARTESIAN_POINT('',(2.0704E1,4.602E-1,4.344431275455E1));
#2890=VERTEX_POINT('',#2889);
#2891=CARTESIAN_POINT('',(3.01848E1,2.1576E0,4.20592E1));
#2892=CARTESIAN_POINT('',(2.14848E1,2.1576E0,4.20592E1));
#2893=VERTEX_POINT('',#2891);
#2894=VERTEX_POINT('',#2892);
#2895=CARTESIAN_POINT('',(2.89463E1,2.1576E0,4.35692E1));
#2896=CARTESIAN_POINT('',(3.15213E1,2.1576E0,4.09942E1));
#2897=VERTEX_POINT('',#2895);
#2898=VERTEX_POINT('',#2896);
#2899=CARTESIAN_POINT('',(3.15213E1,2.1576E0,3.696701589430E1));
#2900=VERTEX_POINT('',#2899);
#2901=CARTESIAN_POINT('',(2.01483E1,2.1576E0,3.696701589430E1));
#2902=VERTEX_POINT('',#2901);
#2903=CARTESIAN_POINT('',(2.01483E1,2.1576E0,4.09942E1));
#2904=VERTEX_POINT('',#2903);
#2905=CARTESIAN_POINT('',(2.27233E1,2.1576E0,4.35692E1));
#2906=VERTEX_POINT('',#2905);
#2907=CARTESIAN_POINT('',(2.89463E1,2.31E0,4.35692E1));
#2908=CARTESIAN_POINT('',(3.15213E1,2.31E0,4.09942E1));
#2909=VERTEX_POINT('',#2907);
#2910=VERTEX_POINT('',#2908);
#2911=CARTESIAN_POINT('',(3.15213E1,2.31E0,3.696701589430E1));
#2912=VERTEX_POINT('',#2911);
#2913=CARTESIAN_POINT('',(2.01483E1,2.31E0,3.696701589430E1));
#2914=VERTEX_POINT('',#2913);
#2915=CARTESIAN_POINT('',(2.01483E1,2.31E0,4.09942E1));
#2916=VERTEX_POINT('',#2915);
#2917=CARTESIAN_POINT('',(2.27233E1,2.31E0,4.35692E1));
#2918=VERTEX_POINT('',#2917);
#2919=CARTESIAN_POINT('',(3.06848E1,2.1576E0,4.15592E1));
#2920=VERTEX_POINT('',#2919);
#2921=CARTESIAN_POINT('',(2.09848E1,2.1576E0,4.15592E1));
#2922=VERTEX_POINT('',#2921);
#2923=CARTESIAN_POINT('',(3.06848E1,2.1576E0,3.686970364274E1));
#2924=VERTEX_POINT('',#2923);
#2925=CARTESIAN_POINT('',(2.09848E1,2.1576E0,3.686970364274E1));
#2926=VERTEX_POINT('',#2925);
#2927=CARTESIAN_POINT('',(2.310831875121E1,2.1576E0,3.47692E1));
#2928=CARTESIAN_POINT('',(2.856128124879E1,2.1576E0,3.47692E1));
#2929=VERTEX_POINT('',#2927);
#2930=VERTEX_POINT('',#2928);
#2931=CARTESIAN_POINT('',(2.0704E1,1.3E-1,4.344431275455E1));
#2932=VERTEX_POINT('',#2931);
#2933=CARTESIAN_POINT('',(3.09656E1,1.3E-1,4.344431275455E1));
#2934=VERTEX_POINT('',#2933);
#2935=CARTESIAN_POINT('',(2.89463E1,0.E0,4.38692E1));
#2936=CARTESIAN_POINT('',(2.9005E1,0.E0,4.386860068710E1));
#2937=VERTEX_POINT('',#2935);
#2938=VERTEX_POINT('',#2936);
#2939=CARTESIAN_POINT('',(2.93352E1,0.E0,4.384277539658E1));
#2940=CARTESIAN_POINT('',(2.99448E1,0.E0,4.369023834357E1));
#2941=VERTEX_POINT('',#2939);
#2942=VERTEX_POINT('',#2940);
#2943=CARTESIAN_POINT('',(3.0275E1,0.E0,4.354374531436E1));
#2944=CARTESIAN_POINT('',(3.07848E1,0.E0,4.320452638993E1));
#2945=VERTEX_POINT('',#2943);
#2946=VERTEX_POINT('',#2944);
#2947=CARTESIAN_POINT('',(2.08788E1,0.E0,4.319952191528E1));
#2948=CARTESIAN_POINT('',(2.1385E1,0.E0,4.353871922964E1));
#2949=VERTEX_POINT('',#2947);
#2950=VERTEX_POINT('',#2948);
#2951=CARTESIAN_POINT('',(2.17152E1,0.E0,4.368666344265E1));
#2952=CARTESIAN_POINT('',(2.23248E1,0.E0,4.384144827685E1));
#2953=VERTEX_POINT('',#2951);
#2954=VERTEX_POINT('',#2952);
#2955=CARTESIAN_POINT('',(2.2655E1,0.E0,4.386838860028E1));
#2956=CARTESIAN_POINT('',(2.27233E1,0.E0,4.38692E1));
#2957=VERTEX_POINT('',#2955);
#2958=VERTEX_POINT('',#2956);
#2959=CARTESIAN_POINT('',(2.3925E1,0.E0,4.38692E1));
#2960=VERTEX_POINT('',#2959);
#2961=CARTESIAN_POINT('',(2.42552E1,0.E0,4.38692E1));
#2962=CARTESIAN_POINT('',(2.48648E1,0.E0,4.38692E1));
#2963=VERTEX_POINT('',#2961);
#2964=VERTEX_POINT('',#2962);
#2965=CARTESIAN_POINT('',(2.5195E1,0.E0,4.38692E1));
#2966=CARTESIAN_POINT('',(2.6465E1,0.E0,4.38692E1));
#2967=VERTEX_POINT('',#2965);
#2968=VERTEX_POINT('',#2966);
#2969=CARTESIAN_POINT('',(2.67952E1,0.E0,4.38692E1));
#2970=CARTESIAN_POINT('',(2.74048E1,0.E0,4.38692E1));
#2971=VERTEX_POINT('',#2969);
#2972=VERTEX_POINT('',#2970);
#2973=CARTESIAN_POINT('',(2.7735E1,0.E0,4.38692E1));
#2974=VERTEX_POINT('',#2973);
#2975=CARTESIAN_POINT('',(2.89463E1,-1.02E0,4.38692E1));
#2976=CARTESIAN_POINT('',(2.93352E1,-1.02E0,4.384277539658E1));
#2977=VERTEX_POINT('',#2975);
#2978=VERTEX_POINT('',#2976);
#2979=CARTESIAN_POINT('',(2.99448E1,-1.02E0,4.369023834357E1));
#2980=CARTESIAN_POINT('',(3.07848E1,-1.02E0,4.320452638993E1));
#2981=VERTEX_POINT('',#2979);
#2982=VERTEX_POINT('',#2980);
#2983=CARTESIAN_POINT('',(2.08788E1,-1.02E0,4.319952191528E1));
#2984=CARTESIAN_POINT('',(2.17152E1,-1.02E0,4.368666344265E1));
#2985=VERTEX_POINT('',#2983);
#2986=VERTEX_POINT('',#2984);
#2987=CARTESIAN_POINT('',(2.23248E1,-1.02E0,4.384144827685E1));
#2988=CARTESIAN_POINT('',(2.27233E1,-1.02E0,4.38692E1));
#2989=VERTEX_POINT('',#2987);
#2990=VERTEX_POINT('',#2988);
#2991=CARTESIAN_POINT('',(2.42552E1,-1.02E0,4.38692E1));
#2992=VERTEX_POINT('',#2991);
#2993=CARTESIAN_POINT('',(2.48648E1,-1.02E0,4.38692E1));
#2994=CARTESIAN_POINT('',(2.67952E1,-1.02E0,4.38692E1));
#2995=VERTEX_POINT('',#2993);
#2996=VERTEX_POINT('',#2994);
#2997=CARTESIAN_POINT('',(2.74048E1,-1.02E0,4.38692E1));
#2998=VERTEX_POINT('',#2997);
#2999=CARTESIAN_POINT('',(3.052150400489E1,1.209999999998E0,3.684959659850E1));
#3000=CARTESIAN_POINT('',(3.052150229601E1,1.21E0,4.14015E1));
#3001=VERTEX_POINT('',#2999);
#3002=VERTEX_POINT('',#3000);
#3003=CARTESIAN_POINT('',(2.114209770399E1,1.21E0,4.14015E1));
#3004=CARTESIAN_POINT('',(2.114209599385E1,1.209999999997E0,3.684959680037E1));
#3005=VERTEX_POINT('',#3003);
#3006=VERTEX_POINT('',#3004);
#3007=CARTESIAN_POINT('',(3.00218E1,1.21E0,4.190120229601E1));
#3008=CARTESIAN_POINT('',(2.16418E1,1.21E0,4.190120229601E1));
#3009=VERTEX_POINT('',#3007);
#3010=VERTEX_POINT('',#3008);
#3011=CARTESIAN_POINT('',(2.308477762321E1,1.210000000001E0,3.493179699691E1));
#3012=CARTESIAN_POINT('',(2.857882240115E1,1.210000000002E0,3.493179699917E1));
#3013=VERTEX_POINT('',#3011);
#3014=VERTEX_POINT('',#3012);
#3015=CARTESIAN_POINT('',(2.58318E1,2.1576E0,3.80215E1));
#3016=CARTESIAN_POINT('',(2.58318E1,2.1576E0,3.88115E1));
#3017=VERTEX_POINT('',#3015);
#3018=VERTEX_POINT('',#3016);
#3019=VERTEX_POINT('',#2065);
#3020=VERTEX_POINT('',#2070);
#3021=VERTEX_POINT('',#2192);
#3022=VERTEX_POINT('',#2197);
#3023=VERTEX_POINT('',#1867);
#3024=VERTEX_POINT('',#1894);
#3025=VERTEX_POINT('',#1726);
#3026=VERTEX_POINT('',#2126);
#3027=CARTESIAN_POINT('',(2.9005E1,2.5E-1,4.386860068710E1));
#3028=CARTESIAN_POINT('',(2.93352E1,2.5E-1,4.384277539658E1));
#3029=VERTEX_POINT('',#3027);
#3030=VERTEX_POINT('',#3028);
#3031=CARTESIAN_POINT('',(2.99448E1,2.5E-1,4.369023834357E1));
#3032=CARTESIAN_POINT('',(3.0275E1,2.5E-1,4.354374531436E1));
#3033=VERTEX_POINT('',#3031);
#3034=VERTEX_POINT('',#3032);
#3035=CARTESIAN_POINT('',(2.1385E1,2.5E-1,4.353871922964E1));
#3036=CARTESIAN_POINT('',(2.17152E1,2.5E-1,4.368666344265E1));
#3037=VERTEX_POINT('',#3035);
#3038=VERTEX_POINT('',#3036);
#3039=CARTESIAN_POINT('',(2.23248E1,2.5E-1,4.384144827685E1));
#3040=CARTESIAN_POINT('',(2.2655E1,2.5E-1,4.386838860028E1));
#3041=VERTEX_POINT('',#3039);
#3042=VERTEX_POINT('',#3040);
#3043=CARTESIAN_POINT('',(2.3925E1,2.5E-1,4.38692E1));
#3044=CARTESIAN_POINT('',(2.42552E1,2.5E-1,4.38692E1));
#3045=VERTEX_POINT('',#3043);
#3046=VERTEX_POINT('',#3044);
#3047=CARTESIAN_POINT('',(2.48648E1,2.5E-1,4.38692E1));
#3048=CARTESIAN_POINT('',(2.5195E1,2.5E-1,4.38692E1));
#3049=VERTEX_POINT('',#3047);
#3050=VERTEX_POINT('',#3048);
#3051=CARTESIAN_POINT('',(2.6465E1,2.5E-1,4.38692E1));
#3052=CARTESIAN_POINT('',(2.67952E1,2.5E-1,4.38692E1));
#3053=VERTEX_POINT('',#3051);
#3054=VERTEX_POINT('',#3052);
#3055=CARTESIAN_POINT('',(2.74048E1,2.5E-1,4.38692E1));
#3056=CARTESIAN_POINT('',(2.7735E1,2.5E-1,4.38692E1));
#3057=VERTEX_POINT('',#3055);
#3058=VERTEX_POINT('',#3056);
#3059=CARTESIAN_POINT('',(2.17152E1,-1.168000445949E0,4.368666344265E1));
#3060=VERTEX_POINT('',#3059);
#3061=CARTESIAN_POINT('',(2.23248E1,-1.186789508890E0,4.384144827685E1));
#3062=VERTEX_POINT('',#3061);
#3063=VERTEX_POINT('',#339);
#3064=CARTESIAN_POINT('',(2.42552E1,-1.190353024217E0,4.38692E1));
#3065=VERTEX_POINT('',#3064);
#3066=CARTESIAN_POINT('',(2.48648E1,-1.190353024217E0,4.38692E1));
#3067=VERTEX_POINT('',#3066);
#3068=CARTESIAN_POINT('',(2.67952E1,-1.190353024217E0,4.38692E1));
#3069=VERTEX_POINT('',#3068);
#3070=CARTESIAN_POINT('',(2.74048E1,-1.190353024217E0,4.38692E1));
#3071=VERTEX_POINT('',#3070);
#3072=CARTESIAN_POINT('',(2.93352E1,-1.186959920345E0,4.384277539658E1));
#3073=VERTEX_POINT('',#3072);
#3074=CARTESIAN_POINT('',(2.99448E1,-1.168041293599E0,4.369023834357E1));
#3075=VERTEX_POINT('',#3074);
#3076=VERTEX_POINT('',#1251);
#3077=CARTESIAN_POINT('',(3.08348E1,1.3E-1,4.316196215254E1));
#3078=CARTESIAN_POINT('',(3.09656E1,1.3E-1,4.304067318819E1));
#3079=VERTEX_POINT('',#3077);
#3080=VERTEX_POINT('',#3078);
#3081=CARTESIAN_POINT('',(2.0704E1,1.3E-1,4.304067318819E1));
#3082=CARTESIAN_POINT('',(2.08348E1,1.3E-1,4.316196215254E1));
#3083=VERTEX_POINT('',#3081);
#3084=VERTEX_POINT('',#3082);
#3085=CARTESIAN_POINT('',(3.00948E1,-1.12E0,4.362983517013E1));
#3086=CARTESIAN_POINT('',(3.08348E1,-1.12E0,4.316196215254E1));
#3087=VERTEX_POINT('',#3085);
#3088=VERTEX_POINT('',#3086);
#3089=CARTESIAN_POINT('',(2.08348E1,-1.12E0,4.316196215254E1));
#3090=CARTESIAN_POINT('',(2.15748E1,-1.12E0,4.362983517013E1));
#3091=VERTEX_POINT('',#3089);
#3092=VERTEX_POINT('',#3090);
#3093=CARTESIAN_POINT('',(2.63428E1,-2.4424E0,3.78192E1));
#3094=CARTESIAN_POINT('',(2.53268E1,-2.4424E0,3.78192E1));
#3095=VERTEX_POINT('',#3093);
#3096=VERTEX_POINT('',#3094);
#3097=CARTESIAN_POINT('',(2.89463E1,-1.97E0,4.38692E1));
#3098=CARTESIAN_POINT('',(3.00948E1,-1.97E0,4.362983517013E1));
#3099=VERTEX_POINT('',#3097);
#3100=VERTEX_POINT('',#3098);
#3101=CARTESIAN_POINT('',(2.15748E1,-1.97E0,4.362983517013E1));
#3102=CARTESIAN_POINT('',(2.27233E1,-1.97E0,4.38692E1));
#3103=VERTEX_POINT('',#3101);
#3104=VERTEX_POINT('',#3102);
#3105=CARTESIAN_POINT('',(2.89463E1,4.602E-1,4.38692E1));
#3106=CARTESIAN_POINT('',(3.09656E1,4.602E-1,4.304067318819E1));
#3107=VERTEX_POINT('',#3105);
#3108=VERTEX_POINT('',#3106);
#3109=CARTESIAN_POINT('',(2.0704E1,4.602E-1,4.304067318819E1));
#3110=CARTESIAN_POINT('',(2.27233E1,4.602E-1,4.38692E1));
#3111=VERTEX_POINT('',#3109);
#3112=VERTEX_POINT('',#3110);
#3113=CARTESIAN_POINT('',(3.06848E1,1.21E0,3.686970364274E1));
#3114=CARTESIAN_POINT('',(3.06848E1,1.21E0,4.15592E1));
#3115=VERTEX_POINT('',#3113);
#3116=VERTEX_POINT('',#3114);
#3117=CARTESIAN_POINT('',(3.01848E1,1.21E0,4.20592E1));
#3118=VERTEX_POINT('',#3117);
#3119=CARTESIAN_POINT('',(2.14848E1,1.21E0,4.20592E1));
#3120=VERTEX_POINT('',#3119);
#3121=CARTESIAN_POINT('',(2.09848E1,1.21E0,4.15592E1));
#3122=VERTEX_POINT('',#3121);
#3123=CARTESIAN_POINT('',(2.09848E1,1.21E0,3.686970364274E1));
#3124=VERTEX_POINT('',#3123);
#3125=CARTESIAN_POINT('',(2.310831875121E1,1.21E0,3.47692E1));
#3126=CARTESIAN_POINT('',(2.856128124879E1,1.21E0,3.47692E1));
#3127=VERTEX_POINT('',#3125);
#3128=VERTEX_POINT('',#3126);
#3129=CARTESIAN_POINT('',(0.E0,0.E0,0.E0));
#3130=DIRECTION('',(0.E0,1.E0,0.E0));
#3131=DIRECTION('',(1.E0,0.E0,0.E0));
#3132=AXIS2_PLACEMENT_3D('',#3129,#3130,#3131);
#3133=PLANE('',#3132);
#3135=ORIENTED_EDGE('',*,*,#3134,.T.);
#3137=ORIENTED_EDGE('',*,*,#3136,.F.);
#3139=ORIENTED_EDGE('',*,*,#3138,.T.);
#3141=ORIENTED_EDGE('',*,*,#3140,.T.);
#3142=EDGE_LOOP('',(#3135,#3137,#3139,#3141));
#3143=FACE_OUTER_BOUND('',#3142,.F.);
#3144=ADVANCED_FACE('',(#3143),#3133,.T.);
#3145=CARTESIAN_POINT('',(2.27233E1,2.1576E0,4.09942E1));
#3146=DIRECTION('',(0.E0,1.E0,0.E0));
#3147=DIRECTION('',(1.E0,0.E0,0.E0));
#3148=AXIS2_PLACEMENT_3D('',#3145,#3146,#3147);
#3149=CYLINDRICAL_SURFACE('',#3148,2.875E0);
#3150=ORIENTED_EDGE('',*,*,#3134,.F.);
#3152=ORIENTED_EDGE('',*,*,#3151,.F.);
#3154=ORIENTED_EDGE('',*,*,#3153,.T.);
#3156=ORIENTED_EDGE('',*,*,#3155,.F.);
#3158=ORIENTED_EDGE('',*,*,#3157,.F.);
#3160=ORIENTED_EDGE('',*,*,#3159,.T.);
#3162=ORIENTED_EDGE('',*,*,#3161,.T.);
#3164=ORIENTED_EDGE('',*,*,#3163,.T.);
#3166=ORIENTED_EDGE('',*,*,#3165,.T.);
#3168=ORIENTED_EDGE('',*,*,#3167,.F.);
#3170=ORIENTED_EDGE('',*,*,#3169,.T.);
#3172=ORIENTED_EDGE('',*,*,#3171,.F.);
#3174=ORIENTED_EDGE('',*,*,#3173,.T.);
#3176=ORIENTED_EDGE('',*,*,#3175,.F.);
#3178=ORIENTED_EDGE('',*,*,#3177,.T.);
#3180=ORIENTED_EDGE('',*,*,#3179,.T.);
#3182=ORIENTED_EDGE('',*,*,#3181,.T.);
#3184=ORIENTED_EDGE('',*,*,#3183,.F.);
#3186=ORIENTED_EDGE('',*,*,#3185,.T.);
#3188=ORIENTED_EDGE('',*,*,#3187,.F.);
#3190=ORIENTED_EDGE('',*,*,#3189,.F.);
#3192=ORIENTED_EDGE('',*,*,#3191,.F.);
#3194=ORIENTED_EDGE('',*,*,#3193,.T.);
#3196=ORIENTED_EDGE('',*,*,#3195,.F.);
#3198=ORIENTED_EDGE('',*,*,#3197,.F.);
#3199=EDGE_LOOP('',(#3150,#3152,#3154,#3156,#3158,#3160,#3162,#3164,#3166,#3168,
#3170,#3172,#3174,#3176,#3178,#3180,#3182,#3184,#3186,#3188,#3190,#3192,#3194,
#3196,#3198));
#3200=FACE_OUTER_BOUND('',#3199,.F.);
#3201=ADVANCED_FACE('',(#3200),#3149,.T.);
#3202=CARTESIAN_POINT('',(2.08788E1,0.E0,4.4577E1));
#3203=DIRECTION('',(1.E0,0.E0,0.E0));
#3204=DIRECTION('',(0.E0,0.E0,-1.E0));
#3205=AXIS2_PLACEMENT_3D('',#3202,#3203,#3204);
#3206=PLANE('',#3205);
#3207=ORIENTED_EDGE('',*,*,#3151,.T.);
#3208=ORIENTED_EDGE('',*,*,#3140,.F.);
#3210=ORIENTED_EDGE('',*,*,#3209,.T.);
#3212=ORIENTED_EDGE('',*,*,#3211,.T.);
#3213=EDGE_LOOP('',(#3207,#3208,#3210,#3212));
#3214=FACE_OUTER_BOUND('',#3213,.F.);
#3215=ADVANCED_FACE('',(#3214),#3206,.F.);
#3216=CARTESIAN_POINT('',(3.07848E1,0.E0,4.4577E1));
#3217=DIRECTION('',(0.E0,0.E0,-1.E0));
#3218=DIRECTION('',(-1.E0,0.E0,0.E0));
#3219=AXIS2_PLACEMENT_3D('',#3216,#3217,#3218);
#3220=PLANE('',#3219);
#3222=ORIENTED_EDGE('',*,*,#3221,.T.);
#3224=ORIENTED_EDGE('',*,*,#3223,.F.);
#3226=ORIENTED_EDGE('',*,*,#3225,.T.);
#3228=ORIENTED_EDGE('',*,*,#3227,.F.);
#3230=ORIENTED_EDGE('',*,*,#3229,.T.);
#3232=ORIENTED_EDGE('',*,*,#3231,.F.);
#3234=ORIENTED_EDGE('',*,*,#3233,.T.);
#3236=ORIENTED_EDGE('',*,*,#3235,.F.);
#3238=ORIENTED_EDGE('',*,*,#3237,.T.);
#3240=ORIENTED_EDGE('',*,*,#3239,.F.);
#3242=ORIENTED_EDGE('',*,*,#3241,.T.);
#3244=ORIENTED_EDGE('',*,*,#3243,.F.);
#3246=ORIENTED_EDGE('',*,*,#3245,.T.);
#3248=ORIENTED_EDGE('',*,*,#3247,.F.);
#3250=ORIENTED_EDGE('',*,*,#3249,.T.);
#3252=ORIENTED_EDGE('',*,*,#3251,.F.);
#3254=ORIENTED_EDGE('',*,*,#3253,.T.);
#3256=ORIENTED_EDGE('',*,*,#3255,.T.);
#3258=ORIENTED_EDGE('',*,*,#3257,.T.);
#3260=ORIENTED_EDGE('',*,*,#3259,.F.);
#3262=ORIENTED_EDGE('',*,*,#3261,.F.);
#3264=ORIENTED_EDGE('',*,*,#3263,.T.);
#3266=ORIENTED_EDGE('',*,*,#3265,.T.);
#3268=ORIENTED_EDGE('',*,*,#3267,.F.);
#3270=ORIENTED_EDGE('',*,*,#3269,.F.);
#3272=ORIENTED_EDGE('',*,*,#3271,.T.);
#3274=ORIENTED_EDGE('',*,*,#3273,.T.);
#3276=ORIENTED_EDGE('',*,*,#3275,.F.);
#3278=ORIENTED_EDGE('',*,*,#3277,.F.);
#3280=ORIENTED_EDGE('',*,*,#3279,.T.);
#3282=ORIENTED_EDGE('',*,*,#3281,.T.);
#3284=ORIENTED_EDGE('',*,*,#3283,.F.);
#3286=ORIENTED_EDGE('',*,*,#3285,.F.);
#3288=ORIENTED_EDGE('',*,*,#3287,.T.);
#3289=ORIENTED_EDGE('',*,*,#3209,.F.);
#3290=ORIENTED_EDGE('',*,*,#3138,.F.);
#3291=EDGE_LOOP('',(#3222,#3224,#3226,#3228,#3230,#3232,#3234,#3236,#3238,#3240,
#3242,#3244,#3246,#3248,#3250,#3252,#3254,#3256,#3258,#3260,#3262,#3264,#3266,
#3268,#3270,#3272,#3274,#3276,#3278,#3280,#3282,#3284,#3286,#3288,#3289,#3290));
#3292=FACE_OUTER_BOUND('',#3291,.F.);
#3293=ADVANCED_FACE('',(#3292),#3220,.F.);
#3294=CARTESIAN_POINT('',(2.456E1,0.E0,6.4855E1));
#3295=DIRECTION('',(0.E0,1.E0,0.E0));
#3296=DIRECTION('',(1.E0,0.E0,0.E0));
#3297=AXIS2_PLACEMENT_3D('',#3294,#3295,#3296);
#3298=PLANE('',#3297);
#3299=ORIENTED_EDGE('',*,*,#3221,.F.);
#3301=ORIENTED_EDGE('',*,*,#3300,.T.);
#3303=ORIENTED_EDGE('',*,*,#3302,.T.);
#3305=ORIENTED_EDGE('',*,*,#3304,.T.);
#3307=ORIENTED_EDGE('',*,*,#3306,.T.);
#3309=ORIENTED_EDGE('',*,*,#3308,.T.);
#3311=ORIENTED_EDGE('',*,*,#3310,.T.);
#3313=ORIENTED_EDGE('',*,*,#3312,.T.);
#3314=ORIENTED_EDGE('',*,*,#3225,.F.);
#3316=ORIENTED_EDGE('',*,*,#3315,.T.);
#3318=ORIENTED_EDGE('',*,*,#3317,.F.);
#3320=ORIENTED_EDGE('',*,*,#3319,.T.);
#3322=ORIENTED_EDGE('',*,*,#3321,.F.);
#3324=ORIENTED_EDGE('',*,*,#3323,.F.);
#3325=EDGE_LOOP('',(#3299,#3301,#3303,#3305,#3307,#3309,#3311,#3313,#3314,#3316,
#3318,#3320,#3322,#3324));
#3326=FACE_OUTER_BOUND('',#3325,.F.);
#3327=ADVANCED_FACE('',(#3326),#3298,.F.);
#3328=CARTESIAN_POINT('',(2.1385E1,0.E0,4.2925E1));
#3329=DIRECTION('',(-1.E0,0.E0,0.E0));
#3330=DIRECTION('',(0.E0,0.E0,1.E0));
#3331=AXIS2_PLACEMENT_3D('',#3328,#3329,#3330);
#3332=PLANE('',#3331);
#3333=ORIENTED_EDGE('',*,*,#3197,.T.);
#3335=ORIENTED_EDGE('',*,*,#3334,.T.);
#3337=ORIENTED_EDGE('',*,*,#3336,.F.);
#3338=ORIENTED_EDGE('',*,*,#3300,.F.);
#3339=ORIENTED_EDGE('',*,*,#3136,.T.);
#3340=EDGE_LOOP('',(#3333,#3335,#3337,#3338,#3339));
#3341=FACE_OUTER_BOUND('',#3340,.F.);
#3342=ADVANCED_FACE('',(#3341),#3332,.T.);
#3343=CARTESIAN_POINT('',(2.456E1,2.5E-1,6.4855E1));
#3344=DIRECTION('',(0.E0,1.E0,0.E0));
#3345=DIRECTION('',(1.E0,0.E0,0.E0));
#3346=AXIS2_PLACEMENT_3D('',#3343,#3344,#3345);
#3347=PLANE('',#3346);
#3348=ORIENTED_EDGE('',*,*,#3195,.T.);
#3350=ORIENTED_EDGE('',*,*,#3349,.F.);
#3352=ORIENTED_EDGE('',*,*,#3351,.F.);
#3354=ORIENTED_EDGE('',*,*,#3353,.F.);
#3355=ORIENTED_EDGE('',*,*,#3187,.T.);
#3357=ORIENTED_EDGE('',*,*,#3356,.F.);
#3359=ORIENTED_EDGE('',*,*,#3358,.F.);
#3361=ORIENTED_EDGE('',*,*,#3360,.F.);
#3363=ORIENTED_EDGE('',*,*,#3362,.F.);
#3365=ORIENTED_EDGE('',*,*,#3364,.F.);
#3367=ORIENTED_EDGE('',*,*,#3366,.F.);
#3368=ORIENTED_EDGE('',*,*,#3334,.F.);
#3369=EDGE_LOOP('',(#3348,#3350,#3352,#3354,#3355,#3357,#3359,#3361,#3363,#3365,
#3367,#3368));
#3370=FACE_OUTER_BOUND('',#3369,.F.);
#3371=ADVANCED_FACE('',(#3370),#3347,.T.);
#3372=CARTESIAN_POINT('',(2.17152E1,2.5E-1,4.2925E1));
#3373=DIRECTION('',(-1.E0,0.E0,0.E0));
#3374=DIRECTION('',(0.E0,0.E0,1.E0));
#3375=AXIS2_PLACEMENT_3D('',#3372,#3373,#3374);
#3376=PLANE('',#3375);
#3377=ORIENTED_EDGE('',*,*,#3193,.F.);
#3379=ORIENTED_EDGE('',*,*,#3378,.F.);
#3380=ORIENTED_EDGE('',*,*,#3323,.T.);
#3382=ORIENTED_EDGE('',*,*,#3381,.F.);
#3383=ORIENTED_EDGE('',*,*,#3349,.T.);
#3384=EDGE_LOOP('',(#3377,#3379,#3380,#3382,#3383));
#3385=FACE_OUTER_BOUND('',#3384,.F.);
#3386=ADVANCED_FACE('',(#3385),#3376,.F.);
#3387=CARTESIAN_POINT('',(0.E0,0.E0,0.E0));
#3388=DIRECTION('',(0.E0,1.E0,0.E0));
#3389=DIRECTION('',(1.E0,0.E0,0.E0));
#3390=AXIS2_PLACEMENT_3D('',#3387,#3388,#3389);
#3391=PLANE('',#3390);
#3392=ORIENTED_EDGE('',*,*,#3191,.T.);
#3394=ORIENTED_EDGE('',*,*,#3393,.F.);
#3395=ORIENTED_EDGE('',*,*,#3223,.T.);
#3396=ORIENTED_EDGE('',*,*,#3378,.T.);
#3397=EDGE_LOOP('',(#3392,#3394,#3395,#3396));
#3398=FACE_OUTER_BOUND('',#3397,.F.);
#3399=ADVANCED_FACE('',(#3398),#3391,.T.);
#3400=CARTESIAN_POINT('',(2.23248E1,2.5E-1,4.483E1));
#3401=DIRECTION('',(1.E0,0.E0,0.E0));
#3402=DIRECTION('',(0.E0,0.E0,-1.E0));
#3403=AXIS2_PLACEMENT_3D('',#3400,#3401,#3402);
#3404=PLANE('',#3403);
#3405=ORIENTED_EDGE('',*,*,#3189,.T.);
#3406=ORIENTED_EDGE('',*,*,#3353,.T.);
#3408=ORIENTED_EDGE('',*,*,#3407,.F.);
#3409=ORIENTED_EDGE('',*,*,#3315,.F.);
#3410=ORIENTED_EDGE('',*,*,#3393,.T.);
#3411=EDGE_LOOP('',(#3405,#3406,#3408,#3409,#3410));
#3412=FACE_OUTER_BOUND('',#3411,.F.);
#3413=ADVANCED_FACE('',(#3412),#3404,.F.);
#3414=CARTESIAN_POINT('',(3.211719847407E1,-4.E-3,4.5084E1));
#3415=DIRECTION('',(-1.E0,0.E0,0.E0));
#3416=DIRECTION('',(0.E0,1.E0,0.E0));
#3417=AXIS2_PLACEMENT_3D('',#3414,#3415,#3416);
#3418=CYLINDRICAL_SURFACE('',#3417,2.54E-1);
#3420=ORIENTED_EDGE('',*,*,#3419,.F.);
#3422=ORIENTED_EDGE('',*,*,#3421,.T.);
#3423=ORIENTED_EDGE('',*,*,#3407,.T.);
#3424=ORIENTED_EDGE('',*,*,#3351,.T.);
#3425=ORIENTED_EDGE('',*,*,#3381,.T.);
#3427=ORIENTED_EDGE('',*,*,#3426,.T.);
#3428=EDGE_LOOP('',(#3420,#3422,#3423,#3424,#3425,#3427));
#3429=FACE_OUTER_BOUND('',#3428,.F.);
#3430=ADVANCED_FACE('',(#3429),#3418,.T.);
#3431=CARTESIAN_POINT('',(2.17152E1,2.5E-1,4.483E1));
#3432=DIRECTION('',(0.E0,0.E0,1.E0));
#3433=DIRECTION('',(1.E0,0.E0,0.E0));
#3434=AXIS2_PLACEMENT_3D('',#3431,#3432,#3433);
#3435=PLANE('',#3434);
#3436=ORIENTED_EDGE('',*,*,#3419,.T.);
#3438=ORIENTED_EDGE('',*,*,#3437,.F.);
#3440=ORIENTED_EDGE('',*,*,#3439,.T.);
#3442=ORIENTED_EDGE('',*,*,#3441,.T.);
#3443=EDGE_LOOP('',(#3436,#3438,#3440,#3442));
#3444=FACE_OUTER_BOUND('',#3443,.F.);
#3445=ADVANCED_FACE('',(#3444),#3435,.F.);
#3446=CARTESIAN_POINT('',(2.17152E1,0.E0,6.4855E1));
#3447=DIRECTION('',(1.E0,0.E0,0.E0));
#3448=DIRECTION('',(0.E0,-1.E0,0.E0));
#3449=AXIS2_PLACEMENT_3D('',#3446,#3447,#3448);
#3450=PLANE('',#3449);
#3451=ORIENTED_EDGE('',*,*,#3155,.T.);
#3453=ORIENTED_EDGE('',*,*,#3452,.F.);
#3454=ORIENTED_EDGE('',*,*,#3285,.T.);
#3456=ORIENTED_EDGE('',*,*,#3455,.T.);
#3457=ORIENTED_EDGE('',*,*,#3437,.T.);
#3458=ORIENTED_EDGE('',*,*,#3426,.F.);
#3459=ORIENTED_EDGE('',*,*,#3321,.T.);
#3461=ORIENTED_EDGE('',*,*,#3460,.F.);
#3463=ORIENTED_EDGE('',*,*,#3462,.T.);
#3465=ORIENTED_EDGE('',*,*,#3464,.T.);
#3467=ORIENTED_EDGE('',*,*,#3466,.T.);
#3469=ORIENTED_EDGE('',*,*,#3468,.T.);
#3470=EDGE_LOOP('',(#3451,#3453,#3454,#3456,#3457,#3458,#3459,#3461,#3463,#3465,
#3467,#3469));
#3471=FACE_OUTER_BOUND('',#3470,.F.);
#3472=ADVANCED_FACE('',(#3471),#3450,.F.);
#3473=CARTESIAN_POINT('',(0.E0,-1.02E0,0.E0));
#3474=DIRECTION('',(0.E0,1.E0,0.E0));
#3475=DIRECTION('',(1.E0,0.E0,0.E0));
#3476=AXIS2_PLACEMENT_3D('',#3473,#3474,#3475);
#3477=PLANE('',#3476);
#3478=ORIENTED_EDGE('',*,*,#3153,.F.);
#3479=ORIENTED_EDGE('',*,*,#3211,.F.);
#3480=ORIENTED_EDGE('',*,*,#3287,.F.);
#3481=ORIENTED_EDGE('',*,*,#3452,.T.);
#3482=EDGE_LOOP('',(#3478,#3479,#3480,#3481));
#3483=FACE_OUTER_BOUND('',#3482,.F.);
#3484=ADVANCED_FACE('',(#3483),#3477,.F.);
#3485=CARTESIAN_POINT('',(2.17152E1,-7.112E-1,4.45252E1));
#3486=DIRECTION('',(1.E0,0.E0,0.E0));
#3487=DIRECTION('',(0.E0,-1.E0,0.E0));
#3488=AXIS2_PLACEMENT_3D('',#3485,#3486,#3487);
#3489=CYLINDRICAL_SURFACE('',#3488,3.048E-1);
#3490=ORIENTED_EDGE('',*,*,#3283,.T.);
#3492=ORIENTED_EDGE('',*,*,#3491,.T.);
#3493=ORIENTED_EDGE('',*,*,#3439,.F.);
#3494=ORIENTED_EDGE('',*,*,#3455,.F.);
#3495=EDGE_LOOP('',(#3490,#3492,#3493,#3494));
#3496=FACE_OUTER_BOUND('',#3495,.F.);
#3497=ADVANCED_FACE('',(#3496),#3489,.F.);
#3498=CARTESIAN_POINT('',(2.23248E1,0.E0,6.4855E1));
#3499=DIRECTION('',(1.E0,0.E0,0.E0));
#3500=DIRECTION('',(0.E0,-1.E0,0.E0));
#3501=AXIS2_PLACEMENT_3D('',#3498,#3499,#3500);
#3502=PLANE('',#3501);
#3503=ORIENTED_EDGE('',*,*,#3161,.F.);
#3505=ORIENTED_EDGE('',*,*,#3504,.F.);
#3507=ORIENTED_EDGE('',*,*,#3506,.F.);
#3509=ORIENTED_EDGE('',*,*,#3508,.F.);
#3511=ORIENTED_EDGE('',*,*,#3510,.F.);
#3512=ORIENTED_EDGE('',*,*,#3317,.T.);
#3513=ORIENTED_EDGE('',*,*,#3421,.F.);
#3514=ORIENTED_EDGE('',*,*,#3441,.F.);
#3515=ORIENTED_EDGE('',*,*,#3491,.F.);
#3516=ORIENTED_EDGE('',*,*,#3281,.F.);
#3518=ORIENTED_EDGE('',*,*,#3517,.T.);
#3519=EDGE_LOOP('',(#3503,#3505,#3507,#3509,#3511,#3512,#3513,#3514,#3515,#3516,
#3518));
#3520=FACE_OUTER_BOUND('',#3519,.F.);
#3521=ADVANCED_FACE('',(#3520),#3502,.T.);
#3522=CARTESIAN_POINT('',(2.17152E1,-1.265449351205E0,4.445403050732E1));
#3523=DIRECTION('',(0.E0,-9.918563908467E-1,-1.273612968548E-1));
#3524=DIRECTION('',(0.E0,1.273612968548E-1,-9.918563908467E-1));
#3525=AXIS2_PLACEMENT_3D('',#3522,#3523,#3524);
#3526=PLANE('',#3525);
#3527=ORIENTED_EDGE('',*,*,#3159,.F.);
#3529=ORIENTED_EDGE('',*,*,#3528,.F.);
#3530=ORIENTED_EDGE('',*,*,#3466,.F.);
#3532=ORIENTED_EDGE('',*,*,#3531,.T.);
#3533=ORIENTED_EDGE('',*,*,#3504,.T.);
#3534=EDGE_LOOP('',(#3527,#3529,#3530,#3532,#3533));
#3535=FACE_OUTER_BOUND('',#3534,.F.);
#3536=ADVANCED_FACE('',(#3535),#3526,.T.);
#3537=CARTESIAN_POINT('',(2.17152E1,-1.295E0,4.3687E1));
#3538=DIRECTION('',(1.E0,0.E0,0.E0));
#3539=DIRECTION('',(0.E0,-1.E0,0.E0));
#3540=AXIS2_PLACEMENT_3D('',#3537,#3538,#3539);
#3541=CYLINDRICAL_SURFACE('',#3540,1.27E-1);
#3542=ORIENTED_EDGE('',*,*,#3157,.T.);
#3543=ORIENTED_EDGE('',*,*,#3468,.F.);
#3544=ORIENTED_EDGE('',*,*,#3528,.T.);
#3545=EDGE_LOOP('',(#3542,#3543,#3544));
#3546=FACE_OUTER_BOUND('',#3545,.F.);
#3547=ADVANCED_FACE('',(#3546),#3541,.F.);
#3548=CARTESIAN_POINT('',(2.17152E1,-7.112E-1,4.45252E1));
#3549=DIRECTION('',(1.E0,0.E0,0.E0));
#3550=DIRECTION('',(0.E0,-1.E0,0.E0));
#3551=AXIS2_PLACEMENT_3D('',#3548,#3549,#3550);
#3552=CYLINDRICAL_SURFACE('',#3551,5.588E-1);
#3553=ORIENTED_EDGE('',*,*,#3464,.F.);
#3555=ORIENTED_EDGE('',*,*,#3554,.T.);
#3556=ORIENTED_EDGE('',*,*,#3506,.T.);
#3557=ORIENTED_EDGE('',*,*,#3531,.F.);
#3558=EDGE_LOOP('',(#3553,#3555,#3556,#3557));
#3559=FACE_OUTER_BOUND('',#3558,.F.);
#3560=ADVANCED_FACE('',(#3559),#3552,.T.);
#3561=CARTESIAN_POINT('',(2.17152E1,2.5E-1,4.5084E1));
#3562=DIRECTION('',(0.E0,0.E0,1.E0));
#3563=DIRECTION('',(0.E0,-1.E0,0.E0));
#3564=AXIS2_PLACEMENT_3D('',#3561,#3562,#3563);
#3565=PLANE('',#3564);
#3567=ORIENTED_EDGE('',*,*,#3566,.F.);
#3568=ORIENTED_EDGE('',*,*,#3508,.T.);
#3569=ORIENTED_EDGE('',*,*,#3554,.F.);
#3570=ORIENTED_EDGE('',*,*,#3462,.F.);
#3571=EDGE_LOOP('',(#3567,#3568,#3569,#3570));
#3572=FACE_OUTER_BOUND('',#3571,.F.);
#3573=ADVANCED_FACE('',(#3572),#3565,.T.);
#3574=CARTESIAN_POINT('',(3.211719847407E1,-2.54E-1,4.5338E1));
#3575=DIRECTION('',(-1.E0,0.E0,0.E0));
#3576=DIRECTION('',(0.E0,1.E0,0.E0));
#3577=AXIS2_PLACEMENT_3D('',#3574,#3575,#3576);
#3578=CYLINDRICAL_SURFACE('',#3577,2.54E-1);
#3579=ORIENTED_EDGE('',*,*,#3319,.F.);
#3580=ORIENTED_EDGE('',*,*,#3510,.T.);
#3581=ORIENTED_EDGE('',*,*,#3566,.T.);
#3582=ORIENTED_EDGE('',*,*,#3460,.T.);
#3583=EDGE_LOOP('',(#3579,#3580,#3581,#3582));
#3584=FACE_OUTER_BOUND('',#3583,.F.);
#3585=ADVANCED_FACE('',(#3584),#3578,.F.);
#3586=CARTESIAN_POINT('',(0.E0,-1.02E0,0.E0));
#3587=DIRECTION('',(0.E0,1.E0,0.E0));
#3588=DIRECTION('',(1.E0,0.E0,0.E0));
#3589=AXIS2_PLACEMENT_3D('',#3586,#3587,#3588);
#3590=PLANE('',#3589);
#3591=ORIENTED_EDGE('',*,*,#3163,.F.);
#3592=ORIENTED_EDGE('',*,*,#3517,.F.);
#3593=ORIENTED_EDGE('',*,*,#3279,.F.);
#3595=ORIENTED_EDGE('',*,*,#3594,.T.);
#3597=ORIENTED_EDGE('',*,*,#3596,.F.);
#3598=EDGE_LOOP('',(#3591,#3592,#3593,#3595,#3597));
#3599=FACE_OUTER_BOUND('',#3598,.F.);
#3600=ADVANCED_FACE('',(#3599),#3590,.F.);
#3601=CARTESIAN_POINT('',(2.42552E1,0.E0,6.4855E1));
#3602=DIRECTION('',(1.E0,0.E0,0.E0));
#3603=DIRECTION('',(0.E0,-1.E0,0.E0));
#3604=AXIS2_PLACEMENT_3D('',#3601,#3602,#3603);
#3605=PLANE('',#3604);
#3607=ORIENTED_EDGE('',*,*,#3606,.F.);
#3608=ORIENTED_EDGE('',*,*,#3594,.F.);
#3609=ORIENTED_EDGE('',*,*,#3277,.T.);
#3611=ORIENTED_EDGE('',*,*,#3610,.T.);
#3613=ORIENTED_EDGE('',*,*,#3612,.T.);
#3615=ORIENTED_EDGE('',*,*,#3614,.F.);
#3617=ORIENTED_EDGE('',*,*,#3616,.T.);
#3619=ORIENTED_EDGE('',*,*,#3618,.F.);
#3621=ORIENTED_EDGE('',*,*,#3620,.T.);
#3623=ORIENTED_EDGE('',*,*,#3622,.T.);
#3625=ORIENTED_EDGE('',*,*,#3624,.T.);
#3626=EDGE_LOOP('',(#3607,#3608,#3609,#3611,#3613,#3615,#3617,#3619,#3621,#3623,
#3625));
#3627=FACE_OUTER_BOUND('',#3626,.F.);
#3628=ADVANCED_FACE('',(#3627),#3605,.F.);
#3629=CARTESIAN_POINT('',(2.27233E1,2.1576E0,4.38692E1));
#3630=DIRECTION('',(0.E0,0.E0,1.E0));
#3631=DIRECTION('',(1.E0,0.E0,0.E0));
#3632=AXIS2_PLACEMENT_3D('',#3629,#3630,#3631);
#3633=PLANE('',#3632);
#3634=ORIENTED_EDGE('',*,*,#3596,.T.);
#3635=ORIENTED_EDGE('',*,*,#3606,.T.);
#3637=ORIENTED_EDGE('',*,*,#3636,.T.);
#3639=ORIENTED_EDGE('',*,*,#3638,.F.);
#3641=ORIENTED_EDGE('',*,*,#3640,.T.);
#3643=ORIENTED_EDGE('',*,*,#3642,.T.);
#3645=ORIENTED_EDGE('',*,*,#3644,.T.);
#3647=ORIENTED_EDGE('',*,*,#3646,.F.);
#3649=ORIENTED_EDGE('',*,*,#3648,.T.);
#3651=ORIENTED_EDGE('',*,*,#3650,.T.);
#3653=ORIENTED_EDGE('',*,*,#3652,.F.);
#3654=ORIENTED_EDGE('',*,*,#3165,.F.);
#3655=EDGE_LOOP('',(#3634,#3635,#3637,#3639,#3641,#3643,#3645,#3647,#3649,#3651,
#3653,#3654));
#3656=FACE_OUTER_BOUND('',#3655,.F.);
#3657=ADVANCED_FACE('',(#3656),#3633,.T.);
#3658=CARTESIAN_POINT('',(2.42552E1,-1.265449351205E0,4.445403050732E1));
#3659=DIRECTION('',(0.E0,-9.918563908467E-1,-1.273612968548E-1));
#3660=DIRECTION('',(0.E0,1.273612968548E-1,-9.918563908467E-1));
#3661=AXIS2_PLACEMENT_3D('',#3658,#3659,#3660);
#3662=PLANE('',#3661);
#3663=ORIENTED_EDGE('',*,*,#3636,.F.);
#3664=ORIENTED_EDGE('',*,*,#3624,.F.);
#3666=ORIENTED_EDGE('',*,*,#3665,.T.);
#3668=ORIENTED_EDGE('',*,*,#3667,.T.);
#3669=EDGE_LOOP('',(#3663,#3664,#3666,#3668));
#3670=FACE_OUTER_BOUND('',#3669,.F.);
#3671=ADVANCED_FACE('',(#3670),#3662,.T.);
#3672=CARTESIAN_POINT('',(2.42552E1,-7.112E-1,4.45252E1));
#3673=DIRECTION('',(1.E0,0.E0,0.E0));
#3674=DIRECTION('',(0.E0,-1.E0,0.E0));
#3675=AXIS2_PLACEMENT_3D('',#3672,#3673,#3674);
#3676=CYLINDRICAL_SURFACE('',#3675,5.588E-1);
#3677=ORIENTED_EDGE('',*,*,#3622,.F.);
#3679=ORIENTED_EDGE('',*,*,#3678,.T.);
#3681=ORIENTED_EDGE('',*,*,#3680,.T.);
#3682=ORIENTED_EDGE('',*,*,#3665,.F.);
#3683=EDGE_LOOP('',(#3677,#3679,#3681,#3682));
#3684=FACE_OUTER_BOUND('',#3683,.F.);
#3685=ADVANCED_FACE('',(#3684),#3676,.T.);
#3686=CARTESIAN_POINT('',(2.42552E1,2.5E-1,4.5084E1));
#3687=DIRECTION('',(0.E0,0.E0,1.E0));
#3688=DIRECTION('',(0.E0,-1.E0,0.E0));
#3689=AXIS2_PLACEMENT_3D('',#3686,#3687,#3688);
#3690=PLANE('',#3689);
#3692=ORIENTED_EDGE('',*,*,#3691,.F.);
#3694=ORIENTED_EDGE('',*,*,#3693,.T.);
#3695=ORIENTED_EDGE('',*,*,#3678,.F.);
#3696=ORIENTED_EDGE('',*,*,#3620,.F.);
#3697=EDGE_LOOP('',(#3692,#3694,#3695,#3696));
#3698=FACE_OUTER_BOUND('',#3697,.F.);
#3699=ADVANCED_FACE('',(#3698),#3690,.T.);
#3700=CARTESIAN_POINT('',(3.211719847407E1,-2.54E-1,4.5338E1));
#3701=DIRECTION('',(-1.E0,0.E0,0.E0));
#3702=DIRECTION('',(0.E0,1.E0,0.E0));
#3703=AXIS2_PLACEMENT_3D('',#3700,#3701,#3702);
#3704=CYLINDRICAL_SURFACE('',#3703,2.54E-1);
#3706=ORIENTED_EDGE('',*,*,#3705,.F.);
#3708=ORIENTED_EDGE('',*,*,#3707,.T.);
#3709=ORIENTED_EDGE('',*,*,#3691,.T.);
#3710=ORIENTED_EDGE('',*,*,#3618,.T.);
#3711=EDGE_LOOP('',(#3706,#3708,#3709,#3710));
#3712=FACE_OUTER_BOUND('',#3711,.F.);
#3713=ADVANCED_FACE('',(#3712),#3704,.F.);
#3714=CARTESIAN_POINT('',(2.456E1,0.E0,6.4855E1));
#3715=DIRECTION('',(0.E0,1.E0,0.E0));
#3716=DIRECTION('',(1.E0,0.E0,0.E0));
#3717=AXIS2_PLACEMENT_3D('',#3714,#3715,#3716);
#3718=PLANE('',#3717);
#3719=ORIENTED_EDGE('',*,*,#3229,.F.);
#3721=ORIENTED_EDGE('',*,*,#3720,.T.);
#3723=ORIENTED_EDGE('',*,*,#3722,.T.);
#3725=ORIENTED_EDGE('',*,*,#3724,.T.);
#3727=ORIENTED_EDGE('',*,*,#3726,.T.);
#3729=ORIENTED_EDGE('',*,*,#3728,.T.);
#3731=ORIENTED_EDGE('',*,*,#3730,.T.);
#3733=ORIENTED_EDGE('',*,*,#3732,.T.);
#3734=ORIENTED_EDGE('',*,*,#3233,.F.);
#3736=ORIENTED_EDGE('',*,*,#3735,.T.);
#3738=ORIENTED_EDGE('',*,*,#3737,.F.);
#3739=ORIENTED_EDGE('',*,*,#3705,.T.);
#3740=ORIENTED_EDGE('',*,*,#3616,.F.);
#3742=ORIENTED_EDGE('',*,*,#3741,.F.);
#3743=EDGE_LOOP('',(#3719,#3721,#3723,#3725,#3727,#3729,#3731,#3733,#3734,#3736,
#3738,#3739,#3740,#3742));
#3744=FACE_OUTER_BOUND('',#3743,.F.);
#3745=ADVANCED_FACE('',(#3744),#3718,.F.);
#3746=CARTESIAN_POINT('',(2.3925E1,0.E0,4.2925E1));
#3747=DIRECTION('',(-1.E0,0.E0,0.E0));
#3748=DIRECTION('',(0.E0,0.E0,1.E0));
#3749=AXIS2_PLACEMENT_3D('',#3746,#3747,#3748);
#3750=PLANE('',#3749);
#3752=ORIENTED_EDGE('',*,*,#3751,.T.);
#3754=ORIENTED_EDGE('',*,*,#3753,.T.);
#3756=ORIENTED_EDGE('',*,*,#3755,.F.);
#3757=ORIENTED_EDGE('',*,*,#3720,.F.);
#3759=ORIENTED_EDGE('',*,*,#3758,.T.);
#3760=EDGE_LOOP('',(#3752,#3754,#3756,#3757,#3759));
#3761=FACE_OUTER_BOUND('',#3760,.F.);
#3762=ADVANCED_FACE('',(#3761),#3750,.T.);
#3763=CARTESIAN_POINT('',(2.27233E1,2.1576E0,4.38692E1));
#3764=DIRECTION('',(0.E0,0.E0,1.E0));
#3765=DIRECTION('',(1.E0,0.E0,0.E0));
#3766=AXIS2_PLACEMENT_3D('',#3763,#3764,#3765);
#3767=PLANE('',#3766);
#3769=ORIENTED_EDGE('',*,*,#3768,.F.);
#3770=ORIENTED_EDGE('',*,*,#3181,.F.);
#3772=ORIENTED_EDGE('',*,*,#3771,.T.);
#3774=ORIENTED_EDGE('',*,*,#3773,.T.);
#3776=ORIENTED_EDGE('',*,*,#3775,.F.);
#3778=ORIENTED_EDGE('',*,*,#3777,.T.);
#3780=ORIENTED_EDGE('',*,*,#3779,.F.);
#3782=ORIENTED_EDGE('',*,*,#3781,.F.);
#3784=ORIENTED_EDGE('',*,*,#3783,.F.);
#3786=ORIENTED_EDGE('',*,*,#3785,.T.);
#3788=ORIENTED_EDGE('',*,*,#3787,.F.);
#3790=ORIENTED_EDGE('',*,*,#3789,.F.);
#3792=ORIENTED_EDGE('',*,*,#3791,.F.);
#3794=ORIENTED_EDGE('',*,*,#3793,.T.);
#3796=ORIENTED_EDGE('',*,*,#3795,.F.);
#3798=ORIENTED_EDGE('',*,*,#3797,.F.);
#3800=ORIENTED_EDGE('',*,*,#3799,.F.);
#3802=ORIENTED_EDGE('',*,*,#3801,.T.);
#3804=ORIENTED_EDGE('',*,*,#3803,.F.);
#3805=ORIENTED_EDGE('',*,*,#3751,.F.);
#3806=EDGE_LOOP('',(#3769,#3770,#3772,#3774,#3776,#3778,#3780,#3782,#3784,#3786,
#3788,#3790,#3792,#3794,#3796,#3798,#3800,#3802,#3804,#3805));
#3807=FACE_OUTER_BOUND('',#3806,.F.);
#3808=ADVANCED_FACE('',(#3807),#3767,.T.);
#3809=CARTESIAN_POINT('',(0.E0,0.E0,0.E0));
#3810=DIRECTION('',(0.E0,1.E0,0.E0));
#3811=DIRECTION('',(1.E0,0.E0,0.E0));
#3812=AXIS2_PLACEMENT_3D('',#3809,#3810,#3811);
#3813=PLANE('',#3812);
#3814=ORIENTED_EDGE('',*,*,#3183,.T.);
#3815=ORIENTED_EDGE('',*,*,#3768,.T.);
#3816=ORIENTED_EDGE('',*,*,#3758,.F.);
#3817=ORIENTED_EDGE('',*,*,#3227,.T.);
#3819=ORIENTED_EDGE('',*,*,#3818,.T.);
#3820=EDGE_LOOP('',(#3814,#3815,#3816,#3817,#3819));
#3821=FACE_OUTER_BOUND('',#3820,.F.);
#3822=ADVANCED_FACE('',(#3821),#3813,.T.);
#3823=CARTESIAN_POINT('',(2.2655E1,0.E0,4.5465E1));
#3824=DIRECTION('',(1.E0,0.E0,0.E0));
#3825=DIRECTION('',(0.E0,0.E0,-1.E0));
#3826=AXIS2_PLACEMENT_3D('',#3823,#3824,#3825);
#3827=PLANE('',#3826);
#3828=ORIENTED_EDGE('',*,*,#3185,.F.);
#3829=ORIENTED_EDGE('',*,*,#3818,.F.);
#3830=ORIENTED_EDGE('',*,*,#3312,.F.);
#3832=ORIENTED_EDGE('',*,*,#3831,.T.);
#3833=ORIENTED_EDGE('',*,*,#3356,.T.);
#3834=EDGE_LOOP('',(#3828,#3829,#3830,#3832,#3833));
#3835=FACE_OUTER_BOUND('',#3834,.F.);
#3836=ADVANCED_FACE('',(#3835),#3827,.T.);
#3837=CARTESIAN_POINT('',(2.2275E1,0.E0,4.5845E1));
#3838=DIRECTION('',(7.071067811866E-1,0.E0,7.071067811865E-1));
#3839=DIRECTION('',(7.071067811865E-1,0.E0,-7.071067811866E-1));
#3840=AXIS2_PLACEMENT_3D('',#3837,#3838,#3839);
#3841=PLANE('',#3840);
#3842=ORIENTED_EDGE('',*,*,#3310,.F.);
#3844=ORIENTED_EDGE('',*,*,#3843,.T.);
#3845=ORIENTED_EDGE('',*,*,#3358,.T.);
#3846=ORIENTED_EDGE('',*,*,#3831,.F.);
#3847=EDGE_LOOP('',(#3842,#3844,#3845,#3846));
#3848=FACE_OUTER_BOUND('',#3847,.F.);
#3849=ADVANCED_FACE('',(#3848),#3841,.T.);
#3850=CARTESIAN_POINT('',(2.2275E1,0.E0,6.2315E1));
#3851=DIRECTION('',(1.E0,0.E0,0.E0));
#3852=DIRECTION('',(0.E0,0.E0,-1.E0));
#3853=AXIS2_PLACEMENT_3D('',#3850,#3851,#3852);
#3854=PLANE('',#3853);
#3856=ORIENTED_EDGE('',*,*,#3855,.T.);
#3857=ORIENTED_EDGE('',*,*,#3360,.T.);
#3858=ORIENTED_EDGE('',*,*,#3843,.F.);
#3859=ORIENTED_EDGE('',*,*,#3308,.F.);
#3860=EDGE_LOOP('',(#3856,#3857,#3858,#3859));
#3861=FACE_OUTER_BOUND('',#3860,.F.);
#3862=ADVANCED_FACE('',(#3861),#3854,.T.);
#3863=CARTESIAN_POINT('',(3.62E1,2.5E-1,5.9777E1));
#3864=DIRECTION('',(0.E0,0.E0,-1.E0));
#3865=DIRECTION('',(-1.E0,0.E0,0.E0));
#3866=AXIS2_PLACEMENT_3D('',#3863,#3864,#3865);
#3867=PLANE('',#3866);
#3868=ORIENTED_EDGE('',*,*,#3306,.F.);
#3870=ORIENTED_EDGE('',*,*,#3869,.T.);
#3871=ORIENTED_EDGE('',*,*,#3362,.T.);
#3872=ORIENTED_EDGE('',*,*,#3855,.F.);
#3873=EDGE_LOOP('',(#3868,#3870,#3871,#3872));
#3874=FACE_OUTER_BOUND('',#3873,.F.);
#3875=ADVANCED_FACE('',(#3874),#3867,.F.);
#3876=CARTESIAN_POINT('',(2.1765E1,0.E0,4.5845E1));
#3877=DIRECTION('',(-1.E0,0.E0,0.E0));
#3878=DIRECTION('',(0.E0,0.E0,1.E0));
#3879=AXIS2_PLACEMENT_3D('',#3876,#3877,#3878);
#3880=PLANE('',#3879);
#3881=ORIENTED_EDGE('',*,*,#3869,.F.);
#3882=ORIENTED_EDGE('',*,*,#3304,.F.);
#3884=ORIENTED_EDGE('',*,*,#3883,.T.);
#3885=ORIENTED_EDGE('',*,*,#3364,.T.);
#3886=EDGE_LOOP('',(#3881,#3882,#3884,#3885));
#3887=FACE_OUTER_BOUND('',#3886,.F.);
#3888=ADVANCED_FACE('',(#3887),#3880,.T.);
#3889=CARTESIAN_POINT('',(2.1385E1,0.E0,4.5465E1));
#3890=DIRECTION('',(-7.071067811866E-1,0.E0,7.071067811865E-1));
#3891=DIRECTION('',(7.071067811865E-1,0.E0,7.071067811866E-1));
#3892=AXIS2_PLACEMENT_3D('',#3889,#3890,#3891);
#3893=PLANE('',#3892);
#3894=ORIENTED_EDGE('',*,*,#3302,.F.);
#3895=ORIENTED_EDGE('',*,*,#3336,.T.);
#3896=ORIENTED_EDGE('',*,*,#3366,.T.);
#3897=ORIENTED_EDGE('',*,*,#3883,.F.);
#3898=EDGE_LOOP('',(#3894,#3895,#3896,#3897));
#3899=FACE_OUTER_BOUND('',#3898,.F.);
#3900=ADVANCED_FACE('',(#3899),#3893,.T.);
#3901=CARTESIAN_POINT('',(2.58348E1,4.602E-1,3.78192E1));
#3902=DIRECTION('',(0.E0,-1.E0,0.E0));
#3903=DIRECTION('',(-1.E0,0.E0,0.E0));
#3904=AXIS2_PLACEMENT_3D('',#3901,#3902,#3903);
#3905=PLANE('',#3904);
#3907=ORIENTED_EDGE('',*,*,#3906,.F.);
#3908=ORIENTED_EDGE('',*,*,#3771,.F.);
#3909=ORIENTED_EDGE('',*,*,#3179,.F.);
#3911=ORIENTED_EDGE('',*,*,#3910,.F.);
#3913=ORIENTED_EDGE('',*,*,#3912,.F.);
#3915=ORIENTED_EDGE('',*,*,#3914,.F.);
#3917=ORIENTED_EDGE('',*,*,#3916,.F.);
#3919=ORIENTED_EDGE('',*,*,#3918,.F.);
#3920=EDGE_LOOP('',(#3907,#3908,#3909,#3911,#3913,#3915,#3917,#3919));
#3921=FACE_OUTER_BOUND('',#3920,.F.);
#3922=ADVANCED_FACE('',(#3921),#3905,.T.);
#3923=CARTESIAN_POINT('',(2.89463E1,2.1576E0,4.09942E1));
#3924=DIRECTION('',(0.E0,1.E0,0.E0));
#3925=DIRECTION('',(1.E0,0.E0,0.E0));
#3926=AXIS2_PLACEMENT_3D('',#3923,#3924,#3925);
#3927=CYLINDRICAL_SURFACE('',#3926,2.875E0);
#3929=ORIENTED_EDGE('',*,*,#3928,.F.);
#3930=ORIENTED_EDGE('',*,*,#3773,.F.);
#3931=ORIENTED_EDGE('',*,*,#3906,.T.);
#3933=ORIENTED_EDGE('',*,*,#3932,.F.);
#3935=ORIENTED_EDGE('',*,*,#3934,.F.);
#3937=ORIENTED_EDGE('',*,*,#3936,.F.);
#3939=ORIENTED_EDGE('',*,*,#3938,.F.);
#3941=ORIENTED_EDGE('',*,*,#3940,.F.);
#3943=ORIENTED_EDGE('',*,*,#3942,.F.);
#3944=ORIENTED_EDGE('',*,*,#3650,.F.);
#3946=ORIENTED_EDGE('',*,*,#3945,.T.);
#3948=ORIENTED_EDGE('',*,*,#3947,.F.);
#3950=ORIENTED_EDGE('',*,*,#3949,.T.);
#3952=ORIENTED_EDGE('',*,*,#3951,.F.);
#3954=ORIENTED_EDGE('',*,*,#3953,.T.);
#3956=ORIENTED_EDGE('',*,*,#3955,.T.);
#3958=ORIENTED_EDGE('',*,*,#3957,.T.);
#3960=ORIENTED_EDGE('',*,*,#3959,.F.);
#3962=ORIENTED_EDGE('',*,*,#3961,.T.);
#3964=ORIENTED_EDGE('',*,*,#3963,.F.);
#3966=ORIENTED_EDGE('',*,*,#3965,.F.);
#3968=ORIENTED_EDGE('',*,*,#3967,.F.);
#3970=ORIENTED_EDGE('',*,*,#3969,.T.);
#3972=ORIENTED_EDGE('',*,*,#3971,.F.);
#3974=ORIENTED_EDGE('',*,*,#3973,.F.);
#3975=EDGE_LOOP('',(#3929,#3930,#3931,#3933,#3935,#3937,#3939,#3941,#3943,#3944,
#3946,#3948,#3950,#3952,#3954,#3956,#3958,#3960,#3962,#3964,#3966,#3968,#3970,
#3972,#3974));
#3976=FACE_OUTER_BOUND('',#3975,.F.);
#3977=ADVANCED_FACE('',(#3976),#3927,.T.);
#3978=CARTESIAN_POINT('',(0.E0,0.E0,0.E0));
#3979=DIRECTION('',(0.E0,1.E0,0.E0));
#3980=DIRECTION('',(1.E0,0.E0,0.E0));
#3981=AXIS2_PLACEMENT_3D('',#3978,#3979,#3980);
#3982=PLANE('',#3981);
#3983=ORIENTED_EDGE('',*,*,#3928,.T.);
#3985=ORIENTED_EDGE('',*,*,#3984,.F.);
#3986=ORIENTED_EDGE('',*,*,#3243,.T.);
#3988=ORIENTED_EDGE('',*,*,#3987,.T.);
#3989=ORIENTED_EDGE('',*,*,#3775,.T.);
#3990=EDGE_LOOP('',(#3983,#3985,#3986,#3988,#3989));
#3991=FACE_OUTER_BOUND('',#3990,.F.);
#3992=ADVANCED_FACE('',(#3991),#3982,.T.);
#3993=CARTESIAN_POINT('',(2.9005E1,0.E0,4.2925E1));
#3994=DIRECTION('',(-1.E0,0.E0,0.E0));
#3995=DIRECTION('',(0.E0,0.E0,1.E0));
#3996=AXIS2_PLACEMENT_3D('',#3993,#3994,#3995);
#3997=PLANE('',#3996);
#3998=ORIENTED_EDGE('',*,*,#3973,.T.);
#4000=ORIENTED_EDGE('',*,*,#3999,.T.);
#4002=ORIENTED_EDGE('',*,*,#4001,.F.);
#4004=ORIENTED_EDGE('',*,*,#4003,.F.);
#4005=ORIENTED_EDGE('',*,*,#3984,.T.);
#4006=EDGE_LOOP('',(#3998,#4000,#4002,#4004,#4005));
#4007=FACE_OUTER_BOUND('',#4006,.F.);
#4008=ADVANCED_FACE('',(#4007),#3997,.T.);
#4009=CARTESIAN_POINT('',(2.456E1,2.5E-1,6.4855E1));
#4010=DIRECTION('',(0.E0,1.E0,0.E0));
#4011=DIRECTION('',(1.E0,0.E0,0.E0));
#4012=AXIS2_PLACEMENT_3D('',#4009,#4010,#4011);
#4013=PLANE('',#4012);
#4014=ORIENTED_EDGE('',*,*,#3971,.T.);
#4016=ORIENTED_EDGE('',*,*,#4015,.F.);
#4018=ORIENTED_EDGE('',*,*,#4017,.F.);
#4020=ORIENTED_EDGE('',*,*,#4019,.F.);
#4021=ORIENTED_EDGE('',*,*,#3963,.T.);
#4023=ORIENTED_EDGE('',*,*,#4022,.F.);
#4025=ORIENTED_EDGE('',*,*,#4024,.F.);
#4027=ORIENTED_EDGE('',*,*,#4026,.F.);
#4029=ORIENTED_EDGE('',*,*,#4028,.F.);
#4031=ORIENTED_EDGE('',*,*,#4030,.F.);
#4033=ORIENTED_EDGE('',*,*,#4032,.F.);
#4034=ORIENTED_EDGE('',*,*,#3999,.F.);
#4035=EDGE_LOOP('',(#4014,#4016,#4018,#4020,#4021,#4023,#4025,#4027,#4029,#4031,
#4033,#4034));
#4036=FACE_OUTER_BOUND('',#4035,.F.);
#4037=ADVANCED_FACE('',(#4036),#4013,.T.);
#4038=CARTESIAN_POINT('',(2.93352E1,2.5E-1,4.2925E1));
#4039=DIRECTION('',(-1.E0,0.E0,0.E0));
#4040=DIRECTION('',(0.E0,0.E0,1.E0));
#4041=AXIS2_PLACEMENT_3D('',#4038,#4039,#4040);
#4042=PLANE('',#4041);
#4043=ORIENTED_EDGE('',*,*,#3969,.F.);
#4045=ORIENTED_EDGE('',*,*,#4044,.F.);
#4047=ORIENTED_EDGE('',*,*,#4046,.T.);
#4049=ORIENTED_EDGE('',*,*,#4048,.F.);
#4050=ORIENTED_EDGE('',*,*,#4015,.T.);
#4051=EDGE_LOOP('',(#4043,#4045,#4047,#4049,#4050));
#4052=FACE_OUTER_BOUND('',#4051,.F.);
#4053=ADVANCED_FACE('',(#4052),#4042,.F.);
#4054=CARTESIAN_POINT('',(0.E0,0.E0,0.E0));
#4055=DIRECTION('',(0.E0,1.E0,0.E0));
#4056=DIRECTION('',(1.E0,0.E0,0.E0));
#4057=AXIS2_PLACEMENT_3D('',#4054,#4055,#4056);
#4058=PLANE('',#4057);
#4059=ORIENTED_EDGE('',*,*,#3967,.T.);
#4061=ORIENTED_EDGE('',*,*,#4060,.F.);
#4062=ORIENTED_EDGE('',*,*,#3247,.T.);
#4063=ORIENTED_EDGE('',*,*,#4044,.T.);
#4064=EDGE_LOOP('',(#4059,#4061,#4062,#4063));
#4065=FACE_OUTER_BOUND('',#4064,.F.);
#4066=ADVANCED_FACE('',(#4065),#4058,.T.);
#4067=CARTESIAN_POINT('',(2.99448E1,2.5E-1,4.483E1));
#4068=DIRECTION('',(1.E0,0.E0,0.E0));
#4069=DIRECTION('',(0.E0,0.E0,-1.E0));
#4070=AXIS2_PLACEMENT_3D('',#4067,#4068,#4069);
#4071=PLANE('',#4070);
#4072=ORIENTED_EDGE('',*,*,#3965,.T.);
#4073=ORIENTED_EDGE('',*,*,#4019,.T.);
#4075=ORIENTED_EDGE('',*,*,#4074,.F.);
#4077=ORIENTED_EDGE('',*,*,#4076,.F.);
#4078=ORIENTED_EDGE('',*,*,#4060,.T.);
#4079=EDGE_LOOP('',(#4072,#4073,#4075,#4077,#4078));
#4080=FACE_OUTER_BOUND('',#4079,.F.);
#4081=ADVANCED_FACE('',(#4080),#4071,.F.);
#4082=CARTESIAN_POINT('',(3.211719847407E1,-4.E-3,4.5084E1));
#4083=DIRECTION('',(-1.E0,0.E0,0.E0));
#4084=DIRECTION('',(0.E0,1.E0,0.E0));
#4085=AXIS2_PLACEMENT_3D('',#4082,#4083,#4084);
#4086=CYLINDRICAL_SURFACE('',#4085,2.54E-1);
#4088=ORIENTED_EDGE('',*,*,#4087,.T.);
#4090=ORIENTED_EDGE('',*,*,#4089,.F.);
#4092=ORIENTED_EDGE('',*,*,#4091,.T.);
#4093=ORIENTED_EDGE('',*,*,#4074,.T.);
#4094=ORIENTED_EDGE('',*,*,#4017,.T.);
#4095=ORIENTED_EDGE('',*,*,#4048,.T.);
#4096=EDGE_LOOP('',(#4088,#4090,#4092,#4093,#4094,#4095));
#4097=FACE_OUTER_BOUND('',#4096,.F.);
#4098=ADVANCED_FACE('',(#4097),#4086,.T.);
#4099=CARTESIAN_POINT('',(2.93352E1,0.E0,6.4855E1));
#4100=DIRECTION('',(1.E0,0.E0,0.E0));
#4101=DIRECTION('',(0.E0,-1.E0,0.E0));
#4102=AXIS2_PLACEMENT_3D('',#4099,#4100,#4101);
#4103=PLANE('',#4102);
#4104=ORIENTED_EDGE('',*,*,#3947,.T.);
#4106=ORIENTED_EDGE('',*,*,#4105,.F.);
#4107=ORIENTED_EDGE('',*,*,#3261,.T.);
#4109=ORIENTED_EDGE('',*,*,#4108,.T.);
#4111=ORIENTED_EDGE('',*,*,#4110,.T.);
#4112=ORIENTED_EDGE('',*,*,#4087,.F.);
#4114=ORIENTED_EDGE('',*,*,#4113,.T.);
#4116=ORIENTED_EDGE('',*,*,#4115,.F.);
#4118=ORIENTED_EDGE('',*,*,#4117,.T.);
#4120=ORIENTED_EDGE('',*,*,#4119,.T.);
#4122=ORIENTED_EDGE('',*,*,#4121,.T.);
#4123=EDGE_LOOP('',(#4104,#4106,#4107,#4109,#4111,#4112,#4114,#4116,#4118,#4120,
#4122));
#4124=FACE_OUTER_BOUND('',#4123,.F.);
#4125=ADVANCED_FACE('',(#4124),#4103,.F.);
#4126=CARTESIAN_POINT('',(0.E0,-1.02E0,0.E0));
#4127=DIRECTION('',(0.E0,1.E0,0.E0));
#4128=DIRECTION('',(1.E0,0.E0,0.E0));
#4129=AXIS2_PLACEMENT_3D('',#4126,#4127,#4128);
#4130=PLANE('',#4129);
#4131=ORIENTED_EDGE('',*,*,#3945,.F.);
#4132=ORIENTED_EDGE('',*,*,#3648,.F.);
#4134=ORIENTED_EDGE('',*,*,#4133,.F.);
#4135=ORIENTED_EDGE('',*,*,#3263,.F.);
#4136=ORIENTED_EDGE('',*,*,#4105,.T.);
#4137=EDGE_LOOP('',(#4131,#4132,#4134,#4135,#4136));
#4138=FACE_OUTER_BOUND('',#4137,.F.);
#4139=ADVANCED_FACE('',(#4138),#4130,.F.);
#4140=CARTESIAN_POINT('',(2.74048E1,0.E0,6.4855E1));
#4141=DIRECTION('',(1.E0,0.E0,0.E0));
#4142=DIRECTION('',(0.E0,-1.E0,0.E0));
#4143=AXIS2_PLACEMENT_3D('',#4140,#4141,#4142);
#4144=PLANE('',#4143);
#4145=ORIENTED_EDGE('',*,*,#3646,.T.);
#4147=ORIENTED_EDGE('',*,*,#4146,.F.);
#4149=ORIENTED_EDGE('',*,*,#4148,.F.);
#4151=ORIENTED_EDGE('',*,*,#4150,.F.);
#4153=ORIENTED_EDGE('',*,*,#4152,.F.);
#4155=ORIENTED_EDGE('',*,*,#4154,.T.);
#4157=ORIENTED_EDGE('',*,*,#4156,.F.);
#4159=ORIENTED_EDGE('',*,*,#4158,.F.);
#4161=ORIENTED_EDGE('',*,*,#4160,.F.);
#4162=ORIENTED_EDGE('',*,*,#3265,.F.);
#4163=ORIENTED_EDGE('',*,*,#4133,.T.);
#4164=EDGE_LOOP('',(#4145,#4147,#4149,#4151,#4153,#4155,#4157,#4159,#4161,#4162,
#4163));
#4165=FACE_OUTER_BOUND('',#4164,.F.);
#4166=ADVANCED_FACE('',(#4165),#4144,.T.);
#4167=CARTESIAN_POINT('',(2.67952E1,-1.265449351205E0,4.445403050732E1));
#4168=DIRECTION('',(0.E0,-9.918563908467E-1,-1.273612968548E-1));
#4169=DIRECTION('',(0.E0,1.273612968548E-1,-9.918563908467E-1));
#4170=AXIS2_PLACEMENT_3D('',#4167,#4168,#4169);
#4171=PLANE('',#4170);
#4172=ORIENTED_EDGE('',*,*,#3644,.F.);
#4174=ORIENTED_EDGE('',*,*,#4173,.F.);
#4176=ORIENTED_EDGE('',*,*,#4175,.T.);
#4177=ORIENTED_EDGE('',*,*,#4146,.T.);
#4178=EDGE_LOOP('',(#4172,#4174,#4176,#4177));
#4179=FACE_OUTER_BOUND('',#4178,.F.);
#4180=ADVANCED_FACE('',(#4179),#4171,.T.);
#4181=CARTESIAN_POINT('',(2.67952E1,0.E0,6.4855E1));
#4182=DIRECTION('',(1.E0,0.E0,0.E0));
#4183=DIRECTION('',(0.E0,-1.E0,0.E0));
#4184=AXIS2_PLACEMENT_3D('',#4181,#4182,#4183);
#4185=PLANE('',#4184);
#4186=ORIENTED_EDGE('',*,*,#3642,.F.);
#4188=ORIENTED_EDGE('',*,*,#4187,.F.);
#4189=ORIENTED_EDGE('',*,*,#3269,.T.);
#4191=ORIENTED_EDGE('',*,*,#4190,.T.);
#4193=ORIENTED_EDGE('',*,*,#4192,.T.);
#4195=ORIENTED_EDGE('',*,*,#4194,.F.);
#4197=ORIENTED_EDGE('',*,*,#4196,.T.);
#4199=ORIENTED_EDGE('',*,*,#4198,.F.);
#4201=ORIENTED_EDGE('',*,*,#4200,.T.);
#4203=ORIENTED_EDGE('',*,*,#4202,.T.);
#4204=ORIENTED_EDGE('',*,*,#4173,.T.);
#4205=EDGE_LOOP('',(#4186,#4188,#4189,#4191,#4193,#4195,#4197,#4199,#4201,#4203,
#4204));
#4206=FACE_OUTER_BOUND('',#4205,.F.);
#4207=ADVANCED_FACE('',(#4206),#4185,.F.);
#4208=CARTESIAN_POINT('',(0.E0,-1.02E0,0.E0));
#4209=DIRECTION('',(0.E0,1.E0,0.E0));
#4210=DIRECTION('',(1.E0,0.E0,0.E0));
#4211=AXIS2_PLACEMENT_3D('',#4208,#4209,#4210);
#4212=PLANE('',#4211);
#4213=ORIENTED_EDGE('',*,*,#3640,.F.);
#4215=ORIENTED_EDGE('',*,*,#4214,.F.);
#4216=ORIENTED_EDGE('',*,*,#3271,.F.);
#4217=ORIENTED_EDGE('',*,*,#4187,.T.);
#4218=EDGE_LOOP('',(#4213,#4215,#4216,#4217));
#4219=FACE_OUTER_BOUND('',#4218,.F.);
#4220=ADVANCED_FACE('',(#4219),#4212,.F.);
#4221=CARTESIAN_POINT('',(2.48648E1,0.E0,6.4855E1));
#4222=DIRECTION('',(1.E0,0.E0,0.E0));
#4223=DIRECTION('',(0.E0,-1.E0,0.E0));
#4224=AXIS2_PLACEMENT_3D('',#4221,#4222,#4223);
#4225=PLANE('',#4224);
#4226=ORIENTED_EDGE('',*,*,#3638,.T.);
#4227=ORIENTED_EDGE('',*,*,#3667,.F.);
#4228=ORIENTED_EDGE('',*,*,#3680,.F.);
#4229=ORIENTED_EDGE('',*,*,#3693,.F.);
#4230=ORIENTED_EDGE('',*,*,#3707,.F.);
#4231=ORIENTED_EDGE('',*,*,#3737,.T.);
#4233=ORIENTED_EDGE('',*,*,#4232,.F.);
#4235=ORIENTED_EDGE('',*,*,#4234,.F.);
#4237=ORIENTED_EDGE('',*,*,#4236,.F.);
#4238=ORIENTED_EDGE('',*,*,#3273,.F.);
#4239=ORIENTED_EDGE('',*,*,#4214,.T.);
#4240=EDGE_LOOP('',(#4226,#4227,#4228,#4229,#4230,#4231,#4233,#4235,#4237,#4238,
#4239));
#4241=FACE_OUTER_BOUND('',#4240,.F.);
#4242=ADVANCED_FACE('',(#4241),#4225,.T.);
#4243=CARTESIAN_POINT('',(3.211719847407E1,-4.E-3,4.5084E1));
#4244=DIRECTION('',(-1.E0,0.E0,0.E0));
#4245=DIRECTION('',(0.E0,1.E0,0.E0));
#4246=AXIS2_PLACEMENT_3D('',#4243,#4244,#4245);
#4247=CYLINDRICAL_SURFACE('',#4246,2.54E-1);
#4249=ORIENTED_EDGE('',*,*,#4248,.T.);
#4251=ORIENTED_EDGE('',*,*,#4250,.T.);
#4253=ORIENTED_EDGE('',*,*,#4252,.T.);
#4254=ORIENTED_EDGE('',*,*,#3614,.T.);
#4256=ORIENTED_EDGE('',*,*,#4255,.F.);
#4257=ORIENTED_EDGE('',*,*,#4232,.T.);
#4258=EDGE_LOOP('',(#4249,#4251,#4253,#4254,#4256,#4257));
#4259=FACE_OUTER_BOUND('',#4258,.F.);
#4260=ADVANCED_FACE('',(#4259),#4247,.T.);
#4261=CARTESIAN_POINT('',(2.48648E1,2.5E-1,4.483E1));
#4262=DIRECTION('',(1.E0,0.E0,0.E0));
#4263=DIRECTION('',(0.E0,0.E0,-1.E0));
#4264=AXIS2_PLACEMENT_3D('',#4261,#4262,#4263);
#4265=PLANE('',#4264);
#4266=ORIENTED_EDGE('',*,*,#3797,.T.);
#4268=ORIENTED_EDGE('',*,*,#4267,.T.);
#4269=ORIENTED_EDGE('',*,*,#4248,.F.);
#4270=ORIENTED_EDGE('',*,*,#3735,.F.);
#4272=ORIENTED_EDGE('',*,*,#4271,.T.);
#4273=EDGE_LOOP('',(#4266,#4268,#4269,#4270,#4272));
#4274=FACE_OUTER_BOUND('',#4273,.F.);
#4275=ADVANCED_FACE('',(#4274),#4265,.F.);
#4276=CARTESIAN_POINT('',(2.456E1,2.5E-1,6.4855E1));
#4277=DIRECTION('',(0.E0,1.E0,0.E0));
#4278=DIRECTION('',(1.E0,0.E0,0.E0));
#4279=AXIS2_PLACEMENT_3D('',#4276,#4277,#4278);
#4280=PLANE('',#4279);
#4281=ORIENTED_EDGE('',*,*,#3803,.T.);
#4283=ORIENTED_EDGE('',*,*,#4282,.F.);
#4284=ORIENTED_EDGE('',*,*,#4250,.F.);
#4285=ORIENTED_EDGE('',*,*,#4267,.F.);
#4286=ORIENTED_EDGE('',*,*,#3795,.T.);
#4288=ORIENTED_EDGE('',*,*,#4287,.F.);
#4290=ORIENTED_EDGE('',*,*,#4289,.F.);
#4292=ORIENTED_EDGE('',*,*,#4291,.F.);
#4294=ORIENTED_EDGE('',*,*,#4293,.F.);
#4296=ORIENTED_EDGE('',*,*,#4295,.F.);
#4298=ORIENTED_EDGE('',*,*,#4297,.F.);
#4299=ORIENTED_EDGE('',*,*,#3753,.F.);
#4300=EDGE_LOOP('',(#4281,#4283,#4284,#4285,#4286,#4288,#4290,#4292,#4294,#4296,
#4298,#4299));
#4301=FACE_OUTER_BOUND('',#4300,.F.);
#4302=ADVANCED_FACE('',(#4301),#4280,.T.);
#4303=CARTESIAN_POINT('',(2.42552E1,2.5E-1,4.2925E1));
#4304=DIRECTION('',(-1.E0,0.E0,0.E0));
#4305=DIRECTION('',(0.E0,0.E0,1.E0));
#4306=AXIS2_PLACEMENT_3D('',#4303,#4304,#4305);
#4307=PLANE('',#4306);
#4308=ORIENTED_EDGE('',*,*,#3801,.F.);
#4310=ORIENTED_EDGE('',*,*,#4309,.F.);
#4311=ORIENTED_EDGE('',*,*,#3741,.T.);
#4312=ORIENTED_EDGE('',*,*,#4252,.F.);
#4313=ORIENTED_EDGE('',*,*,#4282,.T.);
#4314=EDGE_LOOP('',(#4308,#4310,#4311,#4312,#4313));
#4315=FACE_OUTER_BOUND('',#4314,.F.);
#4316=ADVANCED_FACE('',(#4315),#4307,.F.);
#4317=CARTESIAN_POINT('',(0.E0,0.E0,0.E0));
#4318=DIRECTION('',(0.E0,1.E0,0.E0));
#4319=DIRECTION('',(1.E0,0.E0,0.E0));
#4320=AXIS2_PLACEMENT_3D('',#4317,#4318,#4319);
#4321=PLANE('',#4320);
#4322=ORIENTED_EDGE('',*,*,#3799,.T.);
#4323=ORIENTED_EDGE('',*,*,#4271,.F.);
#4324=ORIENTED_EDGE('',*,*,#3231,.T.);
#4325=ORIENTED_EDGE('',*,*,#4309,.T.);
#4326=EDGE_LOOP('',(#4322,#4323,#4324,#4325));
#4327=FACE_OUTER_BOUND('',#4326,.F.);
#4328=ADVANCED_FACE('',(#4327),#4321,.T.);
#4329=CARTESIAN_POINT('',(2.5195E1,0.E0,4.5465E1));
#4330=DIRECTION('',(1.E0,0.E0,0.E0));
#4331=DIRECTION('',(0.E0,0.E0,-1.E0));
#4332=AXIS2_PLACEMENT_3D('',#4329,#4330,#4331);
#4333=PLANE('',#4332);
#4334=ORIENTED_EDGE('',*,*,#3793,.F.);
#4336=ORIENTED_EDGE('',*,*,#4335,.F.);
#4337=ORIENTED_EDGE('',*,*,#3732,.F.);
#4339=ORIENTED_EDGE('',*,*,#4338,.T.);
#4340=ORIENTED_EDGE('',*,*,#4287,.T.);
#4341=EDGE_LOOP('',(#4334,#4336,#4337,#4339,#4340));
#4342=FACE_OUTER_BOUND('',#4341,.F.);
#4343=ADVANCED_FACE('',(#4342),#4333,.T.);
#4344=CARTESIAN_POINT('',(0.E0,0.E0,0.E0));
#4345=DIRECTION('',(0.E0,1.E0,0.E0));
#4346=DIRECTION('',(1.E0,0.E0,0.E0));
#4347=AXIS2_PLACEMENT_3D('',#4344,#4345,#4346);
#4348=PLANE('',#4347);
#4349=ORIENTED_EDGE('',*,*,#3791,.T.);
#4351=ORIENTED_EDGE('',*,*,#4350,.F.);
#4352=ORIENTED_EDGE('',*,*,#3235,.T.);
#4353=ORIENTED_EDGE('',*,*,#4335,.T.);
#4354=EDGE_LOOP('',(#4349,#4351,#4352,#4353));
#4355=FACE_OUTER_BOUND('',#4354,.F.);
#4356=ADVANCED_FACE('',(#4355),#4348,.T.);
#4357=CARTESIAN_POINT('',(2.6465E1,0.E0,4.2925E1));
#4358=DIRECTION('',(-1.E0,0.E0,0.E0));
#4359=DIRECTION('',(0.E0,0.E0,1.E0));
#4360=AXIS2_PLACEMENT_3D('',#4357,#4358,#4359);
#4361=PLANE('',#4360);
#4362=ORIENTED_EDGE('',*,*,#3789,.T.);
#4364=ORIENTED_EDGE('',*,*,#4363,.T.);
#4366=ORIENTED_EDGE('',*,*,#4365,.F.);
#4368=ORIENTED_EDGE('',*,*,#4367,.F.);
#4369=ORIENTED_EDGE('',*,*,#4350,.T.);
#4370=EDGE_LOOP('',(#4362,#4364,#4366,#4368,#4369));
#4371=FACE_OUTER_BOUND('',#4370,.F.);
#4372=ADVANCED_FACE('',(#4371),#4361,.T.);
#4373=CARTESIAN_POINT('',(2.456E1,2.5E-1,6.4855E1));
#4374=DIRECTION('',(0.E0,1.E0,0.E0));
#4375=DIRECTION('',(1.E0,0.E0,0.E0));
#4376=AXIS2_PLACEMENT_3D('',#4373,#4374,#4375);
#4377=PLANE('',#4376);
#4378=ORIENTED_EDGE('',*,*,#3787,.T.);
#4380=ORIENTED_EDGE('',*,*,#4379,.F.);
#4382=ORIENTED_EDGE('',*,*,#4381,.F.);
#4384=ORIENTED_EDGE('',*,*,#4383,.F.);
#4385=ORIENTED_EDGE('',*,*,#3779,.T.);
#4387=ORIENTED_EDGE('',*,*,#4386,.F.);
#4389=ORIENTED_EDGE('',*,*,#4388,.F.);
#4391=ORIENTED_EDGE('',*,*,#4390,.F.);
#4393=ORIENTED_EDGE('',*,*,#4392,.F.);
#4395=ORIENTED_EDGE('',*,*,#4394,.F.);
#4397=ORIENTED_EDGE('',*,*,#4396,.F.);
#4398=ORIENTED_EDGE('',*,*,#4363,.F.);
#4399=EDGE_LOOP('',(#4378,#4380,#4382,#4384,#4385,#4387,#4389,#4391,#4393,#4395,
#4397,#4398));
#4400=FACE_OUTER_BOUND('',#4399,.F.);
#4401=ADVANCED_FACE('',(#4400),#4377,.T.);
#4402=CARTESIAN_POINT('',(2.67952E1,2.5E-1,4.2925E1));
#4403=DIRECTION('',(-1.E0,0.E0,0.E0));
#4404=DIRECTION('',(0.E0,0.E0,1.E0));
#4405=AXIS2_PLACEMENT_3D('',#4402,#4403,#4404);
#4406=PLANE('',#4405);
#4407=ORIENTED_EDGE('',*,*,#3785,.F.);
#4409=ORIENTED_EDGE('',*,*,#4408,.F.);
#4411=ORIENTED_EDGE('',*,*,#4410,.T.);
#4413=ORIENTED_EDGE('',*,*,#4412,.F.);
#4414=ORIENTED_EDGE('',*,*,#4379,.T.);
#4415=EDGE_LOOP('',(#4407,#4409,#4411,#4413,#4414));
#4416=FACE_OUTER_BOUND('',#4415,.F.);
#4417=ADVANCED_FACE('',(#4416),#4406,.F.);
#4418=CARTESIAN_POINT('',(0.E0,0.E0,0.E0));
#4419=DIRECTION('',(0.E0,1.E0,0.E0));
#4420=DIRECTION('',(1.E0,0.E0,0.E0));
#4421=AXIS2_PLACEMENT_3D('',#4418,#4419,#4420);
#4422=PLANE('',#4421);
#4423=ORIENTED_EDGE('',*,*,#3783,.T.);
#4425=ORIENTED_EDGE('',*,*,#4424,.F.);
#4426=ORIENTED_EDGE('',*,*,#3239,.T.);
#4427=ORIENTED_EDGE('',*,*,#4408,.T.);
#4428=EDGE_LOOP('',(#4423,#4425,#4426,#4427));
#4429=FACE_OUTER_BOUND('',#4428,.F.);
#4430=ADVANCED_FACE('',(#4429),#4422,.T.);
#4431=CARTESIAN_POINT('',(2.74048E1,2.5E-1,4.483E1));
#4432=DIRECTION('',(1.E0,0.E0,0.E0));
#4433=DIRECTION('',(0.E0,0.E0,-1.E0));
#4434=AXIS2_PLACEMENT_3D('',#4431,#4432,#4433);
#4435=PLANE('',#4434);
#4436=ORIENTED_EDGE('',*,*,#3781,.T.);
#4437=ORIENTED_EDGE('',*,*,#4383,.T.);
#4439=ORIENTED_EDGE('',*,*,#4438,.F.);
#4441=ORIENTED_EDGE('',*,*,#4440,.F.);
#4442=ORIENTED_EDGE('',*,*,#4424,.T.);
#4443=EDGE_LOOP('',(#4436,#4437,#4439,#4441,#4442));
#4444=FACE_OUTER_BOUND('',#4443,.F.);
#4445=ADVANCED_FACE('',(#4444),#4435,.F.);
#4446=CARTESIAN_POINT('',(3.211719847407E1,-4.E-3,4.5084E1));
#4447=DIRECTION('',(-1.E0,0.E0,0.E0));
#4448=DIRECTION('',(0.E0,1.E0,0.E0));
#4449=AXIS2_PLACEMENT_3D('',#4446,#4447,#4448);
#4450=CYLINDRICAL_SURFACE('',#4449,2.54E-1);
#4452=ORIENTED_EDGE('',*,*,#4451,.F.);
#4453=ORIENTED_EDGE('',*,*,#4156,.T.);
#4454=ORIENTED_EDGE('',*,*,#4438,.T.);
#4455=ORIENTED_EDGE('',*,*,#4381,.T.);
#4456=ORIENTED_EDGE('',*,*,#4412,.T.);
#4457=ORIENTED_EDGE('',*,*,#4194,.T.);
#4458=EDGE_LOOP('',(#4452,#4453,#4454,#4455,#4456,#4457));
#4459=FACE_OUTER_BOUND('',#4458,.F.);
#4460=ADVANCED_FACE('',(#4459),#4450,.T.);
#4461=CARTESIAN_POINT('',(2.67952E1,2.5E-1,4.483E1));
#4462=DIRECTION('',(0.E0,0.E0,1.E0));
#4463=DIRECTION('',(1.E0,0.E0,0.E0));
#4464=AXIS2_PLACEMENT_3D('',#4461,#4462,#4463);
#4465=PLANE('',#4464);
#4466=ORIENTED_EDGE('',*,*,#4451,.T.);
#4467=ORIENTED_EDGE('',*,*,#4192,.F.);
#4469=ORIENTED_EDGE('',*,*,#4468,.T.);
#4470=ORIENTED_EDGE('',*,*,#4158,.T.);
#4471=EDGE_LOOP('',(#4466,#4467,#4469,#4470));
#4472=FACE_OUTER_BOUND('',#4471,.F.);
#4473=ADVANCED_FACE('',(#4472),#4465,.F.);
#4474=CARTESIAN_POINT('',(2.67952E1,-7.112E-1,4.45252E1));
#4475=DIRECTION('',(1.E0,0.E0,0.E0));
#4476=DIRECTION('',(0.E0,-1.E0,0.E0));
#4477=AXIS2_PLACEMENT_3D('',#4474,#4475,#4476);
#4478=CYLINDRICAL_SURFACE('',#4477,3.048E-1);
#4479=ORIENTED_EDGE('',*,*,#3267,.T.);
#4480=ORIENTED_EDGE('',*,*,#4160,.T.);
#4481=ORIENTED_EDGE('',*,*,#4468,.F.);
#4482=ORIENTED_EDGE('',*,*,#4190,.F.);
#4483=EDGE_LOOP('',(#4479,#4480,#4481,#4482));
#4484=FACE_OUTER_BOUND('',#4483,.F.);
#4485=ADVANCED_FACE('',(#4484),#4478,.F.);
#4486=CARTESIAN_POINT('',(2.456E1,0.E0,6.4855E1));
#4487=DIRECTION('',(0.E0,1.E0,0.E0));
#4488=DIRECTION('',(1.E0,0.E0,0.E0));
#4489=AXIS2_PLACEMENT_3D('',#4486,#4487,#4488);
#4490=PLANE('',#4489);
#4491=ORIENTED_EDGE('',*,*,#3237,.F.);
#4492=ORIENTED_EDGE('',*,*,#4367,.T.);
#4494=ORIENTED_EDGE('',*,*,#4493,.T.);
#4496=ORIENTED_EDGE('',*,*,#4495,.T.);
#4498=ORIENTED_EDGE('',*,*,#4497,.T.);
#4500=ORIENTED_EDGE('',*,*,#4499,.T.);
#4502=ORIENTED_EDGE('',*,*,#4501,.T.);
#4504=ORIENTED_EDGE('',*,*,#4503,.T.);
#4505=ORIENTED_EDGE('',*,*,#3241,.F.);
#4506=ORIENTED_EDGE('',*,*,#4440,.T.);
#4507=ORIENTED_EDGE('',*,*,#4154,.F.);
#4509=ORIENTED_EDGE('',*,*,#4508,.T.);
#4510=ORIENTED_EDGE('',*,*,#4196,.F.);
#4511=ORIENTED_EDGE('',*,*,#4410,.F.);
#4512=EDGE_LOOP('',(#4491,#4492,#4494,#4496,#4498,#4500,#4502,#4504,#4505,#4506,
#4507,#4509,#4510,#4511));
#4513=FACE_OUTER_BOUND('',#4512,.F.);
#4514=ADVANCED_FACE('',(#4513),#4490,.F.);
#4515=CARTESIAN_POINT('',(2.6465E1,0.E0,4.5465E1));
#4516=DIRECTION('',(-7.071067811866E-1,0.E0,7.071067811865E-1));
#4517=DIRECTION('',(7.071067811865E-1,0.E0,7.071067811866E-1));
#4518=AXIS2_PLACEMENT_3D('',#4515,#4516,#4517);
#4519=PLANE('',#4518);
#4520=ORIENTED_EDGE('',*,*,#4493,.F.);
#4521=ORIENTED_EDGE('',*,*,#4365,.T.);
#4522=ORIENTED_EDGE('',*,*,#4396,.T.);
#4524=ORIENTED_EDGE('',*,*,#4523,.F.);
#4525=EDGE_LOOP('',(#4520,#4521,#4522,#4524));
#4526=FACE_OUTER_BOUND('',#4525,.F.);
#4527=ADVANCED_FACE('',(#4526),#4519,.T.);
#4528=CARTESIAN_POINT('',(2.6845E1,0.E0,4.5845E1));
#4529=DIRECTION('',(-1.E0,0.E0,0.E0));
#4530=DIRECTION('',(0.E0,0.E0,1.E0));
#4531=AXIS2_PLACEMENT_3D('',#4528,#4529,#4530);
#4532=PLANE('',#4531);
#4534=ORIENTED_EDGE('',*,*,#4533,.F.);
#4535=ORIENTED_EDGE('',*,*,#4495,.F.);
#4536=ORIENTED_EDGE('',*,*,#4523,.T.);
#4537=ORIENTED_EDGE('',*,*,#4394,.T.);
#4538=EDGE_LOOP('',(#4534,#4535,#4536,#4537));
#4539=FACE_OUTER_BOUND('',#4538,.F.);
#4540=ADVANCED_FACE('',(#4539),#4532,.T.);
#4541=CARTESIAN_POINT('',(3.62E1,2.5E-1,5.9777E1));
#4542=DIRECTION('',(0.E0,0.E0,-1.E0));
#4543=DIRECTION('',(-1.E0,0.E0,0.E0));
#4544=AXIS2_PLACEMENT_3D('',#4541,#4542,#4543);
#4545=PLANE('',#4544);
#4546=ORIENTED_EDGE('',*,*,#4497,.F.);
#4547=ORIENTED_EDGE('',*,*,#4533,.T.);
#4548=ORIENTED_EDGE('',*,*,#4392,.T.);
#4550=ORIENTED_EDGE('',*,*,#4549,.F.);
#4551=EDGE_LOOP('',(#4546,#4547,#4548,#4550));
#4552=FACE_OUTER_BOUND('',#4551,.F.);
#4553=ADVANCED_FACE('',(#4552),#4545,.F.);
#4554=CARTESIAN_POINT('',(2.7355E1,0.E0,6.2315E1));
#4555=DIRECTION('',(1.E0,0.E0,0.E0));
#4556=DIRECTION('',(0.E0,0.E0,-1.E0));
#4557=AXIS2_PLACEMENT_3D('',#4554,#4555,#4556);
#4558=PLANE('',#4557);
#4559=ORIENTED_EDGE('',*,*,#4549,.T.);
#4560=ORIENTED_EDGE('',*,*,#4390,.T.);
#4562=ORIENTED_EDGE('',*,*,#4561,.F.);
#4563=ORIENTED_EDGE('',*,*,#4499,.F.);
#4564=EDGE_LOOP('',(#4559,#4560,#4562,#4563));
#4565=FACE_OUTER_BOUND('',#4564,.F.);
#4566=ADVANCED_FACE('',(#4565),#4558,.T.);
#4567=CARTESIAN_POINT('',(2.7355E1,0.E0,4.5845E1));
#4568=DIRECTION('',(7.071067811866E-1,0.E0,7.071067811865E-1));
#4569=DIRECTION('',(7.071067811865E-1,0.E0,-7.071067811866E-1));
#4570=AXIS2_PLACEMENT_3D('',#4567,#4568,#4569);
#4571=PLANE('',#4570);
#4572=ORIENTED_EDGE('',*,*,#4501,.F.);
#4573=ORIENTED_EDGE('',*,*,#4561,.T.);
#4574=ORIENTED_EDGE('',*,*,#4388,.T.);
#4576=ORIENTED_EDGE('',*,*,#4575,.F.);
#4577=EDGE_LOOP('',(#4572,#4573,#4574,#4576));
#4578=FACE_OUTER_BOUND('',#4577,.F.);
#4579=ADVANCED_FACE('',(#4578),#4571,.T.);
#4580=CARTESIAN_POINT('',(2.7735E1,0.E0,4.5465E1));
#4581=DIRECTION('',(1.E0,0.E0,0.E0));
#4582=DIRECTION('',(0.E0,0.E0,-1.E0));
#4583=AXIS2_PLACEMENT_3D('',#4580,#4581,#4582);
#4584=PLANE('',#4583);
#4585=ORIENTED_EDGE('',*,*,#3777,.F.);
#4586=ORIENTED_EDGE('',*,*,#3987,.F.);
#4587=ORIENTED_EDGE('',*,*,#4503,.F.);
#4588=ORIENTED_EDGE('',*,*,#4575,.T.);
#4589=ORIENTED_EDGE('',*,*,#4386,.T.);
#4590=EDGE_LOOP('',(#4585,#4586,#4587,#4588,#4589));
#4591=FACE_OUTER_BOUND('',#4590,.F.);
#4592=ADVANCED_FACE('',(#4591),#4584,.T.);
#4593=CARTESIAN_POINT('',(3.211719847407E1,-2.54E-1,4.5338E1));
#4594=DIRECTION('',(-1.E0,0.E0,0.E0));
#4595=DIRECTION('',(0.E0,1.E0,0.E0));
#4596=AXIS2_PLACEMENT_3D('',#4593,#4594,#4595);
#4597=CYLINDRICAL_SURFACE('',#4596,2.54E-1);
#4598=ORIENTED_EDGE('',*,*,#4508,.F.);
#4599=ORIENTED_EDGE('',*,*,#4152,.T.);
#4601=ORIENTED_EDGE('',*,*,#4600,.T.);
#4602=ORIENTED_EDGE('',*,*,#4198,.T.);
#4603=EDGE_LOOP('',(#4598,#4599,#4601,#4602));
#4604=FACE_OUTER_BOUND('',#4603,.F.);
#4605=ADVANCED_FACE('',(#4604),#4597,.F.);
#4606=CARTESIAN_POINT('',(2.67952E1,2.5E-1,4.5084E1));
#4607=DIRECTION('',(0.E0,0.E0,1.E0));
#4608=DIRECTION('',(0.E0,-1.E0,0.E0));
#4609=AXIS2_PLACEMENT_3D('',#4606,#4607,#4608);
#4610=PLANE('',#4609);
#4611=ORIENTED_EDGE('',*,*,#4600,.F.);
#4612=ORIENTED_EDGE('',*,*,#4150,.T.);
#4614=ORIENTED_EDGE('',*,*,#4613,.F.);
#4615=ORIENTED_EDGE('',*,*,#4200,.F.);
#4616=EDGE_LOOP('',(#4611,#4612,#4614,#4615));
#4617=FACE_OUTER_BOUND('',#4616,.F.);
#4618=ADVANCED_FACE('',(#4617),#4610,.T.);
#4619=CARTESIAN_POINT('',(2.67952E1,-7.112E-1,4.45252E1));
#4620=DIRECTION('',(1.E0,0.E0,0.E0));
#4621=DIRECTION('',(0.E0,-1.E0,0.E0));
#4622=AXIS2_PLACEMENT_3D('',#4619,#4620,#4621);
#4623=CYLINDRICAL_SURFACE('',#4622,5.588E-1);
#4624=ORIENTED_EDGE('',*,*,#4202,.F.);
#4625=ORIENTED_EDGE('',*,*,#4613,.T.);
#4626=ORIENTED_EDGE('',*,*,#4148,.T.);
#4627=ORIENTED_EDGE('',*,*,#4175,.F.);
#4628=EDGE_LOOP('',(#4624,#4625,#4626,#4627));
#4629=FACE_OUTER_BOUND('',#4628,.F.);
#4630=ADVANCED_FACE('',(#4629),#4623,.T.);
#4631=CARTESIAN_POINT('',(2.4815E1,0.E0,4.5845E1));
#4632=DIRECTION('',(7.071067811866E-1,0.E0,7.071067811865E-1));
#4633=DIRECTION('',(7.071067811865E-1,0.E0,-7.071067811866E-1));
#4634=AXIS2_PLACEMENT_3D('',#4631,#4632,#4633);
#4635=PLANE('',#4634);
#4636=ORIENTED_EDGE('',*,*,#3730,.F.);
#4638=ORIENTED_EDGE('',*,*,#4637,.T.);
#4639=ORIENTED_EDGE('',*,*,#4289,.T.);
#4640=ORIENTED_EDGE('',*,*,#4338,.F.);
#4641=EDGE_LOOP('',(#4636,#4638,#4639,#4640));
#4642=FACE_OUTER_BOUND('',#4641,.F.);
#4643=ADVANCED_FACE('',(#4642),#4635,.T.);
#4644=CARTESIAN_POINT('',(2.4815E1,0.E0,6.2315E1));
#4645=DIRECTION('',(1.E0,0.E0,0.E0));
#4646=DIRECTION('',(0.E0,0.E0,-1.E0));
#4647=AXIS2_PLACEMENT_3D('',#4644,#4645,#4646);
#4648=PLANE('',#4647);
#4650=ORIENTED_EDGE('',*,*,#4649,.T.);
#4651=ORIENTED_EDGE('',*,*,#4291,.T.);
#4652=ORIENTED_EDGE('',*,*,#4637,.F.);
#4653=ORIENTED_EDGE('',*,*,#3728,.F.);
#4654=EDGE_LOOP('',(#4650,#4651,#4652,#4653));
#4655=FACE_OUTER_BOUND('',#4654,.F.);
#4656=ADVANCED_FACE('',(#4655),#4648,.T.);
#4657=CARTESIAN_POINT('',(3.62E1,2.5E-1,5.9777E1));
#4658=DIRECTION('',(0.E0,0.E0,-1.E0));
#4659=DIRECTION('',(-1.E0,0.E0,0.E0));
#4660=AXIS2_PLACEMENT_3D('',#4657,#4658,#4659);
#4661=PLANE('',#4660);
#4662=ORIENTED_EDGE('',*,*,#3726,.F.);
#4664=ORIENTED_EDGE('',*,*,#4663,.T.);
#4665=ORIENTED_EDGE('',*,*,#4293,.T.);
#4666=ORIENTED_EDGE('',*,*,#4649,.F.);
#4667=EDGE_LOOP('',(#4662,#4664,#4665,#4666));
#4668=FACE_OUTER_BOUND('',#4667,.F.);
#4669=ADVANCED_FACE('',(#4668),#4661,.F.);
#4670=CARTESIAN_POINT('',(2.4305E1,0.E0,4.5845E1));
#4671=DIRECTION('',(-1.E0,0.E0,0.E0));
#4672=DIRECTION('',(0.E0,0.E0,1.E0));
#4673=AXIS2_PLACEMENT_3D('',#4670,#4671,#4672);
#4674=PLANE('',#4673);
#4675=ORIENTED_EDGE('',*,*,#4663,.F.);
#4676=ORIENTED_EDGE('',*,*,#3724,.F.);
#4678=ORIENTED_EDGE('',*,*,#4677,.T.);
#4679=ORIENTED_EDGE('',*,*,#4295,.T.);
#4680=EDGE_LOOP('',(#4675,#4676,#4678,#4679));
#4681=FACE_OUTER_BOUND('',#4680,.F.);
#4682=ADVANCED_FACE('',(#4681),#4674,.T.);
#4683=CARTESIAN_POINT('',(2.3925E1,0.E0,4.5465E1));
#4684=DIRECTION('',(-7.071067811866E-1,0.E0,7.071067811865E-1));
#4685=DIRECTION('',(7.071067811865E-1,0.E0,7.071067811866E-1));
#4686=AXIS2_PLACEMENT_3D('',#4683,#4684,#4685);
#4687=PLANE('',#4686);
#4688=ORIENTED_EDGE('',*,*,#3722,.F.);
#4689=ORIENTED_EDGE('',*,*,#3755,.T.);
#4690=ORIENTED_EDGE('',*,*,#4297,.T.);
#4691=ORIENTED_EDGE('',*,*,#4677,.F.);
#4692=EDGE_LOOP('',(#4688,#4689,#4690,#4691));
#4693=FACE_OUTER_BOUND('',#4692,.F.);
#4694=ADVANCED_FACE('',(#4693),#4687,.T.);
#4695=CARTESIAN_POINT('',(2.42552E1,2.5E-1,4.483E1));
#4696=DIRECTION('',(0.E0,0.E0,1.E0));
#4697=DIRECTION('',(1.E0,0.E0,0.E0));
#4698=AXIS2_PLACEMENT_3D('',#4695,#4696,#4697);
#4699=PLANE('',#4698);
#4700=ORIENTED_EDGE('',*,*,#3612,.F.);
#4702=ORIENTED_EDGE('',*,*,#4701,.T.);
#4703=ORIENTED_EDGE('',*,*,#4234,.T.);
#4704=ORIENTED_EDGE('',*,*,#4255,.T.);
#4705=EDGE_LOOP('',(#4700,#4702,#4703,#4704));
#4706=FACE_OUTER_BOUND('',#4705,.F.);
#4707=ADVANCED_FACE('',(#4706),#4699,.F.);
#4708=CARTESIAN_POINT('',(2.42552E1,-7.112E-1,4.45252E1));
#4709=DIRECTION('',(1.E0,0.E0,0.E0));
#4710=DIRECTION('',(0.E0,-1.E0,0.E0));
#4711=AXIS2_PLACEMENT_3D('',#4708,#4709,#4710);
#4712=CYLINDRICAL_SURFACE('',#4711,3.048E-1);
#4713=ORIENTED_EDGE('',*,*,#3275,.T.);
#4714=ORIENTED_EDGE('',*,*,#4236,.T.);
#4715=ORIENTED_EDGE('',*,*,#4701,.F.);
#4716=ORIENTED_EDGE('',*,*,#3610,.F.);
#4717=EDGE_LOOP('',(#4713,#4714,#4715,#4716));
#4718=FACE_OUTER_BOUND('',#4717,.F.);
#4719=ADVANCED_FACE('',(#4718),#4712,.F.);
#4720=CARTESIAN_POINT('',(2.93352E1,-7.112E-1,4.45252E1));
#4721=DIRECTION('',(1.E0,0.E0,0.E0));
#4722=DIRECTION('',(0.E0,-1.E0,0.E0));
#4723=AXIS2_PLACEMENT_3D('',#4720,#4721,#4722);
#4724=CYLINDRICAL_SURFACE('',#4723,3.048E-1);
#4725=ORIENTED_EDGE('',*,*,#3259,.T.);
#4727=ORIENTED_EDGE('',*,*,#4726,.T.);
#4729=ORIENTED_EDGE('',*,*,#4728,.F.);
#4730=ORIENTED_EDGE('',*,*,#4108,.F.);
#4731=EDGE_LOOP('',(#4725,#4727,#4729,#4730));
#4732=FACE_OUTER_BOUND('',#4731,.F.);
#4733=ADVANCED_FACE('',(#4732),#4724,.F.);
#4734=CARTESIAN_POINT('',(2.99448E1,0.E0,6.4855E1));
#4735=DIRECTION('',(1.E0,0.E0,0.E0));
#4736=DIRECTION('',(0.E0,-1.E0,0.E0));
#4737=AXIS2_PLACEMENT_3D('',#4734,#4735,#4736);
#4738=PLANE('',#4737);
#4739=ORIENTED_EDGE('',*,*,#3953,.F.);
#4741=ORIENTED_EDGE('',*,*,#4740,.F.);
#4743=ORIENTED_EDGE('',*,*,#4742,.F.);
#4745=ORIENTED_EDGE('',*,*,#4744,.F.);
#4747=ORIENTED_EDGE('',*,*,#4746,.F.);
#4749=ORIENTED_EDGE('',*,*,#4748,.F.);
#4751=ORIENTED_EDGE('',*,*,#4750,.T.);
#4752=ORIENTED_EDGE('',*,*,#4091,.F.);
#4754=ORIENTED_EDGE('',*,*,#4753,.F.);
#4755=ORIENTED_EDGE('',*,*,#4726,.F.);
#4756=ORIENTED_EDGE('',*,*,#3257,.F.);
#4758=ORIENTED_EDGE('',*,*,#4757,.T.);
#4759=EDGE_LOOP('',(#4739,#4741,#4743,#4745,#4747,#4749,#4751,#4752,#4754,#4755,
#4756,#4758));
#4760=FACE_OUTER_BOUND('',#4759,.F.);
#4761=ADVANCED_FACE('',(#4760),#4738,.T.);
#4762=CARTESIAN_POINT('',(2.93352E1,-1.295E0,4.3687E1));
#4763=DIRECTION('',(1.E0,0.E0,0.E0));
#4764=DIRECTION('',(0.E0,-1.E0,0.E0));
#4765=AXIS2_PLACEMENT_3D('',#4762,#4763,#4764);
#4766=CYLINDRICAL_SURFACE('',#4765,1.27E-1);
#4767=ORIENTED_EDGE('',*,*,#3951,.T.);
#4769=ORIENTED_EDGE('',*,*,#4768,.T.);
#4770=ORIENTED_EDGE('',*,*,#4740,.T.);
#4771=EDGE_LOOP('',(#4767,#4769,#4770));
#4772=FACE_OUTER_BOUND('',#4771,.F.);
#4773=ADVANCED_FACE('',(#4772),#4766,.F.);
#4774=CARTESIAN_POINT('',(2.93352E1,-1.265449351205E0,4.445403050732E1));
#4775=DIRECTION('',(0.E0,-9.918563908467E-1,-1.273612968548E-1));
#4776=DIRECTION('',(0.E0,1.273612968548E-1,-9.918563908467E-1));
#4777=AXIS2_PLACEMENT_3D('',#4774,#4775,#4776);
#4778=PLANE('',#4777);
#4779=ORIENTED_EDGE('',*,*,#3949,.F.);
#4780=ORIENTED_EDGE('',*,*,#4121,.F.);
#4782=ORIENTED_EDGE('',*,*,#4781,.T.);
#4783=ORIENTED_EDGE('',*,*,#4742,.T.);
#4784=ORIENTED_EDGE('',*,*,#4768,.F.);
#4785=EDGE_LOOP('',(#4779,#4780,#4782,#4783,#4784));
#4786=FACE_OUTER_BOUND('',#4785,.F.);
#4787=ADVANCED_FACE('',(#4786),#4778,.T.);
#4788=CARTESIAN_POINT('',(2.93352E1,-7.112E-1,4.45252E1));
#4789=DIRECTION('',(1.E0,0.E0,0.E0));
#4790=DIRECTION('',(0.E0,-1.E0,0.E0));
#4791=AXIS2_PLACEMENT_3D('',#4788,#4789,#4790);
#4792=CYLINDRICAL_SURFACE('',#4791,5.588E-1);
#4793=ORIENTED_EDGE('',*,*,#4119,.F.);
#4795=ORIENTED_EDGE('',*,*,#4794,.T.);
#4796=ORIENTED_EDGE('',*,*,#4744,.T.);
#4797=ORIENTED_EDGE('',*,*,#4781,.F.);
#4798=EDGE_LOOP('',(#4793,#4795,#4796,#4797));
#4799=FACE_OUTER_BOUND('',#4798,.F.);
#4800=ADVANCED_FACE('',(#4799),#4792,.T.);
#4801=CARTESIAN_POINT('',(2.93352E1,2.5E-1,4.5084E1));
#4802=DIRECTION('',(0.E0,0.E0,1.E0));
#4803=DIRECTION('',(0.E0,-1.E0,0.E0));
#4804=AXIS2_PLACEMENT_3D('',#4801,#4802,#4803);
#4805=PLANE('',#4804);
#4807=ORIENTED_EDGE('',*,*,#4806,.F.);
#4808=ORIENTED_EDGE('',*,*,#4746,.T.);
#4809=ORIENTED_EDGE('',*,*,#4794,.F.);
#4810=ORIENTED_EDGE('',*,*,#4117,.F.);
#4811=EDGE_LOOP('',(#4807,#4808,#4809,#4810));
#4812=FACE_OUTER_BOUND('',#4811,.F.);
#4813=ADVANCED_FACE('',(#4812),#4805,.T.);
#4814=CARTESIAN_POINT('',(3.211719847407E1,-2.54E-1,4.5338E1));
#4815=DIRECTION('',(-1.E0,0.E0,0.E0));
#4816=DIRECTION('',(0.E0,1.E0,0.E0));
#4817=AXIS2_PLACEMENT_3D('',#4814,#4815,#4816);
#4818=CYLINDRICAL_SURFACE('',#4817,2.54E-1);
#4820=ORIENTED_EDGE('',*,*,#4819,.F.);
#4821=ORIENTED_EDGE('',*,*,#4748,.T.);
#4822=ORIENTED_EDGE('',*,*,#4806,.T.);
#4823=ORIENTED_EDGE('',*,*,#4115,.T.);
#4824=EDGE_LOOP('',(#4820,#4821,#4822,#4823));
#4825=FACE_OUTER_BOUND('',#4824,.F.);
#4826=ADVANCED_FACE('',(#4825),#4818,.F.);
#4827=CARTESIAN_POINT('',(2.456E1,0.E0,6.4855E1));
#4828=DIRECTION('',(0.E0,1.E0,0.E0));
#4829=DIRECTION('',(1.E0,0.E0,0.E0));
#4830=AXIS2_PLACEMENT_3D('',#4827,#4828,#4829);
#4831=PLANE('',#4830);
#4832=ORIENTED_EDGE('',*,*,#3245,.F.);
#4833=ORIENTED_EDGE('',*,*,#4003,.T.);
#4835=ORIENTED_EDGE('',*,*,#4834,.T.);
#4837=ORIENTED_EDGE('',*,*,#4836,.T.);
#4839=ORIENTED_EDGE('',*,*,#4838,.T.);
#4841=ORIENTED_EDGE('',*,*,#4840,.T.);
#4843=ORIENTED_EDGE('',*,*,#4842,.T.);
#4845=ORIENTED_EDGE('',*,*,#4844,.T.);
#4846=ORIENTED_EDGE('',*,*,#3249,.F.);
#4847=ORIENTED_EDGE('',*,*,#4076,.T.);
#4848=ORIENTED_EDGE('',*,*,#4750,.F.);
#4849=ORIENTED_EDGE('',*,*,#4819,.T.);
#4850=ORIENTED_EDGE('',*,*,#4113,.F.);
#4851=ORIENTED_EDGE('',*,*,#4046,.F.);
#4852=EDGE_LOOP('',(#4832,#4833,#4835,#4837,#4839,#4841,#4843,#4845,#4846,#4847,
#4848,#4849,#4850,#4851));
#4853=FACE_OUTER_BOUND('',#4852,.F.);
#4854=ADVANCED_FACE('',(#4853),#4831,.F.);
#4855=CARTESIAN_POINT('',(2.9005E1,0.E0,4.5465E1));
#4856=DIRECTION('',(-7.071067811866E-1,0.E0,7.071067811865E-1));
#4857=DIRECTION('',(7.071067811865E-1,0.E0,7.071067811866E-1));
#4858=AXIS2_PLACEMENT_3D('',#4855,#4856,#4857);
#4859=PLANE('',#4858);
#4860=ORIENTED_EDGE('',*,*,#4834,.F.);
#4861=ORIENTED_EDGE('',*,*,#4001,.T.);
#4862=ORIENTED_EDGE('',*,*,#4032,.T.);
#4864=ORIENTED_EDGE('',*,*,#4863,.F.);
#4865=EDGE_LOOP('',(#4860,#4861,#4862,#4864));
#4866=FACE_OUTER_BOUND('',#4865,.F.);
#4867=ADVANCED_FACE('',(#4866),#4859,.T.);
#4868=CARTESIAN_POINT('',(2.9385E1,0.E0,4.5845E1));
#4869=DIRECTION('',(-1.E0,0.E0,1.822734097502E-14));
#4870=DIRECTION('',(1.822734097502E-14,0.E0,1.E0));
#4871=AXIS2_PLACEMENT_3D('',#4868,#4869,#4870);
#4872=PLANE('',#4871);
#4874=ORIENTED_EDGE('',*,*,#4873,.F.);
#4875=ORIENTED_EDGE('',*,*,#4836,.F.);
#4876=ORIENTED_EDGE('',*,*,#4863,.T.);
#4877=ORIENTED_EDGE('',*,*,#4030,.T.);
#4878=EDGE_LOOP('',(#4874,#4875,#4876,#4877));
#4879=FACE_OUTER_BOUND('',#4878,.F.);
#4880=ADVANCED_FACE('',(#4879),#4872,.T.);
#4881=CARTESIAN_POINT('',(3.62E1,2.5E-1,5.9777E1));
#4882=DIRECTION('',(0.E0,0.E0,-1.E0));
#4883=DIRECTION('',(-1.E0,0.E0,0.E0));
#4884=AXIS2_PLACEMENT_3D('',#4881,#4882,#4883);
#4885=PLANE('',#4884);
#4886=ORIENTED_EDGE('',*,*,#4838,.F.);
#4887=ORIENTED_EDGE('',*,*,#4873,.T.);
#4888=ORIENTED_EDGE('',*,*,#4028,.T.);
#4890=ORIENTED_EDGE('',*,*,#4889,.F.);
#4891=EDGE_LOOP('',(#4886,#4887,#4888,#4890));
#4892=FACE_OUTER_BOUND('',#4891,.F.);
#4893=ADVANCED_FACE('',(#4892),#4885,.F.);
#4894=CARTESIAN_POINT('',(2.9895E1,0.E0,6.2315E1));
#4895=DIRECTION('',(1.E0,0.E0,1.828126801933E-14));
#4896=DIRECTION('',(1.828126801933E-14,0.E0,-1.E0));
#4897=AXIS2_PLACEMENT_3D('',#4894,#4895,#4896);
#4898=PLANE('',#4897);
#4899=ORIENTED_EDGE('',*,*,#4889,.T.);
#4900=ORIENTED_EDGE('',*,*,#4026,.T.);
#4902=ORIENTED_EDGE('',*,*,#4901,.F.);
#4903=ORIENTED_EDGE('',*,*,#4840,.F.);
#4904=EDGE_LOOP('',(#4899,#4900,#4902,#4903));
#4905=FACE_OUTER_BOUND('',#4904,.F.);
#4906=ADVANCED_FACE('',(#4905),#4898,.T.);
#4907=CARTESIAN_POINT('',(2.9895E1,0.E0,4.5845E1));
#4908=DIRECTION('',(7.071067811866E-1,0.E0,7.071067811865E-1));
#4909=DIRECTION('',(7.071067811865E-1,0.E0,-7.071067811866E-1));
#4910=AXIS2_PLACEMENT_3D('',#4907,#4908,#4909);
#4911=PLANE('',#4910);
#4912=ORIENTED_EDGE('',*,*,#4842,.F.);
#4913=ORIENTED_EDGE('',*,*,#4901,.T.);
#4914=ORIENTED_EDGE('',*,*,#4024,.T.);
#4916=ORIENTED_EDGE('',*,*,#4915,.F.);
#4917=EDGE_LOOP('',(#4912,#4913,#4914,#4916));
#4918=FACE_OUTER_BOUND('',#4917,.F.);
#4919=ADVANCED_FACE('',(#4918),#4911,.T.);
#4920=CARTESIAN_POINT('',(3.0275E1,0.E0,4.5465E1));
#4921=DIRECTION('',(1.E0,0.E0,0.E0));
#4922=DIRECTION('',(0.E0,0.E0,-1.E0));
#4923=AXIS2_PLACEMENT_3D('',#4920,#4921,#4922);
#4924=PLANE('',#4923);
#4925=ORIENTED_EDGE('',*,*,#3961,.F.);
#4927=ORIENTED_EDGE('',*,*,#4926,.F.);
#4928=ORIENTED_EDGE('',*,*,#4844,.F.);
#4929=ORIENTED_EDGE('',*,*,#4915,.T.);
#4930=ORIENTED_EDGE('',*,*,#4022,.T.);
#4931=EDGE_LOOP('',(#4925,#4927,#4928,#4929,#4930));
#4932=FACE_OUTER_BOUND('',#4931,.F.);
#4933=ADVANCED_FACE('',(#4932),#4924,.T.);
#4934=CARTESIAN_POINT('',(0.E0,0.E0,0.E0));
#4935=DIRECTION('',(0.E0,1.E0,0.E0));
#4936=DIRECTION('',(1.E0,0.E0,0.E0));
#4937=AXIS2_PLACEMENT_3D('',#4934,#4935,#4936);
#4938=PLANE('',#4937);
#4939=ORIENTED_EDGE('',*,*,#3959,.T.);
#4941=ORIENTED_EDGE('',*,*,#4940,.T.);
#4942=ORIENTED_EDGE('',*,*,#3251,.T.);
#4943=ORIENTED_EDGE('',*,*,#4926,.T.);
#4944=EDGE_LOOP('',(#4939,#4941,#4942,#4943));
#4945=FACE_OUTER_BOUND('',#4944,.F.);
#4946=ADVANCED_FACE('',(#4945),#4938,.T.);
#4947=CARTESIAN_POINT('',(3.07848E1,0.E0,3.4671E1));
#4948=DIRECTION('',(-1.E0,0.E0,0.E0));
#4949=DIRECTION('',(0.E0,0.E0,1.E0));
#4950=AXIS2_PLACEMENT_3D('',#4947,#4948,#4949);
#4951=PLANE('',#4950);
#4952=ORIENTED_EDGE('',*,*,#3957,.F.);
#4954=ORIENTED_EDGE('',*,*,#4953,.T.);
#4955=ORIENTED_EDGE('',*,*,#3253,.F.);
#4956=ORIENTED_EDGE('',*,*,#4940,.F.);
#4957=EDGE_LOOP('',(#4952,#4954,#4955,#4956));
#4958=FACE_OUTER_BOUND('',#4957,.F.);
#4959=ADVANCED_FACE('',(#4958),#4951,.F.);
#4960=CARTESIAN_POINT('',(0.E0,-1.02E0,0.E0));
#4961=DIRECTION('',(0.E0,1.E0,0.E0));
#4962=DIRECTION('',(1.E0,0.E0,0.E0));
#4963=AXIS2_PLACEMENT_3D('',#4960,#4961,#4962);
#4964=PLANE('',#4963);
#4965=ORIENTED_EDGE('',*,*,#3955,.F.);
#4966=ORIENTED_EDGE('',*,*,#4757,.F.);
#4967=ORIENTED_EDGE('',*,*,#3255,.F.);
#4968=ORIENTED_EDGE('',*,*,#4953,.F.);
#4969=EDGE_LOOP('',(#4965,#4966,#4967,#4968));
#4970=FACE_OUTER_BOUND('',#4969,.F.);
#4971=ADVANCED_FACE('',(#4970),#4964,.F.);
#4972=CARTESIAN_POINT('',(2.93352E1,2.5E-1,4.483E1));
#4973=DIRECTION('',(0.E0,0.E0,1.E0));
#4974=DIRECTION('',(1.E0,0.E0,0.E0));
#4975=AXIS2_PLACEMENT_3D('',#4972,#4973,#4974);
#4976=PLANE('',#4975);
#4977=ORIENTED_EDGE('',*,*,#4089,.T.);
#4978=ORIENTED_EDGE('',*,*,#4110,.F.);
#4979=ORIENTED_EDGE('',*,*,#4728,.T.);
#4980=ORIENTED_EDGE('',*,*,#4753,.T.);
#4981=EDGE_LOOP('',(#4977,#4978,#4979,#4980));
#4982=FACE_OUTER_BOUND('',#4981,.F.);
#4983=ADVANCED_FACE('',(#4982),#4976,.F.);
#4984=CARTESIAN_POINT('',(3.09656E1,1.3E-1,3.4441E1));
#4985=DIRECTION('',(1.E0,0.E0,0.E0));
#4986=DIRECTION('',(0.E0,0.E0,1.E0));
#4987=AXIS2_PLACEMENT_3D('',#4984,#4985,#4986);
#4988=PLANE('',#4987);
#4989=ORIENTED_EDGE('',*,*,#3932,.T.);
#4990=ORIENTED_EDGE('',*,*,#3918,.T.);
#4992=ORIENTED_EDGE('',*,*,#4991,.T.);
#4994=ORIENTED_EDGE('',*,*,#4993,.F.);
#4995=EDGE_LOOP('',(#4989,#4990,#4992,#4994));
#4996=FACE_OUTER_BOUND('',#4995,.F.);
#4997=ADVANCED_FACE('',(#4996),#4988,.F.);
#4998=CARTESIAN_POINT('',(2.89463E1,-2.77E0,4.09942E1));
#4999=DIRECTION('',(0.E0,1.E0,0.E0));
#5000=DIRECTION('',(-1.E0,0.E0,0.E0));
#5001=AXIS2_PLACEMENT_3D('',#4998,#4999,#5000);
#5002=CYLINDRICAL_SURFACE('',#5001,3.175E0);
#5004=ORIENTED_EDGE('',*,*,#5003,.T.);
#5005=ORIENTED_EDGE('',*,*,#4991,.F.);
#5006=ORIENTED_EDGE('',*,*,#3916,.T.);
#5008=ORIENTED_EDGE('',*,*,#5007,.F.);
#5010=ORIENTED_EDGE('',*,*,#5009,.F.);
#5012=ORIENTED_EDGE('',*,*,#5011,.T.);
#5014=ORIENTED_EDGE('',*,*,#5013,.F.);
#5016=ORIENTED_EDGE('',*,*,#5015,.T.);
#5018=ORIENTED_EDGE('',*,*,#5017,.T.);
#5020=ORIENTED_EDGE('',*,*,#5019,.T.);
#5022=ORIENTED_EDGE('',*,*,#5021,.T.);
#5024=ORIENTED_EDGE('',*,*,#5023,.T.);
#5025=EDGE_LOOP('',(#5004,#5005,#5006,#5008,#5010,#5012,#5014,#5016,#5018,#5020,
#5022,#5024));
#5026=FACE_OUTER_BOUND('',#5025,.F.);
#5027=ADVANCED_FACE('',(#5026),#5002,.T.);
#5028=CARTESIAN_POINT('',(2.58348E1,1.3E-1,3.78192E1));
#5029=DIRECTION('',(0.E0,1.E0,0.E0));
#5030=DIRECTION('',(-1.E0,0.E0,0.E0));
#5031=AXIS2_PLACEMENT_3D('',#5028,#5029,#5030);
#5032=PLANE('',#5031);
#5033=ORIENTED_EDGE('',*,*,#3934,.T.);
#5034=ORIENTED_EDGE('',*,*,#4993,.T.);
#5035=ORIENTED_EDGE('',*,*,#5003,.F.);
#5037=ORIENTED_EDGE('',*,*,#5036,.T.);
#5038=EDGE_LOOP('',(#5033,#5034,#5035,#5037));
#5039=FACE_OUTER_BOUND('',#5038,.F.);
#5040=ADVANCED_FACE('',(#5039),#5032,.T.);
#5041=CARTESIAN_POINT('',(3.08348E1,1.3E-1,4.41692E1));
#5042=DIRECTION('',(1.E0,0.E0,0.E0));
#5043=DIRECTION('',(0.E0,0.E0,-1.E0));
#5044=AXIS2_PLACEMENT_3D('',#5041,#5042,#5043);
#5045=PLANE('',#5044);
#5046=ORIENTED_EDGE('',*,*,#3936,.T.);
#5047=ORIENTED_EDGE('',*,*,#5036,.F.);
#5048=ORIENTED_EDGE('',*,*,#5023,.F.);
#5050=ORIENTED_EDGE('',*,*,#5049,.T.);
#5051=EDGE_LOOP('',(#5046,#5047,#5048,#5050));
#5052=FACE_OUTER_BOUND('',#5051,.F.);
#5053=ADVANCED_FACE('',(#5052),#5045,.F.);
#5054=CARTESIAN_POINT('',(2.58348E1,-1.12E0,3.78192E1));
#5055=DIRECTION('',(0.E0,1.E0,0.E0));
#5056=DIRECTION('',(1.E0,0.E0,0.E0));
#5057=AXIS2_PLACEMENT_3D('',#5054,#5055,#5056);
#5058=PLANE('',#5057);
#5059=ORIENTED_EDGE('',*,*,#3938,.T.);
#5060=ORIENTED_EDGE('',*,*,#5049,.F.);
#5061=ORIENTED_EDGE('',*,*,#5021,.F.);
#5063=ORIENTED_EDGE('',*,*,#5062,.T.);
#5064=EDGE_LOOP('',(#5059,#5060,#5061,#5063));
#5065=FACE_OUTER_BOUND('',#5064,.F.);
#5066=ADVANCED_FACE('',(#5065),#5058,.T.);
#5067=CARTESIAN_POINT('',(3.00948E1,-1.12E0,4.41692E1));
#5068=DIRECTION('',(1.E0,0.E0,0.E0));
#5069=DIRECTION('',(0.E0,0.E0,-1.E0));
#5070=AXIS2_PLACEMENT_3D('',#5067,#5068,#5069);
#5071=PLANE('',#5070);
#5072=ORIENTED_EDGE('',*,*,#3940,.T.);
#5073=ORIENTED_EDGE('',*,*,#5062,.F.);
#5074=ORIENTED_EDGE('',*,*,#5019,.F.);
#5076=ORIENTED_EDGE('',*,*,#5075,.T.);
#5077=EDGE_LOOP('',(#5072,#5073,#5074,#5076));
#5078=FACE_OUTER_BOUND('',#5077,.F.);
#5079=ADVANCED_FACE('',(#5078),#5071,.F.);
#5080=CARTESIAN_POINT('',(2.58348E1,-1.97E0,3.78192E1));
#5081=DIRECTION('',(0.E0,1.E0,0.E0));
#5082=DIRECTION('',(1.E0,0.E0,0.E0));
#5083=AXIS2_PLACEMENT_3D('',#5080,#5081,#5082);
#5084=PLANE('',#5083);
#5085=ORIENTED_EDGE('',*,*,#3942,.T.);
#5086=ORIENTED_EDGE('',*,*,#5075,.F.);
#5087=ORIENTED_EDGE('',*,*,#5017,.F.);
#5089=ORIENTED_EDGE('',*,*,#5088,.F.);
#5091=ORIENTED_EDGE('',*,*,#5090,.F.);
#5093=ORIENTED_EDGE('',*,*,#5092,.F.);
#5094=ORIENTED_EDGE('',*,*,#3167,.T.);
#5095=ORIENTED_EDGE('',*,*,#3652,.T.);
#5096=EDGE_LOOP('',(#5085,#5086,#5087,#5089,#5091,#5093,#5094,#5095));
#5097=FACE_OUTER_BOUND('',#5096,.F.);
#5098=ADVANCED_FACE('',(#5097),#5084,.T.);
#5099=CARTESIAN_POINT('',(2.27233E1,-2.77E0,4.41692E1));
#5100=DIRECTION('',(0.E0,0.E0,1.E0));
#5101=DIRECTION('',(1.E0,0.E0,0.E0));
#5102=AXIS2_PLACEMENT_3D('',#5099,#5100,#5101);
#5103=PLANE('',#5102);
#5105=ORIENTED_EDGE('',*,*,#5104,.T.);
#5106=ORIENTED_EDGE('',*,*,#5088,.T.);
#5107=ORIENTED_EDGE('',*,*,#5015,.F.);
#5109=ORIENTED_EDGE('',*,*,#5108,.F.);
#5110=EDGE_LOOP('',(#5105,#5106,#5107,#5109));
#5111=FACE_OUTER_BOUND('',#5110,.F.);
#5112=ADVANCED_FACE('',(#5111),#5103,.T.);
#5113=CARTESIAN_POINT('',(2.27233E1,-2.77E0,4.09942E1));
#5114=DIRECTION('',(0.E0,1.E0,0.E0));
#5115=DIRECTION('',(-1.E0,0.E0,0.E0));
#5116=AXIS2_PLACEMENT_3D('',#5113,#5114,#5115);
#5117=CYLINDRICAL_SURFACE('',#5116,3.175E0);
#5119=ORIENTED_EDGE('',*,*,#5118,.F.);
#5121=ORIENTED_EDGE('',*,*,#5120,.F.);
#5123=ORIENTED_EDGE('',*,*,#5122,.T.);
#5124=ORIENTED_EDGE('',*,*,#3912,.T.);
#5126=ORIENTED_EDGE('',*,*,#5125,.T.);
#5128=ORIENTED_EDGE('',*,*,#5127,.T.);
#5130=ORIENTED_EDGE('',*,*,#5129,.F.);
#5132=ORIENTED_EDGE('',*,*,#5131,.T.);
#5134=ORIENTED_EDGE('',*,*,#5133,.F.);
#5135=ORIENTED_EDGE('',*,*,#5090,.T.);
#5136=ORIENTED_EDGE('',*,*,#5104,.F.);
#5138=ORIENTED_EDGE('',*,*,#5137,.F.);
#5139=EDGE_LOOP('',(#5119,#5121,#5123,#5124,#5126,#5128,#5130,#5132,#5134,#5135,
#5136,#5138));
#5140=FACE_OUTER_BOUND('',#5139,.F.);
#5141=ADVANCED_FACE('',(#5140),#5117,.T.);
#5142=CARTESIAN_POINT('',(1.95483E1,-2.77E0,3.692342226529E1));
#5143=DIRECTION('',(-1.E0,0.E0,0.E0));
#5144=DIRECTION('',(0.E0,0.E0,1.E0));
#5145=AXIS2_PLACEMENT_3D('',#5142,#5143,#5144);
#5146=PLANE('',#5145);
#5148=ORIENTED_EDGE('',*,*,#5147,.F.);
#5150=ORIENTED_EDGE('',*,*,#5149,.F.);
#5151=ORIENTED_EDGE('',*,*,#5118,.T.);
#5153=ORIENTED_EDGE('',*,*,#5152,.F.);
#5154=EDGE_LOOP('',(#5148,#5150,#5151,#5153));
#5155=FACE_OUTER_BOUND('',#5154,.F.);
#5156=ADVANCED_FACE('',(#5155),#5146,.T.);
#5157=CARTESIAN_POINT('',(2.58348E1,-2.77E0,3.78192E1));
#5158=DIRECTION('',(0.E0,1.E0,0.E0));
#5159=DIRECTION('',(-1.E0,0.E0,0.E0));
#5160=AXIS2_PLACEMENT_3D('',#5157,#5158,#5159);
#5161=CYLINDRICAL_SURFACE('',#5160,6.35E0);
#5163=ORIENTED_EDGE('',*,*,#5162,.T.);
#5165=ORIENTED_EDGE('',*,*,#5164,.F.);
#5166=ORIENTED_EDGE('',*,*,#5147,.T.);
#5168=ORIENTED_EDGE('',*,*,#5167,.F.);
#5169=EDGE_LOOP('',(#5163,#5165,#5166,#5168));
#5170=FACE_OUTER_BOUND('',#5169,.F.);
#5171=ADVANCED_FACE('',(#5170),#5161,.T.);
#5172=CARTESIAN_POINT('',(3.21213E1,-2.77E0,4.09942E1));
#5173=DIRECTION('',(1.E0,0.E0,0.E0));
#5174=DIRECTION('',(0.E0,0.E0,-1.E0));
#5175=AXIS2_PLACEMENT_3D('',#5172,#5173,#5174);
#5176=PLANE('',#5175);
#5177=ORIENTED_EDGE('',*,*,#5011,.F.);
#5179=ORIENTED_EDGE('',*,*,#5178,.F.);
#5180=ORIENTED_EDGE('',*,*,#5162,.F.);
#5182=ORIENTED_EDGE('',*,*,#5181,.F.);
#5183=EDGE_LOOP('',(#5177,#5179,#5180,#5182));
#5184=FACE_OUTER_BOUND('',#5183,.F.);
#5185=ADVANCED_FACE('',(#5184),#5176,.T.);
#5186=CARTESIAN_POINT('',(2.58348E1,2.31E0,3.78192E1));
#5187=DIRECTION('',(0.E0,-1.E0,0.E0));
#5188=DIRECTION('',(1.E0,0.E0,0.E0));
#5189=AXIS2_PLACEMENT_3D('',#5186,#5187,#5188);
#5190=PLANE('',#5189);
#5191=ORIENTED_EDGE('',*,*,#5178,.T.);
#5192=ORIENTED_EDGE('',*,*,#5009,.T.);
#5194=ORIENTED_EDGE('',*,*,#5193,.T.);
#5195=ORIENTED_EDGE('',*,*,#5120,.T.);
#5196=ORIENTED_EDGE('',*,*,#5149,.T.);
#5197=ORIENTED_EDGE('',*,*,#5164,.T.);
#5198=EDGE_LOOP('',(#5191,#5192,#5194,#5195,#5196,#5197));
#5199=FACE_OUTER_BOUND('',#5198,.F.);
#5201=ORIENTED_EDGE('',*,*,#5200,.T.);
#5203=ORIENTED_EDGE('',*,*,#5202,.T.);
#5205=ORIENTED_EDGE('',*,*,#5204,.T.);
#5207=ORIENTED_EDGE('',*,*,#5206,.T.);
#5209=ORIENTED_EDGE('',*,*,#5208,.T.);
#5211=ORIENTED_EDGE('',*,*,#5210,.T.);
#5212=EDGE_LOOP('',(#5201,#5203,#5205,#5207,#5209,#5211));
#5213=FACE_BOUND('',#5212,.F.);
#5214=ADVANCED_FACE('',(#5199,#5213),#5190,.F.);
#5215=CARTESIAN_POINT('',(2.89463E1,2.31E0,4.41692E1));
#5216=DIRECTION('',(0.E0,0.E0,1.E0));
#5217=DIRECTION('',(-1.E0,0.E0,0.E0));
#5218=AXIS2_PLACEMENT_3D('',#5215,#5216,#5217);
#5219=PLANE('',#5218);
#5220=ORIENTED_EDGE('',*,*,#3914,.T.);
#5221=ORIENTED_EDGE('',*,*,#5122,.F.);
#5222=ORIENTED_EDGE('',*,*,#5193,.F.);
#5223=ORIENTED_EDGE('',*,*,#5007,.T.);
#5224=EDGE_LOOP('',(#5220,#5221,#5222,#5223));
#5225=FACE_OUTER_BOUND('',#5224,.F.);
#5226=ADVANCED_FACE('',(#5225),#5219,.T.);
#5227=CARTESIAN_POINT('',(2.89463E1,2.31E0,4.09942E1));
#5228=DIRECTION('',(0.E0,1.E0,0.E0));
#5229=DIRECTION('',(1.E0,0.E0,0.E0));
#5230=AXIS2_PLACEMENT_3D('',#5227,#5228,#5229);
#5231=CYLINDRICAL_SURFACE('',#5230,2.575E0);
#5232=ORIENTED_EDGE('',*,*,#5200,.F.);
#5234=ORIENTED_EDGE('',*,*,#5233,.T.);
#5236=ORIENTED_EDGE('',*,*,#5235,.T.);
#5238=ORIENTED_EDGE('',*,*,#5237,.F.);
#5239=EDGE_LOOP('',(#5232,#5234,#5236,#5238));
#5240=FACE_OUTER_BOUND('',#5239,.F.);
#5241=ADVANCED_FACE('',(#5240),#5231,.F.);
#5242=CARTESIAN_POINT('',(2.27233E1,2.31E0,4.35692E1));
#5243=DIRECTION('',(0.E0,0.E0,1.E0));
#5244=DIRECTION('',(1.E0,0.E0,0.E0));
#5245=AXIS2_PLACEMENT_3D('',#5242,#5243,#5244);
#5246=PLANE('',#5245);
#5247=ORIENTED_EDGE('',*,*,#5210,.F.);
#5249=ORIENTED_EDGE('',*,*,#5248,.T.);
#5251=ORIENTED_EDGE('',*,*,#5250,.T.);
#5252=ORIENTED_EDGE('',*,*,#5233,.F.);
#5253=EDGE_LOOP('',(#5247,#5249,#5251,#5252));
#5254=FACE_OUTER_BOUND('',#5253,.F.);
#5255=ADVANCED_FACE('',(#5254),#5246,.F.);
#5256=CARTESIAN_POINT('',(2.27233E1,2.31E0,4.09942E1));
#5257=DIRECTION('',(0.E0,1.E0,0.E0));
#5258=DIRECTION('',(1.E0,0.E0,0.E0));
#5259=AXIS2_PLACEMENT_3D('',#5256,#5257,#5258);
#5260=CYLINDRICAL_SURFACE('',#5259,2.575E0);
#5261=ORIENTED_EDGE('',*,*,#5208,.F.);
#5263=ORIENTED_EDGE('',*,*,#5262,.T.);
#5265=ORIENTED_EDGE('',*,*,#5264,.T.);
#5266=ORIENTED_EDGE('',*,*,#5248,.F.);
#5267=EDGE_LOOP('',(#5261,#5263,#5265,#5266));
#5268=FACE_OUTER_BOUND('',#5267,.F.);
#5269=ADVANCED_FACE('',(#5268),#5260,.F.);
#5270=CARTESIAN_POINT('',(2.01483E1,2.31E0,3.696701589430E1));
#5271=DIRECTION('',(-1.E0,0.E0,0.E0));
#5272=DIRECTION('',(0.E0,0.E0,1.E0));
#5273=AXIS2_PLACEMENT_3D('',#5270,#5271,#5272);
#5274=PLANE('',#5273);
#5275=ORIENTED_EDGE('',*,*,#5206,.F.);
#5277=ORIENTED_EDGE('',*,*,#5276,.T.);
#5279=ORIENTED_EDGE('',*,*,#5278,.T.);
#5280=ORIENTED_EDGE('',*,*,#5262,.F.);
#5281=EDGE_LOOP('',(#5275,#5277,#5279,#5280));
#5282=FACE_OUTER_BOUND('',#5281,.F.);
#5283=ADVANCED_FACE('',(#5282),#5274,.F.);
#5284=CARTESIAN_POINT('',(2.58348E1,2.31E0,3.78192E1));
#5285=DIRECTION('',(0.E0,1.E0,0.E0));
#5286=DIRECTION('',(1.E0,0.E0,0.E0));
#5287=AXIS2_PLACEMENT_3D('',#5284,#5285,#5286);
#5288=CYLINDRICAL_SURFACE('',#5287,5.75E0);
#5289=ORIENTED_EDGE('',*,*,#5204,.F.);
#5291=ORIENTED_EDGE('',*,*,#5290,.T.);
#5293=ORIENTED_EDGE('',*,*,#5292,.T.);
#5294=ORIENTED_EDGE('',*,*,#5276,.F.);
#5295=EDGE_LOOP('',(#5289,#5291,#5293,#5294));
#5296=FACE_OUTER_BOUND('',#5295,.F.);
#5297=ADVANCED_FACE('',(#5296),#5288,.F.);
#5298=CARTESIAN_POINT('',(3.15213E1,2.31E0,4.09942E1));
#5299=DIRECTION('',(1.E0,0.E0,0.E0));
#5300=DIRECTION('',(0.E0,0.E0,-1.E0));
#5301=AXIS2_PLACEMENT_3D('',#5298,#5299,#5300);
#5302=PLANE('',#5301);
#5303=ORIENTED_EDGE('',*,*,#5202,.F.);
#5304=ORIENTED_EDGE('',*,*,#5237,.T.);
#5306=ORIENTED_EDGE('',*,*,#5305,.T.);
#5307=ORIENTED_EDGE('',*,*,#5290,.F.);
#5308=EDGE_LOOP('',(#5303,#5304,#5306,#5307));
#5309=FACE_OUTER_BOUND('',#5308,.F.);
#5310=ADVANCED_FACE('',(#5309),#5302,.F.);
#5311=CARTESIAN_POINT('',(2.58348E1,2.1576E0,3.78192E1));
#5312=DIRECTION('',(0.E0,1.E0,0.E0));
#5313=DIRECTION('',(1.E0,0.E0,0.E0));
#5314=AXIS2_PLACEMENT_3D('',#5311,#5312,#5313);
#5315=PLANE('',#5314);
#5316=ORIENTED_EDGE('',*,*,#5235,.F.);
#5317=ORIENTED_EDGE('',*,*,#5250,.F.);
#5318=ORIENTED_EDGE('',*,*,#5264,.F.);
#5319=ORIENTED_EDGE('',*,*,#5278,.F.);
#5320=ORIENTED_EDGE('',*,*,#5292,.F.);
#5321=ORIENTED_EDGE('',*,*,#5305,.F.);
#5322=EDGE_LOOP('',(#5316,#5317,#5318,#5319,#5320,#5321));
#5323=FACE_OUTER_BOUND('',#5322,.F.);
#5325=ORIENTED_EDGE('',*,*,#5324,.F.);
#5327=ORIENTED_EDGE('',*,*,#5326,.F.);
#5329=ORIENTED_EDGE('',*,*,#5328,.F.);
#5331=ORIENTED_EDGE('',*,*,#5330,.F.);
#5333=ORIENTED_EDGE('',*,*,#5332,.F.);
#5335=ORIENTED_EDGE('',*,*,#5334,.F.);
#5337=ORIENTED_EDGE('',*,*,#5336,.F.);
#5339=ORIENTED_EDGE('',*,*,#5338,.F.);
#5340=EDGE_LOOP('',(#5325,#5327,#5329,#5331,#5333,#5335,#5337,#5339));
#5341=FACE_BOUND('',#5340,.F.);
#5342=ADVANCED_FACE('',(#5323,#5341),#5315,.T.);
#5343=CARTESIAN_POINT('',(2.14848E1,1.3E-1,3.47692E1));
#5344=DIRECTION('',(0.E0,0.E0,-1.E0));
#5345=DIRECTION('',(1.E0,0.E0,0.E0));
#5346=AXIS2_PLACEMENT_3D('',#5343,#5344,#5345);
#5347=PLANE('',#5346);
#5349=ORIENTED_EDGE('',*,*,#5348,.F.);
#5351=ORIENTED_EDGE('',*,*,#5350,.F.);
#5352=ORIENTED_EDGE('',*,*,#5324,.T.);
#5354=ORIENTED_EDGE('',*,*,#5353,.F.);
#5355=EDGE_LOOP('',(#5349,#5351,#5352,#5354));
#5356=FACE_OUTER_BOUND('',#5355,.F.);
#5357=ADVANCED_FACE('',(#5356),#5347,.F.);
#5358=CARTESIAN_POINT('',(2.58318E1,1.21E0,3.84165E1));
#5359=DIRECTION('',(0.E0,1.E0,0.E0));
#5360=DIRECTION('',(1.E0,0.E0,0.E0));
#5361=AXIS2_PLACEMENT_3D('',#5358,#5359,#5360);
#5362=PLANE('',#5361);
#5364=ORIENTED_EDGE('',*,*,#5363,.F.);
#5366=ORIENTED_EDGE('',*,*,#5365,.F.);
#5368=ORIENTED_EDGE('',*,*,#5367,.F.);
#5369=ORIENTED_EDGE('',*,*,#5348,.T.);
#5371=ORIENTED_EDGE('',*,*,#5370,.F.);
#5373=ORIENTED_EDGE('',*,*,#5372,.F.);
#5374=EDGE_LOOP('',(#5364,#5366,#5368,#5369,#5371,#5373));
#5375=FACE_OUTER_BOUND('',#5374,.F.);
#5376=ADVANCED_FACE('',(#5375),#5362,.T.);
#5377=CARTESIAN_POINT('',(3.168642609813E1,3.E-2,3.49215E1));
#5378=DIRECTION('',(0.E0,8.726535498374E-3,-9.999619230642E-1));
#5379=DIRECTION('',(1.E0,0.E0,0.E0));
#5380=AXIS2_PLACEMENT_3D('',#5377,#5378,#5379);
#5381=PLANE('',#5380);
#5382=ORIENTED_EDGE('',*,*,#5363,.T.);
#5384=ORIENTED_EDGE('',*,*,#5383,.F.);
#5386=ORIENTED_EDGE('',*,*,#5385,.F.);
#5388=ORIENTED_EDGE('',*,*,#5387,.T.);
#5390=ORIENTED_EDGE('',*,*,#5389,.F.);
#5392=ORIENTED_EDGE('',*,*,#5391,.F.);
#5393=EDGE_LOOP('',(#5382,#5384,#5386,#5388,#5390,#5392));
#5394=FACE_OUTER_BOUND('',#5393,.F.);
#5395=ADVANCED_FACE('',(#5394),#5381,.T.);
#5396=CARTESIAN_POINT('',(2.838494865981E1,1.498110989834E0,3.494284550352E1));
#5397=CARTESIAN_POINT('',(2.838438052666E1,1.494660641241E0,3.494285713949E1));
#5398=CARTESIAN_POINT('',(2.838122429815E1,1.472552479413E0,3.494290011270E1));
#5399=CARTESIAN_POINT('',(2.838107931676E1,1.429722720633E0,3.494255560518E1));
#5400=CARTESIAN_POINT('',(2.839545175945E1,1.370576630012E0,3.494101612123E1));
#5401=CARTESIAN_POINT('',(2.842487413759E1,1.314373877292E0,3.493856177135E1));
#5402=CARTESIAN_POINT('',(2.846761102214E1,1.264835180810E0,3.493569907146E1));
#5403=CARTESIAN_POINT('',(2.852053821083E1,1.223793773236E0,3.493313102938E1));
#5404=CARTESIAN_POINT('',(2.858141220304E1,1.191058132777E0,3.493150968171E1));
#5405=CARTESIAN_POINT('',(2.864907971524E1,1.165804842383E0,3.493141273638E1));
#5406=CARTESIAN_POINT('',(2.872304490460E1,1.147277496591E0,3.493337546074E1));
#5407=CARTESIAN_POINT('',(2.880309376469E1,1.134994140052E0,3.493792067826E1));
#5408=CARTESIAN_POINT('',(2.888924796491E1,1.128729861165E0,3.494558630428E1));
#5409=CARTESIAN_POINT('',(2.898169414736E1,1.128551776388E0,3.495697130334E1));
#5410=CARTESIAN_POINT('',(2.908071880150E1,1.134867950443E0,3.497280270460E1));
#5411=CARTESIAN_POINT('',(2.918641583594E1,1.148449393389E0,3.499396223045E1));
#5412=CARTESIAN_POINT('',(2.927901011979E1,1.166626673577E0,3.501673888411E1));
#5413=CARTESIAN_POINT('',(2.933549028863E1,1.180896511460E0,3.503290968558E1));
#5414=CARTESIAN_POINT('',(2.935599871489E1,1.186519865598E0,3.503910884824E1));
#5415=CARTESIAN_POINT('',(2.849088721237E1,1.487115393769E0,3.492038615811E1));
#5416=CARTESIAN_POINT('',(2.849041284200E1,1.484660483531E0,3.492035176266E1));
#5417=CARTESIAN_POINT('',(2.848777645407E1,1.468930614646E0,3.492014466706E1));
#5418=CARTESIAN_POINT('',(2.848762976252E1,1.438457472418E0,3.491987311142E1));
#5419=CARTESIAN_POINT('',(2.849952995821E1,1.396375214721E0,3.491979596345E1));
#5420=CARTESIAN_POINT('',(2.852408910480E1,1.356386700649E0,3.492026346912E1));
#5421=CARTESIAN_POINT('',(2.856015753982E1,1.321138997235E0,3.492170981664E1));
#5422=CARTESIAN_POINT('',(2.860540433381E1,1.291936414842E0,3.492460237523E1));
#5423=CARTESIAN_POINT('',(2.865812934895E1,1.268642756842E0,3.492938371492E1));
#5424=CARTESIAN_POINT('',(2.871745731321E1,1.250672258239E0,3.493648304730E1));
#5425=CARTESIAN_POINT('',(2.878300626948E1,1.237486829367E0,3.494632518686E1));
#5426=CARTESIAN_POINT('',(2.885459481558E1,1.228743644641E0,3.495933669253E1));
#5427=CARTESIAN_POINT('',(2.893222607972E1,1.224282754301E0,3.497597727056E1));
#5428=CARTESIAN_POINT('',(2.901604701679E1,1.224151979532E0,3.499678141575E1));
#5429=CARTESIAN_POINT('',(2.910630858918E1,1.228641729314E0,3.502241612863E1));
#5430=CARTESIAN_POINT('',(2.920311680869E1,1.238300676300E0,3.505367533642E1));
#5431=CARTESIAN_POINT('',(2.928834605110E1,1.251230393257E0,3.508492672097E1));
#5432=CARTESIAN_POINT('',(2.934057099841E1,1.261381500461E0,3.510607361455E1));
#5433=CARTESIAN_POINT('',(2.935957103211E1,1.265381865918E0,3.511405239566E1));
#5434=CARTESIAN_POINT('',(2.859717758727E1,1.475707839181E0,3.494089209815E1));
#5435=CARTESIAN_POINT('',(2.859681935971E1,1.474249285015E0,3.494081154635E1));
#5436=CARTESIAN_POINT('',(2.859482803110E1,1.464909444022E0,3.494035346201E1));
#5437=CARTESIAN_POINT('',(2.859469379200E1,1.446871324660E0,3.494015517880E1));
#5438=CARTESIAN_POINT('',(2.860358235346E1,1.421837722648E0,3.494154566488E1));
#5439=CARTESIAN_POINT('',(2.862222718239E1,1.397649258213E0,3.494492159518E1));
#5440=CARTESIAN_POINT('',(2.865025297743E1,1.375683790406E0,3.495059810783E1));
#5441=CARTESIAN_POINT('',(2.868636042895E1,1.356690416254E0,3.495875235587E1));
#5442=CARTESIAN_POINT('',(2.872956624350E1,1.340653471939E0,3.496956552872E1));
#5443=CARTESIAN_POINT('',(2.877938192613E1,1.327311285973E0,3.498326923315E1));
#5444=CARTESIAN_POINT('',(2.883561136196E1,1.316427576926E0,3.500013025025E1));
#5445=CARTESIAN_POINT('',(2.889816346661E1,1.307876372889E0,3.502043164686E1));
#5446=CARTESIAN_POINT('',(2.896707854576E1,1.301631225697E0,3.504450480217E1));
#5447=CARTESIAN_POINT('',(2.904253048413E1,1.297783632275E0,3.507276228629E1));
#5448=CARTESIAN_POINT('',(2.912482621926E1,1.296573267001E0,3.510574006467E1));
#5449=CARTESIAN_POINT('',(2.921421238371E1,1.298420504465E0,3.514405963486E1));
#5450=CARTESIAN_POINT('',(2.929398981065E1,1.302997610372E0,3.518071290603E1));
#5451=CARTESIAN_POINT('',(2.934347989738E1,1.307333312905E0,3.520474076290E1));
#5452=CARTESIAN_POINT('',(2.936157534640E1,1.309126101447E0,3.521370664136E1));
#5453=CARTESIAN_POINT('',(2.868725669302E1,1.465665950531E0,3.500116790956E1));
#5454=CARTESIAN_POINT('',(2.868701888991E1,1.465049409278E0,3.500104826897E1));
#5455=CARTESIAN_POINT('',(2.868569732058E1,1.461115581350E0,3.500037738721E1));
#5456=CARTESIAN_POINT('',(2.868558775613E1,1.453653157658E0,3.500024127902E1));
#5457=CARTESIAN_POINT('',(2.869139459518E1,1.442996364155E0,3.500287599769E1));
#5458=CARTESIAN_POINT('',(2.870399564081E1,1.431731659069E0,3.500869370569E1));
#5459=CARTESIAN_POINT('',(2.872385787960E1,1.419969915833E0,3.501786232002E1));
#5460=CARTESIAN_POINT('',(2.875079121279E1,1.407965245284E0,3.503025942404E1));
#5461=CARTESIAN_POINT('',(2.878459096793E1,1.395868941585E0,3.504579364309E1));
#5462=CARTESIAN_POINT('',(2.882520392176E1,1.383779365134E0,3.506448066317E1));
#5463=CARTESIAN_POINT('',(2.887266279860E1,1.371798504799E0,3.508640627754E1));
#5464=CARTESIAN_POINT('',(2.892701047130E1,1.360061174223E0,3.511168519361E1));
#5465=CARTESIAN_POINT('',(2.898837434837E1,1.348722163213E0,3.514049034260E1));
#5466=CARTESIAN_POINT('',(2.905701766497E1,1.337972809517E0,3.517307391427E1));
#5467=CARTESIAN_POINT('',(2.913338611342E1,1.328076879953E0,3.520979025165E1));
#5468=CARTESIAN_POINT('',(2.921797355189E1,1.319440482911E0,3.525103065757E1));
#5469=CARTESIAN_POINT('',(2.929506193867E1,1.313861506513E0,3.528917120212E1));
#5470=CARTESIAN_POINT('',(2.934376369558E1,1.311591337363E0,3.531353595667E1));
#5471=CARTESIAN_POINT('',(2.936169932806E1,1.310935964609E0,3.532254259328E1));
#5472=(BOUNDED_SURFACE()B_SPLINE_SURFACE(3,3,((#5396,#5397,#5398,#5399,#5400,
#5401,#5402,#5403,#5404,#5405,#5406,#5407,#5408,#5409,#5410,#5411,#5412,#5413,
#5414),(#5415,#5416,#5417,#5418,#5419,#5420,#5421,#5422,#5423,#5424,#5425,#5426,
#5427,#5428,#5429,#5430,#5431,#5432,#5433),(#5434,#5435,#5436,#5437,#5438,#5439,
#5440,#5441,#5442,#5443,#5444,#5445,#5446,#5447,#5448,#5449,#5450,#5451,#5452),(
#5453,#5454,#5455,#5456,#5457,#5458,#5459,#5460,#5461,#5462,#5463,#5464,#5465,
#5466,#5467,#5468,#5469,#5470,#5471)),.UNSPECIFIED.,.F.,.F.,.F.)B_SPLINE_SURFACE_WITH_KNOTS((4,4),(4,1,1,1,1,1,1,1,1,1,1,1,1,1,1,1,4),(0.E0,1.E0),(
2.418056227329E-2,2.941857751120E-2,5.756705085504E-2,8.723044598804E-2,
1.202178873730E-1,1.562914969286E-1,1.955602160937E-1,2.385812831121E-1,
2.858175667792E-1,3.377680094420E-1,3.949705145997E-1,4.576978531783E-1,
5.266177973902E-1,6.026443489460E-1,6.866451166384E-1,7.796232708304E-1,
8.341809036548E-1),.UNSPECIFIED.)GEOMETRIC_REPRESENTATION_ITEM()RATIONAL_B_SPLINE_SURFACE(((1.040536358328E0,1.040536358328E0,1.040536358328E0,1.040536358328E0,
1.040536358328E0,1.040536358328E0,1.040536358328E0,1.040536358328E0,
1.040536358328E0,1.040536358328E0,1.040536358328E0,1.040536358328E0,
1.040536358328E0,1.040536358328E0,1.040536358328E0,1.040536358328E0,
1.040536358328E0,1.040536358328E0,1.040536358328E0),(9.864878805573E-1,
9.864878805573E-1,9.864878805573E-1,9.864878805573E-1,9.864878805573E-1,
9.864878805573E-1,9.864878805573E-1,9.864878805573E-1,9.864878805573E-1,
9.864878805573E-1,9.864878805573E-1,9.864878805573E-1,9.864878805573E-1,
9.864878805573E-1,9.864878805573E-1,9.864878805573E-1,9.864878805573E-1,
9.864878805573E-1,9.864878805573E-1),(9.864878805573E-1,9.864878805573E-1,
9.864878805573E-1,9.864878805573E-1,9.864878805573E-1,9.864878805573E-1,
9.864878805573E-1,9.864878805573E-1,9.864878805573E-1,9.864878805573E-1,
9.864878805573E-1,9.864878805573E-1,9.864878805573E-1,9.864878805573E-1,
9.864878805573E-1,9.864878805573E-1,9.864878805573E-1,9.864878805573E-1,
9.864878805573E-1),(1.040536358328E0,1.040536358328E0,1.040536358328E0,
1.040536358328E0,1.040536358328E0,1.040536358328E0,1.040536358328E0,
1.040536358328E0,1.040536358328E0,1.040536358328E0,1.040536358328E0,
1.040536358328E0,1.040536358328E0,1.040536358328E0,1.040536358328E0,
1.040536358328E0,1.040536358328E0,1.040536358328E0,1.040536358328E0)))REPRESENTATION_ITEM('')SURFACE());
#5473=ORIENTED_EDGE('',*,*,#5372,.T.);
#5475=ORIENTED_EDGE('',*,*,#5474,.T.);
#5477=ORIENTED_EDGE('',*,*,#5476,.F.);
#5479=ORIENTED_EDGE('',*,*,#5478,.F.);
#5480=ORIENTED_EDGE('',*,*,#5383,.T.);
#5481=EDGE_LOOP('',(#5473,#5475,#5477,#5479,#5480));
#5482=FACE_OUTER_BOUND('',#5481,.F.);
#5483=ADVANCED_FACE('',(#5482),#5472,.T.);
#5484=CARTESIAN_POINT('',(2.58348E1,2.1576E0,3.96492E1));
#5485=DIRECTION('',(0.E0,1.E0,0.E0));
#5486=DIRECTION('',(1.E0,0.E0,0.E0));
#5487=AXIS2_PLACEMENT_3D('',#5484,#5485,#5486);
#5488=CYLINDRICAL_SURFACE('',#5487,5.59E0);
#5490=ORIENTED_EDGE('',*,*,#5489,.T.);
#5492=ORIENTED_EDGE('',*,*,#5491,.T.);
#5494=ORIENTED_EDGE('',*,*,#5493,.F.);
#5496=ORIENTED_EDGE('',*,*,#5495,.F.);
#5497=ORIENTED_EDGE('',*,*,#5474,.F.);
#5498=ORIENTED_EDGE('',*,*,#5370,.T.);
#5499=ORIENTED_EDGE('',*,*,#5353,.T.);
#5500=ORIENTED_EDGE('',*,*,#5338,.T.);
#5501=EDGE_LOOP('',(#5490,#5492,#5494,#5496,#5497,#5498,#5499,#5500));
#5502=FACE_OUTER_BOUND('',#5501,.F.);
#5503=ADVANCED_FACE('',(#5502),#5488,.F.);
#5504=CARTESIAN_POINT('',(3.06848E1,1.3E-1,3.52692E1));
#5505=DIRECTION('',(1.E0,0.E0,0.E0));
#5506=DIRECTION('',(0.E0,0.E0,1.E0));
#5507=AXIS2_PLACEMENT_3D('',#5504,#5505,#5506);
#5508=PLANE('',#5507);
#5510=ORIENTED_EDGE('',*,*,#5509,.F.);
#5511=ORIENTED_EDGE('',*,*,#5489,.F.);
#5512=ORIENTED_EDGE('',*,*,#5336,.T.);
#5514=ORIENTED_EDGE('',*,*,#5513,.F.);
#5515=EDGE_LOOP('',(#5510,#5511,#5512,#5514));
#5516=FACE_OUTER_BOUND('',#5515,.F.);
#5517=ADVANCED_FACE('',(#5516),#5508,.F.);
#5518=CARTESIAN_POINT('',(2.58318E1,1.21E0,3.84165E1));
#5519=DIRECTION('',(0.E0,1.E0,0.E0));
#5520=DIRECTION('',(1.E0,0.E0,0.E0));
#5521=AXIS2_PLACEMENT_3D('',#5518,#5519,#5520);
#5522=PLANE('',#5521);
#5524=ORIENTED_EDGE('',*,*,#5523,.F.);
#5526=ORIENTED_EDGE('',*,*,#5525,.F.);
#5527=ORIENTED_EDGE('',*,*,#5491,.F.);
#5528=ORIENTED_EDGE('',*,*,#5509,.T.);
#5530=ORIENTED_EDGE('',*,*,#5529,.T.);
#5532=ORIENTED_EDGE('',*,*,#5531,.T.);
#5534=ORIENTED_EDGE('',*,*,#5533,.T.);
#5536=ORIENTED_EDGE('',*,*,#5535,.T.);
#5538=ORIENTED_EDGE('',*,*,#5537,.F.);
#5540=ORIENTED_EDGE('',*,*,#5539,.F.);
#5542=ORIENTED_EDGE('',*,*,#5541,.F.);
#5544=ORIENTED_EDGE('',*,*,#5543,.F.);
#5546=ORIENTED_EDGE('',*,*,#5545,.F.);
#5548=ORIENTED_EDGE('',*,*,#5547,.F.);
#5549=EDGE_LOOP('',(#5524,#5526,#5527,#5528,#5530,#5532,#5534,#5536,#5538,#5540,
#5542,#5544,#5546,#5548));
#5550=FACE_OUTER_BOUND('',#5549,.F.);
#5551=ADVANCED_FACE('',(#5550),#5522,.T.);
#5552=CARTESIAN_POINT('',(3.05318E1,3.E-2,4.306612609813E1));
#5553=DIRECTION('',(9.999619230642E-1,8.726535498374E-3,0.E0));
#5554=DIRECTION('',(0.E0,0.E0,1.E0));
#5555=AXIS2_PLACEMENT_3D('',#5552,#5553,#5554);
#5556=PLANE('',#5555);
#5557=ORIENTED_EDGE('',*,*,#5523,.T.);
#5559=ORIENTED_EDGE('',*,*,#5558,.F.);
#5561=ORIENTED_EDGE('',*,*,#5560,.T.);
#5563=ORIENTED_EDGE('',*,*,#5562,.F.);
#5565=ORIENTED_EDGE('',*,*,#5564,.F.);
#5566=EDGE_LOOP('',(#5557,#5559,#5561,#5563,#5565));
#5567=FACE_OUTER_BOUND('',#5566,.F.);
#5568=ADVANCED_FACE('',(#5567),#5556,.T.);
#5569=CARTESIAN_POINT('',(3.00218E1,1.511745307100E0,4.14015E1));
#5570=DIRECTION('',(0.E0,-1.E0,0.E0));
#5571=DIRECTION('',(1.E0,0.E0,0.E0));
#5572=AXIS2_PLACEMENT_3D('',#5569,#5570,#5571);
#5573=CONICAL_SURFACE('',#5572,4.970690046054E-1,5.E-1);
#5574=ORIENTED_EDGE('',*,*,#5547,.T.);
#5576=ORIENTED_EDGE('',*,*,#5575,.F.);
#5578=ORIENTED_EDGE('',*,*,#5577,.T.);
#5579=ORIENTED_EDGE('',*,*,#5558,.T.);
#5580=EDGE_LOOP('',(#5574,#5576,#5578,#5579));
#5581=FACE_OUTER_BOUND('',#5580,.F.);
#5582=ADVANCED_FACE('',(#5581),#5573,.T.);
#5583=CARTESIAN_POINT('',(1.997717390187E1,3.E-2,4.19115E1));
#5584=DIRECTION('',(0.E0,8.726535498374E-3,9.999619230642E-1));
#5585=DIRECTION('',(-1.E0,0.E0,0.E0));
#5586=AXIS2_PLACEMENT_3D('',#5583,#5584,#5585);
#5587=PLANE('',#5586);
#5588=ORIENTED_EDGE('',*,*,#5545,.T.);
#5590=ORIENTED_EDGE('',*,*,#5589,.F.);
#5592=ORIENTED_EDGE('',*,*,#5591,.T.);
#5593=ORIENTED_EDGE('',*,*,#5575,.T.);
#5594=EDGE_LOOP('',(#5588,#5590,#5592,#5593));
#5595=FACE_OUTER_BOUND('',#5594,.F.);
#5596=ADVANCED_FACE('',(#5595),#5587,.T.);
#5597=CARTESIAN_POINT('',(2.16418E1,1.511745307100E0,4.14015E1));
#5598=DIRECTION('',(0.E0,-1.E0,0.E0));
#5599=DIRECTION('',(0.E0,0.E0,1.E0));
#5600=AXIS2_PLACEMENT_3D('',#5597,#5598,#5599);
#5601=CONICAL_SURFACE('',#5600,4.970690046054E-1,5.E-1);
#5602=ORIENTED_EDGE('',*,*,#5543,.T.);
#5604=ORIENTED_EDGE('',*,*,#5603,.F.);
#5606=ORIENTED_EDGE('',*,*,#5605,.T.);
#5607=ORIENTED_EDGE('',*,*,#5589,.T.);
#5608=EDGE_LOOP('',(#5602,#5604,#5606,#5607));
#5609=FACE_OUTER_BOUND('',#5608,.F.);
#5610=ADVANCED_FACE('',(#5609),#5601,.T.);
#5611=CARTESIAN_POINT('',(2.11318E1,3.E-2,3.376687390187E1));
#5612=DIRECTION('',(-9.999619230642E-1,8.726535498374E-3,0.E0));
#5613=DIRECTION('',(0.E0,0.E0,-1.E0));
#5614=AXIS2_PLACEMENT_3D('',#5611,#5612,#5613);
#5615=PLANE('',#5614);
#5616=ORIENTED_EDGE('',*,*,#5541,.T.);
#5618=ORIENTED_EDGE('',*,*,#5617,.F.);
#5620=ORIENTED_EDGE('',*,*,#5619,.F.);
#5622=ORIENTED_EDGE('',*,*,#5621,.T.);
#5623=ORIENTED_EDGE('',*,*,#5603,.T.);
#5624=EDGE_LOOP('',(#5616,#5618,#5620,#5622,#5623));
#5625=FACE_OUTER_BOUND('',#5624,.F.);
#5626=ADVANCED_FACE('',(#5625),#5615,.T.);
#5627=CARTESIAN_POINT('',(2.115272376378E1,1.497739089471E0,3.703875071646E1));
#5628=CARTESIAN_POINT('',(2.115273621152E1,1.493246572084E0,3.703947239459E1));
#5629=CARTESIAN_POINT('',(2.115275931421E1,1.469105441076E0,3.704267585171E1));
#5630=CARTESIAN_POINT('',(2.115231963821E1,1.422925000801E0,3.704187833117E1));
#5631=CARTESIAN_POINT('',(2.115059224236E1,1.360751614156E0,3.702477503469E1));
#5632=CARTESIAN_POINT('',(2.114794931817E1,1.302353904916E0,3.699125381078E1));
#5633=CARTESIAN_POINT('',(2.114502656974E1,1.251741231087E0,3.694360612914E1));
#5634=CARTESIAN_POINT('',(2.114263458439E1,1.210533222867E0,3.688526026085E1));
#5635=CARTESIAN_POINT('',(2.114151310925E1,1.178330651995E0,3.681844327105E1));
#5636=CARTESIAN_POINT('',(2.114232832443E1,1.154246771793E0,3.674424232782E1));
#5637=CARTESIAN_POINT('',(2.114570959747E1,1.137586384769E0,3.666317952842E1));
#5638=CARTESIAN_POINT('',(2.115228364807E1,1.127947440684E0,3.657542425358E1));
#5639=CARTESIAN_POINT('',(2.116272216791E1,1.125257873397E0,3.648087771722E1));
#5640=CARTESIAN_POINT('',(2.117781523975E1,1.129848577700E0,3.637931806796E1));
#5641=CARTESIAN_POINT('',(2.119852226489E1,1.142485978079E0,3.627066430438E1));
#5642=CARTESIAN_POINT('',(2.121927697464E1,1.159018076219E0,3.618354325336E1));
#5643=CARTESIAN_POINT('',(2.123316011786E1,1.171253549211E0,3.613293325713E1));
#5644=CARTESIAN_POINT('',(2.123704858470E1,1.174755246047E0,3.611927527340E1));
#5645=CARTESIAN_POINT('',(2.113047961109E1,1.486853715592E0,3.693103393614E1));
#5646=CARTESIAN_POINT('',(2.113043262203E1,1.483658394662E0,3.693163649465E1));
#5647=CARTESIAN_POINT('',(2.113020021598E1,1.466487688212E0,3.693431286402E1));
#5648=CARTESIAN_POINT('',(2.112992748882E1,1.433639589067E0,3.693368154638E1));
#5649=CARTESIAN_POINT('',(2.112995138778E1,1.389420524389E0,3.691951441475E1));
#5650=CARTESIAN_POINT('',(2.113069049997E1,1.347900769795E0,3.689151145752E1));
#5651=CARTESIAN_POINT('',(2.113266516554E1,1.311937697519E0,3.685124883074E1));
#5652=CARTESIAN_POINT('',(2.113641365813E1,1.282683417862E0,3.680130112993E1));
#5653=CARTESIAN_POINT('',(2.114245335645E1,1.259851611388E0,3.674335720487E1));
#5654=CARTESIAN_POINT('',(2.115129203640E1,1.242808705200E0,3.667824458412E1));
#5655=CARTESIAN_POINT('',(2.116342916E1,1.231057414341E0,3.660637908926E1));
#5656=CARTESIAN_POINT('',(2.117938413208E1,1.224309220209E0,3.652791252869E1));
#5657=CARTESIAN_POINT('',(2.119974362424E1,1.222510585119E0,3.644277668476E1));
#5658=CARTESIAN_POINT('',(2.122522018945E1,1.225894537810E0,3.635078596140E1));
#5659=CARTESIAN_POINT('',(2.125667356486E1,1.235003161697E0,3.625185401853E1));
#5660=CARTESIAN_POINT('',(2.128569882736E1,1.246850003129E0,3.617211258187E1));
#5661=CARTESIAN_POINT('',(2.130423893752E1,1.255599407694E0,3.612560248182E1));
#5662=CARTESIAN_POINT('',(2.130937288320E1,1.258102282862E0,3.611303572111E1));
#5663=CARTESIAN_POINT('',(2.115249243222E1,1.475581577109E0,3.682330969398E1));
#5664=CARTESIAN_POINT('',(2.115238605384E1,1.473680497771E0,3.682376422264E1));
#5665=CARTESIAN_POINT('',(2.115189809034E1,1.463472494127E0,3.682578383318E1));
#5666=CARTESIAN_POINT('',(2.115179260593E1,1.443999805540E0,3.682534039324E1));
#5667=CARTESIAN_POINT('',(2.115356742112E1,1.417623264255E0,3.681475828377E1));
#5668=CARTESIAN_POINT('',(2.115765526622E1,1.392382509045E0,3.679347055118E1));
#5669=CARTESIAN_POINT('',(2.116440270268E1,1.369783958124E0,3.676210035040E1));
#5670=CARTESIAN_POINT('',(2.117401082037E1,1.350508250043E0,3.672209956206E1));
#5671=CARTESIAN_POINT('',(2.118671269356E1,1.334465416746E0,3.667443212662E1));
#5672=CARTESIAN_POINT('',(2.120279839456E1,1.321376007534E0,3.661954761999E1));
#5673=CARTESIAN_POINT('',(2.122258001529E1,1.311040033102E0,3.655767129935E1));
#5674=CARTESIAN_POINT('',(2.124641079544E1,1.303372738583E0,3.648886520337E1));
#5675=CARTESIAN_POINT('',(2.127472703522E1,1.298419717068E0,3.641301416385E1));
#5676=CARTESIAN_POINT('',(2.130808528641E1,1.296398454083E0,3.632986692105E1));
#5677=CARTESIAN_POINT('',(2.134715111744E1,1.297734679235E0,3.623918858741E1));
#5678=CARTESIAN_POINT('',(2.138151910542E1,1.301783481499E0,3.616500598302E1));
#5679=CARTESIAN_POINT('',(2.140283253261E1,1.305397006873E0,3.612124189362E1));
#5680=CARTESIAN_POINT('',(2.140868941166E1,1.306469078252E0,3.610937768509E1));
#5681=CARTESIAN_POINT('',(2.121523255121E1,1.465730120500E0,3.673285118106E1));
#5682=CARTESIAN_POINT('',(2.121507635387E1,1.464912800948E0,3.673315250568E1));
#5683=CARTESIAN_POINT('',(2.121437376191E1,1.460543334242E0,3.673449099522E1));
#5684=CARTESIAN_POINT('',(2.121440899741E1,1.452344427124E0,3.673422698227E1));
#5685=CARTESIAN_POINT('',(2.121765359717E1,1.440837626817E0,3.672730390698E1));
#5686=CARTESIAN_POINT('',(2.122451991455E1,1.428666637286E0,3.671285159512E1));
#5687=CARTESIAN_POINT('',(2.123515018233E1,1.416004575051E0,3.669045532324E1));
#5688=CARTESIAN_POINT('',(2.124939750265E1,1.403132253837E0,3.666035524107E1));
#5689=CARTESIAN_POINT('',(2.126719429657E1,1.390208015293E0,3.662271992235E1));
#5690=CARTESIAN_POINT('',(2.128858854140E1,1.377350697137E0,3.657756328050E1));
#5691=CARTESIAN_POINT('',(2.131367753847E1,1.364709318542E0,3.652486627596E1));
#5692=CARTESIAN_POINT('',(2.134261615604E1,1.352460447706E0,3.646454337446E1));
#5693=CARTESIAN_POINT('',(2.137564908315E1,1.340813515554E0,3.639636246665E1));
#5694=CARTESIAN_POINT('',(2.141312341321E1,1.330055279537E0,3.631991523910E1));
#5695=CARTESIAN_POINT('',(2.145544717560E1,1.320621759626E0,3.623469886693E1));
#5696=CARTESIAN_POINT('',(2.149137337515E1,1.315010127529E0,3.616336297413E1));
#5697=CARTESIAN_POINT('',(2.151313177814E1,1.312661482530E0,3.612055069700E1));
#5698=CARTESIAN_POINT('',(2.151907312536E1,1.312100192191E0,3.610888771813E1));
#5699=(BOUNDED_SURFACE()B_SPLINE_SURFACE(3,3,((#5627,#5628,#5629,#5630,#5631,
#5632,#5633,#5634,#5635,#5636,#5637,#5638,#5639,#5640,#5641,#5642,#5643,#5644),(
#5645,#5646,#5647,#5648,#5649,#5650,#5651,#5652,#5653,#5654,#5655,#5656,#5657,
#5658,#5659,#5660,#5661,#5662),(#5663,#5664,#5665,#5666,#5667,#5668,#5669,#5670,
#5671,#5672,#5673,#5674,#5675,#5676,#5677,#5678,#5679,#5680),(#5681,#5682,#5683,
#5684,#5685,#5686,#5687,#5688,#5689,#5690,#5691,#5692,#5693,#5694,#5695,#5696,
#5697,#5698)),.UNSPECIFIED.,.F.,.F.,.F.)B_SPLINE_SURFACE_WITH_KNOTS((4,4),(4,1,
1,1,1,1,1,1,1,1,1,1,1,1,1,4),(0.E0,1.E0),(2.449581733784E-2,3.149555943268E-2,
6.186682372423E-2,9.432371162565E-2,1.305729356999E-1,1.702083853234E-1,
2.136015388767E-1,2.614004110442E-1,3.140996350151E-1,3.723838582622E-1,
4.366752212595E-1,5.075048608642E-1,5.859417177608E-1,6.729601577509E-1,
7.695612694509E-1,8.058458454933E-1),.UNSPECIFIED.)GEOMETRIC_REPRESENTATION_ITEM()RATIONAL_B_SPLINE_SURFACE(((1.041760633775E0,1.041760633775E0,1.041760633775E0,
1.041760633775E0,1.041760633775E0,1.041760633775E0,1.041760633775E0,
1.041760633775E0,1.041760633775E0,1.041760633775E0,1.041760633775E0,
1.041760633775E0,1.041760633775E0,1.041760633775E0,1.041760633775E0,
1.041760633775E0,1.041760633775E0,1.041760633775E0),(9.860797887418E-1,
9.860797887418E-1,9.860797887418E-1,9.860797887418E-1,9.860797887418E-1,
9.860797887418E-1,9.860797887418E-1,9.860797887418E-1,9.860797887418E-1,
9.860797887418E-1,9.860797887418E-1,9.860797887418E-1,9.860797887418E-1,
9.860797887418E-1,9.860797887418E-1,9.860797887418E-1,9.860797887418E-1,
9.860797887418E-1),(9.860797887418E-1,9.860797887418E-1,9.860797887418E-1,
9.860797887418E-1,9.860797887418E-1,9.860797887418E-1,9.860797887418E-1,
9.860797887418E-1,9.860797887418E-1,9.860797887418E-1,9.860797887418E-1,
9.860797887418E-1,9.860797887418E-1,9.860797887418E-1,9.860797887418E-1,
9.860797887418E-1,9.860797887418E-1,9.860797887418E-1),(1.041760633775E0,
1.041760633775E0,1.041760633775E0,1.041760633775E0,1.041760633775E0,
1.041760633775E0,1.041760633775E0,1.041760633775E0,1.041760633775E0,
1.041760633775E0,1.041760633775E0,1.041760633775E0,1.041760633775E0,
1.041760633775E0,1.041760633775E0,1.041760633775E0,1.041760633775E0,
1.041760633775E0)))REPRESENTATION_ITEM('')SURFACE());
#5700=ORIENTED_EDGE('',*,*,#5539,.T.);
#5702=ORIENTED_EDGE('',*,*,#5701,.T.);
#5704=ORIENTED_EDGE('',*,*,#5703,.F.);
#5706=ORIENTED_EDGE('',*,*,#5705,.F.);
#5707=ORIENTED_EDGE('',*,*,#5617,.T.);
#5708=EDGE_LOOP('',(#5700,#5702,#5704,#5706,#5707));
#5709=FACE_OUTER_BOUND('',#5708,.F.);
#5710=ADVANCED_FACE('',(#5709),#5699,.T.);
#5711=CARTESIAN_POINT('',(2.58348E1,2.1576E0,3.96492E1));
#5712=DIRECTION('',(0.E0,1.E0,0.E0));
#5713=DIRECTION('',(1.E0,0.E0,0.E0));
#5714=AXIS2_PLACEMENT_3D('',#5711,#5712,#5713);
#5715=CYLINDRICAL_SURFACE('',#5714,5.59E0);
#5716=ORIENTED_EDGE('',*,*,#5350,.T.);
#5717=ORIENTED_EDGE('',*,*,#5367,.T.);
#5719=ORIENTED_EDGE('',*,*,#5718,.F.);
#5721=ORIENTED_EDGE('',*,*,#5720,.F.);
#5722=ORIENTED_EDGE('',*,*,#5701,.F.);
#5723=ORIENTED_EDGE('',*,*,#5537,.T.);
#5725=ORIENTED_EDGE('',*,*,#5724,.T.);
#5726=ORIENTED_EDGE('',*,*,#5326,.T.);
#5727=EDGE_LOOP('',(#5716,#5717,#5719,#5721,#5722,#5723,#5725,#5726));
#5728=FACE_OUTER_BOUND('',#5727,.F.);
#5729=ADVANCED_FACE('',(#5728),#5715,.F.);
#5730=CARTESIAN_POINT('',(2.232545757525E1,1.181736492189E0,3.503379466691E1));
#5731=CARTESIAN_POINT('',(2.234017979594E1,1.177884947980E0,3.502948116512E1));
#5732=CARTESIAN_POINT('',(2.239083910982E1,1.165401798862E0,3.501520295521E1));
#5733=CARTESIAN_POINT('',(2.247710360643E1,1.148462847080E0,3.499398042799E1));
#5734=CARTESIAN_POINT('',(2.258279655708E1,1.134875827397E0,3.497281771937E1));
#5735=CARTESIAN_POINT('',(2.268183534595E1,1.128553704611E0,3.495698109034E1));
#5736=CARTESIAN_POINT('',(2.277429435874E1,1.128727667861E0,3.494559234896E1));
#5737=CARTESIAN_POINT('',(2.286045648144E1,1.134988500847E0,3.493792424064E1));
#5738=CARTESIAN_POINT('',(2.294051277201E1,1.147268898566E0,3.493337714997E1));
#5739=CARTESIAN_POINT('',(2.301448579973E1,1.165794062737E0,3.493141310796E1));
#5740=CARTESIAN_POINT('',(2.308216037910E1,1.191045641332E0,3.493150924545E1));
#5741=CARTESIAN_POINT('',(2.314304088841E1,1.223780054246E0,3.493313020099E1));
#5742=CARTESIAN_POINT('',(2.319597432661E1,1.264821047603E0,3.493569819601E1));
#5743=CARTESIAN_POINT('',(2.323871708969E1,1.314360539364E0,3.493856109297E1));
#5744=CARTESIAN_POINT('',(2.326814444826E1,1.370565644762E0,3.494101576595E1));
#5745=CARTESIAN_POINT('',(2.328252011974E1,1.429715401861E0,3.494255547717E1));
#5746=CARTESIAN_POINT('',(2.328237657310E1,1.472406222402E0,3.494289902373E1));
#5747=CARTESIAN_POINT('',(2.327925925572E1,1.494381255123E0,3.494285765424E1));
#5748=CARTESIAN_POINT('',(2.327871934986E1,1.497695744652E0,3.494284688084E1));
#5749=CARTESIAN_POINT('',(2.232056264487E1,1.261979145664E0,3.510718185819E1));
#5750=CARTESIAN_POINT('',(2.233418688361E1,1.259239253680E0,3.510157942608E1));
#5751=CARTESIAN_POINT('',(2.238100596290E1,1.250359204856E0,3.508281878765E1));
#5752=CARTESIAN_POINT('',(2.246040918624E1,1.238310329092E0,3.505370110201E1));
#5753=CARTESIAN_POINT('',(2.255721406352E1,1.228647417321E0,3.502243944450E1));
#5754=CARTESIAN_POINT('',(2.264748886663E1,1.224153437036E0,3.499679833941E1));
#5755=CARTESIAN_POINT('',(2.273132174624E1,1.224281279674E0,3.497598929449E1));
#5756=CARTESIAN_POINT('',(2.280896047180E1,1.228739716820E0,3.495934550524E1));
#5757=CARTESIAN_POINT('',(2.288055600174E1,1.237480793343E0,3.494633138745E1));
#5758=CARTESIAN_POINT('',(2.294611223344E1,1.250664665391E0,3.493648709851E1));
#5759=CARTESIAN_POINT('',(2.300544669802E1,1.268633939658E0,3.492938617817E1));
#5760=CARTESIAN_POINT('',(2.305817761723E1,1.291926715873E0,3.492460371483E1));
#5761=CARTESIAN_POINT('',(2.310342994507E1,1.321128992936E0,3.492171041828E1));
#5762=CARTESIAN_POINT('',(2.313950345310E1,1.356377249265E0,3.492026364705E1));
#5763=CARTESIAN_POINT('',(2.316406679833E1,1.396367422475E0,3.491979596338E1));
#5764=CARTESIAN_POINT('',(2.317596967725E1,1.438452273201E0,3.491987303537E1));
#5765=CARTESIAN_POINT('',(2.317582425898E1,1.468826550287E0,3.492014375384E1));
#5766=CARTESIAN_POINT('',(2.317322029105E1,1.484461692312E0,3.492034911085E1));
#5767=CARTESIAN_POINT('',(2.317276947628E1,1.486819938373E0,3.492038200734E1));
#5768=CARTESIAN_POINT('',(2.231774829870E1,1.307620899108E0,3.520596173915E1));
#5769=CARTESIAN_POINT('',(2.233068647032E1,1.306425273492E0,3.519962604494E1));
#5770=CARTESIAN_POINT('',(2.237499391801E1,1.302689706184E0,3.517824027632E1));
#5771=CARTESIAN_POINT('',(2.244931875493E1,1.298423473015E0,3.514409050209E1));
#5772=CARTESIAN_POINT('',(2.253870284683E1,1.296573479775E0,3.510576949107E1));
#5773=CARTESIAN_POINT('',(2.262101145086E1,1.297781745055E0,3.507278480087E1));
#5774=CARTESIAN_POINT('',(2.269647479343E1,1.301628048035E0,3.504452174829E1));
#5775=CARTESIAN_POINT('',(2.276539712144E1,1.307872040591E0,3.502044497386E1));
#5776=CARTESIAN_POINT('',(2.282795594073E1,1.316422316078E0,3.500014048376E1));
#5777=CARTESIAN_POINT('',(2.288419218560E1,1.327305470173E0,3.498327669229E1));
#5778=CARTESIAN_POINT('',(2.293401383669E1,1.340647281454E0,3.496957076855E1));
#5779=CARTESIAN_POINT('',(2.297722491787E1,1.356684030170E0,3.495875584151E1));
#5780=CARTESIAN_POINT('',(2.301333709907E1,1.375677513032E0,3.495060022607E1));
#5781=CARTESIAN_POINT('',(2.304136701816E1,1.397643530025E0,3.494492269933E1));
#5782=CARTESIAN_POINT('',(2.306001510043E1,1.421833097322E0,3.494154609782E1));
#5783=CARTESIAN_POINT('',(2.306890567823E1,1.446868258213E0,3.494015523517E1));
#5784=CARTESIAN_POINT('',(2.306877246664E1,1.464847835269E0,3.494035279830E1));
#5785=CARTESIAN_POINT('',(2.306680555231E1,1.474131238379E0,3.494080579606E1));
#5786=CARTESIAN_POINT('',(2.306646510729E1,1.475532289157E0,3.494088248202E1));
#5787=CARTESIAN_POINT('',(2.231745309342E1,1.311549444739E0,3.531474154191E1));
#5788=CARTESIAN_POINT('',(2.233022402189E1,1.312090058186E0,3.530834251731E1));
#5789=CARTESIAN_POINT('',(2.237373982594E1,1.314238694321E0,3.528659798819E1));
#5790=CARTESIAN_POINT('',(2.244556052308E1,1.319434909083E0,3.525106334041E1));
#5791=CARTESIAN_POINT('',(2.253014749096E1,1.328069165884E0,3.520982262308E1));
#5792=CARTESIAN_POINT('',(2.260652904729E1,1.337965204694E0,3.517309958210E1));
#5793=CARTESIAN_POINT('',(2.267518366533E1,1.348715105098E0,3.514051036814E1));
#5794=CARTESIAN_POINT('',(2.273655486272E1,1.360054363039E0,3.511170157878E1));
#5795=CARTESIAN_POINT('',(2.279090920272E1,1.371792089982E0,3.508641942241E1));
#5796=CARTESIAN_POINT('',(2.283837459396E1,1.383773618819E0,3.506449071473E1));
#5797=CARTESIAN_POINT('',(2.287899310489E1,1.395863901285E0,3.504580109294E1));
#5798=CARTESIAN_POINT('',(2.291279756673E1,1.407960931050E0,3.503026469004E1));
#5799=CARTESIAN_POINT('',(2.293973486470E1,1.419966367768E0,3.501786575017E1));
#5800=CARTESIAN_POINT('',(2.295960028522E1,1.431728899300E0,3.500869565488E1));
#5801=CARTESIAN_POINT('',(2.297220362429E1,1.442994379226E0,3.500287686806E1));
#5802=CARTESIAN_POINT('',(2.297801179620E1,1.453651902558E0,3.500024152212E1));
#5803=CARTESIAN_POINT('',(2.297790296743E1,1.461090076443E0,3.500037700237E1));
#5804=CARTESIAN_POINT('',(2.297659753945E1,1.464999677399E0,3.500103996552E1));
#5805=CARTESIAN_POINT('',(2.297637154405E1,1.465591739842E0,3.500115373687E1));
#5806=(BOUNDED_SURFACE()B_SPLINE_SURFACE(3,3,((#5730,#5731,#5732,#5733,#5734,
#5735,#5736,#5737,#5738,#5739,#5740,#5741,#5742,#5743,#5744,#5745,#5746,#5747,
#5748),(#5749,#5750,#5751,#5752,#5753,#5754,#5755,#5756,#5757,#5758,#5759,#5760,
#5761,#5762,#5763,#5764,#5765,#5766,#5767),(#5768,#5769,#5770,#5771,#5772,#5773,
#5774,#5775,#5776,#5777,#5778,#5779,#5780,#5781,#5782,#5783,#5784,#5785,#5786),(
#5787,#5788,#5789,#5790,#5791,#5792,#5793,#5794,#5795,#5796,#5797,#5798,#5799,
#5800,#5801,#5802,#5803,#5804,#5805)),.UNSPECIFIED.,.F.,.F.,.F.)B_SPLINE_SURFACE_WITH_KNOTS((4,4),(4,1,1,1,1,1,1,1,1,1,1,1,1,1,1,1,4),(0.E0,1.E0),(
1.815702460542E-1,2.203283189894E-1,3.132751259124E-1,3.972866489019E-1,
4.733325616335E-1,5.422606433161E-1,6.049929308508E-1,6.622023744410E-1,
7.141587017483E-1,7.613996496586E-1,8.044249097284E-1,8.436971850719E-1,
8.797737620467E-1,9.127639050176E-1,9.424295183898E-1,9.705797155363E-1,
9.756093309683E-1),.UNSPECIFIED.)GEOMETRIC_REPRESENTATION_ITEM()RATIONAL_B_SPLINE_SURFACE(((1.040536432132E0,1.040536432132E0,1.040536432132E0,1.040536432132E0,
1.040536432132E0,1.040536432132E0,1.040536432132E0,1.040536432132E0,
1.040536432132E0,1.040536432132E0,1.040536432132E0,1.040536432132E0,
1.040536432132E0,1.040536432132E0,1.040536432132E0,1.040536432132E0,
1.040536432132E0,1.040536432132E0,1.040536432132E0),(9.864878559560E-1,
9.864878559560E-1,9.864878559560E-1,9.864878559560E-1,9.864878559560E-1,
9.864878559560E-1,9.864878559560E-1,9.864878559560E-1,9.864878559560E-1,
9.864878559560E-1,9.864878559560E-1,9.864878559560E-1,9.864878559560E-1,
9.864878559560E-1,9.864878559560E-1,9.864878559560E-1,9.864878559560E-1,
9.864878559560E-1,9.864878559560E-1),(9.864878559560E-1,9.864878559560E-1,
9.864878559560E-1,9.864878559560E-1,9.864878559560E-1,9.864878559560E-1,
9.864878559560E-1,9.864878559560E-1,9.864878559560E-1,9.864878559560E-1,
9.864878559560E-1,9.864878559560E-1,9.864878559560E-1,9.864878559560E-1,
9.864878559560E-1,9.864878559560E-1,9.864878559560E-1,9.864878559560E-1,
9.864878559560E-1),(1.040536432132E0,1.040536432132E0,1.040536432132E0,
1.040536432132E0,1.040536432132E0,1.040536432132E0,1.040536432132E0,
1.040536432132E0,1.040536432132E0,1.040536432132E0,1.040536432132E0,
1.040536432132E0,1.040536432132E0,1.040536432132E0,1.040536432132E0,
1.040536432132E0,1.040536432132E0,1.040536432132E0,1.040536432132E0)))REPRESENTATION_ITEM('')SURFACE());
#5807=ORIENTED_EDGE('',*,*,#5365,.T.);
#5808=ORIENTED_EDGE('',*,*,#5391,.T.);
#5810=ORIENTED_EDGE('',*,*,#5809,.T.);
#5812=ORIENTED_EDGE('',*,*,#5811,.F.);
#5813=ORIENTED_EDGE('',*,*,#5718,.T.);
#5814=EDGE_LOOP('',(#5807,#5808,#5810,#5812,#5813));
#5815=FACE_OUTER_BOUND('',#5814,.F.);
#5816=ADVANCED_FACE('',(#5815),#5806,.T.);
#5817=CARTESIAN_POINT('',(2.321417374479E1,1.448249522920E0,3.493417571562E1));
#5818=CARTESIAN_POINT('',(2.321293312235E1,1.534645440879E0,3.493492968138E1));
#5819=CARTESIAN_POINT('',(2.321111158261E1,1.661618839659E0,3.493603776144E1));
#5820=CARTESIAN_POINT('',(2.320929262466E1,1.788592278109E0,3.493714584185E1));
#5821=CARTESIAN_POINT('',(2.320871159521E1,1.829169757161E0,3.493749995615E1));
#5822=CARTESIAN_POINT('',(2.312957281305E1,1.447063324753E0,3.493089289395E1));
#5823=CARTESIAN_POINT('',(2.312833217936E1,1.533460026296E0,3.493164686654E1));
#5824=CARTESIAN_POINT('',(2.312651062314E1,1.660434574244E0,3.493275495663E1));
#5825=CARTESIAN_POINT('',(2.312469164878E1,1.787409158301E0,3.493386304704E1));
#5826=CARTESIAN_POINT('',(2.312411061409E1,1.827987003098E0,3.493421716453E1));
#5827=CARTESIAN_POINT('',(2.304805956989E1,1.445693198670E0,3.49537668E1));
#5828=CARTESIAN_POINT('',(2.304681892535E1,1.532090655198E0,3.495452077918E1));
#5829=CARTESIAN_POINT('',(2.304499735325E1,1.659066310372E0,3.495562887894E1));
#5830=CARTESIAN_POINT('',(2.304317836308E1,1.786041998226E0,3.495673697898E1));
#5831=CARTESIAN_POINT('',(2.304259732334E1,1.826620195418E0,3.495709109954E1));
#5832=CARTESIAN_POINT('',(2.297752147635E1,1.444271722098E0,3.500058408739E1));
#5833=CARTESIAN_POINT('',(2.297628082243E1,1.530669831958E0,3.500133807228E1));
#5834=CARTESIAN_POINT('',(2.297445923658E1,1.657646445279E0,3.500244618039E1));
#5835=CARTESIAN_POINT('',(2.297264023273E1,1.784623088310E0,3.500355428877E1));
#5836=CARTESIAN_POINT('',(2.297205918863E1,1.825201590452E0,3.500390841199E1));
#5837=(BOUNDED_SURFACE()B_SPLINE_SURFACE(3,3,((#5817,#5818,#5819,#5820,#5821),(
#5822,#5823,#5824,#5825,#5826),(#5827,#5828,#5829,#5830,#5831),(#5832,#5833,
#5834,#5835,#5836)),.UNSPECIFIED.,.F.,.F.,.F.)B_SPLINE_SURFACE_WITH_KNOTS((4,4),
(4,1,4),(0.E0,1.E0),(2.256636590047E-3,3.332054472356E-1,4.886417264314E-1),
.UNSPECIFIED.)GEOMETRIC_REPRESENTATION_ITEM()RATIONAL_B_SPLINE_SURFACE(((
1.024790433792E0,1.024790433792E0,1.024790433792E0,1.024790433792E0,
1.024790433792E0),(9.917365220694E-1,9.917365220694E-1,9.917365220694E-1,
9.917365220694E-1,9.917365220694E-1),(9.917365220694E-1,9.917365220694E-1,
9.917365220694E-1,9.917365220694E-1,9.917365220694E-1),(1.024790433792E0,
1.024790433792E0,1.024790433792E0,1.024790433792E0,1.024790433792E0)))REPRESENTATION_ITEM('')SURFACE());
#5839=ORIENTED_EDGE('',*,*,#5838,.F.);
#5841=ORIENTED_EDGE('',*,*,#5840,.F.);
#5842=ORIENTED_EDGE('',*,*,#5809,.F.);
#5843=ORIENTED_EDGE('',*,*,#5389,.T.);
#5844=EDGE_LOOP('',(#5839,#5841,#5842,#5843));
#5845=FACE_OUTER_BOUND('',#5844,.F.);
#5846=ADVANCED_FACE('',(#5845),#5837,.T.);
#5847=CARTESIAN_POINT('',(2.319347581149E1,1.81E0,3.533704905602E1));
#5848=DIRECTION('',(-3.679638904665E-1,-7.071067811865E-1,-6.038232980871E-1));
#5849=DIRECTION('',(-3.679638904665E-1,7.071067811865E-1,-6.038232980871E-1));
#5850=AXIS2_PLACEMENT_3D('',#5847,#5848,#5849);
#5851=SPHERICAL_SURFACE('',#5850,4.E-1);
#5852=ORIENTED_EDGE('',*,*,#5838,.T.);
#5854=ORIENTED_EDGE('',*,*,#5853,.T.);
#5856=ORIENTED_EDGE('',*,*,#5855,.T.);
#5857=EDGE_LOOP('',(#5852,#5854,#5856));
#5858=FACE_OUTER_BOUND('',#5857,.F.);
#5859=ADVANCED_FACE('',(#5858),#5851,.T.);
#5860=CARTESIAN_POINT('',(3.004994546278E1,1.81E0,3.533704905602E1));
#5861=DIRECTION('',(-1.E0,0.E0,0.E0));
#5862=DIRECTION('',(0.E0,1.E0,0.E0));
#5863=AXIS2_PLACEMENT_3D('',#5860,#5861,#5862);
#5864=CYLINDRICAL_SURFACE('',#5863,4.E-1);
#5866=ORIENTED_EDGE('',*,*,#5865,.T.);
#5867=ORIENTED_EDGE('',*,*,#5853,.F.);
#5868=ORIENTED_EDGE('',*,*,#5387,.F.);
#5870=ORIENTED_EDGE('',*,*,#5869,.F.);
#5871=EDGE_LOOP('',(#5866,#5867,#5868,#5870));
#5872=FACE_OUTER_BOUND('',#5871,.F.);
#5873=ADVANCED_FACE('',(#5872),#5864,.T.);
#5874=CARTESIAN_POINT('',(2.58318E1,2.21E0,3.84165E1));
#5875=DIRECTION('',(0.E0,1.E0,0.E0));
#5876=DIRECTION('',(1.E0,0.E0,0.E0));
#5877=AXIS2_PLACEMENT_3D('',#5874,#5875,#5876);
#5878=PLANE('',#5877);
#5880=ORIENTED_EDGE('',*,*,#5879,.F.);
#5882=ORIENTED_EDGE('',*,*,#5881,.F.);
#5883=ORIENTED_EDGE('',*,*,#5865,.F.);
#5885=ORIENTED_EDGE('',*,*,#5884,.F.);
#5887=ORIENTED_EDGE('',*,*,#5886,.F.);
#5889=ORIENTED_EDGE('',*,*,#5888,.F.);
#5891=ORIENTED_EDGE('',*,*,#5890,.F.);
#5893=ORIENTED_EDGE('',*,*,#5892,.F.);
#5894=EDGE_LOOP('',(#5880,#5882,#5883,#5885,#5887,#5889,#5891,#5893));
#5895=FACE_OUTER_BOUND('',#5894,.F.);
#5897=ORIENTED_EDGE('',*,*,#5896,.T.);
#5899=ORIENTED_EDGE('',*,*,#5898,.T.);
#5900=EDGE_LOOP('',(#5897,#5899));
#5901=FACE_BOUND('',#5900,.F.);
#5903=ORIENTED_EDGE('',*,*,#5902,.T.);
#5905=ORIENTED_EDGE('',*,*,#5904,.T.);
#5906=EDGE_LOOP('',(#5903,#5905));
#5907=FACE_BOUND('',#5906,.F.);
#5908=ADVANCED_FACE('',(#5895,#5901,#5907),#5878,.T.);
#5909=CARTESIAN_POINT('',(2.154734905602E1,1.81E0,3.540335453722E1));
#5910=DIRECTION('',(0.E0,0.E0,1.E0));
#5911=DIRECTION('',(0.E0,1.E0,0.E0));
#5912=AXIS2_PLACEMENT_3D('',#5909,#5910,#5911);
#5913=CYLINDRICAL_SURFACE('',#5912,4.E-1);
#5914=ORIENTED_EDGE('',*,*,#5879,.T.);
#5916=ORIENTED_EDGE('',*,*,#5915,.T.);
#5917=ORIENTED_EDGE('',*,*,#5621,.F.);
#5919=ORIENTED_EDGE('',*,*,#5918,.F.);
#5920=EDGE_LOOP('',(#5914,#5916,#5917,#5919));
#5921=FACE_OUTER_BOUND('',#5920,.F.);
#5922=ADVANCED_FACE('',(#5921),#5913,.T.);
#5923=CARTESIAN_POINT('',(2.165467416162E1,2.209701171837E0,4.147943600734E1));
#5924=CARTESIAN_POINT('',(2.169494285414E1,2.219257078643E0,4.172320963777E1));
#5925=CARTESIAN_POINT('',(2.172356247154E1,2.045181033685E0,4.189646353793E1));
#5926=CARTESIAN_POINT('',(2.172235651347E1,1.798029836018E0,4.188916305813E1));
#5927=CARTESIAN_POINT('',(2.159614361763E1,2.209701171837E0,4.148910460223E1));
#5928=CARTESIAN_POINT('',(2.145333642922E1,2.219257078643E0,4.176312033205E1));
#5929=CARTESIAN_POINT('',(2.135184102827E1,2.045181033685E0,4.195786778612E1));
#5930=CARTESIAN_POINT('',(2.135611778697E1,1.798029836018E0,4.194966162249E1));
#5931=CARTESIAN_POINT('',(2.155419539774E1,2.209701171837E0,4.144715638231E1));
#5932=CARTESIAN_POINT('',(2.128017966782E1,2.219257078643E0,4.158996357053E1));
#5933=CARTESIAN_POINT('',(2.108543221368E1,2.045181033685E0,4.169145897135E1));
#5934=CARTESIAN_POINT('',(2.109363837732E1,1.798029836018E0,4.168718221265E1));
#5935=CARTESIAN_POINT('',(2.156386399267E1,2.209701171837E0,4.138862583833E1));
#5936=CARTESIAN_POINT('',(2.132009036227E1,2.219257078643E0,4.134835714564E1));
#5937=CARTESIAN_POINT('',(2.114683646213E1,2.045181033685E0,4.131973752812E1));
#5938=CARTESIAN_POINT('',(2.115413694192E1,1.798029836018E0,4.132094348619E1));
#5939=(BOUNDED_SURFACE()B_SPLINE_SURFACE(3,3,((#5923,#5924,#5925,#5926),(#5927,
#5928,#5929,#5930),(#5931,#5932,#5933,#5934),(#5935,#5936,#5937,#5938)),
.UNSPECIFIED.,.F.,.F.,.F.)B_SPLINE_SURFACE_WITH_KNOTS((4,4),(4,4),(0.E0,1.E0),(
0.E0,1.E0),.UNSPECIFIED.)GEOMETRIC_REPRESENTATION_ITEM()RATIONAL_B_SPLINE_SURFACE(((1.502450598403E0,1.184378633676E0,1.184378633676E0,1.502450598403E0),(
1.084176261578E0,8.546538573153E-1,8.546538573153E-1,1.084176261578E0),(
1.084176261578E0,8.546538573153E-1,8.546538573153E-1,1.084176261578E0),(
1.502450598403E0,1.184378633676E0,1.184378633676E0,1.502450598403E0)))REPRESENTATION_ITEM('')SURFACE());
#5940=ORIENTED_EDGE('',*,*,#5892,.T.);
#5942=ORIENTED_EDGE('',*,*,#5941,.T.);
#5943=ORIENTED_EDGE('',*,*,#5605,.F.);
#5944=ORIENTED_EDGE('',*,*,#5915,.F.);
#5945=EDGE_LOOP('',(#5940,#5942,#5943,#5944));
#5946=FACE_OUTER_BOUND('',#5945,.F.);
#5947=ADVANCED_FACE('',(#5946),#5939,.T.);
#5948=CARTESIAN_POINT('',(2.161365453722E1,1.81E0,4.149595094398E1));
#5949=DIRECTION('',(1.E0,0.E0,0.E0));
#5950=DIRECTION('',(0.E0,1.E0,0.E0));
#5951=AXIS2_PLACEMENT_3D('',#5948,#5949,#5950);
#5952=CYLINDRICAL_SURFACE('',#5951,4.E-1);
#5953=ORIENTED_EDGE('',*,*,#5890,.T.);
#5955=ORIENTED_EDGE('',*,*,#5954,.T.);
#5956=ORIENTED_EDGE('',*,*,#5591,.F.);
#5957=ORIENTED_EDGE('',*,*,#5941,.F.);
#5958=EDGE_LOOP('',(#5953,#5955,#5956,#5957));
#5959=FACE_OUTER_BOUND('',#5958,.F.);
#5960=ADVANCED_FACE('',(#5959),#5952,.T.);
#5961=CARTESIAN_POINT('',(3.009973600734E1,2.209701171837E0,4.138862583838E1));
#5962=CARTESIAN_POINT('',(3.034350963777E1,2.219257078643E0,4.134835714586E1));
#5963=CARTESIAN_POINT('',(3.051676353793E1,2.045181033685E0,4.131973752846E1));
#5964=CARTESIAN_POINT('',(3.050946305813E1,1.798029836018E0,4.132094348653E1));
#5965=CARTESIAN_POINT('',(3.010940460223E1,2.209701171837E0,4.144715638237E1));
#5966=CARTESIAN_POINT('',(3.038342033205E1,2.219257078643E0,4.158996357078E1));
#5967=CARTESIAN_POINT('',(3.057816778612E1,2.045181033685E0,4.169145897173E1));
#5968=CARTESIAN_POINT('',(3.056996162249E1,1.798029836018E0,4.168718221303E1));
#5969=CARTESIAN_POINT('',(3.006745638231E1,2.209701171837E0,4.148910460226E1));
#5970=CARTESIAN_POINT('',(3.021026357053E1,2.219257078643E0,4.176312033218E1));
#5971=CARTESIAN_POINT('',(3.031175897134E1,2.045181033685E0,4.195786778632E1));
#5972=CARTESIAN_POINT('',(3.030748221265E1,1.798029836018E0,4.194966162268E1));
#5973=CARTESIAN_POINT('',(3.000892583833E1,2.209701171837E0,4.147943600733E1));
#5974=CARTESIAN_POINT('',(2.996865714564E1,2.219257078643E0,4.172320963773E1));
#5975=CARTESIAN_POINT('',(2.994003752812E1,2.045181033685E0,4.189646353787E1));
#5976=CARTESIAN_POINT('',(2.994124348619E1,1.798029836018E0,4.188916305808E1));
#5977=(BOUNDED_SURFACE()B_SPLINE_SURFACE(3,3,((#5961,#5962,#5963,#5964),(#5965,
#5966,#5967,#5968),(#5969,#5970,#5971,#5972),(#5973,#5974,#5975,#5976)),
.UNSPECIFIED.,.F.,.F.,.F.)B_SPLINE_SURFACE_WITH_KNOTS((4,4),(4,4),(0.E0,1.E0),(
0.E0,1.E0),.UNSPECIFIED.)GEOMETRIC_REPRESENTATION_ITEM()RATIONAL_B_SPLINE_SURFACE(((1.502450598403E0,1.184378633676E0,1.184378633676E0,1.502450598403E0),(
1.084176261578E0,8.546538573153E-1,8.546538573153E-1,1.084176261578E0),(
1.084176261578E0,8.546538573153E-1,8.546538573153E-1,1.084176261578E0),(
1.502450598403E0,1.184378633676E0,1.184378633676E0,1.502450598403E0)))REPRESENTATION_ITEM('')SURFACE());
#5978=ORIENTED_EDGE('',*,*,#5888,.T.);
#5980=ORIENTED_EDGE('',*,*,#5979,.T.);
#5981=ORIENTED_EDGE('',*,*,#5577,.F.);
#5982=ORIENTED_EDGE('',*,*,#5954,.F.);
#5983=EDGE_LOOP('',(#5978,#5980,#5981,#5982));
#5984=FACE_OUTER_BOUND('',#5983,.F.);
#5985=ADVANCED_FACE('',(#5984),#5977,.T.);
#5986=CARTESIAN_POINT('',(3.011625094398E1,1.81E0,4.142964546278E1));
#5987=DIRECTION('',(0.E0,0.E0,-1.E0));
#5988=DIRECTION('',(0.E0,1.E0,0.E0));
#5989=AXIS2_PLACEMENT_3D('',#5986,#5987,#5988);
#5990=CYLINDRICAL_SURFACE('',#5989,4.E-1);
#5991=ORIENTED_EDGE('',*,*,#5886,.T.);
#5993=ORIENTED_EDGE('',*,*,#5992,.F.);
#5994=ORIENTED_EDGE('',*,*,#5560,.F.);
#5995=ORIENTED_EDGE('',*,*,#5979,.F.);
#5996=EDGE_LOOP('',(#5991,#5993,#5994,#5995));
#5997=FACE_OUTER_BOUND('',#5996,.F.);
#5998=ADVANCED_FACE('',(#5997),#5990,.T.);
#5999=CARTESIAN_POINT('',(3.011625094398E1,1.81E0,3.695571042708E1));
#6000=DIRECTION('',(5.975472023961E-1,-7.071067811865E-1,-3.780705501737E-1));
#6001=DIRECTION('',(5.975472023961E-1,7.071067811865E-1,-3.780705501737E-1));
#6002=AXIS2_PLACEMENT_3D('',#5999,#6000,#6001);
#6003=SPHERICAL_SURFACE('',#6002,4.E-1);
#6004=ORIENTED_EDGE('',*,*,#5992,.T.);
#6006=ORIENTED_EDGE('',*,*,#6005,.T.);
#6008=ORIENTED_EDGE('',*,*,#6007,.T.);
#6009=EDGE_LOOP('',(#6004,#6006,#6008));
#6010=FACE_OUTER_BOUND('',#6009,.F.);
#6011=ADVANCED_FACE('',(#6010),#6003,.T.);
#6012=CARTESIAN_POINT('',(2.58318E1,1.81E0,3.96665E1));
#6013=DIRECTION('',(0.E0,1.E0,0.E0));
#6014=DIRECTION('',(9.287458754658E-1,0.E0,-3.707170063610E-1));
#6015=AXIS2_PLACEMENT_3D('',#6012,#6013,#6014);
#6016=TOROIDAL_SURFACE('',#6015,5.07E0,4.E-1);
#6018=ORIENTED_EDGE('',*,*,#6017,.F.);
#6019=ORIENTED_EDGE('',*,*,#6005,.F.);
#6020=ORIENTED_EDGE('',*,*,#5884,.T.);
#6022=ORIENTED_EDGE('',*,*,#6021,.F.);
#6023=EDGE_LOOP('',(#6018,#6019,#6020,#6022));
#6024=FACE_OUTER_BOUND('',#6023,.F.);
#6025=ADVANCED_FACE('',(#6024),#6016,.T.);
#6026=CARTESIAN_POINT('',(2.58318E1,2.21E0,3.96665E1));
#6027=DIRECTION('',(0.E0,1.E0,0.E0));
#6028=DIRECTION('',(1.E0,0.E0,0.E0));
#6029=AXIS2_PLACEMENT_3D('',#6026,#6027,#6028);
#6030=CYLINDRICAL_SURFACE('',#6029,5.47E0);
#6031=ORIENTED_EDGE('',*,*,#6017,.T.);
#6033=ORIENTED_EDGE('',*,*,#6032,.T.);
#6035=ORIENTED_EDGE('',*,*,#6034,.F.);
#6037=ORIENTED_EDGE('',*,*,#6036,.T.);
#6038=EDGE_LOOP('',(#6031,#6033,#6035,#6037));
#6039=FACE_OUTER_BOUND('',#6038,.F.);
#6040=ADVANCED_FACE('',(#6039),#6030,.T.);
#6041=CARTESIAN_POINT('',(2.845488840479E1,1.829169757161E0,3.493749995615E1));
#6042=CARTESIAN_POINT('',(2.845430737534E1,1.788592278102E0,3.493714584185E1));
#6043=CARTESIAN_POINT('',(2.845248841739E1,1.661618839656E0,3.493603776144E1));
#6044=CARTESIAN_POINT('',(2.845066687765E1,1.534645440880E0,3.493492968138E1));
#6045=CARTESIAN_POINT('',(2.844942625521E1,1.448249522931E0,3.493417571562E1));
#6046=CARTESIAN_POINT('',(2.853948938591E1,1.827987003098E0,3.493421716453E1));
#6047=CARTESIAN_POINT('',(2.853890835122E1,1.787409158295E0,3.493386304704E1));
#6048=CARTESIAN_POINT('',(2.853708937686E1,1.660434574241E0,3.493275495663E1));
#6049=CARTESIAN_POINT('',(2.853526782064E1,1.533460026297E0,3.493164686654E1));
#6050=CARTESIAN_POINT('',(2.853402718695E1,1.447063324764E0,3.493089289395E1));
#6051=CARTESIAN_POINT('',(2.862100267666E1,1.826620195418E0,3.495709109954E1));
#6052=CARTESIAN_POINT('',(2.862042163692E1,1.786041998219E0,3.495673697898E1));
#6053=CARTESIAN_POINT('',(2.861860264675E1,1.659066310369E0,3.495562887894E1));
#6054=CARTESIAN_POINT('',(2.861678107465E1,1.532090655199E0,3.495452077918E1));
#6055=CARTESIAN_POINT('',(2.861554043011E1,1.445693198681E0,3.49537668E1));
#6056=CARTESIAN_POINT('',(2.869154081137E1,1.825201590452E0,3.500390841199E1));
#6057=CARTESIAN_POINT('',(2.869095976727E1,1.784623088303E0,3.500355428877E1));
#6058=CARTESIAN_POINT('',(2.868914076342E1,1.657646445275E0,3.500244618039E1));
#6059=CARTESIAN_POINT('',(2.868731917757E1,1.530669831959E0,3.500133807228E1));
#6060=CARTESIAN_POINT('',(2.868607852365E1,1.444271722109E0,3.500058408739E1));
#6061=(BOUNDED_SURFACE()B_SPLINE_SURFACE(3,3,((#6041,#6042,#6043,#6044,#6045),(
#6046,#6047,#6048,#6049,#6050),(#6051,#6052,#6053,#6054,#6055),(#6056,#6057,
#6058,#6059,#6060)),.UNSPECIFIED.,.F.,.F.,.F.)B_SPLINE_SURFACE_WITH_KNOTS((4,4),
(4,1,4),(0.E0,1.E0),(5.113582735686E-1,6.667945527906E-1,9.977433633958E-1),
.UNSPECIFIED.)GEOMETRIC_REPRESENTATION_ITEM()RATIONAL_B_SPLINE_SURFACE(((
1.024790433792E0,1.024790433792E0,1.024790433792E0,1.024790433792E0,
1.024790433792E0),(9.917365220694E-1,9.917365220694E-1,9.917365220694E-1,
9.917365220694E-1,9.917365220694E-1),(9.917365220694E-1,9.917365220694E-1,
9.917365220694E-1,9.917365220694E-1,9.917365220694E-1),(1.024790433792E0,
1.024790433792E0,1.024790433792E0,1.024790433792E0,1.024790433792E0)))REPRESENTATION_ITEM('')SURFACE());
#6063=ORIENTED_EDGE('',*,*,#6062,.F.);
#6064=ORIENTED_EDGE('',*,*,#5385,.T.);
#6065=ORIENTED_EDGE('',*,*,#5478,.T.);
#6066=ORIENTED_EDGE('',*,*,#6032,.F.);
#6067=EDGE_LOOP('',(#6063,#6064,#6065,#6066));
#6068=FACE_OUTER_BOUND('',#6067,.F.);
#6069=ADVANCED_FACE('',(#6068),#6061,.T.);
#6070=CARTESIAN_POINT('',(2.847012418851E1,1.81E0,3.533704905602E1));
#6071=DIRECTION('',(9.626843948807E-1,-1.614379342840E-2,2.701446534488E-1));
#6072=DIRECTION('',(2.702475387232E-1,4.531932233327E-3,-9.627802082533E-1));
#6073=AXIS2_PLACEMENT_3D('',#6070,#6071,#6072);
#6074=SPHERICAL_SURFACE('',#6073,4.E-1);
#6075=ORIENTED_EDGE('',*,*,#6062,.T.);
#6076=ORIENTED_EDGE('',*,*,#6021,.T.);
#6077=ORIENTED_EDGE('',*,*,#5869,.T.);
#6078=EDGE_LOOP('',(#6075,#6076,#6077));
#6079=FACE_OUTER_BOUND('',#6078,.F.);
#6080=ADVANCED_FACE('',(#6079),#6074,.T.);
#6081=CARTESIAN_POINT('',(2.58318E1,1.46E0,3.96665E1));
#6082=DIRECTION('',(0.E0,1.E0,0.E0));
#6083=DIRECTION('',(8.599959476055E-1,0.E0,-5.103008623372E-1));
#6084=AXIS2_PLACEMENT_3D('',#6081,#6082,#6083);
#6085=TOROIDAL_SURFACE('',#6084,5.62E0,1.5E-1);
#6086=ORIENTED_EDGE('',*,*,#5495,.T.);
#6088=ORIENTED_EDGE('',*,*,#6087,.T.);
#6089=ORIENTED_EDGE('',*,*,#6034,.T.);
#6090=ORIENTED_EDGE('',*,*,#5476,.T.);
#6091=EDGE_LOOP('',(#6086,#6088,#6089,#6090));
#6092=FACE_OUTER_BOUND('',#6091,.F.);
#6093=ADVANCED_FACE('',(#6092),#6085,.F.);
#6094=CARTESIAN_POINT('',(3.041998902059E1,1.180731085846E0,3.609669197955E1));
#6095=CARTESIAN_POINT('',(3.042619447432E1,1.175020144997E0,3.611761797061E1));
#6096=CARTESIAN_POINT('',(3.044240490771E1,1.160547073061E0,3.617550075112E1));
#6097=CARTESIAN_POINT('',(3.046505553477E1,1.142502134594E0,3.627056131276E1));
#6098=CARTESIAN_POINT('',(3.048576783343E1,1.129856448154E0,3.637921670524E1));
#6099=CARTESIAN_POINT('',(3.050086722009E1,1.125258414960E0,3.648079442933E1));
#6100=CARTESIAN_POINT('',(3.051131005072E1,1.127942734541E0,3.657535543736E1));
#6101=CARTESIAN_POINT('',(3.051788707309E1,1.137577191045E0,3.666312092832E1));
#6102=CARTESIAN_POINT('',(3.052127049130E1,1.154233983229E0,3.674419394755E1));
#6103=CARTESIAN_POINT('',(3.052208707949E1,1.178315267945E0,3.681840491783E1));
#6104=CARTESIAN_POINT('',(3.052096633170E1,1.210515911376E0,3.688523093693E1));
#6105=CARTESIAN_POINT('',(3.051857454679E1,1.251723025499E0,3.694358535744E1));
#6106=CARTESIAN_POINT('',(3.051565161003E1,1.302336414824E0,3.699124111997E1));
#6107=CARTESIAN_POINT('',(3.051300828117E1,1.360736973194E0,3.702476930733E1));
#6108=CARTESIAN_POINT('',(3.051128056E1,1.422915127474E0,3.704187724206E1));
#6109=CARTESIAN_POINT('',(3.051084195290E1,1.468964374545E0,3.704267385931E1));
#6110=CARTESIAN_POINT('',(3.051086358258E1,1.492978719342E0,3.703950776424E1));
#6111=CARTESIAN_POINT('',(3.051087517605E1,1.497342101007E0,3.703881406418E1));
#6112=CARTESIAN_POINT('',(3.034561425717E1,1.262374399585E0,3.609224234890E1));
#6113=CARTESIAN_POINT('',(3.035370828275E1,1.258294354314E0,3.611152319771E1));
#6114=CARTESIAN_POINT('',(3.037521824945E1,1.247947612855E0,3.616475089480E1));
#6115=CARTESIAN_POINT('',(3.040689293069E1,1.235016836756E0,3.625175955884E1));
#6116=CARTESIAN_POINT('',(3.043835158357E1,1.225902408325E0,3.635069329390E1));
#6117=CARTESIAN_POINT('',(3.046383626791E1,1.222513256194E0,3.644270062663E1));
#6118=CARTESIAN_POINT('',(3.048420163949E1,1.224308125673E0,3.652784971621E1));
#6119=CARTESIAN_POINT('',(3.050016078570E1,1.231053052614E0,3.660632564785E1));
#6120=CARTESIAN_POINT('',(3.051230132202E1,1.242801663845E0,3.667820044387E1));
#6121=CARTESIAN_POINT('',(3.052114265843E1,1.259842552080E0,3.674332207746E1));
#6122=CARTESIAN_POINT('',(3.052718426358E1,1.282672763703E0,3.680127399797E1));
#6123=CARTESIAN_POINT('',(3.053093405276E1,1.311926125975E0,3.685122910970E1));
#6124=CARTESIAN_POINT('',(3.053290950931E1,1.347889366736E0,3.689149856993E1));
#6125=CARTESIAN_POINT('',(3.053364900452E1,1.389410760481E0,3.691950729016E1));
#6126=CARTESIAN_POINT('',(3.053367306364E1,1.433632808321E0,3.693367821531E1));
#6127=CARTESIAN_POINT('',(3.053340108508E1,1.466387289367E0,3.693430886233E1));
#6128=CARTESIAN_POINT('',(3.053317046492E1,1.483467665437E0,3.693166361874E1));
#6129=CARTESIAN_POINT('',(3.053312502115E1,1.486571112032E0,3.693108440437E1));
#6130=CARTESIAN_POINT('',(3.024512361888E1,1.308334098156E0,3.608970984341E1));
#6131=CARTESIAN_POINT('',(3.025428074811E1,1.306523239315E0,3.610798184550E1));
#6132=CARTESIAN_POINT('',(3.027890254722E1,1.302160970463E0,3.615815690604E1));
#6133=CARTESIAN_POINT('',(3.031640603894E1,1.297740581867E0,3.623910116908E1));
#6134=CARTESIAN_POINT('',(3.035547645560E1,1.296400968829E0,3.632978232407E1));
#6135=CARTESIAN_POINT('',(3.038884369608E1,1.298419918644E0,3.641294543392E1));
#6136=CARTESIAN_POINT('',(3.041716670741E1,1.303371372669E0,3.648880895126E1));
#6137=CARTESIAN_POINT('',(3.044100238186E1,1.311037219452E0,3.655762388524E1));
#6138=CARTESIAN_POINT('',(3.046078830052E1,1.321372074841E0,3.661950876958E1));
#6139=CARTESIAN_POINT('',(3.047687765470E1,1.334460699916E0,3.667440133106E1));
#6140=CARTESIAN_POINT('',(3.048958241727E1,1.350502877255E0,3.672207568457E1));
#6141=CARTESIAN_POINT('',(3.049919280337E1,1.369778185748E0,3.676208259831E1));
#6142=CARTESIAN_POINT('',(3.050594194340E1,1.392376790348E0,3.679345815515E1));
#6143=CARTESIAN_POINT('',(3.051003093470E1,1.417618244651E0,3.681475018840E1));
#6144=CARTESIAN_POINT('',(3.051180638777E1,1.443996091828E0,3.682533505062E1));
#6145=CARTESIAN_POINT('',(3.051170133809E1,1.463412877428E0,3.682577805862E1));
#6146=CARTESIAN_POINT('',(3.051121841392E1,1.473566808615E0,3.682378186241E1));
#6147=CARTESIAN_POINT('',(3.051111597821E1,1.475413105795E0,3.682334493830E1));
#6148=CARTESIAN_POINT('',(3.013463108618E1,1.311240403656E0,3.608950055808E1));
#6149=CARTESIAN_POINT('',(3.014385537897E1,1.311973151128E0,3.610756178063E1));
#6150=CARTESIAN_POINT('',(3.016890231778E1,1.314493868570E0,3.615677615106E1));
#6151=CARTESIAN_POINT('',(3.020810470871E1,1.320615426008E0,3.623461595491E1));
#6152=CARTESIAN_POINT('',(3.025043172918E1,1.330047470374E0,3.631983693358E1));
#6153=CARTESIAN_POINT('',(3.028791479233E1,1.340806537372E0,3.639630018715E1));
#6154=CARTESIAN_POINT('',(3.032095451038E1,1.352454442625E0,3.646449344829E1));
#6155=CARTESIAN_POINT('',(3.034989809213E1,1.364703986347E0,3.652482511676E1));
#6156=CARTESIAN_POINT('',(3.037499169697E1,1.377346211068E0,3.657753031373E1));
#6157=CARTESIAN_POINT('',(3.039639009670E1,1.390204463762E0,3.662269433062E1));
#6158=CARTESIAN_POINT('',(3.041419036356E1,1.403129486350E0,3.666033568792E1));
#6159=CARTESIAN_POINT('',(3.042844060481E1,1.416002450508E0,3.669044073839E1));
#6160=CARTESIAN_POINT('',(3.043907324380E1,1.428664991537E0,3.671284095531E1));
#6161=CARTESIAN_POINT('',(3.044594130128E1,1.440836269547E0,3.672729612297E1));
#6162=CARTESIAN_POINT('',(3.044918692057E1,1.452343193861E0,3.673422090503E1));
#6163=CARTESIAN_POINT('',(3.044922233255E1,1.460518094759E0,3.673448469372E1));
#6164=CARTESIAN_POINT('',(3.044852750794E1,1.464863781476E0,3.673316166406E1));
#6165=CARTESIAN_POINT('',(3.044837726441E1,1.465657302640E0,3.673287201810E1));
#6166=(BOUNDED_SURFACE()B_SPLINE_SURFACE(3,3,((#6094,#6095,#6096,#6097,#6098,
#6099,#6100,#6101,#6102,#6103,#6104,#6105,#6106,#6107,#6108,#6109,#6110,#6111),(
#6112,#6113,#6114,#6115,#6116,#6117,#6118,#6119,#6120,#6121,#6122,#6123,#6124,
#6125,#6126,#6127,#6128,#6129),(#6130,#6131,#6132,#6133,#6134,#6135,#6136,#6137,
#6138,#6139,#6140,#6141,#6142,#6143,#6144,#6145,#6146,#6147),(#6148,#6149,#6150,
#6151,#6152,#6153,#6154,#6155,#6156,#6157,#6158,#6159,#6160,#6161,#6162,#6163,
#6164,#6165)),.UNSPECIFIED.,.F.,.F.,.F.)B_SPLINE_SURFACE_WITH_KNOTS((4,4),(4,1,
1,1,1,1,1,1,1,1,1,1,1,1,1,4),(0.E0,1.E0),(1.740225202966E-1,2.303645427359E-1,
3.269402220249E-1,4.139783333796E-1,4.924356744816E-1,5.632739900777E-1,
6.275733735713E-1,6.858665314934E-1,7.385726699746E-1,7.863774656599E-1,
8.297757370341E-1,8.694154118403E-1,9.056683827239E-1,9.381284360158E-1,
9.685021104843E-1,9.752980179704E-1),.UNSPECIFIED.)GEOMETRIC_REPRESENTATION_ITEM()RATIONAL_B_SPLINE_SURFACE(((1.041762446775E0,1.041762446775E0,1.041762446775E0,
1.041762446775E0,1.041762446775E0,1.041762446775E0,1.041762446775E0,
1.041762446775E0,1.041762446775E0,1.041762446775E0,1.041762446775E0,
1.041762446775E0,1.041762446775E0,1.041762446775E0,1.041762446775E0,
1.041762446775E0,1.041762446775E0,1.041762446775E0),(9.860791844083E-1,
9.860791844083E-1,9.860791844083E-1,9.860791844083E-1,9.860791844083E-1,
9.860791844083E-1,9.860791844083E-1,9.860791844083E-1,9.860791844083E-1,
9.860791844083E-1,9.860791844083E-1,9.860791844083E-1,9.860791844083E-1,
9.860791844083E-1,9.860791844083E-1,9.860791844083E-1,9.860791844083E-1,
9.860791844083E-1),(9.860791844083E-1,9.860791844083E-1,9.860791844083E-1,
9.860791844083E-1,9.860791844083E-1,9.860791844083E-1,9.860791844083E-1,
9.860791844083E-1,9.860791844083E-1,9.860791844083E-1,9.860791844083E-1,
9.860791844083E-1,9.860791844083E-1,9.860791844083E-1,9.860791844083E-1,
9.860791844083E-1,9.860791844083E-1,9.860791844083E-1),(1.041762446775E0,
1.041762446775E0,1.041762446775E0,1.041762446775E0,1.041762446775E0,
1.041762446775E0,1.041762446775E0,1.041762446775E0,1.041762446775E0,
1.041762446775E0,1.041762446775E0,1.041762446775E0,1.041762446775E0,
1.041762446775E0,1.041762446775E0,1.041762446775E0,1.041762446775E0,
1.041762446775E0)))REPRESENTATION_ITEM('')SURFACE());
#6167=ORIENTED_EDGE('',*,*,#5525,.T.);
#6168=ORIENTED_EDGE('',*,*,#5564,.T.);
#6170=ORIENTED_EDGE('',*,*,#6169,.T.);
#6171=ORIENTED_EDGE('',*,*,#6087,.F.);
#6172=ORIENTED_EDGE('',*,*,#5493,.T.);
#6173=EDGE_LOOP('',(#6167,#6168,#6170,#6171,#6172));
#6174=FACE_OUTER_BOUND('',#6173,.F.);
#6175=ADVANCED_FACE('',(#6174),#6166,.T.);
#6176=CARTESIAN_POINT('',(3.051912435696E1,1.448241205666E0,3.697621506944E1));
#6177=CARTESIAN_POINT('',(3.051837038769E1,1.534637526428E0,3.697502029597E1));
#6178=CARTESIAN_POINT('',(3.051726230680E1,1.661611019779E0,3.697326600757E1));
#6179=CARTESIAN_POINT('',(3.051615422561E1,1.788584548336E0,3.697151409918E1));
#6180=CARTESIAN_POINT('',(3.051580011400E1,1.829161719361E0,3.697095448116E1));
#6181=CARTESIAN_POINT('',(3.052249825842E1,1.447068092330E0,3.688925591187E1));
#6182=CARTESIAN_POINT('',(3.052174428267E1,1.533465155374E0,3.688806112814E1));
#6183=CARTESIAN_POINT('',(3.052063619228E1,1.660439737462E0,3.688630682470E1));
#6184=CARTESIAN_POINT('',(3.051952810161E1,1.787414351592E0,3.688455490133E1));
#6185=CARTESIAN_POINT('',(3.051917398698E1,1.827991869215E0,3.688399527852E1));
#6186=CARTESIAN_POINT('',(3.049828257179E1,1.445700874983E0,3.680567130965E1));
#6187=CARTESIAN_POINT('',(3.049752858982E1,1.532098651504E0,3.680447651605E1));
#6188=CARTESIAN_POINT('',(3.049642049030E1,1.659074280078E0,3.680272219815E1));
#6189=CARTESIAN_POINT('',(3.049531239052E1,1.786049937657E0,3.680097026038E1));
#6190=CARTESIAN_POINT('',(3.049495827298E1,1.826627788426E0,3.680041063298E1));
#6191=CARTESIAN_POINT('',(3.044894728405E1,1.444279009058E0,3.673398684709E1));
#6192=CARTESIAN_POINT('',(3.044819329674E1,1.530677397475E0,3.673279204503E1));
#6193=CARTESIAN_POINT('',(3.044708518938E1,1.657653923546E0,3.673103771473E1));
#6194=CARTESIAN_POINT('',(3.044597708180E1,1.784630476013E0,3.672928576462E1));
#6195=CARTESIAN_POINT('',(3.044562296176E1,1.825208612499E0,3.672872613328E1));
#6196=(BOUNDED_SURFACE()B_SPLINE_SURFACE(3,3,((#6176,#6177,#6178,#6179,#6180),(
#6181,#6182,#6183,#6184,#6185),(#6186,#6187,#6188,#6189,#6190),(#6191,#6192,
#6193,#6194,#6195)),.UNSPECIFIED.,.F.,.F.,.F.)B_SPLINE_SURFACE_WITH_KNOTS((4,4),
(4,1,4),(0.E0,1.E0),(2.256488822286E-3,3.332067761061E-1,4.886418551721E-1),
.UNSPECIFIED.)GEOMETRIC_REPRESENTATION_ITEM()RATIONAL_B_SPLINE_SURFACE(((
1.026167123211E0,1.026167123211E0,1.026167123211E0,1.026167123211E0,
1.026167123211E0),(9.912776255963E-1,9.912776255963E-1,9.912776255963E-1,
9.912776255963E-1,9.912776255963E-1),(9.912776255963E-1,9.912776255963E-1,
9.912776255963E-1,9.912776255963E-1,9.912776255963E-1),(1.026167123211E0,
1.026167123211E0,1.026167123211E0,1.026167123211E0,1.026167123211E0)))REPRESENTATION_ITEM('')SURFACE());
#6197=ORIENTED_EDGE('',*,*,#6007,.F.);
#6198=ORIENTED_EDGE('',*,*,#6036,.F.);
#6199=ORIENTED_EDGE('',*,*,#6169,.F.);
#6200=ORIENTED_EDGE('',*,*,#5562,.T.);
#6201=EDGE_LOOP('',(#6197,#6198,#6199,#6200));
#6202=FACE_OUTER_BOUND('',#6201,.F.);
#6203=ADVANCED_FACE('',(#6202),#6196,.T.);
#6204=CARTESIAN_POINT('',(2.154734905602E1,1.81E0,3.695571042708E1));
#6205=DIRECTION('',(2.782376169026E-1,-1.567469484145E-2,-9.603843670541E-1));
#6206=DIRECTION('',(-9.604726391743E-1,4.542819461196E-3,-2.783373352408E-1));
#6207=AXIS2_PLACEMENT_3D('',#6204,#6205,#6206);
#6208=SPHERICAL_SURFACE('',#6207,4.E-1);
#6210=ORIENTED_EDGE('',*,*,#6209,.T.);
#6212=ORIENTED_EDGE('',*,*,#6211,.T.);
#6213=ORIENTED_EDGE('',*,*,#5918,.T.);
#6214=EDGE_LOOP('',(#6210,#6212,#6213));
#6215=FACE_OUTER_BOUND('',#6214,.F.);
#6216=ADVANCED_FACE('',(#6215),#6208,.T.);
#6217=CARTESIAN_POINT('',(2.114779988600E1,1.829161719361E0,3.697095448116E1));
#6218=CARTESIAN_POINT('',(2.114744577439E1,1.788584548337E0,3.697151409918E1));
#6219=CARTESIAN_POINT('',(2.114633769320E1,1.661611019788E0,3.697326600757E1));
#6220=CARTESIAN_POINT('',(2.114522961231E1,1.534637526444E0,3.697502029597E1));
#6221=CARTESIAN_POINT('',(2.114447564304E1,1.448241205686E0,3.697621506944E1));
#6222=CARTESIAN_POINT('',(2.114442601302E1,1.827991869215E0,3.688399527852E1));
#6223=CARTESIAN_POINT('',(2.114407189839E1,1.787414351594E0,3.688455490133E1));
#6224=CARTESIAN_POINT('',(2.114296380772E1,1.660439737470E0,3.688630682470E1));
#6225=CARTESIAN_POINT('',(2.114185571733E1,1.533465155390E0,3.688806112814E1));
#6226=CARTESIAN_POINT('',(2.114110174158E1,1.447068092350E0,3.688925591187E1));
#6227=CARTESIAN_POINT('',(2.116864172702E1,1.826627788426E0,3.680041063298E1));
#6228=CARTESIAN_POINT('',(2.116828760948E1,1.786049937658E0,3.680097026038E1));
#6229=CARTESIAN_POINT('',(2.116717950970E1,1.659074280087E0,3.680272219815E1));
#6230=CARTESIAN_POINT('',(2.116607141018E1,1.532098651519E0,3.680447651605E1));
#6231=CARTESIAN_POINT('',(2.116531742821E1,1.445700875004E0,3.680567130964E1));
#6232=CARTESIAN_POINT('',(2.121797703824E1,1.825208612499E0,3.672872613328E1));
#6233=CARTESIAN_POINT('',(2.121762291820E1,1.784630476015E0,3.672928576462E1));
#6234=CARTESIAN_POINT('',(2.121651481062E1,1.657653923554E0,3.673103771473E1));
#6235=CARTESIAN_POINT('',(2.121540670326E1,1.530677397491E0,3.673279204503E1));
#6236=CARTESIAN_POINT('',(2.121465271595E1,1.444279009078E0,3.673398684709E1));
#6237=(BOUNDED_SURFACE()B_SPLINE_SURFACE(3,3,((#6217,#6218,#6219,#6220,#6221),(
#6222,#6223,#6224,#6225,#6226),(#6227,#6228,#6229,#6230,#6231),(#6232,#6233,
#6234,#6235,#6236)),.UNSPECIFIED.,.F.,.F.,.F.)B_SPLINE_SURFACE_WITH_KNOTS((4,4),
(4,1,4),(0.E0,1.E0),(5.113581448279E-1,6.667932238870E-1,9.977435111515E-1),
.UNSPECIFIED.)GEOMETRIC_REPRESENTATION_ITEM()RATIONAL_B_SPLINE_SURFACE(((
1.026167123211E0,1.026167123211E0,1.026167123211E0,1.026167123211E0,
1.026167123211E0),(9.912776255963E-1,9.912776255963E-1,9.912776255963E-1,
9.912776255963E-1,9.912776255963E-1),(9.912776255963E-1,9.912776255963E-1,
9.912776255963E-1,9.912776255963E-1,9.912776255963E-1),(1.026167123211E0,
1.026167123211E0,1.026167123211E0,1.026167123211E0,1.026167123211E0)))REPRESENTATION_ITEM('')SURFACE());
#6238=ORIENTED_EDGE('',*,*,#6209,.F.);
#6239=ORIENTED_EDGE('',*,*,#5619,.T.);
#6240=ORIENTED_EDGE('',*,*,#5705,.T.);
#6242=ORIENTED_EDGE('',*,*,#6241,.F.);
#6243=EDGE_LOOP('',(#6238,#6239,#6240,#6242));
#6244=FACE_OUTER_BOUND('',#6243,.F.);
#6245=ADVANCED_FACE('',(#6244),#6237,.T.);
#6246=CARTESIAN_POINT('',(2.58318E1,2.21E0,3.96665E1));
#6247=DIRECTION('',(0.E0,1.E0,0.E0));
#6248=DIRECTION('',(1.E0,0.E0,0.E0));
#6249=AXIS2_PLACEMENT_3D('',#6246,#6247,#6248);
#6250=CYLINDRICAL_SURFACE('',#6249,5.47E0);
#6252=ORIENTED_EDGE('',*,*,#6251,.T.);
#6253=ORIENTED_EDGE('',*,*,#6241,.T.);
#6255=ORIENTED_EDGE('',*,*,#6254,.F.);
#6256=ORIENTED_EDGE('',*,*,#5840,.T.);
#6257=EDGE_LOOP('',(#6252,#6253,#6255,#6256));
#6258=FACE_OUTER_BOUND('',#6257,.F.);
#6259=ADVANCED_FACE('',(#6258),#6250,.T.);
#6260=CARTESIAN_POINT('',(2.58318E1,1.81E0,3.96665E1));
#6261=DIRECTION('',(0.E0,1.E0,0.E0));
#6262=DIRECTION('',(-3.461458366539E-1,0.E0,-9.381807180747E-1));
#6263=AXIS2_PLACEMENT_3D('',#6260,#6261,#6262);
#6264=TOROIDAL_SURFACE('',#6263,5.07E0,4.E-1);
#6265=ORIENTED_EDGE('',*,*,#6211,.F.);
#6266=ORIENTED_EDGE('',*,*,#6251,.F.);
#6267=ORIENTED_EDGE('',*,*,#5855,.F.);
#6268=ORIENTED_EDGE('',*,*,#5881,.T.);
#6269=EDGE_LOOP('',(#6265,#6266,#6267,#6268));
#6270=FACE_OUTER_BOUND('',#6269,.F.);
#6271=ADVANCED_FACE('',(#6270),#6264,.T.);
#6272=CARTESIAN_POINT('',(2.58318E1,1.46E0,3.96665E1));
#6273=DIRECTION('',(0.E0,1.E0,0.E0));
#6274=DIRECTION('',(8.599959476055E-1,0.E0,-5.103008623372E-1));
#6275=AXIS2_PLACEMENT_3D('',#6272,#6273,#6274);
#6276=TOROIDAL_SURFACE('',#6275,5.62E0,1.5E-1);
#6277=ORIENTED_EDGE('',*,*,#5720,.T.);
#6278=ORIENTED_EDGE('',*,*,#5811,.T.);
#6279=ORIENTED_EDGE('',*,*,#6254,.T.);
#6280=ORIENTED_EDGE('',*,*,#5703,.T.);
#6281=EDGE_LOOP('',(#6277,#6278,#6279,#6280));
#6282=FACE_OUTER_BOUND('',#6281,.F.);
#6283=ADVANCED_FACE('',(#6282),#6276,.F.);
#6284=CARTESIAN_POINT('',(2.58318E1,2.21E0,3.84165E1));
#6285=DIRECTION('',(0.E0,1.E0,0.E0));
#6286=DIRECTION('',(0.E0,0.E0,-1.E0));
#6287=AXIS2_PLACEMENT_3D('',#6284,#6285,#6286);
#6288=CYLINDRICAL_SURFACE('',#6287,3.95E-1);
#6290=ORIENTED_EDGE('',*,*,#6289,.T.);
#6292=ORIENTED_EDGE('',*,*,#6291,.F.);
#6293=ORIENTED_EDGE('',*,*,#5896,.F.);
#6295=ORIENTED_EDGE('',*,*,#6294,.T.);
#6296=EDGE_LOOP('',(#6290,#6292,#6293,#6295));
#6297=FACE_OUTER_BOUND('',#6296,.F.);
#6298=ADVANCED_FACE('',(#6297),#6288,.F.);
#6299=CARTESIAN_POINT('',(2.58348E1,2.1576E0,3.78192E1));
#6300=DIRECTION('',(0.E0,1.E0,0.E0));
#6301=DIRECTION('',(1.E0,0.E0,0.E0));
#6302=AXIS2_PLACEMENT_3D('',#6299,#6300,#6301);
#6303=PLANE('',#6302);
#6304=ORIENTED_EDGE('',*,*,#6289,.F.);
#6306=ORIENTED_EDGE('',*,*,#6305,.F.);
#6307=EDGE_LOOP('',(#6304,#6306));
#6308=FACE_OUTER_BOUND('',#6307,.F.);
#6309=ADVANCED_FACE('',(#6308),#6303,.T.);
#6310=CARTESIAN_POINT('',(2.58318E1,2.21E0,3.84165E1));
#6311=DIRECTION('',(0.E0,1.E0,0.E0));
#6312=DIRECTION('',(0.E0,0.E0,-1.E0));
#6313=AXIS2_PLACEMENT_3D('',#6310,#6311,#6312);
#6314=CYLINDRICAL_SURFACE('',#6313,3.95E-1);
#6315=ORIENTED_EDGE('',*,*,#6305,.T.);
#6316=ORIENTED_EDGE('',*,*,#6294,.F.);
#6317=ORIENTED_EDGE('',*,*,#5898,.F.);
#6318=ORIENTED_EDGE('',*,*,#6291,.T.);
#6319=EDGE_LOOP('',(#6315,#6316,#6317,#6318));
#6320=FACE_OUTER_BOUND('',#6319,.F.);
#6321=ADVANCED_FACE('',(#6320),#6314,.F.);
#6322=CARTESIAN_POINT('',(2.248973184362E1,2.194542763378E0,4.091441762541E1));
#6323=CARTESIAN_POINT('',(2.249319053958E1,2.315764604738E0,4.091483012117E1));
#6324=CARTESIAN_POINT('',(2.240582978001E1,2.399229633020E0,4.090441118194E1));
#6325=CARTESIAN_POINT('',(2.228580983227E1,2.389371156918E0,4.089009719764E1));
#6326=CARTESIAN_POINT('',(2.251409349833E1,2.194542763378E0,4.071014993436E1));
#6327=CARTESIAN_POINT('',(2.251781721824E1,2.315764604738E0,4.070834025624E1));
#6328=CARTESIAN_POINT('',(2.242376240552E1,2.399229633020E0,4.075404963824E1));
#6329=CARTESIAN_POINT('',(2.229454588128E1,2.389371156918E0,4.081684714212E1));
#6330=CARTESIAN_POINT('',(2.237751528807E1,2.194542763378E0,4.055631504784E1));
#6331=CARTESIAN_POINT('',(2.237975320996E1,2.315764604738E0,4.055283184092E1));
#6332=CARTESIAN_POINT('',(2.232322712055E1,2.399229633020E0,4.064081170573E1));
#6333=CARTESIAN_POINT('',(2.224556916140E1,2.389371156918E0,4.076168220674E1));
#6334=CARTESIAN_POINT('',(2.217179999980E1,2.194542763378E0,4.055631504797E1));
#6335=CARTESIAN_POINT('',(2.217179999979E1,2.315764604738E0,4.055283184105E1));
#6336=CARTESIAN_POINT('',(2.217179999985E1,2.399229633020E0,4.064081170583E1));
#6337=CARTESIAN_POINT('',(2.217179999993E1,2.389371156918E0,4.076168220679E1));
#6338=CARTESIAN_POINT('',(2.196608471153E1,2.194542763378E0,4.055631504810E1));
#6339=CARTESIAN_POINT('',(2.196384678963E1,2.315764604738E0,4.055283184118E1));
#6340=CARTESIAN_POINT('',(2.202037287915E1,2.399229633020E0,4.064081170593E1));
#6341=CARTESIAN_POINT('',(2.209803083845E1,2.389371156918E0,4.076168220683E1));
#6342=CARTESIAN_POINT('',(2.182950650146E1,2.194542763378E0,4.071014993479E1));
#6343=CARTESIAN_POINT('',(2.182578278155E1,2.315764604738E0,4.070834025668E1));
#6344=CARTESIAN_POINT('',(2.191983759432E1,2.399229633020E0,4.075404963856E1));
#6345=CARTESIAN_POINT('',(2.204905411865E1,2.389371156918E0,4.081684714228E1));
#6346=CARTESIAN_POINT('',(2.185386815642E1,2.194542763378E0,4.091441762581E1));
#6347=CARTESIAN_POINT('',(2.185040946047E1,2.315764604738E0,4.091483012158E1));
#6348=CARTESIAN_POINT('',(2.193777022003E1,2.399229633020E0,4.090441118224E1));
#6349=CARTESIAN_POINT('',(2.205779016775E1,2.389371156918E0,4.089009719778E1));
#6350=(BOUNDED_SURFACE()B_SPLINE_SURFACE(3,3,((#6322,#6323,#6324,#6325),(#6326,
#6327,#6328,#6329),(#6330,#6331,#6332,#6333),(#6334,#6335,#6336,#6337),(#6338,
#6339,#6340,#6341),(#6342,#6343,#6344,#6345),(#6346,#6347,#6348,#6349)),
.UNSPECIFIED.,.F.,.F.,.F.)B_SPLINE_SURFACE_WITH_KNOTS((4,3,4),(4,4),(0.E0,1.E0,
2.E0),(0.E0,1.E0),.UNSPECIFIED.)GEOMETRIC_REPRESENTATION_ITEM()RATIONAL_B_SPLINE_SURFACE(((1.441980905426E0,1.121982180643E0,1.121982180643E0,1.441980905426E0),(
1.118898949688E0,8.705973003980E-1,8.705973003980E-1,1.118898949688E0),(
1.118898949688E0,8.705973003980E-1,8.705973003980E-1,1.118898949688E0),(
1.441980905426E0,1.121982180643E0,1.121982180643E0,1.441980905426E0),(
1.118898949688E0,8.705973003980E-1,8.705973003980E-1,1.118898949688E0),(
1.118898949688E0,8.705973003980E-1,8.705973003980E-1,1.118898949688E0),(
1.441980905426E0,1.121982180643E0,1.121982180643E0,1.441980905426E0)))REPRESENTATION_ITEM('')SURFACE());
#6352=ORIENTED_EDGE('',*,*,#6351,.T.);
#6354=ORIENTED_EDGE('',*,*,#6353,.T.);
#6355=ORIENTED_EDGE('',*,*,#5902,.F.);
#6357=ORIENTED_EDGE('',*,*,#6356,.F.);
#6358=EDGE_LOOP('',(#6352,#6354,#6355,#6357));
#6359=FACE_OUTER_BOUND('',#6358,.F.);
#6360=ADVANCED_FACE('',(#6359),#6350,.T.);
#6361=CARTESIAN_POINT('',(2.58318E1,2.39E0,3.84165E1));
#6362=DIRECTION('',(0.E0,1.E0,0.E0));
#6363=DIRECTION('',(1.E0,0.E0,0.E0));
#6364=AXIS2_PLACEMENT_3D('',#6361,#6362,#6363);
#6365=PLANE('',#6364);
#6366=ORIENTED_EDGE('',*,*,#6351,.F.);
#6368=ORIENTED_EDGE('',*,*,#6367,.F.);
#6369=EDGE_LOOP('',(#6366,#6368));
#6370=FACE_OUTER_BOUND('',#6369,.F.);
#6371=ADVANCED_FACE('',(#6370),#6365,.T.);
#6372=CARTESIAN_POINT('',(2.185386815638E1,2.194542763378E0,4.083858237459E1));
#6373=CARTESIAN_POINT('',(2.185040946042E1,2.315764604738E0,4.083816987883E1));
#6374=CARTESIAN_POINT('',(2.193777021999E1,2.399229633020E0,4.084858881806E1));
#6375=CARTESIAN_POINT('',(2.205779016773E1,2.389371156918E0,4.086290280236E1));
#6376=CARTESIAN_POINT('',(2.182950650167E1,2.194542763378E0,4.104285006564E1));
#6377=CARTESIAN_POINT('',(2.182578278176E1,2.315764604738E0,4.104465974376E1));
#6378=CARTESIAN_POINT('',(2.191983759448E1,2.399229633020E0,4.099895036176E1));
#6379=CARTESIAN_POINT('',(2.204905411872E1,2.389371156918E0,4.093615285788E1));
#6380=CARTESIAN_POINT('',(2.196608471193E1,2.194542763378E0,4.119668495216E1));
#6381=CARTESIAN_POINT('',(2.196384679004E1,2.315764604738E0,4.120016815908E1));
#6382=CARTESIAN_POINT('',(2.202037287945E1,2.399229633020E0,4.111218829427E1));
#6383=CARTESIAN_POINT('',(2.209803083860E1,2.389371156918E0,4.099131779326E1));
#6384=CARTESIAN_POINT('',(2.217180000020E1,2.194542763378E0,4.119668495203E1));
#6385=CARTESIAN_POINT('',(2.217180000021E1,2.315764604738E0,4.120016815895E1));
#6386=CARTESIAN_POINT('',(2.217180000015E1,2.399229633020E0,4.111218829417E1));
#6387=CARTESIAN_POINT('',(2.217180000007E1,2.389371156918E0,4.099131779321E1));
#6388=CARTESIAN_POINT('',(2.237751528847E1,2.194542763378E0,4.119668495190E1));
#6389=CARTESIAN_POINT('',(2.237975321037E1,2.315764604738E0,4.120016815882E1));
#6390=CARTESIAN_POINT('',(2.232322712085E1,2.399229633020E0,4.111218829407E1));
#6391=CARTESIAN_POINT('',(2.224556916155E1,2.389371156918E0,4.099131779317E1));
#6392=CARTESIAN_POINT('',(2.251409349854E1,2.194542763378E0,4.104285006521E1));
#6393=CARTESIAN_POINT('',(2.251781721845E1,2.315764604738E0,4.104465974332E1));
#6394=CARTESIAN_POINT('',(2.242376240568E1,2.399229633020E0,4.099895036144E1));
#6395=CARTESIAN_POINT('',(2.229454588135E1,2.389371156918E0,4.093615285772E1));
#6396=CARTESIAN_POINT('',(2.248973184358E1,2.194542763378E0,4.083858237419E1));
#6397=CARTESIAN_POINT('',(2.249319053953E1,2.315764604738E0,4.083816987842E1));
#6398=CARTESIAN_POINT('',(2.240582977997E1,2.399229633020E0,4.084858881776E1));
#6399=CARTESIAN_POINT('',(2.228580983225E1,2.389371156918E0,4.086290280222E1));
#6400=(BOUNDED_SURFACE()B_SPLINE_SURFACE(3,3,((#6372,#6373,#6374,#6375),(#6376,
#6377,#6378,#6379),(#6380,#6381,#6382,#6383),(#6384,#6385,#6386,#6387),(#6388,
#6389,#6390,#6391),(#6392,#6393,#6394,#6395),(#6396,#6397,#6398,#6399)),
.UNSPECIFIED.,.F.,.F.,.F.)B_SPLINE_SURFACE_WITH_KNOTS((4,3,4),(4,4),(0.E0,1.E0,
2.E0),(0.E0,1.E0),.UNSPECIFIED.)GEOMETRIC_REPRESENTATION_ITEM()RATIONAL_B_SPLINE_SURFACE(((1.441980905426E0,1.121982180643E0,1.121982180643E0,1.441980905426E0),(
1.118898949688E0,8.705973003980E-1,8.705973003980E-1,1.118898949688E0),(
1.118898949688E0,8.705973003980E-1,8.705973003980E-1,1.118898949688E0),(
1.441980905426E0,1.121982180643E0,1.121982180643E0,1.441980905426E0),(
1.118898949688E0,8.705973003980E-1,8.705973003980E-1,1.118898949688E0),(
1.118898949688E0,8.705973003980E-1,8.705973003980E-1,1.118898949688E0),(
1.441980905426E0,1.121982180643E0,1.121982180643E0,1.441980905426E0)))REPRESENTATION_ITEM('')SURFACE());
#6401=ORIENTED_EDGE('',*,*,#6367,.T.);
#6402=ORIENTED_EDGE('',*,*,#6356,.T.);
#6403=ORIENTED_EDGE('',*,*,#5904,.F.);
#6404=ORIENTED_EDGE('',*,*,#6353,.F.);
#6405=EDGE_LOOP('',(#6401,#6402,#6403,#6404));
#6406=FACE_OUTER_BOUND('',#6405,.F.);
#6407=ADVANCED_FACE('',(#6406),#6400,.T.);
#6408=CARTESIAN_POINT('',(2.09848E1,1.3E-1,4.15592E1));
#6409=DIRECTION('',(-1.E0,0.E0,0.E0));
#6410=DIRECTION('',(0.E0,0.E0,-1.E0));
#6411=AXIS2_PLACEMENT_3D('',#6408,#6409,#6410);
#6412=PLANE('',#6411);
#6413=ORIENTED_EDGE('',*,*,#5535,.F.);
#6415=ORIENTED_EDGE('',*,*,#6414,.T.);
#6416=ORIENTED_EDGE('',*,*,#5328,.T.);
#6417=ORIENTED_EDGE('',*,*,#5724,.F.);
#6418=EDGE_LOOP('',(#6413,#6415,#6416,#6417));
#6419=FACE_OUTER_BOUND('',#6418,.F.);
#6420=ADVANCED_FACE('',(#6419),#6412,.F.);
#6421=CARTESIAN_POINT('',(2.14848E1,1.3E-1,4.15592E1));
#6422=DIRECTION('',(0.E0,-1.E0,0.E0));
#6423=DIRECTION('',(-1.E0,0.E0,0.E0));
#6424=AXIS2_PLACEMENT_3D('',#6421,#6422,#6423);
#6425=CYLINDRICAL_SURFACE('',#6424,5.E-1);
#6426=ORIENTED_EDGE('',*,*,#5533,.F.);
#6428=ORIENTED_EDGE('',*,*,#6427,.T.);
#6429=ORIENTED_EDGE('',*,*,#5330,.T.);
#6430=ORIENTED_EDGE('',*,*,#6414,.F.);
#6431=EDGE_LOOP('',(#6426,#6428,#6429,#6430));
#6432=FACE_OUTER_BOUND('',#6431,.F.);
#6433=ADVANCED_FACE('',(#6432),#6425,.F.);
#6434=CARTESIAN_POINT('',(3.01848E1,1.3E-1,4.20592E1));
#6435=DIRECTION('',(0.E0,0.E0,1.E0));
#6436=DIRECTION('',(-1.E0,0.E0,0.E0));
#6437=AXIS2_PLACEMENT_3D('',#6434,#6435,#6436);
#6438=PLANE('',#6437);
#6439=ORIENTED_EDGE('',*,*,#5531,.F.);
#6441=ORIENTED_EDGE('',*,*,#6440,.T.);
#6442=ORIENTED_EDGE('',*,*,#5332,.T.);
#6443=ORIENTED_EDGE('',*,*,#6427,.F.);
#6444=EDGE_LOOP('',(#6439,#6441,#6442,#6443));
#6445=FACE_OUTER_BOUND('',#6444,.F.);
#6446=ADVANCED_FACE('',(#6445),#6438,.F.);
#6447=CARTESIAN_POINT('',(3.01848E1,1.3E-1,4.15592E1));
#6448=DIRECTION('',(0.E0,-1.E0,0.E0));
#6449=DIRECTION('',(-1.E0,0.E0,0.E0));
#6450=AXIS2_PLACEMENT_3D('',#6447,#6448,#6449);
#6451=CYLINDRICAL_SURFACE('',#6450,5.E-1);
#6452=ORIENTED_EDGE('',*,*,#5529,.F.);
#6453=ORIENTED_EDGE('',*,*,#5513,.T.);
#6454=ORIENTED_EDGE('',*,*,#5334,.T.);
#6455=ORIENTED_EDGE('',*,*,#6440,.F.);
#6456=EDGE_LOOP('',(#6452,#6453,#6454,#6455));
#6457=FACE_OUTER_BOUND('',#6456,.F.);
#6458=ADVANCED_FACE('',(#6457),#6451,.F.);
#6459=CARTESIAN_POINT('',(2.58348E1,-2.77E0,3.78192E1));
#6460=DIRECTION('',(0.E0,1.E0,0.E0));
#6461=DIRECTION('',(-1.E0,0.E0,0.E0));
#6462=AXIS2_PLACEMENT_3D('',#6459,#6460,#6461);
#6463=PLANE('',#6462);
#6464=ORIENTED_EDGE('',*,*,#5152,.T.);
#6465=ORIENTED_EDGE('',*,*,#5137,.T.);
#6466=ORIENTED_EDGE('',*,*,#5108,.T.);
#6467=ORIENTED_EDGE('',*,*,#5013,.T.);
#6468=ORIENTED_EDGE('',*,*,#5181,.T.);
#6469=ORIENTED_EDGE('',*,*,#5167,.T.);
#6470=EDGE_LOOP('',(#6464,#6465,#6466,#6467,#6468,#6469));
#6471=FACE_OUTER_BOUND('',#6470,.F.);
#6473=ORIENTED_EDGE('',*,*,#6472,.T.);
#6475=ORIENTED_EDGE('',*,*,#6474,.T.);
#6476=EDGE_LOOP('',(#6473,#6475));
#6477=FACE_BOUND('',#6476,.F.);
#6478=ADVANCED_FACE('',(#6471,#6477),#6463,.F.);
#6479=CARTESIAN_POINT('',(2.58348E1,-2.77E0,3.78192E1));
#6480=DIRECTION('',(0.E0,-1.E0,0.E0));
#6481=DIRECTION('',(-1.E0,0.E0,0.E0));
#6482=AXIS2_PLACEMENT_3D('',#6479,#6480,#6481);
#6483=CYLINDRICAL_SURFACE('',#6482,5.334E0);
#6484=ORIENTED_EDGE('',*,*,#6472,.F.);
#6486=ORIENTED_EDGE('',*,*,#6485,.T.);
#6488=ORIENTED_EDGE('',*,*,#6487,.T.);
#6490=ORIENTED_EDGE('',*,*,#6489,.F.);
#6491=EDGE_LOOP('',(#6484,#6486,#6488,#6490));
#6492=FACE_OUTER_BOUND('',#6491,.F.);
#6493=ADVANCED_FACE('',(#6492),#6483,.F.);
#6494=CARTESIAN_POINT('',(2.58348E1,-2.77E0,3.78192E1));
#6495=DIRECTION('',(0.E0,-1.E0,0.E0));
#6496=DIRECTION('',(-1.E0,0.E0,0.E0));
#6497=AXIS2_PLACEMENT_3D('',#6494,#6495,#6496);
#6498=CYLINDRICAL_SURFACE('',#6497,5.334E0);
#6499=ORIENTED_EDGE('',*,*,#6474,.F.);
#6500=ORIENTED_EDGE('',*,*,#6489,.T.);
#6502=ORIENTED_EDGE('',*,*,#6501,.T.);
#6503=ORIENTED_EDGE('',*,*,#6485,.F.);
#6504=EDGE_LOOP('',(#6499,#6500,#6502,#6503));
#6505=FACE_OUTER_BOUND('',#6504,.F.);
#6506=ADVANCED_FACE('',(#6505),#6498,.F.);
#6507=CARTESIAN_POINT('',(2.58348E1,-2.46E0,3.78192E1));
#6508=DIRECTION('',(0.E0,-1.E0,0.E0));
#6509=DIRECTION('',(-1.E0,0.E0,0.E0));
#6510=AXIS2_PLACEMENT_3D('',#6507,#6508,#6509);
#6511=PLANE('',#6510);
#6512=ORIENTED_EDGE('',*,*,#6487,.F.);
#6513=ORIENTED_EDGE('',*,*,#6501,.F.);
#6514=EDGE_LOOP('',(#6512,#6513));
#6515=FACE_OUTER_BOUND('',#6514,.F.);
#6517=ORIENTED_EDGE('',*,*,#6516,.F.);
#6519=ORIENTED_EDGE('',*,*,#6518,.F.);
#6520=EDGE_LOOP('',(#6517,#6519));
#6521=FACE_BOUND('',#6520,.F.);
#6522=ADVANCED_FACE('',(#6515,#6521),#6511,.T.);
#6523=CARTESIAN_POINT('',(2.58348E1,-1.12E0,3.78192E1));
#6524=DIRECTION('',(0.E0,1.E0,0.E0));
#6525=DIRECTION('',(1.E0,0.E0,0.E0));
#6526=AXIS2_PLACEMENT_3D('',#6523,#6524,#6525);
#6527=CYLINDRICAL_SURFACE('',#6526,5.08E-1);
#6529=ORIENTED_EDGE('',*,*,#6528,.F.);
#6531=ORIENTED_EDGE('',*,*,#6530,.T.);
#6532=ORIENTED_EDGE('',*,*,#6516,.T.);
#6534=ORIENTED_EDGE('',*,*,#6533,.F.);
#6535=EDGE_LOOP('',(#6529,#6531,#6532,#6534));
#6536=FACE_OUTER_BOUND('',#6535,.F.);
#6537=ADVANCED_FACE('',(#6536),#6527,.F.);
#6538=CARTESIAN_POINT('',(2.58348E1,-2.4424E0,3.78192E1));
#6539=DIRECTION('',(0.E0,1.E0,0.E0));
#6540=DIRECTION('',(1.E0,0.E0,0.E0));
#6541=AXIS2_PLACEMENT_3D('',#6538,#6539,#6540);
#6542=PLANE('',#6541);
#6543=ORIENTED_EDGE('',*,*,#6528,.T.);
#6545=ORIENTED_EDGE('',*,*,#6544,.T.);
#6546=EDGE_LOOP('',(#6543,#6545));
#6547=FACE_OUTER_BOUND('',#6546,.F.);
#6548=ADVANCED_FACE('',(#6547),#6542,.F.);
#6549=CARTESIAN_POINT('',(2.58348E1,-1.12E0,3.78192E1));
#6550=DIRECTION('',(0.E0,1.E0,0.E0));
#6551=DIRECTION('',(1.E0,0.E0,0.E0));
#6552=AXIS2_PLACEMENT_3D('',#6549,#6550,#6551);
#6553=CYLINDRICAL_SURFACE('',#6552,5.08E-1);
#6554=ORIENTED_EDGE('',*,*,#6544,.F.);
#6555=ORIENTED_EDGE('',*,*,#6533,.T.);
#6556=ORIENTED_EDGE('',*,*,#6518,.T.);
#6557=ORIENTED_EDGE('',*,*,#6530,.F.);
#6558=EDGE_LOOP('',(#6554,#6555,#6556,#6557));
#6559=FACE_OUTER_BOUND('',#6558,.F.);
#6560=ADVANCED_FACE('',(#6559),#6553,.F.);
#6561=CARTESIAN_POINT('',(2.0704E1,1.3E-1,4.41692E1));
#6562=DIRECTION('',(-1.E0,0.E0,0.E0));
#6563=DIRECTION('',(0.E0,0.E0,-1.E0));
#6564=AXIS2_PLACEMENT_3D('',#6561,#6562,#6563);
#6565=PLANE('',#6564);
#6566=ORIENTED_EDGE('',*,*,#3177,.F.);
#6568=ORIENTED_EDGE('',*,*,#6567,.F.);
#6569=ORIENTED_EDGE('',*,*,#5125,.F.);
#6570=ORIENTED_EDGE('',*,*,#3910,.T.);
#6571=EDGE_LOOP('',(#6566,#6568,#6569,#6570));
#6572=FACE_OUTER_BOUND('',#6571,.F.);
#6573=ADVANCED_FACE('',(#6572),#6565,.F.);
#6574=CARTESIAN_POINT('',(2.58348E1,1.3E-1,3.78192E1));
#6575=DIRECTION('',(0.E0,1.E0,0.E0));
#6576=DIRECTION('',(-1.E0,0.E0,0.E0));
#6577=AXIS2_PLACEMENT_3D('',#6574,#6575,#6576);
#6578=PLANE('',#6577);
#6579=ORIENTED_EDGE('',*,*,#3175,.T.);
#6581=ORIENTED_EDGE('',*,*,#6580,.T.);
#6582=ORIENTED_EDGE('',*,*,#5127,.F.);
#6583=ORIENTED_EDGE('',*,*,#6567,.T.);
#6584=EDGE_LOOP('',(#6579,#6581,#6582,#6583));
#6585=FACE_OUTER_BOUND('',#6584,.F.);
#6586=ADVANCED_FACE('',(#6585),#6578,.T.);
#6587=CARTESIAN_POINT('',(2.08348E1,1.3E-1,3.4441E1));
#6588=DIRECTION('',(-1.E0,0.E0,0.E0));
#6589=DIRECTION('',(0.E0,0.E0,1.E0));
#6590=AXIS2_PLACEMENT_3D('',#6587,#6588,#6589);
#6591=PLANE('',#6590);
#6592=ORIENTED_EDGE('',*,*,#3173,.F.);
#6594=ORIENTED_EDGE('',*,*,#6593,.T.);
#6595=ORIENTED_EDGE('',*,*,#5129,.T.);
#6596=ORIENTED_EDGE('',*,*,#6580,.F.);
#6597=EDGE_LOOP('',(#6592,#6594,#6595,#6596));
#6598=FACE_OUTER_BOUND('',#6597,.F.);
#6599=ADVANCED_FACE('',(#6598),#6591,.F.);
#6600=CARTESIAN_POINT('',(2.58348E1,-1.12E0,3.78192E1));
#6601=DIRECTION('',(0.E0,1.E0,0.E0));
#6602=DIRECTION('',(1.E0,0.E0,0.E0));
#6603=AXIS2_PLACEMENT_3D('',#6600,#6601,#6602);
#6604=PLANE('',#6603);
#6605=ORIENTED_EDGE('',*,*,#3171,.T.);
#6607=ORIENTED_EDGE('',*,*,#6606,.F.);
#6608=ORIENTED_EDGE('',*,*,#5131,.F.);
#6609=ORIENTED_EDGE('',*,*,#6593,.F.);
#6610=EDGE_LOOP('',(#6605,#6607,#6608,#6609));
#6611=FACE_OUTER_BOUND('',#6610,.F.);
#6612=ADVANCED_FACE('',(#6611),#6604,.T.);
#6613=CARTESIAN_POINT('',(2.15748E1,-1.12E0,4.26192E1));
#6614=DIRECTION('',(-1.E0,0.E0,0.E0));
#6615=DIRECTION('',(0.E0,0.E0,1.E0));
#6616=AXIS2_PLACEMENT_3D('',#6613,#6614,#6615);
#6617=PLANE('',#6616);
#6618=ORIENTED_EDGE('',*,*,#3169,.F.);
#6619=ORIENTED_EDGE('',*,*,#5092,.T.);
#6620=ORIENTED_EDGE('',*,*,#5133,.T.);
#6621=ORIENTED_EDGE('',*,*,#6606,.T.);
#6622=EDGE_LOOP('',(#6618,#6619,#6620,#6621));
#6623=FACE_OUTER_BOUND('',#6622,.F.);
#6624=ADVANCED_FACE('',(#6623),#6617,.F.);
#6625=CLOSED_SHELL('',(#3144,#3201,#3215,#3293,#3327,#3342,#3371,#3386,#3399,
#3413,#3430,#3445,#3472,#3484,#3497,#3521,#3536,#3547,#3560,#3573,#3585,#3600,
#3628,#3657,#3671,#3685,#3699,#3713,#3745,#3762,#3808,#3822,#3836,#3849,#3862,
#3875,#3888,#3900,#3922,#3977,#3992,#4008,#4037,#4053,#4066,#4081,#4098,#4125,
#4139,#4166,#4180,#4207,#4220,#4242,#4260,#4275,#4302,#4316,#4328,#4343,#4356,
#4372,#4401,#4417,#4430,#4445,#4460,#4473,#4485,#4514,#4527,#4540,#4553,#4566,
#4579,#4592,#4605,#4618,#4630,#4643,#4656,#4669,#4682,#4694,#4707,#4719,#4733,
#4761,#4773,#4787,#4800,#4813,#4826,#4854,#4867,#4880,#4893,#4906,#4919,#4933,
#4946,#4959,#4971,#4983,#4997,#5027,#5040,#5053,#5066,#5079,#5098,#5112,#5141,
#5156,#5171,#5185,#5214,#5226,#5241,#5255,#5269,#5283,#5297,#5310,#5342,#5357,
#5376,#5395,#5483,#5503,#5517,#5551,#5568,#5582,#5596,#5610,#5626,#5710,#5729,
#5816,#5846,#5859,#5873,#5908,#5922,#5947,#5960,#5985,#5998,#6011,#6025,#6040,
#6069,#6080,#6093,#6175,#6203,#6216,#6245,#6259,#6271,#6283,#6298,#6309,#6321,
#6360,#6371,#6407,#6420,#6433,#6446,#6458,#6478,#6493,#6506,#6522,#6537,#6548,
#6560,#6573,#6586,#6599,#6612,#6624));
#6626=MANIFOLD_SOLID_BREP('',#6625);
#6627=(LENGTH_UNIT()NAMED_UNIT(*)SI_UNIT(.MILLI.,.METRE.));
#6628=DIMENSIONAL_EXPONENTS(0.E0,0.E0,0.E0,0.E0,0.E0,0.E0,0.E0);
#6629=(NAMED_UNIT(*)PLANE_ANGLE_UNIT()SI_UNIT($,.RADIAN.));
#6630=PLANE_ANGLE_MEASURE_WITH_UNIT(PLANE_ANGLE_MEASURE(1.745329251994E-2),
#6629);
#6631=(CONVERSION_BASED_UNIT('DEGREE',#6630)NAMED_UNIT(#6628)PLANE_ANGLE_UNIT(
));
#6632=(NAMED_UNIT(*)SI_UNIT($,.STERADIAN.)SOLID_ANGLE_UNIT());
#6633=UNCERTAINTY_MEASURE_WITH_UNIT(LENGTH_MEASURE(1.288499275747E-3),#6627,
'closure',
'Maximum model space distance between geometric entities at asserted connectivities');
#6634=(GEOMETRIC_REPRESENTATION_CONTEXT(3)GLOBAL_UNCERTAINTY_ASSIGNED_CONTEXT((
#6633))GLOBAL_UNIT_ASSIGNED_CONTEXT((#6627,#6631,#6632))REPRESENTATION_CONTEXT(
'ID1','3'));
#6636=APPLICATION_CONTEXT(
'CONFIGURATION CONTROLLED 3D DESIGNS OF MECHANICAL PARTS AND ASSEMBLIES');
#6637=APPLICATION_PROTOCOL_DEFINITION('international standard',
'config_control_design',1994,#6636);
#6638=DESIGN_CONTEXT('',#6636,'design');
#6639=MECHANICAL_CONTEXT('',#6636,'mechanical');
#6640=PRODUCT('50041933-001_SW0001','50041933-001_SW0001','NOT SPECIFIED',
(#6639));
#6641=PRODUCT_DEFINITION_FORMATION_WITH_SPECIFIED_SOURCE('','LAST_VERSION',
#6640,.MADE.);
#6645=PRODUCT_CATEGORY('part','');
#6646=PRODUCT_RELATED_PRODUCT_CATEGORY('detail','',(#6640));
#6647=PRODUCT_CATEGORY_RELATIONSHIP('','',#6645,#6646);
#6648=SECURITY_CLASSIFICATION_LEVEL('unclassified');
#6649=SECURITY_CLASSIFICATION('','',#6648);
#6650=CC_DESIGN_SECURITY_CLASSIFICATION(#6649,(#6641));
#6651=APPROVAL_STATUS('approved');
#6652=APPROVAL(#6651,'');
#6653=CC_DESIGN_APPROVAL(#6652,(#6649,#6641,#6642));
#6654=CALENDAR_DATE(110,24,2);
#6655=COORDINATED_UNIVERSAL_TIME_OFFSET(5,30,.AHEAD.);
#6656=LOCAL_TIME(15,28,4.2E1,#6655);
#6657=DATE_AND_TIME(#6654,#6656);
#6658=APPROVAL_DATE_TIME(#6657,#6652);
#6659=DATE_TIME_ROLE('creation_date');
#6660=CC_DESIGN_DATE_AND_TIME_ASSIGNMENT(#6657,#6659,(#6642));
#6661=DATE_TIME_ROLE('classification_date');
#6662=CC_DESIGN_DATE_AND_TIME_ASSIGNMENT(#6657,#6661,(#6649));
#6663=PERSON('UNSPECIFIED','UNSPECIFIED',$,$,$,$);
#6664=ORGANIZATION('UNSPECIFIED','UNSPECIFIED','UNSPECIFIED');
#6665=PERSON_AND_ORGANIZATION(#6663,#6664);
#6666=APPROVAL_ROLE('approver');
#6667=APPROVAL_PERSON_ORGANIZATION(#6665,#6652,#6666);
#6668=PERSON_AND_ORGANIZATION_ROLE('creator');
#6669=CC_DESIGN_PERSON_AND_ORGANIZATION_ASSIGNMENT(#6665,#6668,(#6641,#6642));
#6670=PERSON_AND_ORGANIZATION_ROLE('design_supplier');
#6671=CC_DESIGN_PERSON_AND_ORGANIZATION_ASSIGNMENT(#6665,#6670,(#6641));
#6672=PERSON_AND_ORGANIZATION_ROLE('classification_officer');
#6673=CC_DESIGN_PERSON_AND_ORGANIZATION_ASSIGNMENT(#6665,#6672,(#6649));
#6674=PERSON_AND_ORGANIZATION_ROLE('design_owner');
#6675=CC_DESIGN_PERSON_AND_ORGANIZATION_ASSIGNMENT(#6665,#6674,(#6640));
#5=CIRCLE('',#4,2.875E0);
#158=CIRCLE('',#157,2.875E0);
#167=CIRCLE('',#166,2.875E0);
#208=CIRCLE('',#207,2.875E0);
#233=CIRCLE('',#232,2.54E-1);
#238=CIRCLE('',#237,2.54E-1);
#255=CIRCLE('',#254,3.048E-1);
#264=CIRCLE('',#263,2.54E-1);
#277=CIRCLE('',#276,5.588E-1);
#286=CIRCLE('',#285,1.27E-1);
#291=CIRCLE('',#290,2.875E0);
#316=CIRCLE('',#315,5.588E-1);
#329=CIRCLE('',#328,2.54E-1);
#338=CIRCLE('',#337,3.048E-1);
#343=B_SPLINE_CURVE_WITH_KNOTS('',3,(#339,#340,#341,#342),.UNSPECIFIED.,.F.,.F.,
(4,4),(0.E0,1.E0),.UNSPECIFIED.);
#353=B_SPLINE_CURVE_WITH_KNOTS('',3,(#348,#349,#350,#351,#352),.UNSPECIFIED.,
.F.,.F.,(4,1,4),(0.E0,5.E-1,1.E0),.UNSPECIFIED.);
#370=CIRCLE('',#369,2.54E-1);
#375=CIRCLE('',#374,2.54E-1);
#380=CIRCLE('',#379,2.875E0);
#405=CIRCLE('',#404,3.048E-1);
#414=CIRCLE('',#413,2.54E-1);
#427=CIRCLE('',#426,5.588E-1);
#456=CIRCLE('',#455,2.54E-1);
#461=CIRCLE('',#460,2.54E-1);
#514=CIRCLE('',#513,2.875E0);
#563=CIRCLE('',#562,2.875E0);
#572=CIRCLE('',#571,2.875E0);
#593=CIRCLE('',#592,2.875E0);
#618=CIRCLE('',#617,2.875E0);
#627=CIRCLE('',#626,2.875E0);
#668=CIRCLE('',#667,2.875E0);
#693=CIRCLE('',#692,2.54E-1);
#698=CIRCLE('',#697,2.54E-1);
#707=CIRCLE('',#706,3.048E-1);
#716=CIRCLE('',#715,2.54E-1);
#729=CIRCLE('',#728,5.588E-1);
#738=CIRCLE('',#737,2.875E0);
#767=CIRCLE('',#766,5.588E-1);
#780=CIRCLE('',#779,2.54E-1);
#789=CIRCLE('',#788,3.048E-1);
#806=CIRCLE('',#805,3.048E-1);
#815=CIRCLE('',#814,2.54E-1);
#828=CIRCLE('',#827,5.588E-1);
#861=CIRCLE('',#860,5.588E-1);
#874=CIRCLE('',#873,2.54E-1);
#883=CIRCLE('',#882,3.048E-1);
#888=CIRCLE('',#887,2.54E-1);
#893=CIRCLE('',#892,2.54E-1);
#1070=CIRCLE('',#1069,2.54E-1);
#1075=CIRCLE('',#1074,2.54E-1);
#1156=CIRCLE('',#1155,2.54E-1);
#1161=CIRCLE('',#1160,2.54E-1);
#1206=CIRCLE('',#1205,1.27E-1);
#1215=CIRCLE('',#1214,5.588E-1);
#1228=CIRCLE('',#1227,2.54E-1);
#1237=CIRCLE('',#1236,3.048E-1);
#1243=B_SPLINE_CURVE_WITH_KNOTS('',3,(#1238,#1239,#1240,#1241,#1242),
.UNSPECIFIED.,.F.,.F.,(4,1,4),(0.E0,5.E-1,1.E0),.UNSPECIFIED.);
#1252=B_SPLINE_CURVE_WITH_KNOTS('',3,(#1248,#1249,#1250,#1251),.UNSPECIFIED.,
.F.,.F.,(4,4),(0.E0,1.E0),.UNSPECIFIED.);
#1269=CIRCLE('',#1268,2.54E-1);
#1274=CIRCLE('',#1273,2.54E-1);
#1347=CIRCLE('',#1346,2.875E0);
#1368=CIRCLE('',#1367,2.875E0);
#1401=CIRCLE('',#1400,3.175E0);
#1414=CIRCLE('',#1413,3.175E0);
#1423=CIRCLE('',#1422,3.175E0);
#1432=CIRCLE('',#1431,2.875E0);
#1441=CIRCLE('',#1440,3.175E0);
#1454=CIRCLE('',#1453,2.875E0);
#1471=CIRCLE('',#1470,2.875E0);
#1484=CIRCLE('',#1483,2.875E0);
#1505=CIRCLE('',#1504,3.175E0);
#1518=CIRCLE('',#1517,3.175E0);
#1527=CIRCLE('',#1526,3.175E0);
#1548=CIRCLE('',#1547,3.175E0);
#1557=CIRCLE('',#1556,3.175E0);
#1566=CIRCLE('',#1565,6.35E0);
#1571=CIRCLE('',#1570,2.575E0);
#1580=CIRCLE('',#1579,5.75E0);
#1589=CIRCLE('',#1588,2.575E0);
#1630=CIRCLE('',#1629,2.575E0);
#1639=CIRCLE('',#1638,2.575E0);
#1648=CIRCLE('',#1647,5.75E0);
#1657=CIRCLE('',#1656,5.59E0);
#1662=CIRCLE('',#1661,5.59E0);
#1675=CIRCLE('',#1674,5.59E0);
#1680=CIRCLE('',#1679,5.59E0);
#1692=B_SPLINE_CURVE_WITH_KNOTS('',3,(#1685,#1686,#1687,#1688,#1689,#1690,
#1691),.UNSPECIFIED.,.F.,.F.,(4,1,1,1,4),(0.E0,2.5E-1,5.E-1,7.5E-1,1.E0),
.UNSPECIFIED.);
#1699=B_SPLINE_CURVE_WITH_KNOTS('',3,(#1693,#1694,#1695,#1696,#1697,#1698),
.UNSPECIFIED.,.F.,.F.,(4,1,1,4),(0.E0,3.333333333333E-1,6.666666666667E-1,1.E0),
.UNSPECIFIED.);
#1710=B_SPLINE_CURVE_WITH_KNOTS('',3,(#1704,#1705,#1706,#1707,#1708,#1709),
.UNSPECIFIED.,.F.,.F.,(4,1,1,4),(0.E0,3.333333333333E-1,6.666666666667E-1,1.E0),
.UNSPECIFIED.);
#1718=B_SPLINE_CURVE_WITH_KNOTS('',3,(#1711,#1712,#1713,#1714,#1715,#1716,
#1717),.UNSPECIFIED.,.F.,.F.,(4,1,1,1,4),(0.E0,2.5E-1,5.E-1,7.5E-1,1.E0),
.UNSPECIFIED.);
#1727=B_SPLINE_CURVE_WITH_KNOTS('',3,(#1719,#1720,#1721,#1722,#1723,#1724,#1725,
#1726),.UNSPECIFIED.,.F.,.F.,(4,1,1,1,1,4),(0.E0,2.E-1,4.E-1,6.E-1,8.E-1,1.E0),
.UNSPECIFIED.);
#1739=B_SPLINE_CURVE_WITH_KNOTS('',3,(#1728,#1729,#1730,#1731,#1732,#1733,#1734,
#1735,#1736,#1737,#1738),.UNSPECIFIED.,.F.,.F.,(4,1,1,1,1,1,1,1,4),(0.E0,
1.25E-1,2.5E-1,3.75E-1,5.E-1,6.25E-1,7.5E-1,8.75E-1,1.E0),.UNSPECIFIED.);
#1744=CIRCLE('',#1743,3.999993878774E-1);
#1765=CIRCLE('',#1764,5.59E0);
#1770=CIRCLE('',#1769,5.59E0);
#1789=B_SPLINE_CURVE_WITH_KNOTS('',3,(#1783,#1784,#1785,#1786,#1787,#1788),
.UNSPECIFIED.,.F.,.F.,(4,1,1,4),(0.E0,3.333333333333E-1,6.666666666667E-1,1.E0),
.UNSPECIFIED.);
#1797=B_SPLINE_CURVE_WITH_KNOTS('',3,(#1790,#1791,#1792,#1793,#1794,#1795,
#1796),.UNSPECIFIED.,.F.,.F.,(4,1,1,1,4),(0.E0,2.5E-1,5.E-1,7.5E-1,1.E0),
.UNSPECIFIED.);
#1802=CIRCLE('',#1801,4.997022960069E-1);
#1807=CIRCLE('',#1806,4.944357132038E-1);
#1828=CIRCLE('',#1827,4.997022960069E-1);
#1833=CIRCLE('',#1832,4.944357132038E-1);
#1845=B_SPLINE_CURVE_WITH_KNOTS('',3,(#1838,#1839,#1840,#1841,#1842,#1843,
#1844),.UNSPECIFIED.,.F.,.F.,(4,1,1,1,4),(0.E0,2.5E-1,5.E-1,7.5E-1,1.E0),
.UNSPECIFIED.);
#1852=B_SPLINE_CURVE_WITH_KNOTS('',3,(#1846,#1847,#1848,#1849,#1850,#1851),
.UNSPECIFIED.,.F.,.F.,(4,1,1,4),(0.E0,3.333333333333E-1,6.666666666667E-1,1.E0),
.UNSPECIFIED.);
#1868=B_SPLINE_CURVE_WITH_KNOTS('',3,(#1861,#1862,#1863,#1864,#1865,#1866,
#1867),.UNSPECIFIED.,.F.,.F.,(4,1,1,1,4),(0.E0,2.5E-1,5.E-1,7.5E-1,1.E0),
.UNSPECIFIED.);
#1880=B_SPLINE_CURVE_WITH_KNOTS('',3,(#1869,#1870,#1871,#1872,#1873,#1874,#1875,
#1876,#1877,#1878,#1879),.UNSPECIFIED.,.F.,.F.,(4,1,1,1,1,1,1,1,4),(0.E0,
1.25E-1,2.5E-1,3.75E-1,5.E-1,6.25E-1,7.5E-1,8.75E-1,1.E0),.UNSPECIFIED.);
#1885=CIRCLE('',#1884,3.999994040047E-1);
#1902=B_SPLINE_CURVE_WITH_KNOTS('',3,(#1894,#1895,#1896,#1897,#1898,#1899,#1900,
#1901),.UNSPECIFIED.,.F.,.F.,(4,1,1,1,1,4),(0.E0,2.E-1,4.E-1,6.E-1,8.E-1,1.E0),
.UNSPECIFIED.);
#1914=B_SPLINE_CURVE_WITH_KNOTS('',3,(#1903,#1904,#1905,#1906,#1907,#1908,#1909,
#1910,#1911,#1912,#1913),.UNSPECIFIED.,.F.,.F.,(4,1,1,1,1,1,1,1,4),(0.E0,
1.25E-1,2.5E-1,3.75E-1,5.E-1,6.25E-1,7.5E-1,8.75E-1,1.E0),.UNSPECIFIED.);
#1919=CIRCLE('',#1918,4.E-1);
#1924=CIRCLE('',#1923,4.E-1);
#1929=CIRCLE('',#1928,4.E-1);
#1934=CIRCLE('',#1933,4.E-1);
#1943=CIRCLE('',#1942,5.07E0);
#1952=CIRCLE('',#1951,5.07E0);
#1961=CIRCLE('',#1960,9.445094397815E-2);
#1970=CIRCLE('',#1969,9.445094397815E-2);
#1975=CIRCLE('',#1974,3.95E-1);
#1980=CIRCLE('',#1979,3.95E-1);
#1985=CIRCLE('',#1984,3.2E-1);
#1990=CIRCLE('',#1989,3.2E-1);
#1995=CIRCLE('',#1994,4.E-1);
#2000=CIRCLE('',#1999,4.E-1);
#2005=CIRCLE('',#2004,4.E-1);
#2010=CIRCLE('',#2009,4.E-1);
#2015=CIRCLE('',#2014,4.E-1);
#2020=CIRCLE('',#2019,4.E-1);
#2025=CIRCLE('',#2024,4.E-1);
#2030=CIRCLE('',#2029,5.47E0);
#2037=B_SPLINE_CURVE_WITH_KNOTS('',3,(#2031,#2032,#2033,#2034,#2035,#2036),
.UNSPECIFIED.,.F.,.F.,(4,1,1,4),(0.E0,3.333333333333E-1,6.666666666667E-1,1.E0),
.UNSPECIFIED.);
#2042=CIRCLE('',#2041,5.47E0);
#2049=B_SPLINE_CURVE_WITH_KNOTS('',3,(#2043,#2044,#2045,#2046,#2047,#2048),
.UNSPECIFIED.,.F.,.F.,(4,1,1,4),(0.E0,3.333333333333E-1,6.666666666667E-1,1.E0),
.UNSPECIFIED.);
#2054=CIRCLE('',#2053,4.E-1);
#2059=CIRCLE('',#2058,4.E-1);
#2064=CIRCLE('',#2063,4.E-1);
#2071=B_SPLINE_CURVE_WITH_KNOTS('',3,(#2065,#2066,#2067,#2068,#2069,#2070),
.UNSPECIFIED.,.F.,.F.,(4,1,1,4),(0.E0,3.333333333333E-1,6.666666666667E-1,1.E0),
.UNSPECIFIED.);
#2098=B_SPLINE_CURVE_WITH_KNOTS('',3,(#2072,#2073,#2074,#2075,#2076,#2077,#2078,
#2079,#2080,#2081,#2082,#2083,#2084,#2085,#2086,#2087,#2088,#2089,#2090,#2091,
#2092,#2093,#2094,#2095,#2096,#2097),.UNSPECIFIED.,.F.,.F.,(4,1,1,1,1,1,1,1,1,1,
1,1,1,1,1,1,1,1,1,1,1,1,1,4),(0.E0,4.347826086957E-2,8.695652173913E-2,
1.304347826087E-1,1.739130434783E-1,2.173913043478E-1,2.608695652174E-1,
3.043478260870E-1,3.478260869565E-1,3.913043478261E-1,4.347826086957E-1,
4.782608695652E-1,5.217391304348E-1,5.652173913043E-1,6.086956521739E-1,
6.521739130435E-1,6.956521739130E-1,7.391304347826E-1,7.826086956522E-1,
8.260869565217E-1,8.695652173913E-1,9.130434782609E-1,9.565217391304E-1,1.E0),
.UNSPECIFIED.);
#2125=B_SPLINE_CURVE_WITH_KNOTS('',3,(#2099,#2100,#2101,#2102,#2103,#2104,#2105,
#2106,#2107,#2108,#2109,#2110,#2111,#2112,#2113,#2114,#2115,#2116,#2117,#2118,
#2119,#2120,#2121,#2122,#2123,#2124),.UNSPECIFIED.,.F.,.F.,(4,1,1,1,1,1,1,1,1,1,
1,1,1,1,1,1,1,1,1,1,1,1,1,4),(0.E0,4.347826086957E-2,8.695652173913E-2,
1.304347826087E-1,1.739130434783E-1,2.173913043478E-1,2.608695652174E-1,
3.043478260870E-1,3.478260869565E-1,3.913043478261E-1,4.347826086957E-1,
4.782608695652E-1,5.217391304348E-1,5.652173913043E-1,6.086956521739E-1,
6.521739130435E-1,6.956521739130E-1,7.391304347826E-1,7.826086956522E-1,
8.260869565217E-1,8.695652173913E-1,9.130434782609E-1,9.565217391304E-1,1.E0),
.UNSPECIFIED.);
#2134=B_SPLINE_CURVE_WITH_KNOTS('',3,(#2126,#2127,#2128,#2129,#2130,#2131,#2132,
#2133),.UNSPECIFIED.,.F.,.F.,(4,1,1,1,1,4),(0.E0,2.E-1,4.E-1,6.E-1,8.E-1,1.E0),
.UNSPECIFIED.);
#2147=B_SPLINE_CURVE_WITH_KNOTS('',3,(#2135,#2136,#2137,#2138,#2139,#2140,#2141,
#2142,#2143,#2144,#2145,#2146),.UNSPECIFIED.,.F.,.F.,(4,1,1,1,1,1,1,1,1,4),
(0.E0,1.111111111111E-1,2.222222222222E-1,3.333333333333E-1,4.444444444444E-1,
5.555555555556E-1,6.666666666667E-1,7.777777777778E-1,8.888888888889E-1,1.E0),
.UNSPECIFIED.);
#2152=CIRCLE('',#2151,4.E-1);
#2157=CIRCLE('',#2156,4.E-1);
#2162=CIRCLE('',#2161,4.E-1);
#2167=CIRCLE('',#2166,4.E-1);
#2172=CIRCLE('',#2171,5.47E0);
#2179=B_SPLINE_CURVE_WITH_KNOTS('',3,(#2173,#2174,#2175,#2176,#2177,#2178),
.UNSPECIFIED.,.F.,.F.,(4,1,1,4),(0.E0,3.333333333333E-1,6.666666666667E-1,1.E0),
.UNSPECIFIED.);
#2184=CIRCLE('',#2183,5.47E0);
#2191=B_SPLINE_CURVE_WITH_KNOTS('',3,(#2185,#2186,#2187,#2188,#2189,#2190),
.UNSPECIFIED.,.F.,.F.,(4,1,1,4),(0.E0,3.333333333333E-1,6.666666666667E-1,1.E0),
.UNSPECIFIED.);
#2198=B_SPLINE_CURVE_WITH_KNOTS('',3,(#2192,#2193,#2194,#2195,#2196,#2197),
.UNSPECIFIED.,.F.,.F.,(4,1,1,4),(0.E0,3.333333333333E-1,6.666666666667E-1,1.E0),
.UNSPECIFIED.);
#2224=B_SPLINE_CURVE_WITH_KNOTS('',3,(#2199,#2200,#2201,#2202,#2203,#2204,#2205,
#2206,#2207,#2208,#2209,#2210,#2211,#2212,#2213,#2214,#2215,#2216,#2217,#2218,
#2219,#2220,#2221,#2222,#2223),.UNSPECIFIED.,.F.,.F.,(4,1,1,1,1,1,1,1,1,1,1,1,1,
1,1,1,1,1,1,1,1,1,4),(0.E0,4.545454545455E-2,9.090909090909E-2,
1.363636363636E-1,1.818181818182E-1,2.272727272727E-1,2.727272727273E-1,
3.181818181818E-1,3.636363636364E-1,4.090909090909E-1,4.545454545455E-1,5.E-1,
5.454545454545E-1,5.909090909091E-1,6.363636363636E-1,6.818181818182E-1,
7.272727272727E-1,7.727272727273E-1,8.181818181818E-1,8.636363636364E-1,
9.090909090909E-1,9.545454545455E-1,1.E0),.UNSPECIFIED.);
#2250=B_SPLINE_CURVE_WITH_KNOTS('',3,(#2225,#2226,#2227,#2228,#2229,#2230,#2231,
#2232,#2233,#2234,#2235,#2236,#2237,#2238,#2239,#2240,#2241,#2242,#2243,#2244,
#2245,#2246,#2247,#2248,#2249),.UNSPECIFIED.,.F.,.F.,(4,1,1,1,1,1,1,1,1,1,1,1,1,
1,1,1,1,1,1,1,1,1,4),(0.E0,4.545454545455E-2,9.090909090909E-2,
1.363636363636E-1,1.818181818182E-1,2.272727272727E-1,2.727272727273E-1,
3.181818181818E-1,3.636363636364E-1,4.090909090909E-1,4.545454545455E-1,5.E-1,
5.454545454545E-1,5.909090909091E-1,6.363636363636E-1,6.818181818182E-1,
7.272727272727E-1,7.727272727273E-1,8.181818181818E-1,8.636363636364E-1,
9.090909090909E-1,9.545454545455E-1,1.E0),.UNSPECIFIED.);
#2255=CIRCLE('',#2254,3.95E-1);
#2264=CIRCLE('',#2263,3.95E-1);
#2273=CIRCLE('',#2272,1.9E-1);
#2278=CIRCLE('',#2277,1.302633403899E-1);
#2283=CIRCLE('',#2282,1.302633403899E-1);
#2288=CIRCLE('',#2287,1.9E-1);
#2305=CIRCLE('',#2304,5.E-1);
#2314=CIRCLE('',#2313,5.E-1);
#2331=CIRCLE('',#2330,5.E-1);
#2340=CIRCLE('',#2339,5.E-1);
#2349=CIRCLE('',#2348,3.175E0);
#2358=CIRCLE('',#2357,3.175E0);
#2367=CIRCLE('',#2366,6.35E0);
#2372=CIRCLE('',#2371,5.334E0);
#2377=CIRCLE('',#2376,5.334E0);
#2390=CIRCLE('',#2389,5.334E0);
#2395=CIRCLE('',#2394,5.334E0);
#2400=CIRCLE('',#2399,5.08E-1);
#2409=CIRCLE('',#2408,5.08E-1);
#2414=CIRCLE('',#2413,5.08E-1);
#2423=CIRCLE('',#2422,5.08E-1);
#2432=CIRCLE('',#2431,2.875E0);
#2441=CIRCLE('',#2440,3.175E0);
#2454=CIRCLE('',#2453,2.875E0);
#3134=EDGE_CURVE('',#2949,#2950,#5,.T.);
#3136=EDGE_CURVE('',#2765,#2950,#9,.T.);
#3138=EDGE_CURVE('',#2765,#2473,#13,.T.);
#3140=EDGE_CURVE('',#2473,#2949,#17,.T.);
#3151=EDGE_CURVE('',#2985,#2949,#21,.T.);
#3153=EDGE_CURVE('',#2985,#2986,#291,.T.);
#3155=EDGE_CURVE('',#3060,#2986,#250,.T.);
#3157=EDGE_CURVE('',#3063,#3060,#353,.T.);
#3159=EDGE_CURVE('',#3063,#3062,#343,.T.);
#3161=EDGE_CURVE('',#3062,#2989,#307,.T.);
#3163=EDGE_CURVE('',#2989,#2990,#380,.T.);
#3165=EDGE_CURVE('',#2990,#3104,#435,.T.);
#3167=EDGE_CURVE('',#3103,#3104,#1484,.T.);
#3169=EDGE_CURVE('',#3103,#3092,#2466,.T.);
#3171=EDGE_CURVE('',#3091,#3092,#2454,.T.);
#3173=EDGE_CURVE('',#3091,#3084,#2449,.T.);
#3175=EDGE_CURVE('',#3083,#3084,#2432,.T.);
#3177=EDGE_CURVE('',#3083,#3111,#2427,.T.);
#3179=EDGE_CURVE('',#3111,#3112,#572,.T.);
#3181=EDGE_CURVE('',#3112,#2958,#509,.T.);
#3183=EDGE_CURVE('',#2957,#2958,#514,.T.);
#3185=EDGE_CURVE('',#2957,#3042,#534,.T.);
#3187=EDGE_CURVE('',#3041,#3042,#167,.T.);
#3189=EDGE_CURVE('',#2954,#3041,#224,.T.);
#3191=EDGE_CURVE('',#2953,#2954,#208,.T.);
#3193=EDGE_CURVE('',#2953,#3038,#199,.T.);
#3195=EDGE_CURVE('',#3037,#3038,#158,.T.);
#3197=EDGE_CURVE('',#2950,#3037,#153,.T.);
#3209=EDGE_CURVE('',#2473,#2474,#25,.T.);
#3211=EDGE_CURVE('',#2474,#2985,#295,.T.);
#3221=EDGE_CURVE('',#2765,#2766,#29,.T.);
#3223=EDGE_CURVE('',#2769,#2766,#216,.T.);
#3225=EDGE_CURVE('',#2769,#2770,#33,.T.);
#3227=EDGE_CURVE('',#2773,#2770,#526,.T.);
#3229=EDGE_CURVE('',#2773,#2774,#37,.T.);
#3231=EDGE_CURVE('',#2777,#2774,#961,.T.);
#3233=EDGE_CURVE('',#2777,#2778,#41,.T.);
#3235=EDGE_CURVE('',#2781,#2778,#985,.T.);
#3237=EDGE_CURVE('',#2781,#2782,#45,.T.);
#3239=EDGE_CURVE('',#2785,#2782,#1053,.T.);
#3241=EDGE_CURVE('',#2785,#2786,#49,.T.);
#3243=EDGE_CURVE('',#2789,#2786,#601,.T.);
#3245=EDGE_CURVE('',#2789,#2790,#53,.T.);
#3247=EDGE_CURVE('',#2793,#2790,#676,.T.);
#3249=EDGE_CURVE('',#2793,#2794,#57,.T.);
#3251=EDGE_CURVE('',#2469,#2794,#1355,.T.);
#3253=EDGE_CURVE('',#2469,#2470,#61,.T.);
#3255=EDGE_CURVE('',#2470,#2825,#1376,.T.);
#3257=EDGE_CURVE('',#2825,#2826,#65,.T.);
#3259=EDGE_CURVE('',#2822,#2826,#69,.T.);
#3261=EDGE_CURVE('',#2821,#2822,#73,.T.);
#3263=EDGE_CURVE('',#2821,#2817,#750,.T.);
#3265=EDGE_CURVE('',#2817,#2818,#77,.T.);
#3267=EDGE_CURVE('',#2814,#2818,#81,.T.);
#3269=EDGE_CURVE('',#2813,#2814,#85,.T.);
#3271=EDGE_CURVE('',#2813,#2809,#844,.T.);
#3273=EDGE_CURVE('',#2809,#2810,#89,.T.);
#3275=EDGE_CURVE('',#2806,#2810,#93,.T.);
#3277=EDGE_CURVE('',#2805,#2806,#97,.T.);
#3279=EDGE_CURVE('',#2805,#2801,#388,.T.);
#3281=EDGE_CURVE('',#2801,#2802,#101,.T.);
#3283=EDGE_CURVE('',#2798,#2802,#105,.T.);
#3285=EDGE_CURVE('',#2797,#2798,#109,.T.);
#3287=EDGE_CURVE('',#2797,#2474,#299,.T.);
#3300=EDGE_CURVE('',#2765,#2549,#113,.T.);
#3302=EDGE_CURVE('',#2549,#2550,#117,.T.);
#3304=EDGE_CURVE('',#2550,#2745,#121,.T.);
#3306=EDGE_CURVE('',#2745,#2746,#125,.T.);
#3308=EDGE_CURVE('',#2746,#2545,#129,.T.);
#3310=EDGE_CURVE('',#2545,#2546,#133,.T.);
#3312=EDGE_CURVE('',#2546,#2770,#137,.T.);
#3315=EDGE_CURVE('',#2769,#2576,#141,.T.);
#3317=EDGE_CURVE('',#2619,#2576,#324,.T.);
#3319=EDGE_CURVE('',#2619,#2620,#145,.T.);
#3321=EDGE_CURVE('',#2578,#2620,#268,.T.);
#3323=EDGE_CURVE('',#2766,#2578,#149,.T.);
#3334=EDGE_CURVE('',#3037,#2565,#195,.T.);
#3336=EDGE_CURVE('',#2549,#2565,#558,.T.);
#3349=EDGE_CURVE('',#2574,#3038,#203,.T.);
#3351=EDGE_CURVE('',#2573,#2574,#162,.T.);
#3353=EDGE_CURVE('',#3041,#2573,#228,.T.);
#3356=EDGE_CURVE('',#2562,#3042,#171,.T.);
#3358=EDGE_CURVE('',#2561,#2562,#175,.T.);
#3360=EDGE_CURVE('',#2762,#2561,#179,.T.);
#3362=EDGE_CURVE('',#2761,#2762,#183,.T.);
#3364=EDGE_CURVE('',#2566,#2761,#187,.T.);
#3366=EDGE_CURVE('',#2565,#2566,#191,.T.);
#3378=EDGE_CURVE('',#2766,#2953,#220,.T.);
#3381=EDGE_CURVE('',#2574,#2578,#238,.T.);
#3393=EDGE_CURVE('',#2769,#2954,#212,.T.);
#3407=EDGE_CURVE('',#2576,#2573,#233,.T.);
#3419=EDGE_CURVE('',#2569,#2570,#242,.T.);
#3421=EDGE_CURVE('',#2569,#2576,#329,.T.);
#3426=EDGE_CURVE('',#2578,#2570,#264,.T.);
#3437=EDGE_CURVE('',#2591,#2570,#259,.T.);
#3439=EDGE_CURVE('',#2591,#2592,#246,.T.);
#3441=EDGE_CURVE('',#2592,#2569,#333,.T.);
#3452=EDGE_CURVE('',#2797,#2986,#303,.T.);
#3455=EDGE_CURVE('',#2798,#2591,#255,.T.);
#3460=EDGE_CURVE('',#2624,#2620,#375,.T.);
#3462=EDGE_CURVE('',#2624,#2581,#272,.T.);
#3464=EDGE_CURVE('',#2581,#2582,#277,.T.);
#3466=EDGE_CURVE('',#2582,#2584,#281,.T.);
#3468=EDGE_CURVE('',#2584,#3060,#286,.T.);
#3491=EDGE_CURVE('',#2802,#2592,#338,.T.);
#3504=EDGE_CURVE('',#2588,#3062,#311,.T.);
#3506=EDGE_CURVE('',#2587,#2588,#316,.T.);
#3508=EDGE_CURVE('',#2623,#2587,#320,.T.);
#3510=EDGE_CURVE('',#2619,#2623,#370,.T.);
#3517=EDGE_CURVE('',#2801,#2989,#384,.T.);
#3528=EDGE_CURVE('',#2584,#3063,#357,.T.);
#3531=EDGE_CURVE('',#2582,#2588,#347,.T.);
#3554=EDGE_CURVE('',#2581,#2587,#361,.T.);
#3566=EDGE_CURVE('',#2623,#2624,#365,.T.);
#3594=EDGE_CURVE('',#2805,#2992,#392,.T.);
#3596=EDGE_CURVE('',#2990,#2992,#396,.T.);
#3606=EDGE_CURVE('',#2992,#3065,#400,.T.);
#3610=EDGE_CURVE('',#2806,#2603,#405,.T.);
#3612=EDGE_CURVE('',#2603,#2650,#409,.T.);
#3614=EDGE_CURVE('',#2656,#2650,#414,.T.);
#3616=EDGE_CURVE('',#2656,#2628,#418,.T.);
#3618=EDGE_CURVE('',#2632,#2628,#461,.T.);
#3620=EDGE_CURVE('',#2632,#2595,#422,.T.);
#3622=EDGE_CURVE('',#2595,#2596,#427,.T.);
#3624=EDGE_CURVE('',#2596,#3065,#431,.T.);
#3636=EDGE_CURVE('',#3065,#3067,#439,.T.);
#3638=EDGE_CURVE('',#2995,#3067,#852,.T.);
#3640=EDGE_CURVE('',#2995,#2996,#836,.T.);
#3642=EDGE_CURVE('',#2996,#3069,#801,.T.);
#3644=EDGE_CURVE('',#3069,#3071,#793,.T.);
#3646=EDGE_CURVE('',#2998,#3071,#758,.T.);
#3648=EDGE_CURVE('',#2998,#2977,#742,.T.);
#3650=EDGE_CURVE('',#2977,#3099,#588,.T.);
#3652=EDGE_CURVE('',#3104,#3099,#1488,.T.);
#3665=EDGE_CURVE('',#2596,#2600,#443,.T.);
#3667=EDGE_CURVE('',#2600,#3067,#856,.T.);
#3678=EDGE_CURVE('',#2595,#2599,#447,.T.);
#3680=EDGE_CURVE('',#2599,#2600,#861,.T.);
#3691=EDGE_CURVE('',#2631,#2632,#451,.T.);
#3693=EDGE_CURVE('',#2631,#2599,#865,.T.);
#3705=EDGE_CURVE('',#2627,#2628,#497,.T.);
#3707=EDGE_CURVE('',#2627,#2631,#456,.T.);
#3720=EDGE_CURVE('',#2773,#2671,#465,.T.);
#3722=EDGE_CURVE('',#2671,#2672,#469,.T.);
#3724=EDGE_CURVE('',#2672,#2741,#473,.T.);
#3726=EDGE_CURVE('',#2741,#2742,#477,.T.);
#3728=EDGE_CURVE('',#2742,#2667,#481,.T.);
#3730=EDGE_CURVE('',#2667,#2668,#485,.T.);
#3732=EDGE_CURVE('',#2668,#2778,#489,.T.);
#3735=EDGE_CURVE('',#2777,#2654,#493,.T.);
#3737=EDGE_CURVE('',#2627,#2654,#869,.T.);
#3741=EDGE_CURVE('',#2774,#2656,#501,.T.);
#3751=EDGE_CURVE('',#2960,#3045,#505,.T.);
#3753=EDGE_CURVE('',#3045,#2687,#941,.T.);
#3755=EDGE_CURVE('',#2671,#2687,#1189,.T.);
#3758=EDGE_CURVE('',#2773,#2960,#522,.T.);
#3768=EDGE_CURVE('',#2958,#2960,#518,.T.);
#3771=EDGE_CURVE('',#3112,#3107,#567,.T.);
#3773=EDGE_CURVE('',#3107,#2937,#584,.T.);
#3775=EDGE_CURVE('',#2974,#2937,#609,.T.);
#3777=EDGE_CURVE('',#2974,#3058,#1147,.T.);
#3779=EDGE_CURVE('',#3057,#3058,#1005,.T.);
#3781=EDGE_CURVE('',#2972,#3057,#1061,.T.);
#3783=EDGE_CURVE('',#2971,#2972,#1045,.T.);
#3785=EDGE_CURVE('',#2971,#3054,#1037,.T.);
#3787=EDGE_CURVE('',#3053,#3054,#997,.T.);
#3789=EDGE_CURVE('',#2968,#3053,#993,.T.);
#3791=EDGE_CURVE('',#2967,#2968,#977,.T.);
#3793=EDGE_CURVE('',#2967,#3050,#969,.T.);
#3795=EDGE_CURVE('',#3049,#3050,#913,.T.);
#3797=EDGE_CURVE('',#2964,#3049,#897,.T.);
#3799=EDGE_CURVE('',#2963,#2964,#953,.T.);
#3801=EDGE_CURVE('',#2963,#3046,#945,.T.);
#3803=EDGE_CURVE('',#3045,#3046,#905,.T.);
#3818=EDGE_CURVE('',#2770,#2957,#530,.T.);
#3831=EDGE_CURVE('',#2546,#2562,#538,.T.);
#3843=EDGE_CURVE('',#2545,#2561,#542,.T.);
#3855=EDGE_CURVE('',#2746,#2762,#546,.T.);
#3869=EDGE_CURVE('',#2745,#2761,#550,.T.);
#3883=EDGE_CURVE('',#2550,#2566,#554,.T.);
#3906=EDGE_CURVE('',#3107,#3108,#563,.T.);
#3910=EDGE_CURVE('',#2890,#3111,#576,.T.);
#3912=EDGE_CURVE('',#2888,#2890,#1505,.T.);
#3914=EDGE_CURVE('',#2886,#2888,#1597,.T.);
#3916=EDGE_CURVE('',#2885,#2886,#1401,.T.);
#3918=EDGE_CURVE('',#3108,#2885,#580,.T.);
#3928=EDGE_CURVE('',#2937,#2938,#593,.T.);
#3932=EDGE_CURVE('',#3080,#3108,#1392,.T.);
#3934=EDGE_CURVE('',#3079,#3080,#1432,.T.);
#3936=EDGE_CURVE('',#3088,#3079,#1449,.T.);
#3938=EDGE_CURVE('',#3087,#3088,#1454,.T.);
#3940=EDGE_CURVE('',#3100,#3087,#1466,.T.);
#3942=EDGE_CURVE('',#3099,#3100,#1471,.T.);
#3945=EDGE_CURVE('',#2977,#2978,#738,.T.);
#3947=EDGE_CURVE('',#3073,#2978,#702,.T.);
#3949=EDGE_CURVE('',#3073,#3076,#1252,.T.);
#3951=EDGE_CURVE('',#3075,#3076,#1243,.T.);
#3953=EDGE_CURVE('',#3075,#2981,#1201,.T.);
#3955=EDGE_CURVE('',#2981,#2982,#1368,.T.);
#3957=EDGE_CURVE('',#2982,#2946,#1363,.T.);
#3959=EDGE_CURVE('',#2945,#2946,#1347,.T.);
#3961=EDGE_CURVE('',#2945,#3034,#1338,.T.);
#3963=EDGE_CURVE('',#3033,#3034,#627,.T.);
#3965=EDGE_CURVE('',#2942,#3033,#684,.T.);
#3967=EDGE_CURVE('',#2941,#2942,#668,.T.);
#3969=EDGE_CURVE('',#2941,#3030,#659,.T.);
#3971=EDGE_CURVE('',#3029,#3030,#618,.T.);
#3973=EDGE_CURVE('',#2938,#3029,#613,.T.);
#3984=EDGE_CURVE('',#2789,#2938,#597,.T.);
#3987=EDGE_CURVE('',#2786,#2974,#605,.T.);
#3999=EDGE_CURVE('',#3029,#2695,#655,.T.);
#4001=EDGE_CURVE('',#2679,#2695,#1318,.T.);
#4003=EDGE_CURVE('',#2789,#2679,#1278,.T.);
#4015=EDGE_CURVE('',#2730,#3030,#663,.T.);
#4017=EDGE_CURVE('',#2729,#2730,#622,.T.);
#4019=EDGE_CURVE('',#3033,#2729,#688,.T.);
#4022=EDGE_CURVE('',#2692,#3034,#631,.T.);
#4024=EDGE_CURVE('',#2691,#2692,#635,.T.);
#4026=EDGE_CURVE('',#2750,#2691,#639,.T.);
#4028=EDGE_CURVE('',#2749,#2750,#643,.T.);
#4030=EDGE_CURVE('',#2696,#2749,#647,.T.);
#4032=EDGE_CURVE('',#2695,#2696,#651,.T.);
#4044=EDGE_CURVE('',#2790,#2941,#680,.T.);
#4046=EDGE_CURVE('',#2790,#2721,#1314,.T.);
#4048=EDGE_CURVE('',#2730,#2721,#698,.T.);
#4060=EDGE_CURVE('',#2793,#2942,#672,.T.);
#4074=EDGE_CURVE('',#2726,#2729,#693,.T.);
#4076=EDGE_CURVE('',#2793,#2726,#1306,.T.);
#4087=EDGE_CURVE('',#2721,#2722,#716,.T.);
#4089=EDGE_CURVE('',#2724,#2722,#1384,.T.);
#4091=EDGE_CURVE('',#2724,#2726,#1228,.T.);
#4105=EDGE_CURVE('',#2821,#2978,#754,.T.);
#4108=EDGE_CURVE('',#2822,#2709,#707,.T.);
#4110=EDGE_CURVE('',#2709,#2722,#711,.T.);
#4113=EDGE_CURVE('',#2721,#2714,#720,.T.);
#4115=EDGE_CURVE('',#2718,#2714,#1274,.T.);
#4117=EDGE_CURVE('',#2718,#2699,#724,.T.);
#4119=EDGE_CURVE('',#2699,#2700,#729,.T.);
#4121=EDGE_CURVE('',#2700,#3073,#733,.T.);
#4133=EDGE_CURVE('',#2817,#2998,#746,.T.);
#4146=EDGE_CURVE('',#2612,#3071,#762,.T.);
#4148=EDGE_CURVE('',#2611,#2612,#767,.T.);
#4150=EDGE_CURVE('',#2639,#2611,#771,.T.);
#4152=EDGE_CURVE('',#2635,#2639,#1156,.T.);
#4154=EDGE_CURVE('',#2635,#2658,#775,.T.);
#4156=EDGE_CURVE('',#2643,#2658,#780,.T.);
#4158=EDGE_CURVE('',#2616,#2643,#784,.T.);
#4160=EDGE_CURVE('',#2818,#2616,#789,.T.);
#4173=EDGE_CURVE('',#2608,#3069,#832,.T.);
#4175=EDGE_CURVE('',#2608,#2612,#797,.T.);
#4187=EDGE_CURVE('',#2813,#2996,#848,.T.);
#4190=EDGE_CURVE('',#2814,#2615,#806,.T.);
#4192=EDGE_CURVE('',#2615,#2644,#810,.T.);
#4194=EDGE_CURVE('',#2660,#2644,#815,.T.);
#4196=EDGE_CURVE('',#2660,#2636,#819,.T.);
#4198=EDGE_CURVE('',#2640,#2636,#1161,.T.);
#4200=EDGE_CURVE('',#2640,#2607,#823,.T.);
#4202=EDGE_CURVE('',#2607,#2608,#828,.T.);
#4214=EDGE_CURVE('',#2809,#2995,#840,.T.);
#4232=EDGE_CURVE('',#2652,#2654,#874,.T.);
#4234=EDGE_CURVE('',#2604,#2652,#878,.T.);
#4236=EDGE_CURVE('',#2810,#2604,#883,.T.);
#4248=EDGE_CURVE('',#2654,#2662,#888,.T.);
#4250=EDGE_CURVE('',#2662,#2664,#909,.T.);
#4252=EDGE_CURVE('',#2664,#2656,#893,.T.);
#4255=EDGE_CURVE('',#2652,#2650,#1197,.T.);
#4267=EDGE_CURVE('',#3049,#2662,#901,.T.);
#4271=EDGE_CURVE('',#2777,#2964,#957,.T.);
#4282=EDGE_CURVE('',#2664,#3046,#949,.T.);
#4287=EDGE_CURVE('',#2684,#3050,#917,.T.);
#4289=EDGE_CURVE('',#2683,#2684,#921,.T.);
#4291=EDGE_CURVE('',#2758,#2683,#925,.T.);
#4293=EDGE_CURVE('',#2757,#2758,#929,.T.);
#4295=EDGE_CURVE('',#2688,#2757,#933,.T.);
#4297=EDGE_CURVE('',#2687,#2688,#937,.T.);
#4309=EDGE_CURVE('',#2774,#2963,#965,.T.);
#4335=EDGE_CURVE('',#2778,#2967,#989,.T.);
#4338=EDGE_CURVE('',#2668,#2684,#973,.T.);
#4350=EDGE_CURVE('',#2781,#2968,#981,.T.);
#4363=EDGE_CURVE('',#3053,#2557,#1033,.T.);
#4365=EDGE_CURVE('',#2541,#2557,#1127,.T.);
#4367=EDGE_CURVE('',#2781,#2541,#1087,.T.);
#4379=EDGE_CURVE('',#2648,#3054,#1041,.T.);
#4381=EDGE_CURVE('',#2647,#2648,#1001,.T.);
#4383=EDGE_CURVE('',#3057,#2647,#1065,.T.);
#4386=EDGE_CURVE('',#2554,#3058,#1009,.T.);
#4388=EDGE_CURVE('',#2553,#2554,#1013,.T.);
#4390=EDGE_CURVE('',#2754,#2553,#1017,.T.);
#4392=EDGE_CURVE('',#2753,#2754,#1021,.T.);
#4394=EDGE_CURVE('',#2558,#2753,#1025,.T.);
#4396=EDGE_CURVE('',#2557,#2558,#1029,.T.);
#4408=EDGE_CURVE('',#2782,#2971,#1057,.T.);
#4410=EDGE_CURVE('',#2782,#2660,#1123,.T.);
#4412=EDGE_CURVE('',#2648,#2660,#1075,.T.);
#4424=EDGE_CURVE('',#2785,#2972,#1049,.T.);
#4438=EDGE_CURVE('',#2658,#2647,#1070,.T.);
#4440=EDGE_CURVE('',#2785,#2658,#1115,.T.);
#4451=EDGE_CURVE('',#2643,#2644,#1079,.T.);
#4468=EDGE_CURVE('',#2615,#2616,#1083,.T.);
#4493=EDGE_CURVE('',#2541,#2542,#1091,.T.);
#4495=EDGE_CURVE('',#2542,#2737,#1095,.T.);
#4497=EDGE_CURVE('',#2737,#2738,#1099,.T.);
#4499=EDGE_CURVE('',#2738,#2537,#1103,.T.);
#4501=EDGE_CURVE('',#2537,#2538,#1107,.T.);
#4503=EDGE_CURVE('',#2538,#2786,#1111,.T.);
#4508=EDGE_CURVE('',#2635,#2636,#1119,.T.);
#4523=EDGE_CURVE('',#2542,#2558,#1135,.T.);
#4533=EDGE_CURVE('',#2737,#2753,#1131,.T.);
#4549=EDGE_CURVE('',#2738,#2754,#1139,.T.);
#4561=EDGE_CURVE('',#2537,#2553,#1143,.T.);
#4575=EDGE_CURVE('',#2538,#2554,#1151,.T.);
#4600=EDGE_CURVE('',#2639,#2640,#1165,.T.);
#4613=EDGE_CURVE('',#2607,#2611,#1169,.T.);
#4637=EDGE_CURVE('',#2667,#2683,#1173,.T.);
#4649=EDGE_CURVE('',#2742,#2758,#1177,.T.);
#4663=EDGE_CURVE('',#2741,#2757,#1181,.T.);
#4677=EDGE_CURVE('',#2672,#2688,#1185,.T.);
#4701=EDGE_CURVE('',#2603,#2604,#1193,.T.);
#4726=EDGE_CURVE('',#2826,#2710,#1237,.T.);
#4728=EDGE_CURVE('',#2709,#2710,#1388,.T.);
#4740=EDGE_CURVE('',#2706,#3075,#1206,.T.);
#4742=EDGE_CURVE('',#2704,#2706,#1210,.T.);
#4744=EDGE_CURVE('',#2703,#2704,#1215,.T.);
#4746=EDGE_CURVE('',#2717,#2703,#1219,.T.);
#4748=EDGE_CURVE('',#2713,#2717,#1269,.T.);
#4750=EDGE_CURVE('',#2713,#2726,#1223,.T.);
#4753=EDGE_CURVE('',#2710,#2724,#1232,.T.);
#4757=EDGE_CURVE('',#2825,#2981,#1372,.T.);
#4768=EDGE_CURVE('',#3076,#2706,#1247,.T.);
#4781=EDGE_CURVE('',#2700,#2704,#1256,.T.);
#4794=EDGE_CURVE('',#2699,#2703,#1260,.T.);
#4806=EDGE_CURVE('',#2717,#2718,#1264,.T.);
#4819=EDGE_CURVE('',#2713,#2714,#1310,.T.);
#4834=EDGE_CURVE('',#2679,#2680,#1282,.T.);
#4836=EDGE_CURVE('',#2680,#2733,#1286,.T.);
#4838=EDGE_CURVE('',#2733,#2734,#1290,.T.);
#4840=EDGE_CURVE('',#2734,#2675,#1294,.T.);
#4842=EDGE_CURVE('',#2675,#2676,#1298,.T.);
#4844=EDGE_CURVE('',#2676,#2794,#1302,.T.);
#4863=EDGE_CURVE('',#2680,#2696,#1326,.T.);
#4873=EDGE_CURVE('',#2733,#2749,#1322,.T.);
#4889=EDGE_CURVE('',#2734,#2750,#1330,.T.);
#4901=EDGE_CURVE('',#2675,#2691,#1334,.T.);
#4915=EDGE_CURVE('',#2676,#2692,#1342,.T.);
#4926=EDGE_CURVE('',#2794,#2945,#1359,.T.);
#4940=EDGE_CURVE('',#2946,#2469,#1351,.T.);
#4953=EDGE_CURVE('',#2982,#2470,#1380,.T.);
#4991=EDGE_CURVE('',#2885,#2934,#1396,.T.);
#4993=EDGE_CURVE('',#3080,#2934,#1436,.T.);
#5003=EDGE_CURVE('',#2858,#2934,#1441,.T.);
#5007=EDGE_CURVE('',#2876,#2886,#1601,.T.);
#5009=EDGE_CURVE('',#2874,#2876,#1548,.T.);
#5011=EDGE_CURVE('',#2874,#2848,#1405,.T.);
#5013=EDGE_CURVE('',#2846,#2848,#2358,.T.);
#5015=EDGE_CURVE('',#2846,#2866,#1409,.T.);
#5017=EDGE_CURVE('',#2866,#2870,#1414,.T.);
#5019=EDGE_CURVE('',#2870,#2862,#1418,.T.);
#5021=EDGE_CURVE('',#2862,#2857,#1423,.T.);
#5023=EDGE_CURVE('',#2857,#2858,#1427,.T.);
#5036=EDGE_CURVE('',#2858,#3079,#1445,.T.);
#5049=EDGE_CURVE('',#2857,#3088,#1458,.T.);
#5062=EDGE_CURVE('',#2862,#3087,#1462,.T.);
#5075=EDGE_CURVE('',#2870,#3100,#1475,.T.);
#5088=EDGE_CURVE('',#2864,#2866,#1496,.T.);
#5090=EDGE_CURVE('',#2868,#2864,#1527,.T.);
#5092=EDGE_CURVE('',#3103,#2868,#1479,.T.);
#5104=EDGE_CURVE('',#2844,#2864,#1492,.T.);
#5108=EDGE_CURVE('',#2844,#2846,#2353,.T.);
#5118=EDGE_CURVE('',#2880,#2842,#1531,.T.);
#5120=EDGE_CURVE('',#2878,#2880,#1557,.T.);
#5122=EDGE_CURVE('',#2878,#2888,#1500,.T.);
#5125=EDGE_CURVE('',#2890,#2932,#1509,.T.);
#5127=EDGE_CURVE('',#2932,#2854,#2441,.T.);
#5129=EDGE_CURVE('',#2853,#2854,#1513,.T.);
#5131=EDGE_CURVE('',#2853,#2860,#1518,.T.);
#5133=EDGE_CURVE('',#2868,#2860,#1522,.T.);
#5137=EDGE_CURVE('',#2842,#2844,#2349,.T.);
#5147=EDGE_CURVE('',#2882,#2841,#1539,.T.);
#5149=EDGE_CURVE('',#2880,#2882,#1561,.T.);
#5152=EDGE_CURVE('',#2841,#2842,#2344,.T.);
#5162=EDGE_CURVE('',#2850,#2873,#1535,.T.);
#5164=EDGE_CURVE('',#2882,#2873,#1566,.T.);
#5167=EDGE_CURVE('',#2850,#2841,#2367,.T.);
#5178=EDGE_CURVE('',#2873,#2874,#1543,.T.);
#5181=EDGE_CURVE('',#2848,#2850,#2362,.T.);
#5193=EDGE_CURVE('',#2876,#2878,#1552,.T.);
#5200=EDGE_CURVE('',#2909,#2910,#1571,.T.);
#5202=EDGE_CURVE('',#2910,#2912,#1575,.T.);
#5204=EDGE_CURVE('',#2912,#2914,#1580,.T.);
#5206=EDGE_CURVE('',#2914,#2916,#1584,.T.);
#5208=EDGE_CURVE('',#2916,#2918,#1589,.T.);
#5210=EDGE_CURVE('',#2918,#2909,#1593,.T.);
#5233=EDGE_CURVE('',#2909,#2897,#1605,.T.);
#5235=EDGE_CURVE('',#2897,#2898,#1630,.T.);
#5237=EDGE_CURVE('',#2910,#2898,#1625,.T.);
#5248=EDGE_CURVE('',#2918,#2906,#1609,.T.);
#5250=EDGE_CURVE('',#2906,#2897,#1634,.T.);
#5262=EDGE_CURVE('',#2916,#2904,#1613,.T.);
#5264=EDGE_CURVE('',#2904,#2906,#1639,.T.);
#5276=EDGE_CURVE('',#2914,#2902,#1617,.T.);
#5278=EDGE_CURVE('',#2902,#2904,#1643,.T.);
#5290=EDGE_CURVE('',#2912,#2900,#1621,.T.);
#5292=EDGE_CURVE('',#2900,#2902,#1648,.T.);
#5305=EDGE_CURVE('',#2898,#2900,#1652,.T.);
#5324=EDGE_CURVE('',#2929,#2930,#1670,.T.);
#5326=EDGE_CURVE('',#2926,#2929,#1657,.T.);
#5328=EDGE_CURVE('',#2922,#2926,#2300,.T.);
#5330=EDGE_CURVE('',#2894,#2922,#2314,.T.);
#5332=EDGE_CURVE('',#2893,#2894,#2326,.T.);
#5334=EDGE_CURVE('',#2920,#2893,#2340,.T.);
#5336=EDGE_CURVE('',#2924,#2920,#1760,.T.);
#5338=EDGE_CURVE('',#2930,#2924,#1662,.T.);
#5348=EDGE_CURVE('',#3127,#3128,#1666,.T.);
#5350=EDGE_CURVE('',#2929,#3127,#1889,.T.);
#5353=EDGE_CURVE('',#3128,#2930,#1752,.T.);
#5363=EDGE_CURVE('',#3013,#3014,#1684,.T.);
#5365=EDGE_CURVE('',#3024,#3013,#1902,.T.);
#5367=EDGE_CURVE('',#3127,#3024,#1675,.T.);
#5370=EDGE_CURVE('',#3025,#3128,#1680,.T.);
#5372=EDGE_CURVE('',#3014,#3025,#1727,.T.);
#5383=EDGE_CURVE('',#2519,#3014,#1692,.T.);
#5385=EDGE_CURVE('',#2509,#2519,#1699,.T.);
#5387=EDGE_CURVE('',#2509,#2510,#1703,.T.);
#5389=EDGE_CURVE('',#2524,#2510,#1710,.T.);
#5391=EDGE_CURVE('',#3013,#2524,#1718,.T.);
#5474=EDGE_CURVE('',#3025,#3019,#1739,.T.);
#5476=EDGE_CURVE('',#2520,#3019,#2125,.T.);
#5478=EDGE_CURVE('',#2519,#2520,#1744,.T.);
#5489=EDGE_CURVE('',#2924,#3115,#1748,.T.);
#5491=EDGE_CURVE('',#3115,#3026,#1765,.T.);
#5493=EDGE_CURVE('',#3020,#3026,#2147,.T.);
#5495=EDGE_CURVE('',#3019,#3020,#2071,.T.);
#5509=EDGE_CURVE('',#3115,#3116,#1756,.T.);
#5513=EDGE_CURVE('',#3116,#2920,#2335,.T.);
#5523=EDGE_CURVE('',#3001,#3002,#1774,.T.);
#5525=EDGE_CURVE('',#3026,#3001,#2134,.T.);
#5529=EDGE_CURVE('',#3116,#3118,#2331,.T.);
#5531=EDGE_CURVE('',#3118,#3120,#2318,.T.);
#5533=EDGE_CURVE('',#3120,#3122,#2305,.T.);
#5535=EDGE_CURVE('',#3122,#3124,#2292,.T.);
#5537=EDGE_CURVE('',#3023,#3124,#1770,.T.);
#5539=EDGE_CURVE('',#3006,#3023,#1868,.T.);
#5541=EDGE_CURVE('',#3005,#3006,#1837,.T.);
#5543=EDGE_CURVE('',#3010,#3005,#1828,.T.);
#5545=EDGE_CURVE('',#3009,#3010,#1811,.T.);
#5547=EDGE_CURVE('',#3002,#3009,#1802,.T.);
#5558=EDGE_CURVE('',#2498,#3002,#1778,.T.);
#5560=EDGE_CURVE('',#2498,#2502,#1782,.T.);
#5562=EDGE_CURVE('',#2522,#2502,#1789,.T.);
#5564=EDGE_CURVE('',#3001,#2522,#1797,.T.);
#5575=EDGE_CURVE('',#2494,#3009,#1823,.T.);
#5577=EDGE_CURVE('',#2494,#2498,#1807,.T.);
#5589=EDGE_CURVE('',#2490,#3010,#1815,.T.);
#5591=EDGE_CURVE('',#2490,#2494,#1819,.T.);
#5603=EDGE_CURVE('',#2486,#3005,#1860,.T.);
#5605=EDGE_CURVE('',#2486,#2490,#1833,.T.);
#5617=EDGE_CURVE('',#2525,#3006,#1845,.T.);
#5619=EDGE_CURVE('',#2485,#2525,#1852,.T.);
#5621=EDGE_CURVE('',#2485,#2486,#1856,.T.);
#5701=EDGE_CURVE('',#3023,#3021,#1880,.T.);
#5703=EDGE_CURVE('',#2526,#3021,#2250,.T.);
#5705=EDGE_CURVE('',#2525,#2526,#1885,.T.);
#5718=EDGE_CURVE('',#3022,#3024,#1914,.T.);
#5720=EDGE_CURVE('',#3021,#3022,#2198,.T.);
#5724=EDGE_CURVE('',#3124,#2926,#1893,.T.);
#5809=EDGE_CURVE('',#2524,#2523,#1919,.T.);
#5811=EDGE_CURVE('',#3022,#2523,#2224,.T.);
#5838=EDGE_CURVE('',#2514,#2510,#1924,.T.);
#5840=EDGE_CURVE('',#2523,#2514,#2191,.T.);
#5853=EDGE_CURVE('',#2510,#2506,#1929,.T.);
#5855=EDGE_CURVE('',#2506,#2514,#1934,.T.);
#5865=EDGE_CURVE('',#2505,#2506,#1947,.T.);
#5869=EDGE_CURVE('',#2505,#2509,#2064,.T.);
#5879=EDGE_CURVE('',#2481,#2482,#1938,.T.);
#5881=EDGE_CURVE('',#2506,#2481,#1943,.T.);
#5884=EDGE_CURVE('',#2500,#2505,#1952,.T.);
#5886=EDGE_CURVE('',#2496,#2500,#1956,.T.);
#5888=EDGE_CURVE('',#2492,#2496,#1961,.T.);
#5890=EDGE_CURVE('',#2488,#2492,#1965,.T.);
#5892=EDGE_CURVE('',#2482,#2488,#1970,.T.);
#5896=EDGE_CURVE('',#2477,#2478,#1975,.T.);
#5898=EDGE_CURVE('',#2478,#2477,#1980,.T.);
#5902=EDGE_CURVE('',#2533,#2534,#1985,.T.);
#5904=EDGE_CURVE('',#2534,#2533,#1990,.T.);
#5915=EDGE_CURVE('',#2482,#2486,#1995,.T.);
#5918=EDGE_CURVE('',#2481,#2485,#2167,.T.);
#5941=EDGE_CURVE('',#2488,#2490,#2000,.T.);
#5954=EDGE_CURVE('',#2492,#2494,#2005,.T.);
#5979=EDGE_CURVE('',#2496,#2498,#2010,.T.);
#5992=EDGE_CURVE('',#2502,#2500,#2015,.T.);
#6005=EDGE_CURVE('',#2500,#2516,#2020,.T.);
#6007=EDGE_CURVE('',#2516,#2502,#2025,.T.);
#6017=EDGE_CURVE('',#2516,#2518,#2030,.T.);
#6021=EDGE_CURVE('',#2518,#2505,#2059,.T.);
#6032=EDGE_CURVE('',#2518,#2520,#2037,.T.);
#6034=EDGE_CURVE('',#2521,#2520,#2042,.T.);
#6036=EDGE_CURVE('',#2521,#2516,#2049,.T.);
#6062=EDGE_CURVE('',#2509,#2518,#2054,.T.);
#6087=EDGE_CURVE('',#3020,#2521,#2098,.T.);
#6169=EDGE_CURVE('',#2522,#2521,#2152,.T.);
#6209=EDGE_CURVE('',#2485,#2512,#2157,.T.);
#6211=EDGE_CURVE('',#2512,#2481,#2162,.T.);
#6241=EDGE_CURVE('',#2512,#2526,#2179,.T.);
#6251=EDGE_CURVE('',#2514,#2512,#2172,.T.);
#6254=EDGE_CURVE('',#2523,#2526,#2184,.T.);
#6289=EDGE_CURVE('',#3017,#3018,#2255,.T.);
#6291=EDGE_CURVE('',#2478,#3018,#2268,.T.);
#6294=EDGE_CURVE('',#2477,#3017,#2259,.T.);
#6305=EDGE_CURVE('',#3018,#3017,#2264,.T.);
#6351=EDGE_CURVE('',#2529,#2530,#2278,.T.);
#6353=EDGE_CURVE('',#2530,#2534,#2288,.T.);
#6356=EDGE_CURVE('',#2529,#2533,#2273,.T.);
#6367=EDGE_CURVE('',#2530,#2529,#2283,.T.);
#6414=EDGE_CURVE('',#3122,#2922,#2296,.T.);
#6427=EDGE_CURVE('',#3120,#2894,#2309,.T.);
#6440=EDGE_CURVE('',#3118,#2893,#2322,.T.);
#6472=EDGE_CURVE('',#2833,#2834,#2372,.T.);
#6474=EDGE_CURVE('',#2834,#2833,#2377,.T.);
#6485=EDGE_CURVE('',#2833,#2829,#2381,.T.);
#6487=EDGE_CURVE('',#2829,#2830,#2390,.T.);
#6489=EDGE_CURVE('',#2834,#2830,#2385,.T.);
#6501=EDGE_CURVE('',#2830,#2829,#2395,.T.);
#6516=EDGE_CURVE('',#2837,#2838,#2409,.T.);
#6518=EDGE_CURVE('',#2838,#2837,#2423,.T.);
#6528=EDGE_CURVE('',#3095,#3096,#2400,.T.);
#6530=EDGE_CURVE('',#3095,#2837,#2404,.T.);
#6533=EDGE_CURVE('',#3096,#2838,#2418,.T.);
#6544=EDGE_CURVE('',#3096,#3095,#2414,.T.);
#6567=EDGE_CURVE('',#2932,#3083,#2445,.T.);
#6580=EDGE_CURVE('',#3084,#2854,#2436,.T.);
#6593=EDGE_CURVE('',#3091,#2853,#2462,.T.);
#6606=EDGE_CURVE('',#2860,#3092,#2458,.T.);
#6635=ADVANCED_BREP_SHAPE_REPRESENTATION('',(#6626),#6634);
#6642=PRODUCT_DEFINITION('design','',#6641,#6638);
#6643=PRODUCT_DEFINITION_SHAPE('','SHAPE FOR 50041933-001_SW0001.',#6642);
#6644=SHAPE_DEFINITION_REPRESENTATION(#6643,#6635);
ENDSEC;
END-ISO-10303-21;
