ISO-10303-21;
HEADER;
FILE_DESCRIPTION((''),'2;1');
FILE_NAME('50038515-001_SW0001','2010-02-24T',('E445352'),(''),
'PRO/ENGINEER BY PARAMETRIC TECHNOLOGY CORPORATION, 2008250',
'PRO/ENGINEER BY PARAMETRIC TECHNOLOGY CORPORATION, 2008250','');
FILE_SCHEMA(('CONFIG_CONTROL_DESIGN'));
ENDSEC;
DATA;
#1=DIRECTION('',(0.E0,1.E0,0.E0));
#2=VECTOR('',#1,1.652E0);
#3=CARTESIAN_POINT('',(3.0277E1,-4.4577E1,0.E0));
#4=LINE('',#3,#2);
#5=DIRECTION('',(-1.E0,0.E0,0.E0));
#6=VECTOR('',#5,3.302E-1);
#7=CARTESIAN_POINT('',(3.0277E1,-4.2925E1,0.E0));
#8=LINE('',#7,#6);
#9=DIRECTION('',(0.E0,1.E0,0.E0));
#10=VECTOR('',#9,1.652E0);
#11=CARTESIAN_POINT('',(2.99468E1,-4.4577E1,0.E0));
#12=LINE('',#11,#10);
#13=DIRECTION('',(-1.E0,0.E0,0.E0));
#14=VECTOR('',#13,6.096E-1);
#15=CARTESIAN_POINT('',(2.99468E1,-4.4577E1,0.E0));
#16=LINE('',#15,#14);
#17=DIRECTION('',(0.E0,1.E0,0.E0));
#18=VECTOR('',#17,1.652E0);
#19=CARTESIAN_POINT('',(2.93372E1,-4.4577E1,0.E0));
#20=LINE('',#19,#18);
#21=DIRECTION('',(-1.E0,0.E0,0.E0));
#22=VECTOR('',#21,3.302E-1);
#23=CARTESIAN_POINT('',(2.93372E1,-4.2925E1,0.E0));
#24=LINE('',#23,#22);
#25=DIRECTION('',(0.E0,1.E0,0.E0));
#26=VECTOR('',#25,1.652E0);
#27=CARTESIAN_POINT('',(2.9007E1,-4.4577E1,0.E0));
#28=LINE('',#27,#26);
#29=DIRECTION('',(-1.E0,0.E0,0.E0));
#30=VECTOR('',#29,1.27E0);
#31=CARTESIAN_POINT('',(2.9007E1,-4.4577E1,0.E0));
#32=LINE('',#31,#30);
#33=DIRECTION('',(0.E0,1.E0,0.E0));
#34=VECTOR('',#33,1.652E0);
#35=CARTESIAN_POINT('',(2.7737E1,-4.4577E1,0.E0));
#36=LINE('',#35,#34);
#37=DIRECTION('',(-1.E0,0.E0,0.E0));
#38=VECTOR('',#37,3.302E-1);
#39=CARTESIAN_POINT('',(2.7737E1,-4.2925E1,0.E0));
#40=LINE('',#39,#38);
#41=DIRECTION('',(0.E0,1.E0,0.E0));
#42=VECTOR('',#41,1.652E0);
#43=CARTESIAN_POINT('',(2.74068E1,-4.4577E1,0.E0));
#44=LINE('',#43,#42);
#45=DIRECTION('',(-1.E0,0.E0,0.E0));
#46=VECTOR('',#45,6.096E-1);
#47=CARTESIAN_POINT('',(2.74068E1,-4.4577E1,0.E0));
#48=LINE('',#47,#46);
#49=DIRECTION('',(0.E0,1.E0,0.E0));
#50=VECTOR('',#49,1.652E0);
#51=CARTESIAN_POINT('',(2.67972E1,-4.4577E1,0.E0));
#52=LINE('',#51,#50);
#53=DIRECTION('',(-1.E0,0.E0,0.E0));
#54=VECTOR('',#53,3.302E-1);
#55=CARTESIAN_POINT('',(2.67972E1,-4.2925E1,0.E0));
#56=LINE('',#55,#54);
#57=DIRECTION('',(0.E0,1.E0,0.E0));
#58=VECTOR('',#57,1.652E0);
#59=CARTESIAN_POINT('',(2.6467E1,-4.4577E1,0.E0));
#60=LINE('',#59,#58);
#61=DIRECTION('',(-1.E0,0.E0,0.E0));
#62=VECTOR('',#61,1.27E0);
#63=CARTESIAN_POINT('',(2.6467E1,-4.4577E1,0.E0));
#64=LINE('',#63,#62);
#65=DIRECTION('',(0.E0,1.E0,0.E0));
#66=VECTOR('',#65,1.652E0);
#67=CARTESIAN_POINT('',(2.5197E1,-4.4577E1,0.E0));
#68=LINE('',#67,#66);
#69=DIRECTION('',(-1.E0,0.E0,0.E0));
#70=VECTOR('',#69,3.302E-1);
#71=CARTESIAN_POINT('',(2.5197E1,-4.2925E1,0.E0));
#72=LINE('',#71,#70);
#73=DIRECTION('',(0.E0,1.E0,0.E0));
#74=VECTOR('',#73,1.652E0);
#75=CARTESIAN_POINT('',(2.48668E1,-4.4577E1,0.E0));
#76=LINE('',#75,#74);
#77=DIRECTION('',(-1.E0,0.E0,0.E0));
#78=VECTOR('',#77,6.096E-1);
#79=CARTESIAN_POINT('',(2.48668E1,-4.4577E1,0.E0));
#80=LINE('',#79,#78);
#81=DIRECTION('',(0.E0,1.E0,0.E0));
#82=VECTOR('',#81,1.652E0);
#83=CARTESIAN_POINT('',(2.42572E1,-4.4577E1,0.E0));
#84=LINE('',#83,#82);
#85=DIRECTION('',(-1.E0,0.E0,0.E0));
#86=VECTOR('',#85,3.302E-1);
#87=CARTESIAN_POINT('',(2.42572E1,-4.2925E1,0.E0));
#88=LINE('',#87,#86);
#89=DIRECTION('',(0.E0,1.E0,0.E0));
#90=VECTOR('',#89,1.652E0);
#91=CARTESIAN_POINT('',(2.3927E1,-4.4577E1,0.E0));
#92=LINE('',#91,#90);
#93=DIRECTION('',(-1.E0,0.E0,0.E0));
#94=VECTOR('',#93,1.27E0);
#95=CARTESIAN_POINT('',(2.3927E1,-4.4577E1,0.E0));
#96=LINE('',#95,#94);
#97=DIRECTION('',(0.E0,1.E0,0.E0));
#98=VECTOR('',#97,1.652E0);
#99=CARTESIAN_POINT('',(2.2657E1,-4.4577E1,0.E0));
#100=LINE('',#99,#98);
#101=DIRECTION('',(-1.E0,0.E0,0.E0));
#102=VECTOR('',#101,3.302E-1);
#103=CARTESIAN_POINT('',(2.2657E1,-4.2925E1,0.E0));
#104=LINE('',#103,#102);
#105=DIRECTION('',(0.E0,1.E0,0.E0));
#106=VECTOR('',#105,1.652E0);
#107=CARTESIAN_POINT('',(2.23268E1,-4.4577E1,0.E0));
#108=LINE('',#107,#106);
#109=DIRECTION('',(-1.E0,0.E0,0.E0));
#110=VECTOR('',#109,6.096E-1);
#111=CARTESIAN_POINT('',(2.23268E1,-4.4577E1,0.E0));
#112=LINE('',#111,#110);
#113=DIRECTION('',(0.E0,1.E0,0.E0));
#114=VECTOR('',#113,1.652E0);
#115=CARTESIAN_POINT('',(2.17172E1,-4.4577E1,0.E0));
#116=LINE('',#115,#114);
#117=DIRECTION('',(-1.E0,0.E0,0.E0));
#118=VECTOR('',#117,3.302E-1);
#119=CARTESIAN_POINT('',(2.17172E1,-4.2925E1,0.E0));
#120=LINE('',#119,#118);
#121=DIRECTION('',(0.E0,1.E0,0.E0));
#122=VECTOR('',#121,1.652E0);
#123=CARTESIAN_POINT('',(2.1387E1,-4.4577E1,0.E0));
#124=LINE('',#123,#122);
#125=DIRECTION('',(-1.E0,0.E0,0.E0));
#126=VECTOR('',#125,5.082E-1);
#127=CARTESIAN_POINT('',(2.1387E1,-4.4577E1,0.E0));
#128=LINE('',#127,#126);
#129=DIRECTION('',(0.E0,1.E0,0.E0));
#130=VECTOR('',#129,9.906E0);
#131=CARTESIAN_POINT('',(2.08788E1,-4.4577E1,0.E0));
#132=LINE('',#131,#130);
#133=DIRECTION('',(1.E0,0.E0,0.E0));
#134=VECTOR('',#133,9.906E0);
#135=CARTESIAN_POINT('',(2.08788E1,-3.4671E1,0.E0));
#136=LINE('',#135,#134);
#137=DIRECTION('',(0.E0,-1.E0,0.E0));
#138=VECTOR('',#137,9.906E0);
#139=CARTESIAN_POINT('',(3.07848E1,-3.4671E1,0.E0));
#140=LINE('',#139,#138);
#141=DIRECTION('',(-1.E0,0.E0,0.E0));
#142=VECTOR('',#141,5.078E-1);
#143=CARTESIAN_POINT('',(3.07848E1,-4.4577E1,0.E0));
#144=LINE('',#143,#142);
#145=DIRECTION('',(-1.E0,0.E0,0.E0));
#146=VECTOR('',#145,8.384038686167E0);
#147=CARTESIAN_POINT('',(3.002381934308E1,-4.190540216261E1,0.E0));
#148=LINE('',#147,#146);
#149=CARTESIAN_POINT('',(3.002381934308E1,-4.190540216261E1,0.E0));
#150=CARTESIAN_POINT('',(3.004784249382E1,-4.190540216261E1,0.E0));
#151=CARTESIAN_POINT('',(3.009537189438E1,-4.190198136899E1,0.E0));
#152=CARTESIAN_POINT('',(3.016576501338E1,-4.188673906069E1,0.E0));
#153=CARTESIAN_POINT('',(3.023330819546E1,-4.186153110578E1,0.E0));
#154=CARTESIAN_POINT('',(3.029631799779E1,-4.182713103374E1,0.E0));
#155=CARTESIAN_POINT('',(3.035412798978E1,-4.178385642850E1,0.E0));
#156=CARTESIAN_POINT('',(3.040484369067E1,-4.173312401707E1,0.E0));
#157=CARTESIAN_POINT('',(3.044807859457E1,-4.167534358104E1,0.E0));
#158=CARTESIAN_POINT('',(3.048247219057E1,-4.161231386733E1,0.E0));
#159=CARTESIAN_POINT('',(3.050764308784E1,-4.154484380836E1,0.E0));
#160=CARTESIAN_POINT('',(3.052288662857E1,-4.147443817375E1,0.E0));
#161=CARTESIAN_POINT('',(3.052630216261E1,-4.142693102521E1,0.E0));
#162=CARTESIAN_POINT('',(3.052630216261E1,-4.140291934308E1,0.E0));
#164=DIRECTION('',(0.E0,-1.E0,0.E0));
#165=VECTOR('',#164,5.974038686167E0);
#166=CARTESIAN_POINT('',(3.052630216261E1,-3.542888065692E1,0.E0));
#167=LINE('',#166,#165);
#168=CARTESIAN_POINT('',(3.052630216261E1,-3.542888065692E1,0.E0));
#169=CARTESIAN_POINT('',(3.052630216261E1,-3.540485750618E1,0.E0));
#170=CARTESIAN_POINT('',(3.052288136899E1,-3.535732810562E1,0.E0));
#171=CARTESIAN_POINT('',(3.050763906069E1,-3.528693498662E1,0.E0));
#172=CARTESIAN_POINT('',(3.048243110578E1,-3.521939180454E1,0.E0));
#173=CARTESIAN_POINT('',(3.044803103374E1,-3.515638200221E1,0.E0));
#174=CARTESIAN_POINT('',(3.040475642850E1,-3.509857201022E1,0.E0));
#175=CARTESIAN_POINT('',(3.035402401707E1,-3.504785630933E1,0.E0));
#176=CARTESIAN_POINT('',(3.029624358104E1,-3.500462140543E1,0.E0));
#177=CARTESIAN_POINT('',(3.023321386733E1,-3.497022780943E1,0.E0));
#178=CARTESIAN_POINT('',(3.016574380836E1,-3.494505691216E1,0.E0));
#179=CARTESIAN_POINT('',(3.009533817375E1,-3.492981337143E1,0.E0));
#180=CARTESIAN_POINT('',(3.004783102521E1,-3.492639783739E1,0.E0));
#181=CARTESIAN_POINT('',(3.002381934308E1,-3.492639783739E1,0.E0));
#183=DIRECTION('',(1.E0,0.E0,0.E0));
#184=VECTOR('',#183,8.384038686167E0);
#185=CARTESIAN_POINT('',(2.163978065692E1,-3.492639783739E1,0.E0));
#186=LINE('',#185,#184);
#187=CARTESIAN_POINT('',(2.163978065692E1,-3.492639783739E1,0.E0));
#188=CARTESIAN_POINT('',(2.161575750618E1,-3.492639783739E1,0.E0));
#189=CARTESIAN_POINT('',(2.156822810562E1,-3.492981863101E1,0.E0));
#190=CARTESIAN_POINT('',(2.149783498662E1,-3.494506093931E1,0.E0));
#191=CARTESIAN_POINT('',(2.143029180454E1,-3.497026889422E1,0.E0));
#192=CARTESIAN_POINT('',(2.136728200221E1,-3.500466896626E1,0.E0));
#193=CARTESIAN_POINT('',(2.130947201022E1,-3.504794357150E1,0.E0));
#194=CARTESIAN_POINT('',(2.125875630933E1,-3.509867598293E1,0.E0));
#195=CARTESIAN_POINT('',(2.121552140543E1,-3.515645641896E1,0.E0));
#196=CARTESIAN_POINT('',(2.118112780943E1,-3.521948613267E1,0.E0));
#197=CARTESIAN_POINT('',(2.115595691216E1,-3.528695619164E1,0.E0));
#198=CARTESIAN_POINT('',(2.114071337143E1,-3.535736182625E1,0.E0));
#199=CARTESIAN_POINT('',(2.113729783739E1,-3.540486897479E1,0.E0));
#200=CARTESIAN_POINT('',(2.113729783739E1,-3.542888065692E1,0.E0));
#202=DIRECTION('',(0.E0,1.E0,0.E0));
#203=VECTOR('',#202,5.974038686167E0);
#204=CARTESIAN_POINT('',(2.113729783739E1,-4.140291934308E1,0.E0));
#205=LINE('',#204,#203);
#206=CARTESIAN_POINT('',(2.113729783739E1,-4.140291934308E1,0.E0));
#207=CARTESIAN_POINT('',(2.113729783739E1,-4.142694249382E1,0.E0));
#208=CARTESIAN_POINT('',(2.114071863101E1,-4.147447189438E1,0.E0));
#209=CARTESIAN_POINT('',(2.115596093931E1,-4.154486501338E1,0.E0));
#210=CARTESIAN_POINT('',(2.118116889422E1,-4.161240819546E1,0.E0));
#211=CARTESIAN_POINT('',(2.121556896626E1,-4.167541799779E1,0.E0));
#212=CARTESIAN_POINT('',(2.125884357150E1,-4.173322798978E1,0.E0));
#213=CARTESIAN_POINT('',(2.130957598293E1,-4.178394369067E1,0.E0));
#214=CARTESIAN_POINT('',(2.136735641896E1,-4.182717859457E1,0.E0));
#215=CARTESIAN_POINT('',(2.143038613267E1,-4.186157219057E1,0.E0));
#216=CARTESIAN_POINT('',(2.149785619164E1,-4.188674308784E1,0.E0));
#217=CARTESIAN_POINT('',(2.156826182625E1,-4.190198662857E1,0.E0));
#218=CARTESIAN_POINT('',(2.161576897479E1,-4.190540216261E1,0.E0));
#219=CARTESIAN_POINT('',(2.163978065692E1,-4.190540216261E1,0.E0));
#221=DIRECTION('',(0.E0,2.842170943040E-14,1.E0));
#222=VECTOR('',#221,2.5E-1);
#223=CARTESIAN_POINT('',(3.0277E1,-4.5465E1,0.E0));
#224=LINE('',#223,#222);
#225=DIRECTION('',(0.E0,-1.E0,0.E0));
#226=VECTOR('',#225,8.88E-1);
#227=CARTESIAN_POINT('',(2.9007E1,-4.4577E1,0.E0));
#228=LINE('',#227,#226);
#229=DIRECTION('',(7.071067811865E-1,-7.071067811866E-1,0.E0));
#230=VECTOR('',#229,5.374011537017E-1);
#231=CARTESIAN_POINT('',(2.9007E1,-4.5465E1,0.E0));
#232=LINE('',#231,#230);
#233=DIRECTION('',(0.E0,-1.E0,0.E0));
#234=VECTOR('',#233,1.3932E1);
#235=CARTESIAN_POINT('',(2.9387E1,-4.5845E1,0.E0));
#236=LINE('',#235,#234);
#237=DIRECTION('',(1.E0,0.E0,0.E0));
#238=VECTOR('',#237,5.100000000001E-1);
#239=CARTESIAN_POINT('',(2.9387E1,-5.9777E1,0.E0));
#240=LINE('',#239,#238);
#241=DIRECTION('',(0.E0,1.E0,0.E0));
#242=VECTOR('',#241,1.3932E1);
#243=CARTESIAN_POINT('',(2.9897E1,-5.9777E1,0.E0));
#244=LINE('',#243,#242);
#245=DIRECTION('',(7.071067811865E-1,7.071067811866E-1,0.E0));
#246=VECTOR('',#245,5.374011537017E-1);
#247=CARTESIAN_POINT('',(2.9897E1,-4.5845E1,0.E0));
#248=LINE('',#247,#246);
#249=DIRECTION('',(0.E0,1.E0,0.E0));
#250=VECTOR('',#249,8.88E-1);
#251=CARTESIAN_POINT('',(3.0277E1,-4.5465E1,0.E0));
#252=LINE('',#251,#250);
#253=DIRECTION('',(0.E0,-1.E0,0.E0));
#254=VECTOR('',#253,2.530275607640E-1);
#255=CARTESIAN_POINT('',(2.99468E1,-4.4577E1,0.E0));
#256=LINE('',#255,#254);
#257=DIRECTION('',(-1.E0,0.E0,0.E0));
#258=VECTOR('',#257,6.096E-1);
#259=CARTESIAN_POINT('',(2.99468E1,-4.5338E1,0.E0));
#260=LINE('',#259,#258);
#261=DIRECTION('',(0.E0,-1.E0,0.E0));
#262=VECTOR('',#261,2.530275607640E-1);
#263=CARTESIAN_POINT('',(2.93372E1,-4.4577E1,0.E0));
#264=LINE('',#263,#262);
#265=DIRECTION('',(1.E0,0.E0,0.E0));
#266=VECTOR('',#265,3.302E-1);
#267=CARTESIAN_POINT('',(2.1387E1,-4.4577E1,0.E0));
#268=LINE('',#267,#266);
#269=DIRECTION('',(1.E0,0.E0,0.E0));
#270=VECTOR('',#269,3.302E-1);
#271=CARTESIAN_POINT('',(2.23268E1,-4.4577E1,0.E0));
#272=LINE('',#271,#270);
#273=DIRECTION('',(1.E0,0.E0,0.E0));
#274=VECTOR('',#273,3.302E-1);
#275=CARTESIAN_POINT('',(2.3927E1,-4.4577E1,0.E0));
#276=LINE('',#275,#274);
#277=DIRECTION('',(1.E0,0.E0,0.E0));
#278=VECTOR('',#277,3.302E-1);
#279=CARTESIAN_POINT('',(2.48668E1,-4.4577E1,0.E0));
#280=LINE('',#279,#278);
#281=DIRECTION('',(1.E0,0.E0,0.E0));
#282=VECTOR('',#281,3.302E-1);
#283=CARTESIAN_POINT('',(2.6467E1,-4.4577E1,0.E0));
#284=LINE('',#283,#282);
#285=DIRECTION('',(1.E0,0.E0,0.E0));
#286=VECTOR('',#285,3.302E-1);
#287=CARTESIAN_POINT('',(2.74068E1,-4.4577E1,0.E0));
#288=LINE('',#287,#286);
#289=DIRECTION('',(1.E0,0.E0,0.E0));
#290=VECTOR('',#289,3.302E-1);
#291=CARTESIAN_POINT('',(2.9007E1,-4.4577E1,0.E0));
#292=LINE('',#291,#290);
#293=DIRECTION('',(1.E0,0.E0,0.E0));
#294=VECTOR('',#293,3.302E-1);
#295=CARTESIAN_POINT('',(2.99468E1,-4.4577E1,0.E0));
#296=LINE('',#295,#294);
#297=DIRECTION('',(0.E0,0.E0,-1.E0));
#298=VECTOR('',#297,1.02E0);
#299=CARTESIAN_POINT('',(3.07848E1,-4.4577E1,0.E0));
#300=LINE('',#299,#298);
#301=DIRECTION('',(0.E0,0.E0,1.E0));
#302=VECTOR('',#301,8.433890060814E-3);
#303=CARTESIAN_POINT('',(2.99468E1,-4.4577E1,-1.02E0));
#304=LINE('',#303,#302);
#305=DIRECTION('',(1.E0,0.E0,0.E0));
#306=VECTOR('',#305,6.096E-1);
#307=CARTESIAN_POINT('',(2.93372E1,-4.4577E1,-1.011566109939E0));
#308=LINE('',#307,#306);
#309=DIRECTION('',(0.E0,0.E0,1.E0));
#310=VECTOR('',#309,8.433890060814E-3);
#311=CARTESIAN_POINT('',(2.93372E1,-4.4577E1,-1.02E0));
#312=LINE('',#311,#310);
#313=DIRECTION('',(0.E0,0.E0,1.E0));
#314=VECTOR('',#313,8.433890060814E-3);
#315=CARTESIAN_POINT('',(2.74068E1,-4.4577E1,-1.02E0));
#316=LINE('',#315,#314);
#317=DIRECTION('',(1.E0,0.E0,0.E0));
#318=VECTOR('',#317,6.096E-1);
#319=CARTESIAN_POINT('',(2.67972E1,-4.4577E1,-1.011566109939E0));
#320=LINE('',#319,#318);
#321=DIRECTION('',(0.E0,0.E0,1.E0));
#322=VECTOR('',#321,8.433890060814E-3);
#323=CARTESIAN_POINT('',(2.67972E1,-4.4577E1,-1.02E0));
#324=LINE('',#323,#322);
#325=DIRECTION('',(0.E0,0.E0,1.E0));
#326=VECTOR('',#325,8.433890060814E-3);
#327=CARTESIAN_POINT('',(2.48668E1,-4.4577E1,-1.02E0));
#328=LINE('',#327,#326);
#329=DIRECTION('',(1.E0,0.E0,0.E0));
#330=VECTOR('',#329,6.096E-1);
#331=CARTESIAN_POINT('',(2.42572E1,-4.4577E1,-1.011566109939E0));
#332=LINE('',#331,#330);
#333=DIRECTION('',(0.E0,0.E0,1.E0));
#334=VECTOR('',#333,8.433890060814E-3);
#335=CARTESIAN_POINT('',(2.42572E1,-4.4577E1,-1.02E0));
#336=LINE('',#335,#334);
#337=DIRECTION('',(0.E0,0.E0,1.E0));
#338=VECTOR('',#337,8.433890060814E-3);
#339=CARTESIAN_POINT('',(2.23268E1,-4.4577E1,-1.02E0));
#340=LINE('',#339,#338);
#341=DIRECTION('',(1.E0,0.E0,0.E0));
#342=VECTOR('',#341,6.096E-1);
#343=CARTESIAN_POINT('',(2.17172E1,-4.4577E1,-1.011566109939E0));
#344=LINE('',#343,#342);
#345=DIRECTION('',(0.E0,0.E0,1.E0));
#346=VECTOR('',#345,8.433890060814E-3);
#347=CARTESIAN_POINT('',(2.17172E1,-4.4577E1,-1.02E0));
#348=LINE('',#347,#346);
#349=DIRECTION('',(0.E0,-1.E0,0.E0));
#350=VECTOR('',#349,8.88E-1);
#351=CARTESIAN_POINT('',(2.1387E1,-4.4577E1,0.E0));
#352=LINE('',#351,#350);
#353=DIRECTION('',(7.071067811865E-1,-7.071067811866E-1,0.E0));
#354=VECTOR('',#353,5.374011537017E-1);
#355=CARTESIAN_POINT('',(2.1387E1,-4.5465E1,0.E0));
#356=LINE('',#355,#354);
#357=DIRECTION('',(0.E0,-1.E0,0.E0));
#358=VECTOR('',#357,1.3932E1);
#359=CARTESIAN_POINT('',(2.1767E1,-4.5845E1,0.E0));
#360=LINE('',#359,#358);
#361=DIRECTION('',(1.E0,0.E0,0.E0));
#362=VECTOR('',#361,5.100000000001E-1);
#363=CARTESIAN_POINT('',(2.1767E1,-5.9777E1,0.E0));
#364=LINE('',#363,#362);
#365=DIRECTION('',(0.E0,1.E0,0.E0));
#366=VECTOR('',#365,1.3932E1);
#367=CARTESIAN_POINT('',(2.2277E1,-5.9777E1,0.E0));
#368=LINE('',#367,#366);
#369=DIRECTION('',(7.071067811865E-1,7.071067811866E-1,0.E0));
#370=VECTOR('',#369,5.374011537017E-1);
#371=CARTESIAN_POINT('',(2.2277E1,-4.5845E1,0.E0));
#372=LINE('',#371,#370);
#373=DIRECTION('',(0.E0,1.E0,0.E0));
#374=VECTOR('',#373,8.88E-1);
#375=CARTESIAN_POINT('',(2.2657E1,-4.5465E1,0.E0));
#376=LINE('',#375,#374);
#377=DIRECTION('',(-2.808163401705E-14,-1.E0,0.E0));
#378=VECTOR('',#377,2.530275607640E-1);
#379=CARTESIAN_POINT('',(2.23268E1,-4.4577E1,0.E0));
#380=LINE('',#379,#378);
#381=DIRECTION('',(-1.E0,0.E0,0.E0));
#382=VECTOR('',#381,6.096E-1);
#383=CARTESIAN_POINT('',(2.23268E1,-4.5338E1,0.E0));
#384=LINE('',#383,#382);
#385=DIRECTION('',(-4.212245102557E-14,-1.E0,0.E0));
#386=VECTOR('',#385,2.530275607640E-1);
#387=CARTESIAN_POINT('',(2.17172E1,-4.4577E1,0.E0));
#388=LINE('',#387,#386);
#389=DIRECTION('',(-1.421085471520E-14,0.E0,1.E0));
#390=VECTOR('',#389,2.5E-1);
#391=CARTESIAN_POINT('',(2.1387E1,-4.2925E1,0.E0));
#392=LINE('',#391,#390);
#393=DIRECTION('',(0.E0,0.E0,1.E0));
#394=VECTOR('',#393,2.5E-1);
#395=CARTESIAN_POINT('',(2.17172E1,-4.2925E1,0.E0));
#396=LINE('',#395,#394);
#397=DIRECTION('',(0.E0,1.E0,0.E0));
#398=VECTOR('',#397,2.159E0);
#399=CARTESIAN_POINT('',(2.17172E1,-4.5084E1,2.5E-1));
#400=LINE('',#399,#398);
#401=CARTESIAN_POINT('',(2.23268E1,-4.5084E1,-4.E-3));
#402=DIRECTION('',(1.E0,0.E0,0.E0));
#403=DIRECTION('',(0.E0,9.998759920630E-1,1.574803149606E-2));
#404=AXIS2_PLACEMENT_3D('',#401,#402,#403);
#406=CARTESIAN_POINT('',(2.17172E1,-4.5084E1,-4.E-3));
#407=DIRECTION('',(-1.E0,0.E0,0.E0));
#408=DIRECTION('',(0.E0,0.E0,1.E0));
#409=AXIS2_PLACEMENT_3D('',#406,#407,#408);
#411=DIRECTION('',(0.E0,-1.E0,0.E0));
#412=VECTOR('',#411,2.159E0);
#413=CARTESIAN_POINT('',(2.23268E1,-4.2925E1,2.5E-1));
#414=LINE('',#413,#412);
#415=DIRECTION('',(0.E0,2.842170943040E-14,1.E0));
#416=VECTOR('',#415,2.5E-1);
#417=CARTESIAN_POINT('',(2.2657E1,-4.2925E1,0.E0));
#418=LINE('',#417,#416);
#419=DIRECTION('',(0.E0,0.E0,1.E0));
#420=VECTOR('',#419,2.5E-1);
#421=CARTESIAN_POINT('',(2.23268E1,-4.2925E1,0.E0));
#422=LINE('',#421,#420);
#423=DIRECTION('',(0.E0,2.842170943040E-14,1.E0));
#424=VECTOR('',#423,2.5E-1);
#425=CARTESIAN_POINT('',(2.2657E1,-4.5465E1,0.E0));
#426=LINE('',#425,#424);
#427=DIRECTION('',(0.E0,0.E0,1.E0));
#428=VECTOR('',#427,2.5E-1);
#429=CARTESIAN_POINT('',(2.2277E1,-4.5845E1,0.E0));
#430=LINE('',#429,#428);
#431=DIRECTION('',(0.E0,0.E0,1.E0));
#432=VECTOR('',#431,2.5E-1);
#433=CARTESIAN_POINT('',(2.2277E1,-5.9777E1,0.E0));
#434=LINE('',#433,#432);
#435=DIRECTION('',(0.E0,0.E0,1.E0));
#436=VECTOR('',#435,2.5E-1);
#437=CARTESIAN_POINT('',(2.1767E1,-5.9777E1,0.E0));
#438=LINE('',#437,#436);
#439=DIRECTION('',(0.E0,0.E0,1.E0));
#440=VECTOR('',#439,2.5E-1);
#441=CARTESIAN_POINT('',(2.1767E1,-4.5845E1,0.E0));
#442=LINE('',#441,#440);
#443=DIRECTION('',(0.E0,0.E0,1.E0));
#444=VECTOR('',#443,2.5E-1);
#445=CARTESIAN_POINT('',(2.1387E1,-4.5465E1,0.E0));
#446=LINE('',#445,#444);
#447=DIRECTION('',(1.E0,0.E0,0.E0));
#448=VECTOR('',#447,5.100000000001E-1);
#449=CARTESIAN_POINT('',(2.1767E1,-5.9777E1,2.5E-1));
#450=LINE('',#449,#448);
#451=DIRECTION('',(0.E0,-1.E0,0.E0));
#452=VECTOR('',#451,1.3932E1);
#453=CARTESIAN_POINT('',(2.1767E1,-4.5845E1,2.5E-1));
#454=LINE('',#453,#452);
#455=DIRECTION('',(7.071067811865E-1,-7.071067811866E-1,0.E0));
#456=VECTOR('',#455,5.374011537017E-1);
#457=CARTESIAN_POINT('',(2.1387E1,-4.5465E1,2.5E-1));
#458=LINE('',#457,#456);
#459=DIRECTION('',(0.E0,-1.E0,0.E0));
#460=VECTOR('',#459,2.54E0);
#461=CARTESIAN_POINT('',(2.1387E1,-4.2925E1,2.5E-1));
#462=LINE('',#461,#460);
#463=DIRECTION('',(-1.E0,0.E0,0.E0));
#464=VECTOR('',#463,3.302E-1);
#465=CARTESIAN_POINT('',(2.17172E1,-4.2925E1,2.5E-1));
#466=LINE('',#465,#464);
#467=DIRECTION('',(-1.E0,0.E0,0.E0));
#468=VECTOR('',#467,6.096E-1);
#469=CARTESIAN_POINT('',(2.23268E1,-4.5084E1,2.5E-1));
#470=LINE('',#469,#468);
#471=DIRECTION('',(-1.E0,0.E0,0.E0));
#472=VECTOR('',#471,3.302E-1);
#473=CARTESIAN_POINT('',(2.2657E1,-4.2925E1,2.5E-1));
#474=LINE('',#473,#472);
#475=DIRECTION('',(0.E0,1.E0,0.E0));
#476=VECTOR('',#475,2.54E0);
#477=CARTESIAN_POINT('',(2.2657E1,-4.5465E1,2.5E-1));
#478=LINE('',#477,#476);
#479=DIRECTION('',(7.071067811865E-1,7.071067811866E-1,0.E0));
#480=VECTOR('',#479,5.374011537017E-1);
#481=CARTESIAN_POINT('',(2.2277E1,-4.5845E1,2.5E-1));
#482=LINE('',#481,#480);
#483=DIRECTION('',(0.E0,1.E0,0.E0));
#484=VECTOR('',#483,1.3932E1);
#485=CARTESIAN_POINT('',(2.2277E1,-5.9777E1,2.5E-1));
#486=LINE('',#485,#484);
#487=CARTESIAN_POINT('',(2.17172E1,-4.45252E1,-7.112E-1));
#488=DIRECTION('',(-1.E0,0.E0,0.E0));
#489=DIRECTION('',(0.E0,-1.699475065617E-1,-9.854531165984E-1));
#490=AXIS2_PLACEMENT_3D('',#487,#488,#489);
#492=DIRECTION('',(0.E0,0.E0,1.E0));
#493=VECTOR('',#492,7.072E-1);
#494=CARTESIAN_POINT('',(2.17172E1,-4.483E1,-7.112E-1));
#495=LINE('',#494,#493);
#496=CARTESIAN_POINT('',(2.17172E1,-4.5084E1,-4.E-3));
#497=DIRECTION('',(-1.E0,0.E0,0.E0));
#498=DIRECTION('',(0.E0,9.998759920630E-1,1.574803149606E-2));
#499=AXIS2_PLACEMENT_3D('',#496,#497,#498);
#501=DIRECTION('',(-2.098173092310E-14,-1.E0,0.E0));
#502=VECTOR('',#501,5.079724392360E-1);
#503=CARTESIAN_POINT('',(2.17172E1,-4.483002756076E1,0.E0));
#504=LINE('',#503,#502);
#505=DIRECTION('',(0.E0,0.E0,-1.E0));
#506=VECTOR('',#505,4.572E-1);
#507=CARTESIAN_POINT('',(2.17172E1,-4.5084E1,-2.54E-1));
#508=LINE('',#507,#506);
#509=CARTESIAN_POINT('',(2.17172E1,-4.45252E1,-7.112E-1));
#510=DIRECTION('',(1.E0,0.E0,0.E0));
#511=DIRECTION('',(0.E0,-1.E0,0.E0));
#512=AXIS2_PLACEMENT_3D('',#509,#510,#511);
#514=DIRECTION('',(0.E0,9.918563908467E-1,1.273612968548E-1));
#515=VECTOR('',#514,7.570205017039E-1);
#516=CARTESIAN_POINT('',(2.17172E1,-4.445403050732E1,-1.265449351205E0));
#517=LINE('',#516,#515);
#518=CARTESIAN_POINT('',(2.17172E1,-4.3687E1,-1.295E0));
#519=DIRECTION('',(-1.E0,0.E0,0.E0));
#520=DIRECTION('',(0.E0,-1.273612968548E-1,9.918563908467E-1));
#521=AXIS2_PLACEMENT_3D('',#518,#519,#520);
#523=DIRECTION('',(0.E0,6.062263139585E-1,-7.952921829518E-1));
#524=VECTOR('',#523,7.571325554944E-1);
#525=CARTESIAN_POINT('',(2.17172E1,-4.358599789277E1,-1.218009258127E0));
#526=LINE('',#525,#524);
#527=DIRECTION('',(0.E0,7.952921829518E-1,6.062263139586E-1));
#528=VECTOR('',#527,2.54E-1);
#529=CARTESIAN_POINT('',(2.17172E1,-4.312700421447E1,-1.820150860970E0));
#530=LINE('',#529,#528);
#531=DIRECTION('',(0.E0,-6.062263139585E-1,7.952921829518E-1));
#532=VECTOR('',#531,7.571325554944E-1);
#533=CARTESIAN_POINT('',(2.17172E1,-4.2925E1,-1.666169377225E0));
#534=LINE('',#533,#532);
#535=CARTESIAN_POINT('',(2.17172E1,-4.3687E1,-1.295E0));
#536=DIRECTION('',(1.E0,0.E0,0.E0));
#537=DIRECTION('',(0.E0,7.952921829518E-1,6.062263139585E-1));
#538=AXIS2_PLACEMENT_3D('',#535,#536,#537);
#540=DIRECTION('',(0.E0,1.E0,0.E0));
#541=VECTOR('',#540,1.153696795582E0);
#542=CARTESIAN_POINT('',(2.17172E1,-4.4577E1,-1.02E0));
#543=LINE('',#542,#541);
#544=DIRECTION('',(1.E0,0.E0,0.E0));
#545=VECTOR('',#544,6.096E-1);
#546=CARTESIAN_POINT('',(2.17172E1,-4.342330320442E1,-1.02E0));
#547=LINE('',#546,#545);
#548=DIRECTION('',(0.E0,1.E0,0.E0));
#549=VECTOR('',#548,1.153696795582E0);
#550=CARTESIAN_POINT('',(2.23268E1,-4.4577E1,-1.02E0));
#551=LINE('',#550,#549);
#552=DIRECTION('',(-1.E0,0.E0,0.E0));
#553=VECTOR('',#552,1.9304E0);
#554=CARTESIAN_POINT('',(2.42572E1,-4.4577E1,-1.02E0));
#555=LINE('',#554,#553);
#556=DIRECTION('',(0.E0,1.E0,0.E0));
#557=VECTOR('',#556,1.153696795582E0);
#558=CARTESIAN_POINT('',(2.42572E1,-4.4577E1,-1.02E0));
#559=LINE('',#558,#557);
#560=DIRECTION('',(1.E0,0.E0,0.E0));
#561=VECTOR('',#560,6.096E-1);
#562=CARTESIAN_POINT('',(2.42572E1,-4.342330320442E1,-1.02E0));
#563=LINE('',#562,#561);
#564=DIRECTION('',(0.E0,1.E0,0.E0));
#565=VECTOR('',#564,1.153696795582E0);
#566=CARTESIAN_POINT('',(2.48668E1,-4.4577E1,-1.02E0));
#567=LINE('',#566,#565);
#568=DIRECTION('',(-1.E0,0.E0,0.E0));
#569=VECTOR('',#568,1.9304E0);
#570=CARTESIAN_POINT('',(2.67972E1,-4.4577E1,-1.02E0));
#571=LINE('',#570,#569);
#572=DIRECTION('',(0.E0,1.E0,0.E0));
#573=VECTOR('',#572,1.153696795582E0);
#574=CARTESIAN_POINT('',(2.67972E1,-4.4577E1,-1.02E0));
#575=LINE('',#574,#573);
#576=DIRECTION('',(1.E0,0.E0,0.E0));
#577=VECTOR('',#576,6.096E-1);
#578=CARTESIAN_POINT('',(2.67972E1,-4.342330320442E1,-1.02E0));
#579=LINE('',#578,#577);
#580=DIRECTION('',(0.E0,1.E0,0.E0));
#581=VECTOR('',#580,1.153696795582E0);
#582=CARTESIAN_POINT('',(2.74068E1,-4.4577E1,-1.02E0));
#583=LINE('',#582,#581);
#584=DIRECTION('',(-1.E0,0.E0,0.E0));
#585=VECTOR('',#584,1.9304E0);
#586=CARTESIAN_POINT('',(2.93372E1,-4.4577E1,-1.02E0));
#587=LINE('',#586,#585);
#588=DIRECTION('',(0.E0,1.E0,0.E0));
#589=VECTOR('',#588,1.153696795582E0);
#590=CARTESIAN_POINT('',(2.93372E1,-4.4577E1,-1.02E0));
#591=LINE('',#590,#589);
#592=DIRECTION('',(1.E0,0.E0,0.E0));
#593=VECTOR('',#592,6.096E-1);
#594=CARTESIAN_POINT('',(2.93372E1,-4.342330320442E1,-1.02E0));
#595=LINE('',#594,#593);
#596=DIRECTION('',(0.E0,1.E0,0.E0));
#597=VECTOR('',#596,1.153696795582E0);
#598=CARTESIAN_POINT('',(2.99468E1,-4.4577E1,-1.02E0));
#599=LINE('',#598,#597);
#600=DIRECTION('',(-1.E0,0.E0,0.E0));
#601=VECTOR('',#600,8.38E-1);
#602=CARTESIAN_POINT('',(3.07848E1,-4.4577E1,-1.02E0));
#603=LINE('',#602,#601);
#604=DIRECTION('',(0.E0,-1.E0,0.E0));
#605=VECTOR('',#604,9.906E0);
#606=CARTESIAN_POINT('',(3.07848E1,-3.4671E1,-1.02E0));
#607=LINE('',#606,#605);
#608=DIRECTION('',(1.E0,0.E0,0.E0));
#609=VECTOR('',#608,9.906E0);
#610=CARTESIAN_POINT('',(2.08788E1,-3.4671E1,-1.02E0));
#611=LINE('',#610,#609);
#612=DIRECTION('',(0.E0,1.E0,0.E0));
#613=VECTOR('',#612,9.906E0);
#614=CARTESIAN_POINT('',(2.08788E1,-4.4577E1,-1.02E0));
#615=LINE('',#614,#613);
#616=DIRECTION('',(-1.E0,0.E0,0.E0));
#617=VECTOR('',#616,8.384E-1);
#618=CARTESIAN_POINT('',(2.17172E1,-4.4577E1,-1.02E0));
#619=LINE('',#618,#617);
#620=DIRECTION('',(-1.E0,0.E0,0.E0));
#621=VECTOR('',#620,8.384038686167E0);
#622=CARTESIAN_POINT('',(3.002381934308E1,-4.191074291893E1,-1.02E0));
#623=LINE('',#622,#621);
#624=CARTESIAN_POINT('',(2.163978065692E1,-4.191074291893E1,-1.02E0));
#625=CARTESIAN_POINT('',(2.161551190371E1,-4.191074291893E1,-1.02E0));
#626=CARTESIAN_POINT('',(2.156749576125E1,-4.190729114521E1,-1.02E0));
#627=CARTESIAN_POINT('',(2.149633266691E1,-4.189188116976E1,-1.02E0));
#628=CARTESIAN_POINT('',(2.142813942488E1,-4.186643761218E1,-1.02E0));
#629=CARTESIAN_POINT('',(2.136444025495E1,-4.183167483449E1,-1.02E0));
#630=CARTESIAN_POINT('',(2.130605177411E1,-4.178798030936E1,-1.02E0));
#631=CARTESIAN_POINT('',(2.125478495465E1,-4.173672701317E1,-1.02E0));
#632=CARTESIAN_POINT('',(2.121105335780E1,-4.167830396392E1,-1.02E0));
#633=CARTESIAN_POINT('',(2.117629078682E1,-4.161462626883E1,-1.02E0));
#634=CARTESIAN_POINT('',(2.115081732315E1,-4.154636758446E1,-1.02E0));
#635=CARTESIAN_POINT('',(2.113541344578E1,-4.147522943298E1,-1.02E0));
#636=CARTESIAN_POINT('',(2.113195708107E1,-4.142719682469E1,-1.02E0));
#637=CARTESIAN_POINT('',(2.113195708107E1,-4.140291934308E1,-1.02E0));
#639=DIRECTION('',(0.E0,1.E0,0.E0));
#640=VECTOR('',#639,5.974038686167E0);
#641=CARTESIAN_POINT('',(2.113195708107E1,-4.140291934308E1,-1.02E0));
#642=LINE('',#641,#640);
#643=CARTESIAN_POINT('',(2.113195708107E1,-3.542888065692E1,-1.02E0));
#644=CARTESIAN_POINT('',(2.113195708107E1,-3.540461190371E1,-1.02E0));
#645=CARTESIAN_POINT('',(2.113540885479E1,-3.535659576125E1,-1.02E0));
#646=CARTESIAN_POINT('',(2.115081883024E1,-3.528543266691E1,-1.02E0));
#647=CARTESIAN_POINT('',(2.117626238782E1,-3.521723942488E1,-1.02E0));
#648=CARTESIAN_POINT('',(2.121102516551E1,-3.515354025495E1,-1.02E0));
#649=CARTESIAN_POINT('',(2.125471969064E1,-3.509515177411E1,-1.02E0));
#650=CARTESIAN_POINT('',(2.130597298683E1,-3.504388495465E1,-1.02E0));
#651=CARTESIAN_POINT('',(2.136439603608E1,-3.500015335780E1,-1.02E0));
#652=CARTESIAN_POINT('',(2.142807373117E1,-3.496539078682E1,-1.02E0));
#653=CARTESIAN_POINT('',(2.149633241554E1,-3.493991732315E1,-1.02E0));
#654=CARTESIAN_POINT('',(2.156747056702E1,-3.492451344578E1,-1.02E0));
#655=CARTESIAN_POINT('',(2.161550317531E1,-3.492105708107E1,-1.02E0));
#656=CARTESIAN_POINT('',(2.163978065692E1,-3.492105708107E1,-1.02E0));
#658=DIRECTION('',(1.E0,0.E0,0.E0));
#659=VECTOR('',#658,8.384038686167E0);
#660=CARTESIAN_POINT('',(2.163978065692E1,-3.492105708107E1,-1.02E0));
#661=LINE('',#660,#659);
#662=CARTESIAN_POINT('',(3.002381934308E1,-3.492105708107E1,-1.02E0));
#663=CARTESIAN_POINT('',(3.004808809629E1,-3.492105708107E1,-1.02E0));
#664=CARTESIAN_POINT('',(3.009610423875E1,-3.492450885479E1,-1.02E0));
#665=CARTESIAN_POINT('',(3.016726733309E1,-3.493991883024E1,-1.02E0));
#666=CARTESIAN_POINT('',(3.023546057512E1,-3.496536238782E1,-1.02E0));
#667=CARTESIAN_POINT('',(3.029915974505E1,-3.500012516551E1,-1.02E0));
#668=CARTESIAN_POINT('',(3.035754822589E1,-3.504381969064E1,-1.02E0));
#669=CARTESIAN_POINT('',(3.040881504535E1,-3.509507298683E1,-1.02E0));
#670=CARTESIAN_POINT('',(3.045254664220E1,-3.515349603608E1,-1.02E0));
#671=CARTESIAN_POINT('',(3.048730921318E1,-3.521717373117E1,-1.02E0));
#672=CARTESIAN_POINT('',(3.051278267685E1,-3.528543241554E1,-1.02E0));
#673=CARTESIAN_POINT('',(3.052818655422E1,-3.535657056702E1,-1.02E0));
#674=CARTESIAN_POINT('',(3.053164291893E1,-3.540460317531E1,-1.02E0));
#675=CARTESIAN_POINT('',(3.053164291893E1,-3.542888065692E1,-1.02E0));
#677=DIRECTION('',(0.E0,-1.E0,0.E0));
#678=VECTOR('',#677,5.974038686167E0);
#679=CARTESIAN_POINT('',(3.053164291893E1,-3.542888065692E1,-1.02E0));
#680=LINE('',#679,#678);
#681=CARTESIAN_POINT('',(3.053164291893E1,-4.140291934308E1,-1.02E0));
#682=CARTESIAN_POINT('',(3.053164291893E1,-4.142718809629E1,-1.02E0));
#683=CARTESIAN_POINT('',(3.052819114521E1,-4.147520423875E1,-1.02E0));
#684=CARTESIAN_POINT('',(3.051278116976E1,-4.154636733309E1,-1.02E0));
#685=CARTESIAN_POINT('',(3.048733761218E1,-4.161456057512E1,-1.02E0));
#686=CARTESIAN_POINT('',(3.045257483449E1,-4.167825974505E1,-1.02E0));
#687=CARTESIAN_POINT('',(3.040888030936E1,-4.173664822589E1,-1.02E0));
#688=CARTESIAN_POINT('',(3.035762701317E1,-4.178791504535E1,-1.02E0));
#689=CARTESIAN_POINT('',(3.029920396392E1,-4.183164664220E1,-1.02E0));
#690=CARTESIAN_POINT('',(3.023552626883E1,-4.186640921318E1,-1.02E0));
#691=CARTESIAN_POINT('',(3.016726758446E1,-4.189188267685E1,-1.02E0));
#692=CARTESIAN_POINT('',(3.009612943298E1,-4.190728655422E1,-1.02E0));
#693=CARTESIAN_POINT('',(3.004809682469E1,-4.191074291893E1,-1.02E0));
#694=CARTESIAN_POINT('',(3.002381934308E1,-4.191074291893E1,-1.02E0));
#696=DIRECTION('',(1.E0,0.E0,0.E0));
#697=VECTOR('',#696,6.096E-1);
#698=CARTESIAN_POINT('',(2.17172E1,-4.338399367830E1,-1.064027774382E0));
#699=LINE('',#698,#697);
#700=DIRECTION('',(1.E0,0.E0,0.E0));
#701=VECTOR('',#700,6.096E-1);
#702=CARTESIAN_POINT('',(2.17172E1,-4.2925E1,-1.666169377225E0));
#703=LINE('',#702,#701);
#704=DIRECTION('',(1.E0,-1.165588477297E-14,0.E0));
#705=VECTOR('',#704,6.096E-1);
#706=CARTESIAN_POINT('',(2.17172E1,-4.312700421447E1,-1.820150860970E0));
#707=LINE('',#706,#705);
#708=DIRECTION('',(1.E0,0.E0,0.E0));
#709=VECTOR('',#708,6.096E-1);
#710=CARTESIAN_POINT('',(2.17172E1,-4.358599789277E1,-1.218009258127E0));
#711=LINE('',#710,#709);
#712=DIRECTION('',(1.E0,0.E0,0.E0));
#713=VECTOR('',#712,6.096E-1);
#714=CARTESIAN_POINT('',(2.17172E1,-4.370317488470E1,-1.169034238362E0));
#715=LINE('',#714,#713);
#716=DIRECTION('',(1.E0,0.E0,0.E0));
#717=VECTOR('',#716,6.096E-1);
#718=CARTESIAN_POINT('',(2.17172E1,-4.445403050732E1,-1.265449351205E0));
#719=LINE('',#718,#717);
#720=DIRECTION('',(1.E0,0.E0,0.E0));
#721=VECTOR('',#720,6.096E-1);
#722=CARTESIAN_POINT('',(2.17172E1,-4.5084E1,-7.112E-1));
#723=LINE('',#722,#721);
#724=DIRECTION('',(-1.E0,0.E0,0.E0));
#725=VECTOR('',#724,6.096E-1);
#726=CARTESIAN_POINT('',(2.23268E1,-4.5084E1,-2.54E-1));
#727=LINE('',#726,#725);
#728=CARTESIAN_POINT('',(2.23268E1,-4.5338E1,-2.54E-1));
#729=DIRECTION('',(-1.E0,0.E0,0.E0));
#730=DIRECTION('',(0.E0,0.E0,1.E0));
#731=AXIS2_PLACEMENT_3D('',#728,#729,#730);
#733=CARTESIAN_POINT('',(2.17172E1,-4.5338E1,-2.54E-1));
#734=DIRECTION('',(1.E0,0.E0,0.E0));
#735=DIRECTION('',(0.E0,1.E0,0.E0));
#736=AXIS2_PLACEMENT_3D('',#733,#734,#735);
#738=CARTESIAN_POINT('',(2.23268E1,-4.3687E1,-1.295E0));
#739=DIRECTION('',(1.E0,0.E0,0.E0));
#740=DIRECTION('',(0.E0,7.952921829518E-1,6.062263139585E-1));
#741=AXIS2_PLACEMENT_3D('',#738,#739,#740);
#743=DIRECTION('',(0.E0,-6.062263139585E-1,7.952921829518E-1));
#744=VECTOR('',#743,7.571325554944E-1);
#745=CARTESIAN_POINT('',(2.23268E1,-4.2925E1,-1.666169377225E0));
#746=LINE('',#745,#744);
#747=DIRECTION('',(0.E0,7.952921829518E-1,6.062263139586E-1));
#748=VECTOR('',#747,2.54E-1);
#749=CARTESIAN_POINT('',(2.23268E1,-4.312700421447E1,-1.820150860970E0));
#750=LINE('',#749,#748);
#751=DIRECTION('',(0.E0,6.062263139585E-1,-7.952921829518E-1));
#752=VECTOR('',#751,7.571325554944E-1);
#753=CARTESIAN_POINT('',(2.23268E1,-4.358599789277E1,-1.218009258127E0));
#754=LINE('',#753,#752);
#755=CARTESIAN_POINT('',(2.23268E1,-4.3687E1,-1.295E0));
#756=DIRECTION('',(-1.E0,0.E0,0.E0));
#757=DIRECTION('',(0.E0,-1.273612968548E-1,9.918563908467E-1));
#758=AXIS2_PLACEMENT_3D('',#755,#756,#757);
#760=DIRECTION('',(0.E0,9.918563908467E-1,1.273612968548E-1));
#761=VECTOR('',#760,7.570205017039E-1);
#762=CARTESIAN_POINT('',(2.23268E1,-4.445403050732E1,-1.265449351205E0));
#763=LINE('',#762,#761);
#764=CARTESIAN_POINT('',(2.23268E1,-4.45252E1,-7.112E-1));
#765=DIRECTION('',(1.E0,0.E0,0.E0));
#766=DIRECTION('',(0.E0,-1.E0,0.E0));
#767=AXIS2_PLACEMENT_3D('',#764,#765,#766);
#769=DIRECTION('',(0.E0,0.E0,-1.E0));
#770=VECTOR('',#769,4.572E-1);
#771=CARTESIAN_POINT('',(2.23268E1,-4.5084E1,-2.54E-1));
#772=LINE('',#771,#770);
#773=DIRECTION('',(2.098173092310E-14,1.E0,0.E0));
#774=VECTOR('',#773,5.079724392360E-1);
#775=CARTESIAN_POINT('',(2.23268E1,-4.5338E1,0.E0));
#776=LINE('',#775,#774);
#777=CARTESIAN_POINT('',(2.23268E1,-4.5084E1,-4.E-3));
#778=DIRECTION('',(1.E0,0.E0,0.E0));
#779=DIRECTION('',(0.E0,1.E0,0.E0));
#780=AXIS2_PLACEMENT_3D('',#777,#778,#779);
#782=DIRECTION('',(0.E0,0.E0,1.E0));
#783=VECTOR('',#782,7.072E-1);
#784=CARTESIAN_POINT('',(2.23268E1,-4.483E1,-7.112E-1));
#785=LINE('',#784,#783);
#786=CARTESIAN_POINT('',(2.23268E1,-4.45252E1,-7.112E-1));
#787=DIRECTION('',(-1.E0,0.E0,0.E0));
#788=DIRECTION('',(0.E0,-1.699475065617E-1,-9.854531165984E-1));
#789=AXIS2_PLACEMENT_3D('',#786,#787,#788);
#791=DIRECTION('',(1.E0,0.E0,0.E0));
#792=VECTOR('',#791,6.096E-1);
#793=CARTESIAN_POINT('',(2.17172E1,-4.483E1,-7.112E-1));
#794=LINE('',#793,#792);
#795=DIRECTION('',(-1.E0,0.E0,0.E0));
#796=VECTOR('',#795,6.096E-1);
#797=CARTESIAN_POINT('',(2.23268E1,-4.483E1,-4.E-3));
#798=LINE('',#797,#796);
#799=CARTESIAN_POINT('',(2.42572E1,-4.45252E1,-7.112E-1));
#800=DIRECTION('',(-1.E0,0.E0,0.E0));
#801=DIRECTION('',(0.E0,-1.699475065617E-1,-9.854531165984E-1));
#802=AXIS2_PLACEMENT_3D('',#799,#800,#801);
#804=DIRECTION('',(0.E0,0.E0,1.E0));
#805=VECTOR('',#804,7.072E-1);
#806=CARTESIAN_POINT('',(2.42572E1,-4.483E1,-7.112E-1));
#807=LINE('',#806,#805);
#808=CARTESIAN_POINT('',(2.42572E1,-4.5084E1,-4.E-3));
#809=DIRECTION('',(-1.E0,0.E0,0.E0));
#810=DIRECTION('',(0.E0,9.998759920630E-1,1.574803149606E-2));
#811=AXIS2_PLACEMENT_3D('',#808,#809,#810);
#813=DIRECTION('',(0.E0,-1.E0,0.E0));
#814=VECTOR('',#813,5.079724392360E-1);
#815=CARTESIAN_POINT('',(2.42572E1,-4.483002756076E1,0.E0));
#816=LINE('',#815,#814);
#817=DIRECTION('',(0.E0,0.E0,-1.E0));
#818=VECTOR('',#817,4.572E-1);
#819=CARTESIAN_POINT('',(2.42572E1,-4.5084E1,-2.54E-1));
#820=LINE('',#819,#818);
#821=CARTESIAN_POINT('',(2.42572E1,-4.45252E1,-7.112E-1));
#822=DIRECTION('',(1.E0,0.E0,0.E0));
#823=DIRECTION('',(0.E0,-1.E0,0.E0));
#824=AXIS2_PLACEMENT_3D('',#821,#822,#823);
#826=DIRECTION('',(0.E0,9.918563908467E-1,1.273612968548E-1));
#827=VECTOR('',#826,7.570205017039E-1);
#828=CARTESIAN_POINT('',(2.42572E1,-4.445403050732E1,-1.265449351205E0));
#829=LINE('',#828,#827);
#830=CARTESIAN_POINT('',(2.42572E1,-4.3687E1,-1.295E0));
#831=DIRECTION('',(-1.E0,0.E0,0.E0));
#832=DIRECTION('',(0.E0,-1.273612968548E-1,9.918563908467E-1));
#833=AXIS2_PLACEMENT_3D('',#830,#831,#832);
#835=DIRECTION('',(0.E0,6.062263139585E-1,-7.952921829518E-1));
#836=VECTOR('',#835,7.571325554944E-1);
#837=CARTESIAN_POINT('',(2.42572E1,-4.358599789277E1,-1.218009258127E0));
#838=LINE('',#837,#836);
#839=DIRECTION('',(0.E0,7.952921829518E-1,6.062263139586E-1));
#840=VECTOR('',#839,2.54E-1);
#841=CARTESIAN_POINT('',(2.42572E1,-4.312700421447E1,-1.820150860970E0));
#842=LINE('',#841,#840);
#843=DIRECTION('',(0.E0,-6.062263139585E-1,7.952921829518E-1));
#844=VECTOR('',#843,7.571325554944E-1);
#845=CARTESIAN_POINT('',(2.42572E1,-4.2925E1,-1.666169377225E0));
#846=LINE('',#845,#844);
#847=CARTESIAN_POINT('',(2.42572E1,-4.3687E1,-1.295E0));
#848=DIRECTION('',(1.E0,0.E0,0.E0));
#849=DIRECTION('',(0.E0,7.952921829518E-1,6.062263139585E-1));
#850=AXIS2_PLACEMENT_3D('',#847,#848,#849);
#852=CARTESIAN_POINT('',(2.48668E1,-4.3687E1,-1.295E0));
#853=DIRECTION('',(1.E0,0.E0,0.E0));
#854=DIRECTION('',(0.E0,7.952921829518E-1,6.062263139585E-1));
#855=AXIS2_PLACEMENT_3D('',#852,#853,#854);
#857=DIRECTION('',(0.E0,-6.062263139585E-1,7.952921829518E-1));
#858=VECTOR('',#857,7.571325554944E-1);
#859=CARTESIAN_POINT('',(2.48668E1,-4.2925E1,-1.666169377225E0));
#860=LINE('',#859,#858);
#861=DIRECTION('',(0.E0,7.952921829518E-1,6.062263139586E-1));
#862=VECTOR('',#861,2.54E-1);
#863=CARTESIAN_POINT('',(2.48668E1,-4.312700421447E1,-1.820150860970E0));
#864=LINE('',#863,#862);
#865=DIRECTION('',(0.E0,6.062263139585E-1,-7.952921829518E-1));
#866=VECTOR('',#865,7.571325554944E-1);
#867=CARTESIAN_POINT('',(2.48668E1,-4.358599789277E1,-1.218009258127E0));
#868=LINE('',#867,#866);
#869=CARTESIAN_POINT('',(2.48668E1,-4.3687E1,-1.295E0));
#870=DIRECTION('',(-1.E0,0.E0,0.E0));
#871=DIRECTION('',(0.E0,-1.273612968548E-1,9.918563908467E-1));
#872=AXIS2_PLACEMENT_3D('',#869,#870,#871);
#874=DIRECTION('',(0.E0,9.918563908467E-1,1.273612968548E-1));
#875=VECTOR('',#874,7.570205017039E-1);
#876=CARTESIAN_POINT('',(2.48668E1,-4.445403050732E1,-1.265449351205E0));
#877=LINE('',#876,#875);
#878=CARTESIAN_POINT('',(2.48668E1,-4.45252E1,-7.112E-1));
#879=DIRECTION('',(1.E0,0.E0,0.E0));
#880=DIRECTION('',(0.E0,-1.E0,0.E0));
#881=AXIS2_PLACEMENT_3D('',#878,#879,#880);
#883=DIRECTION('',(0.E0,0.E0,-1.E0));
#884=VECTOR('',#883,4.572E-1);
#885=CARTESIAN_POINT('',(2.48668E1,-4.5084E1,-2.54E-1));
#886=LINE('',#885,#884);
#887=DIRECTION('',(0.E0,1.E0,0.E0));
#888=VECTOR('',#887,5.079724392360E-1);
#889=CARTESIAN_POINT('',(2.48668E1,-4.5338E1,0.E0));
#890=LINE('',#889,#888);
#891=CARTESIAN_POINT('',(2.48668E1,-4.5084E1,-4.E-3));
#892=DIRECTION('',(1.E0,0.E0,0.E0));
#893=DIRECTION('',(0.E0,1.E0,0.E0));
#894=AXIS2_PLACEMENT_3D('',#891,#892,#893);
#896=DIRECTION('',(0.E0,0.E0,1.E0));
#897=VECTOR('',#896,7.072E-1);
#898=CARTESIAN_POINT('',(2.48668E1,-4.483E1,-7.112E-1));
#899=LINE('',#898,#897);
#900=CARTESIAN_POINT('',(2.48668E1,-4.45252E1,-7.112E-1));
#901=DIRECTION('',(-1.E0,0.E0,0.E0));
#902=DIRECTION('',(0.E0,-1.699475065617E-1,-9.854531165984E-1));
#903=AXIS2_PLACEMENT_3D('',#900,#901,#902);
#905=DIRECTION('',(1.E0,0.E0,0.E0));
#906=VECTOR('',#905,6.096E-1);
#907=CARTESIAN_POINT('',(2.42572E1,-4.338399367830E1,-1.064027774382E0));
#908=LINE('',#907,#906);
#909=DIRECTION('',(1.E0,0.E0,0.E0));
#910=VECTOR('',#909,6.096E-1);
#911=CARTESIAN_POINT('',(2.42572E1,-4.2925E1,-1.666169377225E0));
#912=LINE('',#911,#910);
#913=DIRECTION('',(1.E0,-1.165588477297E-14,0.E0));
#914=VECTOR('',#913,6.096E-1);
#915=CARTESIAN_POINT('',(2.42572E1,-4.312700421447E1,-1.820150860970E0));
#916=LINE('',#915,#914);
#917=DIRECTION('',(1.E0,0.E0,0.E0));
#918=VECTOR('',#917,6.096E-1);
#919=CARTESIAN_POINT('',(2.42572E1,-4.358599789277E1,-1.218009258127E0));
#920=LINE('',#919,#918);
#921=DIRECTION('',(1.E0,0.E0,0.E0));
#922=VECTOR('',#921,6.096E-1);
#923=CARTESIAN_POINT('',(2.42572E1,-4.370317488470E1,-1.169034238362E0));
#924=LINE('',#923,#922);
#925=DIRECTION('',(1.E0,0.E0,0.E0));
#926=VECTOR('',#925,6.096E-1);
#927=CARTESIAN_POINT('',(2.42572E1,-4.445403050732E1,-1.265449351205E0));
#928=LINE('',#927,#926);
#929=DIRECTION('',(1.E0,0.E0,0.E0));
#930=VECTOR('',#929,6.096E-1);
#931=CARTESIAN_POINT('',(2.42572E1,-4.5084E1,-7.112E-1));
#932=LINE('',#931,#930);
#933=DIRECTION('',(-1.E0,0.E0,0.E0));
#934=VECTOR('',#933,6.096E-1);
#935=CARTESIAN_POINT('',(2.48668E1,-4.5084E1,-2.54E-1));
#936=LINE('',#935,#934);
#937=CARTESIAN_POINT('',(2.48668E1,-4.5338E1,-2.54E-1));
#938=DIRECTION('',(-1.E0,0.E0,0.E0));
#939=DIRECTION('',(0.E0,0.E0,1.E0));
#940=AXIS2_PLACEMENT_3D('',#937,#938,#939);
#942=CARTESIAN_POINT('',(2.42572E1,-4.5338E1,-2.54E-1));
#943=DIRECTION('',(1.E0,0.E0,0.E0));
#944=DIRECTION('',(0.E0,1.E0,0.E0));
#945=AXIS2_PLACEMENT_3D('',#942,#943,#944);
#947=DIRECTION('',(0.E0,-1.E0,0.E0));
#948=VECTOR('',#947,8.88E-1);
#949=CARTESIAN_POINT('',(2.3927E1,-4.4577E1,0.E0));
#950=LINE('',#949,#948);
#951=DIRECTION('',(7.071067811865E-1,-7.071067811866E-1,0.E0));
#952=VECTOR('',#951,5.374011537017E-1);
#953=CARTESIAN_POINT('',(2.3927E1,-4.5465E1,0.E0));
#954=LINE('',#953,#952);
#955=DIRECTION('',(0.E0,-1.E0,0.E0));
#956=VECTOR('',#955,1.3932E1);
#957=CARTESIAN_POINT('',(2.4307E1,-4.5845E1,0.E0));
#958=LINE('',#957,#956);
#959=DIRECTION('',(1.E0,0.E0,0.E0));
#960=VECTOR('',#959,5.100000000001E-1);
#961=CARTESIAN_POINT('',(2.4307E1,-5.9777E1,0.E0));
#962=LINE('',#961,#960);
#963=DIRECTION('',(0.E0,1.E0,0.E0));
#964=VECTOR('',#963,1.3932E1);
#965=CARTESIAN_POINT('',(2.4817E1,-5.9777E1,0.E0));
#966=LINE('',#965,#964);
#967=DIRECTION('',(7.071067811865E-1,7.071067811866E-1,0.E0));
#968=VECTOR('',#967,5.374011537017E-1);
#969=CARTESIAN_POINT('',(2.4817E1,-4.5845E1,0.E0));
#970=LINE('',#969,#968);
#971=DIRECTION('',(0.E0,1.E0,0.E0));
#972=VECTOR('',#971,8.88E-1);
#973=CARTESIAN_POINT('',(2.5197E1,-4.5465E1,0.E0));
#974=LINE('',#973,#972);
#975=DIRECTION('',(0.E0,-1.E0,0.E0));
#976=VECTOR('',#975,2.530275607640E-1);
#977=CARTESIAN_POINT('',(2.48668E1,-4.4577E1,0.E0));
#978=LINE('',#977,#976);
#979=DIRECTION('',(-1.E0,0.E0,0.E0));
#980=VECTOR('',#979,6.096E-1);
#981=CARTESIAN_POINT('',(2.48668E1,-4.5338E1,0.E0));
#982=LINE('',#981,#980);
#983=DIRECTION('',(0.E0,-1.E0,0.E0));
#984=VECTOR('',#983,2.530275607640E-1);
#985=CARTESIAN_POINT('',(2.42572E1,-4.4577E1,0.E0));
#986=LINE('',#985,#984);
#987=DIRECTION('',(0.E0,0.E0,1.E0));
#988=VECTOR('',#987,2.5E-1);
#989=CARTESIAN_POINT('',(2.3927E1,-4.2925E1,0.E0));
#990=LINE('',#989,#988);
#991=DIRECTION('',(0.E0,0.E0,1.E0));
#992=VECTOR('',#991,2.5E-1);
#993=CARTESIAN_POINT('',(2.42572E1,-4.2925E1,0.E0));
#994=LINE('',#993,#992);
#995=DIRECTION('',(0.E0,1.E0,0.E0));
#996=VECTOR('',#995,2.159E0);
#997=CARTESIAN_POINT('',(2.42572E1,-4.5084E1,2.5E-1));
#998=LINE('',#997,#996);
#999=CARTESIAN_POINT('',(2.48668E1,-4.5084E1,-4.E-3));
#1000=DIRECTION('',(1.E0,0.E0,0.E0));
#1001=DIRECTION('',(0.E0,9.998759920630E-1,1.574803149606E-2));
#1002=AXIS2_PLACEMENT_3D('',#999,#1000,#1001);
#1004=CARTESIAN_POINT('',(2.42572E1,-4.5084E1,-4.E-3));
#1005=DIRECTION('',(-1.E0,0.E0,0.E0));
#1006=DIRECTION('',(0.E0,0.E0,1.E0));
#1007=AXIS2_PLACEMENT_3D('',#1004,#1005,#1006);
#1009=DIRECTION('',(-1.E0,0.E0,0.E0));
#1010=VECTOR('',#1009,6.096E-1);
#1011=CARTESIAN_POINT('',(2.48668E1,-4.483E1,-4.E-3));
#1012=LINE('',#1011,#1010);
#1013=DIRECTION('',(1.E0,0.E0,0.E0));
#1014=VECTOR('',#1013,6.096E-1);
#1015=CARTESIAN_POINT('',(2.42572E1,-4.483E1,-7.112E-1));
#1016=LINE('',#1015,#1014);
#1017=DIRECTION('',(0.E0,-1.E0,0.E0));
#1018=VECTOR('',#1017,2.159E0);
#1019=CARTESIAN_POINT('',(2.48668E1,-4.2925E1,2.5E-1));
#1020=LINE('',#1019,#1018);
#1021=DIRECTION('',(0.E0,2.842170943040E-14,1.E0));
#1022=VECTOR('',#1021,2.5E-1);
#1023=CARTESIAN_POINT('',(2.5197E1,-4.2925E1,0.E0));
#1024=LINE('',#1023,#1022);
#1025=DIRECTION('',(-1.421085471520E-14,0.E0,1.E0));
#1026=VECTOR('',#1025,2.5E-1);
#1027=CARTESIAN_POINT('',(2.48668E1,-4.2925E1,0.E0));
#1028=LINE('',#1027,#1026);
#1029=DIRECTION('',(0.E0,2.842170943040E-14,1.E0));
#1030=VECTOR('',#1029,2.5E-1);
#1031=CARTESIAN_POINT('',(2.5197E1,-4.5465E1,0.E0));
#1032=LINE('',#1031,#1030);
#1033=DIRECTION('',(0.E0,0.E0,1.E0));
#1034=VECTOR('',#1033,2.5E-1);
#1035=CARTESIAN_POINT('',(2.4817E1,-4.5845E1,0.E0));
#1036=LINE('',#1035,#1034);
#1037=DIRECTION('',(0.E0,0.E0,1.E0));
#1038=VECTOR('',#1037,2.5E-1);
#1039=CARTESIAN_POINT('',(2.4817E1,-5.9777E1,0.E0));
#1040=LINE('',#1039,#1038);
#1041=DIRECTION('',(0.E0,0.E0,1.E0));
#1042=VECTOR('',#1041,2.5E-1);
#1043=CARTESIAN_POINT('',(2.4307E1,-5.9777E1,0.E0));
#1044=LINE('',#1043,#1042);
#1045=DIRECTION('',(0.E0,0.E0,1.E0));
#1046=VECTOR('',#1045,2.5E-1);
#1047=CARTESIAN_POINT('',(2.4307E1,-4.5845E1,0.E0));
#1048=LINE('',#1047,#1046);
#1049=DIRECTION('',(0.E0,0.E0,1.E0));
#1050=VECTOR('',#1049,2.5E-1);
#1051=CARTESIAN_POINT('',(2.3927E1,-4.5465E1,0.E0));
#1052=LINE('',#1051,#1050);
#1053=DIRECTION('',(1.E0,0.E0,0.E0));
#1054=VECTOR('',#1053,5.100000000001E-1);
#1055=CARTESIAN_POINT('',(2.4307E1,-5.9777E1,2.5E-1));
#1056=LINE('',#1055,#1054);
#1057=DIRECTION('',(0.E0,-1.E0,0.E0));
#1058=VECTOR('',#1057,1.3932E1);
#1059=CARTESIAN_POINT('',(2.4307E1,-4.5845E1,2.5E-1));
#1060=LINE('',#1059,#1058);
#1061=DIRECTION('',(7.071067811865E-1,-7.071067811866E-1,0.E0));
#1062=VECTOR('',#1061,5.374011537017E-1);
#1063=CARTESIAN_POINT('',(2.3927E1,-4.5465E1,2.5E-1));
#1064=LINE('',#1063,#1062);
#1065=DIRECTION('',(0.E0,-1.E0,0.E0));
#1066=VECTOR('',#1065,2.54E0);
#1067=CARTESIAN_POINT('',(2.3927E1,-4.2925E1,2.5E-1));
#1068=LINE('',#1067,#1066);
#1069=DIRECTION('',(-1.E0,0.E0,0.E0));
#1070=VECTOR('',#1069,3.302E-1);
#1071=CARTESIAN_POINT('',(2.42572E1,-4.2925E1,2.5E-1));
#1072=LINE('',#1071,#1070);
#1073=DIRECTION('',(-1.E0,0.E0,0.E0));
#1074=VECTOR('',#1073,6.096E-1);
#1075=CARTESIAN_POINT('',(2.48668E1,-4.5084E1,2.5E-1));
#1076=LINE('',#1075,#1074);
#1077=DIRECTION('',(-1.E0,0.E0,0.E0));
#1078=VECTOR('',#1077,3.302E-1);
#1079=CARTESIAN_POINT('',(2.5197E1,-4.2925E1,2.5E-1));
#1080=LINE('',#1079,#1078);
#1081=DIRECTION('',(0.E0,1.E0,0.E0));
#1082=VECTOR('',#1081,2.54E0);
#1083=CARTESIAN_POINT('',(2.5197E1,-4.5465E1,2.5E-1));
#1084=LINE('',#1083,#1082);
#1085=DIRECTION('',(7.071067811865E-1,7.071067811866E-1,0.E0));
#1086=VECTOR('',#1085,5.374011537017E-1);
#1087=CARTESIAN_POINT('',(2.4817E1,-4.5845E1,2.5E-1));
#1088=LINE('',#1087,#1086);
#1089=DIRECTION('',(0.E0,1.E0,0.E0));
#1090=VECTOR('',#1089,1.3932E1);
#1091=CARTESIAN_POINT('',(2.4817E1,-5.9777E1,2.5E-1));
#1092=LINE('',#1091,#1090);
#1093=CARTESIAN_POINT('',(2.67972E1,-4.45252E1,-7.112E-1));
#1094=DIRECTION('',(-1.E0,0.E0,0.E0));
#1095=DIRECTION('',(0.E0,-1.699475065617E-1,-9.854531165984E-1));
#1096=AXIS2_PLACEMENT_3D('',#1093,#1094,#1095);
#1098=DIRECTION('',(0.E0,0.E0,1.E0));
#1099=VECTOR('',#1098,7.072E-1);
#1100=CARTESIAN_POINT('',(2.67972E1,-4.483E1,-7.112E-1));
#1101=LINE('',#1100,#1099);
#1102=CARTESIAN_POINT('',(2.67972E1,-4.5084E1,-4.E-3));
#1103=DIRECTION('',(-1.E0,0.E0,0.E0));
#1104=DIRECTION('',(0.E0,9.998759920630E-1,1.574803149606E-2));
#1105=AXIS2_PLACEMENT_3D('',#1102,#1103,#1104);
#1107=DIRECTION('',(0.E0,-1.E0,0.E0));
#1108=VECTOR('',#1107,5.079724392360E-1);
#1109=CARTESIAN_POINT('',(2.67972E1,-4.483002756076E1,0.E0));
#1110=LINE('',#1109,#1108);
#1111=DIRECTION('',(0.E0,0.E0,-1.E0));
#1112=VECTOR('',#1111,4.572E-1);
#1113=CARTESIAN_POINT('',(2.67972E1,-4.5084E1,-2.54E-1));
#1114=LINE('',#1113,#1112);
#1115=CARTESIAN_POINT('',(2.67972E1,-4.45252E1,-7.112E-1));
#1116=DIRECTION('',(1.E0,0.E0,0.E0));
#1117=DIRECTION('',(0.E0,-1.E0,0.E0));
#1118=AXIS2_PLACEMENT_3D('',#1115,#1116,#1117);
#1120=DIRECTION('',(0.E0,9.918563908467E-1,1.273612968548E-1));
#1121=VECTOR('',#1120,7.570205017039E-1);
#1122=CARTESIAN_POINT('',(2.67972E1,-4.445403050732E1,-1.265449351205E0));
#1123=LINE('',#1122,#1121);
#1124=CARTESIAN_POINT('',(2.67972E1,-4.3687E1,-1.295E0));
#1125=DIRECTION('',(-1.E0,0.E0,0.E0));
#1126=DIRECTION('',(0.E0,-1.273612968548E-1,9.918563908467E-1));
#1127=AXIS2_PLACEMENT_3D('',#1124,#1125,#1126);
#1129=DIRECTION('',(0.E0,6.062263139585E-1,-7.952921829518E-1));
#1130=VECTOR('',#1129,7.571325554944E-1);
#1131=CARTESIAN_POINT('',(2.67972E1,-4.358599789277E1,-1.218009258127E0));
#1132=LINE('',#1131,#1130);
#1133=DIRECTION('',(0.E0,7.952921829518E-1,6.062263139586E-1));
#1134=VECTOR('',#1133,2.54E-1);
#1135=CARTESIAN_POINT('',(2.67972E1,-4.312700421447E1,-1.820150860970E0));
#1136=LINE('',#1135,#1134);
#1137=DIRECTION('',(0.E0,-6.062263139585E-1,7.952921829518E-1));
#1138=VECTOR('',#1137,7.571325554944E-1);
#1139=CARTESIAN_POINT('',(2.67972E1,-4.2925E1,-1.666169377225E0));
#1140=LINE('',#1139,#1138);
#1141=CARTESIAN_POINT('',(2.67972E1,-4.3687E1,-1.295E0));
#1142=DIRECTION('',(1.E0,0.E0,0.E0));
#1143=DIRECTION('',(0.E0,7.952921829518E-1,6.062263139585E-1));
#1144=AXIS2_PLACEMENT_3D('',#1141,#1142,#1143);
#1146=CARTESIAN_POINT('',(2.74068E1,-4.3687E1,-1.295E0));
#1147=DIRECTION('',(1.E0,0.E0,0.E0));
#1148=DIRECTION('',(0.E0,7.952921829518E-1,6.062263139585E-1));
#1149=AXIS2_PLACEMENT_3D('',#1146,#1147,#1148);
#1151=DIRECTION('',(0.E0,-6.062263139585E-1,7.952921829518E-1));
#1152=VECTOR('',#1151,7.571325554944E-1);
#1153=CARTESIAN_POINT('',(2.74068E1,-4.2925E1,-1.666169377225E0));
#1154=LINE('',#1153,#1152);
#1155=DIRECTION('',(0.E0,7.952921829518E-1,6.062263139586E-1));
#1156=VECTOR('',#1155,2.54E-1);
#1157=CARTESIAN_POINT('',(2.74068E1,-4.312700421447E1,-1.820150860970E0));
#1158=LINE('',#1157,#1156);
#1159=DIRECTION('',(0.E0,6.062263139585E-1,-7.952921829518E-1));
#1160=VECTOR('',#1159,7.571325554944E-1);
#1161=CARTESIAN_POINT('',(2.74068E1,-4.358599789277E1,-1.218009258127E0));
#1162=LINE('',#1161,#1160);
#1163=CARTESIAN_POINT('',(2.74068E1,-4.3687E1,-1.295E0));
#1164=DIRECTION('',(-1.E0,0.E0,0.E0));
#1165=DIRECTION('',(0.E0,-1.273612968548E-1,9.918563908467E-1));
#1166=AXIS2_PLACEMENT_3D('',#1163,#1164,#1165);
#1168=DIRECTION('',(0.E0,9.918563908467E-1,1.273612968548E-1));
#1169=VECTOR('',#1168,7.570205017039E-1);
#1170=CARTESIAN_POINT('',(2.74068E1,-4.445403050732E1,-1.265449351205E0));
#1171=LINE('',#1170,#1169);
#1172=CARTESIAN_POINT('',(2.74068E1,-4.45252E1,-7.112E-1));
#1173=DIRECTION('',(1.E0,0.E0,0.E0));
#1174=DIRECTION('',(0.E0,-1.E0,0.E0));
#1175=AXIS2_PLACEMENT_3D('',#1172,#1173,#1174);
#1177=DIRECTION('',(-1.554117969729E-14,0.E0,-1.E0));
#1178=VECTOR('',#1177,4.572E-1);
#1179=CARTESIAN_POINT('',(2.74068E1,-4.5084E1,-2.54E-1));
#1180=LINE('',#1179,#1178);
#1181=DIRECTION('',(0.E0,1.E0,0.E0));
#1182=VECTOR('',#1181,5.079724392360E-1);
#1183=CARTESIAN_POINT('',(2.74068E1,-4.5338E1,0.E0));
#1184=LINE('',#1183,#1182);
#1185=CARTESIAN_POINT('',(2.74068E1,-4.5084E1,-4.E-3));
#1186=DIRECTION('',(1.E0,0.E0,0.E0));
#1187=DIRECTION('',(0.E0,1.E0,0.E0));
#1188=AXIS2_PLACEMENT_3D('',#1185,#1186,#1187);
#1190=DIRECTION('',(0.E0,0.E0,1.E0));
#1191=VECTOR('',#1190,7.072E-1);
#1192=CARTESIAN_POINT('',(2.74068E1,-4.483E1,-7.112E-1));
#1193=LINE('',#1192,#1191);
#1194=CARTESIAN_POINT('',(2.74068E1,-4.45252E1,-7.112E-1));
#1195=DIRECTION('',(-1.E0,0.E0,0.E0));
#1196=DIRECTION('',(0.E0,-1.699475065617E-1,-9.854531165984E-1));
#1197=AXIS2_PLACEMENT_3D('',#1194,#1195,#1196);
#1199=DIRECTION('',(1.E0,0.E0,0.E0));
#1200=VECTOR('',#1199,6.096E-1);
#1201=CARTESIAN_POINT('',(2.67972E1,-4.338399367830E1,-1.064027774382E0));
#1202=LINE('',#1201,#1200);
#1203=DIRECTION('',(1.E0,0.E0,0.E0));
#1204=VECTOR('',#1203,6.096E-1);
#1205=CARTESIAN_POINT('',(2.67972E1,-4.2925E1,-1.666169377225E0));
#1206=LINE('',#1205,#1204);
#1207=DIRECTION('',(1.E0,-1.165588477297E-14,0.E0));
#1208=VECTOR('',#1207,6.096E-1);
#1209=CARTESIAN_POINT('',(2.67972E1,-4.312700421447E1,-1.820150860970E0));
#1210=LINE('',#1209,#1208);
#1211=DIRECTION('',(1.E0,0.E0,0.E0));
#1212=VECTOR('',#1211,6.096E-1);
#1213=CARTESIAN_POINT('',(2.67972E1,-4.358599789277E1,-1.218009258127E0));
#1214=LINE('',#1213,#1212);
#1215=DIRECTION('',(1.E0,0.E0,0.E0));
#1216=VECTOR('',#1215,6.096E-1);
#1217=CARTESIAN_POINT('',(2.67972E1,-4.370317488470E1,-1.169034238362E0));
#1218=LINE('',#1217,#1216);
#1219=DIRECTION('',(1.E0,0.E0,0.E0));
#1220=VECTOR('',#1219,6.096E-1);
#1221=CARTESIAN_POINT('',(2.67972E1,-4.445403050732E1,-1.265449351205E0));
#1222=LINE('',#1221,#1220);
#1223=DIRECTION('',(1.E0,0.E0,0.E0));
#1224=VECTOR('',#1223,6.096E-1);
#1225=CARTESIAN_POINT('',(2.67972E1,-4.5084E1,-7.112E-1));
#1226=LINE('',#1225,#1224);
#1227=DIRECTION('',(-1.E0,0.E0,0.E0));
#1228=VECTOR('',#1227,6.096E-1);
#1229=CARTESIAN_POINT('',(2.74068E1,-4.5084E1,-2.54E-1));
#1230=LINE('',#1229,#1228);
#1231=CARTESIAN_POINT('',(2.74068E1,-4.5338E1,-2.54E-1));
#1232=DIRECTION('',(-1.E0,0.E0,0.E0));
#1233=DIRECTION('',(0.E0,0.E0,1.E0));
#1234=AXIS2_PLACEMENT_3D('',#1231,#1232,#1233);
#1236=CARTESIAN_POINT('',(2.67972E1,-4.5338E1,-2.54E-1));
#1237=DIRECTION('',(1.E0,0.E0,0.E0));
#1238=DIRECTION('',(0.E0,1.E0,0.E0));
#1239=AXIS2_PLACEMENT_3D('',#1236,#1237,#1238);
#1241=DIRECTION('',(0.E0,-1.E0,0.E0));
#1242=VECTOR('',#1241,8.88E-1);
#1243=CARTESIAN_POINT('',(2.6467E1,-4.4577E1,0.E0));
#1244=LINE('',#1243,#1242);
#1245=DIRECTION('',(7.071067811865E-1,-7.071067811866E-1,0.E0));
#1246=VECTOR('',#1245,5.374011537018E-1);
#1247=CARTESIAN_POINT('',(2.6467E1,-4.5465E1,0.E0));
#1248=LINE('',#1247,#1246);
#1249=DIRECTION('',(0.E0,-1.E0,0.E0));
#1250=VECTOR('',#1249,1.3932E1);
#1251=CARTESIAN_POINT('',(2.6847E1,-4.5845E1,0.E0));
#1252=LINE('',#1251,#1250);
#1253=DIRECTION('',(1.E0,0.E0,0.E0));
#1254=VECTOR('',#1253,5.1E-1);
#1255=CARTESIAN_POINT('',(2.6847E1,-5.9777E1,0.E0));
#1256=LINE('',#1255,#1254);
#1257=DIRECTION('',(0.E0,1.E0,0.E0));
#1258=VECTOR('',#1257,1.3932E1);
#1259=CARTESIAN_POINT('',(2.7357E1,-5.9777E1,0.E0));
#1260=LINE('',#1259,#1258);
#1261=DIRECTION('',(7.071067811865E-1,7.071067811866E-1,0.E0));
#1262=VECTOR('',#1261,5.374011537018E-1);
#1263=CARTESIAN_POINT('',(2.7357E1,-4.5845E1,0.E0));
#1264=LINE('',#1263,#1262);
#1265=DIRECTION('',(0.E0,1.E0,0.E0));
#1266=VECTOR('',#1265,8.88E-1);
#1267=CARTESIAN_POINT('',(2.7737E1,-4.5465E1,0.E0));
#1268=LINE('',#1267,#1266);
#1269=DIRECTION('',(0.E0,-1.E0,0.E0));
#1270=VECTOR('',#1269,2.530275607640E-1);
#1271=CARTESIAN_POINT('',(2.74068E1,-4.4577E1,0.E0));
#1272=LINE('',#1271,#1270);
#1273=DIRECTION('',(-1.E0,0.E0,0.E0));
#1274=VECTOR('',#1273,6.096E-1);
#1275=CARTESIAN_POINT('',(2.74068E1,-4.5338E1,0.E0));
#1276=LINE('',#1275,#1274);
#1277=DIRECTION('',(1.404081700852E-14,-1.E0,0.E0));
#1278=VECTOR('',#1277,2.530275607640E-1);
#1279=CARTESIAN_POINT('',(2.67972E1,-4.4577E1,0.E0));
#1280=LINE('',#1279,#1278);
#1281=DIRECTION('',(0.E0,0.E0,1.E0));
#1282=VECTOR('',#1281,2.5E-1);
#1283=CARTESIAN_POINT('',(2.6467E1,-4.2925E1,0.E0));
#1284=LINE('',#1283,#1282);
#1285=DIRECTION('',(0.E0,0.E0,1.E0));
#1286=VECTOR('',#1285,2.5E-1);
#1287=CARTESIAN_POINT('',(2.67972E1,-4.2925E1,0.E0));
#1288=LINE('',#1287,#1286);
#1289=DIRECTION('',(0.E0,1.E0,0.E0));
#1290=VECTOR('',#1289,2.159E0);
#1291=CARTESIAN_POINT('',(2.67972E1,-4.5084E1,2.5E-1));
#1292=LINE('',#1291,#1290);
#1293=CARTESIAN_POINT('',(2.74068E1,-4.5084E1,-4.E-3));
#1294=DIRECTION('',(1.E0,0.E0,0.E0));
#1295=DIRECTION('',(0.E0,9.998759920630E-1,1.574803149606E-2));
#1296=AXIS2_PLACEMENT_3D('',#1293,#1294,#1295);
#1298=CARTESIAN_POINT('',(2.67972E1,-4.5084E1,-4.E-3));
#1299=DIRECTION('',(-1.E0,0.E0,0.E0));
#1300=DIRECTION('',(0.E0,0.E0,1.E0));
#1301=AXIS2_PLACEMENT_3D('',#1298,#1299,#1300);
#1303=DIRECTION('',(0.E0,-1.E0,0.E0));
#1304=VECTOR('',#1303,2.159E0);
#1305=CARTESIAN_POINT('',(2.74068E1,-4.2925E1,2.5E-1));
#1306=LINE('',#1305,#1304);
#1307=DIRECTION('',(0.E0,2.842170943040E-14,1.E0));
#1308=VECTOR('',#1307,2.5E-1);
#1309=CARTESIAN_POINT('',(2.7737E1,-4.2925E1,0.E0));
#1310=LINE('',#1309,#1308);
#1311=DIRECTION('',(0.E0,0.E0,1.E0));
#1312=VECTOR('',#1311,2.5E-1);
#1313=CARTESIAN_POINT('',(2.74068E1,-4.2925E1,0.E0));
#1314=LINE('',#1313,#1312);
#1315=DIRECTION('',(0.E0,0.E0,1.E0));
#1316=VECTOR('',#1315,2.5E-1);
#1317=CARTESIAN_POINT('',(2.7737E1,-4.5465E1,0.E0));
#1318=LINE('',#1317,#1316);
#1319=DIRECTION('',(0.E0,0.E0,1.E0));
#1320=VECTOR('',#1319,2.5E-1);
#1321=CARTESIAN_POINT('',(2.7357E1,-4.5845E1,0.E0));
#1322=LINE('',#1321,#1320);
#1323=DIRECTION('',(0.E0,0.E0,1.E0));
#1324=VECTOR('',#1323,2.5E-1);
#1325=CARTESIAN_POINT('',(2.7357E1,-5.9777E1,0.E0));
#1326=LINE('',#1325,#1324);
#1327=DIRECTION('',(0.E0,0.E0,1.E0));
#1328=VECTOR('',#1327,2.5E-1);
#1329=CARTESIAN_POINT('',(2.6847E1,-5.9777E1,0.E0));
#1330=LINE('',#1329,#1328);
#1331=DIRECTION('',(0.E0,0.E0,1.E0));
#1332=VECTOR('',#1331,2.5E-1);
#1333=CARTESIAN_POINT('',(2.6847E1,-4.5845E1,0.E0));
#1334=LINE('',#1333,#1332);
#1335=DIRECTION('',(0.E0,0.E0,1.E0));
#1336=VECTOR('',#1335,2.5E-1);
#1337=CARTESIAN_POINT('',(2.6467E1,-4.5465E1,0.E0));
#1338=LINE('',#1337,#1336);
#1339=DIRECTION('',(1.E0,0.E0,0.E0));
#1340=VECTOR('',#1339,5.1E-1);
#1341=CARTESIAN_POINT('',(2.6847E1,-5.9777E1,2.5E-1));
#1342=LINE('',#1341,#1340);
#1343=DIRECTION('',(0.E0,-1.E0,0.E0));
#1344=VECTOR('',#1343,1.3932E1);
#1345=CARTESIAN_POINT('',(2.6847E1,-4.5845E1,2.5E-1));
#1346=LINE('',#1345,#1344);
#1347=DIRECTION('',(7.071067811865E-1,-7.071067811866E-1,0.E0));
#1348=VECTOR('',#1347,5.374011537018E-1);
#1349=CARTESIAN_POINT('',(2.6467E1,-4.5465E1,2.5E-1));
#1350=LINE('',#1349,#1348);
#1351=DIRECTION('',(0.E0,-1.E0,0.E0));
#1352=VECTOR('',#1351,2.54E0);
#1353=CARTESIAN_POINT('',(2.6467E1,-4.2925E1,2.5E-1));
#1354=LINE('',#1353,#1352);
#1355=DIRECTION('',(-1.E0,0.E0,0.E0));
#1356=VECTOR('',#1355,3.302E-1);
#1357=CARTESIAN_POINT('',(2.67972E1,-4.2925E1,2.5E-1));
#1358=LINE('',#1357,#1356);
#1359=DIRECTION('',(-1.E0,0.E0,0.E0));
#1360=VECTOR('',#1359,6.096E-1);
#1361=CARTESIAN_POINT('',(2.74068E1,-4.5084E1,2.5E-1));
#1362=LINE('',#1361,#1360);
#1363=DIRECTION('',(-1.E0,0.E0,0.E0));
#1364=VECTOR('',#1363,3.302E-1);
#1365=CARTESIAN_POINT('',(2.7737E1,-4.2925E1,2.5E-1));
#1366=LINE('',#1365,#1364);
#1367=DIRECTION('',(0.E0,1.E0,0.E0));
#1368=VECTOR('',#1367,2.54E0);
#1369=CARTESIAN_POINT('',(2.7737E1,-4.5465E1,2.5E-1));
#1370=LINE('',#1369,#1368);
#1371=DIRECTION('',(7.071067811865E-1,7.071067811866E-1,0.E0));
#1372=VECTOR('',#1371,5.374011537018E-1);
#1373=CARTESIAN_POINT('',(2.7357E1,-4.5845E1,2.5E-1));
#1374=LINE('',#1373,#1372);
#1375=DIRECTION('',(0.E0,1.E0,0.E0));
#1376=VECTOR('',#1375,1.3932E1);
#1377=CARTESIAN_POINT('',(2.7357E1,-5.9777E1,2.5E-1));
#1378=LINE('',#1377,#1376);
#1379=DIRECTION('',(1.E0,0.E0,0.E0));
#1380=VECTOR('',#1379,6.096E-1);
#1381=CARTESIAN_POINT('',(2.67972E1,-4.483E1,-7.112E-1));
#1382=LINE('',#1381,#1380);
#1383=DIRECTION('',(-1.E0,0.E0,0.E0));
#1384=VECTOR('',#1383,6.096E-1);
#1385=CARTESIAN_POINT('',(2.74068E1,-4.483E1,-4.E-3));
#1386=LINE('',#1385,#1384);
#1387=CARTESIAN_POINT('',(2.93372E1,-4.45252E1,-7.112E-1));
#1388=DIRECTION('',(-1.E0,0.E0,0.E0));
#1389=DIRECTION('',(0.E0,-1.699475065617E-1,-9.854531165984E-1));
#1390=AXIS2_PLACEMENT_3D('',#1387,#1388,#1389);
#1392=DIRECTION('',(0.E0,0.E0,1.E0));
#1393=VECTOR('',#1392,7.072E-1);
#1394=CARTESIAN_POINT('',(2.93372E1,-4.483E1,-7.112E-1));
#1395=LINE('',#1394,#1393);
#1396=CARTESIAN_POINT('',(2.93372E1,-4.5084E1,-4.E-3));
#1397=DIRECTION('',(-1.E0,0.E0,0.E0));
#1398=DIRECTION('',(0.E0,9.998759920630E-1,1.574803149606E-2));
#1399=AXIS2_PLACEMENT_3D('',#1396,#1397,#1398);
#1401=DIRECTION('',(0.E0,-1.E0,0.E0));
#1402=VECTOR('',#1401,5.079724392360E-1);
#1403=CARTESIAN_POINT('',(2.93372E1,-4.483002756076E1,0.E0));
#1404=LINE('',#1403,#1402);
#1405=DIRECTION('',(0.E0,0.E0,-1.E0));
#1406=VECTOR('',#1405,4.572E-1);
#1407=CARTESIAN_POINT('',(2.93372E1,-4.5084E1,-2.54E-1));
#1408=LINE('',#1407,#1406);
#1409=CARTESIAN_POINT('',(2.93372E1,-4.45252E1,-7.112E-1));
#1410=DIRECTION('',(1.E0,0.E0,0.E0));
#1411=DIRECTION('',(0.E0,-1.E0,0.E0));
#1412=AXIS2_PLACEMENT_3D('',#1409,#1410,#1411);
#1414=DIRECTION('',(0.E0,9.918563908467E-1,1.273612968548E-1));
#1415=VECTOR('',#1414,7.570205017039E-1);
#1416=CARTESIAN_POINT('',(2.93372E1,-4.445403050732E1,-1.265449351205E0));
#1417=LINE('',#1416,#1415);
#1418=CARTESIAN_POINT('',(2.93372E1,-4.3687E1,-1.295E0));
#1419=DIRECTION('',(-1.E0,0.E0,0.E0));
#1420=DIRECTION('',(0.E0,-1.273612968548E-1,9.918563908467E-1));
#1421=AXIS2_PLACEMENT_3D('',#1418,#1419,#1420);
#1423=DIRECTION('',(0.E0,6.062263139585E-1,-7.952921829518E-1));
#1424=VECTOR('',#1423,7.571325554944E-1);
#1425=CARTESIAN_POINT('',(2.93372E1,-4.358599789277E1,-1.218009258127E0));
#1426=LINE('',#1425,#1424);
#1427=DIRECTION('',(0.E0,7.952921829518E-1,6.062263139586E-1));
#1428=VECTOR('',#1427,2.54E-1);
#1429=CARTESIAN_POINT('',(2.93372E1,-4.312700421447E1,-1.820150860970E0));
#1430=LINE('',#1429,#1428);
#1431=DIRECTION('',(0.E0,-6.062263139585E-1,7.952921829518E-1));
#1432=VECTOR('',#1431,7.571325554944E-1);
#1433=CARTESIAN_POINT('',(2.93372E1,-4.2925E1,-1.666169377225E0));
#1434=LINE('',#1433,#1432);
#1435=CARTESIAN_POINT('',(2.93372E1,-4.3687E1,-1.295E0));
#1436=DIRECTION('',(1.E0,0.E0,0.E0));
#1437=DIRECTION('',(0.E0,7.952921829518E-1,6.062263139585E-1));
#1438=AXIS2_PLACEMENT_3D('',#1435,#1436,#1437);
#1440=CARTESIAN_POINT('',(2.99468E1,-4.3687E1,-1.295E0));
#1441=DIRECTION('',(1.E0,0.E0,0.E0));
#1442=DIRECTION('',(0.E0,7.952921829518E-1,6.062263139585E-1));
#1443=AXIS2_PLACEMENT_3D('',#1440,#1441,#1442);
#1445=DIRECTION('',(0.E0,-6.062263139585E-1,7.952921829518E-1));
#1446=VECTOR('',#1445,7.571325554944E-1);
#1447=CARTESIAN_POINT('',(2.99468E1,-4.2925E1,-1.666169377225E0));
#1448=LINE('',#1447,#1446);
#1449=DIRECTION('',(0.E0,7.952921829518E-1,6.062263139586E-1));
#1450=VECTOR('',#1449,2.54E-1);
#1451=CARTESIAN_POINT('',(2.99468E1,-4.312700421447E1,-1.820150860970E0));
#1452=LINE('',#1451,#1450);
#1453=DIRECTION('',(0.E0,6.062263139585E-1,-7.952921829518E-1));
#1454=VECTOR('',#1453,7.571325554944E-1);
#1455=CARTESIAN_POINT('',(2.99468E1,-4.358599789277E1,-1.218009258127E0));
#1456=LINE('',#1455,#1454);
#1457=CARTESIAN_POINT('',(2.99468E1,-4.3687E1,-1.295E0));
#1458=DIRECTION('',(-1.E0,0.E0,0.E0));
#1459=DIRECTION('',(0.E0,-1.273612968548E-1,9.918563908467E-1));
#1460=AXIS2_PLACEMENT_3D('',#1457,#1458,#1459);
#1462=DIRECTION('',(0.E0,9.918563908467E-1,1.273612968548E-1));
#1463=VECTOR('',#1462,7.570205017039E-1);
#1464=CARTESIAN_POINT('',(2.99468E1,-4.445403050732E1,-1.265449351205E0));
#1465=LINE('',#1464,#1463);
#1466=CARTESIAN_POINT('',(2.99468E1,-4.45252E1,-7.112E-1));
#1467=DIRECTION('',(1.E0,0.E0,0.E0));
#1468=DIRECTION('',(0.E0,-1.E0,0.E0));
#1469=AXIS2_PLACEMENT_3D('',#1466,#1467,#1468);
#1471=DIRECTION('',(0.E0,0.E0,-1.E0));
#1472=VECTOR('',#1471,4.572E-1);
#1473=CARTESIAN_POINT('',(2.99468E1,-4.5084E1,-2.54E-1));
#1474=LINE('',#1473,#1472);
#1475=DIRECTION('',(0.E0,1.E0,0.E0));
#1476=VECTOR('',#1475,5.079724392360E-1);
#1477=CARTESIAN_POINT('',(2.99468E1,-4.5338E1,0.E0));
#1478=LINE('',#1477,#1476);
#1479=CARTESIAN_POINT('',(2.99468E1,-4.5084E1,-4.E-3));
#1480=DIRECTION('',(1.E0,0.E0,0.E0));
#1481=DIRECTION('',(0.E0,1.E0,0.E0));
#1482=AXIS2_PLACEMENT_3D('',#1479,#1480,#1481);
#1484=DIRECTION('',(0.E0,0.E0,1.E0));
#1485=VECTOR('',#1484,7.072E-1);
#1486=CARTESIAN_POINT('',(2.99468E1,-4.483E1,-7.112E-1));
#1487=LINE('',#1486,#1485);
#1488=CARTESIAN_POINT('',(2.99468E1,-4.45252E1,-7.112E-1));
#1489=DIRECTION('',(-1.E0,0.E0,0.E0));
#1490=DIRECTION('',(0.E0,-1.699475065617E-1,-9.854531165984E-1));
#1491=AXIS2_PLACEMENT_3D('',#1488,#1489,#1490);
#1493=DIRECTION('',(1.E0,0.E0,0.E0));
#1494=VECTOR('',#1493,6.096E-1);
#1495=CARTESIAN_POINT('',(2.93372E1,-4.338399367830E1,-1.064027774382E0));
#1496=LINE('',#1495,#1494);
#1497=DIRECTION('',(1.E0,0.E0,0.E0));
#1498=VECTOR('',#1497,6.096E-1);
#1499=CARTESIAN_POINT('',(2.93372E1,-4.2925E1,-1.666169377225E0));
#1500=LINE('',#1499,#1498);
#1501=DIRECTION('',(1.E0,-1.165588477297E-14,0.E0));
#1502=VECTOR('',#1501,6.096E-1);
#1503=CARTESIAN_POINT('',(2.93372E1,-4.312700421447E1,-1.820150860970E0));
#1504=LINE('',#1503,#1502);
#1505=DIRECTION('',(1.E0,0.E0,0.E0));
#1506=VECTOR('',#1505,6.096E-1);
#1507=CARTESIAN_POINT('',(2.93372E1,-4.358599789277E1,-1.218009258127E0));
#1508=LINE('',#1507,#1506);
#1509=DIRECTION('',(1.E0,0.E0,0.E0));
#1510=VECTOR('',#1509,6.096E-1);
#1511=CARTESIAN_POINT('',(2.93372E1,-4.370317488470E1,-1.169034238362E0));
#1512=LINE('',#1511,#1510);
#1513=DIRECTION('',(1.E0,0.E0,0.E0));
#1514=VECTOR('',#1513,6.096E-1);
#1515=CARTESIAN_POINT('',(2.93372E1,-4.445403050732E1,-1.265449351205E0));
#1516=LINE('',#1515,#1514);
#1517=DIRECTION('',(1.E0,0.E0,0.E0));
#1518=VECTOR('',#1517,6.096E-1);
#1519=CARTESIAN_POINT('',(2.93372E1,-4.5084E1,-7.112E-1));
#1520=LINE('',#1519,#1518);
#1521=DIRECTION('',(-1.E0,0.E0,0.E0));
#1522=VECTOR('',#1521,6.096E-1);
#1523=CARTESIAN_POINT('',(2.99468E1,-4.5084E1,-2.54E-1));
#1524=LINE('',#1523,#1522);
#1525=CARTESIAN_POINT('',(2.99468E1,-4.5338E1,-2.54E-1));
#1526=DIRECTION('',(-1.E0,0.E0,0.E0));
#1527=DIRECTION('',(0.E0,0.E0,1.E0));
#1528=AXIS2_PLACEMENT_3D('',#1525,#1526,#1527);
#1530=CARTESIAN_POINT('',(2.93372E1,-4.5338E1,-2.54E-1));
#1531=DIRECTION('',(1.E0,0.E0,0.E0));
#1532=DIRECTION('',(0.E0,1.E0,0.E0));
#1533=AXIS2_PLACEMENT_3D('',#1530,#1531,#1532);
#1535=CARTESIAN_POINT('',(2.99468E1,-4.5084E1,-4.E-3));
#1536=DIRECTION('',(1.E0,0.E0,0.E0));
#1537=DIRECTION('',(0.E0,9.998759920630E-1,1.574803149606E-2));
#1538=AXIS2_PLACEMENT_3D('',#1535,#1536,#1537);
#1540=CARTESIAN_POINT('',(2.93372E1,-4.5084E1,-4.E-3));
#1541=DIRECTION('',(-1.E0,0.E0,0.E0));
#1542=DIRECTION('',(0.E0,0.E0,1.E0));
#1543=AXIS2_PLACEMENT_3D('',#1540,#1541,#1542);
#1545=DIRECTION('',(-1.E0,0.E0,0.E0));
#1546=VECTOR('',#1545,6.096E-1);
#1547=CARTESIAN_POINT('',(2.99468E1,-4.483E1,-4.E-3));
#1548=LINE('',#1547,#1546);
#1549=DIRECTION('',(1.E0,0.E0,0.E0));
#1550=VECTOR('',#1549,6.096E-1);
#1551=CARTESIAN_POINT('',(2.93372E1,-4.483E1,-7.112E-1));
#1552=LINE('',#1551,#1550);
#1553=DIRECTION('',(0.E0,-1.E0,0.E0));
#1554=VECTOR('',#1553,2.159E0);
#1555=CARTESIAN_POINT('',(2.99468E1,-4.2925E1,2.5E-1));
#1556=LINE('',#1555,#1554);
#1557=DIRECTION('',(0.E0,2.842170943040E-14,1.E0));
#1558=VECTOR('',#1557,2.5E-1);
#1559=CARTESIAN_POINT('',(3.0277E1,-4.2925E1,0.E0));
#1560=LINE('',#1559,#1558);
#1561=DIRECTION('',(0.E0,0.E0,1.E0));
#1562=VECTOR('',#1561,2.5E-1);
#1563=CARTESIAN_POINT('',(2.99468E1,-4.2925E1,0.E0));
#1564=LINE('',#1563,#1562);
#1565=DIRECTION('',(1.E0,0.E0,0.E0));
#1566=VECTOR('',#1565,5.100000000001E-1);
#1567=CARTESIAN_POINT('',(2.9387E1,-5.9777E1,2.5E-1));
#1568=LINE('',#1567,#1566);
#1569=DIRECTION('',(0.E0,-1.E0,0.E0));
#1570=VECTOR('',#1569,1.3932E1);
#1571=CARTESIAN_POINT('',(2.9387E1,-4.5845E1,2.5E-1));
#1572=LINE('',#1571,#1570);
#1573=DIRECTION('',(7.071067811865E-1,-7.071067811866E-1,0.E0));
#1574=VECTOR('',#1573,5.374011537017E-1);
#1575=CARTESIAN_POINT('',(2.9007E1,-4.5465E1,2.5E-1));
#1576=LINE('',#1575,#1574);
#1577=DIRECTION('',(0.E0,-1.E0,0.E0));
#1578=VECTOR('',#1577,2.54E0);
#1579=CARTESIAN_POINT('',(2.9007E1,-4.2925E1,2.5E-1));
#1580=LINE('',#1579,#1578);
#1581=DIRECTION('',(-1.E0,0.E0,0.E0));
#1582=VECTOR('',#1581,3.302E-1);
#1583=CARTESIAN_POINT('',(2.93372E1,-4.2925E1,2.5E-1));
#1584=LINE('',#1583,#1582);
#1585=DIRECTION('',(-1.E0,0.E0,0.E0));
#1586=VECTOR('',#1585,6.096E-1);
#1587=CARTESIAN_POINT('',(2.99468E1,-4.5084E1,2.5E-1));
#1588=LINE('',#1587,#1586);
#1589=DIRECTION('',(-1.E0,0.E0,0.E0));
#1590=VECTOR('',#1589,3.302E-1);
#1591=CARTESIAN_POINT('',(3.0277E1,-4.2925E1,2.5E-1));
#1592=LINE('',#1591,#1590);
#1593=DIRECTION('',(0.E0,1.E0,0.E0));
#1594=VECTOR('',#1593,2.54E0);
#1595=CARTESIAN_POINT('',(3.0277E1,-4.5465E1,2.5E-1));
#1596=LINE('',#1595,#1594);
#1597=DIRECTION('',(7.071067811865E-1,7.071067811866E-1,0.E0));
#1598=VECTOR('',#1597,5.374011537017E-1);
#1599=CARTESIAN_POINT('',(2.9897E1,-4.5845E1,2.5E-1));
#1600=LINE('',#1599,#1598);
#1601=DIRECTION('',(0.E0,1.E0,0.E0));
#1602=VECTOR('',#1601,1.3932E1);
#1603=CARTESIAN_POINT('',(2.9897E1,-5.9777E1,2.5E-1));
#1604=LINE('',#1603,#1602);
#1605=DIRECTION('',(0.E0,0.E0,1.E0));
#1606=VECTOR('',#1605,2.5E-1);
#1607=CARTESIAN_POINT('',(2.9387E1,-5.9777E1,0.E0));
#1608=LINE('',#1607,#1606);
#1609=DIRECTION('',(0.E0,0.E0,1.E0));
#1610=VECTOR('',#1609,2.5E-1);
#1611=CARTESIAN_POINT('',(2.9387E1,-4.5845E1,0.E0));
#1612=LINE('',#1611,#1610);
#1613=DIRECTION('',(0.E0,0.E0,1.E0));
#1614=VECTOR('',#1613,2.5E-1);
#1615=CARTESIAN_POINT('',(2.9007E1,-4.5465E1,0.E0));
#1616=LINE('',#1615,#1614);
#1617=DIRECTION('',(2.842170943040E-14,0.E0,1.E0));
#1618=VECTOR('',#1617,2.5E-1);
#1619=CARTESIAN_POINT('',(2.9007E1,-4.2925E1,0.E0));
#1620=LINE('',#1619,#1618);
#1621=DIRECTION('',(0.E0,0.E0,1.E0));
#1622=VECTOR('',#1621,2.5E-1);
#1623=CARTESIAN_POINT('',(2.93372E1,-4.2925E1,0.E0));
#1624=LINE('',#1623,#1622);
#1625=DIRECTION('',(0.E0,1.E0,0.E0));
#1626=VECTOR('',#1625,2.159E0);
#1627=CARTESIAN_POINT('',(2.93372E1,-4.5084E1,2.5E-1));
#1628=LINE('',#1627,#1626);
#1629=DIRECTION('',(0.E0,0.E0,1.E0));
#1630=VECTOR('',#1629,2.5E-1);
#1631=CARTESIAN_POINT('',(2.9897E1,-5.9777E1,0.E0));
#1632=LINE('',#1631,#1630);
#1633=DIRECTION('',(0.E0,0.E0,1.E0));
#1634=VECTOR('',#1633,2.5E-1);
#1635=CARTESIAN_POINT('',(2.9897E1,-4.5845E1,0.E0));
#1636=LINE('',#1635,#1634);
#1637=DIRECTION('',(0.E0,0.E0,-1.E0));
#1638=VECTOR('',#1637,1.02E0);
#1639=CARTESIAN_POINT('',(3.07848E1,-3.4671E1,0.E0));
#1640=LINE('',#1639,#1638);
#1641=DIRECTION('',(0.E0,0.E0,-1.E0));
#1642=VECTOR('',#1641,1.02E0);
#1643=CARTESIAN_POINT('',(2.08788E1,-3.4671E1,0.E0));
#1644=LINE('',#1643,#1642);
#1645=DIRECTION('',(0.E0,0.E0,-1.E0));
#1646=VECTOR('',#1645,1.02E0);
#1647=CARTESIAN_POINT('',(2.08788E1,-4.4577E1,0.E0));
#1648=LINE('',#1647,#1646);
#1649=DIRECTION('',(3.552664978684E-13,5.235963830940E-3,9.999862922474E-1));
#1650=VECTOR('',#1649,3.000041124156E-2);
#1651=CARTESIAN_POINT('',(3.002381934308E1,-4.19109E1,-1.050000000003E0));
#1652=LINE('',#1651,#1650);
#1653=DIRECTION('',(-5.235963836917E-3,3.315820649582E-12,9.999862922474E-1));
#1654=VECTOR('',#1653,3.000041121613E-2);
#1655=CARTESIAN_POINT('',(3.05318E1,-4.140291934308E1,-1.049999999978E0));
#1656=LINE('',#1655,#1654);
#1657=DIRECTION('',(-5.235963830748E-3,7.105329957429E-13,9.999862922474E-1));
#1658=VECTOR('',#1657,3.000041124131E-2);
#1659=CARTESIAN_POINT('',(3.05318E1,-3.542888065692E1,-1.050000000003E0));
#1660=LINE('',#1659,#1658);
#1661=DIRECTION('',(-3.434242815580E-12,-5.235963836473E-3,9.999862922474E-1));
#1662=VECTOR('',#1661,3.000041121664E-2);
#1663=CARTESIAN_POINT('',(3.002381934308E1,-3.49209E1,-1.049999999978E0));
#1664=LINE('',#1663,#1662);
#1665=DIRECTION('',(-5.921108297807E-13,-5.235963830466E-3,9.999862922474E-1));
#1666=VECTOR('',#1665,3.000041124156E-2);
#1667=CARTESIAN_POINT('',(2.163978065692E1,-3.49209E1,-1.050000000003E0));
#1668=LINE('',#1667,#1666);
#1669=DIRECTION('',(5.235963836658E-3,-3.078976317456E-12,9.999862922474E-1));
#1670=VECTOR('',#1669,3.000041121626E-2);
#1671=CARTESIAN_POINT('',(2.11318E1,-3.542888065692E1,-1.049999999978E0));
#1672=LINE('',#1671,#1670);
#1673=DIRECTION('',(5.235963830629E-3,-2.368443319143E-13,9.999862922474E-1));
#1674=VECTOR('',#1673,3.000041124131E-2);
#1675=CARTESIAN_POINT('',(2.11318E1,-4.140291934308E1,-1.050000000003E0));
#1676=LINE('',#1675,#1674);
#1677=DIRECTION('',(3.197398483499E-12,5.235963836991E-3,9.999862922474E-1));
#1678=VECTOR('',#1677,3.000041121639E-2);
#1679=CARTESIAN_POINT('',(2.163978065692E1,-4.19109E1,-1.049999999978E0));
#1680=LINE('',#1679,#1678);
#1681=CARTESIAN_POINT('',(2.11318E1,-4.140291934308E1,-1.050000000003E0));
#1682=CARTESIAN_POINT('',(2.11318E1,-4.142704439498E1,-1.050000000003E0));
#1683=CARTESIAN_POINT('',(2.113525308859E1,-4.147532974961E1,
-1.050882746570E0));
#1684=CARTESIAN_POINT('',(2.115066891644E1,-4.154639710023E1,
-1.049730510409E0));
#1685=CARTESIAN_POINT('',(2.117615109324E1,-4.161470440534E1,
-1.049919096489E0));
#1686=CARTESIAN_POINT('',(2.121092448566E1,-4.167839823858E1,
-1.050456196635E0));
#1687=CARTESIAN_POINT('',(2.125467487323E1,-4.173684074455E1,
-1.049951107987E0));
#1688=CARTESIAN_POINT('',(2.130596139146E1,-4.178811076409E1,
-1.049949935975E0));
#1689=CARTESIAN_POINT('',(2.136437390412E1,-4.183182164781E1,
-1.050456847719E0));
#1690=CARTESIAN_POINT('',(2.142808830322E1,-4.186658927133E1,
-1.049918878554E0));
#1691=CARTESIAN_POINT('',(2.149632239953E1,-4.189203463963E1,
-1.049730374574E0));
#1692=CARTESIAN_POINT('',(2.156740346630E1,-4.190745214984E1,
-1.050883083823E0));
#1693=CARTESIAN_POINT('',(2.161566682721E1,-4.19109E1,-1.049999999978E0));
#1694=CARTESIAN_POINT('',(2.163978065692E1,-4.19109E1,-1.049999999978E0));
#1696=CARTESIAN_POINT('',(2.165848661662E1,-4.189219274929E1,
-3.193490602929E0));
#1697=CARTESIAN_POINT('',(2.162519715613E1,-4.189218750928E1,
-3.193719135516E0));
#1698=CARTESIAN_POINT('',(2.155862542835E1,-4.188562399807E1,
-3.194131675546E0));
#1699=CARTESIAN_POINT('',(2.146263321767E1,-4.185646268875E1,
-3.194590843503E0));
#1700=CARTESIAN_POINT('',(2.137419363249E1,-4.180912116332E1,
-3.194873209732E0));
#1701=CARTESIAN_POINT('',(2.129682563992E1,-4.174554091934E1,
-3.194968129146E0));
#1702=CARTESIAN_POINT('',(2.123337512051E1,-4.166818223882E1,
-3.194872449792E0));
#1703=CARTESIAN_POINT('',(2.118616836518E1,-4.157987585802E1,
-3.194590054680E0));
#1704=CARTESIAN_POINT('',(2.115706327149E1,-4.148397493178E1,
-3.194130553041E0));
#1705=CARTESIAN_POINT('',(2.115051041610E1,-4.141747219942E1,
-3.193719434821E0));
#1706=CARTESIAN_POINT('',(2.115050673680E1,-4.138418776212E1,
-3.193490516533E0));
#1708=DIRECTION('',(-1.E0,0.E0,3.002514397015E-12));
#1709=VECTOR('',#1708,8.384038686167E0);
#1710=CARTESIAN_POINT('',(3.002381934308E1,-4.19109E1,-1.050000000003E0));
#1711=LINE('',#1710,#1709);
#1712=DIRECTION('',(8.738155079865E-3,-8.726565448621E-3,9.999237429431E-1));
#1713=VECTOR('',#1712,2.143653985274E0);
#1714=CARTESIAN_POINT('',(3.000508776212E1,-4.189219326320E1,
-3.193490516533E0));
#1715=LINE('',#1714,#1713);
#1716=DIRECTION('',(-1.E0,6.157039075224E-8,-1.035103319336E-8));
#1717=VECTOR('',#1716,8.346601145501E0);
#1718=CARTESIAN_POINT('',(3.000508776212E1,-4.189219326320E1,
-3.193490516533E0));
#1719=LINE('',#1718,#1717);
#1720=DIRECTION('',(-8.726203478842E-3,-8.726805721886E-3,9.999238452176E-1));
#1721=VECTOR('',#1720,2.143653852444E0);
#1722=CARTESIAN_POINT('',(2.165848661662E1,-4.189219274929E1,
-3.193490602929E0));
#1723=LINE('',#1722,#1721);
#1724=CARTESIAN_POINT('',(3.002381934308E1,-4.19109E1,-1.050000000003E0));
#1725=CARTESIAN_POINT('',(3.004794439498E1,-4.19109E1,-1.050000000003E0));
#1726=CARTESIAN_POINT('',(3.009622974961E1,-4.190744691141E1,
-1.050882746571E0));
#1727=CARTESIAN_POINT('',(3.016729710023E1,-4.189203108356E1,
-1.049730510408E0));
#1728=CARTESIAN_POINT('',(3.023560440534E1,-4.186654890676E1,
-1.049919096489E0));
#1729=CARTESIAN_POINT('',(3.029929823858E1,-4.183177551434E1,
-1.050456196634E0));
#1730=CARTESIAN_POINT('',(3.035774074455E1,-4.178802512677E1,
-1.049951107987E0));
#1731=CARTESIAN_POINT('',(3.040901076409E1,-4.173673860854E1,
-1.049949935975E0));
#1732=CARTESIAN_POINT('',(3.045272164781E1,-4.167832609588E1,
-1.050456847719E0));
#1733=CARTESIAN_POINT('',(3.048748927133E1,-4.161461169678E1,
-1.049918878554E0));
#1734=CARTESIAN_POINT('',(3.051293463963E1,-4.154637760047E1,
-1.049730374574E0));
#1735=CARTESIAN_POINT('',(3.052835214984E1,-4.147529653370E1,
-1.050883083824E0));
#1736=CARTESIAN_POINT('',(3.05318E1,-4.142703317279E1,-1.049999999978E0));
#1737=CARTESIAN_POINT('',(3.05318E1,-4.140291934308E1,-1.049999999978E0));
#1739=CARTESIAN_POINT('',(3.051309274929E1,-4.138421338338E1,
-3.193490602929E0));
#1740=CARTESIAN_POINT('',(3.051308750928E1,-4.141750284387E1,
-3.193719135516E0));
#1741=CARTESIAN_POINT('',(3.050652399807E1,-4.148407457165E1,
-3.194131675546E0));
#1742=CARTESIAN_POINT('',(3.047736268875E1,-4.158006678233E1,
-3.194590843503E0));
#1743=CARTESIAN_POINT('',(3.043002116332E1,-4.166850636751E1,
-3.194873209732E0));
#1744=CARTESIAN_POINT('',(3.036644091934E1,-4.174587436008E1,
-3.194968129146E0));
#1745=CARTESIAN_POINT('',(3.028908223882E1,-4.180932487949E1,
-3.194872449792E0));
#1746=CARTESIAN_POINT('',(3.020077585802E1,-4.185653163482E1,
-3.194590054680E0));
#1747=CARTESIAN_POINT('',(3.010487493178E1,-4.188563672851E1,
-3.194130553041E0));
#1748=CARTESIAN_POINT('',(3.003837219942E1,-4.189218958390E1,
-3.193719434821E0));
#1749=CARTESIAN_POINT('',(3.000508776212E1,-4.189219326320E1,
-3.193490516533E0));
#1751=DIRECTION('',(0.E0,-1.E0,4.213765290580E-12));
#1752=VECTOR('',#1751,5.974038686167E0);
#1753=CARTESIAN_POINT('',(3.05318E1,-3.542888065692E1,-1.050000000003E0));
#1754=LINE('',#1753,#1752);
#1755=DIRECTION('',(8.726565448629E-3,8.738155079865E-3,9.999237429431E-1));
#1756=VECTOR('',#1755,2.143653985274E0);
#1757=CARTESIAN_POINT('',(3.051309326320E1,-3.544761223788E1,
-3.193490516533E0));
#1758=LINE('',#1757,#1756);
#1759=DIRECTION('',(-8.656527158108E-8,-1.E0,-1.455309922148E-8));
#1760=VECTOR('',#1759,5.936601145501E0);
#1761=CARTESIAN_POINT('',(3.051309326320E1,-3.544761223788E1,
-3.193490516533E0));
#1762=LINE('',#1761,#1760);
#1763=DIRECTION('',(8.726805721887E-3,-8.726203478841E-3,9.999238452176E-1));
#1764=VECTOR('',#1763,2.143653852444E0);
#1765=CARTESIAN_POINT('',(3.051309274929E1,-4.138421338338E1,
-3.193490602929E0));
#1766=LINE('',#1765,#1764);
#1767=CARTESIAN_POINT('',(3.05318E1,-3.542888065692E1,-1.050000000003E0));
#1768=CARTESIAN_POINT('',(3.05318E1,-3.540475560502E1,-1.050000000003E0));
#1769=CARTESIAN_POINT('',(3.052834691141E1,-3.535647025039E1,
-1.050882746571E0));
#1770=CARTESIAN_POINT('',(3.051293108356E1,-3.528540289977E1,
-1.049730510409E0));
#1771=CARTESIAN_POINT('',(3.048744890676E1,-3.521709559466E1,
-1.049919096490E0));
#1772=CARTESIAN_POINT('',(3.045267551434E1,-3.515340176142E1,
-1.050456196635E0));
#1773=CARTESIAN_POINT('',(3.040892512677E1,-3.509495925545E1,
-1.049951107988E0));
#1774=CARTESIAN_POINT('',(3.035763860854E1,-3.504368923591E1,
-1.049949935973E0));
#1775=CARTESIAN_POINT('',(3.029922609588E1,-3.499997835219E1,
-1.050456847720E0));
#1776=CARTESIAN_POINT('',(3.023551169678E1,-3.496521072867E1,
-1.049918878553E0));
#1777=CARTESIAN_POINT('',(3.016727760047E1,-3.493976536037E1,
-1.049730374575E0));
#1778=CARTESIAN_POINT('',(3.009619653370E1,-3.492434785016E1,
-1.050883083823E0));
#1779=CARTESIAN_POINT('',(3.004793317279E1,-3.49209E1,-1.049999999978E0));
#1780=CARTESIAN_POINT('',(3.002381934308E1,-3.49209E1,-1.049999999978E0));
#1782=CARTESIAN_POINT('',(3.000511338338E1,-3.493960725071E1,
-3.193490602929E0));
#1783=CARTESIAN_POINT('',(3.003840284387E1,-3.493961249072E1,
-3.193719135516E0));
#1784=CARTESIAN_POINT('',(3.010497457165E1,-3.494617600193E1,
-3.194131675546E0));
#1785=CARTESIAN_POINT('',(3.020096678233E1,-3.497533731125E1,
-3.194590843503E0));
#1786=CARTESIAN_POINT('',(3.028940636751E1,-3.502267883668E1,
-3.194873209732E0));
#1787=CARTESIAN_POINT('',(3.036677436008E1,-3.508625908066E1,
-3.194968129146E0));
#1788=CARTESIAN_POINT('',(3.043022487949E1,-3.516361776118E1,
-3.194872449792E0));
#1789=CARTESIAN_POINT('',(3.047743163482E1,-3.525192414198E1,
-3.194590054680E0));
#1790=CARTESIAN_POINT('',(3.050653672851E1,-3.534782506822E1,
-3.194130553041E0));
#1791=CARTESIAN_POINT('',(3.051308958390E1,-3.541432780058E1,
-3.193719434821E0));
#1792=CARTESIAN_POINT('',(3.051309326320E1,-3.544761223788E1,
-3.193490516533E0));
#1794=DIRECTION('',(1.E0,0.E0,2.972189981521E-12));
#1795=VECTOR('',#1794,8.384038686167E0);
#1796=CARTESIAN_POINT('',(2.163978065692E1,-3.49209E1,-1.050000000003E0));
#1797=LINE('',#1796,#1795);
#1798=DIRECTION('',(-8.738155079862E-3,8.726565448628E-3,9.999237429431E-1));
#1799=VECTOR('',#1798,2.143653985274E0);
#1800=CARTESIAN_POINT('',(2.165851223788E1,-3.493960673680E1,
-3.193490516533E0));
#1801=LINE('',#1800,#1799);
#1802=DIRECTION('',(1.E0,-6.157039160354E-8,-1.035103319336E-8));
#1803=VECTOR('',#1802,8.346601145501E0);
#1804=CARTESIAN_POINT('',(2.165851223788E1,-3.493960673680E1,
-3.193490516533E0));
#1805=LINE('',#1804,#1803);
#1806=DIRECTION('',(8.726203478846E-3,8.726805721887E-3,9.999238452176E-1));
#1807=VECTOR('',#1806,2.143653852443E0);
#1808=CARTESIAN_POINT('',(3.000511338338E1,-3.493960725071E1,
-3.193490602929E0));
#1809=LINE('',#1808,#1807);
#1810=CARTESIAN_POINT('',(2.163978065692E1,-3.49209E1,-1.050000000003E0));
#1811=CARTESIAN_POINT('',(2.161565560502E1,-3.49209E1,-1.050000000003E0));
#1812=CARTESIAN_POINT('',(2.156737025039E1,-3.492435308859E1,
-1.050882746571E0));
#1813=CARTESIAN_POINT('',(2.149630289977E1,-3.493976891644E1,
-1.049730510409E0));
#1814=CARTESIAN_POINT('',(2.142799559466E1,-3.496525109324E1,
-1.049919096489E0));
#1815=CARTESIAN_POINT('',(2.136430176142E1,-3.500002448566E1,
-1.050456196634E0));
#1816=CARTESIAN_POINT('',(2.130585925545E1,-3.504377487323E1,
-1.049951107988E0));
#1817=CARTESIAN_POINT('',(2.125458923591E1,-3.509506139146E1,
-1.049949935974E0));
#1818=CARTESIAN_POINT('',(2.121087835219E1,-3.515347390412E1,
-1.050456847720E0));
#1819=CARTESIAN_POINT('',(2.117611072867E1,-3.521718830322E1,
-1.049918878554E0));
#1820=CARTESIAN_POINT('',(2.115066536037E1,-3.528542239953E1,
-1.049730374574E0));
#1821=CARTESIAN_POINT('',(2.113524785016E1,-3.535650346630E1,
-1.050883083823E0));
#1822=CARTESIAN_POINT('',(2.11318E1,-3.540476682721E1,-1.049999999978E0));
#1823=CARTESIAN_POINT('',(2.11318E1,-3.542888065692E1,-1.049999999978E0));
#1825=CARTESIAN_POINT('',(2.115050725071E1,-3.544758661662E1,
-3.193490602929E0));
#1826=CARTESIAN_POINT('',(2.115051249072E1,-3.541429715613E1,
-3.193719135516E0));
#1827=CARTESIAN_POINT('',(2.115707600193E1,-3.534772542835E1,
-3.194131675546E0));
#1828=CARTESIAN_POINT('',(2.118623731125E1,-3.525173321767E1,
-3.194590843503E0));
#1829=CARTESIAN_POINT('',(2.123357883668E1,-3.516329363249E1,
-3.194873209732E0));
#1830=CARTESIAN_POINT('',(2.129715908066E1,-3.508592563992E1,
-3.194968129146E0));
#1831=CARTESIAN_POINT('',(2.137451776118E1,-3.502247512051E1,
-3.194872449792E0));
#1832=CARTESIAN_POINT('',(2.146282414198E1,-3.497526836518E1,
-3.194590054680E0));
#1833=CARTESIAN_POINT('',(2.155872506822E1,-3.494616327149E1,
-3.194130553041E0));
#1834=CARTESIAN_POINT('',(2.162522780058E1,-3.493961041610E1,
-3.193719434821E0));
#1835=CARTESIAN_POINT('',(2.165851223788E1,-3.493960673680E1,
-3.193490516533E0));
#1837=DIRECTION('',(0.E0,1.E0,4.192505047604E-12));
#1838=VECTOR('',#1837,5.974038686167E0);
#1839=CARTESIAN_POINT('',(2.11318E1,-4.140291934308E1,-1.050000000003E0));
#1840=LINE('',#1839,#1838);
#1841=DIRECTION('',(-8.726565448625E-3,-8.738155079856E-3,9.999237429431E-1));
#1842=VECTOR('',#1841,2.143653985274E0);
#1843=CARTESIAN_POINT('',(2.115050673680E1,-4.138418776212E1,
-3.193490516533E0));
#1844=LINE('',#1843,#1842);
#1845=DIRECTION('',(8.656527217953E-8,1.E0,-1.455309922148E-8));
#1846=VECTOR('',#1845,5.936601145501E0);
#1847=CARTESIAN_POINT('',(2.115050673680E1,-4.138418776212E1,
-3.193490516533E0));
#1848=LINE('',#1847,#1846);
#1849=DIRECTION('',(-8.726805721886E-3,8.726203478841E-3,9.999238452176E-1));
#1850=VECTOR('',#1849,2.143653852444E0);
#1851=CARTESIAN_POINT('',(2.115050725071E1,-3.544758661662E1,
-3.193490602929E0));
#1852=LINE('',#1851,#1850);
#1853=CARTESIAN_POINT('',(2.155049072843E1,-4.138421338375E1,-3.19E0));
#1854=DIRECTION('',(0.E0,1.E0,0.E0));
#1855=DIRECTION('',(0.E0,0.E0,-1.E0));
#1856=AXIS2_PLACEMENT_3D('',#1853,#1854,#1855);
#1858=CARTESIAN_POINT('',(2.165848661612E1,-4.149220927157E1,
-3.589999999999E0));
#1859=CARTESIAN_POINT('',(2.164690530059E1,-4.149220679390E1,
-3.589999999999E0));
#1860=CARTESIAN_POINT('',(2.162492648901E1,-4.148870328727E1,-3.59E0));
#1861=CARTESIAN_POINT('',(2.159390588239E1,-4.147303690854E1,-3.59E0));
#1862=CARTESIAN_POINT('',(2.156963894611E1,-4.144875680346E1,-3.59E0));
#1863=CARTESIAN_POINT('',(2.155399242369E1,-4.141775342221E1,-3.59E0));
#1864=CARTESIAN_POINT('',(2.155049350363E1,-4.139578679632E1,-3.59E0));
#1865=CARTESIAN_POINT('',(2.155049072843E1,-4.138421338388E1,-3.59E0));
#1867=DIRECTION('',(-1.E0,0.E0,6.182517515204E-14));
#1868=VECTOR('',#1867,8.346626767765E0);
#1869=CARTESIAN_POINT('',(3.000511338388E1,-4.149220927157E1,-3.59E0));
#1870=LINE('',#1869,#1868);
#1871=CARTESIAN_POINT('',(3.011310927157E1,-4.138421338388E1,
-3.589999999999E0));
#1872=CARTESIAN_POINT('',(3.011310679390E1,-4.139579469941E1,
-3.589999999999E0));
#1873=CARTESIAN_POINT('',(3.010960328727E1,-4.141777351099E1,-3.59E0));
#1874=CARTESIAN_POINT('',(3.009393690854E1,-4.144879411761E1,-3.59E0));
#1875=CARTESIAN_POINT('',(3.006965680346E1,-4.147306105389E1,-3.59E0));
#1876=CARTESIAN_POINT('',(3.003865342221E1,-4.148870757631E1,-3.59E0));
#1877=CARTESIAN_POINT('',(3.001668679632E1,-4.149220649637E1,-3.59E0));
#1878=CARTESIAN_POINT('',(3.000511338388E1,-4.149220927157E1,-3.59E0));
#1880=DIRECTION('',(0.E0,-1.E0,8.692337956089E-14));
#1881=VECTOR('',#1880,5.936626767765E0);
#1882=CARTESIAN_POINT('',(3.011310927157E1,-3.544758661612E1,-3.59E0));
#1883=LINE('',#1882,#1881);
#1884=CARTESIAN_POINT('',(3.000511338388E1,-3.533959072843E1,
-3.589999999999E0));
#1885=CARTESIAN_POINT('',(3.001669469941E1,-3.533959320610E1,
-3.589999999999E0));
#1886=CARTESIAN_POINT('',(3.003867351099E1,-3.534309671273E1,-3.59E0));
#1887=CARTESIAN_POINT('',(3.006969411761E1,-3.535876309146E1,-3.59E0));
#1888=CARTESIAN_POINT('',(3.009396105389E1,-3.538304319654E1,-3.59E0));
#1889=CARTESIAN_POINT('',(3.010960757631E1,-3.541404657779E1,-3.59E0));
#1890=CARTESIAN_POINT('',(3.011310649637E1,-3.543601320368E1,-3.59E0));
#1891=CARTESIAN_POINT('',(3.011310927157E1,-3.544758661612E1,-3.59E0));
#1893=DIRECTION('',(1.E0,0.E0,6.182517515204E-14));
#1894=VECTOR('',#1893,8.346626767765E0);
#1895=CARTESIAN_POINT('',(2.165848661612E1,-3.533959072843E1,-3.59E0));
#1896=LINE('',#1895,#1894);
#1897=CARTESIAN_POINT('',(2.155049072843E1,-3.544758661612E1,
-3.589999999999E0));
#1898=CARTESIAN_POINT('',(2.155049320610E1,-3.543600530059E1,
-3.589999999999E0));
#1899=CARTESIAN_POINT('',(2.155399671273E1,-3.541402648901E1,-3.59E0));
#1900=CARTESIAN_POINT('',(2.156966309146E1,-3.538300588239E1,-3.59E0));
#1901=CARTESIAN_POINT('',(2.159394319654E1,-3.535873894611E1,-3.59E0));
#1902=CARTESIAN_POINT('',(2.162494657779E1,-3.534309242369E1,-3.59E0));
#1903=CARTESIAN_POINT('',(2.164691320368E1,-3.533959350363E1,-3.59E0));
#1904=CARTESIAN_POINT('',(2.165848661612E1,-3.533959072843E1,-3.59E0));
#1906=DIRECTION('',(0.E0,1.E0,8.692337956089E-14));
#1907=VECTOR('',#1906,5.936626767765E0);
#1908=CARTESIAN_POINT('',(2.155049072843E1,-4.138421338388E1,-3.59E0));
#1909=LINE('',#1908,#1907);
#1910=CARTESIAN_POINT('',(2.58318E1,-3.84159E1,-3.59E0));
#1911=DIRECTION('',(0.E0,0.E0,-1.E0));
#1912=DIRECTION('',(-1.E0,0.E0,0.E0));
#1913=AXIS2_PLACEMENT_3D('',#1910,#1911,#1912);
#1915=CARTESIAN_POINT('',(2.58318E1,-3.84159E1,-3.59E0));
#1916=DIRECTION('',(0.E0,0.E0,-1.E0));
#1917=DIRECTION('',(1.E0,0.E0,0.E0));
#1918=AXIS2_PLACEMENT_3D('',#1915,#1916,#1917);
#1920=CARTESIAN_POINT('',(2.94894E1,-4.08797E1,-3.59E0));
#1921=DIRECTION('',(0.E0,0.E0,-1.E0));
#1922=DIRECTION('',(-1.E0,-9.688472246694E-10,0.E0));
#1923=AXIS2_PLACEMENT_3D('',#1920,#1921,#1922);
#1925=CARTESIAN_POINT('',(2.94894E1,-4.08797E1,-3.59E0));
#1926=DIRECTION('',(0.E0,0.E0,-1.E0));
#1927=DIRECTION('',(1.E0,9.688472246694E-10,0.E0));
#1928=AXIS2_PLACEMENT_3D('',#1925,#1926,#1927);
#1930=CARTESIAN_POINT('',(2.165848662113E1,-4.149220777980E1,-3.19E0));
#1931=DIRECTION('',(-1.E0,6.495499189845E-8,0.E0));
#1932=DIRECTION('',(-2.398081733190E-13,-3.729425390731E-6,-9.999999999930E-1));
#1933=AXIS2_PLACEMENT_3D('',#1930,#1931,#1932);
#1935=CARTESIAN_POINT('',(3.000511338375E1,-4.149220927157E1,-3.19E0));
#1936=DIRECTION('',(-1.E0,0.E0,0.E0));
#1937=DIRECTION('',(0.E0,0.E0,-1.E0));
#1938=AXIS2_PLACEMENT_3D('',#1935,#1936,#1937);
#1940=CARTESIAN_POINT('',(3.011310777980E1,-4.138421337887E1,-3.19E0));
#1941=DIRECTION('',(-6.495498859551E-8,-1.E0,0.E0));
#1942=DIRECTION('',(3.729425408494E-6,-2.486899575160E-13,-9.999999999930E-1));
#1943=AXIS2_PLACEMENT_3D('',#1940,#1941,#1942);
#1945=CARTESIAN_POINT('',(3.011310927157E1,-3.544758661625E1,-3.19E0));
#1946=DIRECTION('',(0.E0,-1.E0,0.E0));
#1947=DIRECTION('',(0.E0,0.E0,-1.E0));
#1948=AXIS2_PLACEMENT_3D('',#1945,#1946,#1947);
#1950=CARTESIAN_POINT('',(3.000511337887E1,-3.533959222020E1,-3.19E0));
#1951=DIRECTION('',(1.E0,-6.495499644E-8,0.E0));
#1952=DIRECTION('',(2.398081733190E-13,3.729425408494E-6,-9.999999999930E-1));
#1953=AXIS2_PLACEMENT_3D('',#1950,#1951,#1952);
#1955=CARTESIAN_POINT('',(2.165848661625E1,-3.533959072843E1,-3.19E0));
#1956=DIRECTION('',(1.E0,0.E0,0.E0));
#1957=DIRECTION('',(0.E0,0.E0,-1.E0));
#1958=AXIS2_PLACEMENT_3D('',#1955,#1956,#1957);
#1960=CARTESIAN_POINT('',(2.155049222020E1,-3.544758662113E1,-3.19E0));
#1961=DIRECTION('',(6.495498435580E-8,1.E0,0.E0));
#1962=DIRECTION('',(-3.729425399612E-6,2.486899575160E-13,-9.999999999930E-1));
#1963=AXIS2_PLACEMENT_3D('',#1960,#1961,#1962);
#1965=CARTESIAN_POINT('',(2.34188E1,-3.841590000001E1,-4.098E0));
#1966=DIRECTION('',(-2.842389518198E-12,1.E0,0.E0));
#1967=DIRECTION('',(1.944201580131E-12,0.E0,1.E0));
#1968=AXIS2_PLACEMENT_3D('',#1965,#1966,#1967);
#1970=CARTESIAN_POINT('',(2.82448E1,-3.841589999999E1,-4.098E0));
#1971=DIRECTION('',(2.842556051652E-12,-1.E0,0.E0));
#1972=DIRECTION('',(-1.944201580131E-12,0.E0,1.E0));
#1973=AXIS2_PLACEMENT_3D('',#1970,#1971,#1972);
#1975=CARTESIAN_POINT('',(2.58318E1,-3.84159E1,-4.098E0));
#1976=DIRECTION('',(0.E0,0.E0,-1.E0));
#1977=DIRECTION('',(1.E0,0.E0,0.E0));
#1978=AXIS2_PLACEMENT_3D('',#1975,#1976,#1977);
#1980=CARTESIAN_POINT('',(2.58318E1,-3.84159E1,-4.098E0));
#1981=DIRECTION('',(0.E0,0.E0,-1.E0));
#1982=DIRECTION('',(-1.E0,0.E0,0.E0));
#1983=AXIS2_PLACEMENT_3D('',#1980,#1981,#1982);
#1985=DIRECTION('',(0.E0,-3.070288764492E-12,-1.E0));
#1986=VECTOR('',#1985,4.1402E0);
#1987=CARTESIAN_POINT('',(2.39268E1,-3.841589999999E1,-4.098E0));
#1988=LINE('',#1987,#1986);
#1989=DIRECTION('',(0.E0,3.073721172278E-12,-1.E0));
#1990=VECTOR('',#1989,4.1402E0);
#1991=CARTESIAN_POINT('',(2.77368E1,-3.841590000001E1,-4.098E0));
#1992=LINE('',#1991,#1990);
#1993=CARTESIAN_POINT('',(2.58318E1,-3.84159E1,-8.2382E0));
#1994=DIRECTION('',(0.E0,0.E0,1.E0));
#1995=DIRECTION('',(1.E0,0.E0,0.E0));
#1996=AXIS2_PLACEMENT_3D('',#1993,#1994,#1995);
#1998=CARTESIAN_POINT('',(2.58318E1,-3.84159E1,-8.2382E0));
#1999=DIRECTION('',(0.E0,0.E0,-1.E0));
#2000=DIRECTION('',(1.E0,0.E0,0.E0));
#2001=AXIS2_PLACEMENT_3D('',#1998,#1999,#2000);
#2003=CARTESIAN_POINT('',(2.58318E1,-3.84159E1,-8.2382E0));
#2004=DIRECTION('',(0.E0,0.E0,-1.E0));
#2005=DIRECTION('',(1.E0,0.E0,0.E0));
#2006=AXIS2_PLACEMENT_3D('',#2003,#2004,#2005);
#2008=DIRECTION('',(-2.737438280548E-1,0.E0,-9.618026391115E-1));
#2009=VECTOR('',#2008,3.433136763952E0);
#2010=CARTESIAN_POINT('',(2.82956E1,-3.84159E1,-8.2382E0));
#2011=LINE('',#2010,#2009);
#2012=CARTESIAN_POINT('',(2.58318E1,-3.84159E1,-8.2382E0));
#2013=DIRECTION('',(0.E0,0.E0,1.E0));
#2014=DIRECTION('',(1.E0,0.E0,0.E0));
#2015=AXIS2_PLACEMENT_3D('',#2012,#2013,#2014);
#2017=DIRECTION('',(2.737438280548E-1,0.E0,-9.618026391115E-1));
#2018=VECTOR('',#2017,3.433136763952E0);
#2019=CARTESIAN_POINT('',(2.3368E1,-3.84159E1,-8.2382E0));
#2020=LINE('',#2019,#2018);
#2021=CARTESIAN_POINT('',(2.58318E1,-3.84159E1,-1.15402E1));
#2022=DIRECTION('',(0.E0,0.E0,1.E0));
#2023=DIRECTION('',(1.E0,0.E0,0.E0));
#2024=AXIS2_PLACEMENT_3D('',#2021,#2022,#2023);
#2026=CARTESIAN_POINT('',(2.58318E1,-3.84159E1,-1.15402E1));
#2027=DIRECTION('',(0.E0,0.E0,-1.E0));
#2028=DIRECTION('',(1.E0,0.E0,0.E0));
#2029=AXIS2_PLACEMENT_3D('',#2026,#2027,#2028);
#2031=CARTESIAN_POINT('',(2.58318E1,-3.84159E1,-1.15402E1));
#2032=DIRECTION('',(0.E0,0.E0,-1.E0));
#2033=DIRECTION('',(1.E0,0.E0,0.E0));
#2034=AXIS2_PLACEMENT_3D('',#2031,#2032,#2033);
#2036=CARTESIAN_POINT('',(2.58318E1,-3.84159E1,-1.15402E1));
#2037=DIRECTION('',(0.E0,0.E0,-1.E0));
#2038=DIRECTION('',(-1.E0,0.E0,0.E0));
#2039=AXIS2_PLACEMENT_3D('',#2036,#2037,#2038);
#2041=CARTESIAN_POINT('',(2.58318E1,-3.84159E1,-6.06E0));
#2042=DIRECTION('',(0.E0,0.E0,-1.E0));
#2043=DIRECTION('',(1.E0,0.E0,0.E0));
#2044=AXIS2_PLACEMENT_3D('',#2041,#2042,#2043);
#2046=DIRECTION('',(0.E0,0.E0,1.E0));
#2047=VECTOR('',#2046,5.4802E0);
#2048=CARTESIAN_POINT('',(2.68478E1,-3.84159E1,-1.15402E1));
#2049=LINE('',#2048,#2047);
#2050=CARTESIAN_POINT('',(2.58318E1,-3.84159E1,-6.06E0));
#2051=DIRECTION('',(0.E0,0.E0,-1.E0));
#2052=DIRECTION('',(-1.E0,0.E0,0.E0));
#2053=AXIS2_PLACEMENT_3D('',#2050,#2051,#2052);
#2055=DIRECTION('',(0.E0,0.E0,1.E0));
#2056=VECTOR('',#2055,5.4802E0);
#2057=CARTESIAN_POINT('',(2.48158E1,-3.84159E1,-1.15402E1));
#2058=LINE('',#2057,#2056);
#2059=CARTESIAN_POINT('',(2.935947619525E1,-4.08797E1,-3.5773E0));
#2060=DIRECTION('',(0.E0,1.E0,0.E0));
#2061=DIRECTION('',(0.E0,0.E0,-1.E0));
#2062=AXIS2_PLACEMENT_3D('',#2059,#2060,#2061);
#2064=CARTESIAN_POINT('',(2.94894E1,-4.08797E1,-3.7678E0));
#2065=DIRECTION('',(0.E0,0.E0,-1.E0));
#2066=DIRECTION('',(-1.E0,0.E0,0.E0));
#2067=AXIS2_PLACEMENT_3D('',#2064,#2065,#2066);
#2069=CARTESIAN_POINT('',(2.94894E1,-4.08797E1,-3.7678E0));
#2070=DIRECTION('',(0.E0,0.E0,-1.E0));
#2071=DIRECTION('',(1.E0,0.E0,0.E0));
#2072=AXIS2_PLACEMENT_3D('',#2069,#2070,#2071);
#2074=CARTESIAN_POINT('',(2.961932380475E1,-4.08797E1,-3.5773E0));
#2075=DIRECTION('',(0.E0,-1.E0,0.E0));
#2076=DIRECTION('',(0.E0,0.E0,-1.E0));
#2077=AXIS2_PLACEMENT_3D('',#2074,#2075,#2076);
#2079=DIRECTION('',(2.368443319387E-13,5.235963831050E-3,9.999862922474E-1));
#2080=VECTOR('',#2079,3.000041123821E-2);
#2081=CARTESIAN_POINT('',(3.002381934308E1,-4.190540216261E1,0.E0));
#2082=LINE('',#2081,#2080);
#2083=DIRECTION('',(-1.184221659693E-13,5.235963831050E-3,9.999862922474E-1));
#2084=VECTOR('',#2083,3.000041123821E-2);
#2085=CARTESIAN_POINT('',(2.163978065692E1,-4.190540216261E1,0.E0));
#2086=LINE('',#2085,#2084);
#2087=DIRECTION('',(5.235963831524E-3,0.E0,9.999862922474E-1));
#2088=VECTOR('',#2087,3.000041123821E-2);
#2089=CARTESIAN_POINT('',(2.113729783739E1,-4.140291934308E1,0.E0));
#2090=LINE('',#2089,#2088);
#2091=DIRECTION('',(5.235963831524E-3,0.E0,9.999862922474E-1));
#2092=VECTOR('',#2091,3.000041123821E-2);
#2093=CARTESIAN_POINT('',(2.113729783739E1,-3.542888065692E1,0.E0));
#2094=LINE('',#2093,#2092);
#2095=DIRECTION('',(-4.736886638774E-13,-5.235963831050E-3,9.999862922474E-1));
#2096=VECTOR('',#2095,3.000041123821E-2);
#2097=CARTESIAN_POINT('',(2.163978065692E1,-3.492639783739E1,0.E0));
#2098=LINE('',#2097,#2096);
#2099=DIRECTION('',(-4.736886638774E-13,-5.235963831050E-3,9.999862922474E-1));
#2100=VECTOR('',#2099,3.000041123821E-2);
#2101=CARTESIAN_POINT('',(3.002381934308E1,-3.492639783739E1,0.E0));
#2102=LINE('',#2101,#2100);
#2103=DIRECTION('',(-5.235963831287E-3,0.E0,9.999862922474E-1));
#2104=VECTOR('',#2103,3.000041123821E-2);
#2105=CARTESIAN_POINT('',(3.052630216261E1,-3.542888065692E1,0.E0));
#2106=LINE('',#2105,#2104);
#2107=DIRECTION('',(-5.235963831287E-3,0.E0,9.999862922474E-1));
#2108=VECTOR('',#2107,3.000041123821E-2);
#2109=CARTESIAN_POINT('',(3.052630216261E1,-4.140291934308E1,0.E0));
#2110=LINE('',#2109,#2108);
#2111=CARTESIAN_POINT('',(2.163978065692E1,-4.19125E1,3.E-2));
#2112=CARTESIAN_POINT('',(2.155511721410E1,-4.19125E1,3.E-2));
#2113=CARTESIAN_POINT('',(2.142253801007E1,-4.187575231839E1,3.E-2));
#2114=CARTESIAN_POINT('',(2.127310119189E1,-4.177119880811E1,3.E-2));
#2115=CARTESIAN_POINT('',(2.116854768161E1,-4.162176198993E1,3.E-2));
#2116=CARTESIAN_POINT('',(2.11318E1,-4.148918278590E1,3.E-2));
#2117=CARTESIAN_POINT('',(2.11318E1,-4.140451934308E1,3.E-2));
#2119=DIRECTION('',(-1.E0,0.E0,0.E0));
#2120=VECTOR('',#2119,8.384038686167E0);
#2121=CARTESIAN_POINT('',(3.002381934308E1,-4.19125E1,3.E-2));
#2122=LINE('',#2121,#2120);
#2123=CARTESIAN_POINT('',(3.05318E1,-4.140451934308E1,3.E-2));
#2124=CARTESIAN_POINT('',(3.05318E1,-4.148918278590E1,3.E-2));
#2125=CARTESIAN_POINT('',(3.049505231839E1,-4.162176198993E1,3.E-2));
#2126=CARTESIAN_POINT('',(3.039049880811E1,-4.177119880811E1,3.E-2));
#2127=CARTESIAN_POINT('',(3.024106198993E1,-4.187575231839E1,3.E-2));
#2128=CARTESIAN_POINT('',(3.010848278590E1,-4.19125E1,3.E-2));
#2129=CARTESIAN_POINT('',(3.002381934308E1,-4.19125E1,3.E-2));
#2131=DIRECTION('',(0.E0,-1.E0,0.E0));
#2132=VECTOR('',#2131,5.974038686167E0);
#2133=CARTESIAN_POINT('',(3.05318E1,-3.543048065692E1,3.E-2));
#2134=LINE('',#2133,#2132);
#2135=CARTESIAN_POINT('',(3.002381934308E1,-3.49225E1,3.E-2));
#2136=CARTESIAN_POINT('',(3.010848278590E1,-3.49225E1,3.E-2));
#2137=CARTESIAN_POINT('',(3.024106198993E1,-3.495924768161E1,3.E-2));
#2138=CARTESIAN_POINT('',(3.039049880811E1,-3.506380119189E1,3.E-2));
#2139=CARTESIAN_POINT('',(3.049505231839E1,-3.521323801007E1,3.E-2));
#2140=CARTESIAN_POINT('',(3.05318E1,-3.534581721410E1,3.E-2));
#2141=CARTESIAN_POINT('',(3.05318E1,-3.543048065692E1,3.E-2));
#2143=DIRECTION('',(-1.E0,0.E0,0.E0));
#2144=VECTOR('',#2143,8.384038686167E0);
#2145=CARTESIAN_POINT('',(3.002381934308E1,-3.49225E1,3.E-2));
#2146=LINE('',#2145,#2144);
#2147=CARTESIAN_POINT('',(2.11318E1,-3.543048065692E1,3.E-2));
#2148=CARTESIAN_POINT('',(2.11318E1,-3.534581721410E1,3.E-2));
#2149=CARTESIAN_POINT('',(2.116854768161E1,-3.521323801007E1,3.E-2));
#2150=CARTESIAN_POINT('',(2.127310119189E1,-3.506380119189E1,3.E-2));
#2151=CARTESIAN_POINT('',(2.142253801007E1,-3.495924768161E1,3.E-2));
#2152=CARTESIAN_POINT('',(2.155511721410E1,-3.49225E1,3.E-2));
#2153=CARTESIAN_POINT('',(2.163978065692E1,-3.49225E1,3.E-2));
#2155=DIRECTION('',(0.E0,-1.E0,0.E0));
#2156=VECTOR('',#2155,5.974038686167E0);
#2157=CARTESIAN_POINT('',(2.11318E1,-3.543048065692E1,3.E-2));
#2158=LINE('',#2157,#2156);
#2159=DIRECTION('',(-1.E0,0.E0,0.E0));
#2160=VECTOR('',#2159,8.384038686167E0);
#2161=CARTESIAN_POINT('',(3.002381934308E1,-4.190524508155E1,3.E-2));
#2162=LINE('',#2161,#2160);
#2163=CARTESIAN_POINT('',(2.163978065692E1,-4.190524508155E1,3.E-2));
#2164=CARTESIAN_POINT('',(2.161577474267E1,-4.190524508155E1,3.E-2));
#2165=CARTESIAN_POINT('',(2.156827861806E1,-4.190183018701E1,3.E-2));
#2166=CARTESIAN_POINT('',(2.149788600505E1,-4.188658804317E1,3.E-2));
#2167=CARTESIAN_POINT('',(2.143043139222E1,-4.186141982589E1,3.E-2));
#2168=CARTESIAN_POINT('',(2.136742204870E1,-4.182703327715E1,3.E-2));
#2169=CARTESIAN_POINT('',(2.130966544136E1,-4.178381230300E1,3.E-2));
#2170=CARTESIAN_POINT('',(2.125895359134E1,-4.173311405243E1,3.E-2));
#2171=CARTESIAN_POINT('',(2.121569547609E1,-4.167532308779E1,3.E-2));
#2172=CARTESIAN_POINT('',(2.118130871473E1,-4.161233462008E1,3.E-2));
#2173=CARTESIAN_POINT('',(2.115611067703E1,-4.154481501708E1,3.E-2));
#2174=CARTESIAN_POINT('',(2.114087439627E1,-4.147444673111E1,3.E-2));
#2175=CARTESIAN_POINT('',(2.113745491845E1,-4.142693404226E1,3.E-2));
#2176=CARTESIAN_POINT('',(2.113745491845E1,-4.140291934308E1,3.E-2));
#2178=DIRECTION('',(0.E0,1.E0,0.E0));
#2179=VECTOR('',#2178,5.974038686167E0);
#2180=CARTESIAN_POINT('',(2.113745491845E1,-4.140291934308E1,3.E-2));
#2181=LINE('',#2180,#2179);
#2182=CARTESIAN_POINT('',(2.113745491845E1,-3.542888065692E1,3.E-2));
#2183=CARTESIAN_POINT('',(2.113745491845E1,-3.540487474267E1,3.E-2));
#2184=CARTESIAN_POINT('',(2.114086981299E1,-3.535737861806E1,3.E-2));
#2185=CARTESIAN_POINT('',(2.115611195683E1,-3.528698600505E1,3.E-2));
#2186=CARTESIAN_POINT('',(2.118128017411E1,-3.521953139222E1,3.E-2));
#2187=CARTESIAN_POINT('',(2.121566672285E1,-3.515652204870E1,3.E-2));
#2188=CARTESIAN_POINT('',(2.125888769700E1,-3.509876544136E1,3.E-2));
#2189=CARTESIAN_POINT('',(2.130958594757E1,-3.504805359134E1,3.E-2));
#2190=CARTESIAN_POINT('',(2.136737691221E1,-3.500479547609E1,3.E-2));
#2191=CARTESIAN_POINT('',(2.143036537992E1,-3.497040871473E1,3.E-2));
#2192=CARTESIAN_POINT('',(2.149788498292E1,-3.494521067703E1,3.E-2));
#2193=CARTESIAN_POINT('',(2.156825326889E1,-3.492997439627E1,3.E-2));
#2194=CARTESIAN_POINT('',(2.161576595774E1,-3.492655491845E1,3.E-2));
#2195=CARTESIAN_POINT('',(2.163978065692E1,-3.492655491845E1,3.E-2));
#2197=DIRECTION('',(1.E0,0.E0,0.E0));
#2198=VECTOR('',#2197,8.384038686167E0);
#2199=CARTESIAN_POINT('',(2.163978065692E1,-3.492655491845E1,3.E-2));
#2200=LINE('',#2199,#2198);
#2201=CARTESIAN_POINT('',(3.002381934308E1,-3.492655491845E1,3.E-2));
#2202=CARTESIAN_POINT('',(3.004782525733E1,-3.492655491845E1,3.E-2));
#2203=CARTESIAN_POINT('',(3.009532138194E1,-3.492996981299E1,3.E-2));
#2204=CARTESIAN_POINT('',(3.016571399495E1,-3.494521195683E1,3.E-2));
#2205=CARTESIAN_POINT('',(3.023316860778E1,-3.497038017411E1,3.E-2));
#2206=CARTESIAN_POINT('',(3.029617795130E1,-3.500476672285E1,3.E-2));
#2207=CARTESIAN_POINT('',(3.035393455864E1,-3.504798769700E1,3.E-2));
#2208=CARTESIAN_POINT('',(3.040464640866E1,-3.509868594757E1,3.E-2));
#2209=CARTESIAN_POINT('',(3.044790452391E1,-3.515647691221E1,3.E-2));
#2210=CARTESIAN_POINT('',(3.048229128527E1,-3.521946537992E1,3.E-2));
#2211=CARTESIAN_POINT('',(3.050748932297E1,-3.528698498292E1,3.E-2));
#2212=CARTESIAN_POINT('',(3.052272560373E1,-3.535735326889E1,3.E-2));
#2213=CARTESIAN_POINT('',(3.052614508155E1,-3.540486595774E1,3.E-2));
#2214=CARTESIAN_POINT('',(3.052614508155E1,-3.542888065692E1,3.E-2));
#2216=DIRECTION('',(0.E0,-1.E0,0.E0));
#2217=VECTOR('',#2216,5.974038686167E0);
#2218=CARTESIAN_POINT('',(3.052614508155E1,-3.542888065692E1,3.E-2));
#2219=LINE('',#2218,#2217);
#2220=CARTESIAN_POINT('',(3.052614508155E1,-4.140291934308E1,3.E-2));
#2221=CARTESIAN_POINT('',(3.052614508155E1,-4.142692525733E1,3.E-2));
#2222=CARTESIAN_POINT('',(3.052273018701E1,-4.147442138194E1,3.E-2));
#2223=CARTESIAN_POINT('',(3.050748804317E1,-4.154481399495E1,3.E-2));
#2224=CARTESIAN_POINT('',(3.048231982589E1,-4.161226860778E1,3.E-2));
#2225=CARTESIAN_POINT('',(3.044793327715E1,-4.167527795130E1,3.E-2));
#2226=CARTESIAN_POINT('',(3.040471230300E1,-4.173303455864E1,3.E-2));
#2227=CARTESIAN_POINT('',(3.035401405243E1,-4.178374640866E1,3.E-2));
#2228=CARTESIAN_POINT('',(3.029622308779E1,-4.182700452391E1,3.E-2));
#2229=CARTESIAN_POINT('',(3.023323462008E1,-4.186139128527E1,3.E-2));
#2230=CARTESIAN_POINT('',(3.016571501708E1,-4.188658932297E1,3.E-2));
#2231=CARTESIAN_POINT('',(3.009534673111E1,-4.190182560373E1,3.E-2));
#2232=CARTESIAN_POINT('',(3.004783404226E1,-4.190524508155E1,3.E-2));
#2233=CARTESIAN_POINT('',(3.002381934308E1,-4.190524508155E1,3.E-2));
#2235=CARTESIAN_POINT('',(2.115050725071E1,-4.138581338338E1,2.173490602929E0));
#2236=CARTESIAN_POINT('',(2.115051323949E1,-4.142385969864E1,2.173751791387E0));
#2237=CARTESIAN_POINT('',(2.115909536172E1,-4.149993945038E1,2.174215957929E0));
#2238=CARTESIAN_POINT('',(2.119706710686E1,-4.160830194787E1,2.174699770504E0));
#2239=CARTESIAN_POINT('',(2.125820269757E1,-4.170544498415E1,2.174946870212E0));
#2240=CARTESIAN_POINT('',(2.133921471966E1,-4.178637088155E1,2.174946197999E0));
#2241=CARTESIAN_POINT('',(2.143622707824E1,-4.184732758709E1,2.174698857229E0));
#2242=CARTESIAN_POINT('',(2.154446956674E1,-4.188521963152E1,2.174214932550E0));
#2243=CARTESIAN_POINT('',(2.162047274100E1,-4.189378905827E1,2.173752138397E0));
#2244=CARTESIAN_POINT('',(2.165851223788E1,-4.189379326320E1,2.173490516533E0));
#2246=CARTESIAN_POINT('',(2.155049222020E1,-4.138581337887E1,2.17E0));
#2247=DIRECTION('',(6.495498435580E-8,-1.E0,0.E0));
#2248=DIRECTION('',(-3.729425408494E-6,-2.486899575160E-13,9.999999999930E-1));
#2249=AXIS2_PLACEMENT_3D('',#2246,#2247,#2248);
#2251=CARTESIAN_POINT('',(3.000511338388E1,-4.149380927157E1,2.569999999999E0));
#2252=CARTESIAN_POINT('',(3.001669469941E1,-4.149380679390E1,2.569999999999E0));
#2253=CARTESIAN_POINT('',(3.003867351099E1,-4.149030328727E1,2.57E0));
#2254=CARTESIAN_POINT('',(3.006969411761E1,-4.147463690854E1,2.57E0));
#2255=CARTESIAN_POINT('',(3.009396105389E1,-4.145035680346E1,2.57E0));
#2256=CARTESIAN_POINT('',(3.010960757631E1,-4.141935342221E1,2.57E0));
#2257=CARTESIAN_POINT('',(3.011310649637E1,-4.139738679632E1,2.57E0));
#2258=CARTESIAN_POINT('',(3.011310927157E1,-4.138581338388E1,2.57E0));
#2260=DIRECTION('',(1.E0,0.E0,-6.177196932144E-14));
#2261=VECTOR('',#2260,8.346626767765E0);
#2262=CARTESIAN_POINT('',(2.165848661612E1,-4.149380927157E1,2.57E0));
#2263=LINE('',#2262,#2261);
#2264=CARTESIAN_POINT('',(2.155049072843E1,-4.138581338388E1,2.569999999999E0));
#2265=CARTESIAN_POINT('',(2.155049320610E1,-4.139739469941E1,2.569999999999E0));
#2266=CARTESIAN_POINT('',(2.155399671273E1,-4.141937351099E1,2.57E0));
#2267=CARTESIAN_POINT('',(2.156966309146E1,-4.145039411761E1,2.57E0));
#2268=CARTESIAN_POINT('',(2.159394319654E1,-4.147466105389E1,2.57E0));
#2269=CARTESIAN_POINT('',(2.162494657779E1,-4.149030757631E1,2.57E0));
#2270=CARTESIAN_POINT('',(2.164691320368E1,-4.149380649637E1,2.57E0));
#2271=CARTESIAN_POINT('',(2.165848661612E1,-4.149380927157E1,2.57E0));
#2273=DIRECTION('',(0.E0,-1.E0,-8.684857458708E-14));
#2274=VECTOR('',#2273,5.936626767765E0);
#2275=CARTESIAN_POINT('',(2.155049072843E1,-3.544918661612E1,2.57E0));
#2276=LINE('',#2275,#2274);
#2277=CARTESIAN_POINT('',(2.165848661612E1,-3.534119072843E1,2.569999999999E0));
#2278=CARTESIAN_POINT('',(2.164690530059E1,-3.534119320610E1,2.569999999999E0));
#2279=CARTESIAN_POINT('',(2.162492648901E1,-3.534469671273E1,2.57E0));
#2280=CARTESIAN_POINT('',(2.159390588239E1,-3.536036309146E1,2.57E0));
#2281=CARTESIAN_POINT('',(2.156963894611E1,-3.538464319654E1,2.57E0));
#2282=CARTESIAN_POINT('',(2.155399242369E1,-3.541564657779E1,2.57E0));
#2283=CARTESIAN_POINT('',(2.155049350363E1,-3.543761320368E1,2.57E0));
#2284=CARTESIAN_POINT('',(2.155049072843E1,-3.544918661612E1,2.57E0));
#2286=DIRECTION('',(-1.E0,0.E0,-6.177196932144E-14));
#2287=VECTOR('',#2286,8.346626767765E0);
#2288=CARTESIAN_POINT('',(3.000511338388E1,-3.534119072843E1,2.57E0));
#2289=LINE('',#2288,#2287);
#2290=CARTESIAN_POINT('',(3.011310927157E1,-3.544918661612E1,2.569999999999E0));
#2291=CARTESIAN_POINT('',(3.011310679390E1,-3.543760530059E1,2.569999999999E0));
#2292=CARTESIAN_POINT('',(3.010960328727E1,-3.541562648901E1,2.57E0));
#2293=CARTESIAN_POINT('',(3.009393690854E1,-3.538460588239E1,2.57E0));
#2294=CARTESIAN_POINT('',(3.006965680346E1,-3.536033894611E1,2.57E0));
#2295=CARTESIAN_POINT('',(3.003865342221E1,-3.534469242369E1,2.57E0));
#2296=CARTESIAN_POINT('',(3.001668679632E1,-3.534119350363E1,2.57E0));
#2297=CARTESIAN_POINT('',(3.000511338388E1,-3.534119072843E1,2.57E0));
#2299=DIRECTION('',(0.E0,1.E0,-8.684857458708E-14));
#2300=VECTOR('',#2299,5.936626767765E0);
#2301=CARTESIAN_POINT('',(3.011310927157E1,-4.138581338388E1,2.57E0));
#2302=LINE('',#2301,#2300);
#2303=CARTESIAN_POINT('',(2.58318E1,-3.84175E1,2.57E0));
#2304=DIRECTION('',(0.E0,0.E0,1.E0));
#2305=DIRECTION('',(1.E0,0.E0,0.E0));
#2306=AXIS2_PLACEMENT_3D('',#2303,#2304,#2305);
#2308=CARTESIAN_POINT('',(2.58318E1,-3.84175E1,2.57E0));
#2309=DIRECTION('',(0.E0,0.E0,1.E0));
#2310=DIRECTION('',(-1.E0,0.E0,0.E0));
#2311=AXIS2_PLACEMENT_3D('',#2308,#2309,#2310);
#2313=CARTESIAN_POINT('',(2.21742E1,-4.08813E1,2.57E0));
#2314=DIRECTION('',(0.E0,0.E0,1.E0));
#2315=DIRECTION('',(1.E0,-9.688472246694E-10,0.E0));
#2316=AXIS2_PLACEMENT_3D('',#2313,#2314,#2315);
#2318=CARTESIAN_POINT('',(2.21742E1,-4.08813E1,2.57E0));
#2319=DIRECTION('',(0.E0,0.E0,1.E0));
#2320=DIRECTION('',(-1.E0,9.688472246694E-10,0.E0));
#2321=AXIS2_PLACEMENT_3D('',#2318,#2319,#2320);
#2323=CARTESIAN_POINT('',(3.000511337887E1,-4.149380777980E1,2.17E0));
#2324=DIRECTION('',(1.E0,6.495499146303E-8,0.E0));
#2325=DIRECTION('',(2.398081733190E-13,-3.729425390731E-6,9.999999999930E-1));
#2326=AXIS2_PLACEMENT_3D('',#2323,#2324,#2325);
#2328=CARTESIAN_POINT('',(3.011310927157E1,-4.138581338375E1,2.17E0));
#2329=DIRECTION('',(0.E0,1.E0,0.E0));
#2330=DIRECTION('',(0.E0,0.E0,1.E0));
#2331=AXIS2_PLACEMENT_3D('',#2328,#2329,#2330);
#2333=CARTESIAN_POINT('',(3.011310777980E1,-3.544918662113E1,2.17E0));
#2334=DIRECTION('',(-6.495498435580E-8,1.E0,0.E0));
#2335=DIRECTION('',(3.729425408494E-6,2.486899575160E-13,9.999999999930E-1));
#2336=AXIS2_PLACEMENT_3D('',#2333,#2334,#2335);
#2338=CARTESIAN_POINT('',(3.000511338375E1,-3.534119072843E1,2.17E0));
#2339=DIRECTION('',(-1.E0,0.E0,0.E0));
#2340=DIRECTION('',(0.E0,0.E0,1.E0));
#2341=AXIS2_PLACEMENT_3D('',#2338,#2339,#2340);
#2343=CARTESIAN_POINT('',(2.165848662113E1,-3.534119222020E1,2.17E0));
#2344=DIRECTION('',(-1.E0,-6.495498589972E-8,0.E0));
#2345=DIRECTION('',(-2.398081733190E-13,3.729425408494E-6,9.999999999930E-1));
#2346=AXIS2_PLACEMENT_3D('',#2343,#2344,#2345);
#2348=CARTESIAN_POINT('',(2.155049072843E1,-3.544918661625E1,2.17E0));
#2349=DIRECTION('',(0.E0,-1.E0,0.E0));
#2350=DIRECTION('',(0.E0,0.E0,1.E0));
#2351=AXIS2_PLACEMENT_3D('',#2348,#2349,#2350);
#2353=DIRECTION('',(8.656527277797E-8,-1.E0,1.455309929629E-8));
#2354=VECTOR('',#2353,5.936601145501E0);
#2355=CARTESIAN_POINT('',(2.115050673680E1,-3.544921223788E1,2.173490516533E0));
#2356=LINE('',#2355,#2354);
#2357=DIRECTION('',(-8.726805721957E-3,-8.726203478881E-3,-9.999238452176E-1));
#2358=VECTOR('',#2357,2.143653852422E0);
#2359=CARTESIAN_POINT('',(2.115050725071E1,-4.138581338338E1,2.173490602929E0));
#2360=LINE('',#2359,#2358);
#2361=DIRECTION('',(-8.726565448618E-3,8.738155079860E-3,-9.999237429431E-1));
#2362=VECTOR('',#2361,2.143653985277E0);
#2363=CARTESIAN_POINT('',(2.115050673680E1,-3.544921223788E1,2.173490516533E0));
#2364=LINE('',#2363,#2362);
#2365=CARTESIAN_POINT('',(2.165848661662E1,-3.494120725071E1,2.173490602929E0));
#2366=CARTESIAN_POINT('',(2.162044030136E1,-3.494121323949E1,2.173751791387E0));
#2367=CARTESIAN_POINT('',(2.154436054962E1,-3.494979536172E1,2.174215957929E0));
#2368=CARTESIAN_POINT('',(2.143599805213E1,-3.498776710686E1,2.174699770504E0));
#2369=CARTESIAN_POINT('',(2.133885501585E1,-3.504890269757E1,2.174946870212E0));
#2370=CARTESIAN_POINT('',(2.125792911845E1,-3.512991471966E1,2.174946197999E0));
#2371=CARTESIAN_POINT('',(2.119697241291E1,-3.522692707824E1,2.174698857229E0));
#2372=CARTESIAN_POINT('',(2.115908036848E1,-3.533516956674E1,2.174214932550E0));
#2373=CARTESIAN_POINT('',(2.115051094173E1,-3.541117274100E1,2.173752138397E0));
#2374=CARTESIAN_POINT('',(2.115050673680E1,-3.544921223788E1,2.173490516533E0));
#2376=DIRECTION('',(-1.E0,-6.157039160354E-8,1.035103329978E-8));
#2377=VECTOR('',#2376,8.346601145501E0);
#2378=CARTESIAN_POINT('',(3.000508776212E1,-3.494120673680E1,2.173490516533E0));
#2379=LINE('',#2378,#2377);
#2380=DIRECTION('',(-8.726203478886E-3,8.726805721955E-3,-9.999238452176E-1));
#2381=VECTOR('',#2380,2.143653852422E0);
#2382=CARTESIAN_POINT('',(2.165848661662E1,-3.494120725071E1,2.173490602929E0));
#2383=LINE('',#2382,#2381);
#2384=DIRECTION('',(8.738155079855E-3,8.726565448618E-3,-9.999237429431E-1));
#2385=VECTOR('',#2384,2.143653985277E0);
#2386=CARTESIAN_POINT('',(3.000508776212E1,-3.494120673680E1,2.173490516533E0));
#2387=LINE('',#2386,#2385);
#2388=CARTESIAN_POINT('',(3.051309274929E1,-3.544918661662E1,2.173490602929E0));
#2389=CARTESIAN_POINT('',(3.051308676051E1,-3.541114030136E1,2.173751791387E0));
#2390=CARTESIAN_POINT('',(3.050450463828E1,-3.533506054962E1,2.174215957929E0));
#2391=CARTESIAN_POINT('',(3.046653289314E1,-3.522669805213E1,2.174699770504E0));
#2392=CARTESIAN_POINT('',(3.040539730243E1,-3.512955501585E1,2.174946870212E0));
#2393=CARTESIAN_POINT('',(3.032438528034E1,-3.504862911845E1,2.174946197999E0));
#2394=CARTESIAN_POINT('',(3.022737292176E1,-3.498767241291E1,2.174698857229E0));
#2395=CARTESIAN_POINT('',(3.011913043326E1,-3.494978036848E1,2.174214932550E0));
#2396=CARTESIAN_POINT('',(3.004312725900E1,-3.494121094173E1,2.173752138397E0));
#2397=CARTESIAN_POINT('',(3.000508776212E1,-3.494120673680E1,2.173490516533E0));
#2399=DIRECTION('',(-8.656527217953E-8,1.E0,1.455309929629E-8));
#2400=VECTOR('',#2399,5.936601145501E0);
#2401=CARTESIAN_POINT('',(3.051309326320E1,-4.138578776212E1,2.173490516533E0));
#2402=LINE('',#2401,#2400);
#2403=DIRECTION('',(8.726805721955E-3,8.726203478888E-3,-9.999238452176E-1));
#2404=VECTOR('',#2403,2.143653852422E0);
#2405=CARTESIAN_POINT('',(3.051309274929E1,-3.544918661662E1,2.173490602929E0));
#2406=LINE('',#2405,#2404);
#2407=DIRECTION('',(8.726565448616E-3,-8.738155079856E-3,-9.999237429431E-1));
#2408=VECTOR('',#2407,2.143653985277E0);
#2409=CARTESIAN_POINT('',(3.051309326320E1,-4.138578776212E1,2.173490516533E0));
#2410=LINE('',#2409,#2408);
#2411=CARTESIAN_POINT('',(3.000511338338E1,-4.189379274929E1,2.173490602929E0));
#2412=CARTESIAN_POINT('',(3.004315969864E1,-4.189378676051E1,2.173751791387E0));
#2413=CARTESIAN_POINT('',(3.011923945038E1,-4.188520463828E1,2.174215957929E0));
#2414=CARTESIAN_POINT('',(3.022760194787E1,-4.184723289314E1,2.174699770504E0));
#2415=CARTESIAN_POINT('',(3.032474498415E1,-4.178609730243E1,2.174946870212E0));
#2416=CARTESIAN_POINT('',(3.040567088155E1,-4.170508528034E1,2.174946197999E0));
#2417=CARTESIAN_POINT('',(3.046662758709E1,-4.160807292176E1,2.174698857229E0));
#2418=CARTESIAN_POINT('',(3.050451963152E1,-4.149983043326E1,2.174214932550E0));
#2419=CARTESIAN_POINT('',(3.051308905827E1,-4.142382725900E1,2.173752138397E0));
#2420=CARTESIAN_POINT('',(3.051309326320E1,-4.138578776212E1,2.173490516533E0));
#2422=DIRECTION('',(1.E0,6.157039075224E-8,1.035103329978E-8));
#2423=VECTOR('',#2422,8.346601145501E0);
#2424=CARTESIAN_POINT('',(2.165851223788E1,-4.189379326320E1,2.173490516533E0));
#2425=LINE('',#2424,#2423);
#2426=DIRECTION('',(8.726203478881E-3,-8.726805721952E-3,-9.999238452176E-1));
#2427=VECTOR('',#2426,2.143653852422E0);
#2428=CARTESIAN_POINT('',(3.000511338338E1,-4.189379274929E1,2.173490602929E0));
#2429=LINE('',#2428,#2427);
#2430=DIRECTION('',(-8.738155079858E-3,-8.726565448614E-3,-9.999237429431E-1));
#2431=VECTOR('',#2430,2.143653985277E0);
#2432=CARTESIAN_POINT('',(2.165851223788E1,-4.189379326320E1,2.173490516533E0));
#2433=LINE('',#2432,#2431);
#2434=CARTESIAN_POINT('',(2.165848661625E1,-4.149380927157E1,2.17E0));
#2435=DIRECTION('',(1.E0,0.E0,0.E0));
#2436=DIRECTION('',(0.E0,0.E0,1.E0));
#2437=AXIS2_PLACEMENT_3D('',#2434,#2435,#2436);
#2439=CARTESIAN_POINT('',(2.82448E1,-3.841750000001E1,3.078E0));
#2440=DIRECTION('',(2.842389518198E-12,1.E0,0.E0));
#2441=DIRECTION('',(-1.944201580131E-12,0.E0,-1.E0));
#2442=AXIS2_PLACEMENT_3D('',#2439,#2440,#2441);
#2444=CARTESIAN_POINT('',(2.34188E1,-3.841749999999E1,3.078E0));
#2445=DIRECTION('',(-2.842556051652E-12,-1.E0,0.E0));
#2446=DIRECTION('',(1.944201580131E-12,0.E0,-1.E0));
#2447=AXIS2_PLACEMENT_3D('',#2444,#2445,#2446);
#2449=CARTESIAN_POINT('',(2.58318E1,-3.84175E1,3.078E0));
#2450=DIRECTION('',(0.E0,0.E0,1.E0));
#2451=DIRECTION('',(-1.E0,0.E0,0.E0));
#2452=AXIS2_PLACEMENT_3D('',#2449,#2450,#2451);
#2454=CARTESIAN_POINT('',(2.58318E1,-3.84175E1,3.078E0));
#2455=DIRECTION('',(0.E0,0.E0,1.E0));
#2456=DIRECTION('',(1.E0,0.E0,0.E0));
#2457=AXIS2_PLACEMENT_3D('',#2454,#2455,#2456);
#2459=DIRECTION('',(0.E0,-3.070288764492E-12,1.E0));
#2460=VECTOR('',#2459,4.1402E0);
#2461=CARTESIAN_POINT('',(2.77368E1,-3.841749999999E1,3.078E0));
#2462=LINE('',#2461,#2460);
#2463=DIRECTION('',(0.E0,3.073721172278E-12,1.E0));
#2464=VECTOR('',#2463,4.1402E0);
#2465=CARTESIAN_POINT('',(2.39268E1,-3.841750000001E1,3.078E0));
#2466=LINE('',#2465,#2464);
#2467=CARTESIAN_POINT('',(2.58318E1,-3.84175E1,7.2182E0));
#2468=DIRECTION('',(0.E0,0.E0,-1.E0));
#2469=DIRECTION('',(-1.E0,0.E0,0.E0));
#2470=AXIS2_PLACEMENT_3D('',#2467,#2468,#2469);
#2472=CARTESIAN_POINT('',(2.58318E1,-3.84175E1,7.2182E0));
#2473=DIRECTION('',(0.E0,0.E0,1.E0));
#2474=DIRECTION('',(-1.E0,0.E0,0.E0));
#2475=AXIS2_PLACEMENT_3D('',#2472,#2473,#2474);
#2477=CARTESIAN_POINT('',(2.58318E1,-3.84175E1,7.2182E0));
#2478=DIRECTION('',(0.E0,0.E0,1.E0));
#2479=DIRECTION('',(-1.E0,0.E0,0.E0));
#2480=AXIS2_PLACEMENT_3D('',#2477,#2478,#2479);
#2482=DIRECTION('',(2.737438280548E-1,0.E0,9.618026391115E-1));
#2483=VECTOR('',#2482,3.433136763952E0);
#2484=CARTESIAN_POINT('',(2.3368E1,-3.84175E1,7.2182E0));
#2485=LINE('',#2484,#2483);
#2486=CARTESIAN_POINT('',(2.58318E1,-3.84175E1,7.2182E0));
#2487=DIRECTION('',(0.E0,0.E0,-1.E0));
#2488=DIRECTION('',(-1.E0,0.E0,0.E0));
#2489=AXIS2_PLACEMENT_3D('',#2486,#2487,#2488);
#2491=DIRECTION('',(-2.737438280548E-1,0.E0,9.618026391115E-1));
#2492=VECTOR('',#2491,3.433136763952E0);
#2493=CARTESIAN_POINT('',(2.82956E1,-3.84175E1,7.2182E0));
#2494=LINE('',#2493,#2492);
#2495=CARTESIAN_POINT('',(2.58318E1,-3.84175E1,1.05202E1));
#2496=DIRECTION('',(0.E0,0.E0,-1.E0));
#2497=DIRECTION('',(-1.E0,0.E0,0.E0));
#2498=AXIS2_PLACEMENT_3D('',#2495,#2496,#2497);
#2500=CARTESIAN_POINT('',(2.58318E1,-3.84175E1,1.05202E1));
#2501=DIRECTION('',(0.E0,0.E0,1.E0));
#2502=DIRECTION('',(-1.E0,0.E0,0.E0));
#2503=AXIS2_PLACEMENT_3D('',#2500,#2501,#2502);
#2505=CARTESIAN_POINT('',(2.58318E1,-3.84175E1,1.05202E1));
#2506=DIRECTION('',(0.E0,0.E0,1.E0));
#2507=DIRECTION('',(-1.E0,0.E0,0.E0));
#2508=AXIS2_PLACEMENT_3D('',#2505,#2506,#2507);
#2510=CARTESIAN_POINT('',(2.58318E1,-3.84175E1,1.05202E1));
#2511=DIRECTION('',(0.E0,0.E0,1.E0));
#2512=DIRECTION('',(1.E0,0.E0,0.E0));
#2513=AXIS2_PLACEMENT_3D('',#2510,#2511,#2512);
#2515=CARTESIAN_POINT('',(2.58318E1,-3.84175E1,5.57E0));
#2516=DIRECTION('',(0.E0,0.E0,1.E0));
#2517=DIRECTION('',(-1.E0,0.E0,0.E0));
#2518=AXIS2_PLACEMENT_3D('',#2515,#2516,#2517);
#2520=DIRECTION('',(0.E0,0.E0,-1.E0));
#2521=VECTOR('',#2520,4.9502E0);
#2522=CARTESIAN_POINT('',(2.48158E1,-3.84175E1,1.05202E1));
#2523=LINE('',#2522,#2521);
#2524=CARTESIAN_POINT('',(2.58318E1,-3.84175E1,5.57E0));
#2525=DIRECTION('',(0.E0,0.E0,1.E0));
#2526=DIRECTION('',(1.E0,0.E0,0.E0));
#2527=AXIS2_PLACEMENT_3D('',#2524,#2525,#2526);
#2529=DIRECTION('',(0.E0,0.E0,-1.E0));
#2530=VECTOR('',#2529,4.9502E0);
#2531=CARTESIAN_POINT('',(2.68478E1,-3.84175E1,1.05202E1));
#2532=LINE('',#2531,#2530);
#2533=CARTESIAN_POINT('',(2.230412380475E1,-4.08813E1,2.5573E0));
#2534=DIRECTION('',(0.E0,1.E0,0.E0));
#2535=DIRECTION('',(0.E0,0.E0,1.E0));
#2536=AXIS2_PLACEMENT_3D('',#2533,#2534,#2535);
#2538=CARTESIAN_POINT('',(2.21742E1,-4.08813E1,2.7478E0));
#2539=DIRECTION('',(0.E0,0.E0,1.E0));
#2540=DIRECTION('',(1.E0,0.E0,0.E0));
#2541=AXIS2_PLACEMENT_3D('',#2538,#2539,#2540);
#2543=CARTESIAN_POINT('',(2.21742E1,-4.08813E1,2.7478E0));
#2544=DIRECTION('',(0.E0,0.E0,1.E0));
#2545=DIRECTION('',(-1.E0,0.E0,0.E0));
#2546=AXIS2_PLACEMENT_3D('',#2543,#2544,#2545);
#2548=CARTESIAN_POINT('',(2.204427619525E1,-4.08813E1,2.5573E0));
#2549=DIRECTION('',(0.E0,-1.E0,0.E0));
#2550=DIRECTION('',(0.E0,0.E0,1.E0));
#2551=AXIS2_PLACEMENT_3D('',#2548,#2549,#2550);
#2553=CARTESIAN_POINT('',(2.08788E1,-4.4577E1,0.E0));
#2554=CARTESIAN_POINT('',(2.08788E1,-3.4671E1,0.E0));
#2555=VERTEX_POINT('',#2553);
#2556=VERTEX_POINT('',#2554);
#2557=CARTESIAN_POINT('',(3.07848E1,-3.4671E1,0.E0));
#2558=VERTEX_POINT('',#2557);
#2559=CARTESIAN_POINT('',(3.07848E1,-4.4577E1,0.E0));
#2560=VERTEX_POINT('',#2559);
#2561=CARTESIAN_POINT('',(2.08788E1,-4.4577E1,-1.02E0));
#2562=CARTESIAN_POINT('',(2.08788E1,-3.4671E1,-1.02E0));
#2563=VERTEX_POINT('',#2561);
#2564=VERTEX_POINT('',#2562);
#2565=CARTESIAN_POINT('',(3.07848E1,-3.4671E1,-1.02E0));
#2566=VERTEX_POINT('',#2565);
#2567=CARTESIAN_POINT('',(3.07848E1,-4.4577E1,-1.02E0));
#2568=VERTEX_POINT('',#2567);
#2569=VERTEX_POINT('',#2111);
#2570=VERTEX_POINT('',#2117);
#2571=VERTEX_POINT('',#2123);
#2572=VERTEX_POINT('',#2129);
#2573=VERTEX_POINT('',#2135);
#2574=VERTEX_POINT('',#2141);
#2575=VERTEX_POINT('',#2147);
#2576=VERTEX_POINT('',#2153);
#2577=VERTEX_POINT('',#2251);
#2578=VERTEX_POINT('',#2258);
#2579=VERTEX_POINT('',#2411);
#2580=VERTEX_POINT('',#2420);
#2581=CARTESIAN_POINT('',(3.011310927157E1,-3.544918661612E1,2.569999999999E0));
#2582=VERTEX_POINT('',#2581);
#2583=CARTESIAN_POINT('',(3.051309274929E1,-3.544918661662E1,2.173490602929E0));
#2584=VERTEX_POINT('',#2583);
#2585=VERTEX_POINT('',#2297);
#2586=VERTEX_POINT('',#2397);
#2587=CARTESIAN_POINT('',(2.165848661612E1,-3.534119072843E1,2.569999999999E0));
#2588=VERTEX_POINT('',#2587);
#2589=CARTESIAN_POINT('',(2.165848661662E1,-3.494120725071E1,2.173490602929E0));
#2590=VERTEX_POINT('',#2589);
#2591=VERTEX_POINT('',#2284);
#2592=VERTEX_POINT('',#2374);
#2593=CARTESIAN_POINT('',(2.155049072843E1,-4.138581338388E1,2.569999999999E0));
#2594=VERTEX_POINT('',#2593);
#2595=CARTESIAN_POINT('',(2.115050725071E1,-4.138581338338E1,2.173490602929E0));
#2596=VERTEX_POINT('',#2595);
#2597=VERTEX_POINT('',#2271);
#2598=VERTEX_POINT('',#2244);
#2599=CARTESIAN_POINT('',(2.3368E1,-3.84175E1,7.2182E0));
#2600=CARTESIAN_POINT('',(2.43078E1,-3.84175E1,1.05202E1));
#2601=VERTEX_POINT('',#2599);
#2602=VERTEX_POINT('',#2600);
#2603=CARTESIAN_POINT('',(2.82956E1,-3.84175E1,7.2182E0));
#2604=CARTESIAN_POINT('',(2.73558E1,-3.84175E1,1.05202E1));
#2605=VERTEX_POINT('',#2603);
#2606=VERTEX_POINT('',#2604);
#2607=CARTESIAN_POINT('',(2.39268E1,-3.84175E1,7.2182E0));
#2608=CARTESIAN_POINT('',(2.77368E1,-3.84175E1,7.2182E0));
#2609=VERTEX_POINT('',#2607);
#2610=VERTEX_POINT('',#2608);
#2611=CARTESIAN_POINT('',(2.48158E1,-3.84175E1,1.05202E1));
#2612=CARTESIAN_POINT('',(2.68478E1,-3.84175E1,1.05202E1));
#2613=VERTEX_POINT('',#2611);
#2614=VERTEX_POINT('',#2612);
#2615=CARTESIAN_POINT('',(2.82448E1,-3.84175E1,2.57E0));
#2616=CARTESIAN_POINT('',(2.34188E1,-3.84175E1,2.57E0));
#2617=VERTEX_POINT('',#2615);
#2618=VERTEX_POINT('',#2616);
#2619=CARTESIAN_POINT('',(2.77368E1,-3.84175E1,3.078E0));
#2620=CARTESIAN_POINT('',(2.39268E1,-3.84175E1,3.078E0));
#2621=VERTEX_POINT('',#2619);
#2622=VERTEX_POINT('',#2620);
#2623=CARTESIAN_POINT('',(2.230412380475E1,-4.08813E1,2.7478E0));
#2624=CARTESIAN_POINT('',(2.204427619525E1,-4.08813E1,2.7478E0));
#2625=VERTEX_POINT('',#2623);
#2626=VERTEX_POINT('',#2624);
#2627=CARTESIAN_POINT('',(2.24942E1,-4.088130000031E1,2.57E0));
#2628=CARTESIAN_POINT('',(2.18542E1,-4.088129999969E1,2.57E0));
#2629=VERTEX_POINT('',#2627);
#2630=VERTEX_POINT('',#2628);
#2631=VERTEX_POINT('',#1858);
#2632=VERTEX_POINT('',#1865);
#2633=VERTEX_POINT('',#1696);
#2634=VERTEX_POINT('',#1706);
#2635=CARTESIAN_POINT('',(2.155049072843E1,-3.544758661612E1,
-3.589999999999E0));
#2636=VERTEX_POINT('',#2635);
#2637=CARTESIAN_POINT('',(2.115050725071E1,-3.544758661662E1,
-3.193490602929E0));
#2638=VERTEX_POINT('',#2637);
#2639=VERTEX_POINT('',#1904);
#2640=VERTEX_POINT('',#1835);
#2641=CARTESIAN_POINT('',(3.000511338388E1,-3.533959072843E1,
-3.589999999999E0));
#2642=VERTEX_POINT('',#2641);
#2643=CARTESIAN_POINT('',(3.000511338338E1,-3.493960725071E1,
-3.193490602929E0));
#2644=VERTEX_POINT('',#2643);
#2645=VERTEX_POINT('',#1891);
#2646=VERTEX_POINT('',#1792);
#2647=CARTESIAN_POINT('',(3.011310927157E1,-4.138421338388E1,
-3.589999999999E0));
#2648=VERTEX_POINT('',#2647);
#2649=CARTESIAN_POINT('',(3.051309274929E1,-4.138421338338E1,
-3.193490602929E0));
#2650=VERTEX_POINT('',#2649);
#2651=VERTEX_POINT('',#1878);
#2652=VERTEX_POINT('',#1749);
#2653=CARTESIAN_POINT('',(2.82956E1,-3.84159E1,-8.2382E0));
#2654=CARTESIAN_POINT('',(2.73558E1,-3.84159E1,-1.15402E1));
#2655=VERTEX_POINT('',#2653);
#2656=VERTEX_POINT('',#2654);
#2657=CARTESIAN_POINT('',(2.3368E1,-3.84159E1,-8.2382E0));
#2658=CARTESIAN_POINT('',(2.43078E1,-3.84159E1,-1.15402E1));
#2659=VERTEX_POINT('',#2657);
#2660=VERTEX_POINT('',#2658);
#2661=CARTESIAN_POINT('',(2.77368E1,-3.84159E1,-8.2382E0));
#2662=CARTESIAN_POINT('',(2.39268E1,-3.84159E1,-8.2382E0));
#2663=VERTEX_POINT('',#2661);
#2664=VERTEX_POINT('',#2662);
#2665=CARTESIAN_POINT('',(2.68478E1,-3.84159E1,-1.15402E1));
#2666=CARTESIAN_POINT('',(2.48158E1,-3.84159E1,-1.15402E1));
#2667=VERTEX_POINT('',#2665);
#2668=VERTEX_POINT('',#2666);
#2669=CARTESIAN_POINT('',(2.34188E1,-3.84159E1,-3.59E0));
#2670=CARTESIAN_POINT('',(2.82448E1,-3.84159E1,-3.59E0));
#2671=VERTEX_POINT('',#2669);
#2672=VERTEX_POINT('',#2670);
#2673=CARTESIAN_POINT('',(2.39268E1,-3.84159E1,-4.098E0));
#2674=CARTESIAN_POINT('',(2.77368E1,-3.84159E1,-4.098E0));
#2675=VERTEX_POINT('',#2673);
#2676=VERTEX_POINT('',#2674);
#2677=CARTESIAN_POINT('',(2.935947619525E1,-4.08797E1,-3.7678E0));
#2678=CARTESIAN_POINT('',(2.961932380475E1,-4.08797E1,-3.7678E0));
#2679=VERTEX_POINT('',#2677);
#2680=VERTEX_POINT('',#2678);
#2681=CARTESIAN_POINT('',(2.91694E1,-4.087970000031E1,-3.59E0));
#2682=CARTESIAN_POINT('',(2.98094E1,-4.087969999969E1,-3.59E0));
#2683=VERTEX_POINT('',#2681);
#2684=VERTEX_POINT('',#2682);
#2685=CARTESIAN_POINT('',(2.9897E1,-4.5845E1,0.E0));
#2686=CARTESIAN_POINT('',(3.0277E1,-4.5465E1,0.E0));
#2687=VERTEX_POINT('',#2685);
#2688=VERTEX_POINT('',#2686);
#2689=CARTESIAN_POINT('',(2.9007E1,-4.5465E1,0.E0));
#2690=CARTESIAN_POINT('',(2.9387E1,-4.5845E1,0.E0));
#2691=VERTEX_POINT('',#2689);
#2692=VERTEX_POINT('',#2690);
#2693=CARTESIAN_POINT('',(2.4817E1,-4.5845E1,0.E0));
#2694=CARTESIAN_POINT('',(2.5197E1,-4.5465E1,0.E0));
#2695=VERTEX_POINT('',#2693);
#2696=VERTEX_POINT('',#2694);
#2697=CARTESIAN_POINT('',(2.3927E1,-4.5465E1,0.E0));
#2698=CARTESIAN_POINT('',(2.4307E1,-4.5845E1,0.E0));
#2699=VERTEX_POINT('',#2697);
#2700=VERTEX_POINT('',#2698);
#2701=CARTESIAN_POINT('',(2.9897E1,-4.5845E1,2.5E-1));
#2702=CARTESIAN_POINT('',(3.0277E1,-4.5465E1,2.5E-1));
#2703=VERTEX_POINT('',#2701);
#2704=VERTEX_POINT('',#2702);
#2705=CARTESIAN_POINT('',(3.0277E1,-4.2925E1,2.5E-1));
#2706=VERTEX_POINT('',#2705);
#2707=CARTESIAN_POINT('',(2.9007E1,-4.2925E1,2.5E-1));
#2708=CARTESIAN_POINT('',(2.9007E1,-4.5465E1,2.5E-1));
#2709=VERTEX_POINT('',#2707);
#2710=VERTEX_POINT('',#2708);
#2711=CARTESIAN_POINT('',(2.9387E1,-4.5845E1,2.5E-1));
#2712=VERTEX_POINT('',#2711);
#2713=CARTESIAN_POINT('',(2.4817E1,-4.5845E1,2.5E-1));
#2714=CARTESIAN_POINT('',(2.5197E1,-4.5465E1,2.5E-1));
#2715=VERTEX_POINT('',#2713);
#2716=VERTEX_POINT('',#2714);
#2717=CARTESIAN_POINT('',(2.5197E1,-4.2925E1,2.5E-1));
#2718=VERTEX_POINT('',#2717);
#2719=CARTESIAN_POINT('',(2.3927E1,-4.2925E1,2.5E-1));
#2720=CARTESIAN_POINT('',(2.3927E1,-4.5465E1,2.5E-1));
#2721=VERTEX_POINT('',#2719);
#2722=VERTEX_POINT('',#2720);
#2723=CARTESIAN_POINT('',(2.4307E1,-4.5845E1,2.5E-1));
#2724=VERTEX_POINT('',#2723);
#2725=CARTESIAN_POINT('',(2.99468E1,-4.2925E1,2.5E-1));
#2726=VERTEX_POINT('',#2725);
#2727=CARTESIAN_POINT('',(2.93372E1,-4.2925E1,2.5E-1));
#2728=VERTEX_POINT('',#2727);
#2729=CARTESIAN_POINT('',(2.48668E1,-4.2925E1,2.5E-1));
#2730=VERTEX_POINT('',#2729);
#2731=CARTESIAN_POINT('',(2.42572E1,-4.2925E1,2.5E-1));
#2732=VERTEX_POINT('',#2731);
#2733=CARTESIAN_POINT('',(2.17172E1,-4.445403050732E1,-1.265449351205E0));
#2734=CARTESIAN_POINT('',(2.17172E1,-4.370317488470E1,-1.169034238362E0));
#2735=VERTEX_POINT('',#2733);
#2736=VERTEX_POINT('',#2734);
#2737=CARTESIAN_POINT('',(2.17172E1,-4.358599789277E1,-1.218009258127E0));
#2738=VERTEX_POINT('',#2737);
#2739=CARTESIAN_POINT('',(2.17172E1,-4.312700421447E1,-1.820150860970E0));
#2740=VERTEX_POINT('',#2739);
#2741=CARTESIAN_POINT('',(2.17172E1,-4.2925E1,-1.666169377225E0));
#2742=VERTEX_POINT('',#2741);
#2743=CARTESIAN_POINT('',(2.17172E1,-4.338399367830E1,-1.064027774382E0));
#2744=VERTEX_POINT('',#2743);
#2745=CARTESIAN_POINT('',(2.23268E1,-4.445403050732E1,-1.265449351205E0));
#2746=CARTESIAN_POINT('',(2.23268E1,-4.370317488470E1,-1.169034238362E0));
#2747=VERTEX_POINT('',#2745);
#2748=VERTEX_POINT('',#2746);
#2749=CARTESIAN_POINT('',(2.23268E1,-4.358599789277E1,-1.218009258127E0));
#2750=VERTEX_POINT('',#2749);
#2751=CARTESIAN_POINT('',(2.23268E1,-4.312700421447E1,-1.820150860970E0));
#2752=VERTEX_POINT('',#2751);
#2753=CARTESIAN_POINT('',(2.23268E1,-4.2925E1,-1.666169377225E0));
#2754=VERTEX_POINT('',#2753);
#2755=CARTESIAN_POINT('',(2.23268E1,-4.338399367830E1,-1.064027774382E0));
#2756=VERTEX_POINT('',#2755);
#2757=CARTESIAN_POINT('',(2.17172E1,-4.5084E1,-7.112E-1));
#2758=VERTEX_POINT('',#2757);
#2759=CARTESIAN_POINT('',(2.23268E1,-4.5084E1,-7.112E-1));
#2760=VERTEX_POINT('',#2759);
#2761=CARTESIAN_POINT('',(2.17172E1,-4.483E1,-7.112E-1));
#2762=CARTESIAN_POINT('',(2.23268E1,-4.483E1,-7.112E-1));
#2763=VERTEX_POINT('',#2761);
#2764=VERTEX_POINT('',#2762);
#2765=CARTESIAN_POINT('',(2.17172E1,-4.5084E1,-2.54E-1));
#2766=VERTEX_POINT('',#2765);
#2767=CARTESIAN_POINT('',(2.23268E1,-4.5084E1,-2.54E-1));
#2768=VERTEX_POINT('',#2767);
#2769=CARTESIAN_POINT('',(2.23268E1,-4.5338E1,0.E0));
#2770=VERTEX_POINT('',#2769);
#2771=CARTESIAN_POINT('',(2.17172E1,-4.5338E1,0.E0));
#2772=VERTEX_POINT('',#2771);
#2773=CARTESIAN_POINT('',(2.17172E1,-4.483E1,-4.E-3));
#2774=VERTEX_POINT('',#2773);
#2775=CARTESIAN_POINT('',(2.23268E1,-4.483E1,-4.E-3));
#2776=VERTEX_POINT('',#2775);
#2777=CARTESIAN_POINT('',(2.48668E1,-4.483E1,-4.E-3));
#2778=CARTESIAN_POINT('',(2.42572E1,-4.483E1,-4.E-3));
#2779=VERTEX_POINT('',#2777);
#2780=VERTEX_POINT('',#2778);
#2781=CARTESIAN_POINT('',(2.48668E1,-4.5084E1,2.5E-1));
#2782=CARTESIAN_POINT('',(2.42572E1,-4.5084E1,2.5E-1));
#2783=VERTEX_POINT('',#2781);
#2784=VERTEX_POINT('',#2782);
#2785=CARTESIAN_POINT('',(2.17172E1,-4.483002756076E1,0.E0));
#2786=VERTEX_POINT('',#2785);
#2787=CARTESIAN_POINT('',(2.23268E1,-4.483002756076E1,0.E0));
#2788=VERTEX_POINT('',#2787);
#2789=CARTESIAN_POINT('',(2.48668E1,-4.483003149802E1,0.E0));
#2790=VERTEX_POINT('',#2789);
#2791=CARTESIAN_POINT('',(2.42572E1,-4.483003149802E1,0.E0));
#2792=VERTEX_POINT('',#2791);
#2793=CARTESIAN_POINT('',(2.2277E1,-4.5845E1,0.E0));
#2794=CARTESIAN_POINT('',(2.2657E1,-4.5465E1,0.E0));
#2795=VERTEX_POINT('',#2793);
#2796=VERTEX_POINT('',#2794);
#2797=CARTESIAN_POINT('',(2.1387E1,-4.5465E1,0.E0));
#2798=CARTESIAN_POINT('',(2.1767E1,-4.5845E1,0.E0));
#2799=VERTEX_POINT('',#2797);
#2800=VERTEX_POINT('',#2798);
#2801=CARTESIAN_POINT('',(2.2277E1,-4.5845E1,2.5E-1));
#2802=CARTESIAN_POINT('',(2.2657E1,-4.5465E1,2.5E-1));
#2803=VERTEX_POINT('',#2801);
#2804=VERTEX_POINT('',#2802);
#2805=CARTESIAN_POINT('',(2.2657E1,-4.2925E1,2.5E-1));
#2806=VERTEX_POINT('',#2805);
#2807=CARTESIAN_POINT('',(2.1387E1,-4.2925E1,2.5E-1));
#2808=CARTESIAN_POINT('',(2.1387E1,-4.5465E1,2.5E-1));
#2809=VERTEX_POINT('',#2807);
#2810=VERTEX_POINT('',#2808);
#2811=CARTESIAN_POINT('',(2.1767E1,-4.5845E1,2.5E-1));
#2812=VERTEX_POINT('',#2811);
#2813=CARTESIAN_POINT('',(2.23268E1,-4.2925E1,2.5E-1));
#2814=VERTEX_POINT('',#2813);
#2815=CARTESIAN_POINT('',(2.17172E1,-4.2925E1,2.5E-1));
#2816=VERTEX_POINT('',#2815);
#2817=CARTESIAN_POINT('',(2.42572E1,-4.5084E1,-7.112E-1));
#2818=CARTESIAN_POINT('',(2.42572E1,-4.445403050732E1,-1.265449351205E0));
#2819=VERTEX_POINT('',#2817);
#2820=VERTEX_POINT('',#2818);
#2821=CARTESIAN_POINT('',(2.42572E1,-4.370317488470E1,-1.169034238362E0));
#2822=VERTEX_POINT('',#2821);
#2823=CARTESIAN_POINT('',(2.42572E1,-4.358599789277E1,-1.218009258127E0));
#2824=VERTEX_POINT('',#2823);
#2825=CARTESIAN_POINT('',(2.42572E1,-4.312700421447E1,-1.820150860970E0));
#2826=VERTEX_POINT('',#2825);
#2827=CARTESIAN_POINT('',(2.42572E1,-4.2925E1,-1.666169377225E0));
#2828=VERTEX_POINT('',#2827);
#2829=CARTESIAN_POINT('',(2.42572E1,-4.338399367830E1,-1.064027774382E0));
#2830=VERTEX_POINT('',#2829);
#2831=CARTESIAN_POINT('',(2.48668E1,-4.5084E1,-7.112E-1));
#2832=CARTESIAN_POINT('',(2.48668E1,-4.445403050732E1,-1.265449351205E0));
#2833=VERTEX_POINT('',#2831);
#2834=VERTEX_POINT('',#2832);
#2835=CARTESIAN_POINT('',(2.48668E1,-4.370317488470E1,-1.169034238362E0));
#2836=VERTEX_POINT('',#2835);
#2837=CARTESIAN_POINT('',(2.48668E1,-4.358599789277E1,-1.218009258127E0));
#2838=VERTEX_POINT('',#2837);
#2839=CARTESIAN_POINT('',(2.48668E1,-4.312700421447E1,-1.820150860970E0));
#2840=VERTEX_POINT('',#2839);
#2841=CARTESIAN_POINT('',(2.48668E1,-4.2925E1,-1.666169377225E0));
#2842=VERTEX_POINT('',#2841);
#2843=CARTESIAN_POINT('',(2.48668E1,-4.338399367830E1,-1.064027774382E0));
#2844=VERTEX_POINT('',#2843);
#2845=CARTESIAN_POINT('',(2.42572E1,-4.483E1,-7.112E-1));
#2846=CARTESIAN_POINT('',(2.48668E1,-4.483E1,-7.112E-1));
#2847=VERTEX_POINT('',#2845);
#2848=VERTEX_POINT('',#2846);
#2849=CARTESIAN_POINT('',(2.67972E1,-4.5084E1,-7.112E-1));
#2850=CARTESIAN_POINT('',(2.67972E1,-4.445403050732E1,-1.265449351205E0));
#2851=VERTEX_POINT('',#2849);
#2852=VERTEX_POINT('',#2850);
#2853=CARTESIAN_POINT('',(2.67972E1,-4.370317488470E1,-1.169034238362E0));
#2854=VERTEX_POINT('',#2853);
#2855=CARTESIAN_POINT('',(2.67972E1,-4.358599789277E1,-1.218009258127E0));
#2856=VERTEX_POINT('',#2855);
#2857=CARTESIAN_POINT('',(2.67972E1,-4.312700421447E1,-1.820150860970E0));
#2858=VERTEX_POINT('',#2857);
#2859=CARTESIAN_POINT('',(2.67972E1,-4.2925E1,-1.666169377225E0));
#2860=VERTEX_POINT('',#2859);
#2861=CARTESIAN_POINT('',(2.67972E1,-4.338399367830E1,-1.064027774382E0));
#2862=VERTEX_POINT('',#2861);
#2863=CARTESIAN_POINT('',(2.74068E1,-4.5084E1,-7.112E-1));
#2864=CARTESIAN_POINT('',(2.74068E1,-4.445403050732E1,-1.265449351205E0));
#2865=VERTEX_POINT('',#2863);
#2866=VERTEX_POINT('',#2864);
#2867=CARTESIAN_POINT('',(2.74068E1,-4.370317488470E1,-1.169034238362E0));
#2868=VERTEX_POINT('',#2867);
#2869=CARTESIAN_POINT('',(2.74068E1,-4.358599789277E1,-1.218009258127E0));
#2870=VERTEX_POINT('',#2869);
#2871=CARTESIAN_POINT('',(2.74068E1,-4.312700421447E1,-1.820150860970E0));
#2872=VERTEX_POINT('',#2871);
#2873=CARTESIAN_POINT('',(2.74068E1,-4.2925E1,-1.666169377225E0));
#2874=VERTEX_POINT('',#2873);
#2875=CARTESIAN_POINT('',(2.74068E1,-4.338399367830E1,-1.064027774382E0));
#2876=VERTEX_POINT('',#2875);
#2877=CARTESIAN_POINT('',(2.67972E1,-4.483E1,-7.112E-1));
#2878=CARTESIAN_POINT('',(2.74068E1,-4.483E1,-7.112E-1));
#2879=VERTEX_POINT('',#2877);
#2880=VERTEX_POINT('',#2878);
#2881=CARTESIAN_POINT('',(2.93372E1,-4.5084E1,-7.112E-1));
#2882=CARTESIAN_POINT('',(2.93372E1,-4.445403050732E1,-1.265449351205E0));
#2883=VERTEX_POINT('',#2881);
#2884=VERTEX_POINT('',#2882);
#2885=CARTESIAN_POINT('',(2.93372E1,-4.370317488470E1,-1.169034238362E0));
#2886=VERTEX_POINT('',#2885);
#2887=CARTESIAN_POINT('',(2.93372E1,-4.358599789277E1,-1.218009258127E0));
#2888=VERTEX_POINT('',#2887);
#2889=CARTESIAN_POINT('',(2.93372E1,-4.312700421447E1,-1.820150860970E0));
#2890=VERTEX_POINT('',#2889);
#2891=CARTESIAN_POINT('',(2.93372E1,-4.2925E1,-1.666169377225E0));
#2892=VERTEX_POINT('',#2891);
#2893=CARTESIAN_POINT('',(2.93372E1,-4.338399367830E1,-1.064027774382E0));
#2894=VERTEX_POINT('',#2893);
#2895=CARTESIAN_POINT('',(2.99468E1,-4.5084E1,-7.112E-1));
#2896=CARTESIAN_POINT('',(2.99468E1,-4.445403050732E1,-1.265449351205E0));
#2897=VERTEX_POINT('',#2895);
#2898=VERTEX_POINT('',#2896);
#2899=CARTESIAN_POINT('',(2.99468E1,-4.370317488470E1,-1.169034238362E0));
#2900=VERTEX_POINT('',#2899);
#2901=CARTESIAN_POINT('',(2.99468E1,-4.358599789277E1,-1.218009258127E0));
#2902=VERTEX_POINT('',#2901);
#2903=CARTESIAN_POINT('',(2.99468E1,-4.312700421447E1,-1.820150860970E0));
#2904=VERTEX_POINT('',#2903);
#2905=CARTESIAN_POINT('',(2.99468E1,-4.2925E1,-1.666169377225E0));
#2906=VERTEX_POINT('',#2905);
#2907=CARTESIAN_POINT('',(2.99468E1,-4.338399367830E1,-1.064027774382E0));
#2908=VERTEX_POINT('',#2907);
#2909=CARTESIAN_POINT('',(2.93372E1,-4.483E1,-7.112E-1));
#2910=CARTESIAN_POINT('',(2.99468E1,-4.483E1,-7.112E-1));
#2911=VERTEX_POINT('',#2909);
#2912=VERTEX_POINT('',#2910);
#2913=CARTESIAN_POINT('',(2.48668E1,-4.5338E1,0.E0));
#2914=CARTESIAN_POINT('',(2.42572E1,-4.5338E1,0.E0));
#2915=VERTEX_POINT('',#2913);
#2916=VERTEX_POINT('',#2914);
#2917=CARTESIAN_POINT('',(2.48668E1,-4.5084E1,-2.54E-1));
#2918=CARTESIAN_POINT('',(2.42572E1,-4.5084E1,-2.54E-1));
#2919=VERTEX_POINT('',#2917);
#2920=VERTEX_POINT('',#2918);
#2921=CARTESIAN_POINT('',(2.74068E1,-4.5338E1,0.E0));
#2922=CARTESIAN_POINT('',(2.67972E1,-4.5338E1,0.E0));
#2923=VERTEX_POINT('',#2921);
#2924=VERTEX_POINT('',#2922);
#2925=CARTESIAN_POINT('',(2.74068E1,-4.5084E1,-2.54E-1));
#2926=CARTESIAN_POINT('',(2.67972E1,-4.5084E1,-2.54E-1));
#2927=VERTEX_POINT('',#2925);
#2928=VERTEX_POINT('',#2926);
#2929=CARTESIAN_POINT('',(2.99468E1,-4.5338E1,0.E0));
#2930=CARTESIAN_POINT('',(2.93372E1,-4.5338E1,0.E0));
#2931=VERTEX_POINT('',#2929);
#2932=VERTEX_POINT('',#2930);
#2933=CARTESIAN_POINT('',(2.99468E1,-4.5084E1,-2.54E-1));
#2934=CARTESIAN_POINT('',(2.93372E1,-4.5084E1,-2.54E-1));
#2935=VERTEX_POINT('',#2933);
#2936=VERTEX_POINT('',#2934);
#2937=CARTESIAN_POINT('',(2.99468E1,-4.483E1,-4.E-3));
#2938=CARTESIAN_POINT('',(2.93372E1,-4.483E1,-4.E-3));
#2939=VERTEX_POINT('',#2937);
#2940=VERTEX_POINT('',#2938);
#2941=CARTESIAN_POINT('',(2.99468E1,-4.5084E1,2.5E-1));
#2942=CARTESIAN_POINT('',(2.93372E1,-4.5084E1,2.5E-1));
#2943=VERTEX_POINT('',#2941);
#2944=VERTEX_POINT('',#2942);
#2945=CARTESIAN_POINT('',(2.67972E1,-4.483E1,-4.E-3));
#2946=VERTEX_POINT('',#2945);
#2947=CARTESIAN_POINT('',(2.74068E1,-4.483E1,-4.E-3));
#2948=VERTEX_POINT('',#2947);
#2949=CARTESIAN_POINT('',(2.74068E1,-4.483002756076E1,0.E0));
#2950=VERTEX_POINT('',#2949);
#2951=CARTESIAN_POINT('',(2.67972E1,-4.483002756076E1,0.E0));
#2952=VERTEX_POINT('',#2951);
#2953=CARTESIAN_POINT('',(2.99468E1,-4.483002756076E1,0.E0));
#2954=VERTEX_POINT('',#2953);
#2955=CARTESIAN_POINT('',(2.93372E1,-4.483002756076E1,0.E0));
#2956=VERTEX_POINT('',#2955);
#2957=CARTESIAN_POINT('',(2.23268E1,-4.5084E1,2.5E-1));
#2958=VERTEX_POINT('',#2957);
#2959=CARTESIAN_POINT('',(2.17172E1,-4.5084E1,2.5E-1));
#2960=VERTEX_POINT('',#2959);
#2961=CARTESIAN_POINT('',(2.74068E1,-4.5084E1,2.5E-1));
#2962=VERTEX_POINT('',#2961);
#2963=CARTESIAN_POINT('',(2.67972E1,-4.5084E1,2.5E-1));
#2964=VERTEX_POINT('',#2963);
#2965=CARTESIAN_POINT('',(2.7357E1,-4.5845E1,0.E0));
#2966=CARTESIAN_POINT('',(2.7737E1,-4.5465E1,0.E0));
#2967=VERTEX_POINT('',#2965);
#2968=VERTEX_POINT('',#2966);
#2969=CARTESIAN_POINT('',(2.6467E1,-4.5465E1,0.E0));
#2970=CARTESIAN_POINT('',(2.6847E1,-4.5845E1,0.E0));
#2971=VERTEX_POINT('',#2969);
#2972=VERTEX_POINT('',#2970);
#2973=CARTESIAN_POINT('',(2.7357E1,-4.5845E1,2.5E-1));
#2974=CARTESIAN_POINT('',(2.7737E1,-4.5465E1,2.5E-1));
#2975=VERTEX_POINT('',#2973);
#2976=VERTEX_POINT('',#2974);
#2977=CARTESIAN_POINT('',(2.7737E1,-4.2925E1,2.5E-1));
#2978=VERTEX_POINT('',#2977);
#2979=CARTESIAN_POINT('',(2.6467E1,-4.2925E1,2.5E-1));
#2980=CARTESIAN_POINT('',(2.6467E1,-4.5465E1,2.5E-1));
#2981=VERTEX_POINT('',#2979);
#2982=VERTEX_POINT('',#2980);
#2983=CARTESIAN_POINT('',(2.6847E1,-4.5845E1,2.5E-1));
#2984=VERTEX_POINT('',#2983);
#2985=CARTESIAN_POINT('',(2.74068E1,-4.2925E1,2.5E-1));
#2986=VERTEX_POINT('',#2985);
#2987=CARTESIAN_POINT('',(2.67972E1,-4.2925E1,2.5E-1));
#2988=VERTEX_POINT('',#2987);
#2989=CARTESIAN_POINT('',(2.1767E1,-5.9777E1,0.E0));
#2990=CARTESIAN_POINT('',(2.2277E1,-5.9777E1,0.E0));
#2991=VERTEX_POINT('',#2989);
#2992=VERTEX_POINT('',#2990);
#2993=CARTESIAN_POINT('',(2.4307E1,-5.9777E1,0.E0));
#2994=CARTESIAN_POINT('',(2.4817E1,-5.9777E1,0.E0));
#2995=VERTEX_POINT('',#2993);
#2996=VERTEX_POINT('',#2994);
#2997=CARTESIAN_POINT('',(2.6847E1,-5.9777E1,0.E0));
#2998=CARTESIAN_POINT('',(2.7357E1,-5.9777E1,0.E0));
#2999=VERTEX_POINT('',#2997);
#3000=VERTEX_POINT('',#2998);
#3001=CARTESIAN_POINT('',(2.9387E1,-5.9777E1,0.E0));
#3002=CARTESIAN_POINT('',(2.9897E1,-5.9777E1,0.E0));
#3003=VERTEX_POINT('',#3001);
#3004=VERTEX_POINT('',#3002);
#3005=CARTESIAN_POINT('',(2.1767E1,-5.9777E1,2.5E-1));
#3006=CARTESIAN_POINT('',(2.2277E1,-5.9777E1,2.5E-1));
#3007=VERTEX_POINT('',#3005);
#3008=VERTEX_POINT('',#3006);
#3009=CARTESIAN_POINT('',(2.4307E1,-5.9777E1,2.5E-1));
#3010=CARTESIAN_POINT('',(2.4817E1,-5.9777E1,2.5E-1));
#3011=VERTEX_POINT('',#3009);
#3012=VERTEX_POINT('',#3010);
#3013=CARTESIAN_POINT('',(2.6847E1,-5.9777E1,2.5E-1));
#3014=CARTESIAN_POINT('',(2.7357E1,-5.9777E1,2.5E-1));
#3015=VERTEX_POINT('',#3013);
#3016=VERTEX_POINT('',#3014);
#3017=CARTESIAN_POINT('',(2.9387E1,-5.9777E1,2.5E-1));
#3018=CARTESIAN_POINT('',(2.9897E1,-5.9777E1,2.5E-1));
#3019=VERTEX_POINT('',#3017);
#3020=VERTEX_POINT('',#3018);
#3021=CARTESIAN_POINT('',(3.0277E1,-4.4577E1,0.E0));
#3022=CARTESIAN_POINT('',(3.0277E1,-4.2925E1,0.E0));
#3023=VERTEX_POINT('',#3021);
#3024=VERTEX_POINT('',#3022);
#3025=CARTESIAN_POINT('',(2.99468E1,-4.2925E1,0.E0));
#3026=VERTEX_POINT('',#3025);
#3027=CARTESIAN_POINT('',(2.93372E1,-4.2925E1,0.E0));
#3028=CARTESIAN_POINT('',(2.9007E1,-4.2925E1,0.E0));
#3029=VERTEX_POINT('',#3027);
#3030=VERTEX_POINT('',#3028);
#3031=CARTESIAN_POINT('',(2.9007E1,-4.4577E1,0.E0));
#3032=VERTEX_POINT('',#3031);
#3033=CARTESIAN_POINT('',(2.5197E1,-4.4577E1,0.E0));
#3034=CARTESIAN_POINT('',(2.5197E1,-4.2925E1,0.E0));
#3035=VERTEX_POINT('',#3033);
#3036=VERTEX_POINT('',#3034);
#3037=CARTESIAN_POINT('',(2.48668E1,-4.2925E1,0.E0));
#3038=VERTEX_POINT('',#3037);
#3039=CARTESIAN_POINT('',(2.42572E1,-4.2925E1,0.E0));
#3040=CARTESIAN_POINT('',(2.3927E1,-4.2925E1,0.E0));
#3041=VERTEX_POINT('',#3039);
#3042=VERTEX_POINT('',#3040);
#3043=CARTESIAN_POINT('',(2.3927E1,-4.4577E1,0.E0));
#3044=VERTEX_POINT('',#3043);
#3045=CARTESIAN_POINT('',(2.93372E1,-4.4577E1,0.E0));
#3046=VERTEX_POINT('',#3045);
#3047=CARTESIAN_POINT('',(2.99468E1,-4.4577E1,0.E0));
#3048=VERTEX_POINT('',#3047);
#3049=CARTESIAN_POINT('',(2.42572E1,-4.4577E1,0.E0));
#3050=VERTEX_POINT('',#3049);
#3051=CARTESIAN_POINT('',(2.48668E1,-4.4577E1,0.E0));
#3052=VERTEX_POINT('',#3051);
#3053=CARTESIAN_POINT('',(2.2657E1,-4.4577E1,0.E0));
#3054=CARTESIAN_POINT('',(2.2657E1,-4.2925E1,0.E0));
#3055=VERTEX_POINT('',#3053);
#3056=VERTEX_POINT('',#3054);
#3057=CARTESIAN_POINT('',(2.23268E1,-4.2925E1,0.E0));
#3058=VERTEX_POINT('',#3057);
#3059=CARTESIAN_POINT('',(2.17172E1,-4.2925E1,0.E0));
#3060=CARTESIAN_POINT('',(2.1387E1,-4.2925E1,0.E0));
#3061=VERTEX_POINT('',#3059);
#3062=VERTEX_POINT('',#3060);
#3063=CARTESIAN_POINT('',(2.1387E1,-4.4577E1,0.E0));
#3064=VERTEX_POINT('',#3063);
#3065=CARTESIAN_POINT('',(2.7737E1,-4.4577E1,0.E0));
#3066=CARTESIAN_POINT('',(2.7737E1,-4.2925E1,0.E0));
#3067=VERTEX_POINT('',#3065);
#3068=VERTEX_POINT('',#3066);
#3069=CARTESIAN_POINT('',(2.74068E1,-4.2925E1,0.E0));
#3070=VERTEX_POINT('',#3069);
#3071=CARTESIAN_POINT('',(2.67972E1,-4.2925E1,0.E0));
#3072=CARTESIAN_POINT('',(2.6467E1,-4.2925E1,0.E0));
#3073=VERTEX_POINT('',#3071);
#3074=VERTEX_POINT('',#3072);
#3075=CARTESIAN_POINT('',(2.6467E1,-4.4577E1,0.E0));
#3076=VERTEX_POINT('',#3075);
#3077=CARTESIAN_POINT('',(2.67972E1,-4.4577E1,0.E0));
#3078=VERTEX_POINT('',#3077);
#3079=CARTESIAN_POINT('',(2.74068E1,-4.4577E1,0.E0));
#3080=VERTEX_POINT('',#3079);
#3081=CARTESIAN_POINT('',(2.17172E1,-4.4577E1,0.E0));
#3082=VERTEX_POINT('',#3081);
#3083=CARTESIAN_POINT('',(2.23268E1,-4.4577E1,0.E0));
#3084=VERTEX_POINT('',#3083);
#3085=CARTESIAN_POINT('',(2.17172E1,-4.4577E1,-1.02E0));
#3086=CARTESIAN_POINT('',(2.17172E1,-4.342330320442E1,-1.02E0));
#3087=VERTEX_POINT('',#3085);
#3088=VERTEX_POINT('',#3086);
#3089=CARTESIAN_POINT('',(2.23268E1,-4.4577E1,-1.02E0));
#3090=CARTESIAN_POINT('',(2.23268E1,-4.342330320442E1,-1.02E0));
#3091=VERTEX_POINT('',#3089);
#3092=VERTEX_POINT('',#3090);
#3093=CARTESIAN_POINT('',(2.42572E1,-4.4577E1,-1.02E0));
#3094=CARTESIAN_POINT('',(2.42572E1,-4.342330320442E1,-1.02E0));
#3095=VERTEX_POINT('',#3093);
#3096=VERTEX_POINT('',#3094);
#3097=CARTESIAN_POINT('',(2.48668E1,-4.4577E1,-1.02E0));
#3098=CARTESIAN_POINT('',(2.48668E1,-4.342330320442E1,-1.02E0));
#3099=VERTEX_POINT('',#3097);
#3100=VERTEX_POINT('',#3098);
#3101=CARTESIAN_POINT('',(2.67972E1,-4.4577E1,-1.02E0));
#3102=CARTESIAN_POINT('',(2.67972E1,-4.342330320442E1,-1.02E0));
#3103=VERTEX_POINT('',#3101);
#3104=VERTEX_POINT('',#3102);
#3105=CARTESIAN_POINT('',(2.74068E1,-4.4577E1,-1.02E0));
#3106=CARTESIAN_POINT('',(2.74068E1,-4.342330320442E1,-1.02E0));
#3107=VERTEX_POINT('',#3105);
#3108=VERTEX_POINT('',#3106);
#3109=CARTESIAN_POINT('',(2.93372E1,-4.4577E1,-1.02E0));
#3110=CARTESIAN_POINT('',(2.93372E1,-4.342330320442E1,-1.02E0));
#3111=VERTEX_POINT('',#3109);
#3112=VERTEX_POINT('',#3110);
#3113=CARTESIAN_POINT('',(2.99468E1,-4.4577E1,-1.02E0));
#3114=CARTESIAN_POINT('',(2.99468E1,-4.342330320442E1,-1.02E0));
#3115=VERTEX_POINT('',#3113);
#3116=VERTEX_POINT('',#3114);
#3117=CARTESIAN_POINT('',(2.17172E1,-4.4577E1,-1.011566109939E0));
#3118=VERTEX_POINT('',#3117);
#3119=CARTESIAN_POINT('',(2.23268E1,-4.4577E1,-1.011566109939E0));
#3120=VERTEX_POINT('',#3119);
#3121=CARTESIAN_POINT('',(2.42572E1,-4.4577E1,-1.011566109939E0));
#3122=VERTEX_POINT('',#3121);
#3123=CARTESIAN_POINT('',(2.48668E1,-4.4577E1,-1.011566109939E0));
#3124=VERTEX_POINT('',#3123);
#3125=CARTESIAN_POINT('',(2.67972E1,-4.4577E1,-1.011566109939E0));
#3126=VERTEX_POINT('',#3125);
#3127=CARTESIAN_POINT('',(2.74068E1,-4.4577E1,-1.011566109939E0));
#3128=VERTEX_POINT('',#3127);
#3129=CARTESIAN_POINT('',(2.93372E1,-4.4577E1,-1.011566109939E0));
#3130=VERTEX_POINT('',#3129);
#3131=CARTESIAN_POINT('',(2.99468E1,-4.4577E1,-1.011566109939E0));
#3132=VERTEX_POINT('',#3131);
#3133=CARTESIAN_POINT('',(3.002381934308E1,-4.190540216261E1,0.E0));
#3134=CARTESIAN_POINT('',(2.163978065692E1,-4.190540216261E1,0.E0));
#3135=VERTEX_POINT('',#3133);
#3136=VERTEX_POINT('',#3134);
#3137=VERTEX_POINT('',#206);
#3138=CARTESIAN_POINT('',(2.113729783739E1,-3.542888065692E1,0.E0));
#3139=VERTEX_POINT('',#3138);
#3140=VERTEX_POINT('',#187);
#3141=CARTESIAN_POINT('',(3.002381934308E1,-3.492639783739E1,0.E0));
#3142=VERTEX_POINT('',#3141);
#3143=VERTEX_POINT('',#168);
#3144=CARTESIAN_POINT('',(3.052630216261E1,-4.140291934308E1,0.E0));
#3145=VERTEX_POINT('',#3144);
#3146=CARTESIAN_POINT('',(3.002381934308E1,-4.191074291893E1,-1.02E0));
#3147=CARTESIAN_POINT('',(2.163978065692E1,-4.191074291893E1,-1.02E0));
#3148=VERTEX_POINT('',#3146);
#3149=VERTEX_POINT('',#3147);
#3150=VERTEX_POINT('',#637);
#3151=CARTESIAN_POINT('',(2.113195708107E1,-3.542888065692E1,-1.02E0));
#3152=VERTEX_POINT('',#3151);
#3153=VERTEX_POINT('',#656);
#3154=CARTESIAN_POINT('',(3.002381934308E1,-3.492105708107E1,-1.02E0));
#3155=VERTEX_POINT('',#3154);
#3156=VERTEX_POINT('',#675);
#3157=CARTESIAN_POINT('',(3.053164291893E1,-4.140291934308E1,-1.02E0));
#3158=VERTEX_POINT('',#3157);
#3159=CARTESIAN_POINT('',(3.002381934308E1,-4.190524508155E1,3.E-2));
#3160=CARTESIAN_POINT('',(2.163978065692E1,-4.190524508155E1,3.E-2));
#3161=VERTEX_POINT('',#3159);
#3162=VERTEX_POINT('',#3160);
#3163=VERTEX_POINT('',#2176);
#3164=CARTESIAN_POINT('',(2.113745491845E1,-3.542888065692E1,3.E-2));
#3165=VERTEX_POINT('',#3164);
#3166=VERTEX_POINT('',#2195);
#3167=CARTESIAN_POINT('',(3.002381934308E1,-3.492655491845E1,3.E-2));
#3168=VERTEX_POINT('',#3167);
#3169=VERTEX_POINT('',#2214);
#3170=CARTESIAN_POINT('',(3.052614508155E1,-4.140291934308E1,3.E-2));
#3171=VERTEX_POINT('',#3170);
#3172=CARTESIAN_POINT('',(2.48158E1,-3.84175E1,5.57E0));
#3173=CARTESIAN_POINT('',(2.68478E1,-3.84175E1,5.57E0));
#3174=VERTEX_POINT('',#3172);
#3175=VERTEX_POINT('',#3173);
#3176=CARTESIAN_POINT('',(3.002381934308E1,-4.19109E1,-1.050000000003E0));
#3177=CARTESIAN_POINT('',(2.163978065692E1,-4.19109E1,-1.049999999978E0));
#3178=VERTEX_POINT('',#3176);
#3179=VERTEX_POINT('',#3177);
#3180=VERTEX_POINT('',#1681);
#3181=CARTESIAN_POINT('',(2.11318E1,-3.542888065692E1,-1.049999999978E0));
#3182=VERTEX_POINT('',#3181);
#3183=VERTEX_POINT('',#1810);
#3184=CARTESIAN_POINT('',(3.002381934308E1,-3.49209E1,-1.049999999978E0));
#3185=VERTEX_POINT('',#3184);
#3186=VERTEX_POINT('',#1767);
#3187=CARTESIAN_POINT('',(3.05318E1,-4.140291934308E1,-1.049999999978E0));
#3188=VERTEX_POINT('',#3187);
#3189=CARTESIAN_POINT('',(2.68478E1,-3.84159E1,-6.06E0));
#3190=CARTESIAN_POINT('',(2.48158E1,-3.84159E1,-6.06E0));
#3191=VERTEX_POINT('',#3189);
#3192=VERTEX_POINT('',#3190);
#3193=CARTESIAN_POINT('',(0.E0,0.E0,0.E0));
#3194=DIRECTION('',(0.E0,0.E0,1.E0));
#3195=DIRECTION('',(1.E0,0.E0,0.E0));
#3196=AXIS2_PLACEMENT_3D('',#3193,#3194,#3195);
#3197=PLANE('',#3196);
#3199=ORIENTED_EDGE('',*,*,#3198,.T.);
#3201=ORIENTED_EDGE('',*,*,#3200,.T.);
#3203=ORIENTED_EDGE('',*,*,#3202,.F.);
#3205=ORIENTED_EDGE('',*,*,#3204,.T.);
#3207=ORIENTED_EDGE('',*,*,#3206,.T.);
#3209=ORIENTED_EDGE('',*,*,#3208,.T.);
#3211=ORIENTED_EDGE('',*,*,#3210,.F.);
#3213=ORIENTED_EDGE('',*,*,#3212,.T.);
#3215=ORIENTED_EDGE('',*,*,#3214,.T.);
#3217=ORIENTED_EDGE('',*,*,#3216,.T.);
#3219=ORIENTED_EDGE('',*,*,#3218,.F.);
#3221=ORIENTED_EDGE('',*,*,#3220,.T.);
#3223=ORIENTED_EDGE('',*,*,#3222,.T.);
#3225=ORIENTED_EDGE('',*,*,#3224,.T.);
#3227=ORIENTED_EDGE('',*,*,#3226,.F.);
#3229=ORIENTED_EDGE('',*,*,#3228,.T.);
#3231=ORIENTED_EDGE('',*,*,#3230,.T.);
#3233=ORIENTED_EDGE('',*,*,#3232,.T.);
#3235=ORIENTED_EDGE('',*,*,#3234,.F.);
#3237=ORIENTED_EDGE('',*,*,#3236,.T.);
#3239=ORIENTED_EDGE('',*,*,#3238,.T.);
#3241=ORIENTED_EDGE('',*,*,#3240,.T.);
#3243=ORIENTED_EDGE('',*,*,#3242,.F.);
#3245=ORIENTED_EDGE('',*,*,#3244,.T.);
#3247=ORIENTED_EDGE('',*,*,#3246,.T.);
#3249=ORIENTED_EDGE('',*,*,#3248,.T.);
#3251=ORIENTED_EDGE('',*,*,#3250,.F.);
#3253=ORIENTED_EDGE('',*,*,#3252,.T.);
#3255=ORIENTED_EDGE('',*,*,#3254,.T.);
#3257=ORIENTED_EDGE('',*,*,#3256,.T.);
#3259=ORIENTED_EDGE('',*,*,#3258,.F.);
#3261=ORIENTED_EDGE('',*,*,#3260,.T.);
#3263=ORIENTED_EDGE('',*,*,#3262,.T.);
#3265=ORIENTED_EDGE('',*,*,#3264,.T.);
#3267=ORIENTED_EDGE('',*,*,#3266,.T.);
#3269=ORIENTED_EDGE('',*,*,#3268,.T.);
#3270=EDGE_LOOP('',(#3199,#3201,#3203,#3205,#3207,#3209,#3211,#3213,#3215,#3217,
#3219,#3221,#3223,#3225,#3227,#3229,#3231,#3233,#3235,#3237,#3239,#3241,#3243,
#3245,#3247,#3249,#3251,#3253,#3255,#3257,#3259,#3261,#3263,#3265,#3267,#3269));
#3271=FACE_OUTER_BOUND('',#3270,.F.);
#3273=ORIENTED_EDGE('',*,*,#3272,.F.);
#3275=ORIENTED_EDGE('',*,*,#3274,.T.);
#3277=ORIENTED_EDGE('',*,*,#3276,.F.);
#3279=ORIENTED_EDGE('',*,*,#3278,.T.);
#3281=ORIENTED_EDGE('',*,*,#3280,.F.);
#3283=ORIENTED_EDGE('',*,*,#3282,.T.);
#3285=ORIENTED_EDGE('',*,*,#3284,.F.);
#3287=ORIENTED_EDGE('',*,*,#3286,.T.);
#3288=EDGE_LOOP('',(#3273,#3275,#3277,#3279,#3281,#3283,#3285,#3287));
#3289=FACE_BOUND('',#3288,.F.);
#3290=ADVANCED_FACE('',(#3271,#3289),#3197,.T.);
#3291=CARTESIAN_POINT('',(3.0277E1,-4.5465E1,0.E0));
#3292=DIRECTION('',(1.E0,0.E0,0.E0));
#3293=DIRECTION('',(0.E0,1.E0,0.E0));
#3294=AXIS2_PLACEMENT_3D('',#3291,#3292,#3293);
#3295=PLANE('',#3294);
#3296=ORIENTED_EDGE('',*,*,#3198,.F.);
#3298=ORIENTED_EDGE('',*,*,#3297,.F.);
#3300=ORIENTED_EDGE('',*,*,#3299,.T.);
#3302=ORIENTED_EDGE('',*,*,#3301,.T.);
#3304=ORIENTED_EDGE('',*,*,#3303,.F.);
#3305=EDGE_LOOP('',(#3296,#3298,#3300,#3302,#3304));
#3306=FACE_OUTER_BOUND('',#3305,.F.);
#3307=ADVANCED_FACE('',(#3306),#3295,.T.);
#3308=CARTESIAN_POINT('',(2.7102E1,-6.4855E1,0.E0));
#3309=DIRECTION('',(0.E0,0.E0,1.E0));
#3310=DIRECTION('',(1.E0,0.E0,0.E0));
#3311=AXIS2_PLACEMENT_3D('',#3308,#3309,#3310);
#3312=PLANE('',#3311);
#3314=ORIENTED_EDGE('',*,*,#3313,.F.);
#3316=ORIENTED_EDGE('',*,*,#3315,.T.);
#3318=ORIENTED_EDGE('',*,*,#3317,.T.);
#3320=ORIENTED_EDGE('',*,*,#3319,.T.);
#3322=ORIENTED_EDGE('',*,*,#3321,.T.);
#3324=ORIENTED_EDGE('',*,*,#3323,.T.);
#3326=ORIENTED_EDGE('',*,*,#3325,.T.);
#3327=ORIENTED_EDGE('',*,*,#3297,.T.);
#3329=ORIENTED_EDGE('',*,*,#3328,.F.);
#3331=ORIENTED_EDGE('',*,*,#3330,.T.);
#3333=ORIENTED_EDGE('',*,*,#3332,.F.);
#3335=ORIENTED_EDGE('',*,*,#3334,.T.);
#3337=ORIENTED_EDGE('',*,*,#3336,.F.);
#3339=ORIENTED_EDGE('',*,*,#3338,.F.);
#3340=EDGE_LOOP('',(#3314,#3316,#3318,#3320,#3322,#3324,#3326,#3327,#3329,#3331,
#3333,#3335,#3337,#3339));
#3341=FACE_OUTER_BOUND('',#3340,.F.);
#3342=ADVANCED_FACE('',(#3341),#3312,.F.);
#3343=CARTESIAN_POINT('',(3.07848E1,-4.4577E1,0.E0));
#3344=DIRECTION('',(0.E0,1.E0,0.E0));
#3345=DIRECTION('',(-1.E0,0.E0,0.E0));
#3346=AXIS2_PLACEMENT_3D('',#3343,#3344,#3345);
#3347=PLANE('',#3346);
#3349=ORIENTED_EDGE('',*,*,#3348,.T.);
#3350=ORIENTED_EDGE('',*,*,#3252,.F.);
#3352=ORIENTED_EDGE('',*,*,#3351,.T.);
#3353=ORIENTED_EDGE('',*,*,#3244,.F.);
#3355=ORIENTED_EDGE('',*,*,#3354,.T.);
#3356=ORIENTED_EDGE('',*,*,#3236,.F.);
#3358=ORIENTED_EDGE('',*,*,#3357,.T.);
#3359=ORIENTED_EDGE('',*,*,#3228,.F.);
#3361=ORIENTED_EDGE('',*,*,#3360,.T.);
#3362=ORIENTED_EDGE('',*,*,#3220,.F.);
#3364=ORIENTED_EDGE('',*,*,#3363,.T.);
#3365=ORIENTED_EDGE('',*,*,#3212,.F.);
#3366=ORIENTED_EDGE('',*,*,#3313,.T.);
#3367=ORIENTED_EDGE('',*,*,#3204,.F.);
#3368=ORIENTED_EDGE('',*,*,#3328,.T.);
#3369=ORIENTED_EDGE('',*,*,#3268,.F.);
#3371=ORIENTED_EDGE('',*,*,#3370,.T.);
#3373=ORIENTED_EDGE('',*,*,#3372,.T.);
#3375=ORIENTED_EDGE('',*,*,#3374,.T.);
#3377=ORIENTED_EDGE('',*,*,#3376,.F.);
#3379=ORIENTED_EDGE('',*,*,#3378,.F.);
#3381=ORIENTED_EDGE('',*,*,#3380,.T.);
#3383=ORIENTED_EDGE('',*,*,#3382,.T.);
#3385=ORIENTED_EDGE('',*,*,#3384,.F.);
#3387=ORIENTED_EDGE('',*,*,#3386,.F.);
#3389=ORIENTED_EDGE('',*,*,#3388,.T.);
#3391=ORIENTED_EDGE('',*,*,#3390,.T.);
#3393=ORIENTED_EDGE('',*,*,#3392,.F.);
#3395=ORIENTED_EDGE('',*,*,#3394,.F.);
#3397=ORIENTED_EDGE('',*,*,#3396,.T.);
#3399=ORIENTED_EDGE('',*,*,#3398,.T.);
#3401=ORIENTED_EDGE('',*,*,#3400,.F.);
#3403=ORIENTED_EDGE('',*,*,#3402,.F.);
#3405=ORIENTED_EDGE('',*,*,#3404,.T.);
#3407=ORIENTED_EDGE('',*,*,#3406,.F.);
#3408=ORIENTED_EDGE('',*,*,#3260,.F.);
#3409=EDGE_LOOP('',(#3349,#3350,#3352,#3353,#3355,#3356,#3358,#3359,#3361,#3362,
#3364,#3365,#3366,#3367,#3368,#3369,#3371,#3373,#3375,#3377,#3379,#3381,#3383,
#3385,#3387,#3389,#3391,#3393,#3395,#3397,#3399,#3401,#3403,#3405,#3407,#3408));
#3410=FACE_OUTER_BOUND('',#3409,.F.);
#3411=ADVANCED_FACE('',(#3410),#3347,.F.);
#3412=CARTESIAN_POINT('',(2.7102E1,-6.4855E1,0.E0));
#3413=DIRECTION('',(0.E0,0.E0,1.E0));
#3414=DIRECTION('',(1.E0,0.E0,0.E0));
#3415=AXIS2_PLACEMENT_3D('',#3412,#3413,#3414);
#3416=PLANE('',#3415);
#3417=ORIENTED_EDGE('',*,*,#3348,.F.);
#3419=ORIENTED_EDGE('',*,*,#3418,.T.);
#3421=ORIENTED_EDGE('',*,*,#3420,.T.);
#3423=ORIENTED_EDGE('',*,*,#3422,.T.);
#3425=ORIENTED_EDGE('',*,*,#3424,.T.);
#3427=ORIENTED_EDGE('',*,*,#3426,.T.);
#3429=ORIENTED_EDGE('',*,*,#3428,.T.);
#3431=ORIENTED_EDGE('',*,*,#3430,.T.);
#3432=ORIENTED_EDGE('',*,*,#3351,.F.);
#3434=ORIENTED_EDGE('',*,*,#3433,.T.);
#3436=ORIENTED_EDGE('',*,*,#3435,.F.);
#3438=ORIENTED_EDGE('',*,*,#3437,.T.);
#3440=ORIENTED_EDGE('',*,*,#3439,.F.);
#3442=ORIENTED_EDGE('',*,*,#3441,.F.);
#3443=EDGE_LOOP('',(#3417,#3419,#3421,#3423,#3425,#3427,#3429,#3431,#3432,#3434,
#3436,#3438,#3440,#3442));
#3444=FACE_OUTER_BOUND('',#3443,.F.);
#3445=ADVANCED_FACE('',(#3444),#3416,.F.);
#3446=CARTESIAN_POINT('',(2.1387E1,-4.2925E1,0.E0));
#3447=DIRECTION('',(-1.E0,0.E0,0.E0));
#3448=DIRECTION('',(0.E0,-1.E0,0.E0));
#3449=AXIS2_PLACEMENT_3D('',#3446,#3447,#3448);
#3450=PLANE('',#3449);
#3451=ORIENTED_EDGE('',*,*,#3258,.T.);
#3453=ORIENTED_EDGE('',*,*,#3452,.T.);
#3455=ORIENTED_EDGE('',*,*,#3454,.T.);
#3457=ORIENTED_EDGE('',*,*,#3456,.F.);
#3458=ORIENTED_EDGE('',*,*,#3418,.F.);
#3459=EDGE_LOOP('',(#3451,#3453,#3455,#3457,#3458));
#3460=FACE_OUTER_BOUND('',#3459,.F.);
#3461=ADVANCED_FACE('',(#3460),#3450,.T.);
#3462=CARTESIAN_POINT('',(2.2657E1,-4.2925E1,0.E0));
#3463=DIRECTION('',(0.E0,1.E0,0.E0));
#3464=DIRECTION('',(-1.E0,0.E0,0.E0));
#3465=AXIS2_PLACEMENT_3D('',#3462,#3463,#3464);
#3466=PLANE('',#3465);
#3467=ORIENTED_EDGE('',*,*,#3256,.F.);
#3469=ORIENTED_EDGE('',*,*,#3468,.T.);
#3471=ORIENTED_EDGE('',*,*,#3470,.T.);
#3472=ORIENTED_EDGE('',*,*,#3452,.F.);
#3473=EDGE_LOOP('',(#3467,#3469,#3471,#3472));
#3474=FACE_OUTER_BOUND('',#3473,.F.);
#3475=ADVANCED_FACE('',(#3474),#3466,.T.);
#3476=CARTESIAN_POINT('',(2.17172E1,-4.2925E1,2.5E-1));
#3477=DIRECTION('',(-1.E0,0.E0,0.E0));
#3478=DIRECTION('',(0.E0,-1.E0,0.E0));
#3479=AXIS2_PLACEMENT_3D('',#3476,#3477,#3478);
#3480=PLANE('',#3479);
#3481=ORIENTED_EDGE('',*,*,#3254,.F.);
#3482=ORIENTED_EDGE('',*,*,#3441,.T.);
#3484=ORIENTED_EDGE('',*,*,#3483,.F.);
#3486=ORIENTED_EDGE('',*,*,#3485,.T.);
#3487=ORIENTED_EDGE('',*,*,#3468,.F.);
#3488=EDGE_LOOP('',(#3481,#3482,#3484,#3486,#3487));
#3489=FACE_OUTER_BOUND('',#3488,.F.);
#3490=ADVANCED_FACE('',(#3489),#3480,.F.);
#3491=CARTESIAN_POINT('',(3.465919847407E1,-4.5084E1,-4.E-3));
#3492=DIRECTION('',(-1.E0,0.E0,0.E0));
#3493=DIRECTION('',(0.E0,0.E0,1.E0));
#3494=AXIS2_PLACEMENT_3D('',#3491,#3492,#3493);
#3495=CYLINDRICAL_SURFACE('',#3494,2.54E-1);
#3497=ORIENTED_EDGE('',*,*,#3496,.T.);
#3499=ORIENTED_EDGE('',*,*,#3498,.T.);
#3500=ORIENTED_EDGE('',*,*,#3483,.T.);
#3502=ORIENTED_EDGE('',*,*,#3501,.T.);
#3504=ORIENTED_EDGE('',*,*,#3503,.F.);
#3506=ORIENTED_EDGE('',*,*,#3505,.T.);
#3507=EDGE_LOOP('',(#3497,#3499,#3500,#3502,#3504,#3506));
#3508=FACE_OUTER_BOUND('',#3507,.F.);
#3509=ADVANCED_FACE('',(#3508),#3495,.T.);
#3510=CARTESIAN_POINT('',(2.23268E1,-4.483E1,2.5E-1));
#3511=DIRECTION('',(1.E0,0.E0,0.E0));
#3512=DIRECTION('',(0.E0,1.E0,0.E0));
#3513=AXIS2_PLACEMENT_3D('',#3510,#3511,#3512);
#3514=PLANE('',#3513);
#3515=ORIENTED_EDGE('',*,*,#3250,.T.);
#3517=ORIENTED_EDGE('',*,*,#3516,.T.);
#3519=ORIENTED_EDGE('',*,*,#3518,.T.);
#3520=ORIENTED_EDGE('',*,*,#3496,.F.);
#3521=ORIENTED_EDGE('',*,*,#3433,.F.);
#3522=EDGE_LOOP('',(#3515,#3517,#3519,#3520,#3521));
#3523=FACE_OUTER_BOUND('',#3522,.F.);
#3524=ADVANCED_FACE('',(#3523),#3514,.F.);
#3525=CARTESIAN_POINT('',(2.2657E1,-4.2925E1,0.E0));
#3526=DIRECTION('',(0.E0,1.E0,0.E0));
#3527=DIRECTION('',(-1.E0,0.E0,0.E0));
#3528=AXIS2_PLACEMENT_3D('',#3525,#3526,#3527);
#3529=PLANE('',#3528);
#3530=ORIENTED_EDGE('',*,*,#3248,.F.);
#3532=ORIENTED_EDGE('',*,*,#3531,.T.);
#3534=ORIENTED_EDGE('',*,*,#3533,.T.);
#3535=ORIENTED_EDGE('',*,*,#3516,.F.);
#3536=EDGE_LOOP('',(#3530,#3532,#3534,#3535));
#3537=FACE_OUTER_BOUND('',#3536,.F.);
#3538=ADVANCED_FACE('',(#3537),#3529,.T.);
#3539=CARTESIAN_POINT('',(2.2657E1,-4.5465E1,0.E0));
#3540=DIRECTION('',(1.E0,0.E0,0.E0));
#3541=DIRECTION('',(0.E0,1.E0,0.E0));
#3542=AXIS2_PLACEMENT_3D('',#3539,#3540,#3541);
#3543=PLANE('',#3542);
#3544=ORIENTED_EDGE('',*,*,#3246,.F.);
#3545=ORIENTED_EDGE('',*,*,#3430,.F.);
#3547=ORIENTED_EDGE('',*,*,#3546,.T.);
#3549=ORIENTED_EDGE('',*,*,#3548,.T.);
#3550=ORIENTED_EDGE('',*,*,#3531,.F.);
#3551=EDGE_LOOP('',(#3544,#3545,#3547,#3549,#3550));
#3552=FACE_OUTER_BOUND('',#3551,.F.);
#3553=ADVANCED_FACE('',(#3552),#3543,.T.);
#3554=CARTESIAN_POINT('',(2.2277E1,-4.5845E1,0.E0));
#3555=DIRECTION('',(7.071067811866E-1,-7.071067811865E-1,0.E0));
#3556=DIRECTION('',(7.071067811865E-1,7.071067811866E-1,0.E0));
#3557=AXIS2_PLACEMENT_3D('',#3554,#3555,#3556);
#3558=PLANE('',#3557);
#3559=ORIENTED_EDGE('',*,*,#3428,.F.);
#3561=ORIENTED_EDGE('',*,*,#3560,.T.);
#3563=ORIENTED_EDGE('',*,*,#3562,.T.);
#3564=ORIENTED_EDGE('',*,*,#3546,.F.);
#3565=EDGE_LOOP('',(#3559,#3561,#3563,#3564));
#3566=FACE_OUTER_BOUND('',#3565,.F.);
#3567=ADVANCED_FACE('',(#3566),#3558,.T.);
#3568=CARTESIAN_POINT('',(2.2277E1,-6.2315E1,0.E0));
#3569=DIRECTION('',(1.E0,0.E0,0.E0));
#3570=DIRECTION('',(0.E0,1.E0,0.E0));
#3571=AXIS2_PLACEMENT_3D('',#3568,#3569,#3570);
#3572=PLANE('',#3571);
#3574=ORIENTED_EDGE('',*,*,#3573,.T.);
#3576=ORIENTED_EDGE('',*,*,#3575,.T.);
#3577=ORIENTED_EDGE('',*,*,#3560,.F.);
#3578=ORIENTED_EDGE('',*,*,#3426,.F.);
#3579=EDGE_LOOP('',(#3574,#3576,#3577,#3578));
#3580=FACE_OUTER_BOUND('',#3579,.F.);
#3581=ADVANCED_FACE('',(#3580),#3572,.T.);
#3582=CARTESIAN_POINT('',(3.103E1,-5.9777E1,-2.875E0));
#3583=DIRECTION('',(0.E0,1.E0,0.E0));
#3584=DIRECTION('',(-1.E0,0.E0,0.E0));
#3585=AXIS2_PLACEMENT_3D('',#3582,#3583,#3584);
#3586=PLANE('',#3585);
#3587=ORIENTED_EDGE('',*,*,#3424,.F.);
#3589=ORIENTED_EDGE('',*,*,#3588,.T.);
#3591=ORIENTED_EDGE('',*,*,#3590,.T.);
#3592=ORIENTED_EDGE('',*,*,#3573,.F.);
#3593=EDGE_LOOP('',(#3587,#3589,#3591,#3592));
#3594=FACE_OUTER_BOUND('',#3593,.F.);
#3595=ADVANCED_FACE('',(#3594),#3586,.F.);
#3596=CARTESIAN_POINT('',(2.1767E1,-4.5845E1,0.E0));
#3597=DIRECTION('',(-1.E0,0.E0,0.E0));
#3598=DIRECTION('',(0.E0,-1.E0,0.E0));
#3599=AXIS2_PLACEMENT_3D('',#3596,#3597,#3598);
#3600=PLANE('',#3599);
#3601=ORIENTED_EDGE('',*,*,#3588,.F.);
#3602=ORIENTED_EDGE('',*,*,#3422,.F.);
#3604=ORIENTED_EDGE('',*,*,#3603,.T.);
#3606=ORIENTED_EDGE('',*,*,#3605,.T.);
#3607=EDGE_LOOP('',(#3601,#3602,#3604,#3606));
#3608=FACE_OUTER_BOUND('',#3607,.F.);
#3609=ADVANCED_FACE('',(#3608),#3600,.T.);
#3610=CARTESIAN_POINT('',(2.1387E1,-4.5465E1,0.E0));
#3611=DIRECTION('',(-7.071067811866E-1,-7.071067811865E-1,0.E0));
#3612=DIRECTION('',(7.071067811865E-1,-7.071067811866E-1,0.E0));
#3613=AXIS2_PLACEMENT_3D('',#3610,#3611,#3612);
#3614=PLANE('',#3613);
#3615=ORIENTED_EDGE('',*,*,#3420,.F.);
#3616=ORIENTED_EDGE('',*,*,#3456,.T.);
#3618=ORIENTED_EDGE('',*,*,#3617,.T.);
#3619=ORIENTED_EDGE('',*,*,#3603,.F.);
#3620=EDGE_LOOP('',(#3615,#3616,#3618,#3619));
#3621=FACE_OUTER_BOUND('',#3620,.F.);
#3622=ADVANCED_FACE('',(#3621),#3614,.T.);
#3623=CARTESIAN_POINT('',(2.7102E1,-6.4855E1,2.5E-1));
#3624=DIRECTION('',(0.E0,0.E0,1.E0));
#3625=DIRECTION('',(1.E0,0.E0,0.E0));
#3626=AXIS2_PLACEMENT_3D('',#3623,#3624,#3625);
#3627=PLANE('',#3626);
#3628=ORIENTED_EDGE('',*,*,#3590,.F.);
#3629=ORIENTED_EDGE('',*,*,#3605,.F.);
#3630=ORIENTED_EDGE('',*,*,#3617,.F.);
#3631=ORIENTED_EDGE('',*,*,#3454,.F.);
#3632=ORIENTED_EDGE('',*,*,#3470,.F.);
#3633=ORIENTED_EDGE('',*,*,#3485,.F.);
#3634=ORIENTED_EDGE('',*,*,#3498,.F.);
#3635=ORIENTED_EDGE('',*,*,#3518,.F.);
#3636=ORIENTED_EDGE('',*,*,#3533,.F.);
#3637=ORIENTED_EDGE('',*,*,#3548,.F.);
#3638=ORIENTED_EDGE('',*,*,#3562,.F.);
#3639=ORIENTED_EDGE('',*,*,#3575,.F.);
#3640=EDGE_LOOP('',(#3628,#3629,#3630,#3631,#3632,#3633,#3634,#3635,#3636,#3637,
#3638,#3639));
#3641=FACE_OUTER_BOUND('',#3640,.F.);
#3642=ADVANCED_FACE('',(#3641),#3627,.T.);
#3643=CARTESIAN_POINT('',(2.17172E1,-6.4855E1,0.E0));
#3644=DIRECTION('',(1.E0,0.E0,0.E0));
#3645=DIRECTION('',(0.E0,0.E0,-1.E0));
#3646=AXIS2_PLACEMENT_3D('',#3643,#3644,#3645);
#3647=PLANE('',#3646);
#3649=ORIENTED_EDGE('',*,*,#3648,.F.);
#3650=ORIENTED_EDGE('',*,*,#3402,.T.);
#3652=ORIENTED_EDGE('',*,*,#3651,.T.);
#3654=ORIENTED_EDGE('',*,*,#3653,.T.);
#3655=ORIENTED_EDGE('',*,*,#3501,.F.);
#3656=ORIENTED_EDGE('',*,*,#3439,.T.);
#3658=ORIENTED_EDGE('',*,*,#3657,.F.);
#3660=ORIENTED_EDGE('',*,*,#3659,.T.);
#3662=ORIENTED_EDGE('',*,*,#3661,.T.);
#3664=ORIENTED_EDGE('',*,*,#3663,.T.);
#3666=ORIENTED_EDGE('',*,*,#3665,.T.);
#3668=ORIENTED_EDGE('',*,*,#3667,.T.);
#3670=ORIENTED_EDGE('',*,*,#3669,.T.);
#3672=ORIENTED_EDGE('',*,*,#3671,.T.);
#3674=ORIENTED_EDGE('',*,*,#3673,.T.);
#3675=EDGE_LOOP('',(#3649,#3650,#3652,#3654,#3655,#3656,#3658,#3660,#3662,#3664,
#3666,#3668,#3670,#3672,#3674));
#3676=FACE_OUTER_BOUND('',#3675,.F.);
#3677=ADVANCED_FACE('',(#3676),#3647,.F.);
#3678=CARTESIAN_POINT('',(0.E0,0.E0,-1.02E0));
#3679=DIRECTION('',(0.E0,0.E0,1.E0));
#3680=DIRECTION('',(1.E0,0.E0,0.E0));
#3681=AXIS2_PLACEMENT_3D('',#3678,#3679,#3680);
#3682=PLANE('',#3681);
#3683=ORIENTED_EDGE('',*,*,#3648,.T.);
#3685=ORIENTED_EDGE('',*,*,#3684,.T.);
#3687=ORIENTED_EDGE('',*,*,#3686,.F.);
#3688=ORIENTED_EDGE('',*,*,#3396,.F.);
#3690=ORIENTED_EDGE('',*,*,#3689,.T.);
#3692=ORIENTED_EDGE('',*,*,#3691,.T.);
#3694=ORIENTED_EDGE('',*,*,#3693,.F.);
#3695=ORIENTED_EDGE('',*,*,#3388,.F.);
#3697=ORIENTED_EDGE('',*,*,#3696,.T.);
#3699=ORIENTED_EDGE('',*,*,#3698,.T.);
#3701=ORIENTED_EDGE('',*,*,#3700,.F.);
#3702=ORIENTED_EDGE('',*,*,#3380,.F.);
#3704=ORIENTED_EDGE('',*,*,#3703,.T.);
#3706=ORIENTED_EDGE('',*,*,#3705,.T.);
#3708=ORIENTED_EDGE('',*,*,#3707,.F.);
#3709=ORIENTED_EDGE('',*,*,#3372,.F.);
#3711=ORIENTED_EDGE('',*,*,#3710,.F.);
#3713=ORIENTED_EDGE('',*,*,#3712,.F.);
#3715=ORIENTED_EDGE('',*,*,#3714,.F.);
#3716=ORIENTED_EDGE('',*,*,#3404,.F.);
#3717=EDGE_LOOP('',(#3683,#3685,#3687,#3688,#3690,#3692,#3694,#3695,#3697,#3699,
#3701,#3702,#3704,#3706,#3708,#3709,#3711,#3713,#3715,#3716));
#3718=FACE_OUTER_BOUND('',#3717,.F.);
#3720=ORIENTED_EDGE('',*,*,#3719,.T.);
#3722=ORIENTED_EDGE('',*,*,#3721,.T.);
#3724=ORIENTED_EDGE('',*,*,#3723,.T.);
#3726=ORIENTED_EDGE('',*,*,#3725,.T.);
#3728=ORIENTED_EDGE('',*,*,#3727,.T.);
#3730=ORIENTED_EDGE('',*,*,#3729,.T.);
#3732=ORIENTED_EDGE('',*,*,#3731,.T.);
#3734=ORIENTED_EDGE('',*,*,#3733,.T.);
#3735=EDGE_LOOP('',(#3720,#3722,#3724,#3726,#3728,#3730,#3732,#3734));
#3736=FACE_BOUND('',#3735,.F.);
#3737=ADVANCED_FACE('',(#3718,#3736),#3682,.F.);
#3738=CARTESIAN_POINT('',(2.17172E1,-4.3687E1,-1.295E0));
#3739=DIRECTION('',(1.E0,0.E0,0.E0));
#3740=DIRECTION('',(0.E0,0.E0,-1.E0));
#3741=AXIS2_PLACEMENT_3D('',#3738,#3739,#3740);
#3742=CYLINDRICAL_SURFACE('',#3741,3.81E-1);
#3743=ORIENTED_EDGE('',*,*,#3684,.F.);
#3744=ORIENTED_EDGE('',*,*,#3673,.F.);
#3746=ORIENTED_EDGE('',*,*,#3745,.T.);
#3748=ORIENTED_EDGE('',*,*,#3747,.T.);
#3749=EDGE_LOOP('',(#3743,#3744,#3746,#3748));
#3750=FACE_OUTER_BOUND('',#3749,.F.);
#3751=ADVANCED_FACE('',(#3750),#3742,.T.);
#3752=CARTESIAN_POINT('',(2.17172E1,-4.2925E1,-1.666169377225E0));
#3753=DIRECTION('',(0.E0,7.952921829518E-1,6.062263139585E-1));
#3754=DIRECTION('',(0.E0,-6.062263139585E-1,7.952921829518E-1));
#3755=AXIS2_PLACEMENT_3D('',#3752,#3753,#3754);
#3756=PLANE('',#3755);
#3757=ORIENTED_EDGE('',*,*,#3671,.F.);
#3759=ORIENTED_EDGE('',*,*,#3758,.T.);
#3761=ORIENTED_EDGE('',*,*,#3760,.T.);
#3762=ORIENTED_EDGE('',*,*,#3745,.F.);
#3763=EDGE_LOOP('',(#3757,#3759,#3761,#3762));
#3764=FACE_OUTER_BOUND('',#3763,.F.);
#3765=ADVANCED_FACE('',(#3764),#3756,.T.);
#3766=CARTESIAN_POINT('',(2.17172E1,-4.312700421447E1,-1.820150860970E0));
#3767=DIRECTION('',(0.E0,6.062263139585E-1,-7.952921829518E-1));
#3768=DIRECTION('',(0.E0,7.952921829518E-1,6.062263139585E-1));
#3769=AXIS2_PLACEMENT_3D('',#3766,#3767,#3768);
#3770=PLANE('',#3769);
#3771=ORIENTED_EDGE('',*,*,#3669,.F.);
#3773=ORIENTED_EDGE('',*,*,#3772,.T.);
#3775=ORIENTED_EDGE('',*,*,#3774,.T.);
#3776=ORIENTED_EDGE('',*,*,#3758,.F.);
#3777=EDGE_LOOP('',(#3771,#3773,#3775,#3776));
#3778=FACE_OUTER_BOUND('',#3777,.F.);
#3779=ADVANCED_FACE('',(#3778),#3770,.T.);
#3780=CARTESIAN_POINT('',(2.17172E1,-4.358599789277E1,-1.218009258127E0));
#3781=DIRECTION('',(0.E0,-7.952921829518E-1,-6.062263139585E-1));
#3782=DIRECTION('',(0.E0,6.062263139585E-1,-7.952921829518E-1));
#3783=AXIS2_PLACEMENT_3D('',#3780,#3781,#3782);
#3784=PLANE('',#3783);
#3785=ORIENTED_EDGE('',*,*,#3667,.F.);
#3787=ORIENTED_EDGE('',*,*,#3786,.T.);
#3789=ORIENTED_EDGE('',*,*,#3788,.T.);
#3790=ORIENTED_EDGE('',*,*,#3772,.F.);
#3791=EDGE_LOOP('',(#3785,#3787,#3789,#3790));
#3792=FACE_OUTER_BOUND('',#3791,.F.);
#3793=ADVANCED_FACE('',(#3792),#3784,.T.);
#3794=CARTESIAN_POINT('',(2.17172E1,-4.3687E1,-1.295E0));
#3795=DIRECTION('',(1.E0,0.E0,0.E0));
#3796=DIRECTION('',(0.E0,0.E0,-1.E0));
#3797=AXIS2_PLACEMENT_3D('',#3794,#3795,#3796);
#3798=CYLINDRICAL_SURFACE('',#3797,1.27E-1);
#3799=ORIENTED_EDGE('',*,*,#3665,.F.);
#3801=ORIENTED_EDGE('',*,*,#3800,.T.);
#3803=ORIENTED_EDGE('',*,*,#3802,.T.);
#3804=ORIENTED_EDGE('',*,*,#3786,.F.);
#3805=EDGE_LOOP('',(#3799,#3801,#3803,#3804));
#3806=FACE_OUTER_BOUND('',#3805,.F.);
#3807=ADVANCED_FACE('',(#3806),#3798,.F.);
#3808=CARTESIAN_POINT('',(2.17172E1,-4.445403050732E1,-1.265449351205E0));
#3809=DIRECTION('',(0.E0,1.273612968548E-1,-9.918563908467E-1));
#3810=DIRECTION('',(0.E0,9.918563908467E-1,1.273612968548E-1));
#3811=AXIS2_PLACEMENT_3D('',#3808,#3809,#3810);
#3812=PLANE('',#3811);
#3813=ORIENTED_EDGE('',*,*,#3663,.F.);
#3815=ORIENTED_EDGE('',*,*,#3814,.T.);
#3817=ORIENTED_EDGE('',*,*,#3816,.T.);
#3818=ORIENTED_EDGE('',*,*,#3800,.F.);
#3819=EDGE_LOOP('',(#3813,#3815,#3817,#3818));
#3820=FACE_OUTER_BOUND('',#3819,.F.);
#3821=ADVANCED_FACE('',(#3820),#3812,.T.);
#3822=CARTESIAN_POINT('',(2.17172E1,-4.45252E1,-7.112E-1));
#3823=DIRECTION('',(1.E0,0.E0,0.E0));
#3824=DIRECTION('',(0.E0,0.E0,-1.E0));
#3825=AXIS2_PLACEMENT_3D('',#3822,#3823,#3824);
#3826=CYLINDRICAL_SURFACE('',#3825,5.588E-1);
#3827=ORIENTED_EDGE('',*,*,#3661,.F.);
#3829=ORIENTED_EDGE('',*,*,#3828,.T.);
#3831=ORIENTED_EDGE('',*,*,#3830,.T.);
#3832=ORIENTED_EDGE('',*,*,#3814,.F.);
#3833=EDGE_LOOP('',(#3827,#3829,#3831,#3832));
#3834=FACE_OUTER_BOUND('',#3833,.F.);
#3835=ADVANCED_FACE('',(#3834),#3826,.T.);
#3836=CARTESIAN_POINT('',(2.17172E1,-4.5084E1,2.5E-1));
#3837=DIRECTION('',(0.E0,-1.E0,0.E0));
#3838=DIRECTION('',(0.E0,0.E0,-1.E0));
#3839=AXIS2_PLACEMENT_3D('',#3836,#3837,#3838);
#3840=PLANE('',#3839);
#3841=ORIENTED_EDGE('',*,*,#3659,.F.);
#3843=ORIENTED_EDGE('',*,*,#3842,.F.);
#3845=ORIENTED_EDGE('',*,*,#3844,.T.);
#3846=ORIENTED_EDGE('',*,*,#3828,.F.);
#3847=EDGE_LOOP('',(#3841,#3843,#3845,#3846));
#3848=FACE_OUTER_BOUND('',#3847,.F.);
#3849=ADVANCED_FACE('',(#3848),#3840,.T.);
#3850=CARTESIAN_POINT('',(3.465919847407E1,-4.5338E1,-2.54E-1));
#3851=DIRECTION('',(-1.E0,0.E0,0.E0));
#3852=DIRECTION('',(0.E0,0.E0,1.E0));
#3853=AXIS2_PLACEMENT_3D('',#3850,#3851,#3852);
#3854=CYLINDRICAL_SURFACE('',#3853,2.54E-1);
#3856=ORIENTED_EDGE('',*,*,#3855,.T.);
#3857=ORIENTED_EDGE('',*,*,#3842,.T.);
#3858=ORIENTED_EDGE('',*,*,#3657,.T.);
#3859=ORIENTED_EDGE('',*,*,#3437,.F.);
#3860=EDGE_LOOP('',(#3856,#3857,#3858,#3859));
#3861=FACE_OUTER_BOUND('',#3860,.F.);
#3862=ADVANCED_FACE('',(#3861),#3854,.F.);
#3863=CARTESIAN_POINT('',(2.23268E1,-6.4855E1,0.E0));
#3864=DIRECTION('',(1.E0,0.E0,0.E0));
#3865=DIRECTION('',(0.E0,0.E0,-1.E0));
#3866=AXIS2_PLACEMENT_3D('',#3863,#3864,#3865);
#3867=PLANE('',#3866);
#3868=ORIENTED_EDGE('',*,*,#3686,.T.);
#3869=ORIENTED_EDGE('',*,*,#3747,.F.);
#3870=ORIENTED_EDGE('',*,*,#3760,.F.);
#3871=ORIENTED_EDGE('',*,*,#3774,.F.);
#3872=ORIENTED_EDGE('',*,*,#3788,.F.);
#3873=ORIENTED_EDGE('',*,*,#3802,.F.);
#3874=ORIENTED_EDGE('',*,*,#3816,.F.);
#3875=ORIENTED_EDGE('',*,*,#3830,.F.);
#3876=ORIENTED_EDGE('',*,*,#3844,.F.);
#3877=ORIENTED_EDGE('',*,*,#3855,.F.);
#3878=ORIENTED_EDGE('',*,*,#3435,.T.);
#3879=ORIENTED_EDGE('',*,*,#3505,.F.);
#3881=ORIENTED_EDGE('',*,*,#3880,.F.);
#3883=ORIENTED_EDGE('',*,*,#3882,.F.);
#3884=ORIENTED_EDGE('',*,*,#3398,.F.);
#3885=EDGE_LOOP('',(#3868,#3869,#3870,#3871,#3872,#3873,#3874,#3875,#3876,#3877,
#3878,#3879,#3881,#3883,#3884));
#3886=FACE_OUTER_BOUND('',#3885,.F.);
#3887=ADVANCED_FACE('',(#3886),#3867,.T.);
#3888=CARTESIAN_POINT('',(2.17172E1,-4.483E1,2.5E-1));
#3889=DIRECTION('',(0.E0,-1.E0,0.E0));
#3890=DIRECTION('',(1.E0,0.E0,0.E0));
#3891=AXIS2_PLACEMENT_3D('',#3888,#3889,#3890);
#3892=PLANE('',#3891);
#3893=ORIENTED_EDGE('',*,*,#3653,.F.);
#3895=ORIENTED_EDGE('',*,*,#3894,.T.);
#3896=ORIENTED_EDGE('',*,*,#3880,.T.);
#3897=ORIENTED_EDGE('',*,*,#3503,.T.);
#3898=EDGE_LOOP('',(#3893,#3895,#3896,#3897));
#3899=FACE_OUTER_BOUND('',#3898,.F.);
#3900=ADVANCED_FACE('',(#3899),#3892,.F.);
#3901=CARTESIAN_POINT('',(2.17172E1,-4.45252E1,-7.112E-1));
#3902=DIRECTION('',(1.E0,0.E0,0.E0));
#3903=DIRECTION('',(0.E0,0.E0,-1.E0));
#3904=AXIS2_PLACEMENT_3D('',#3901,#3902,#3903);
#3905=CYLINDRICAL_SURFACE('',#3904,3.048E-1);
#3906=ORIENTED_EDGE('',*,*,#3400,.T.);
#3907=ORIENTED_EDGE('',*,*,#3882,.T.);
#3908=ORIENTED_EDGE('',*,*,#3894,.F.);
#3909=ORIENTED_EDGE('',*,*,#3651,.F.);
#3910=EDGE_LOOP('',(#3906,#3907,#3908,#3909));
#3911=FACE_OUTER_BOUND('',#3910,.F.);
#3912=ADVANCED_FACE('',(#3911),#3905,.F.);
#3913=CARTESIAN_POINT('',(2.42572E1,-6.4855E1,0.E0));
#3914=DIRECTION('',(1.E0,0.E0,0.E0));
#3915=DIRECTION('',(0.E0,0.E0,-1.E0));
#3916=AXIS2_PLACEMENT_3D('',#3913,#3914,#3915);
#3917=PLANE('',#3916);
#3918=ORIENTED_EDGE('',*,*,#3689,.F.);
#3919=ORIENTED_EDGE('',*,*,#3394,.T.);
#3921=ORIENTED_EDGE('',*,*,#3920,.T.);
#3923=ORIENTED_EDGE('',*,*,#3922,.T.);
#3925=ORIENTED_EDGE('',*,*,#3924,.F.);
#3927=ORIENTED_EDGE('',*,*,#3926,.T.);
#3929=ORIENTED_EDGE('',*,*,#3928,.F.);
#3931=ORIENTED_EDGE('',*,*,#3930,.T.);
#3933=ORIENTED_EDGE('',*,*,#3932,.T.);
#3935=ORIENTED_EDGE('',*,*,#3934,.T.);
#3937=ORIENTED_EDGE('',*,*,#3936,.T.);
#3939=ORIENTED_EDGE('',*,*,#3938,.T.);
#3941=ORIENTED_EDGE('',*,*,#3940,.T.);
#3943=ORIENTED_EDGE('',*,*,#3942,.T.);
#3945=ORIENTED_EDGE('',*,*,#3944,.T.);
#3946=EDGE_LOOP('',(#3918,#3919,#3921,#3923,#3925,#3927,#3929,#3931,#3933,#3935,
#3937,#3939,#3941,#3943,#3945));
#3947=FACE_OUTER_BOUND('',#3946,.F.);
#3948=ADVANCED_FACE('',(#3947),#3917,.F.);
#3949=CARTESIAN_POINT('',(2.42572E1,-4.45252E1,-7.112E-1));
#3950=DIRECTION('',(1.E0,0.E0,0.E0));
#3951=DIRECTION('',(0.E0,0.E0,-1.E0));
#3952=AXIS2_PLACEMENT_3D('',#3949,#3950,#3951);
#3953=CYLINDRICAL_SURFACE('',#3952,3.048E-1);
#3954=ORIENTED_EDGE('',*,*,#3392,.T.);
#3956=ORIENTED_EDGE('',*,*,#3955,.T.);
#3958=ORIENTED_EDGE('',*,*,#3957,.F.);
#3959=ORIENTED_EDGE('',*,*,#3920,.F.);
#3960=EDGE_LOOP('',(#3954,#3956,#3958,#3959));
#3961=FACE_OUTER_BOUND('',#3960,.F.);
#3962=ADVANCED_FACE('',(#3961),#3953,.F.);
#3963=CARTESIAN_POINT('',(2.48668E1,-6.4855E1,0.E0));
#3964=DIRECTION('',(1.E0,0.E0,0.E0));
#3965=DIRECTION('',(0.E0,0.E0,-1.E0));
#3966=AXIS2_PLACEMENT_3D('',#3963,#3964,#3965);
#3967=PLANE('',#3966);
#3968=ORIENTED_EDGE('',*,*,#3693,.T.);
#3970=ORIENTED_EDGE('',*,*,#3969,.F.);
#3972=ORIENTED_EDGE('',*,*,#3971,.F.);
#3974=ORIENTED_EDGE('',*,*,#3973,.F.);
#3976=ORIENTED_EDGE('',*,*,#3975,.F.);
#3978=ORIENTED_EDGE('',*,*,#3977,.F.);
#3980=ORIENTED_EDGE('',*,*,#3979,.F.);
#3982=ORIENTED_EDGE('',*,*,#3981,.F.);
#3984=ORIENTED_EDGE('',*,*,#3983,.F.);
#3986=ORIENTED_EDGE('',*,*,#3985,.F.);
#3988=ORIENTED_EDGE('',*,*,#3987,.T.);
#3990=ORIENTED_EDGE('',*,*,#3989,.F.);
#3992=ORIENTED_EDGE('',*,*,#3991,.F.);
#3993=ORIENTED_EDGE('',*,*,#3955,.F.);
#3994=ORIENTED_EDGE('',*,*,#3390,.F.);
#3995=EDGE_LOOP('',(#3968,#3970,#3972,#3974,#3976,#3978,#3980,#3982,#3984,#3986,
#3988,#3990,#3992,#3993,#3994));
#3996=FACE_OUTER_BOUND('',#3995,.F.);
#3997=ADVANCED_FACE('',(#3996),#3967,.T.);
#3998=CARTESIAN_POINT('',(2.42572E1,-4.3687E1,-1.295E0));
#3999=DIRECTION('',(1.E0,0.E0,0.E0));
#4000=DIRECTION('',(0.E0,0.E0,-1.E0));
#4001=AXIS2_PLACEMENT_3D('',#3998,#3999,#4000);
#4002=CYLINDRICAL_SURFACE('',#4001,3.81E-1);
#4003=ORIENTED_EDGE('',*,*,#3691,.F.);
#4004=ORIENTED_EDGE('',*,*,#3944,.F.);
#4006=ORIENTED_EDGE('',*,*,#4005,.T.);
#4007=ORIENTED_EDGE('',*,*,#3969,.T.);
#4008=EDGE_LOOP('',(#4003,#4004,#4006,#4007));
#4009=FACE_OUTER_BOUND('',#4008,.F.);
#4010=ADVANCED_FACE('',(#4009),#4002,.T.);
#4011=CARTESIAN_POINT('',(2.42572E1,-4.2925E1,-1.666169377225E0));
#4012=DIRECTION('',(0.E0,7.952921829518E-1,6.062263139585E-1));
#4013=DIRECTION('',(0.E0,-6.062263139585E-1,7.952921829518E-1));
#4014=AXIS2_PLACEMENT_3D('',#4011,#4012,#4013);
#4015=PLANE('',#4014);
#4016=ORIENTED_EDGE('',*,*,#3942,.F.);
#4018=ORIENTED_EDGE('',*,*,#4017,.T.);
#4019=ORIENTED_EDGE('',*,*,#3971,.T.);
#4020=ORIENTED_EDGE('',*,*,#4005,.F.);
#4021=EDGE_LOOP('',(#4016,#4018,#4019,#4020));
#4022=FACE_OUTER_BOUND('',#4021,.F.);
#4023=ADVANCED_FACE('',(#4022),#4015,.T.);
#4024=CARTESIAN_POINT('',(2.42572E1,-4.312700421447E1,-1.820150860970E0));
#4025=DIRECTION('',(0.E0,6.062263139585E-1,-7.952921829518E-1));
#4026=DIRECTION('',(0.E0,7.952921829518E-1,6.062263139585E-1));
#4027=AXIS2_PLACEMENT_3D('',#4024,#4025,#4026);
#4028=PLANE('',#4027);
#4029=ORIENTED_EDGE('',*,*,#3940,.F.);
#4031=ORIENTED_EDGE('',*,*,#4030,.T.);
#4032=ORIENTED_EDGE('',*,*,#3973,.T.);
#4033=ORIENTED_EDGE('',*,*,#4017,.F.);
#4034=EDGE_LOOP('',(#4029,#4031,#4032,#4033));
#4035=FACE_OUTER_BOUND('',#4034,.F.);
#4036=ADVANCED_FACE('',(#4035),#4028,.T.);
#4037=CARTESIAN_POINT('',(2.42572E1,-4.358599789277E1,-1.218009258127E0));
#4038=DIRECTION('',(0.E0,-7.952921829518E-1,-6.062263139585E-1));
#4039=DIRECTION('',(0.E0,6.062263139585E-1,-7.952921829518E-1));
#4040=AXIS2_PLACEMENT_3D('',#4037,#4038,#4039);
#4041=PLANE('',#4040);
#4042=ORIENTED_EDGE('',*,*,#3938,.F.);
#4044=ORIENTED_EDGE('',*,*,#4043,.T.);
#4045=ORIENTED_EDGE('',*,*,#3975,.T.);
#4046=ORIENTED_EDGE('',*,*,#4030,.F.);
#4047=EDGE_LOOP('',(#4042,#4044,#4045,#4046));
#4048=FACE_OUTER_BOUND('',#4047,.F.);
#4049=ADVANCED_FACE('',(#4048),#4041,.T.);
#4050=CARTESIAN_POINT('',(2.42572E1,-4.3687E1,-1.295E0));
#4051=DIRECTION('',(1.E0,0.E0,0.E0));
#4052=DIRECTION('',(0.E0,0.E0,-1.E0));
#4053=AXIS2_PLACEMENT_3D('',#4050,#4051,#4052);
#4054=CYLINDRICAL_SURFACE('',#4053,1.27E-1);
#4055=ORIENTED_EDGE('',*,*,#3936,.F.);
#4057=ORIENTED_EDGE('',*,*,#4056,.T.);
#4058=ORIENTED_EDGE('',*,*,#3977,.T.);
#4059=ORIENTED_EDGE('',*,*,#4043,.F.);
#4060=EDGE_LOOP('',(#4055,#4057,#4058,#4059));
#4061=FACE_OUTER_BOUND('',#4060,.F.);
#4062=ADVANCED_FACE('',(#4061),#4054,.F.);
#4063=CARTESIAN_POINT('',(2.42572E1,-4.445403050732E1,-1.265449351205E0));
#4064=DIRECTION('',(0.E0,1.273612968548E-1,-9.918563908467E-1));
#4065=DIRECTION('',(0.E0,9.918563908467E-1,1.273612968548E-1));
#4066=AXIS2_PLACEMENT_3D('',#4063,#4064,#4065);
#4067=PLANE('',#4066);
#4068=ORIENTED_EDGE('',*,*,#3934,.F.);
#4070=ORIENTED_EDGE('',*,*,#4069,.T.);
#4071=ORIENTED_EDGE('',*,*,#3979,.T.);
#4072=ORIENTED_EDGE('',*,*,#4056,.F.);
#4073=EDGE_LOOP('',(#4068,#4070,#4071,#4072));
#4074=FACE_OUTER_BOUND('',#4073,.F.);
#4075=ADVANCED_FACE('',(#4074),#4067,.T.);
#4076=CARTESIAN_POINT('',(2.42572E1,-4.45252E1,-7.112E-1));
#4077=DIRECTION('',(1.E0,0.E0,0.E0));
#4078=DIRECTION('',(0.E0,0.E0,-1.E0));
#4079=AXIS2_PLACEMENT_3D('',#4076,#4077,#4078);
#4080=CYLINDRICAL_SURFACE('',#4079,5.588E-1);
#4081=ORIENTED_EDGE('',*,*,#3932,.F.);
#4083=ORIENTED_EDGE('',*,*,#4082,.T.);
#4084=ORIENTED_EDGE('',*,*,#3981,.T.);
#4085=ORIENTED_EDGE('',*,*,#4069,.F.);
#4086=EDGE_LOOP('',(#4081,#4083,#4084,#4085));
#4087=FACE_OUTER_BOUND('',#4086,.F.);
#4088=ADVANCED_FACE('',(#4087),#4080,.T.);
#4089=CARTESIAN_POINT('',(2.42572E1,-4.5084E1,2.5E-1));
#4090=DIRECTION('',(0.E0,-1.E0,0.E0));
#4091=DIRECTION('',(0.E0,0.E0,-1.E0));
#4092=AXIS2_PLACEMENT_3D('',#4089,#4090,#4091);
#4093=PLANE('',#4092);
#4095=ORIENTED_EDGE('',*,*,#4094,.F.);
#4096=ORIENTED_EDGE('',*,*,#3983,.T.);
#4097=ORIENTED_EDGE('',*,*,#4082,.F.);
#4098=ORIENTED_EDGE('',*,*,#3930,.F.);
#4099=EDGE_LOOP('',(#4095,#4096,#4097,#4098));
#4100=FACE_OUTER_BOUND('',#4099,.F.);
#4101=ADVANCED_FACE('',(#4100),#4093,.T.);
#4102=CARTESIAN_POINT('',(3.465919847407E1,-4.5338E1,-2.54E-1));
#4103=DIRECTION('',(-1.E0,0.E0,0.E0));
#4104=DIRECTION('',(0.E0,0.E0,1.E0));
#4105=AXIS2_PLACEMENT_3D('',#4102,#4103,#4104);
#4106=CYLINDRICAL_SURFACE('',#4105,2.54E-1);
#4108=ORIENTED_EDGE('',*,*,#4107,.F.);
#4109=ORIENTED_EDGE('',*,*,#3985,.T.);
#4110=ORIENTED_EDGE('',*,*,#4094,.T.);
#4111=ORIENTED_EDGE('',*,*,#3928,.T.);
#4112=EDGE_LOOP('',(#4108,#4109,#4110,#4111));
#4113=FACE_OUTER_BOUND('',#4112,.F.);
#4114=ADVANCED_FACE('',(#4113),#4106,.F.);
#4115=CARTESIAN_POINT('',(2.7102E1,-6.4855E1,0.E0));
#4116=DIRECTION('',(0.E0,0.E0,1.E0));
#4117=DIRECTION('',(1.E0,0.E0,0.E0));
#4118=AXIS2_PLACEMENT_3D('',#4115,#4116,#4117);
#4119=PLANE('',#4118);
#4120=ORIENTED_EDGE('',*,*,#3354,.F.);
#4122=ORIENTED_EDGE('',*,*,#4121,.T.);
#4124=ORIENTED_EDGE('',*,*,#4123,.T.);
#4126=ORIENTED_EDGE('',*,*,#4125,.T.);
#4128=ORIENTED_EDGE('',*,*,#4127,.T.);
#4130=ORIENTED_EDGE('',*,*,#4129,.T.);
#4132=ORIENTED_EDGE('',*,*,#4131,.T.);
#4134=ORIENTED_EDGE('',*,*,#4133,.T.);
#4135=ORIENTED_EDGE('',*,*,#3357,.F.);
#4137=ORIENTED_EDGE('',*,*,#4136,.T.);
#4138=ORIENTED_EDGE('',*,*,#3987,.F.);
#4139=ORIENTED_EDGE('',*,*,#4107,.T.);
#4140=ORIENTED_EDGE('',*,*,#3926,.F.);
#4142=ORIENTED_EDGE('',*,*,#4141,.F.);
#4143=EDGE_LOOP('',(#4120,#4122,#4124,#4126,#4128,#4130,#4132,#4134,#4135,#4137,
#4138,#4139,#4140,#4142));
#4144=FACE_OUTER_BOUND('',#4143,.F.);
#4145=ADVANCED_FACE('',(#4144),#4119,.F.);
#4146=CARTESIAN_POINT('',(2.3927E1,-4.2925E1,0.E0));
#4147=DIRECTION('',(-1.E0,0.E0,0.E0));
#4148=DIRECTION('',(0.E0,-1.E0,0.E0));
#4149=AXIS2_PLACEMENT_3D('',#4146,#4147,#4148);
#4150=PLANE('',#4149);
#4151=ORIENTED_EDGE('',*,*,#3242,.T.);
#4153=ORIENTED_EDGE('',*,*,#4152,.T.);
#4155=ORIENTED_EDGE('',*,*,#4154,.T.);
#4157=ORIENTED_EDGE('',*,*,#4156,.F.);
#4158=ORIENTED_EDGE('',*,*,#4121,.F.);
#4159=EDGE_LOOP('',(#4151,#4153,#4155,#4157,#4158));
#4160=FACE_OUTER_BOUND('',#4159,.F.);
#4161=ADVANCED_FACE('',(#4160),#4150,.T.);
#4162=CARTESIAN_POINT('',(2.5197E1,-4.2925E1,0.E0));
#4163=DIRECTION('',(0.E0,1.E0,0.E0));
#4164=DIRECTION('',(-1.E0,0.E0,0.E0));
#4165=AXIS2_PLACEMENT_3D('',#4162,#4163,#4164);
#4166=PLANE('',#4165);
#4167=ORIENTED_EDGE('',*,*,#3240,.F.);
#4169=ORIENTED_EDGE('',*,*,#4168,.T.);
#4171=ORIENTED_EDGE('',*,*,#4170,.T.);
#4172=ORIENTED_EDGE('',*,*,#4152,.F.);
#4173=EDGE_LOOP('',(#4167,#4169,#4171,#4172));
#4174=FACE_OUTER_BOUND('',#4173,.F.);
#4175=ADVANCED_FACE('',(#4174),#4166,.T.);
#4176=CARTESIAN_POINT('',(2.42572E1,-4.2925E1,2.5E-1));
#4177=DIRECTION('',(-1.E0,0.E0,0.E0));
#4178=DIRECTION('',(0.E0,-1.E0,0.E0));
#4179=AXIS2_PLACEMENT_3D('',#4176,#4177,#4178);
#4180=PLANE('',#4179);
#4181=ORIENTED_EDGE('',*,*,#3238,.F.);
#4182=ORIENTED_EDGE('',*,*,#4141,.T.);
#4184=ORIENTED_EDGE('',*,*,#4183,.F.);
#4186=ORIENTED_EDGE('',*,*,#4185,.T.);
#4187=ORIENTED_EDGE('',*,*,#4168,.F.);
#4188=EDGE_LOOP('',(#4181,#4182,#4184,#4186,#4187));
#4189=FACE_OUTER_BOUND('',#4188,.F.);
#4190=ADVANCED_FACE('',(#4189),#4180,.F.);
#4191=CARTESIAN_POINT('',(3.465919847407E1,-4.5084E1,-4.E-3));
#4192=DIRECTION('',(-1.E0,0.E0,0.E0));
#4193=DIRECTION('',(0.E0,0.E0,1.E0));
#4194=AXIS2_PLACEMENT_3D('',#4191,#4192,#4193);
#4195=CYLINDRICAL_SURFACE('',#4194,2.54E-1);
#4197=ORIENTED_EDGE('',*,*,#4196,.F.);
#4198=ORIENTED_EDGE('',*,*,#3989,.T.);
#4200=ORIENTED_EDGE('',*,*,#4199,.T.);
#4202=ORIENTED_EDGE('',*,*,#4201,.T.);
#4203=ORIENTED_EDGE('',*,*,#4183,.T.);
#4204=ORIENTED_EDGE('',*,*,#3924,.T.);
#4205=EDGE_LOOP('',(#4197,#4198,#4200,#4202,#4203,#4204));
#4206=FACE_OUTER_BOUND('',#4205,.F.);
#4207=ADVANCED_FACE('',(#4206),#4195,.T.);
#4208=CARTESIAN_POINT('',(2.42572E1,-4.483E1,2.5E-1));
#4209=DIRECTION('',(0.E0,-1.E0,0.E0));
#4210=DIRECTION('',(1.E0,0.E0,0.E0));
#4211=AXIS2_PLACEMENT_3D('',#4208,#4209,#4210);
#4212=PLANE('',#4211);
#4213=ORIENTED_EDGE('',*,*,#4196,.T.);
#4214=ORIENTED_EDGE('',*,*,#3922,.F.);
#4215=ORIENTED_EDGE('',*,*,#3957,.T.);
#4216=ORIENTED_EDGE('',*,*,#3991,.T.);
#4217=EDGE_LOOP('',(#4213,#4214,#4215,#4216));
#4218=FACE_OUTER_BOUND('',#4217,.F.);
#4219=ADVANCED_FACE('',(#4218),#4212,.F.);
#4220=CARTESIAN_POINT('',(2.48668E1,-4.483E1,2.5E-1));
#4221=DIRECTION('',(1.E0,0.E0,0.E0));
#4222=DIRECTION('',(0.E0,1.E0,0.E0));
#4223=AXIS2_PLACEMENT_3D('',#4220,#4221,#4222);
#4224=PLANE('',#4223);
#4225=ORIENTED_EDGE('',*,*,#3234,.T.);
#4227=ORIENTED_EDGE('',*,*,#4226,.T.);
#4229=ORIENTED_EDGE('',*,*,#4228,.T.);
#4230=ORIENTED_EDGE('',*,*,#4199,.F.);
#4231=ORIENTED_EDGE('',*,*,#4136,.F.);
#4232=EDGE_LOOP('',(#4225,#4227,#4229,#4230,#4231));
#4233=FACE_OUTER_BOUND('',#4232,.F.);
#4234=ADVANCED_FACE('',(#4233),#4224,.F.);
#4235=CARTESIAN_POINT('',(2.5197E1,-4.2925E1,0.E0));
#4236=DIRECTION('',(0.E0,1.E0,0.E0));
#4237=DIRECTION('',(-1.E0,0.E0,0.E0));
#4238=AXIS2_PLACEMENT_3D('',#4235,#4236,#4237);
#4239=PLANE('',#4238);
#4240=ORIENTED_EDGE('',*,*,#3232,.F.);
#4242=ORIENTED_EDGE('',*,*,#4241,.T.);
#4244=ORIENTED_EDGE('',*,*,#4243,.T.);
#4245=ORIENTED_EDGE('',*,*,#4226,.F.);
#4246=EDGE_LOOP('',(#4240,#4242,#4244,#4245));
#4247=FACE_OUTER_BOUND('',#4246,.F.);
#4248=ADVANCED_FACE('',(#4247),#4239,.T.);
#4249=CARTESIAN_POINT('',(2.5197E1,-4.5465E1,0.E0));
#4250=DIRECTION('',(1.E0,0.E0,0.E0));
#4251=DIRECTION('',(0.E0,1.E0,0.E0));
#4252=AXIS2_PLACEMENT_3D('',#4249,#4250,#4251);
#4253=PLANE('',#4252);
#4254=ORIENTED_EDGE('',*,*,#3230,.F.);
#4255=ORIENTED_EDGE('',*,*,#4133,.F.);
#4257=ORIENTED_EDGE('',*,*,#4256,.T.);
#4259=ORIENTED_EDGE('',*,*,#4258,.T.);
#4260=ORIENTED_EDGE('',*,*,#4241,.F.);
#4261=EDGE_LOOP('',(#4254,#4255,#4257,#4259,#4260));
#4262=FACE_OUTER_BOUND('',#4261,.F.);
#4263=ADVANCED_FACE('',(#4262),#4253,.T.);
#4264=CARTESIAN_POINT('',(2.4817E1,-4.5845E1,0.E0));
#4265=DIRECTION('',(7.071067811866E-1,-7.071067811865E-1,0.E0));
#4266=DIRECTION('',(7.071067811865E-1,7.071067811866E-1,0.E0));
#4267=AXIS2_PLACEMENT_3D('',#4264,#4265,#4266);
#4268=PLANE('',#4267);
#4269=ORIENTED_EDGE('',*,*,#4131,.F.);
#4271=ORIENTED_EDGE('',*,*,#4270,.T.);
#4273=ORIENTED_EDGE('',*,*,#4272,.T.);
#4274=ORIENTED_EDGE('',*,*,#4256,.F.);
#4275=EDGE_LOOP('',(#4269,#4271,#4273,#4274));
#4276=FACE_OUTER_BOUND('',#4275,.F.);
#4277=ADVANCED_FACE('',(#4276),#4268,.T.);
#4278=CARTESIAN_POINT('',(2.4817E1,-6.2315E1,0.E0));
#4279=DIRECTION('',(1.E0,0.E0,0.E0));
#4280=DIRECTION('',(0.E0,1.E0,0.E0));
#4281=AXIS2_PLACEMENT_3D('',#4278,#4279,#4280);
#4282=PLANE('',#4281);
#4284=ORIENTED_EDGE('',*,*,#4283,.T.);
#4286=ORIENTED_EDGE('',*,*,#4285,.T.);
#4287=ORIENTED_EDGE('',*,*,#4270,.F.);
#4288=ORIENTED_EDGE('',*,*,#4129,.F.);
#4289=EDGE_LOOP('',(#4284,#4286,#4287,#4288));
#4290=FACE_OUTER_BOUND('',#4289,.F.);
#4291=ADVANCED_FACE('',(#4290),#4282,.T.);
#4292=CARTESIAN_POINT('',(3.103E1,-5.9777E1,-2.875E0));
#4293=DIRECTION('',(0.E0,1.E0,0.E0));
#4294=DIRECTION('',(-1.E0,0.E0,0.E0));
#4295=AXIS2_PLACEMENT_3D('',#4292,#4293,#4294);
#4296=PLANE('',#4295);
#4297=ORIENTED_EDGE('',*,*,#4127,.F.);
#4299=ORIENTED_EDGE('',*,*,#4298,.T.);
#4301=ORIENTED_EDGE('',*,*,#4300,.T.);
#4302=ORIENTED_EDGE('',*,*,#4283,.F.);
#4303=EDGE_LOOP('',(#4297,#4299,#4301,#4302));
#4304=FACE_OUTER_BOUND('',#4303,.F.);
#4305=ADVANCED_FACE('',(#4304),#4296,.F.);
#4306=CARTESIAN_POINT('',(2.4307E1,-4.5845E1,0.E0));
#4307=DIRECTION('',(-1.E0,0.E0,0.E0));
#4308=DIRECTION('',(0.E0,-1.E0,0.E0));
#4309=AXIS2_PLACEMENT_3D('',#4306,#4307,#4308);
#4310=PLANE('',#4309);
#4311=ORIENTED_EDGE('',*,*,#4298,.F.);
#4312=ORIENTED_EDGE('',*,*,#4125,.F.);
#4314=ORIENTED_EDGE('',*,*,#4313,.T.);
#4316=ORIENTED_EDGE('',*,*,#4315,.T.);
#4317=EDGE_LOOP('',(#4311,#4312,#4314,#4316));
#4318=FACE_OUTER_BOUND('',#4317,.F.);
#4319=ADVANCED_FACE('',(#4318),#4310,.T.);
#4320=CARTESIAN_POINT('',(2.3927E1,-4.5465E1,0.E0));
#4321=DIRECTION('',(-7.071067811866E-1,-7.071067811865E-1,0.E0));
#4322=DIRECTION('',(7.071067811865E-1,-7.071067811866E-1,0.E0));
#4323=AXIS2_PLACEMENT_3D('',#4320,#4321,#4322);
#4324=PLANE('',#4323);
#4325=ORIENTED_EDGE('',*,*,#4123,.F.);
#4326=ORIENTED_EDGE('',*,*,#4156,.T.);
#4328=ORIENTED_EDGE('',*,*,#4327,.T.);
#4329=ORIENTED_EDGE('',*,*,#4313,.F.);
#4330=EDGE_LOOP('',(#4325,#4326,#4328,#4329));
#4331=FACE_OUTER_BOUND('',#4330,.F.);
#4332=ADVANCED_FACE('',(#4331),#4324,.T.);
#4333=CARTESIAN_POINT('',(2.7102E1,-6.4855E1,2.5E-1));
#4334=DIRECTION('',(0.E0,0.E0,1.E0));
#4335=DIRECTION('',(1.E0,0.E0,0.E0));
#4336=AXIS2_PLACEMENT_3D('',#4333,#4334,#4335);
#4337=PLANE('',#4336);
#4338=ORIENTED_EDGE('',*,*,#4300,.F.);
#4339=ORIENTED_EDGE('',*,*,#4315,.F.);
#4340=ORIENTED_EDGE('',*,*,#4327,.F.);
#4341=ORIENTED_EDGE('',*,*,#4154,.F.);
#4342=ORIENTED_EDGE('',*,*,#4170,.F.);
#4343=ORIENTED_EDGE('',*,*,#4185,.F.);
#4344=ORIENTED_EDGE('',*,*,#4201,.F.);
#4345=ORIENTED_EDGE('',*,*,#4228,.F.);
#4346=ORIENTED_EDGE('',*,*,#4243,.F.);
#4347=ORIENTED_EDGE('',*,*,#4258,.F.);
#4348=ORIENTED_EDGE('',*,*,#4272,.F.);
#4349=ORIENTED_EDGE('',*,*,#4285,.F.);
#4350=EDGE_LOOP('',(#4338,#4339,#4340,#4341,#4342,#4343,#4344,#4345,#4346,#4347,
#4348,#4349));
#4351=FACE_OUTER_BOUND('',#4350,.F.);
#4352=ADVANCED_FACE('',(#4351),#4337,.T.);
#4353=CARTESIAN_POINT('',(2.67972E1,-6.4855E1,0.E0));
#4354=DIRECTION('',(1.E0,0.E0,0.E0));
#4355=DIRECTION('',(0.E0,0.E0,-1.E0));
#4356=AXIS2_PLACEMENT_3D('',#4353,#4354,#4355);
#4357=PLANE('',#4356);
#4358=ORIENTED_EDGE('',*,*,#3696,.F.);
#4359=ORIENTED_EDGE('',*,*,#3386,.T.);
#4361=ORIENTED_EDGE('',*,*,#4360,.T.);
#4363=ORIENTED_EDGE('',*,*,#4362,.T.);
#4365=ORIENTED_EDGE('',*,*,#4364,.F.);
#4367=ORIENTED_EDGE('',*,*,#4366,.T.);
#4369=ORIENTED_EDGE('',*,*,#4368,.F.);
#4371=ORIENTED_EDGE('',*,*,#4370,.T.);
#4373=ORIENTED_EDGE('',*,*,#4372,.T.);
#4375=ORIENTED_EDGE('',*,*,#4374,.T.);
#4377=ORIENTED_EDGE('',*,*,#4376,.T.);
#4379=ORIENTED_EDGE('',*,*,#4378,.T.);
#4381=ORIENTED_EDGE('',*,*,#4380,.T.);
#4383=ORIENTED_EDGE('',*,*,#4382,.T.);
#4385=ORIENTED_EDGE('',*,*,#4384,.T.);
#4386=EDGE_LOOP('',(#4358,#4359,#4361,#4363,#4365,#4367,#4369,#4371,#4373,#4375,
#4377,#4379,#4381,#4383,#4385));
#4387=FACE_OUTER_BOUND('',#4386,.F.);
#4388=ADVANCED_FACE('',(#4387),#4357,.F.);
#4389=CARTESIAN_POINT('',(2.67972E1,-4.45252E1,-7.112E-1));
#4390=DIRECTION('',(1.E0,0.E0,0.E0));
#4391=DIRECTION('',(0.E0,0.E0,-1.E0));
#4392=AXIS2_PLACEMENT_3D('',#4389,#4390,#4391);
#4393=CYLINDRICAL_SURFACE('',#4392,3.048E-1);
#4394=ORIENTED_EDGE('',*,*,#3384,.T.);
#4396=ORIENTED_EDGE('',*,*,#4395,.T.);
#4398=ORIENTED_EDGE('',*,*,#4397,.F.);
#4399=ORIENTED_EDGE('',*,*,#4360,.F.);
#4400=EDGE_LOOP('',(#4394,#4396,#4398,#4399));
#4401=FACE_OUTER_BOUND('',#4400,.F.);
#4402=ADVANCED_FACE('',(#4401),#4393,.F.);
#4403=CARTESIAN_POINT('',(2.74068E1,-6.4855E1,0.E0));
#4404=DIRECTION('',(1.E0,0.E0,0.E0));
#4405=DIRECTION('',(0.E0,0.E0,-1.E0));
#4406=AXIS2_PLACEMENT_3D('',#4403,#4404,#4405);
#4407=PLANE('',#4406);
#4408=ORIENTED_EDGE('',*,*,#3700,.T.);
#4410=ORIENTED_EDGE('',*,*,#4409,.F.);
#4412=ORIENTED_EDGE('',*,*,#4411,.F.);
#4414=ORIENTED_EDGE('',*,*,#4413,.F.);
#4416=ORIENTED_EDGE('',*,*,#4415,.F.);
#4418=ORIENTED_EDGE('',*,*,#4417,.F.);
#4420=ORIENTED_EDGE('',*,*,#4419,.F.);
#4422=ORIENTED_EDGE('',*,*,#4421,.F.);
#4424=ORIENTED_EDGE('',*,*,#4423,.F.);
#4426=ORIENTED_EDGE('',*,*,#4425,.F.);
#4428=ORIENTED_EDGE('',*,*,#4427,.T.);
#4430=ORIENTED_EDGE('',*,*,#4429,.F.);
#4432=ORIENTED_EDGE('',*,*,#4431,.F.);
#4433=ORIENTED_EDGE('',*,*,#4395,.F.);
#4434=ORIENTED_EDGE('',*,*,#3382,.F.);
#4435=EDGE_LOOP('',(#4408,#4410,#4412,#4414,#4416,#4418,#4420,#4422,#4424,#4426,
#4428,#4430,#4432,#4433,#4434));
#4436=FACE_OUTER_BOUND('',#4435,.F.);
#4437=ADVANCED_FACE('',(#4436),#4407,.T.);
#4438=CARTESIAN_POINT('',(2.67972E1,-4.3687E1,-1.295E0));
#4439=DIRECTION('',(1.E0,0.E0,0.E0));
#4440=DIRECTION('',(0.E0,0.E0,-1.E0));
#4441=AXIS2_PLACEMENT_3D('',#4438,#4439,#4440);
#4442=CYLINDRICAL_SURFACE('',#4441,3.81E-1);
#4443=ORIENTED_EDGE('',*,*,#3698,.F.);
#4444=ORIENTED_EDGE('',*,*,#4384,.F.);
#4446=ORIENTED_EDGE('',*,*,#4445,.T.);
#4447=ORIENTED_EDGE('',*,*,#4409,.T.);
#4448=EDGE_LOOP('',(#4443,#4444,#4446,#4447));
#4449=FACE_OUTER_BOUND('',#4448,.F.);
#4450=ADVANCED_FACE('',(#4449),#4442,.T.);
#4451=CARTESIAN_POINT('',(2.67972E1,-4.2925E1,-1.666169377225E0));
#4452=DIRECTION('',(0.E0,7.952921829518E-1,6.062263139585E-1));
#4453=DIRECTION('',(0.E0,-6.062263139585E-1,7.952921829518E-1));
#4454=AXIS2_PLACEMENT_3D('',#4451,#4452,#4453);
#4455=PLANE('',#4454);
#4456=ORIENTED_EDGE('',*,*,#4382,.F.);
#4458=ORIENTED_EDGE('',*,*,#4457,.T.);
#4459=ORIENTED_EDGE('',*,*,#4411,.T.);
#4460=ORIENTED_EDGE('',*,*,#4445,.F.);
#4461=EDGE_LOOP('',(#4456,#4458,#4459,#4460));
#4462=FACE_OUTER_BOUND('',#4461,.F.);
#4463=ADVANCED_FACE('',(#4462),#4455,.T.);
#4464=CARTESIAN_POINT('',(2.67972E1,-4.312700421447E1,-1.820150860970E0));
#4465=DIRECTION('',(0.E0,6.062263139585E-1,-7.952921829518E-1));
#4466=DIRECTION('',(0.E0,7.952921829518E-1,6.062263139585E-1));
#4467=AXIS2_PLACEMENT_3D('',#4464,#4465,#4466);
#4468=PLANE('',#4467);
#4469=ORIENTED_EDGE('',*,*,#4380,.F.);
#4471=ORIENTED_EDGE('',*,*,#4470,.T.);
#4472=ORIENTED_EDGE('',*,*,#4413,.T.);
#4473=ORIENTED_EDGE('',*,*,#4457,.F.);
#4474=EDGE_LOOP('',(#4469,#4471,#4472,#4473));
#4475=FACE_OUTER_BOUND('',#4474,.F.);
#4476=ADVANCED_FACE('',(#4475),#4468,.T.);
#4477=CARTESIAN_POINT('',(2.67972E1,-4.358599789277E1,-1.218009258127E0));
#4478=DIRECTION('',(0.E0,-7.952921829518E-1,-6.062263139585E-1));
#4479=DIRECTION('',(0.E0,6.062263139585E-1,-7.952921829518E-1));
#4480=AXIS2_PLACEMENT_3D('',#4477,#4478,#4479);
#4481=PLANE('',#4480);
#4482=ORIENTED_EDGE('',*,*,#4378,.F.);
#4484=ORIENTED_EDGE('',*,*,#4483,.T.);
#4485=ORIENTED_EDGE('',*,*,#4415,.T.);
#4486=ORIENTED_EDGE('',*,*,#4470,.F.);
#4487=EDGE_LOOP('',(#4482,#4484,#4485,#4486));
#4488=FACE_OUTER_BOUND('',#4487,.F.);
#4489=ADVANCED_FACE('',(#4488),#4481,.T.);
#4490=CARTESIAN_POINT('',(2.67972E1,-4.3687E1,-1.295E0));
#4491=DIRECTION('',(1.E0,0.E0,0.E0));
#4492=DIRECTION('',(0.E0,0.E0,-1.E0));
#4493=AXIS2_PLACEMENT_3D('',#4490,#4491,#4492);
#4494=CYLINDRICAL_SURFACE('',#4493,1.27E-1);
#4495=ORIENTED_EDGE('',*,*,#4376,.F.);
#4497=ORIENTED_EDGE('',*,*,#4496,.T.);
#4498=ORIENTED_EDGE('',*,*,#4417,.T.);
#4499=ORIENTED_EDGE('',*,*,#4483,.F.);
#4500=EDGE_LOOP('',(#4495,#4497,#4498,#4499));
#4501=FACE_OUTER_BOUND('',#4500,.F.);
#4502=ADVANCED_FACE('',(#4501),#4494,.F.);
#4503=CARTESIAN_POINT('',(2.67972E1,-4.445403050732E1,-1.265449351205E0));
#4504=DIRECTION('',(0.E0,1.273612968548E-1,-9.918563908467E-1));
#4505=DIRECTION('',(0.E0,9.918563908467E-1,1.273612968548E-1));
#4506=AXIS2_PLACEMENT_3D('',#4503,#4504,#4505);
#4507=PLANE('',#4506);
#4508=ORIENTED_EDGE('',*,*,#4374,.F.);
#4510=ORIENTED_EDGE('',*,*,#4509,.T.);
#4511=ORIENTED_EDGE('',*,*,#4419,.T.);
#4512=ORIENTED_EDGE('',*,*,#4496,.F.);
#4513=EDGE_LOOP('',(#4508,#4510,#4511,#4512));
#4514=FACE_OUTER_BOUND('',#4513,.F.);
#4515=ADVANCED_FACE('',(#4514),#4507,.T.);
#4516=CARTESIAN_POINT('',(2.67972E1,-4.45252E1,-7.112E-1));
#4517=DIRECTION('',(1.E0,0.E0,0.E0));
#4518=DIRECTION('',(0.E0,0.E0,-1.E0));
#4519=AXIS2_PLACEMENT_3D('',#4516,#4517,#4518);
#4520=CYLINDRICAL_SURFACE('',#4519,5.588E-1);
#4521=ORIENTED_EDGE('',*,*,#4372,.F.);
#4523=ORIENTED_EDGE('',*,*,#4522,.T.);
#4524=ORIENTED_EDGE('',*,*,#4421,.T.);
#4525=ORIENTED_EDGE('',*,*,#4509,.F.);
#4526=EDGE_LOOP('',(#4521,#4523,#4524,#4525));
#4527=FACE_OUTER_BOUND('',#4526,.F.);
#4528=ADVANCED_FACE('',(#4527),#4520,.T.);
#4529=CARTESIAN_POINT('',(2.67972E1,-4.5084E1,2.5E-1));
#4530=DIRECTION('',(0.E0,-1.E0,0.E0));
#4531=DIRECTION('',(0.E0,0.E0,-1.E0));
#4532=AXIS2_PLACEMENT_3D('',#4529,#4530,#4531);
#4533=PLANE('',#4532);
#4535=ORIENTED_EDGE('',*,*,#4534,.F.);
#4536=ORIENTED_EDGE('',*,*,#4423,.T.);
#4537=ORIENTED_EDGE('',*,*,#4522,.F.);
#4538=ORIENTED_EDGE('',*,*,#4370,.F.);
#4539=EDGE_LOOP('',(#4535,#4536,#4537,#4538));
#4540=FACE_OUTER_BOUND('',#4539,.F.);
#4541=ADVANCED_FACE('',(#4540),#4533,.T.);
#4542=CARTESIAN_POINT('',(3.465919847407E1,-4.5338E1,-2.54E-1));
#4543=DIRECTION('',(-1.E0,0.E0,0.E0));
#4544=DIRECTION('',(0.E0,0.E0,1.E0));
#4545=AXIS2_PLACEMENT_3D('',#4542,#4543,#4544);
#4546=CYLINDRICAL_SURFACE('',#4545,2.54E-1);
#4548=ORIENTED_EDGE('',*,*,#4547,.F.);
#4549=ORIENTED_EDGE('',*,*,#4425,.T.);
#4550=ORIENTED_EDGE('',*,*,#4534,.T.);
#4551=ORIENTED_EDGE('',*,*,#4368,.T.);
#4552=EDGE_LOOP('',(#4548,#4549,#4550,#4551));
#4553=FACE_OUTER_BOUND('',#4552,.F.);
#4554=ADVANCED_FACE('',(#4553),#4546,.F.);
#4555=CARTESIAN_POINT('',(2.7102E1,-6.4855E1,0.E0));
#4556=DIRECTION('',(0.E0,0.E0,1.E0));
#4557=DIRECTION('',(1.E0,0.E0,0.E0));
#4558=AXIS2_PLACEMENT_3D('',#4555,#4556,#4557);
#4559=PLANE('',#4558);
#4560=ORIENTED_EDGE('',*,*,#3360,.F.);
#4562=ORIENTED_EDGE('',*,*,#4561,.T.);
#4564=ORIENTED_EDGE('',*,*,#4563,.T.);
#4566=ORIENTED_EDGE('',*,*,#4565,.T.);
#4568=ORIENTED_EDGE('',*,*,#4567,.T.);
#4570=ORIENTED_EDGE('',*,*,#4569,.T.);
#4572=ORIENTED_EDGE('',*,*,#4571,.T.);
#4574=ORIENTED_EDGE('',*,*,#4573,.T.);
#4575=ORIENTED_EDGE('',*,*,#3363,.F.);
#4577=ORIENTED_EDGE('',*,*,#4576,.T.);
#4578=ORIENTED_EDGE('',*,*,#4427,.F.);
#4579=ORIENTED_EDGE('',*,*,#4547,.T.);
#4580=ORIENTED_EDGE('',*,*,#4366,.F.);
#4582=ORIENTED_EDGE('',*,*,#4581,.F.);
#4583=EDGE_LOOP('',(#4560,#4562,#4564,#4566,#4568,#4570,#4572,#4574,#4575,#4577,
#4578,#4579,#4580,#4582));
#4584=FACE_OUTER_BOUND('',#4583,.F.);
#4585=ADVANCED_FACE('',(#4584),#4559,.F.);
#4586=CARTESIAN_POINT('',(2.6467E1,-4.2925E1,0.E0));
#4587=DIRECTION('',(-1.E0,0.E0,0.E0));
#4588=DIRECTION('',(0.E0,-1.E0,0.E0));
#4589=AXIS2_PLACEMENT_3D('',#4586,#4587,#4588);
#4590=PLANE('',#4589);
#4591=ORIENTED_EDGE('',*,*,#3226,.T.);
#4593=ORIENTED_EDGE('',*,*,#4592,.T.);
#4595=ORIENTED_EDGE('',*,*,#4594,.T.);
#4597=ORIENTED_EDGE('',*,*,#4596,.F.);
#4598=ORIENTED_EDGE('',*,*,#4561,.F.);
#4599=EDGE_LOOP('',(#4591,#4593,#4595,#4597,#4598));
#4600=FACE_OUTER_BOUND('',#4599,.F.);
#4601=ADVANCED_FACE('',(#4600),#4590,.T.);
#4602=CARTESIAN_POINT('',(2.7737E1,-4.2925E1,0.E0));
#4603=DIRECTION('',(0.E0,1.E0,0.E0));
#4604=DIRECTION('',(-1.E0,0.E0,0.E0));
#4605=AXIS2_PLACEMENT_3D('',#4602,#4603,#4604);
#4606=PLANE('',#4605);
#4607=ORIENTED_EDGE('',*,*,#3224,.F.);
#4609=ORIENTED_EDGE('',*,*,#4608,.T.);
#4611=ORIENTED_EDGE('',*,*,#4610,.T.);
#4612=ORIENTED_EDGE('',*,*,#4592,.F.);
#4613=EDGE_LOOP('',(#4607,#4609,#4611,#4612));
#4614=FACE_OUTER_BOUND('',#4613,.F.);
#4615=ADVANCED_FACE('',(#4614),#4606,.T.);
#4616=CARTESIAN_POINT('',(2.67972E1,-4.2925E1,2.5E-1));
#4617=DIRECTION('',(-1.E0,0.E0,0.E0));
#4618=DIRECTION('',(0.E0,-1.E0,0.E0));
#4619=AXIS2_PLACEMENT_3D('',#4616,#4617,#4618);
#4620=PLANE('',#4619);
#4621=ORIENTED_EDGE('',*,*,#3222,.F.);
#4622=ORIENTED_EDGE('',*,*,#4581,.T.);
#4624=ORIENTED_EDGE('',*,*,#4623,.F.);
#4626=ORIENTED_EDGE('',*,*,#4625,.T.);
#4627=ORIENTED_EDGE('',*,*,#4608,.F.);
#4628=EDGE_LOOP('',(#4621,#4622,#4624,#4626,#4627));
#4629=FACE_OUTER_BOUND('',#4628,.F.);
#4630=ADVANCED_FACE('',(#4629),#4620,.F.);
#4631=CARTESIAN_POINT('',(3.465919847407E1,-4.5084E1,-4.E-3));
#4632=DIRECTION('',(-1.E0,0.E0,0.E0));
#4633=DIRECTION('',(0.E0,0.E0,1.E0));
#4634=AXIS2_PLACEMENT_3D('',#4631,#4632,#4633);
#4635=CYLINDRICAL_SURFACE('',#4634,2.54E-1);
#4637=ORIENTED_EDGE('',*,*,#4636,.T.);
#4639=ORIENTED_EDGE('',*,*,#4638,.T.);
#4640=ORIENTED_EDGE('',*,*,#4623,.T.);
#4641=ORIENTED_EDGE('',*,*,#4364,.T.);
#4643=ORIENTED_EDGE('',*,*,#4642,.F.);
#4644=ORIENTED_EDGE('',*,*,#4429,.T.);
#4645=EDGE_LOOP('',(#4637,#4639,#4640,#4641,#4643,#4644));
#4646=FACE_OUTER_BOUND('',#4645,.F.);
#4647=ADVANCED_FACE('',(#4646),#4635,.T.);
#4648=CARTESIAN_POINT('',(2.74068E1,-4.483E1,2.5E-1));
#4649=DIRECTION('',(1.E0,0.E0,0.E0));
#4650=DIRECTION('',(0.E0,1.E0,0.E0));
#4651=AXIS2_PLACEMENT_3D('',#4648,#4649,#4650);
#4652=PLANE('',#4651);
#4653=ORIENTED_EDGE('',*,*,#3218,.T.);
#4655=ORIENTED_EDGE('',*,*,#4654,.T.);
#4657=ORIENTED_EDGE('',*,*,#4656,.T.);
#4658=ORIENTED_EDGE('',*,*,#4636,.F.);
#4659=ORIENTED_EDGE('',*,*,#4576,.F.);
#4660=EDGE_LOOP('',(#4653,#4655,#4657,#4658,#4659));
#4661=FACE_OUTER_BOUND('',#4660,.F.);
#4662=ADVANCED_FACE('',(#4661),#4652,.F.);
#4663=CARTESIAN_POINT('',(2.7737E1,-4.2925E1,0.E0));
#4664=DIRECTION('',(0.E0,1.E0,0.E0));
#4665=DIRECTION('',(-1.E0,0.E0,0.E0));
#4666=AXIS2_PLACEMENT_3D('',#4663,#4664,#4665);
#4667=PLANE('',#4666);
#4668=ORIENTED_EDGE('',*,*,#3216,.F.);
#4670=ORIENTED_EDGE('',*,*,#4669,.T.);
#4672=ORIENTED_EDGE('',*,*,#4671,.T.);
#4673=ORIENTED_EDGE('',*,*,#4654,.F.);
#4674=EDGE_LOOP('',(#4668,#4670,#4672,#4673));
#4675=FACE_OUTER_BOUND('',#4674,.F.);
#4676=ADVANCED_FACE('',(#4675),#4667,.T.);
#4677=CARTESIAN_POINT('',(2.7737E1,-4.5465E1,0.E0));
#4678=DIRECTION('',(1.E0,0.E0,0.E0));
#4679=DIRECTION('',(0.E0,1.E0,0.E0));
#4680=AXIS2_PLACEMENT_3D('',#4677,#4678,#4679);
#4681=PLANE('',#4680);
#4682=ORIENTED_EDGE('',*,*,#3214,.F.);
#4683=ORIENTED_EDGE('',*,*,#4573,.F.);
#4685=ORIENTED_EDGE('',*,*,#4684,.T.);
#4687=ORIENTED_EDGE('',*,*,#4686,.T.);
#4688=ORIENTED_EDGE('',*,*,#4669,.F.);
#4689=EDGE_LOOP('',(#4682,#4683,#4685,#4687,#4688));
#4690=FACE_OUTER_BOUND('',#4689,.F.);
#4691=ADVANCED_FACE('',(#4690),#4681,.T.);
#4692=CARTESIAN_POINT('',(2.7357E1,-4.5845E1,0.E0));
#4693=DIRECTION('',(7.071067811866E-1,-7.071067811865E-1,0.E0));
#4694=DIRECTION('',(7.071067811865E-1,7.071067811866E-1,0.E0));
#4695=AXIS2_PLACEMENT_3D('',#4692,#4693,#4694);
#4696=PLANE('',#4695);
#4697=ORIENTED_EDGE('',*,*,#4571,.F.);
#4699=ORIENTED_EDGE('',*,*,#4698,.T.);
#4701=ORIENTED_EDGE('',*,*,#4700,.T.);
#4702=ORIENTED_EDGE('',*,*,#4684,.F.);
#4703=EDGE_LOOP('',(#4697,#4699,#4701,#4702));
#4704=FACE_OUTER_BOUND('',#4703,.F.);
#4705=ADVANCED_FACE('',(#4704),#4696,.T.);
#4706=CARTESIAN_POINT('',(2.7357E1,-6.2315E1,0.E0));
#4707=DIRECTION('',(1.E0,0.E0,0.E0));
#4708=DIRECTION('',(0.E0,1.E0,0.E0));
#4709=AXIS2_PLACEMENT_3D('',#4706,#4707,#4708);
#4710=PLANE('',#4709);
#4712=ORIENTED_EDGE('',*,*,#4711,.T.);
#4714=ORIENTED_EDGE('',*,*,#4713,.T.);
#4715=ORIENTED_EDGE('',*,*,#4698,.F.);
#4716=ORIENTED_EDGE('',*,*,#4569,.F.);
#4717=EDGE_LOOP('',(#4712,#4714,#4715,#4716));
#4718=FACE_OUTER_BOUND('',#4717,.F.);
#4719=ADVANCED_FACE('',(#4718),#4710,.T.);
#4720=CARTESIAN_POINT('',(3.103E1,-5.9777E1,-2.875E0));
#4721=DIRECTION('',(0.E0,1.E0,0.E0));
#4722=DIRECTION('',(-1.E0,0.E0,0.E0));
#4723=AXIS2_PLACEMENT_3D('',#4720,#4721,#4722);
#4724=PLANE('',#4723);
#4725=ORIENTED_EDGE('',*,*,#4567,.F.);
#4727=ORIENTED_EDGE('',*,*,#4726,.T.);
#4729=ORIENTED_EDGE('',*,*,#4728,.T.);
#4730=ORIENTED_EDGE('',*,*,#4711,.F.);
#4731=EDGE_LOOP('',(#4725,#4727,#4729,#4730));
#4732=FACE_OUTER_BOUND('',#4731,.F.);
#4733=ADVANCED_FACE('',(#4732),#4724,.F.);
#4734=CARTESIAN_POINT('',(2.6847E1,-4.5845E1,0.E0));
#4735=DIRECTION('',(-1.E0,0.E0,0.E0));
#4736=DIRECTION('',(0.E0,-1.E0,0.E0));
#4737=AXIS2_PLACEMENT_3D('',#4734,#4735,#4736);
#4738=PLANE('',#4737);
#4739=ORIENTED_EDGE('',*,*,#4726,.F.);
#4740=ORIENTED_EDGE('',*,*,#4565,.F.);
#4742=ORIENTED_EDGE('',*,*,#4741,.T.);
#4744=ORIENTED_EDGE('',*,*,#4743,.T.);
#4745=EDGE_LOOP('',(#4739,#4740,#4742,#4744));
#4746=FACE_OUTER_BOUND('',#4745,.F.);
#4747=ADVANCED_FACE('',(#4746),#4738,.T.);
#4748=CARTESIAN_POINT('',(2.6467E1,-4.5465E1,0.E0));
#4749=DIRECTION('',(-7.071067811866E-1,-7.071067811865E-1,0.E0));
#4750=DIRECTION('',(7.071067811865E-1,-7.071067811866E-1,0.E0));
#4751=AXIS2_PLACEMENT_3D('',#4748,#4749,#4750);
#4752=PLANE('',#4751);
#4753=ORIENTED_EDGE('',*,*,#4563,.F.);
#4754=ORIENTED_EDGE('',*,*,#4596,.T.);
#4756=ORIENTED_EDGE('',*,*,#4755,.T.);
#4757=ORIENTED_EDGE('',*,*,#4741,.F.);
#4758=EDGE_LOOP('',(#4753,#4754,#4756,#4757));
#4759=FACE_OUTER_BOUND('',#4758,.F.);
#4760=ADVANCED_FACE('',(#4759),#4752,.T.);
#4761=CARTESIAN_POINT('',(2.7102E1,-6.4855E1,2.5E-1));
#4762=DIRECTION('',(0.E0,0.E0,1.E0));
#4763=DIRECTION('',(1.E0,0.E0,0.E0));
#4764=AXIS2_PLACEMENT_3D('',#4761,#4762,#4763);
#4765=PLANE('',#4764);
#4766=ORIENTED_EDGE('',*,*,#4728,.F.);
#4767=ORIENTED_EDGE('',*,*,#4743,.F.);
#4768=ORIENTED_EDGE('',*,*,#4755,.F.);
#4769=ORIENTED_EDGE('',*,*,#4594,.F.);
#4770=ORIENTED_EDGE('',*,*,#4610,.F.);
#4771=ORIENTED_EDGE('',*,*,#4625,.F.);
#4772=ORIENTED_EDGE('',*,*,#4638,.F.);
#4773=ORIENTED_EDGE('',*,*,#4656,.F.);
#4774=ORIENTED_EDGE('',*,*,#4671,.F.);
#4775=ORIENTED_EDGE('',*,*,#4686,.F.);
#4776=ORIENTED_EDGE('',*,*,#4700,.F.);
#4777=ORIENTED_EDGE('',*,*,#4713,.F.);
#4778=EDGE_LOOP('',(#4766,#4767,#4768,#4769,#4770,#4771,#4772,#4773,#4774,#4775,
#4776,#4777));
#4779=FACE_OUTER_BOUND('',#4778,.F.);
#4780=ADVANCED_FACE('',(#4779),#4765,.T.);
#4781=CARTESIAN_POINT('',(2.67972E1,-4.483E1,2.5E-1));
#4782=DIRECTION('',(0.E0,-1.E0,0.E0));
#4783=DIRECTION('',(1.E0,0.E0,0.E0));
#4784=AXIS2_PLACEMENT_3D('',#4781,#4782,#4783);
#4785=PLANE('',#4784);
#4786=ORIENTED_EDGE('',*,*,#4362,.F.);
#4787=ORIENTED_EDGE('',*,*,#4397,.T.);
#4788=ORIENTED_EDGE('',*,*,#4431,.T.);
#4789=ORIENTED_EDGE('',*,*,#4642,.T.);
#4790=EDGE_LOOP('',(#4786,#4787,#4788,#4789));
#4791=FACE_OUTER_BOUND('',#4790,.F.);
#4792=ADVANCED_FACE('',(#4791),#4785,.F.);
#4793=CARTESIAN_POINT('',(2.93372E1,-6.4855E1,0.E0));
#4794=DIRECTION('',(1.E0,0.E0,0.E0));
#4795=DIRECTION('',(0.E0,0.E0,-1.E0));
#4796=AXIS2_PLACEMENT_3D('',#4793,#4794,#4795);
#4797=PLANE('',#4796);
#4798=ORIENTED_EDGE('',*,*,#3703,.F.);
#4799=ORIENTED_EDGE('',*,*,#3378,.T.);
#4801=ORIENTED_EDGE('',*,*,#4800,.T.);
#4803=ORIENTED_EDGE('',*,*,#4802,.T.);
#4805=ORIENTED_EDGE('',*,*,#4804,.F.);
#4806=ORIENTED_EDGE('',*,*,#3336,.T.);
#4808=ORIENTED_EDGE('',*,*,#4807,.F.);
#4810=ORIENTED_EDGE('',*,*,#4809,.T.);
#4812=ORIENTED_EDGE('',*,*,#4811,.T.);
#4814=ORIENTED_EDGE('',*,*,#4813,.T.);
#4816=ORIENTED_EDGE('',*,*,#4815,.T.);
#4818=ORIENTED_EDGE('',*,*,#4817,.T.);
#4820=ORIENTED_EDGE('',*,*,#4819,.T.);
#4822=ORIENTED_EDGE('',*,*,#4821,.T.);
#4824=ORIENTED_EDGE('',*,*,#4823,.T.);
#4825=EDGE_LOOP('',(#4798,#4799,#4801,#4803,#4805,#4806,#4808,#4810,#4812,#4814,
#4816,#4818,#4820,#4822,#4824));
#4826=FACE_OUTER_BOUND('',#4825,.F.);
#4827=ADVANCED_FACE('',(#4826),#4797,.F.);
#4828=CARTESIAN_POINT('',(2.93372E1,-4.45252E1,-7.112E-1));
#4829=DIRECTION('',(1.E0,0.E0,0.E0));
#4830=DIRECTION('',(0.E0,0.E0,-1.E0));
#4831=AXIS2_PLACEMENT_3D('',#4828,#4829,#4830);
#4832=CYLINDRICAL_SURFACE('',#4831,3.048E-1);
#4833=ORIENTED_EDGE('',*,*,#3376,.T.);
#4835=ORIENTED_EDGE('',*,*,#4834,.T.);
#4837=ORIENTED_EDGE('',*,*,#4836,.F.);
#4838=ORIENTED_EDGE('',*,*,#4800,.F.);
#4839=EDGE_LOOP('',(#4833,#4835,#4837,#4838));
#4840=FACE_OUTER_BOUND('',#4839,.F.);
#4841=ADVANCED_FACE('',(#4840),#4832,.F.);
#4842=CARTESIAN_POINT('',(2.99468E1,-6.4855E1,0.E0));
#4843=DIRECTION('',(1.E0,0.E0,0.E0));
#4844=DIRECTION('',(0.E0,0.E0,-1.E0));
#4845=AXIS2_PLACEMENT_3D('',#4842,#4843,#4844);
#4846=PLANE('',#4845);
#4847=ORIENTED_EDGE('',*,*,#3707,.T.);
#4849=ORIENTED_EDGE('',*,*,#4848,.F.);
#4851=ORIENTED_EDGE('',*,*,#4850,.F.);
#4853=ORIENTED_EDGE('',*,*,#4852,.F.);
#4855=ORIENTED_EDGE('',*,*,#4854,.F.);
#4857=ORIENTED_EDGE('',*,*,#4856,.F.);
#4859=ORIENTED_EDGE('',*,*,#4858,.F.);
#4861=ORIENTED_EDGE('',*,*,#4860,.F.);
#4863=ORIENTED_EDGE('',*,*,#4862,.F.);
#4865=ORIENTED_EDGE('',*,*,#4864,.F.);
#4866=ORIENTED_EDGE('',*,*,#3332,.T.);
#4868=ORIENTED_EDGE('',*,*,#4867,.F.);
#4870=ORIENTED_EDGE('',*,*,#4869,.F.);
#4871=ORIENTED_EDGE('',*,*,#4834,.F.);
#4872=ORIENTED_EDGE('',*,*,#3374,.F.);
#4873=EDGE_LOOP('',(#4847,#4849,#4851,#4853,#4855,#4857,#4859,#4861,#4863,#4865,
#4866,#4868,#4870,#4871,#4872));
#4874=FACE_OUTER_BOUND('',#4873,.F.);
#4875=ADVANCED_FACE('',(#4874),#4846,.T.);
#4876=CARTESIAN_POINT('',(2.93372E1,-4.3687E1,-1.295E0));
#4877=DIRECTION('',(1.E0,0.E0,0.E0));
#4878=DIRECTION('',(0.E0,0.E0,-1.E0));
#4879=AXIS2_PLACEMENT_3D('',#4876,#4877,#4878);
#4880=CYLINDRICAL_SURFACE('',#4879,3.81E-1);
#4881=ORIENTED_EDGE('',*,*,#3705,.F.);
#4882=ORIENTED_EDGE('',*,*,#4823,.F.);
#4884=ORIENTED_EDGE('',*,*,#4883,.T.);
#4885=ORIENTED_EDGE('',*,*,#4848,.T.);
#4886=EDGE_LOOP('',(#4881,#4882,#4884,#4885));
#4887=FACE_OUTER_BOUND('',#4886,.F.);
#4888=ADVANCED_FACE('',(#4887),#4880,.T.);
#4889=CARTESIAN_POINT('',(2.93372E1,-4.2925E1,-1.666169377225E0));
#4890=DIRECTION('',(0.E0,7.952921829518E-1,6.062263139585E-1));
#4891=DIRECTION('',(0.E0,-6.062263139585E-1,7.952921829518E-1));
#4892=AXIS2_PLACEMENT_3D('',#4889,#4890,#4891);
#4893=PLANE('',#4892);
#4894=ORIENTED_EDGE('',*,*,#4821,.F.);
#4896=ORIENTED_EDGE('',*,*,#4895,.T.);
#4897=ORIENTED_EDGE('',*,*,#4850,.T.);
#4898=ORIENTED_EDGE('',*,*,#4883,.F.);
#4899=EDGE_LOOP('',(#4894,#4896,#4897,#4898));
#4900=FACE_OUTER_BOUND('',#4899,.F.);
#4901=ADVANCED_FACE('',(#4900),#4893,.T.);
#4902=CARTESIAN_POINT('',(2.93372E1,-4.312700421447E1,-1.820150860970E0));
#4903=DIRECTION('',(0.E0,6.062263139585E-1,-7.952921829518E-1));
#4904=DIRECTION('',(0.E0,7.952921829518E-1,6.062263139585E-1));
#4905=AXIS2_PLACEMENT_3D('',#4902,#4903,#4904);
#4906=PLANE('',#4905);
#4907=ORIENTED_EDGE('',*,*,#4819,.F.);
#4909=ORIENTED_EDGE('',*,*,#4908,.T.);
#4910=ORIENTED_EDGE('',*,*,#4852,.T.);
#4911=ORIENTED_EDGE('',*,*,#4895,.F.);
#4912=EDGE_LOOP('',(#4907,#4909,#4910,#4911));
#4913=FACE_OUTER_BOUND('',#4912,.F.);
#4914=ADVANCED_FACE('',(#4913),#4906,.T.);
#4915=CARTESIAN_POINT('',(2.93372E1,-4.358599789277E1,-1.218009258127E0));
#4916=DIRECTION('',(0.E0,-7.952921829518E-1,-6.062263139585E-1));
#4917=DIRECTION('',(0.E0,6.062263139585E-1,-7.952921829518E-1));
#4918=AXIS2_PLACEMENT_3D('',#4915,#4916,#4917);
#4919=PLANE('',#4918);
#4920=ORIENTED_EDGE('',*,*,#4817,.F.);
#4922=ORIENTED_EDGE('',*,*,#4921,.T.);
#4923=ORIENTED_EDGE('',*,*,#4854,.T.);
#4924=ORIENTED_EDGE('',*,*,#4908,.F.);
#4925=EDGE_LOOP('',(#4920,#4922,#4923,#4924));
#4926=FACE_OUTER_BOUND('',#4925,.F.);
#4927=ADVANCED_FACE('',(#4926),#4919,.T.);
#4928=CARTESIAN_POINT('',(2.93372E1,-4.3687E1,-1.295E0));
#4929=DIRECTION('',(1.E0,0.E0,0.E0));
#4930=DIRECTION('',(0.E0,0.E0,-1.E0));
#4931=AXIS2_PLACEMENT_3D('',#4928,#4929,#4930);
#4932=CYLINDRICAL_SURFACE('',#4931,1.27E-1);
#4933=ORIENTED_EDGE('',*,*,#4815,.F.);
#4935=ORIENTED_EDGE('',*,*,#4934,.T.);
#4936=ORIENTED_EDGE('',*,*,#4856,.T.);
#4937=ORIENTED_EDGE('',*,*,#4921,.F.);
#4938=EDGE_LOOP('',(#4933,#4935,#4936,#4937));
#4939=FACE_OUTER_BOUND('',#4938,.F.);
#4940=ADVANCED_FACE('',(#4939),#4932,.F.);
#4941=CARTESIAN_POINT('',(2.93372E1,-4.445403050732E1,-1.265449351205E0));
#4942=DIRECTION('',(0.E0,1.273612968548E-1,-9.918563908467E-1));
#4943=DIRECTION('',(0.E0,9.918563908467E-1,1.273612968548E-1));
#4944=AXIS2_PLACEMENT_3D('',#4941,#4942,#4943);
#4945=PLANE('',#4944);
#4946=ORIENTED_EDGE('',*,*,#4813,.F.);
#4948=ORIENTED_EDGE('',*,*,#4947,.T.);
#4949=ORIENTED_EDGE('',*,*,#4858,.T.);
#4950=ORIENTED_EDGE('',*,*,#4934,.F.);
#4951=EDGE_LOOP('',(#4946,#4948,#4949,#4950));
#4952=FACE_OUTER_BOUND('',#4951,.F.);
#4953=ADVANCED_FACE('',(#4952),#4945,.T.);
#4954=CARTESIAN_POINT('',(2.93372E1,-4.45252E1,-7.112E-1));
#4955=DIRECTION('',(1.E0,0.E0,0.E0));
#4956=DIRECTION('',(0.E0,0.E0,-1.E0));
#4957=AXIS2_PLACEMENT_3D('',#4954,#4955,#4956);
#4958=CYLINDRICAL_SURFACE('',#4957,5.588E-1);
#4959=ORIENTED_EDGE('',*,*,#4811,.F.);
#4961=ORIENTED_EDGE('',*,*,#4960,.T.);
#4962=ORIENTED_EDGE('',*,*,#4860,.T.);
#4963=ORIENTED_EDGE('',*,*,#4947,.F.);
#4964=EDGE_LOOP('',(#4959,#4961,#4962,#4963));
#4965=FACE_OUTER_BOUND('',#4964,.F.);
#4966=ADVANCED_FACE('',(#4965),#4958,.T.);
#4967=CARTESIAN_POINT('',(2.93372E1,-4.5084E1,2.5E-1));
#4968=DIRECTION('',(0.E0,-1.E0,0.E0));
#4969=DIRECTION('',(0.E0,0.E0,-1.E0));
#4970=AXIS2_PLACEMENT_3D('',#4967,#4968,#4969);
#4971=PLANE('',#4970);
#4973=ORIENTED_EDGE('',*,*,#4972,.F.);
#4974=ORIENTED_EDGE('',*,*,#4862,.T.);
#4975=ORIENTED_EDGE('',*,*,#4960,.F.);
#4976=ORIENTED_EDGE('',*,*,#4809,.F.);
#4977=EDGE_LOOP('',(#4973,#4974,#4975,#4976));
#4978=FACE_OUTER_BOUND('',#4977,.F.);
#4979=ADVANCED_FACE('',(#4978),#4971,.T.);
#4980=CARTESIAN_POINT('',(3.465919847407E1,-4.5338E1,-2.54E-1));
#4981=DIRECTION('',(-1.E0,0.E0,0.E0));
#4982=DIRECTION('',(0.E0,0.E0,1.E0));
#4983=AXIS2_PLACEMENT_3D('',#4980,#4981,#4982);
#4984=CYLINDRICAL_SURFACE('',#4983,2.54E-1);
#4985=ORIENTED_EDGE('',*,*,#3334,.F.);
#4986=ORIENTED_EDGE('',*,*,#4864,.T.);
#4987=ORIENTED_EDGE('',*,*,#4972,.T.);
#4988=ORIENTED_EDGE('',*,*,#4807,.T.);
#4989=EDGE_LOOP('',(#4985,#4986,#4987,#4988));
#4990=FACE_OUTER_BOUND('',#4989,.F.);
#4991=ADVANCED_FACE('',(#4990),#4984,.F.);
#4992=CARTESIAN_POINT('',(3.465919847407E1,-4.5084E1,-4.E-3));
#4993=DIRECTION('',(-1.E0,0.E0,0.E0));
#4994=DIRECTION('',(0.E0,0.E0,1.E0));
#4995=AXIS2_PLACEMENT_3D('',#4992,#4993,#4994);
#4996=CYLINDRICAL_SURFACE('',#4995,2.54E-1);
#4998=ORIENTED_EDGE('',*,*,#4997,.F.);
#4999=ORIENTED_EDGE('',*,*,#4867,.T.);
#5001=ORIENTED_EDGE('',*,*,#5000,.T.);
#5003=ORIENTED_EDGE('',*,*,#5002,.T.);
#5005=ORIENTED_EDGE('',*,*,#5004,.T.);
#5006=ORIENTED_EDGE('',*,*,#4804,.T.);
#5007=EDGE_LOOP('',(#4998,#4999,#5001,#5003,#5005,#5006));
#5008=FACE_OUTER_BOUND('',#5007,.F.);
#5009=ADVANCED_FACE('',(#5008),#4996,.T.);
#5010=CARTESIAN_POINT('',(2.93372E1,-4.483E1,2.5E-1));
#5011=DIRECTION('',(0.E0,-1.E0,0.E0));
#5012=DIRECTION('',(1.E0,0.E0,0.E0));
#5013=AXIS2_PLACEMENT_3D('',#5010,#5011,#5012);
#5014=PLANE('',#5013);
#5015=ORIENTED_EDGE('',*,*,#4997,.T.);
#5016=ORIENTED_EDGE('',*,*,#4802,.F.);
#5017=ORIENTED_EDGE('',*,*,#4836,.T.);
#5018=ORIENTED_EDGE('',*,*,#4869,.T.);
#5019=EDGE_LOOP('',(#5015,#5016,#5017,#5018));
#5020=FACE_OUTER_BOUND('',#5019,.F.);
#5021=ADVANCED_FACE('',(#5020),#5014,.F.);
#5022=CARTESIAN_POINT('',(2.99468E1,-4.483E1,2.5E-1));
#5023=DIRECTION('',(1.E0,0.E0,0.E0));
#5024=DIRECTION('',(0.E0,1.E0,0.E0));
#5025=AXIS2_PLACEMENT_3D('',#5022,#5023,#5024);
#5026=PLANE('',#5025);
#5027=ORIENTED_EDGE('',*,*,#3202,.T.);
#5029=ORIENTED_EDGE('',*,*,#5028,.T.);
#5031=ORIENTED_EDGE('',*,*,#5030,.T.);
#5032=ORIENTED_EDGE('',*,*,#5000,.F.);
#5033=ORIENTED_EDGE('',*,*,#3330,.F.);
#5034=EDGE_LOOP('',(#5027,#5029,#5031,#5032,#5033));
#5035=FACE_OUTER_BOUND('',#5034,.F.);
#5036=ADVANCED_FACE('',(#5035),#5026,.F.);
#5037=CARTESIAN_POINT('',(3.0277E1,-4.2925E1,0.E0));
#5038=DIRECTION('',(0.E0,1.E0,0.E0));
#5039=DIRECTION('',(-1.E0,0.E0,0.E0));
#5040=AXIS2_PLACEMENT_3D('',#5037,#5038,#5039);
#5041=PLANE('',#5040);
#5042=ORIENTED_EDGE('',*,*,#3200,.F.);
#5043=ORIENTED_EDGE('',*,*,#3303,.T.);
#5045=ORIENTED_EDGE('',*,*,#5044,.T.);
#5046=ORIENTED_EDGE('',*,*,#5028,.F.);
#5047=EDGE_LOOP('',(#5042,#5043,#5045,#5046));
#5048=FACE_OUTER_BOUND('',#5047,.F.);
#5049=ADVANCED_FACE('',(#5048),#5041,.T.);
#5050=CARTESIAN_POINT('',(2.7102E1,-6.4855E1,2.5E-1));
#5051=DIRECTION('',(0.E0,0.E0,1.E0));
#5052=DIRECTION('',(1.E0,0.E0,0.E0));
#5053=AXIS2_PLACEMENT_3D('',#5050,#5051,#5052);
#5054=PLANE('',#5053);
#5056=ORIENTED_EDGE('',*,*,#5055,.F.);
#5058=ORIENTED_EDGE('',*,*,#5057,.F.);
#5060=ORIENTED_EDGE('',*,*,#5059,.F.);
#5062=ORIENTED_EDGE('',*,*,#5061,.F.);
#5064=ORIENTED_EDGE('',*,*,#5063,.F.);
#5066=ORIENTED_EDGE('',*,*,#5065,.F.);
#5067=ORIENTED_EDGE('',*,*,#5002,.F.);
#5068=ORIENTED_EDGE('',*,*,#5030,.F.);
#5069=ORIENTED_EDGE('',*,*,#5044,.F.);
#5070=ORIENTED_EDGE('',*,*,#3301,.F.);
#5072=ORIENTED_EDGE('',*,*,#5071,.F.);
#5074=ORIENTED_EDGE('',*,*,#5073,.F.);
#5075=EDGE_LOOP('',(#5056,#5058,#5060,#5062,#5064,#5066,#5067,#5068,#5069,#5070,
#5072,#5074));
#5076=FACE_OUTER_BOUND('',#5075,.F.);
#5077=ADVANCED_FACE('',(#5076),#5054,.T.);
#5078=CARTESIAN_POINT('',(3.103E1,-5.9777E1,-2.875E0));
#5079=DIRECTION('',(0.E0,1.E0,0.E0));
#5080=DIRECTION('',(-1.E0,0.E0,0.E0));
#5081=AXIS2_PLACEMENT_3D('',#5078,#5079,#5080);
#5082=PLANE('',#5081);
#5083=ORIENTED_EDGE('',*,*,#3321,.F.);
#5085=ORIENTED_EDGE('',*,*,#5084,.T.);
#5086=ORIENTED_EDGE('',*,*,#5055,.T.);
#5088=ORIENTED_EDGE('',*,*,#5087,.F.);
#5089=EDGE_LOOP('',(#5083,#5085,#5086,#5088));
#5090=FACE_OUTER_BOUND('',#5089,.F.);
#5091=ADVANCED_FACE('',(#5090),#5082,.F.);
#5092=CARTESIAN_POINT('',(2.9387E1,-4.5845E1,0.E0));
#5093=DIRECTION('',(-1.E0,0.E0,0.E0));
#5094=DIRECTION('',(0.E0,-1.E0,0.E0));
#5095=AXIS2_PLACEMENT_3D('',#5092,#5093,#5094);
#5096=PLANE('',#5095);
#5097=ORIENTED_EDGE('',*,*,#5084,.F.);
#5098=ORIENTED_EDGE('',*,*,#3319,.F.);
#5100=ORIENTED_EDGE('',*,*,#5099,.T.);
#5101=ORIENTED_EDGE('',*,*,#5057,.T.);
#5102=EDGE_LOOP('',(#5097,#5098,#5100,#5101));
#5103=FACE_OUTER_BOUND('',#5102,.F.);
#5104=ADVANCED_FACE('',(#5103),#5096,.T.);
#5105=CARTESIAN_POINT('',(2.9007E1,-4.5465E1,0.E0));
#5106=DIRECTION('',(-7.071067811866E-1,-7.071067811865E-1,0.E0));
#5107=DIRECTION('',(7.071067811865E-1,-7.071067811866E-1,0.E0));
#5108=AXIS2_PLACEMENT_3D('',#5105,#5106,#5107);
#5109=PLANE('',#5108);
#5110=ORIENTED_EDGE('',*,*,#3317,.F.);
#5112=ORIENTED_EDGE('',*,*,#5111,.T.);
#5113=ORIENTED_EDGE('',*,*,#5059,.T.);
#5114=ORIENTED_EDGE('',*,*,#5099,.F.);
#5115=EDGE_LOOP('',(#5110,#5112,#5113,#5114));
#5116=FACE_OUTER_BOUND('',#5115,.F.);
#5117=ADVANCED_FACE('',(#5116),#5109,.T.);
#5118=CARTESIAN_POINT('',(2.9007E1,-4.2925E1,0.E0));
#5119=DIRECTION('',(-1.E0,0.E0,0.E0));
#5120=DIRECTION('',(0.E0,-1.E0,0.E0));
#5121=AXIS2_PLACEMENT_3D('',#5118,#5119,#5120);
#5122=PLANE('',#5121);
#5123=ORIENTED_EDGE('',*,*,#3210,.T.);
#5125=ORIENTED_EDGE('',*,*,#5124,.T.);
#5126=ORIENTED_EDGE('',*,*,#5061,.T.);
#5127=ORIENTED_EDGE('',*,*,#5111,.F.);
#5128=ORIENTED_EDGE('',*,*,#3315,.F.);
#5129=EDGE_LOOP('',(#5123,#5125,#5126,#5127,#5128));
#5130=FACE_OUTER_BOUND('',#5129,.F.);
#5131=ADVANCED_FACE('',(#5130),#5122,.T.);
#5132=CARTESIAN_POINT('',(3.0277E1,-4.2925E1,0.E0));
#5133=DIRECTION('',(0.E0,1.E0,0.E0));
#5134=DIRECTION('',(-1.E0,0.E0,0.E0));
#5135=AXIS2_PLACEMENT_3D('',#5132,#5133,#5134);
#5136=PLANE('',#5135);
#5137=ORIENTED_EDGE('',*,*,#3208,.F.);
#5139=ORIENTED_EDGE('',*,*,#5138,.T.);
#5140=ORIENTED_EDGE('',*,*,#5063,.T.);
#5141=ORIENTED_EDGE('',*,*,#5124,.F.);
#5142=EDGE_LOOP('',(#5137,#5139,#5140,#5141));
#5143=FACE_OUTER_BOUND('',#5142,.F.);
#5144=ADVANCED_FACE('',(#5143),#5136,.T.);
#5145=CARTESIAN_POINT('',(2.93372E1,-4.2925E1,2.5E-1));
#5146=DIRECTION('',(-1.E0,0.E0,0.E0));
#5147=DIRECTION('',(0.E0,-1.E0,0.E0));
#5148=AXIS2_PLACEMENT_3D('',#5145,#5146,#5147);
#5149=PLANE('',#5148);
#5150=ORIENTED_EDGE('',*,*,#3206,.F.);
#5151=ORIENTED_EDGE('',*,*,#3338,.T.);
#5152=ORIENTED_EDGE('',*,*,#5004,.F.);
#5153=ORIENTED_EDGE('',*,*,#5065,.T.);
#5154=ORIENTED_EDGE('',*,*,#5138,.F.);
#5155=EDGE_LOOP('',(#5150,#5151,#5152,#5153,#5154));
#5156=FACE_OUTER_BOUND('',#5155,.F.);
#5157=ADVANCED_FACE('',(#5156),#5149,.F.);
#5158=CARTESIAN_POINT('',(2.9897E1,-6.2315E1,0.E0));
#5159=DIRECTION('',(1.E0,0.E0,0.E0));
#5160=DIRECTION('',(0.E0,1.E0,0.E0));
#5161=AXIS2_PLACEMENT_3D('',#5158,#5159,#5160);
#5162=PLANE('',#5161);
#5163=ORIENTED_EDGE('',*,*,#5087,.T.);
#5164=ORIENTED_EDGE('',*,*,#5073,.T.);
#5166=ORIENTED_EDGE('',*,*,#5165,.F.);
#5167=ORIENTED_EDGE('',*,*,#3323,.F.);
#5168=EDGE_LOOP('',(#5163,#5164,#5166,#5167));
#5169=FACE_OUTER_BOUND('',#5168,.F.);
#5170=ADVANCED_FACE('',(#5169),#5162,.T.);
#5171=CARTESIAN_POINT('',(2.9897E1,-4.5845E1,0.E0));
#5172=DIRECTION('',(7.071067811866E-1,-7.071067811865E-1,0.E0));
#5173=DIRECTION('',(7.071067811865E-1,7.071067811866E-1,0.E0));
#5174=AXIS2_PLACEMENT_3D('',#5171,#5172,#5173);
#5175=PLANE('',#5174);
#5176=ORIENTED_EDGE('',*,*,#3325,.F.);
#5177=ORIENTED_EDGE('',*,*,#5165,.T.);
#5178=ORIENTED_EDGE('',*,*,#5071,.T.);
#5179=ORIENTED_EDGE('',*,*,#3299,.F.);
#5180=EDGE_LOOP('',(#5176,#5177,#5178,#5179));
#5181=FACE_OUTER_BOUND('',#5180,.F.);
#5182=ADVANCED_FACE('',(#5181),#5175,.T.);
#5183=CARTESIAN_POINT('',(3.07848E1,-3.4671E1,0.E0));
#5184=DIRECTION('',(-1.E0,0.E0,0.E0));
#5185=DIRECTION('',(0.E0,-1.E0,0.E0));
#5186=AXIS2_PLACEMENT_3D('',#5183,#5184,#5185);
#5187=PLANE('',#5186);
#5188=ORIENTED_EDGE('',*,*,#3266,.F.);
#5190=ORIENTED_EDGE('',*,*,#5189,.T.);
#5191=ORIENTED_EDGE('',*,*,#3710,.T.);
#5192=ORIENTED_EDGE('',*,*,#3370,.F.);
#5193=EDGE_LOOP('',(#5188,#5190,#5191,#5192));
#5194=FACE_OUTER_BOUND('',#5193,.F.);
#5195=ADVANCED_FACE('',(#5194),#5187,.F.);
#5196=CARTESIAN_POINT('',(2.08788E1,-3.4671E1,0.E0));
#5197=DIRECTION('',(0.E0,-1.E0,0.E0));
#5198=DIRECTION('',(1.E0,0.E0,0.E0));
#5199=AXIS2_PLACEMENT_3D('',#5196,#5197,#5198);
#5200=PLANE('',#5199);
#5201=ORIENTED_EDGE('',*,*,#3264,.F.);
#5203=ORIENTED_EDGE('',*,*,#5202,.T.);
#5204=ORIENTED_EDGE('',*,*,#3712,.T.);
#5205=ORIENTED_EDGE('',*,*,#5189,.F.);
#5206=EDGE_LOOP('',(#5201,#5203,#5204,#5205));
#5207=FACE_OUTER_BOUND('',#5206,.F.);
#5208=ADVANCED_FACE('',(#5207),#5200,.F.);
#5209=CARTESIAN_POINT('',(2.08788E1,-4.4577E1,0.E0));
#5210=DIRECTION('',(1.E0,0.E0,0.E0));
#5211=DIRECTION('',(0.E0,1.E0,0.E0));
#5212=AXIS2_PLACEMENT_3D('',#5209,#5210,#5211);
#5213=PLANE('',#5212);
#5214=ORIENTED_EDGE('',*,*,#3262,.F.);
#5215=ORIENTED_EDGE('',*,*,#3406,.T.);
#5216=ORIENTED_EDGE('',*,*,#3714,.T.);
#5217=ORIENTED_EDGE('',*,*,#5202,.F.);
#5218=EDGE_LOOP('',(#5214,#5215,#5216,#5217));
#5219=FACE_OUTER_BOUND('',#5218,.F.);
#5220=ADVANCED_FACE('',(#5219),#5213,.F.);
#5221=CARTESIAN_POINT('',(3.119458507735E1,-4.19109E1,-1.05E0));
#5222=DIRECTION('',(0.E0,-9.999862922474E-1,5.235963831420E-3));
#5223=DIRECTION('',(-1.E0,0.E0,0.E0));
#5224=AXIS2_PLACEMENT_3D('',#5221,#5222,#5223);
#5225=PLANE('',#5224);
#5226=ORIENTED_EDGE('',*,*,#3719,.F.);
#5228=ORIENTED_EDGE('',*,*,#5227,.F.);
#5230=ORIENTED_EDGE('',*,*,#5229,.T.);
#5232=ORIENTED_EDGE('',*,*,#5231,.T.);
#5233=EDGE_LOOP('',(#5226,#5228,#5230,#5232));
#5234=FACE_OUTER_BOUND('',#5233,.F.);
#5235=ADVANCED_FACE('',(#5234),#5225,.T.);
#5236=CARTESIAN_POINT('',(3.001435986335E1,-4.191091235094E1,
-1.069341377082E0));
#5237=CARTESIAN_POINT('',(3.001436210155E1,-4.191079331783E1,
-1.046603973887E0));
#5238=CARTESIAN_POINT('',(3.001436433975E1,-4.191067428472E1,
-1.023866570692E0));
#5239=CARTESIAN_POINT('',(3.001436657795E1,-4.191055525161E1,
-1.001129167497E0));
#5240=CARTESIAN_POINT('',(3.001751164366E1,-4.191097165230E1,
-1.069341377082E0));
#5241=CARTESIAN_POINT('',(3.001751313504E1,-4.191085260536E1,
-1.046603973887E0));
#5242=CARTESIAN_POINT('',(3.001751462642E1,-4.191073355842E1,
-1.023866570692E0));
#5243=CARTESIAN_POINT('',(3.001751611779E1,-4.191061451147E1,
-1.001129167497E0));
#5244=CARTESIAN_POINT('',(3.005857990045E1,-4.191135740876E1,
-1.069341377082E0));
#5245=CARTESIAN_POINT('',(3.005857167520E1,-4.191123827182E1,
-1.046603973887E0));
#5246=CARTESIAN_POINT('',(3.005856344995E1,-4.191111913487E1,
-1.023866570692E0));
#5247=CARTESIAN_POINT('',(3.005855522471E1,-4.191099999793E1,
-1.001129167497E0));
#5248=CARTESIAN_POINT('',(3.013787085354E1,-4.190243733815E1,
-1.069341377082E0));
#5249=CARTESIAN_POINT('',(3.013784419634E1,-4.190232028238E1,
-1.046603973887E0));
#5250=CARTESIAN_POINT('',(3.013781753913E1,-4.190220322661E1,
-1.023866570692E0));
#5251=CARTESIAN_POINT('',(3.013779088192E1,-4.190208617084E1,
-1.001129167497E0));
#5252=CARTESIAN_POINT('',(3.024612015318E1,-4.186454385568E1,
-1.069341377082E0));
#5253=CARTESIAN_POINT('',(3.024606803421E1,-4.186443569732E1,
-1.046603973887E0));
#5254=CARTESIAN_POINT('',(3.024601591524E1,-4.186432753895E1,
-1.023866570692E0));
#5255=CARTESIAN_POINT('',(3.024596379627E1,-4.186421938059E1,
-1.001129167497E0));
#5256=CARTESIAN_POINT('',(3.034327884072E1,-4.180350239061E1,
-1.069341377082E0));
#5257=CARTESIAN_POINT('',(3.034320400073E1,-4.180340851618E1,
-1.046603973887E0));
#5258=CARTESIAN_POINT('',(3.034312916074E1,-4.180331464175E1,
-1.023866570692E0));
#5259=CARTESIAN_POINT('',(3.034305432075E1,-4.180322076732E1,
-1.001129167497E0));
#5260=CARTESIAN_POINT('',(3.042440240371E1,-4.172237882382E1,
-1.069341377082E0));
#5261=CARTESIAN_POINT('',(3.042430852928E1,-4.172230398383E1,
-1.046603973887E0));
#5262=CARTESIAN_POINT('',(3.042421465485E1,-4.172222914385E1,
-1.023866570692E0));
#5263=CARTESIAN_POINT('',(3.042412078042E1,-4.172215430386E1,
-1.001129167497E0));
#5264=CARTESIAN_POINT('',(3.048544386167E1,-4.162522013915E1,
-1.069341377082E0));
#5265=CARTESIAN_POINT('',(3.048533570330E1,-4.162516802018E1,
-1.046603973887E0));
#5266=CARTESIAN_POINT('',(3.048522754494E1,-4.162511590122E1,
-1.023866570692E0));
#5267=CARTESIAN_POINT('',(3.048511938658E1,-4.162506378225E1,
-1.001129167497E0));
#5268=CARTESIAN_POINT('',(3.052333733917E1,-4.151697084638E1,
-1.069341377082E0));
#5269=CARTESIAN_POINT('',(3.052322028340E1,-4.151694418917E1,
-1.046603973887E0));
#5270=CARTESIAN_POINT('',(3.052310322763E1,-4.151691753197E1,
-1.023866570692E0));
#5271=CARTESIAN_POINT('',(3.052298617186E1,-4.151689087476E1,
-1.001129167497E0));
#5272=CARTESIAN_POINT('',(3.053225719472E1,-4.143768180109E1,
-1.069341377082E0));
#5273=CARTESIAN_POINT('',(3.053213805782E1,-4.143767357540E1,
-1.046603973887E0));
#5274=CARTESIAN_POINT('',(3.053201892093E1,-4.143766534971E1,
-1.023866570692E0));
#5275=CARTESIAN_POINT('',(3.053189978403E1,-4.143765712402E1,
-1.001129167497E0));
#5276=CARTESIAN_POINT('',(3.053187168789E1,-4.139661543380E1,
-1.069341377082E0));
#5277=CARTESIAN_POINT('',(3.053175264094E1,-4.139661692428E1,
-1.046603973887E0));
#5278=CARTESIAN_POINT('',(3.053163359399E1,-4.139661841476E1,
-1.023866570692E0));
#5279=CARTESIAN_POINT('',(3.053151454704E1,-4.139661990524E1,
-1.001129167497E0));
#5280=CARTESIAN_POINT('',(3.053181245782E1,-4.139346554568E1,
-1.069341377082E0));
#5281=CARTESIAN_POINT('',(3.053169342469E1,-4.139346778253E1,
-1.046603973887E0));
#5282=CARTESIAN_POINT('',(3.053157439155E1,-4.139347001938E1,
-1.023866570692E0));
#5283=CARTESIAN_POINT('',(3.053145535841E1,-4.139347225624E1,
-1.001129167497E0));
#5284=B_SPLINE_SURFACE_WITH_KNOTS('',3,3,((#5236,#5237,#5238,#5239),(#5240,
#5241,#5242,#5243),(#5244,#5245,#5246,#5247),(#5248,#5249,#5250,#5251),(#5252,
#5253,#5254,#5255),(#5256,#5257,#5258,#5259),(#5260,#5261,#5262,#5263),(#5264,
#5265,#5266,#5267),(#5268,#5269,#5270,#5271),(#5272,#5273,#5274,#5275),(#5276,
#5277,#5278,#5279),(#5280,#5281,#5282,#5283)),.UNSPECIFIED.,.F.,.F.,.F.,(4,1,1,
1,1,1,1,1,1,4),(4,4),(-1.188182721690E-2,0.E0,1.428621487632E-1,
2.857195184538E-1,4.285735777036E-1,5.714264519631E-1,7.142805014436E-1,
8.571378581844E-1,1.E0,1.011874686662E0),(-1.758331110238E-2,4.442863856452E-2),
.UNSPECIFIED.);
#5285=ORIENTED_EDGE('',*,*,#3733,.F.);
#5287=ORIENTED_EDGE('',*,*,#5286,.F.);
#5289=ORIENTED_EDGE('',*,*,#5288,.F.);
#5290=ORIENTED_EDGE('',*,*,#5227,.T.);
#5291=EDGE_LOOP('',(#5285,#5287,#5289,#5290));
#5292=FACE_OUTER_BOUND('',#5291,.F.);
#5293=ADVANCED_FACE('',(#5292),#5284,.T.);
#5294=CARTESIAN_POINT('',(3.05318E1,-3.425811492265E1,-1.05E0));
#5295=DIRECTION('',(9.999862922474E-1,0.E0,5.235963831420E-3));
#5296=DIRECTION('',(0.E0,-1.E0,0.E0));
#5297=AXIS2_PLACEMENT_3D('',#5294,#5295,#5296);
#5298=PLANE('',#5297);
#5299=ORIENTED_EDGE('',*,*,#3731,.F.);
#5301=ORIENTED_EDGE('',*,*,#5300,.F.);
#5303=ORIENTED_EDGE('',*,*,#5302,.T.);
#5304=ORIENTED_EDGE('',*,*,#5286,.T.);
#5305=EDGE_LOOP('',(#5299,#5301,#5303,#5304));
#5306=FACE_OUTER_BOUND('',#5305,.F.);
#5307=ADVANCED_FACE('',(#5306),#5298,.T.);
#5308=CARTESIAN_POINT('',(3.053181235094E1,-3.543834013665E1,
-1.069341377082E0));
#5309=CARTESIAN_POINT('',(3.053169331783E1,-3.543833789845E1,
-1.046603973887E0));
#5310=CARTESIAN_POINT('',(3.053157428472E1,-3.543833566025E1,
-1.023866570692E0));
#5311=CARTESIAN_POINT('',(3.053145525161E1,-3.543833342205E1,
-1.001129167497E0));
#5312=CARTESIAN_POINT('',(3.053187165230E1,-3.543518835634E1,
-1.069341377082E0));
#5313=CARTESIAN_POINT('',(3.053175260536E1,-3.543518686496E1,
-1.046603973887E0));
#5314=CARTESIAN_POINT('',(3.053163355842E1,-3.543518537358E1,
-1.023866570692E0));
#5315=CARTESIAN_POINT('',(3.053151451147E1,-3.543518388221E1,
-1.001129167497E0));
#5316=CARTESIAN_POINT('',(3.053225740876E1,-3.539412009955E1,
-1.069341377082E0));
#5317=CARTESIAN_POINT('',(3.053213827182E1,-3.539412832480E1,
-1.046603973887E0));
#5318=CARTESIAN_POINT('',(3.053201913487E1,-3.539413655005E1,
-1.023866570692E0));
#5319=CARTESIAN_POINT('',(3.053189999793E1,-3.539414477529E1,
-1.001129167497E0));
#5320=CARTESIAN_POINT('',(3.052333733815E1,-3.531482914646E1,
-1.069341377082E0));
#5321=CARTESIAN_POINT('',(3.052322028238E1,-3.531485580366E1,
-1.046603973887E0));
#5322=CARTESIAN_POINT('',(3.052310322661E1,-3.531488246087E1,
-1.023866570692E0));
#5323=CARTESIAN_POINT('',(3.052298617084E1,-3.531490911808E1,
-1.001129167497E0));
#5324=CARTESIAN_POINT('',(3.048544385568E1,-3.520657984682E1,
-1.069341377082E0));
#5325=CARTESIAN_POINT('',(3.048533569732E1,-3.520663196579E1,
-1.046603973887E0));
#5326=CARTESIAN_POINT('',(3.048522753895E1,-3.520668408476E1,
-1.023866570692E0));
#5327=CARTESIAN_POINT('',(3.048511938059E1,-3.520673620373E1,
-1.001129167497E0));
#5328=CARTESIAN_POINT('',(3.042440239061E1,-3.510942115928E1,
-1.069341377082E0));
#5329=CARTESIAN_POINT('',(3.042430851618E1,-3.510949599927E1,
-1.046603973887E0));
#5330=CARTESIAN_POINT('',(3.042421464175E1,-3.510957083926E1,
-1.023866570692E0));
#5331=CARTESIAN_POINT('',(3.042412076732E1,-3.510964567925E1,
-1.001129167497E0));
#5332=CARTESIAN_POINT('',(3.034327882382E1,-3.502829759629E1,
-1.069341377082E0));
#5333=CARTESIAN_POINT('',(3.034320398383E1,-3.502839147072E1,
-1.046603973887E0));
#5334=CARTESIAN_POINT('',(3.034312914385E1,-3.502848534515E1,
-1.023866570692E0));
#5335=CARTESIAN_POINT('',(3.034305430386E1,-3.502857921958E1,
-1.001129167497E0));
#5336=CARTESIAN_POINT('',(3.024612013915E1,-3.496725613833E1,
-1.069341377082E0));
#5337=CARTESIAN_POINT('',(3.024606802018E1,-3.496736429670E1,
-1.046603973887E0));
#5338=CARTESIAN_POINT('',(3.024601590122E1,-3.496747245506E1,
-1.023866570692E0));
#5339=CARTESIAN_POINT('',(3.024596378225E1,-3.496758061342E1,
-1.001129167497E0));
#5340=CARTESIAN_POINT('',(3.013787084638E1,-3.492936266083E1,
-1.069341377082E0));
#5341=CARTESIAN_POINT('',(3.013784418917E1,-3.492947971660E1,
-1.046603973887E0));
#5342=CARTESIAN_POINT('',(3.013781753197E1,-3.492959677237E1,
-1.023866570692E0));
#5343=CARTESIAN_POINT('',(3.013779087476E1,-3.492971382814E1,
-1.001129167497E0));
#5344=CARTESIAN_POINT('',(3.005858180109E1,-3.492044280528E1,
-1.069341377082E0));
#5345=CARTESIAN_POINT('',(3.005857357540E1,-3.492056194218E1,
-1.046603973887E0));
#5346=CARTESIAN_POINT('',(3.005856534971E1,-3.492068107907E1,
-1.023866570692E0));
#5347=CARTESIAN_POINT('',(3.005855712402E1,-3.492080021597E1,
-1.001129167497E0));
#5348=CARTESIAN_POINT('',(3.001751543380E1,-3.492082831211E1,
-1.069341377082E0));
#5349=CARTESIAN_POINT('',(3.001751692428E1,-3.492094735906E1,
-1.046603973887E0));
#5350=CARTESIAN_POINT('',(3.001751841476E1,-3.492106640601E1,
-1.023866570692E0));
#5351=CARTESIAN_POINT('',(3.001751990524E1,-3.492118545296E1,
-1.001129167497E0));
#5352=CARTESIAN_POINT('',(3.001436554568E1,-3.492088754218E1,
-1.069341377082E0));
#5353=CARTESIAN_POINT('',(3.001436778253E1,-3.492100657531E1,
-1.046603973887E0));
#5354=CARTESIAN_POINT('',(3.001437001938E1,-3.492112560845E1,
-1.023866570692E0));
#5355=CARTESIAN_POINT('',(3.001437225624E1,-3.492124464159E1,
-1.001129167497E0));
#5356=B_SPLINE_SURFACE_WITH_KNOTS('',3,3,((#5308,#5309,#5310,#5311),(#5312,
#5313,#5314,#5315),(#5316,#5317,#5318,#5319),(#5320,#5321,#5322,#5323),(#5324,
#5325,#5326,#5327),(#5328,#5329,#5330,#5331),(#5332,#5333,#5334,#5335),(#5336,
#5337,#5338,#5339),(#5340,#5341,#5342,#5343),(#5344,#5345,#5346,#5347),(#5348,
#5349,#5350,#5351),(#5352,#5353,#5354,#5355)),.UNSPECIFIED.,.F.,.F.,.F.,(4,1,1,
1,1,1,1,1,1,4),(4,4),(-1.188182721690E-2,0.E0,1.428621487632E-1,
2.857195184538E-1,4.285735777036E-1,5.714264519631E-1,7.142805014436E-1,
8.571378581844E-1,1.E0,1.011874686662E0),(-1.758331110224E-2,4.442863856452E-2),
.UNSPECIFIED.);
#5357=ORIENTED_EDGE('',*,*,#3729,.F.);
#5359=ORIENTED_EDGE('',*,*,#5358,.F.);
#5361=ORIENTED_EDGE('',*,*,#5360,.F.);
#5362=ORIENTED_EDGE('',*,*,#5300,.T.);
#5363=EDGE_LOOP('',(#5357,#5359,#5361,#5362));
#5364=FACE_OUTER_BOUND('',#5363,.F.);
#5365=ADVANCED_FACE('',(#5364),#5356,.T.);
#5366=CARTESIAN_POINT('',(2.046901492265E1,-3.49209E1,-1.05E0));
#5367=DIRECTION('',(0.E0,9.999862922474E-1,5.235963831420E-3));
#5368=DIRECTION('',(1.E0,0.E0,0.E0));
#5369=AXIS2_PLACEMENT_3D('',#5366,#5367,#5368);
#5370=PLANE('',#5369);
#5371=ORIENTED_EDGE('',*,*,#3727,.F.);
#5373=ORIENTED_EDGE('',*,*,#5372,.F.);
#5375=ORIENTED_EDGE('',*,*,#5374,.T.);
#5376=ORIENTED_EDGE('',*,*,#5358,.T.);
#5377=EDGE_LOOP('',(#5371,#5373,#5375,#5376));
#5378=FACE_OUTER_BOUND('',#5377,.F.);
#5379=ADVANCED_FACE('',(#5378),#5370,.T.);
#5380=CARTESIAN_POINT('',(2.164924013665E1,-3.492088764906E1,
-1.069341377082E0));
#5381=CARTESIAN_POINT('',(2.164923789845E1,-3.492100668217E1,
-1.046603973887E0));
#5382=CARTESIAN_POINT('',(2.164923566025E1,-3.492112571528E1,
-1.023866570692E0));
#5383=CARTESIAN_POINT('',(2.164923342205E1,-3.492124474839E1,
-1.001129167497E0));
#5384=CARTESIAN_POINT('',(2.164608835634E1,-3.492082834770E1,
-1.069341377082E0));
#5385=CARTESIAN_POINT('',(2.164608686496E1,-3.492094739464E1,
-1.046603973887E0));
#5386=CARTESIAN_POINT('',(2.164608537358E1,-3.492106644158E1,
-1.023866570692E0));
#5387=CARTESIAN_POINT('',(2.164608388221E1,-3.492118548853E1,
-1.001129167497E0));
#5388=CARTESIAN_POINT('',(2.160502009955E1,-3.492044259124E1,
-1.069341377082E0));
#5389=CARTESIAN_POINT('',(2.160502832480E1,-3.492056172818E1,
-1.046603973887E0));
#5390=CARTESIAN_POINT('',(2.160503655005E1,-3.492068086513E1,
-1.023866570692E0));
#5391=CARTESIAN_POINT('',(2.160504477529E1,-3.492080000207E1,
-1.001129167497E0));
#5392=CARTESIAN_POINT('',(2.152572914646E1,-3.492936266185E1,
-1.069341377082E0));
#5393=CARTESIAN_POINT('',(2.152575580366E1,-3.492947971762E1,
-1.046603973887E0));
#5394=CARTESIAN_POINT('',(2.152578246087E1,-3.492959677339E1,
-1.023866570692E0));
#5395=CARTESIAN_POINT('',(2.152580911808E1,-3.492971382916E1,
-1.001129167497E0));
#5396=CARTESIAN_POINT('',(2.141747984682E1,-3.496725614432E1,
-1.069341377082E0));
#5397=CARTESIAN_POINT('',(2.141753196579E1,-3.496736430268E1,
-1.046603973887E0));
#5398=CARTESIAN_POINT('',(2.141758408476E1,-3.496747246105E1,
-1.023866570692E0));
#5399=CARTESIAN_POINT('',(2.141763620373E1,-3.496758061941E1,
-1.001129167497E0));
#5400=CARTESIAN_POINT('',(2.132032115928E1,-3.502829760939E1,
-1.069341377082E0));
#5401=CARTESIAN_POINT('',(2.132039599927E1,-3.502839148382E1,
-1.046603973887E0));
#5402=CARTESIAN_POINT('',(2.132047083926E1,-3.502848535825E1,
-1.023866570692E0));
#5403=CARTESIAN_POINT('',(2.132054567925E1,-3.502857923268E1,
-1.001129167497E0));
#5404=CARTESIAN_POINT('',(2.123919759629E1,-3.510942117618E1,
-1.069341377082E0));
#5405=CARTESIAN_POINT('',(2.123929147072E1,-3.510949601617E1,
-1.046603973887E0));
#5406=CARTESIAN_POINT('',(2.123938534515E1,-3.510957085615E1,
-1.023866570692E0));
#5407=CARTESIAN_POINT('',(2.123947921958E1,-3.510964569614E1,
-1.001129167497E0));
#5408=CARTESIAN_POINT('',(2.117815613833E1,-3.520657986085E1,
-1.069341377082E0));
#5409=CARTESIAN_POINT('',(2.117826429670E1,-3.520663197982E1,
-1.046603973887E0));
#5410=CARTESIAN_POINT('',(2.117837245506E1,-3.520668409878E1,
-1.023866570692E0));
#5411=CARTESIAN_POINT('',(2.117848061342E1,-3.520673621775E1,
-1.001129167497E0));
#5412=CARTESIAN_POINT('',(2.114026266083E1,-3.531482915362E1,
-1.069341377082E0));
#5413=CARTESIAN_POINT('',(2.114037971660E1,-3.531485581083E1,
-1.046603973887E0));
#5414=CARTESIAN_POINT('',(2.114049677237E1,-3.531488246803E1,
-1.023866570692E0));
#5415=CARTESIAN_POINT('',(2.114061382814E1,-3.531490912524E1,
-1.001129167497E0));
#5416=CARTESIAN_POINT('',(2.113134280528E1,-3.539411819891E1,
-1.069341377082E0));
#5417=CARTESIAN_POINT('',(2.113146194218E1,-3.539412642460E1,
-1.046603973887E0));
#5418=CARTESIAN_POINT('',(2.113158107907E1,-3.539413465029E1,
-1.023866570692E0));
#5419=CARTESIAN_POINT('',(2.113170021597E1,-3.539414287598E1,
-1.001129167497E0));
#5420=CARTESIAN_POINT('',(2.113172831211E1,-3.543518456620E1,
-1.069341377082E0));
#5421=CARTESIAN_POINT('',(2.113184735906E1,-3.543518307572E1,
-1.046603973887E0));
#5422=CARTESIAN_POINT('',(2.113196640601E1,-3.543518158524E1,
-1.023866570692E0));
#5423=CARTESIAN_POINT('',(2.113208545296E1,-3.543518009476E1,
-1.001129167497E0));
#5424=CARTESIAN_POINT('',(2.113178754218E1,-3.543833445432E1,
-1.069341377082E0));
#5425=CARTESIAN_POINT('',(2.113190657531E1,-3.543833221747E1,
-1.046603973887E0));
#5426=CARTESIAN_POINT('',(2.113202560845E1,-3.543832998062E1,
-1.023866570692E0));
#5427=CARTESIAN_POINT('',(2.113214464159E1,-3.543832774376E1,
-1.001129167497E0));
#5428=B_SPLINE_SURFACE_WITH_KNOTS('',3,3,((#5380,#5381,#5382,#5383),(#5384,
#5385,#5386,#5387),(#5388,#5389,#5390,#5391),(#5392,#5393,#5394,#5395),(#5396,
#5397,#5398,#5399),(#5400,#5401,#5402,#5403),(#5404,#5405,#5406,#5407),(#5408,
#5409,#5410,#5411),(#5412,#5413,#5414,#5415),(#5416,#5417,#5418,#5419),(#5420,
#5421,#5422,#5423),(#5424,#5425,#5426,#5427)),.UNSPECIFIED.,.F.,.F.,.F.,(4,1,1,
1,1,1,1,1,1,4),(4,4),(-1.188182721690E-2,0.E0,1.428621487632E-1,
2.857195184538E-1,4.285735777036E-1,5.714264519631E-1,7.142805014436E-1,
8.571378581844E-1,1.E0,1.011874686662E0),(-1.758331110217E-2,4.442863856452E-2),
.UNSPECIFIED.);
#5429=ORIENTED_EDGE('',*,*,#3725,.F.);
#5431=ORIENTED_EDGE('',*,*,#5430,.F.);
#5433=ORIENTED_EDGE('',*,*,#5432,.F.);
#5434=ORIENTED_EDGE('',*,*,#5372,.T.);
#5435=EDGE_LOOP('',(#5429,#5431,#5433,#5434));
#5436=FACE_OUTER_BOUND('',#5435,.F.);
#5437=ADVANCED_FACE('',(#5436),#5428,.T.);
#5438=CARTESIAN_POINT('',(2.11318E1,-4.257368507735E1,-1.05E0));
#5439=DIRECTION('',(-9.999862922474E-1,0.E0,5.235963831420E-3));
#5440=DIRECTION('',(0.E0,1.E0,0.E0));
#5441=AXIS2_PLACEMENT_3D('',#5438,#5439,#5440);
#5442=PLANE('',#5441);
#5443=ORIENTED_EDGE('',*,*,#3723,.F.);
#5445=ORIENTED_EDGE('',*,*,#5444,.F.);
#5447=ORIENTED_EDGE('',*,*,#5446,.T.);
#5448=ORIENTED_EDGE('',*,*,#5430,.T.);
#5449=EDGE_LOOP('',(#5443,#5445,#5447,#5448));
#5450=FACE_OUTER_BOUND('',#5449,.F.);
#5451=ADVANCED_FACE('',(#5450),#5442,.T.);
#5452=CARTESIAN_POINT('',(2.113178764906E1,-4.139345986335E1,
-1.069341377082E0));
#5453=CARTESIAN_POINT('',(2.113190668217E1,-4.139346210155E1,
-1.046603973887E0));
#5454=CARTESIAN_POINT('',(2.113202571528E1,-4.139346433975E1,
-1.023866570692E0));
#5455=CARTESIAN_POINT('',(2.113214474839E1,-4.139346657795E1,
-1.001129167497E0));
#5456=CARTESIAN_POINT('',(2.113172834770E1,-4.139661164366E1,
-1.069341377082E0));
#5457=CARTESIAN_POINT('',(2.113184739464E1,-4.139661313504E1,
-1.046603973887E0));
#5458=CARTESIAN_POINT('',(2.113196644158E1,-4.139661462642E1,
-1.023866570692E0));
#5459=CARTESIAN_POINT('',(2.113208548853E1,-4.139661611779E1,
-1.001129167497E0));
#5460=CARTESIAN_POINT('',(2.113134259124E1,-4.143767990045E1,
-1.069341377082E0));
#5461=CARTESIAN_POINT('',(2.113146172818E1,-4.143767167520E1,
-1.046603973887E0));
#5462=CARTESIAN_POINT('',(2.113158086513E1,-4.143766344995E1,
-1.023866570692E0));
#5463=CARTESIAN_POINT('',(2.113170000207E1,-4.143765522471E1,
-1.001129167497E0));
#5464=CARTESIAN_POINT('',(2.114026266185E1,-4.151697085354E1,
-1.069341377082E0));
#5465=CARTESIAN_POINT('',(2.114037971762E1,-4.151694419634E1,
-1.046603973887E0));
#5466=CARTESIAN_POINT('',(2.114049677339E1,-4.151691753913E1,
-1.023866570692E0));
#5467=CARTESIAN_POINT('',(2.114061382916E1,-4.151689088192E1,
-1.001129167497E0));
#5468=CARTESIAN_POINT('',(2.117815614432E1,-4.162522015318E1,
-1.069341377082E0));
#5469=CARTESIAN_POINT('',(2.117826430268E1,-4.162516803421E1,
-1.046603973887E0));
#5470=CARTESIAN_POINT('',(2.117837246105E1,-4.162511591524E1,
-1.023866570692E0));
#5471=CARTESIAN_POINT('',(2.117848061941E1,-4.162506379627E1,
-1.001129167497E0));
#5472=CARTESIAN_POINT('',(2.123919760939E1,-4.172237884072E1,
-1.069341377082E0));
#5473=CARTESIAN_POINT('',(2.123929148382E1,-4.172230400073E1,
-1.046603973887E0));
#5474=CARTESIAN_POINT('',(2.123938535825E1,-4.172222916074E1,
-1.023866570692E0));
#5475=CARTESIAN_POINT('',(2.123947923268E1,-4.172215432075E1,
-1.001129167497E0));
#5476=CARTESIAN_POINT('',(2.132032117618E1,-4.180350240371E1,
-1.069341377082E0));
#5477=CARTESIAN_POINT('',(2.132039601617E1,-4.180340852928E1,
-1.046603973887E0));
#5478=CARTESIAN_POINT('',(2.132047085615E1,-4.180331465485E1,
-1.023866570692E0));
#5479=CARTESIAN_POINT('',(2.132054569614E1,-4.180322078042E1,
-1.001129167497E0));
#5480=CARTESIAN_POINT('',(2.141747986085E1,-4.186454386167E1,
-1.069341377082E0));
#5481=CARTESIAN_POINT('',(2.141753197982E1,-4.186443570330E1,
-1.046603973887E0));
#5482=CARTESIAN_POINT('',(2.141758409878E1,-4.186432754494E1,
-1.023866570692E0));
#5483=CARTESIAN_POINT('',(2.141763621775E1,-4.186421938658E1,
-1.001129167497E0));
#5484=CARTESIAN_POINT('',(2.152572915362E1,-4.190243733917E1,
-1.069341377082E0));
#5485=CARTESIAN_POINT('',(2.152575581083E1,-4.190232028340E1,
-1.046603973887E0));
#5486=CARTESIAN_POINT('',(2.152578246803E1,-4.190220322763E1,
-1.023866570692E0));
#5487=CARTESIAN_POINT('',(2.152580912524E1,-4.190208617186E1,
-1.001129167497E0));
#5488=CARTESIAN_POINT('',(2.160501819891E1,-4.191135719472E1,
-1.069341377082E0));
#5489=CARTESIAN_POINT('',(2.160502642460E1,-4.191123805782E1,
-1.046603973887E0));
#5490=CARTESIAN_POINT('',(2.160503465029E1,-4.191111892093E1,
-1.023866570692E0));
#5491=CARTESIAN_POINT('',(2.160504287598E1,-4.191099978403E1,
-1.001129167497E0));
#5492=CARTESIAN_POINT('',(2.164608456620E1,-4.191097168789E1,
-1.069341377082E0));
#5493=CARTESIAN_POINT('',(2.164608307572E1,-4.191085264094E1,
-1.046603973887E0));
#5494=CARTESIAN_POINT('',(2.164608158524E1,-4.191073359399E1,
-1.023866570692E0));
#5495=CARTESIAN_POINT('',(2.164608009476E1,-4.191061454704E1,
-1.001129167497E0));
#5496=CARTESIAN_POINT('',(2.164923445432E1,-4.191091245782E1,
-1.069341377082E0));
#5497=CARTESIAN_POINT('',(2.164923221747E1,-4.191079342469E1,
-1.046603973887E0));
#5498=CARTESIAN_POINT('',(2.164922998062E1,-4.191067439155E1,
-1.023866570692E0));
#5499=CARTESIAN_POINT('',(2.164922774376E1,-4.191055535841E1,
-1.001129167497E0));
#5500=B_SPLINE_SURFACE_WITH_KNOTS('',3,3,((#5452,#5453,#5454,#5455),(#5456,
#5457,#5458,#5459),(#5460,#5461,#5462,#5463),(#5464,#5465,#5466,#5467),(#5468,
#5469,#5470,#5471),(#5472,#5473,#5474,#5475),(#5476,#5477,#5478,#5479),(#5480,
#5481,#5482,#5483),(#5484,#5485,#5486,#5487),(#5488,#5489,#5490,#5491),(#5492,
#5493,#5494,#5495),(#5496,#5497,#5498,#5499)),.UNSPECIFIED.,.F.,.F.,.F.,(4,1,1,
1,1,1,1,1,1,4),(4,4),(-1.188182721690E-2,0.E0,1.428621487632E-1,
2.857195184538E-1,4.285735777036E-1,5.714264519631E-1,7.142805014436E-1,
8.571378581844E-1,1.E0,1.011874686662E0),(-1.758331110227E-2,4.442863856452E-2),
.UNSPECIFIED.);
#5501=ORIENTED_EDGE('',*,*,#3721,.F.);
#5502=ORIENTED_EDGE('',*,*,#5231,.F.);
#5504=ORIENTED_EDGE('',*,*,#5503,.F.);
#5505=ORIENTED_EDGE('',*,*,#5444,.T.);
#5506=EDGE_LOOP('',(#5501,#5502,#5504,#5505));
#5507=FACE_OUTER_BOUND('',#5506,.F.);
#5508=ADVANCED_FACE('',(#5507),#5500,.T.);
#5509=CARTESIAN_POINT('',(2.166213037899E1,-4.138056962101E1,
-3.606591402805E0));
#5510=DIRECTION('',(-8.726203243944E-3,-8.726203243944E-3,9.999238504776E-1));
#5511=DIRECTION('',(-9.999619230642E-1,0.E0,-8.726535498374E-3));
#5512=AXIS2_PLACEMENT_3D('',#5509,#5510,#5511);
#5513=CYLINDRICAL_SURFACE('',#5512,5.08E-1);
#5514=ORIENTED_EDGE('',*,*,#5503,.T.);
#5516=ORIENTED_EDGE('',*,*,#5515,.F.);
#5518=ORIENTED_EDGE('',*,*,#5517,.T.);
#5520=ORIENTED_EDGE('',*,*,#5519,.T.);
#5521=EDGE_LOOP('',(#5514,#5516,#5518,#5520));
#5522=FACE_OUTER_BOUND('',#5521,.F.);
#5523=ADVANCED_FACE('',(#5522),#5513,.T.);
#5524=CARTESIAN_POINT('',(3.172049571545E1,-4.19109E1,-1.05E0));
#5525=DIRECTION('',(0.E0,-9.999619230642E-1,-8.726535498374E-3));
#5526=DIRECTION('',(1.E0,0.E0,0.E0));
#5527=AXIS2_PLACEMENT_3D('',#5524,#5525,#5526);
#5528=PLANE('',#5527);
#5529=ORIENTED_EDGE('',*,*,#5229,.F.);
#5531=ORIENTED_EDGE('',*,*,#5530,.F.);
#5533=ORIENTED_EDGE('',*,*,#5532,.T.);
#5534=ORIENTED_EDGE('',*,*,#5515,.T.);
#5535=EDGE_LOOP('',(#5529,#5531,#5533,#5534));
#5536=FACE_OUTER_BOUND('',#5535,.F.);
#5537=ADVANCED_FACE('',(#5536),#5528,.T.);
#5538=CARTESIAN_POINT('',(3.000146962101E1,-4.138056962101E1,
-3.606591402805E0));
#5539=DIRECTION('',(8.726203243944E-3,-8.726203243944E-3,9.999238504776E-1));
#5540=DIRECTION('',(0.E0,-9.999619230642E-1,-8.726535498374E-3));
#5541=AXIS2_PLACEMENT_3D('',#5538,#5539,#5540);
#5542=CYLINDRICAL_SURFACE('',#5541,5.08E-1);
#5543=ORIENTED_EDGE('',*,*,#5288,.T.);
#5545=ORIENTED_EDGE('',*,*,#5544,.F.);
#5547=ORIENTED_EDGE('',*,*,#5546,.T.);
#5548=ORIENTED_EDGE('',*,*,#5530,.T.);
#5549=EDGE_LOOP('',(#5543,#5545,#5547,#5548));
#5550=FACE_OUTER_BOUND('',#5549,.F.);
#5551=ADVANCED_FACE('',(#5550),#5542,.T.);
#5552=CARTESIAN_POINT('',(3.05318E1,-3.373220428455E1,-1.05E0));
#5553=DIRECTION('',(9.999619230642E-1,0.E0,-8.726535498374E-3));
#5554=DIRECTION('',(0.E0,1.E0,0.E0));
#5555=AXIS2_PLACEMENT_3D('',#5552,#5553,#5554);
#5556=PLANE('',#5555);
#5557=ORIENTED_EDGE('',*,*,#5302,.F.);
#5559=ORIENTED_EDGE('',*,*,#5558,.F.);
#5561=ORIENTED_EDGE('',*,*,#5560,.T.);
#5562=ORIENTED_EDGE('',*,*,#5544,.T.);
#5563=EDGE_LOOP('',(#5557,#5559,#5561,#5562));
#5564=FACE_OUTER_BOUND('',#5563,.F.);
#5565=ADVANCED_FACE('',(#5564),#5556,.T.);
#5566=CARTESIAN_POINT('',(3.000146962101E1,-3.545123037899E1,
-3.606591402805E0));
#5567=DIRECTION('',(8.726203243944E-3,8.726203243944E-3,9.999238504776E-1));
#5568=DIRECTION('',(9.999619230642E-1,0.E0,-8.726535498374E-3));
#5569=AXIS2_PLACEMENT_3D('',#5566,#5567,#5568);
#5570=CYLINDRICAL_SURFACE('',#5569,5.08E-1);
#5571=ORIENTED_EDGE('',*,*,#5360,.T.);
#5573=ORIENTED_EDGE('',*,*,#5572,.F.);
#5575=ORIENTED_EDGE('',*,*,#5574,.T.);
#5576=ORIENTED_EDGE('',*,*,#5558,.T.);
#5577=EDGE_LOOP('',(#5571,#5573,#5575,#5576));
#5578=FACE_OUTER_BOUND('',#5577,.F.);
#5579=ADVANCED_FACE('',(#5578),#5570,.T.);
#5580=CARTESIAN_POINT('',(1.994310428455E1,-3.49209E1,-1.05E0));
#5581=DIRECTION('',(0.E0,9.999619230642E-1,-8.726535498374E-3));
#5582=DIRECTION('',(-1.E0,0.E0,0.E0));
#5583=AXIS2_PLACEMENT_3D('',#5580,#5581,#5582);
#5584=PLANE('',#5583);
#5585=ORIENTED_EDGE('',*,*,#5374,.F.);
#5587=ORIENTED_EDGE('',*,*,#5586,.F.);
#5589=ORIENTED_EDGE('',*,*,#5588,.T.);
#5590=ORIENTED_EDGE('',*,*,#5572,.T.);
#5591=EDGE_LOOP('',(#5585,#5587,#5589,#5590));
#5592=FACE_OUTER_BOUND('',#5591,.F.);
#5593=ADVANCED_FACE('',(#5592),#5584,.T.);
#5594=CARTESIAN_POINT('',(2.166213037899E1,-3.545123037899E1,
-3.606591402805E0));
#5595=DIRECTION('',(-8.726203243944E-3,8.726203243944E-3,9.999238504776E-1));
#5596=DIRECTION('',(0.E0,9.999619230642E-1,-8.726535498374E-3));
#5597=AXIS2_PLACEMENT_3D('',#5594,#5595,#5596);
#5598=CYLINDRICAL_SURFACE('',#5597,5.08E-1);
#5599=ORIENTED_EDGE('',*,*,#5432,.T.);
#5601=ORIENTED_EDGE('',*,*,#5600,.F.);
#5603=ORIENTED_EDGE('',*,*,#5602,.T.);
#5604=ORIENTED_EDGE('',*,*,#5586,.T.);
#5605=EDGE_LOOP('',(#5599,#5601,#5603,#5604));
#5606=FACE_OUTER_BOUND('',#5605,.F.);
#5607=ADVANCED_FACE('',(#5606),#5598,.T.);
#5608=CARTESIAN_POINT('',(2.11318E1,-4.309959571545E1,-1.05E0));
#5609=DIRECTION('',(-9.999619230642E-1,0.E0,-8.726535498374E-3));
#5610=DIRECTION('',(0.E0,-1.E0,0.E0));
#5611=AXIS2_PLACEMENT_3D('',#5608,#5609,#5610);
#5612=PLANE('',#5611);
#5613=ORIENTED_EDGE('',*,*,#5446,.F.);
#5614=ORIENTED_EDGE('',*,*,#5519,.F.);
#5616=ORIENTED_EDGE('',*,*,#5615,.T.);
#5617=ORIENTED_EDGE('',*,*,#5600,.T.);
#5618=EDGE_LOOP('',(#5613,#5614,#5616,#5617));
#5619=FACE_OUTER_BOUND('',#5618,.F.);
#5620=ADVANCED_FACE('',(#5619),#5612,.T.);
#5621=CARTESIAN_POINT('',(2.155049072843E1,-4.143726901566E1,-3.19E0));
#5622=DIRECTION('',(0.E0,1.E0,0.E0));
#5623=DIRECTION('',(0.E0,0.E0,-1.E0));
#5624=AXIS2_PLACEMENT_3D('',#5621,#5622,#5623);
#5625=CYLINDRICAL_SURFACE('',#5624,4.E-1);
#5627=ORIENTED_EDGE('',*,*,#5626,.T.);
#5629=ORIENTED_EDGE('',*,*,#5628,.T.);
#5630=ORIENTED_EDGE('',*,*,#5615,.F.);
#5632=ORIENTED_EDGE('',*,*,#5631,.F.);
#5633=EDGE_LOOP('',(#5627,#5629,#5630,#5632));
#5634=FACE_OUTER_BOUND('',#5633,.F.);
#5635=ADVANCED_FACE('',(#5634),#5625,.T.);
#5636=CARTESIAN_POINT('',(2.58318E1,-3.84159E1,-3.59E0));
#5637=DIRECTION('',(0.E0,0.E0,-1.E0));
#5638=DIRECTION('',(1.E0,0.E0,0.E0));
#5639=AXIS2_PLACEMENT_3D('',#5636,#5637,#5638);
#5640=PLANE('',#5639);
#5642=ORIENTED_EDGE('',*,*,#5641,.F.);
#5644=ORIENTED_EDGE('',*,*,#5643,.F.);
#5646=ORIENTED_EDGE('',*,*,#5645,.F.);
#5648=ORIENTED_EDGE('',*,*,#5647,.F.);
#5650=ORIENTED_EDGE('',*,*,#5649,.F.);
#5652=ORIENTED_EDGE('',*,*,#5651,.F.);
#5654=ORIENTED_EDGE('',*,*,#5653,.F.);
#5655=ORIENTED_EDGE('',*,*,#5626,.F.);
#5656=EDGE_LOOP('',(#5642,#5644,#5646,#5648,#5650,#5652,#5654,#5655));
#5657=FACE_OUTER_BOUND('',#5656,.F.);
#5659=ORIENTED_EDGE('',*,*,#5658,.T.);
#5661=ORIENTED_EDGE('',*,*,#5660,.T.);
#5662=EDGE_LOOP('',(#5659,#5661));
#5663=FACE_BOUND('',#5662,.F.);
#5665=ORIENTED_EDGE('',*,*,#5664,.T.);
#5667=ORIENTED_EDGE('',*,*,#5666,.T.);
#5668=EDGE_LOOP('',(#5665,#5667));
#5669=FACE_BOUND('',#5668,.F.);
#5670=ADVANCED_FACE('',(#5657,#5663,#5669),#5640,.T.);
#5671=CARTESIAN_POINT('',(2.166628296398E1,-4.147300332742E1,
-3.589554920005E0));
#5672=CARTESIAN_POINT('',(2.166569243481E1,-4.147305521114E1,
-3.589554920005E0));
#5673=CARTESIAN_POINT('',(2.165798045324E1,-4.147365450861E1,
-3.589554920005E0));
#5674=CARTESIAN_POINT('',(2.164296699722E1,-4.147286448573E1,
-3.589554920005E0));
#5675=CARTESIAN_POINT('',(2.162227550729E1,-4.146660411018E1,
-3.589554920005E0));
#5676=CARTESIAN_POINT('',(2.160366571348E1,-4.145558822611E1,
-3.589554920005E0));
#5677=CARTESIAN_POINT('',(2.158822342921E1,-4.144045203681E1,
-3.589554920005E0));
#5678=CARTESIAN_POINT('',(2.157683723306E1,-4.142206651124E1,
-3.589554920005E0));
#5679=CARTESIAN_POINT('',(2.157016393092E1,-4.140150452880E1,
-3.589554920005E0));
#5680=CARTESIAN_POINT('',(2.156903046846E1,-4.138591756305E1,
-3.589554920005E0));
#5681=CARTESIAN_POINT('',(2.156959178958E1,-4.137761441078E1,
-3.589554920005E0));
#5682=CARTESIAN_POINT('',(2.156969504974E1,-4.137643926274E1,
-3.589554920005E0));
#5683=CARTESIAN_POINT('',(2.168817156316E1,-4.172231019440E1,
-3.601370894683E0));
#5684=CARTESIAN_POINT('',(2.168592311157E1,-4.172250805719E1,
-3.601370894683E0));
#5685=CARTESIAN_POINT('',(2.165655953617E1,-4.172479350117E1,
-3.601370894683E0));
#5686=CARTESIAN_POINT('',(2.159939410059E1,-4.172178112251E1,
-3.601370894683E0));
#5687=CARTESIAN_POINT('',(2.152060498294E1,-4.169794478759E1,
-3.601370894683E0));
#5688=CARTESIAN_POINT('',(2.144974014898E1,-4.165599674226E1,
-3.601370894683E0));
#5689=CARTESIAN_POINT('',(2.139093640241E1,-4.159835860298E1,
-3.601370894683E0));
#5690=CARTESIAN_POINT('',(2.134757814175E1,-4.152834764158E1,
-3.601370894683E0));
#5691=CARTESIAN_POINT('',(2.132216937010E1,-4.145005135530E1,
-3.601370894683E0));
#5692=CARTESIAN_POINT('',(2.131784911924E1,-4.139070205785E1,
-3.601370894683E0));
#5693=CARTESIAN_POINT('',(2.131999072936E1,-4.135908742470E1,
-3.601370894683E0));
#5694=CARTESIAN_POINT('',(2.132038467911E1,-4.135461300700E1,
-3.601370894683E0));
#5695=CARTESIAN_POINT('',(2.170373384424E1,-4.189956153456E1,
-3.424983297486E0));
#5696=CARTESIAN_POINT('',(2.170030664866E1,-4.189986318505E1,
-3.424983297486E0));
#5697=CARTESIAN_POINT('',(2.165554929744E1,-4.190334743969E1,
-3.424983297486E0));
#5698=CARTESIAN_POINT('',(2.156841479218E1,-4.189875501815E1,
-3.424983297486E0));
#5699=CARTESIAN_POINT('',(2.144831962268E1,-4.186242258799E1,
-3.424983297486E0));
#5700=CARTESIAN_POINT('',(2.134030267971E1,-4.179848250087E1,
-3.424983297486E0));
#5701=CARTESIAN_POINT('',(2.125066994958E1,-4.171062647115E1,
-3.424983297486E0));
#5702=CARTESIAN_POINT('',(2.118458030028E1,-4.160391103466E1,
-3.424983297486E0));
#5703=CARTESIAN_POINT('',(2.114585104887E1,-4.148456701129E1,
-3.424983297486E0));
#5704=CARTESIAN_POINT('',(2.113926506614E1,-4.139410372154E1,
-3.424983297486E0));
#5705=CARTESIAN_POINT('',(2.114253022470E1,-4.134591517176E1,
-3.424983297486E0));
#5706=CARTESIAN_POINT('',(2.114313084794E1,-4.133909505064E1,
-3.424983297486E0));
#5707=CARTESIAN_POINT('',(2.170289146203E1,-4.188996696591E1,
-3.174623138707E0));
#5708=CARTESIAN_POINT('',(2.169952807156E1,-4.189026299839E1,
-3.174623138707E0));
#5709=CARTESIAN_POINT('',(2.165560398139E1,-4.189368236173E1,
-3.174623138707E0));
#5710=CARTESIAN_POINT('',(2.157009169404E1,-4.188917546749E1,
-3.174623138707E0));
#5711=CARTESIAN_POINT('',(2.145223241031E1,-4.185351944770E1,
-3.174623138707E0));
#5712=CARTESIAN_POINT('',(2.134622650128E1,-4.179076978404E1,
-3.174623138707E0));
#5713=CARTESIAN_POINT('',(2.125826253597E1,-4.170454944083E1,
-3.174623138707E0));
#5714=CARTESIAN_POINT('',(2.119340333078E1,-4.159982080797E1,
-3.174623138707E0));
#5715=CARTESIAN_POINT('',(2.115539511345E1,-4.148269868787E1,
-3.174623138707E0));
#5716=CARTESIAN_POINT('',(2.114893177420E1,-4.139391959038E1,
-3.174623138707E0));
#5717=CARTESIAN_POINT('',(2.115213611538E1,-4.134662818237E1,
-3.174623138707E0));
#5718=CARTESIAN_POINT('',(2.115272555143E1,-4.133993503355E1,
-3.174623138707E0));
#5719=(BOUNDED_SURFACE()B_SPLINE_SURFACE(3,3,((#5671,#5672,#5673,#5674,#5675,
#5676,#5677,#5678,#5679,#5680,#5681,#5682),(#5683,#5684,#5685,#5686,#5687,#5688,
#5689,#5690,#5691,#5692,#5693,#5694),(#5695,#5696,#5697,#5698,#5699,#5700,#5701,
#5702,#5703,#5704,#5705,#5706),(#5707,#5708,#5709,#5710,#5711,#5712,#5713,#5714,
#5715,#5716,#5717,#5718)),.UNSPECIFIED.,.F.,.F.,.F.)B_SPLINE_SURFACE_WITH_KNOTS(
(4,4),(4,1,1,1,1,1,1,1,1,4),(0.E0,1.E0),(-1.186104420270E-2,0.E0,
1.428576038679E-1,2.857147083422E-1,4.285716981673E-1,5.714283885608E-1,
7.142853607648E-1,8.571424340871E-1,1.E0,1.023616934996E0),.UNSPECIFIED.)GEOMETRIC_REPRESENTATION_ITEM()RATIONAL_B_SPLINE_SURFACE(((1.193179886281E0,
1.193179886281E0,1.193179886281E0,1.193179886281E0,1.193179886281E0,
1.193179886281E0,1.193179886281E0,1.193179886281E0,1.193179886281E0,
1.193179886281E0,1.193179886281E0,1.193179886281E0),(9.356067045730E-1,
9.356067045730E-1,9.356067045730E-1,9.356067045730E-1,9.356067045730E-1,
9.356067045730E-1,9.356067045730E-1,9.356067045730E-1,9.356067045730E-1,
9.356067045730E-1,9.356067045730E-1,9.356067045730E-1),(9.356067045730E-1,
9.356067045730E-1,9.356067045730E-1,9.356067045730E-1,9.356067045730E-1,
9.356067045730E-1,9.356067045730E-1,9.356067045730E-1,9.356067045730E-1,
9.356067045730E-1,9.356067045730E-1,9.356067045730E-1),(1.193179886281E0,
1.193179886281E0,1.193179886281E0,1.193179886281E0,1.193179886281E0,
1.193179886281E0,1.193179886281E0,1.193179886281E0,1.193179886281E0,
1.193179886281E0,1.193179886281E0,1.193179886281E0)))REPRESENTATION_ITEM('')SURFACE());
#5720=ORIENTED_EDGE('',*,*,#5641,.T.);
#5721=ORIENTED_EDGE('',*,*,#5631,.T.);
#5722=ORIENTED_EDGE('',*,*,#5517,.F.);
#5724=ORIENTED_EDGE('',*,*,#5723,.F.);
#5725=EDGE_LOOP('',(#5720,#5721,#5722,#5724));
#5726=FACE_OUTER_BOUND('',#5725,.F.);
#5727=ADVANCED_FACE('',(#5726),#5719,.T.);
#5728=CARTESIAN_POINT('',(3.005816901566E1,-4.149220927157E1,-3.19E0));
#5729=DIRECTION('',(-1.E0,0.E0,0.E0));
#5730=DIRECTION('',(0.E0,0.E0,-1.E0));
#5731=AXIS2_PLACEMENT_3D('',#5728,#5729,#5730);
#5732=CYLINDRICAL_SURFACE('',#5731,4.E-1);
#5733=ORIENTED_EDGE('',*,*,#5643,.T.);
#5734=ORIENTED_EDGE('',*,*,#5723,.T.);
#5735=ORIENTED_EDGE('',*,*,#5532,.F.);
#5737=ORIENTED_EDGE('',*,*,#5736,.F.);
#5738=EDGE_LOOP('',(#5733,#5734,#5735,#5737));
#5739=FACE_OUTER_BOUND('',#5738,.F.);
#5740=ADVANCED_FACE('',(#5739),#5732,.T.);
#5741=CARTESIAN_POINT('',(3.009390332742E1,-4.137641703602E1,
-3.589554920005E0));
#5742=CARTESIAN_POINT('',(3.009395521114E1,-4.137700756519E1,
-3.589554920005E0));
#5743=CARTESIAN_POINT('',(3.009455450861E1,-4.138471954676E1,
-3.589554920005E0));
#5744=CARTESIAN_POINT('',(3.009376448573E1,-4.139973300278E1,
-3.589554920005E0));
#5745=CARTESIAN_POINT('',(3.008750411018E1,-4.142042449271E1,
-3.589554920005E0));
#5746=CARTESIAN_POINT('',(3.007648822611E1,-4.143903428652E1,
-3.589554920005E0));
#5747=CARTESIAN_POINT('',(3.006135203681E1,-4.145447657079E1,
-3.589554920005E0));
#5748=CARTESIAN_POINT('',(3.004296651124E1,-4.146586276694E1,
-3.589554920005E0));
#5749=CARTESIAN_POINT('',(3.002240452880E1,-4.147253606908E1,
-3.589554920005E0));
#5750=CARTESIAN_POINT('',(3.000681756305E1,-4.147366953154E1,
-3.589554920005E0));
#5751=CARTESIAN_POINT('',(2.999851441078E1,-4.147310821042E1,
-3.589554920005E0));
#5752=CARTESIAN_POINT('',(2.999733926274E1,-4.147300495026E1,
-3.589554920005E0));
#5753=CARTESIAN_POINT('',(3.034321019440E1,-4.135452843684E1,
-3.601370894683E0));
#5754=CARTESIAN_POINT('',(3.034340805719E1,-4.135677688843E1,
-3.601370894683E0));
#5755=CARTESIAN_POINT('',(3.034569350117E1,-4.138614046383E1,
-3.601370894683E0));
#5756=CARTESIAN_POINT('',(3.034268112251E1,-4.144330589941E1,
-3.601370894683E0));
#5757=CARTESIAN_POINT('',(3.031884478759E1,-4.152209501706E1,
-3.601370894683E0));
#5758=CARTESIAN_POINT('',(3.027689674226E1,-4.159295985102E1,
-3.601370894683E0));
#5759=CARTESIAN_POINT('',(3.021925860298E1,-4.165176359759E1,
-3.601370894683E0));
#5760=CARTESIAN_POINT('',(3.014924764158E1,-4.169512185825E1,
-3.601370894683E0));
#5761=CARTESIAN_POINT('',(3.007095135530E1,-4.172053062990E1,
-3.601370894683E0));
#5762=CARTESIAN_POINT('',(3.001160205785E1,-4.172485088076E1,
-3.601370894683E0));
#5763=CARTESIAN_POINT('',(2.997998742470E1,-4.172270927064E1,
-3.601370894683E0));
#5764=CARTESIAN_POINT('',(2.997551300700E1,-4.172231532089E1,
-3.601370894683E0));
#5765=CARTESIAN_POINT('',(3.052046153456E1,-4.133896615576E1,
-3.424983297486E0));
#5766=CARTESIAN_POINT('',(3.052076318505E1,-4.134239335134E1,
-3.424983297486E0));
#5767=CARTESIAN_POINT('',(3.052424743969E1,-4.138715070256E1,
-3.424983297486E0));
#5768=CARTESIAN_POINT('',(3.051965501815E1,-4.147428520782E1,
-3.424983297486E0));
#5769=CARTESIAN_POINT('',(3.048332258799E1,-4.159438037732E1,
-3.424983297486E0));
#5770=CARTESIAN_POINT('',(3.041938250087E1,-4.170239732029E1,
-3.424983297486E0));
#5771=CARTESIAN_POINT('',(3.033152647115E1,-4.179203005042E1,
-3.424983297486E0));
#5772=CARTESIAN_POINT('',(3.022481103466E1,-4.185811969972E1,
-3.424983297486E0));
#5773=CARTESIAN_POINT('',(3.010546701129E1,-4.189684895113E1,
-3.424983297486E0));
#5774=CARTESIAN_POINT('',(3.001500372154E1,-4.190343493386E1,
-3.424983297486E0));
#5775=CARTESIAN_POINT('',(2.996681517176E1,-4.190016977530E1,
-3.424983297486E0));
#5776=CARTESIAN_POINT('',(2.995999505064E1,-4.189956915206E1,
-3.424983297486E0));
#5777=CARTESIAN_POINT('',(3.051086696591E1,-4.133980853797E1,
-3.174623138707E0));
#5778=CARTESIAN_POINT('',(3.051116299839E1,-4.134317192844E1,
-3.174623138707E0));
#5779=CARTESIAN_POINT('',(3.051458236173E1,-4.138709601861E1,
-3.174623138707E0));
#5780=CARTESIAN_POINT('',(3.051007546749E1,-4.147260830596E1,
-3.174623138707E0));
#5781=CARTESIAN_POINT('',(3.047441944770E1,-4.159046758969E1,
-3.174623138707E0));
#5782=CARTESIAN_POINT('',(3.041166978404E1,-4.169647349872E1,
-3.174623138707E0));
#5783=CARTESIAN_POINT('',(3.032544944083E1,-4.178443746403E1,
-3.174623138707E0));
#5784=CARTESIAN_POINT('',(3.022072080797E1,-4.184929666922E1,
-3.174623138707E0));
#5785=CARTESIAN_POINT('',(3.010359868787E1,-4.188730488655E1,
-3.174623138707E0));
#5786=CARTESIAN_POINT('',(3.001481959038E1,-4.189376822580E1,
-3.174623138707E0));
#5787=CARTESIAN_POINT('',(2.996752818237E1,-4.189056388462E1,
-3.174623138707E0));
#5788=CARTESIAN_POINT('',(2.996083503355E1,-4.188997444857E1,
-3.174623138707E0));
#5789=(BOUNDED_SURFACE()B_SPLINE_SURFACE(3,3,((#5741,#5742,#5743,#5744,#5745,
#5746,#5747,#5748,#5749,#5750,#5751,#5752),(#5753,#5754,#5755,#5756,#5757,#5758,
#5759,#5760,#5761,#5762,#5763,#5764),(#5765,#5766,#5767,#5768,#5769,#5770,#5771,
#5772,#5773,#5774,#5775,#5776),(#5777,#5778,#5779,#5780,#5781,#5782,#5783,#5784,
#5785,#5786,#5787,#5788)),.UNSPECIFIED.,.F.,.F.,.F.)B_SPLINE_SURFACE_WITH_KNOTS(
(4,4),(4,1,1,1,1,1,1,1,1,4),(0.E0,1.E0),(-1.186104420272E-2,0.E0,
1.428576038679E-1,2.857147083422E-1,4.285716981673E-1,5.714283885608E-1,
7.142853607648E-1,8.571424340871E-1,1.E0,1.023616934996E0),.UNSPECIFIED.)GEOMETRIC_REPRESENTATION_ITEM()RATIONAL_B_SPLINE_SURFACE(((1.193179886281E0,
1.193179886281E0,1.193179886281E0,1.193179886281E0,1.193179886281E0,
1.193179886281E0,1.193179886281E0,1.193179886281E0,1.193179886281E0,
1.193179886281E0,1.193179886281E0,1.193179886281E0),(9.356067045730E-1,
9.356067045730E-1,9.356067045730E-1,9.356067045730E-1,9.356067045730E-1,
9.356067045730E-1,9.356067045730E-1,9.356067045730E-1,9.356067045730E-1,
9.356067045730E-1,9.356067045730E-1,9.356067045730E-1),(9.356067045730E-1,
9.356067045730E-1,9.356067045730E-1,9.356067045730E-1,9.356067045730E-1,
9.356067045730E-1,9.356067045730E-1,9.356067045730E-1,9.356067045730E-1,
9.356067045730E-1,9.356067045730E-1,9.356067045730E-1),(1.193179886281E0,
1.193179886281E0,1.193179886281E0,1.193179886281E0,1.193179886281E0,
1.193179886281E0,1.193179886281E0,1.193179886281E0,1.193179886281E0,
1.193179886281E0,1.193179886281E0,1.193179886281E0)))REPRESENTATION_ITEM('')SURFACE());
#5790=ORIENTED_EDGE('',*,*,#5645,.T.);
#5791=ORIENTED_EDGE('',*,*,#5736,.T.);
#5792=ORIENTED_EDGE('',*,*,#5546,.F.);
#5794=ORIENTED_EDGE('',*,*,#5793,.F.);
#5795=EDGE_LOOP('',(#5790,#5791,#5792,#5794));
#5796=FACE_OUTER_BOUND('',#5795,.F.);
#5797=ADVANCED_FACE('',(#5796),#5789,.T.);
#5798=CARTESIAN_POINT('',(3.011310927157E1,-3.539453098434E1,-3.19E0));
#5799=DIRECTION('',(0.E0,-1.E0,0.E0));
#5800=DIRECTION('',(0.E0,0.E0,-1.E0));
#5801=AXIS2_PLACEMENT_3D('',#5798,#5799,#5800);
#5802=CYLINDRICAL_SURFACE('',#5801,4.E-1);
#5803=ORIENTED_EDGE('',*,*,#5647,.T.);
#5804=ORIENTED_EDGE('',*,*,#5793,.T.);
#5805=ORIENTED_EDGE('',*,*,#5560,.F.);
#5807=ORIENTED_EDGE('',*,*,#5806,.F.);
#5808=EDGE_LOOP('',(#5803,#5804,#5805,#5807));
#5809=FACE_OUTER_BOUND('',#5808,.F.);
#5810=ADVANCED_FACE('',(#5809),#5802,.T.);
#5811=CARTESIAN_POINT('',(2.999731703602E1,-3.535879667258E1,
-3.589554920005E0));
#5812=CARTESIAN_POINT('',(2.999790756519E1,-3.535874478886E1,
-3.589554920005E0));
#5813=CARTESIAN_POINT('',(3.000561954676E1,-3.535814549139E1,
-3.589554920005E0));
#5814=CARTESIAN_POINT('',(3.002063300278E1,-3.535893551427E1,
-3.589554920005E0));
#5815=CARTESIAN_POINT('',(3.004132449271E1,-3.536519588982E1,
-3.589554920005E0));
#5816=CARTESIAN_POINT('',(3.005993428652E1,-3.537621177389E1,
-3.589554920005E0));
#5817=CARTESIAN_POINT('',(3.007537657079E1,-3.539134796319E1,
-3.589554920005E0));
#5818=CARTESIAN_POINT('',(3.008676276694E1,-3.540973348876E1,
-3.589554920005E0));
#5819=CARTESIAN_POINT('',(3.009343606908E1,-3.543029547120E1,
-3.589554920005E0));
#5820=CARTESIAN_POINT('',(3.009456953154E1,-3.544588243695E1,
-3.589554920005E0));
#5821=CARTESIAN_POINT('',(3.009400821042E1,-3.545418558922E1,
-3.589554920005E0));
#5822=CARTESIAN_POINT('',(3.009390495026E1,-3.545536073726E1,
-3.589554920005E0));
#5823=CARTESIAN_POINT('',(2.997542843684E1,-3.510948980560E1,
-3.601370894683E0));
#5824=CARTESIAN_POINT('',(2.997767688843E1,-3.510929194281E1,
-3.601370894683E0));
#5825=CARTESIAN_POINT('',(3.000704046383E1,-3.510700649883E1,
-3.601370894683E0));
#5826=CARTESIAN_POINT('',(3.006420589941E1,-3.511001887749E1,
-3.601370894683E0));
#5827=CARTESIAN_POINT('',(3.014299501706E1,-3.513385521241E1,
-3.601370894683E0));
#5828=CARTESIAN_POINT('',(3.021385985102E1,-3.517580325774E1,
-3.601370894683E0));
#5829=CARTESIAN_POINT('',(3.027266359759E1,-3.523344139702E1,
-3.601370894683E0));
#5830=CARTESIAN_POINT('',(3.031602185825E1,-3.530345235842E1,
-3.601370894683E0));
#5831=CARTESIAN_POINT('',(3.034143062990E1,-3.538174864470E1,
-3.601370894683E0));
#5832=CARTESIAN_POINT('',(3.034575088076E1,-3.544109794215E1,
-3.601370894683E0));
#5833=CARTESIAN_POINT('',(3.034360927064E1,-3.547271257530E1,
-3.601370894683E0));
#5834=CARTESIAN_POINT('',(3.034321532089E1,-3.547718699300E1,
-3.601370894683E0));
#5835=CARTESIAN_POINT('',(2.995986615576E1,-3.493223846544E1,
-3.424983297486E0));
#5836=CARTESIAN_POINT('',(2.996329335134E1,-3.493193681495E1,
-3.424983297486E0));
#5837=CARTESIAN_POINT('',(3.000805070256E1,-3.492845256031E1,
-3.424983297486E0));
#5838=CARTESIAN_POINT('',(3.009518520782E1,-3.493304498185E1,
-3.424983297486E0));
#5839=CARTESIAN_POINT('',(3.021528037732E1,-3.496937741201E1,
-3.424983297486E0));
#5840=CARTESIAN_POINT('',(3.032329732029E1,-3.503331749913E1,
-3.424983297486E0));
#5841=CARTESIAN_POINT('',(3.041293005042E1,-3.512117352885E1,
-3.424983297486E0));
#5842=CARTESIAN_POINT('',(3.047901969972E1,-3.522788896534E1,
-3.424983297486E0));
#5843=CARTESIAN_POINT('',(3.051774895113E1,-3.534723298871E1,
-3.424983297486E0));
#5844=CARTESIAN_POINT('',(3.052433493386E1,-3.543769627846E1,
-3.424983297486E0));
#5845=CARTESIAN_POINT('',(3.052106977530E1,-3.548588482824E1,
-3.424983297486E0));
#5846=CARTESIAN_POINT('',(3.052046915206E1,-3.549270494936E1,
-3.424983297486E0));
#5847=CARTESIAN_POINT('',(2.996070853797E1,-3.494183303409E1,
-3.174623138707E0));
#5848=CARTESIAN_POINT('',(2.996407192844E1,-3.494153700161E1,
-3.174623138707E0));
#5849=CARTESIAN_POINT('',(3.000799601861E1,-3.493811763827E1,
-3.174623138707E0));
#5850=CARTESIAN_POINT('',(3.009350830596E1,-3.494262453251E1,
-3.174623138707E0));
#5851=CARTESIAN_POINT('',(3.021136758969E1,-3.497828055230E1,
-3.174623138707E0));
#5852=CARTESIAN_POINT('',(3.031737349872E1,-3.504103021596E1,
-3.174623138707E0));
#5853=CARTESIAN_POINT('',(3.040533746403E1,-3.512725055917E1,
-3.174623138707E0));
#5854=CARTESIAN_POINT('',(3.047019666922E1,-3.523197919203E1,
-3.174623138707E0));
#5855=CARTESIAN_POINT('',(3.050820488655E1,-3.534910131213E1,
-3.174623138707E0));
#5856=CARTESIAN_POINT('',(3.051466822580E1,-3.543788040962E1,
-3.174623138707E0));
#5857=CARTESIAN_POINT('',(3.051146388462E1,-3.548517181763E1,
-3.174623138707E0));
#5858=CARTESIAN_POINT('',(3.051087444857E1,-3.549186496645E1,
-3.174623138707E0));
#5859=(BOUNDED_SURFACE()B_SPLINE_SURFACE(3,3,((#5811,#5812,#5813,#5814,#5815,
#5816,#5817,#5818,#5819,#5820,#5821,#5822),(#5823,#5824,#5825,#5826,#5827,#5828,
#5829,#5830,#5831,#5832,#5833,#5834),(#5835,#5836,#5837,#5838,#5839,#5840,#5841,
#5842,#5843,#5844,#5845,#5846),(#5847,#5848,#5849,#5850,#5851,#5852,#5853,#5854,
#5855,#5856,#5857,#5858)),.UNSPECIFIED.,.F.,.F.,.F.)B_SPLINE_SURFACE_WITH_KNOTS(
(4,4),(4,1,1,1,1,1,1,1,1,4),(0.E0,1.E0),(-1.186104420272E-2,0.E0,
1.428576038679E-1,2.857147083422E-1,4.285716981673E-1,5.714283885608E-1,
7.142853607648E-1,8.571424340871E-1,1.E0,1.023616934996E0),.UNSPECIFIED.)GEOMETRIC_REPRESENTATION_ITEM()RATIONAL_B_SPLINE_SURFACE(((1.193179886281E0,
1.193179886281E0,1.193179886281E0,1.193179886281E0,1.193179886281E0,
1.193179886281E0,1.193179886281E0,1.193179886281E0,1.193179886281E0,
1.193179886281E0,1.193179886281E0,1.193179886281E0),(9.356067045730E-1,
9.356067045730E-1,9.356067045730E-1,9.356067045730E-1,9.356067045730E-1,
9.356067045730E-1,9.356067045730E-1,9.356067045730E-1,9.356067045730E-1,
9.356067045730E-1,9.356067045730E-1,9.356067045730E-1),(9.356067045730E-1,
9.356067045730E-1,9.356067045730E-1,9.356067045730E-1,9.356067045730E-1,
9.356067045730E-1,9.356067045730E-1,9.356067045730E-1,9.356067045730E-1,
9.356067045730E-1,9.356067045730E-1,9.356067045730E-1),(1.193179886281E0,
1.193179886281E0,1.193179886281E0,1.193179886281E0,1.193179886281E0,
1.193179886281E0,1.193179886281E0,1.193179886281E0,1.193179886281E0,
1.193179886281E0,1.193179886281E0,1.193179886281E0)))REPRESENTATION_ITEM('')SURFACE());
#5860=ORIENTED_EDGE('',*,*,#5649,.T.);
#5861=ORIENTED_EDGE('',*,*,#5806,.T.);
#5862=ORIENTED_EDGE('',*,*,#5574,.F.);
#5864=ORIENTED_EDGE('',*,*,#5863,.F.);
#5865=EDGE_LOOP('',(#5860,#5861,#5862,#5864));
#5866=FACE_OUTER_BOUND('',#5865,.F.);
#5867=ADVANCED_FACE('',(#5866),#5859,.T.);
#5868=CARTESIAN_POINT('',(2.160543098434E1,-3.533959072843E1,-3.19E0));
#5869=DIRECTION('',(1.E0,0.E0,0.E0));
#5870=DIRECTION('',(0.E0,0.E0,-1.E0));
#5871=AXIS2_PLACEMENT_3D('',#5868,#5869,#5870);
#5872=CYLINDRICAL_SURFACE('',#5871,4.E-1);
#5873=ORIENTED_EDGE('',*,*,#5651,.T.);
#5874=ORIENTED_EDGE('',*,*,#5863,.T.);
#5875=ORIENTED_EDGE('',*,*,#5588,.F.);
#5877=ORIENTED_EDGE('',*,*,#5876,.F.);
#5878=EDGE_LOOP('',(#5873,#5874,#5875,#5877));
#5879=FACE_OUTER_BOUND('',#5878,.F.);
#5880=ADVANCED_FACE('',(#5879),#5872,.T.);
#5881=CARTESIAN_POINT('',(2.156969667258E1,-3.545538296398E1,
-3.589554920005E0));
#5882=CARTESIAN_POINT('',(2.156964478886E1,-3.545479243481E1,
-3.589554920005E0));
#5883=CARTESIAN_POINT('',(2.156904549139E1,-3.544708045324E1,
-3.589554920005E0));
#5884=CARTESIAN_POINT('',(2.156983551427E1,-3.543206699722E1,
-3.589554920005E0));
#5885=CARTESIAN_POINT('',(2.157609588982E1,-3.541137550729E1,
-3.589554920005E0));
#5886=CARTESIAN_POINT('',(2.158711177389E1,-3.539276571348E1,
-3.589554920005E0));
#5887=CARTESIAN_POINT('',(2.160224796319E1,-3.537732342921E1,
-3.589554920005E0));
#5888=CARTESIAN_POINT('',(2.162063348876E1,-3.536593723306E1,
-3.589554920005E0));
#5889=CARTESIAN_POINT('',(2.164119547120E1,-3.535926393092E1,
-3.589554920005E0));
#5890=CARTESIAN_POINT('',(2.165678243695E1,-3.535813046846E1,
-3.589554920005E0));
#5891=CARTESIAN_POINT('',(2.166508558922E1,-3.535869178958E1,
-3.589554920005E0));
#5892=CARTESIAN_POINT('',(2.166626073726E1,-3.535879504974E1,
-3.589554920005E0));
#5893=CARTESIAN_POINT('',(2.132038980560E1,-3.547727156316E1,
-3.601370894683E0));
#5894=CARTESIAN_POINT('',(2.132019194281E1,-3.547502311157E1,
-3.601370894683E0));
#5895=CARTESIAN_POINT('',(2.131790649882E1,-3.544565953617E1,
-3.601370894683E0));
#5896=CARTESIAN_POINT('',(2.132091887749E1,-3.538849410059E1,
-3.601370894683E0));
#5897=CARTESIAN_POINT('',(2.134475521241E1,-3.530970498294E1,
-3.601370894683E0));
#5898=CARTESIAN_POINT('',(2.138670325774E1,-3.523884014898E1,
-3.601370894683E0));
#5899=CARTESIAN_POINT('',(2.144434139702E1,-3.518003640241E1,
-3.601370894683E0));
#5900=CARTESIAN_POINT('',(2.151435235842E1,-3.513667814175E1,
-3.601370894683E0));
#5901=CARTESIAN_POINT('',(2.159264864470E1,-3.511126937010E1,
-3.601370894683E0));
#5902=CARTESIAN_POINT('',(2.165199794215E1,-3.510694911924E1,
-3.601370894683E0));
#5903=CARTESIAN_POINT('',(2.168361257530E1,-3.510909072936E1,
-3.601370894683E0));
#5904=CARTESIAN_POINT('',(2.168808699300E1,-3.510948467911E1,
-3.601370894683E0));
#5905=CARTESIAN_POINT('',(2.114313846544E1,-3.549283384424E1,
-3.424983297486E0));
#5906=CARTESIAN_POINT('',(2.114283681495E1,-3.548940664866E1,
-3.424983297486E0));
#5907=CARTESIAN_POINT('',(2.113935256031E1,-3.544464929744E1,
-3.424983297486E0));
#5908=CARTESIAN_POINT('',(2.114394498185E1,-3.535751479218E1,
-3.424983297486E0));
#5909=CARTESIAN_POINT('',(2.118027741201E1,-3.523741962268E1,
-3.424983297486E0));
#5910=CARTESIAN_POINT('',(2.124421749913E1,-3.512940267971E1,
-3.424983297486E0));
#5911=CARTESIAN_POINT('',(2.133207352885E1,-3.503976994958E1,
-3.424983297486E0));
#5912=CARTESIAN_POINT('',(2.143878896534E1,-3.497368030028E1,
-3.424983297486E0));
#5913=CARTESIAN_POINT('',(2.155813298871E1,-3.493495104887E1,
-3.424983297486E0));
#5914=CARTESIAN_POINT('',(2.164859627846E1,-3.492836506614E1,
-3.424983297486E0));
#5915=CARTESIAN_POINT('',(2.169678482824E1,-3.493163022470E1,
-3.424983297486E0));
#5916=CARTESIAN_POINT('',(2.170360494936E1,-3.493223084794E1,
-3.424983297486E0));
#5917=CARTESIAN_POINT('',(2.115273303409E1,-3.549199146203E1,
-3.174623138707E0));
#5918=CARTESIAN_POINT('',(2.115243700161E1,-3.548862807156E1,
-3.174623138707E0));
#5919=CARTESIAN_POINT('',(2.114901763827E1,-3.544470398139E1,
-3.174623138707E0));
#5920=CARTESIAN_POINT('',(2.115352453251E1,-3.535919169404E1,
-3.174623138707E0));
#5921=CARTESIAN_POINT('',(2.118918055230E1,-3.524133241031E1,
-3.174623138707E0));
#5922=CARTESIAN_POINT('',(2.125193021596E1,-3.513532650128E1,
-3.174623138707E0));
#5923=CARTESIAN_POINT('',(2.133815055917E1,-3.504736253597E1,
-3.174623138707E0));
#5924=CARTESIAN_POINT('',(2.144287919203E1,-3.498250333078E1,
-3.174623138707E0));
#5925=CARTESIAN_POINT('',(2.156000131213E1,-3.494449511345E1,
-3.174623138707E0));
#5926=CARTESIAN_POINT('',(2.164878040962E1,-3.493803177420E1,
-3.174623138707E0));
#5927=CARTESIAN_POINT('',(2.169607181763E1,-3.494123611538E1,
-3.174623138707E0));
#5928=CARTESIAN_POINT('',(2.170276496645E1,-3.494182555143E1,
-3.174623138707E0));
#5929=(BOUNDED_SURFACE()B_SPLINE_SURFACE(3,3,((#5881,#5882,#5883,#5884,#5885,
#5886,#5887,#5888,#5889,#5890,#5891,#5892),(#5893,#5894,#5895,#5896,#5897,#5898,
#5899,#5900,#5901,#5902,#5903,#5904),(#5905,#5906,#5907,#5908,#5909,#5910,#5911,
#5912,#5913,#5914,#5915,#5916),(#5917,#5918,#5919,#5920,#5921,#5922,#5923,#5924,
#5925,#5926,#5927,#5928)),.UNSPECIFIED.,.F.,.F.,.F.)B_SPLINE_SURFACE_WITH_KNOTS(
(4,4),(4,1,1,1,1,1,1,1,1,4),(0.E0,1.E0),(-1.186104420273E-2,0.E0,
1.428576038679E-1,2.857147083422E-1,4.285716981673E-1,5.714283885608E-1,
7.142853607648E-1,8.571424340871E-1,1.E0,1.023616934996E0),.UNSPECIFIED.)GEOMETRIC_REPRESENTATION_ITEM()RATIONAL_B_SPLINE_SURFACE(((1.193179886281E0,
1.193179886281E0,1.193179886281E0,1.193179886281E0,1.193179886281E0,
1.193179886281E0,1.193179886281E0,1.193179886281E0,1.193179886281E0,
1.193179886281E0,1.193179886281E0,1.193179886281E0),(9.356067045730E-1,
9.356067045730E-1,9.356067045730E-1,9.356067045730E-1,9.356067045730E-1,
9.356067045730E-1,9.356067045730E-1,9.356067045730E-1,9.356067045730E-1,
9.356067045730E-1,9.356067045730E-1,9.356067045730E-1),(9.356067045730E-1,
9.356067045730E-1,9.356067045730E-1,9.356067045730E-1,9.356067045730E-1,
9.356067045730E-1,9.356067045730E-1,9.356067045730E-1,9.356067045730E-1,
9.356067045730E-1,9.356067045730E-1,9.356067045730E-1),(1.193179886281E0,
1.193179886281E0,1.193179886281E0,1.193179886281E0,1.193179886281E0,
1.193179886281E0,1.193179886281E0,1.193179886281E0,1.193179886281E0,
1.193179886281E0,1.193179886281E0,1.193179886281E0)))REPRESENTATION_ITEM('')SURFACE());
#5930=ORIENTED_EDGE('',*,*,#5653,.T.);
#5931=ORIENTED_EDGE('',*,*,#5876,.T.);
#5932=ORIENTED_EDGE('',*,*,#5602,.F.);
#5933=ORIENTED_EDGE('',*,*,#5628,.F.);
#5934=EDGE_LOOP('',(#5930,#5931,#5932,#5933));
#5935=FACE_OUTER_BOUND('',#5934,.F.);
#5936=ADVANCED_FACE('',(#5935),#5929,.T.);
#5937=CARTESIAN_POINT('',(2.58318E1,-3.84159E1,-4.098E0));
#5938=DIRECTION('',(0.E0,0.E0,-1.E0));
#5939=DIRECTION('',(-9.999194430649E-1,-1.269280823123E-2,0.E0));
#5940=AXIS2_PLACEMENT_3D('',#5937,#5938,#5939);
#5941=TOROIDAL_SURFACE('',#5940,2.413E0,5.08E-1);
#5942=ORIENTED_EDGE('',*,*,#5658,.F.);
#5944=ORIENTED_EDGE('',*,*,#5943,.T.);
#5946=ORIENTED_EDGE('',*,*,#5945,.T.);
#5948=ORIENTED_EDGE('',*,*,#5947,.F.);
#5949=EDGE_LOOP('',(#5942,#5944,#5946,#5948));
#5950=FACE_OUTER_BOUND('',#5949,.F.);
#5951=ADVANCED_FACE('',(#5950),#5941,.F.);
#5952=CARTESIAN_POINT('',(2.58318E1,-3.84159E1,-4.098E0));
#5953=DIRECTION('',(0.E0,0.E0,-1.E0));
#5954=DIRECTION('',(9.999194430649E-1,1.269280823123E-2,0.E0));
#5955=AXIS2_PLACEMENT_3D('',#5952,#5953,#5954);
#5956=TOROIDAL_SURFACE('',#5955,2.413E0,5.08E-1);
#5957=ORIENTED_EDGE('',*,*,#5660,.F.);
#5958=ORIENTED_EDGE('',*,*,#5947,.T.);
#5960=ORIENTED_EDGE('',*,*,#5959,.T.);
#5961=ORIENTED_EDGE('',*,*,#5943,.F.);
#5962=EDGE_LOOP('',(#5957,#5958,#5960,#5961));
#5963=FACE_OUTER_BOUND('',#5962,.F.);
#5964=ADVANCED_FACE('',(#5963),#5956,.F.);
#5965=CARTESIAN_POINT('',(2.58318E1,-3.84159E1,-3.19249E0));
#5966=DIRECTION('',(0.E0,0.E0,-1.E0));
#5967=DIRECTION('',(1.E0,0.E0,0.E0));
#5968=AXIS2_PLACEMENT_3D('',#5965,#5966,#5967);
#5969=CYLINDRICAL_SURFACE('',#5968,1.905E0);
#5970=ORIENTED_EDGE('',*,*,#5959,.F.);
#5972=ORIENTED_EDGE('',*,*,#5971,.T.);
#5974=ORIENTED_EDGE('',*,*,#5973,.T.);
#5976=ORIENTED_EDGE('',*,*,#5975,.F.);
#5977=EDGE_LOOP('',(#5970,#5972,#5974,#5976));
#5978=FACE_OUTER_BOUND('',#5977,.F.);
#5979=ADVANCED_FACE('',(#5978),#5969,.T.);
#5980=CARTESIAN_POINT('',(2.58318E1,-3.84159E1,-3.19249E0));
#5981=DIRECTION('',(0.E0,0.E0,-1.E0));
#5982=DIRECTION('',(1.E0,0.E0,0.E0));
#5983=AXIS2_PLACEMENT_3D('',#5980,#5981,#5982);
#5984=CYLINDRICAL_SURFACE('',#5983,1.905E0);
#5985=ORIENTED_EDGE('',*,*,#5945,.F.);
#5986=ORIENTED_EDGE('',*,*,#5975,.T.);
#5988=ORIENTED_EDGE('',*,*,#5987,.F.);
#5989=ORIENTED_EDGE('',*,*,#5971,.F.);
#5990=EDGE_LOOP('',(#5985,#5986,#5988,#5989));
#5991=FACE_OUTER_BOUND('',#5990,.F.);
#5992=ADVANCED_FACE('',(#5991),#5984,.T.);
#5993=CARTESIAN_POINT('',(2.58318E1,-3.84159E1,-8.2382E0));
#5994=DIRECTION('',(0.E0,0.E0,-1.E0));
#5995=DIRECTION('',(1.E0,0.E0,0.E0));
#5996=AXIS2_PLACEMENT_3D('',#5993,#5994,#5995);
#5997=PLANE('',#5996);
#5999=ORIENTED_EDGE('',*,*,#5998,.T.);
#6001=ORIENTED_EDGE('',*,*,#6000,.F.);
#6002=EDGE_LOOP('',(#5999,#6001));
#6003=FACE_OUTER_BOUND('',#6002,.F.);
#6004=ORIENTED_EDGE('',*,*,#5987,.T.);
#6005=ORIENTED_EDGE('',*,*,#5973,.F.);
#6006=EDGE_LOOP('',(#6004,#6005));
#6007=FACE_BOUND('',#6006,.F.);
#6008=ADVANCED_FACE('',(#6003,#6007),#5997,.F.);
#6009=CARTESIAN_POINT('',(2.58318E1,-3.84159E1,-9.8892E0));
#6010=DIRECTION('',(0.E0,0.E0,1.E0));
#6011=DIRECTION('',(-1.E0,0.E0,0.E0));
#6012=AXIS2_PLACEMENT_3D('',#6009,#6010,#6011);
#6013=CONICAL_SURFACE('',#6012,1.9939E0,1.588716850276E1);
#6015=ORIENTED_EDGE('',*,*,#6014,.T.);
#6017=ORIENTED_EDGE('',*,*,#6016,.T.);
#6019=ORIENTED_EDGE('',*,*,#6018,.F.);
#6020=ORIENTED_EDGE('',*,*,#5998,.F.);
#6021=EDGE_LOOP('',(#6015,#6017,#6019,#6020));
#6022=FACE_OUTER_BOUND('',#6021,.F.);
#6023=ADVANCED_FACE('',(#6022),#6013,.T.);
#6024=CARTESIAN_POINT('',(2.58318E1,-3.84159E1,-9.8892E0));
#6025=DIRECTION('',(0.E0,0.E0,1.E0));
#6026=DIRECTION('',(-1.E0,0.E0,0.E0));
#6027=AXIS2_PLACEMENT_3D('',#6024,#6025,#6026);
#6028=CONICAL_SURFACE('',#6027,1.9939E0,1.588716850276E1);
#6029=ORIENTED_EDGE('',*,*,#6014,.F.);
#6030=ORIENTED_EDGE('',*,*,#6000,.T.);
#6031=ORIENTED_EDGE('',*,*,#6018,.T.);
#6033=ORIENTED_EDGE('',*,*,#6032,.F.);
#6034=EDGE_LOOP('',(#6029,#6030,#6031,#6033));
#6035=FACE_OUTER_BOUND('',#6034,.F.);
#6036=ADVANCED_FACE('',(#6035),#6028,.T.);
#6037=CARTESIAN_POINT('',(2.58318E1,-3.84159E1,-1.15402E1));
#6038=DIRECTION('',(0.E0,0.E0,-1.E0));
#6039=DIRECTION('',(1.E0,0.E0,0.E0));
#6040=AXIS2_PLACEMENT_3D('',#6037,#6038,#6039);
#6041=PLANE('',#6040);
#6042=ORIENTED_EDGE('',*,*,#6032,.T.);
#6043=ORIENTED_EDGE('',*,*,#6016,.F.);
#6044=EDGE_LOOP('',(#6042,#6043));
#6045=FACE_OUTER_BOUND('',#6044,.F.);
#6047=ORIENTED_EDGE('',*,*,#6046,.T.);
#6049=ORIENTED_EDGE('',*,*,#6048,.T.);
#6050=EDGE_LOOP('',(#6047,#6049));
#6051=FACE_BOUND('',#6050,.F.);
#6052=ADVANCED_FACE('',(#6045,#6051),#6041,.T.);
#6053=CARTESIAN_POINT('',(2.58318E1,-3.84159E1,-1.15402E1));
#6054=DIRECTION('',(0.E0,0.E0,-1.E0));
#6055=DIRECTION('',(1.E0,0.E0,0.E0));
#6056=AXIS2_PLACEMENT_3D('',#6053,#6054,#6055);
#6057=CYLINDRICAL_SURFACE('',#6056,1.016E0);
#6059=ORIENTED_EDGE('',*,*,#6058,.T.);
#6061=ORIENTED_EDGE('',*,*,#6060,.F.);
#6062=ORIENTED_EDGE('',*,*,#6046,.F.);
#6064=ORIENTED_EDGE('',*,*,#6063,.T.);
#6065=EDGE_LOOP('',(#6059,#6061,#6062,#6064));
#6066=FACE_OUTER_BOUND('',#6065,.F.);
#6067=ADVANCED_FACE('',(#6066),#6057,.F.);
#6068=CARTESIAN_POINT('',(0.E0,-4.1545E1,-6.06E0));
#6069=DIRECTION('',(0.E0,0.E0,-1.E0));
#6070=DIRECTION('',(0.E0,-1.E0,0.E0));
#6071=AXIS2_PLACEMENT_3D('',#6068,#6069,#6070);
#6072=PLANE('',#6071);
#6073=ORIENTED_EDGE('',*,*,#6058,.F.);
#6075=ORIENTED_EDGE('',*,*,#6074,.F.);
#6076=EDGE_LOOP('',(#6073,#6075));
#6077=FACE_OUTER_BOUND('',#6076,.F.);
#6078=ADVANCED_FACE('',(#6077),#6072,.T.);
#6079=CARTESIAN_POINT('',(2.58318E1,-3.84159E1,-1.15402E1));
#6080=DIRECTION('',(0.E0,0.E0,-1.E0));
#6081=DIRECTION('',(1.E0,0.E0,0.E0));
#6082=AXIS2_PLACEMENT_3D('',#6079,#6080,#6081);
#6083=CYLINDRICAL_SURFACE('',#6082,1.016E0);
#6084=ORIENTED_EDGE('',*,*,#6074,.T.);
#6085=ORIENTED_EDGE('',*,*,#6063,.F.);
#6086=ORIENTED_EDGE('',*,*,#6048,.F.);
#6087=ORIENTED_EDGE('',*,*,#6060,.T.);
#6088=EDGE_LOOP('',(#6084,#6085,#6086,#6087));
#6089=FACE_OUTER_BOUND('',#6088,.F.);
#6090=ADVANCED_FACE('',(#6089),#6083,.F.);
#6091=CARTESIAN_POINT('',(2.917244880672E1,-4.092606282631E1,
-3.571139409401E0));
#6092=CARTESIAN_POINT('',(2.916849418535E1,-4.092664129842E1,
-3.694662354289E0));
#6093=CARTESIAN_POINT('',(2.925779941761E1,-4.091357795283E1,
-3.779088748668E0));
#6094=CARTESIAN_POINT('',(2.937948613312E1,-4.089577792502E1,
-3.766866070970E0));
#6095=CARTESIAN_POINT('',(2.914205211356E1,-4.071826125476E1,
-3.571139409401E0));
#6096=CARTESIAN_POINT('',(2.913771823060E1,-4.071624697267E1,
-3.694662354289E0));
#6097=CARTESIAN_POINT('',(2.923558813717E1,-4.076173449550E1,
-3.779088748668E0));
#6098=CARTESIAN_POINT('',(2.936894502094E1,-4.082371549157E1,
-3.766866070970E0));
#6099=CARTESIAN_POINT('',(2.927938701760E1,-4.055937583622E1,
-3.571139409401E0));
#6100=CARTESIAN_POINT('',(2.927676667148E1,-4.055537913007E1,
-3.694662354289E0));
#6101=CARTESIAN_POINT('',(2.933594063444E1,-4.064563474182E1,
-3.779088748668E0));
#6102=CARTESIAN_POINT('',(2.941657068281E1,-4.076861643811E1,
-3.766866070970E0));
#6103=CARTESIAN_POINT('',(2.948939999838E1,-4.055937583516E1,
-3.571139409401E0));
#6104=CARTESIAN_POINT('',(2.948939999835E1,-4.055537912899E1,
-3.694662354289E0));
#6105=CARTESIAN_POINT('',(2.948939999881E1,-4.064563474104E1,
-3.779088748668E0));
#6106=CARTESIAN_POINT('',(2.948939999944E1,-4.076861643774E1,
-3.766866070970E0));
#6107=CARTESIAN_POINT('',(2.969941297915E1,-4.055937583409E1,
-3.571139409401E0));
#6108=CARTESIAN_POINT('',(2.970203332523E1,-4.055537912791E1,
-3.694662354289E0));
#6109=CARTESIAN_POINT('',(2.964285936319E1,-4.064563474026E1,
-3.779088748668E0));
#6110=CARTESIAN_POINT('',(2.956222931606E1,-4.076861643737E1,
-3.766866070970E0));
#6111=CARTESIAN_POINT('',(2.983674788480E1,-4.071826125124E1,
-3.571139409401E0));
#6112=CARTESIAN_POINT('',(2.984108176774E1,-4.071624696911E1,
-3.694662354289E0));
#6113=CARTESIAN_POINT('',(2.974321186164E1,-4.076173449292E1,
-3.779088748668E0));
#6114=CARTESIAN_POINT('',(2.960985497849E1,-4.082371549035E1,
-3.766866070970E0));
#6115=CARTESIAN_POINT('',(2.980635119375E1,-4.092606282310E1,
-3.571139409401E0));
#6116=CARTESIAN_POINT('',(2.981030581512E1,-4.092664129516E1,
-3.694662354289E0));
#6117=CARTESIAN_POINT('',(2.972100058274E1,-4.091357795048E1,
-3.779088748668E0));
#6118=CARTESIAN_POINT('',(2.959931386704E1,-4.089577792390E1,
-3.766866070970E0));
#6119=(BOUNDED_SURFACE()B_SPLINE_SURFACE(3,3,((#6091,#6092,#6093,#6094),(#6095,
#6096,#6097,#6098),(#6099,#6100,#6101,#6102),(#6103,#6104,#6105,#6106),(#6107,
#6108,#6109,#6110),(#6111,#6112,#6113,#6114),(#6115,#6116,#6117,#6118)),
.UNSPECIFIED.,.F.,.F.,.F.)B_SPLINE_SURFACE_WITH_KNOTS((4,3,4),(4,4),(0.E0,1.E0,
2.E0),(0.E0,1.E0),.UNSPECIFIED.)GEOMETRIC_REPRESENTATION_ITEM()RATIONAL_B_SPLINE_SURFACE(((1.457653649909E0,1.126431628082E0,1.126431628082E0,1.457653649909E0),(
1.121358682953E0,8.665528241097E-1,8.665528241097E-1,1.121358682953E0),(
1.121358682953E0,8.665528241097E-1,8.665528241097E-1,1.121358682953E0),(
1.457653649909E0,1.126431628082E0,1.126431628082E0,1.457653649909E0),(
1.121358682953E0,8.665528241097E-1,8.665528241097E-1,1.121358682953E0),(
1.121358682953E0,8.665528241097E-1,8.665528241097E-1,1.121358682953E0),(
1.457653649909E0,1.126431628082E0,1.126431628082E0,1.457653649909E0)))REPRESENTATION_ITEM('')SURFACE());
#6121=ORIENTED_EDGE('',*,*,#6120,.T.);
#6123=ORIENTED_EDGE('',*,*,#6122,.T.);
#6124=ORIENTED_EDGE('',*,*,#5664,.F.);
#6126=ORIENTED_EDGE('',*,*,#6125,.F.);
#6127=EDGE_LOOP('',(#6121,#6123,#6124,#6126));
#6128=FACE_OUTER_BOUND('',#6127,.F.);
#6129=ADVANCED_FACE('',(#6128),#6119,.T.);
#6130=CARTESIAN_POINT('',(2.58318E1,-3.84159E1,-3.7678E0));
#6131=DIRECTION('',(0.E0,0.E0,-1.E0));
#6132=DIRECTION('',(-1.E0,0.E0,0.E0));
#6133=AXIS2_PLACEMENT_3D('',#6130,#6131,#6132);
#6134=PLANE('',#6133);
#6135=ORIENTED_EDGE('',*,*,#6120,.F.);
#6137=ORIENTED_EDGE('',*,*,#6136,.F.);
#6138=EDGE_LOOP('',(#6135,#6137));
#6139=FACE_OUTER_BOUND('',#6138,.F.);
#6140=ADVANCED_FACE('',(#6139),#6134,.T.);
#6141=CARTESIAN_POINT('',(2.980635119328E1,-4.083333717369E1,
-3.571139409401E0));
#6142=CARTESIAN_POINT('',(2.981030581465E1,-4.083275870158E1,
-3.694662354289E0));
#6143=CARTESIAN_POINT('',(2.972100058239E1,-4.084582204717E1,
-3.779088748668E0));
#6144=CARTESIAN_POINT('',(2.959931386688E1,-4.086362207498E1,
-3.766866070970E0));
#6145=CARTESIAN_POINT('',(2.983674788644E1,-4.104113874524E1,
-3.571139409401E0));
#6146=CARTESIAN_POINT('',(2.984108176940E1,-4.104315302733E1,
-3.694662354289E0));
#6147=CARTESIAN_POINT('',(2.974321186283E1,-4.099766550450E1,
-3.779088748668E0));
#6148=CARTESIAN_POINT('',(2.960985497906E1,-4.093568450843E1,
-3.766866070970E0));
#6149=CARTESIAN_POINT('',(2.969941298240E1,-4.120002416378E1,
-3.571139409401E0));
#6150=CARTESIAN_POINT('',(2.970203332852E1,-4.120402086993E1,
-3.694662354289E0));
#6151=CARTESIAN_POINT('',(2.964285936556E1,-4.111376525818E1,
-3.779088748668E0));
#6152=CARTESIAN_POINT('',(2.956222931719E1,-4.099078356189E1,
-3.766866070970E0));
#6153=CARTESIAN_POINT('',(2.948940000163E1,-4.120002416484E1,
-3.571139409401E0));
#6154=CARTESIAN_POINT('',(2.948940000165E1,-4.120402087101E1,
-3.694662354289E0));
#6155=CARTESIAN_POINT('',(2.948940000119E1,-4.111376525896E1,
-3.779088748668E0));
#6156=CARTESIAN_POINT('',(2.948940000056E1,-4.099078356226E1,
-3.766866070970E0));
#6157=CARTESIAN_POINT('',(2.927938702085E1,-4.120002416591E1,
-3.571139409401E0));
#6158=CARTESIAN_POINT('',(2.927676667477E1,-4.120402087209E1,
-3.694662354289E0));
#6159=CARTESIAN_POINT('',(2.933594063681E1,-4.111376525974E1,
-3.779088748668E0));
#6160=CARTESIAN_POINT('',(2.941657068393E1,-4.099078356263E1,
-3.766866070970E0));
#6161=CARTESIAN_POINT('',(2.914205211520E1,-4.104113874876E1,
-3.571139409401E0));
#6162=CARTESIAN_POINT('',(2.913771823226E1,-4.104315303089E1,
-3.694662354289E0));
#6163=CARTESIAN_POINT('',(2.923558813836E1,-4.099766550708E1,
-3.779088748668E0));
#6164=CARTESIAN_POINT('',(2.936894502151E1,-4.093568450965E1,
-3.766866070970E0));
#6165=CARTESIAN_POINT('',(2.917244880625E1,-4.083333717690E1,
-3.571139409401E0));
#6166=CARTESIAN_POINT('',(2.916849418488E1,-4.083275870484E1,
-3.694662354289E0));
#6167=CARTESIAN_POINT('',(2.925779941726E1,-4.084582204952E1,
-3.779088748668E0));
#6168=CARTESIAN_POINT('',(2.937948613296E1,-4.086362207610E1,
-3.766866070970E0));
#6169=(BOUNDED_SURFACE()B_SPLINE_SURFACE(3,3,((#6141,#6142,#6143,#6144),(#6145,
#6146,#6147,#6148),(#6149,#6150,#6151,#6152),(#6153,#6154,#6155,#6156),(#6157,
#6158,#6159,#6160),(#6161,#6162,#6163,#6164),(#6165,#6166,#6167,#6168)),
.UNSPECIFIED.,.F.,.F.,.F.)B_SPLINE_SURFACE_WITH_KNOTS((4,3,4),(4,4),(0.E0,1.E0,
2.E0),(0.E0,1.E0),.UNSPECIFIED.)GEOMETRIC_REPRESENTATION_ITEM()RATIONAL_B_SPLINE_SURFACE(((1.457653649909E0,1.126431628082E0,1.126431628082E0,1.457653649909E0),(
1.121358682953E0,8.665528241097E-1,8.665528241097E-1,1.121358682953E0),(
1.121358682953E0,8.665528241097E-1,8.665528241097E-1,1.121358682953E0),(
1.457653649909E0,1.126431628082E0,1.126431628082E0,1.457653649909E0),(
1.121358682953E0,8.665528241097E-1,8.665528241097E-1,1.121358682953E0),(
1.121358682953E0,8.665528241097E-1,8.665528241097E-1,1.121358682953E0),(
1.457653649909E0,1.126431628082E0,1.126431628082E0,1.457653649909E0)))REPRESENTATION_ITEM('')SURFACE());
#6170=ORIENTED_EDGE('',*,*,#6136,.T.);
#6171=ORIENTED_EDGE('',*,*,#6125,.T.);
#6172=ORIENTED_EDGE('',*,*,#5666,.F.);
#6173=ORIENTED_EDGE('',*,*,#6122,.F.);
#6174=EDGE_LOOP('',(#6170,#6171,#6172,#6173));
#6175=FACE_OUTER_BOUND('',#6174,.F.);
#6176=ADVANCED_FACE('',(#6175),#6169,.T.);
#6177=CARTESIAN_POINT('',(3.119458507735E1,-4.19109E1,-1.05E0));
#6178=DIRECTION('',(0.E0,-9.999862922474E-1,5.235963831420E-3));
#6179=DIRECTION('',(-1.E0,0.E0,0.E0));
#6180=AXIS2_PLACEMENT_3D('',#6177,#6178,#6179);
#6181=PLANE('',#6180);
#6182=ORIENTED_EDGE('',*,*,#3272,.T.);
#6184=ORIENTED_EDGE('',*,*,#6183,.T.);
#6186=ORIENTED_EDGE('',*,*,#6185,.F.);
#6188=ORIENTED_EDGE('',*,*,#6187,.F.);
#6189=EDGE_LOOP('',(#6182,#6184,#6186,#6188));
#6190=FACE_OUTER_BOUND('',#6189,.F.);
#6191=ADVANCED_FACE('',(#6190),#6181,.T.);
#6192=CARTESIAN_POINT('',(2.113728894574E1,-4.139346001884E1,
-1.887083250251E-2));
#6193=CARTESIAN_POINT('',(2.113740715727E1,-4.139346226617E1,
3.709722499163E-3));
#6194=CARTESIAN_POINT('',(2.113752536881E1,-4.139346451349E1,
2.629027750084E-2));
#6195=CARTESIAN_POINT('',(2.113764358034E1,-4.139346676082E1,
4.887083250251E-2));
#6196=CARTESIAN_POINT('',(2.113722898016E1,-4.139661167615E1,
-1.887083250251E-2));
#6197=CARTESIAN_POINT('',(2.113734720574E1,-4.139661317360E1,
3.709722499163E-3));
#6198=CARTESIAN_POINT('',(2.113746543131E1,-4.139661467104E1,
2.629027750084E-2));
#6199=CARTESIAN_POINT('',(2.113758365689E1,-4.139661616849E1,
4.887083250251E-2));
#6200=CARTESIAN_POINT('',(2.113684284166E1,-4.143726531698E1,
-1.887083250251E-2));
#6201=CARTESIAN_POINT('',(2.113696115768E1,-4.143725715654E1,
3.709722499163E-3));
#6202=CARTESIAN_POINT('',(2.113707947370E1,-4.143724899610E1,
2.629027750084E-2));
#6203=CARTESIAN_POINT('',(2.113719778972E1,-4.143724083566E1,
4.887083250251E-2));
#6204=CARTESIAN_POINT('',(2.114567065134E1,-4.151573928760E1,
-1.887083250251E-2));
#6205=CARTESIAN_POINT('',(2.114578689963E1,-4.151571281428E1,
3.709722499163E-3));
#6206=CARTESIAN_POINT('',(2.114590314792E1,-4.151568634096E1,
2.629027750084E-2));
#6207=CARTESIAN_POINT('',(2.114601939621E1,-4.151565986764E1,
4.887083250251E-2));
#6208=CARTESIAN_POINT('',(2.118315307263E1,-4.162281225098E1,
-1.887083250251E-2));
#6209=CARTESIAN_POINT('',(2.118326048489E1,-4.162276049154E1,
3.709722499163E-3));
#6210=CARTESIAN_POINT('',(2.118336789714E1,-4.162270873210E1,
2.629027750084E-2));
#6211=CARTESIAN_POINT('',(2.118347530940E1,-4.162265697266E1,
4.887083250251E-2));
#6212=CARTESIAN_POINT('',(2.124353461840E1,-4.171892122492E1,
-1.887083250251E-2));
#6213=CARTESIAN_POINT('',(2.124362784526E1,-4.171884690119E1,
3.709722499163E-3));
#6214=CARTESIAN_POINT('',(2.124372107212E1,-4.171877257747E1,
2.629027750084E-2));
#6215=CARTESIAN_POINT('',(2.124381429899E1,-4.171869825374E1,
4.887083250251E-2));
#6216=CARTESIAN_POINT('',(2.132377879180E1,-4.179916539456E1,
-1.887083250251E-2));
#6217=CARTESIAN_POINT('',(2.132385311552E1,-4.179907216769E1,
3.709722499163E-3));
#6218=CARTESIAN_POINT('',(2.132392743924E1,-4.179897894083E1,
2.629027750084E-2));
#6219=CARTESIAN_POINT('',(2.132400176297E1,-4.179888571397E1,
4.887083250251E-2));
#6220=CARTESIAN_POINT('',(2.141988776290E1,-4.185954693330E1,
-1.887083250251E-2));
#6221=CARTESIAN_POINT('',(2.141993952233E1,-4.185943952104E1,
3.709722499163E-3));
#6222=CARTESIAN_POINT('',(2.141999128177E1,-4.185933210878E1,
2.629027750084E-2));
#6223=CARTESIAN_POINT('',(2.142004304121E1,-4.185922469652E1,
4.887083250251E-2));
#6224=CARTESIAN_POINT('',(2.152696071949E1,-4.189702934966E1,
-1.887083250251E-2));
#6225=CARTESIAN_POINT('',(2.152698719281E1,-4.189691310137E1,
3.709722499163E-3));
#6226=CARTESIAN_POINT('',(2.152701366613E1,-4.189679685308E1,
2.629027750084E-2));
#6227=CARTESIAN_POINT('',(2.152704013945E1,-4.189668060479E1,
4.887083250251E-2));
#6228=CARTESIAN_POINT('',(2.160543276102E1,-4.190585694190E1,
-1.887083250251E-2));
#6229=CARTESIAN_POINT('',(2.160544092191E1,-4.190573862593E1,
3.709722499163E-3));
#6230=CARTESIAN_POINT('',(2.160544908279E1,-4.190562030996E1,
2.629027750084E-2));
#6231=CARTESIAN_POINT('',(2.160545724368E1,-4.190550199400E1,
4.887083250251E-2));
#6232=CARTESIAN_POINT('',(2.164608449196E1,-4.190547105622E1,
-1.887083250251E-2));
#6233=CARTESIAN_POINT('',(2.164608299542E1,-4.190535283064E1,
3.709722499163E-3));
#6234=CARTESIAN_POINT('',(2.164608149888E1,-4.190523460506E1,
2.629027750084E-2));
#6235=CARTESIAN_POINT('',(2.164608000234E1,-4.190511637947E1,
4.887083250251E-2));
#6236=CARTESIAN_POINT('',(2.164923423636E1,-4.190541116353E1,
-1.887083250251E-2));
#6237=CARTESIAN_POINT('',(2.164923199040E1,-4.190529295197E1,
3.709722499163E-3));
#6238=CARTESIAN_POINT('',(2.164922974444E1,-4.190517474041E1,
2.629027750084E-2));
#6239=CARTESIAN_POINT('',(2.164922749848E1,-4.190505652885E1,
4.887083250251E-2));
#6240=B_SPLINE_SURFACE_WITH_KNOTS('',3,3,((#6192,#6193,#6194,#6195),(#6196,
#6197,#6198,#6199),(#6200,#6201,#6202,#6203),(#6204,#6205,#6206,#6207),(#6208,
#6209,#6210,#6211),(#6212,#6213,#6214,#6215),(#6216,#6217,#6218,#6219),(#6220,
#6221,#6222,#6223),(#6224,#6225,#6226,#6227),(#6228,#6229,#6230,#6231),(#6232,
#6233,#6234,#6235),(#6236,#6237,#6238,#6239)),.UNSPECIFIED.,.F.,.F.,.F.,(4,1,1,
1,1,1,1,1,1,4),(4,4),(-1.201301010028E-2,0.E0,1.428621487632E-1,
2.857195184538E-1,4.285735777036E-1,5.714264519631E-1,7.142805014436E-1,
8.571378581844E-1,1.E0,1.012005711051E0),(9.374030019589E-1,9.989871779623E-1),
.UNSPECIFIED.);
#6241=ORIENTED_EDGE('',*,*,#3286,.F.);
#6243=ORIENTED_EDGE('',*,*,#6242,.T.);
#6245=ORIENTED_EDGE('',*,*,#6244,.F.);
#6246=ORIENTED_EDGE('',*,*,#6183,.F.);
#6247=EDGE_LOOP('',(#6241,#6243,#6245,#6246));
#6248=FACE_OUTER_BOUND('',#6247,.F.);
#6249=ADVANCED_FACE('',(#6248),#6240,.T.);
#6250=CARTESIAN_POINT('',(2.11318E1,-4.257368507735E1,-1.05E0));
#6251=DIRECTION('',(-9.999862922474E-1,0.E0,5.235963831420E-3));
#6252=DIRECTION('',(0.E0,1.E0,0.E0));
#6253=AXIS2_PLACEMENT_3D('',#6250,#6251,#6252);
#6254=PLANE('',#6253);
#6255=ORIENTED_EDGE('',*,*,#3284,.T.);
#6257=ORIENTED_EDGE('',*,*,#6256,.T.);
#6259=ORIENTED_EDGE('',*,*,#6258,.F.);
#6260=ORIENTED_EDGE('',*,*,#6242,.F.);
#6261=EDGE_LOOP('',(#6255,#6257,#6259,#6260));
#6262=FACE_OUTER_BOUND('',#6261,.F.);
#6263=ADVANCED_FACE('',(#6262),#6254,.T.);
#6264=CARTESIAN_POINT('',(2.164923998116E1,-3.492638894574E1,
-1.887083250251E-2));
#6265=CARTESIAN_POINT('',(2.164923773383E1,-3.492650715727E1,
3.709722499163E-3));
#6266=CARTESIAN_POINT('',(2.164923548651E1,-3.492662536881E1,
2.629027750084E-2));
#6267=CARTESIAN_POINT('',(2.164923323918E1,-3.492674358034E1,
4.887083250251E-2));
#6268=CARTESIAN_POINT('',(2.164608832385E1,-3.492632898016E1,
-1.887083250251E-2));
#6269=CARTESIAN_POINT('',(2.164608682640E1,-3.492644720574E1,
3.709722499163E-3));
#6270=CARTESIAN_POINT('',(2.164608532896E1,-3.492656543131E1,
2.629027750084E-2));
#6271=CARTESIAN_POINT('',(2.164608383151E1,-3.492668365689E1,
4.887083250251E-2));
#6272=CARTESIAN_POINT('',(2.160543468302E1,-3.492594284166E1,
-1.887083250251E-2));
#6273=CARTESIAN_POINT('',(2.160544284346E1,-3.492606115768E1,
3.709722499163E-3));
#6274=CARTESIAN_POINT('',(2.160545100390E1,-3.492617947370E1,
2.629027750084E-2));
#6275=CARTESIAN_POINT('',(2.160545916434E1,-3.492629778972E1,
4.887083250251E-2));
#6276=CARTESIAN_POINT('',(2.152696071240E1,-3.493477065134E1,
-1.887083250251E-2));
#6277=CARTESIAN_POINT('',(2.152698718572E1,-3.493488689963E1,
3.709722499163E-3));
#6278=CARTESIAN_POINT('',(2.152701365904E1,-3.493500314792E1,
2.629027750084E-2));
#6279=CARTESIAN_POINT('',(2.152704013236E1,-3.493511939621E1,
4.887083250251E-2));
#6280=CARTESIAN_POINT('',(2.141988774902E1,-3.497225307263E1,
-1.887083250251E-2));
#6281=CARTESIAN_POINT('',(2.141993950846E1,-3.497236048489E1,
3.709722499163E-3));
#6282=CARTESIAN_POINT('',(2.141999126790E1,-3.497246789714E1,
2.629027750084E-2));
#6283=CARTESIAN_POINT('',(2.142004302734E1,-3.497257530940E1,
4.887083250251E-2));
#6284=CARTESIAN_POINT('',(2.132377877508E1,-3.503263461840E1,
-1.887083250251E-2));
#6285=CARTESIAN_POINT('',(2.132385309881E1,-3.503272784526E1,
3.709722499163E-3));
#6286=CARTESIAN_POINT('',(2.132392742253E1,-3.503282107212E1,
2.629027750084E-2));
#6287=CARTESIAN_POINT('',(2.132400174626E1,-3.503291429899E1,
4.887083250251E-2));
#6288=CARTESIAN_POINT('',(2.124353460544E1,-3.511287879180E1,
-1.887083250251E-2));
#6289=CARTESIAN_POINT('',(2.124362783231E1,-3.511295311552E1,
3.709722499163E-3));
#6290=CARTESIAN_POINT('',(2.124372105917E1,-3.511302743924E1,
2.629027750084E-2));
#6291=CARTESIAN_POINT('',(2.124381428603E1,-3.511310176297E1,
4.887083250251E-2));
#6292=CARTESIAN_POINT('',(2.118315306670E1,-3.520898776290E1,
-1.887083250251E-2));
#6293=CARTESIAN_POINT('',(2.118326047896E1,-3.520903952233E1,
3.709722499163E-3));
#6294=CARTESIAN_POINT('',(2.118336789122E1,-3.520909128177E1,
2.629027750084E-2));
#6295=CARTESIAN_POINT('',(2.118347530348E1,-3.520914304121E1,
4.887083250251E-2));
#6296=CARTESIAN_POINT('',(2.114567065034E1,-3.531606071949E1,
-1.887083250251E-2));
#6297=CARTESIAN_POINT('',(2.114578689863E1,-3.531608719281E1,
3.709722499163E-3));
#6298=CARTESIAN_POINT('',(2.114590314692E1,-3.531611366613E1,
2.629027750084E-2));
#6299=CARTESIAN_POINT('',(2.114601939521E1,-3.531614013945E1,
4.887083250251E-2));
#6300=CARTESIAN_POINT('',(2.113684305810E1,-3.539453276102E1,
-1.887083250251E-2));
#6301=CARTESIAN_POINT('',(2.113696137407E1,-3.539454092191E1,
3.709722499163E-3));
#6302=CARTESIAN_POINT('',(2.113707969004E1,-3.539454908279E1,
2.629027750084E-2));
#6303=CARTESIAN_POINT('',(2.113719800600E1,-3.539455724368E1,
4.887083250251E-2));
#6304=CARTESIAN_POINT('',(2.113722894378E1,-3.543518449196E1,
-1.887083250251E-2));
#6305=CARTESIAN_POINT('',(2.113734716936E1,-3.543518299542E1,
3.709722499163E-3));
#6306=CARTESIAN_POINT('',(2.113746539494E1,-3.543518149888E1,
2.629027750084E-2));
#6307=CARTESIAN_POINT('',(2.113758362053E1,-3.543518000234E1,
4.887083250251E-2));
#6308=CARTESIAN_POINT('',(2.113728883647E1,-3.543833423636E1,
-1.887083250251E-2));
#6309=CARTESIAN_POINT('',(2.113740704803E1,-3.543833199040E1,
3.709722499163E-3));
#6310=CARTESIAN_POINT('',(2.113752525959E1,-3.543832974444E1,
2.629027750084E-2));
#6311=CARTESIAN_POINT('',(2.113764347115E1,-3.543832749848E1,
4.887083250251E-2));
#6312=B_SPLINE_SURFACE_WITH_KNOTS('',3,3,((#6264,#6265,#6266,#6267),(#6268,
#6269,#6270,#6271),(#6272,#6273,#6274,#6275),(#6276,#6277,#6278,#6279),(#6280,
#6281,#6282,#6283),(#6284,#6285,#6286,#6287),(#6288,#6289,#6290,#6291),(#6292,
#6293,#6294,#6295),(#6296,#6297,#6298,#6299),(#6300,#6301,#6302,#6303),(#6304,
#6305,#6306,#6307),(#6308,#6309,#6310,#6311)),.UNSPECIFIED.,.F.,.F.,.F.,(4,1,1,
1,1,1,1,1,1,4),(4,4),(-1.201301010029E-2,0.E0,1.428621487632E-1,
2.857195184538E-1,4.285735777036E-1,5.714264519631E-1,7.142805014436E-1,
8.571378581844E-1,1.E0,1.012005711051E0),(9.374030019589E-1,9.989871779623E-1),
.UNSPECIFIED.);
#6313=ORIENTED_EDGE('',*,*,#3282,.F.);
#6315=ORIENTED_EDGE('',*,*,#6314,.T.);
#6317=ORIENTED_EDGE('',*,*,#6316,.F.);
#6318=ORIENTED_EDGE('',*,*,#6256,.F.);
#6319=EDGE_LOOP('',(#6313,#6315,#6317,#6318));
#6320=FACE_OUTER_BOUND('',#6319,.F.);
#6321=ADVANCED_FACE('',(#6320),#6312,.T.);
#6322=CARTESIAN_POINT('',(2.046901492265E1,-3.49209E1,-1.05E0));
#6323=DIRECTION('',(0.E0,9.999862922474E-1,5.235963831420E-3));
#6324=DIRECTION('',(1.E0,0.E0,0.E0));
#6325=AXIS2_PLACEMENT_3D('',#6322,#6323,#6324);
#6326=PLANE('',#6325);
#6327=ORIENTED_EDGE('',*,*,#3280,.T.);
#6329=ORIENTED_EDGE('',*,*,#6328,.T.);
#6331=ORIENTED_EDGE('',*,*,#6330,.F.);
#6332=ORIENTED_EDGE('',*,*,#6314,.F.);
#6333=EDGE_LOOP('',(#6327,#6329,#6331,#6332));
#6334=FACE_OUTER_BOUND('',#6333,.F.);
#6335=ADVANCED_FACE('',(#6334),#6326,.T.);
#6336=CARTESIAN_POINT('',(3.052631105426E1,-3.543833998116E1,
-1.887083250251E-2));
#6337=CARTESIAN_POINT('',(3.052619284273E1,-3.543833773383E1,
3.709722499163E-3));
#6338=CARTESIAN_POINT('',(3.052607463119E1,-3.543833548651E1,
2.629027750084E-2));
#6339=CARTESIAN_POINT('',(3.052595641966E1,-3.543833323918E1,
4.887083250251E-2));
#6340=CARTESIAN_POINT('',(3.052637101984E1,-3.543518832385E1,
-1.887083250251E-2));
#6341=CARTESIAN_POINT('',(3.052625279426E1,-3.543518682640E1,
3.709722499163E-3));
#6342=CARTESIAN_POINT('',(3.052613456869E1,-3.543518532896E1,
2.629027750084E-2));
#6343=CARTESIAN_POINT('',(3.052601634311E1,-3.543518383151E1,
4.887083250251E-2));
#6344=CARTESIAN_POINT('',(3.052675715834E1,-3.539453468302E1,
-1.887083250251E-2));
#6345=CARTESIAN_POINT('',(3.052663884232E1,-3.539454284346E1,
3.709722499163E-3));
#6346=CARTESIAN_POINT('',(3.052652052630E1,-3.539455100390E1,
2.629027750084E-2));
#6347=CARTESIAN_POINT('',(3.052640221028E1,-3.539455916434E1,
4.887083250251E-2));
#6348=CARTESIAN_POINT('',(3.051792934866E1,-3.531606071240E1,
-1.887083250251E-2));
#6349=CARTESIAN_POINT('',(3.051781310037E1,-3.531608718572E1,
3.709722499163E-3));
#6350=CARTESIAN_POINT('',(3.051769685208E1,-3.531611365904E1,
2.629027750084E-2));
#6351=CARTESIAN_POINT('',(3.051758060379E1,-3.531614013236E1,
4.887083250251E-2));
#6352=CARTESIAN_POINT('',(3.048044692737E1,-3.520898774902E1,
-1.887083250251E-2));
#6353=CARTESIAN_POINT('',(3.048033951511E1,-3.520903950846E1,
3.709722499163E-3));
#6354=CARTESIAN_POINT('',(3.048023210286E1,-3.520909126790E1,
2.629027750084E-2));
#6355=CARTESIAN_POINT('',(3.048012469060E1,-3.520914302734E1,
4.887083250251E-2));
#6356=CARTESIAN_POINT('',(3.042006538160E1,-3.511287877508E1,
-1.887083250251E-2));
#6357=CARTESIAN_POINT('',(3.041997215474E1,-3.511295309881E1,
3.709722499163E-3));
#6358=CARTESIAN_POINT('',(3.041987892788E1,-3.511302742253E1,
2.629027750084E-2));
#6359=CARTESIAN_POINT('',(3.041978570101E1,-3.511310174626E1,
4.887083250251E-2));
#6360=CARTESIAN_POINT('',(3.033982120820E1,-3.503263460544E1,
-1.887083250251E-2));
#6361=CARTESIAN_POINT('',(3.033974688448E1,-3.503272783231E1,
3.709722499163E-3));
#6362=CARTESIAN_POINT('',(3.033967256076E1,-3.503282105917E1,
2.629027750084E-2));
#6363=CARTESIAN_POINT('',(3.033959823703E1,-3.503291428603E1,
4.887083250251E-2));
#6364=CARTESIAN_POINT('',(3.024371223710E1,-3.497225306670E1,
-1.887083250251E-2));
#6365=CARTESIAN_POINT('',(3.024366047767E1,-3.497236047896E1,
3.709722499163E-3));
#6366=CARTESIAN_POINT('',(3.024360871823E1,-3.497246789122E1,
2.629027750084E-2));
#6367=CARTESIAN_POINT('',(3.024355695879E1,-3.497257530348E1,
4.887083250251E-2));
#6368=CARTESIAN_POINT('',(3.013663928051E1,-3.493477065034E1,
-1.887083250251E-2));
#6369=CARTESIAN_POINT('',(3.013661280719E1,-3.493488689863E1,
3.709722499163E-3));
#6370=CARTESIAN_POINT('',(3.013658633387E1,-3.493500314692E1,
2.629027750084E-2));
#6371=CARTESIAN_POINT('',(3.013655986055E1,-3.493511939521E1,
4.887083250251E-2));
#6372=CARTESIAN_POINT('',(3.005816723898E1,-3.492594305810E1,
-1.887083250251E-2));
#6373=CARTESIAN_POINT('',(3.005815907810E1,-3.492606137407E1,
3.709722499163E-3));
#6374=CARTESIAN_POINT('',(3.005815091721E1,-3.492617969004E1,
2.629027750084E-2));
#6375=CARTESIAN_POINT('',(3.005814275632E1,-3.492629800600E1,
4.887083250251E-2));
#6376=CARTESIAN_POINT('',(3.001751550804E1,-3.492632894378E1,
-1.887083250251E-2));
#6377=CARTESIAN_POINT('',(3.001751700458E1,-3.492644716936E1,
3.709722499163E-3));
#6378=CARTESIAN_POINT('',(3.001751850112E1,-3.492656539494E1,
2.629027750084E-2));
#6379=CARTESIAN_POINT('',(3.001751999766E1,-3.492668362053E1,
4.887083250251E-2));
#6380=CARTESIAN_POINT('',(3.001436576364E1,-3.492638883647E1,
-1.887083250251E-2));
#6381=CARTESIAN_POINT('',(3.001436800960E1,-3.492650704803E1,
3.709722499163E-3));
#6382=CARTESIAN_POINT('',(3.001437025556E1,-3.492662525959E1,
2.629027750084E-2));
#6383=CARTESIAN_POINT('',(3.001437250152E1,-3.492674347115E1,
4.887083250251E-2));
#6384=B_SPLINE_SURFACE_WITH_KNOTS('',3,3,((#6336,#6337,#6338,#6339),(#6340,
#6341,#6342,#6343),(#6344,#6345,#6346,#6347),(#6348,#6349,#6350,#6351),(#6352,
#6353,#6354,#6355),(#6356,#6357,#6358,#6359),(#6360,#6361,#6362,#6363),(#6364,
#6365,#6366,#6367),(#6368,#6369,#6370,#6371),(#6372,#6373,#6374,#6375),(#6376,
#6377,#6378,#6379),(#6380,#6381,#6382,#6383)),.UNSPECIFIED.,.F.,.F.,.F.,(4,1,1,
1,1,1,1,1,1,4),(4,4),(-1.201301010028E-2,0.E0,1.428621487632E-1,
2.857195184538E-1,4.285735777036E-1,5.714264519631E-1,7.142805014436E-1,
8.571378581844E-1,1.E0,1.012005711051E0),(9.374030019589E-1,9.989871779623E-1),
.UNSPECIFIED.);
#6385=ORIENTED_EDGE('',*,*,#3278,.F.);
#6387=ORIENTED_EDGE('',*,*,#6386,.T.);
#6389=ORIENTED_EDGE('',*,*,#6388,.F.);
#6390=ORIENTED_EDGE('',*,*,#6328,.F.);
#6391=EDGE_LOOP('',(#6385,#6387,#6389,#6390));
#6392=FACE_OUTER_BOUND('',#6391,.F.);
#6393=ADVANCED_FACE('',(#6392),#6384,.T.);
#6394=CARTESIAN_POINT('',(3.05318E1,-3.425811492265E1,-1.05E0));
#6395=DIRECTION('',(9.999862922474E-1,0.E0,5.235963831420E-3));
#6396=DIRECTION('',(0.E0,-1.E0,0.E0));
#6397=AXIS2_PLACEMENT_3D('',#6394,#6395,#6396);
#6398=PLANE('',#6397);
#6399=ORIENTED_EDGE('',*,*,#3276,.T.);
#6401=ORIENTED_EDGE('',*,*,#6400,.T.);
#6403=ORIENTED_EDGE('',*,*,#6402,.F.);
#6404=ORIENTED_EDGE('',*,*,#6386,.F.);
#6405=EDGE_LOOP('',(#6399,#6401,#6403,#6404));
#6406=FACE_OUTER_BOUND('',#6405,.F.);
#6407=ADVANCED_FACE('',(#6406),#6398,.T.);
#6408=CARTESIAN_POINT('',(3.001436001884E1,-4.190541105426E1,
-1.887083250251E-2));
#6409=CARTESIAN_POINT('',(3.001436226617E1,-4.190529284273E1,
3.709722499163E-3));
#6410=CARTESIAN_POINT('',(3.001436451349E1,-4.190517463119E1,
2.629027750084E-2));
#6411=CARTESIAN_POINT('',(3.001436676082E1,-4.190505641966E1,
4.887083250251E-2));
#6412=CARTESIAN_POINT('',(3.001751167615E1,-4.190547101984E1,
-1.887083250251E-2));
#6413=CARTESIAN_POINT('',(3.001751317360E1,-4.190535279426E1,
3.709722499163E-3));
#6414=CARTESIAN_POINT('',(3.001751467104E1,-4.190523456869E1,
2.629027750084E-2));
#6415=CARTESIAN_POINT('',(3.001751616849E1,-4.190511634311E1,
4.887083250251E-2));
#6416=CARTESIAN_POINT('',(3.005816531698E1,-4.190585715834E1,
-1.887083250251E-2));
#6417=CARTESIAN_POINT('',(3.005815715654E1,-4.190573884232E1,
3.709722499163E-3));
#6418=CARTESIAN_POINT('',(3.005814899610E1,-4.190562052630E1,
2.629027750084E-2));
#6419=CARTESIAN_POINT('',(3.005814083566E1,-4.190550221028E1,
4.887083250251E-2));
#6420=CARTESIAN_POINT('',(3.013663928760E1,-4.189702934866E1,
-1.887083250251E-2));
#6421=CARTESIAN_POINT('',(3.013661281428E1,-4.189691310037E1,
3.709722499163E-3));
#6422=CARTESIAN_POINT('',(3.013658634096E1,-4.189679685208E1,
2.629027750084E-2));
#6423=CARTESIAN_POINT('',(3.013655986764E1,-4.189668060379E1,
4.887083250251E-2));
#6424=CARTESIAN_POINT('',(3.024371225098E1,-4.185954692737E1,
-1.887083250251E-2));
#6425=CARTESIAN_POINT('',(3.024366049154E1,-4.185943951511E1,
3.709722499163E-3));
#6426=CARTESIAN_POINT('',(3.024360873210E1,-4.185933210286E1,
2.629027750084E-2));
#6427=CARTESIAN_POINT('',(3.024355697266E1,-4.185922469060E1,
4.887083250251E-2));
#6428=CARTESIAN_POINT('',(3.033982122492E1,-4.179916538160E1,
-1.887083250251E-2));
#6429=CARTESIAN_POINT('',(3.033974690119E1,-4.179907215474E1,
3.709722499163E-3));
#6430=CARTESIAN_POINT('',(3.033967257747E1,-4.179897892788E1,
2.629027750084E-2));
#6431=CARTESIAN_POINT('',(3.033959825374E1,-4.179888570101E1,
4.887083250251E-2));
#6432=CARTESIAN_POINT('',(3.042006539456E1,-4.171892120820E1,
-1.887083250251E-2));
#6433=CARTESIAN_POINT('',(3.041997216769E1,-4.171884688448E1,
3.709722499163E-3));
#6434=CARTESIAN_POINT('',(3.041987894083E1,-4.171877256076E1,
2.629027750084E-2));
#6435=CARTESIAN_POINT('',(3.041978571397E1,-4.171869823703E1,
4.887083250251E-2));
#6436=CARTESIAN_POINT('',(3.048044693330E1,-4.162281223710E1,
-1.887083250251E-2));
#6437=CARTESIAN_POINT('',(3.048033952104E1,-4.162276047767E1,
3.709722499163E-3));
#6438=CARTESIAN_POINT('',(3.048023210878E1,-4.162270871823E1,
2.629027750084E-2));
#6439=CARTESIAN_POINT('',(3.048012469652E1,-4.162265695879E1,
4.887083250251E-2));
#6440=CARTESIAN_POINT('',(3.051792934966E1,-4.151573928051E1,
-1.887083250251E-2));
#6441=CARTESIAN_POINT('',(3.051781310137E1,-4.151571280719E1,
3.709722499163E-3));
#6442=CARTESIAN_POINT('',(3.051769685308E1,-4.151568633387E1,
2.629027750084E-2));
#6443=CARTESIAN_POINT('',(3.051758060479E1,-4.151565986055E1,
4.887083250251E-2));
#6444=CARTESIAN_POINT('',(3.052675694190E1,-4.143726723898E1,
-1.887083250251E-2));
#6445=CARTESIAN_POINT('',(3.052663862593E1,-4.143725907809E1,
3.709722499163E-3));
#6446=CARTESIAN_POINT('',(3.052652030996E1,-4.143725091721E1,
2.629027750084E-2));
#6447=CARTESIAN_POINT('',(3.052640199400E1,-4.143724275632E1,
4.887083250251E-2));
#6448=CARTESIAN_POINT('',(3.052637105622E1,-4.139661550804E1,
-1.887083250251E-2));
#6449=CARTESIAN_POINT('',(3.052625283064E1,-4.139661700458E1,
3.709722499163E-3));
#6450=CARTESIAN_POINT('',(3.052613460506E1,-4.139661850112E1,
2.629027750084E-2));
#6451=CARTESIAN_POINT('',(3.052601637947E1,-4.139661999766E1,
4.887083250251E-2));
#6452=CARTESIAN_POINT('',(3.052631116353E1,-4.139346576364E1,
-1.887083250251E-2));
#6453=CARTESIAN_POINT('',(3.052619295197E1,-4.139346800960E1,
3.709722499163E-3));
#6454=CARTESIAN_POINT('',(3.052607474041E1,-4.139347025556E1,
2.629027750084E-2));
#6455=CARTESIAN_POINT('',(3.052595652885E1,-4.139347250152E1,
4.887083250251E-2));
#6456=B_SPLINE_SURFACE_WITH_KNOTS('',3,3,((#6408,#6409,#6410,#6411),(#6412,
#6413,#6414,#6415),(#6416,#6417,#6418,#6419),(#6420,#6421,#6422,#6423),(#6424,
#6425,#6426,#6427),(#6428,#6429,#6430,#6431),(#6432,#6433,#6434,#6435),(#6436,
#6437,#6438,#6439),(#6440,#6441,#6442,#6443),(#6444,#6445,#6446,#6447),(#6448,
#6449,#6450,#6451),(#6452,#6453,#6454,#6455)),.UNSPECIFIED.,.F.,.F.,.F.,(4,1,1,
1,1,1,1,1,1,4),(4,4),(-1.201301010029E-2,0.E0,1.428621487632E-1,
2.857195184538E-1,4.285735777036E-1,5.714264519631E-1,7.142805014436E-1,
8.571378581844E-1,1.E0,1.012005711051E0),(9.374030019589E-1,9.989871779623E-1),
.UNSPECIFIED.);
#6457=ORIENTED_EDGE('',*,*,#3274,.F.);
#6458=ORIENTED_EDGE('',*,*,#6187,.T.);
#6460=ORIENTED_EDGE('',*,*,#6459,.F.);
#6461=ORIENTED_EDGE('',*,*,#6400,.F.);
#6462=EDGE_LOOP('',(#6457,#6458,#6460,#6461));
#6463=FACE_OUTER_BOUND('',#6462,.F.);
#6464=ADVANCED_FACE('',(#6463),#6456,.T.);
#6465=CARTESIAN_POINT('',(2.58318E1,-3.84175E1,3.E-2));
#6466=DIRECTION('',(0.E0,0.E0,1.E0));
#6467=DIRECTION('',(-1.E0,0.E0,0.E0));
#6468=AXIS2_PLACEMENT_3D('',#6465,#6466,#6467);
#6469=PLANE('',#6468);
#6471=ORIENTED_EDGE('',*,*,#6470,.F.);
#6473=ORIENTED_EDGE('',*,*,#6472,.F.);
#6475=ORIENTED_EDGE('',*,*,#6474,.F.);
#6477=ORIENTED_EDGE('',*,*,#6476,.F.);
#6479=ORIENTED_EDGE('',*,*,#6478,.F.);
#6481=ORIENTED_EDGE('',*,*,#6480,.T.);
#6483=ORIENTED_EDGE('',*,*,#6482,.F.);
#6485=ORIENTED_EDGE('',*,*,#6484,.T.);
#6486=EDGE_LOOP('',(#6471,#6473,#6475,#6477,#6479,#6481,#6483,#6485));
#6487=FACE_OUTER_BOUND('',#6486,.F.);
#6488=ORIENTED_EDGE('',*,*,#6185,.T.);
#6489=ORIENTED_EDGE('',*,*,#6244,.T.);
#6490=ORIENTED_EDGE('',*,*,#6258,.T.);
#6491=ORIENTED_EDGE('',*,*,#6316,.T.);
#6492=ORIENTED_EDGE('',*,*,#6330,.T.);
#6493=ORIENTED_EDGE('',*,*,#6388,.T.);
#6494=ORIENTED_EDGE('',*,*,#6402,.T.);
#6495=ORIENTED_EDGE('',*,*,#6459,.T.);
#6496=EDGE_LOOP('',(#6488,#6489,#6490,#6491,#6492,#6493,#6494,#6495));
#6497=FACE_BOUND('',#6496,.F.);
#6498=ADVANCED_FACE('',(#6487,#6497),#6469,.F.);
#6499=CARTESIAN_POINT('',(2.166213037899E1,-4.138216962101E1,2.586591402805E0));
#6500=DIRECTION('',(-8.726203243944E-3,-8.726203243944E-3,-9.999238504776E-1));
#6501=DIRECTION('',(0.E0,-9.999619230642E-1,8.726535498374E-3));
#6502=AXIS2_PLACEMENT_3D('',#6499,#6500,#6501);
#6503=CYLINDRICAL_SURFACE('',#6502,5.08E-1);
#6505=ORIENTED_EDGE('',*,*,#6504,.T.);
#6507=ORIENTED_EDGE('',*,*,#6506,.T.);
#6508=ORIENTED_EDGE('',*,*,#6470,.T.);
#6510=ORIENTED_EDGE('',*,*,#6509,.F.);
#6511=EDGE_LOOP('',(#6505,#6507,#6508,#6510));
#6512=FACE_OUTER_BOUND('',#6511,.F.);
#6513=ADVANCED_FACE('',(#6512),#6503,.T.);
#6514=CARTESIAN_POINT('',(2.156969667258E1,-4.137801703602E1,2.569554920005E0));
#6515=CARTESIAN_POINT('',(2.156964478886E1,-4.137860756519E1,2.569554920005E0));
#6516=CARTESIAN_POINT('',(2.156904549139E1,-4.138631954676E1,2.569554920005E0));
#6517=CARTESIAN_POINT('',(2.156983551427E1,-4.140133300278E1,2.569554920005E0));
#6518=CARTESIAN_POINT('',(2.157609588982E1,-4.142202449271E1,2.569554920005E0));
#6519=CARTESIAN_POINT('',(2.158711177389E1,-4.144063428652E1,2.569554920005E0));
#6520=CARTESIAN_POINT('',(2.160224796319E1,-4.145607657079E1,2.569554920005E0));
#6521=CARTESIAN_POINT('',(2.162063348876E1,-4.146746276694E1,2.569554920005E0));
#6522=CARTESIAN_POINT('',(2.164119547120E1,-4.147413606908E1,2.569554920005E0));
#6523=CARTESIAN_POINT('',(2.165678243695E1,-4.147526953154E1,2.569554920005E0));
#6524=CARTESIAN_POINT('',(2.166508558922E1,-4.147470821042E1,2.569554920005E0));
#6525=CARTESIAN_POINT('',(2.166626073726E1,-4.147460495026E1,2.569554920005E0));
#6526=CARTESIAN_POINT('',(2.132038980560E1,-4.135612843684E1,2.581370894683E0));
#6527=CARTESIAN_POINT('',(2.132019194281E1,-4.135837688843E1,2.581370894683E0));
#6528=CARTESIAN_POINT('',(2.131790649883E1,-4.138774046383E1,2.581370894683E0));
#6529=CARTESIAN_POINT('',(2.132091887749E1,-4.144490589941E1,2.581370894683E0));
#6530=CARTESIAN_POINT('',(2.134475521241E1,-4.152369501706E1,2.581370894683E0));
#6531=CARTESIAN_POINT('',(2.138670325774E1,-4.159455985102E1,2.581370894683E0));
#6532=CARTESIAN_POINT('',(2.144434139702E1,-4.165336359759E1,2.581370894683E0));
#6533=CARTESIAN_POINT('',(2.151435235842E1,-4.169672185825E1,2.581370894683E0));
#6534=CARTESIAN_POINT('',(2.159264864470E1,-4.172213062990E1,2.581370894683E0));
#6535=CARTESIAN_POINT('',(2.165199794215E1,-4.172645088076E1,2.581370894683E0));
#6536=CARTESIAN_POINT('',(2.168361257530E1,-4.172430927064E1,2.581370894683E0));
#6537=CARTESIAN_POINT('',(2.168808699300E1,-4.172391532089E1,2.581370894683E0));
#6538=CARTESIAN_POINT('',(2.114313846544E1,-4.134056615576E1,2.404983297486E0));
#6539=CARTESIAN_POINT('',(2.114283681495E1,-4.134399335134E1,2.404983297486E0));
#6540=CARTESIAN_POINT('',(2.113935256031E1,-4.138875070256E1,2.404983297486E0));
#6541=CARTESIAN_POINT('',(2.114394498185E1,-4.147588520782E1,2.404983297486E0));
#6542=CARTESIAN_POINT('',(2.118027741201E1,-4.159598037732E1,2.404983297486E0));
#6543=CARTESIAN_POINT('',(2.124421749913E1,-4.170399732029E1,2.404983297486E0));
#6544=CARTESIAN_POINT('',(2.133207352885E1,-4.179363005042E1,2.404983297486E0));
#6545=CARTESIAN_POINT('',(2.143878896534E1,-4.185971969972E1,2.404983297486E0));
#6546=CARTESIAN_POINT('',(2.155813298871E1,-4.189844895113E1,2.404983297486E0));
#6547=CARTESIAN_POINT('',(2.164859627846E1,-4.190503493386E1,2.404983297486E0));
#6548=CARTESIAN_POINT('',(2.169678482824E1,-4.190176977530E1,2.404983297486E0));
#6549=CARTESIAN_POINT('',(2.170360494936E1,-4.190116915206E1,2.404983297486E0));
#6550=CARTESIAN_POINT('',(2.115273303409E1,-4.134140853797E1,2.154623138707E0));
#6551=CARTESIAN_POINT('',(2.115243700161E1,-4.134477192844E1,2.154623138707E0));
#6552=CARTESIAN_POINT('',(2.114901763827E1,-4.138869601861E1,2.154623138707E0));
#6553=CARTESIAN_POINT('',(2.115352453251E1,-4.147420830596E1,2.154623138707E0));
#6554=CARTESIAN_POINT('',(2.118918055230E1,-4.159206758969E1,2.154623138707E0));
#6555=CARTESIAN_POINT('',(2.125193021596E1,-4.169807349872E1,2.154623138707E0));
#6556=CARTESIAN_POINT('',(2.133815055917E1,-4.178603746403E1,2.154623138707E0));
#6557=CARTESIAN_POINT('',(2.144287919203E1,-4.185089666922E1,2.154623138707E0));
#6558=CARTESIAN_POINT('',(2.156000131213E1,-4.188890488655E1,2.154623138707E0));
#6559=CARTESIAN_POINT('',(2.164878040962E1,-4.189536822580E1,2.154623138707E0));
#6560=CARTESIAN_POINT('',(2.169607181763E1,-4.189216388462E1,2.154623138707E0));
#6561=CARTESIAN_POINT('',(2.170276496645E1,-4.189157444857E1,2.154623138707E0));
#6562=(BOUNDED_SURFACE()B_SPLINE_SURFACE(3,3,((#6514,#6515,#6516,#6517,#6518,
#6519,#6520,#6521,#6522,#6523,#6524,#6525),(#6526,#6527,#6528,#6529,#6530,#6531,
#6532,#6533,#6534,#6535,#6536,#6537),(#6538,#6539,#6540,#6541,#6542,#6543,#6544,
#6545,#6546,#6547,#6548,#6549),(#6550,#6551,#6552,#6553,#6554,#6555,#6556,#6557,
#6558,#6559,#6560,#6561)),.UNSPECIFIED.,.F.,.F.,.F.)B_SPLINE_SURFACE_WITH_KNOTS(
(4,4),(4,1,1,1,1,1,1,1,1,4),(0.E0,1.E0),(-1.186104420272E-2,0.E0,
1.428576038679E-1,2.857147083422E-1,4.285716981673E-1,5.714283885608E-1,
7.142853607648E-1,8.571424340871E-1,1.E0,1.023616934996E0),.UNSPECIFIED.)GEOMETRIC_REPRESENTATION_ITEM()RATIONAL_B_SPLINE_SURFACE(((1.193179886281E0,
1.193179886281E0,1.193179886281E0,1.193179886281E0,1.193179886281E0,
1.193179886281E0,1.193179886281E0,1.193179886281E0,1.193179886281E0,
1.193179886281E0,1.193179886281E0,1.193179886281E0),(9.356067045730E-1,
9.356067045730E-1,9.356067045730E-1,9.356067045730E-1,9.356067045730E-1,
9.356067045730E-1,9.356067045730E-1,9.356067045730E-1,9.356067045730E-1,
9.356067045730E-1,9.356067045730E-1,9.356067045730E-1),(9.356067045730E-1,
9.356067045730E-1,9.356067045730E-1,9.356067045730E-1,9.356067045730E-1,
9.356067045730E-1,9.356067045730E-1,9.356067045730E-1,9.356067045730E-1,
9.356067045730E-1,9.356067045730E-1,9.356067045730E-1),(1.193179886281E0,
1.193179886281E0,1.193179886281E0,1.193179886281E0,1.193179886281E0,
1.193179886281E0,1.193179886281E0,1.193179886281E0,1.193179886281E0,
1.193179886281E0,1.193179886281E0,1.193179886281E0)))REPRESENTATION_ITEM('')SURFACE());
#6564=ORIENTED_EDGE('',*,*,#6563,.T.);
#6566=ORIENTED_EDGE('',*,*,#6565,.T.);
#6567=ORIENTED_EDGE('',*,*,#6504,.F.);
#6569=ORIENTED_EDGE('',*,*,#6568,.F.);
#6570=EDGE_LOOP('',(#6564,#6566,#6567,#6569));
#6571=FACE_OUTER_BOUND('',#6570,.F.);
#6572=ADVANCED_FACE('',(#6571),#6562,.T.);
#6573=CARTESIAN_POINT('',(2.58318E1,-3.84175E1,2.57E0));
#6574=DIRECTION('',(0.E0,0.E0,1.E0));
#6575=DIRECTION('',(-1.E0,0.E0,0.E0));
#6576=AXIS2_PLACEMENT_3D('',#6573,#6574,#6575);
#6577=PLANE('',#6576);
#6579=ORIENTED_EDGE('',*,*,#6578,.F.);
#6581=ORIENTED_EDGE('',*,*,#6580,.F.);
#6582=ORIENTED_EDGE('',*,*,#6563,.F.);
#6584=ORIENTED_EDGE('',*,*,#6583,.F.);
#6586=ORIENTED_EDGE('',*,*,#6585,.F.);
#6588=ORIENTED_EDGE('',*,*,#6587,.F.);
#6590=ORIENTED_EDGE('',*,*,#6589,.F.);
#6592=ORIENTED_EDGE('',*,*,#6591,.F.);
#6593=EDGE_LOOP('',(#6579,#6581,#6582,#6584,#6586,#6588,#6590,#6592));
#6594=FACE_OUTER_BOUND('',#6593,.F.);
#6596=ORIENTED_EDGE('',*,*,#6595,.T.);
#6598=ORIENTED_EDGE('',*,*,#6597,.T.);
#6599=EDGE_LOOP('',(#6596,#6598));
#6600=FACE_BOUND('',#6599,.F.);
#6602=ORIENTED_EDGE('',*,*,#6601,.T.);
#6604=ORIENTED_EDGE('',*,*,#6603,.T.);
#6605=EDGE_LOOP('',(#6602,#6604));
#6606=FACE_BOUND('',#6605,.F.);
#6607=ADVANCED_FACE('',(#6594,#6600,#6606),#6577,.T.);
#6608=CARTESIAN_POINT('',(2.999731703602E1,-4.147460332742E1,2.569554920005E0));
#6609=CARTESIAN_POINT('',(2.999790756519E1,-4.147465521114E1,2.569554920005E0));
#6610=CARTESIAN_POINT('',(3.000561954676E1,-4.147525450861E1,2.569554920005E0));
#6611=CARTESIAN_POINT('',(3.002063300278E1,-4.147446448573E1,2.569554920005E0));
#6612=CARTESIAN_POINT('',(3.004132449271E1,-4.146820411018E1,2.569554920005E0));
#6613=CARTESIAN_POINT('',(3.005993428652E1,-4.145718822611E1,2.569554920005E0));
#6614=CARTESIAN_POINT('',(3.007537657079E1,-4.144205203681E1,2.569554920005E0));
#6615=CARTESIAN_POINT('',(3.008676276694E1,-4.142366651124E1,2.569554920005E0));
#6616=CARTESIAN_POINT('',(3.009343606908E1,-4.140310452880E1,2.569554920005E0));
#6617=CARTESIAN_POINT('',(3.009456953154E1,-4.138751756305E1,2.569554920005E0));
#6618=CARTESIAN_POINT('',(3.009400821042E1,-4.137921441078E1,2.569554920005E0));
#6619=CARTESIAN_POINT('',(3.009390495026E1,-4.137803926274E1,2.569554920005E0));
#6620=CARTESIAN_POINT('',(2.997542843684E1,-4.172391019440E1,2.581370894683E0));
#6621=CARTESIAN_POINT('',(2.997767688843E1,-4.172410805719E1,2.581370894683E0));
#6622=CARTESIAN_POINT('',(3.000704046383E1,-4.172639350117E1,2.581370894683E0));
#6623=CARTESIAN_POINT('',(3.006420589941E1,-4.172338112251E1,2.581370894683E0));
#6624=CARTESIAN_POINT('',(3.014299501706E1,-4.169954478759E1,2.581370894683E0));
#6625=CARTESIAN_POINT('',(3.021385985102E1,-4.165759674226E1,2.581370894683E0));
#6626=CARTESIAN_POINT('',(3.027266359759E1,-4.159995860298E1,2.581370894683E0));
#6627=CARTESIAN_POINT('',(3.031602185825E1,-4.152994764158E1,2.581370894683E0));
#6628=CARTESIAN_POINT('',(3.034143062990E1,-4.145165135530E1,2.581370894683E0));
#6629=CARTESIAN_POINT('',(3.034575088076E1,-4.139230205785E1,2.581370894683E0));
#6630=CARTESIAN_POINT('',(3.034360927064E1,-4.136068742470E1,2.581370894683E0));
#6631=CARTESIAN_POINT('',(3.034321532089E1,-4.135621300700E1,2.581370894683E0));
#6632=CARTESIAN_POINT('',(2.995986615576E1,-4.190116153456E1,2.404983297486E0));
#6633=CARTESIAN_POINT('',(2.996329335134E1,-4.190146318505E1,2.404983297486E0));
#6634=CARTESIAN_POINT('',(3.000805070256E1,-4.190494743969E1,2.404983297486E0));
#6635=CARTESIAN_POINT('',(3.009518520782E1,-4.190035501815E1,2.404983297486E0));
#6636=CARTESIAN_POINT('',(3.021528037732E1,-4.186402258799E1,2.404983297486E0));
#6637=CARTESIAN_POINT('',(3.032329732029E1,-4.180008250087E1,2.404983297486E0));
#6638=CARTESIAN_POINT('',(3.041293005042E1,-4.171222647115E1,2.404983297486E0));
#6639=CARTESIAN_POINT('',(3.047901969972E1,-4.160551103466E1,2.404983297486E0));
#6640=CARTESIAN_POINT('',(3.051774895113E1,-4.148616701129E1,2.404983297486E0));
#6641=CARTESIAN_POINT('',(3.052433493386E1,-4.139570372154E1,2.404983297486E0));
#6642=CARTESIAN_POINT('',(3.052106977530E1,-4.134751517176E1,2.404983297486E0));
#6643=CARTESIAN_POINT('',(3.052046915206E1,-4.134069505064E1,2.404983297486E0));
#6644=CARTESIAN_POINT('',(2.996070853797E1,-4.189156696591E1,2.154623138707E0));
#6645=CARTESIAN_POINT('',(2.996407192844E1,-4.189186299839E1,2.154623138707E0));
#6646=CARTESIAN_POINT('',(3.000799601861E1,-4.189528236173E1,2.154623138707E0));
#6647=CARTESIAN_POINT('',(3.009350830596E1,-4.189077546749E1,2.154623138707E0));
#6648=CARTESIAN_POINT('',(3.021136758969E1,-4.185511944770E1,2.154623138707E0));
#6649=CARTESIAN_POINT('',(3.031737349872E1,-4.179236978404E1,2.154623138707E0));
#6650=CARTESIAN_POINT('',(3.040533746403E1,-4.170614944083E1,2.154623138707E0));
#6651=CARTESIAN_POINT('',(3.047019666922E1,-4.160142080797E1,2.154623138707E0));
#6652=CARTESIAN_POINT('',(3.050820488655E1,-4.148429868787E1,2.154623138707E0));
#6653=CARTESIAN_POINT('',(3.051466822580E1,-4.139551959038E1,2.154623138707E0));
#6654=CARTESIAN_POINT('',(3.051146388462E1,-4.134822818237E1,2.154623138707E0));
#6655=CARTESIAN_POINT('',(3.051087444857E1,-4.134153503355E1,2.154623138707E0));
#6656=(BOUNDED_SURFACE()B_SPLINE_SURFACE(3,3,((#6608,#6609,#6610,#6611,#6612,
#6613,#6614,#6615,#6616,#6617,#6618,#6619),(#6620,#6621,#6622,#6623,#6624,#6625,
#6626,#6627,#6628,#6629,#6630,#6631),(#6632,#6633,#6634,#6635,#6636,#6637,#6638,
#6639,#6640,#6641,#6642,#6643),(#6644,#6645,#6646,#6647,#6648,#6649,#6650,#6651,
#6652,#6653,#6654,#6655)),.UNSPECIFIED.,.F.,.F.,.F.)B_SPLINE_SURFACE_WITH_KNOTS(
(4,4),(4,1,1,1,1,1,1,1,1,4),(0.E0,1.E0),(-1.186104420271E-2,0.E0,
1.428576038679E-1,2.857147083422E-1,4.285716981673E-1,5.714283885608E-1,
7.142853607648E-1,8.571424340871E-1,1.E0,1.023616934996E0),.UNSPECIFIED.)GEOMETRIC_REPRESENTATION_ITEM()RATIONAL_B_SPLINE_SURFACE(((1.193179886281E0,
1.193179886281E0,1.193179886281E0,1.193179886281E0,1.193179886281E0,
1.193179886281E0,1.193179886281E0,1.193179886281E0,1.193179886281E0,
1.193179886281E0,1.193179886281E0,1.193179886281E0),(9.356067045730E-1,
9.356067045730E-1,9.356067045730E-1,9.356067045730E-1,9.356067045730E-1,
9.356067045730E-1,9.356067045730E-1,9.356067045730E-1,9.356067045730E-1,
9.356067045730E-1,9.356067045730E-1,9.356067045730E-1),(9.356067045730E-1,
9.356067045730E-1,9.356067045730E-1,9.356067045730E-1,9.356067045730E-1,
9.356067045730E-1,9.356067045730E-1,9.356067045730E-1,9.356067045730E-1,
9.356067045730E-1,9.356067045730E-1,9.356067045730E-1),(1.193179886281E0,
1.193179886281E0,1.193179886281E0,1.193179886281E0,1.193179886281E0,
1.193179886281E0,1.193179886281E0,1.193179886281E0,1.193179886281E0,
1.193179886281E0,1.193179886281E0,1.193179886281E0)))REPRESENTATION_ITEM('')SURFACE());
#6657=ORIENTED_EDGE('',*,*,#6578,.T.);
#6659=ORIENTED_EDGE('',*,*,#6658,.T.);
#6661=ORIENTED_EDGE('',*,*,#6660,.F.);
#6663=ORIENTED_EDGE('',*,*,#6662,.F.);
#6664=EDGE_LOOP('',(#6657,#6659,#6661,#6663));
#6665=FACE_OUTER_BOUND('',#6664,.F.);
#6666=ADVANCED_FACE('',(#6665),#6656,.T.);
#6667=CARTESIAN_POINT('',(3.011310927157E1,-4.143886901566E1,2.17E0));
#6668=DIRECTION('',(0.E0,1.E0,0.E0));
#6669=DIRECTION('',(0.E0,0.E0,1.E0));
#6670=AXIS2_PLACEMENT_3D('',#6667,#6668,#6669);
#6671=CYLINDRICAL_SURFACE('',#6670,4.E-1);
#6672=ORIENTED_EDGE('',*,*,#6591,.T.);
#6674=ORIENTED_EDGE('',*,*,#6673,.T.);
#6676=ORIENTED_EDGE('',*,*,#6675,.F.);
#6677=ORIENTED_EDGE('',*,*,#6658,.F.);
#6678=EDGE_LOOP('',(#6672,#6674,#6676,#6677));
#6679=FACE_OUTER_BOUND('',#6678,.F.);
#6680=ADVANCED_FACE('',(#6679),#6671,.T.);
#6681=CARTESIAN_POINT('',(3.009390332742E1,-3.545698296398E1,2.569554920005E0));
#6682=CARTESIAN_POINT('',(3.009395521114E1,-3.545639243481E1,2.569554920005E0));
#6683=CARTESIAN_POINT('',(3.009455450861E1,-3.544868045324E1,2.569554920005E0));
#6684=CARTESIAN_POINT('',(3.009376448573E1,-3.543366699722E1,2.569554920005E0));
#6685=CARTESIAN_POINT('',(3.008750411018E1,-3.541297550729E1,2.569554920005E0));
#6686=CARTESIAN_POINT('',(3.007648822611E1,-3.539436571348E1,2.569554920005E0));
#6687=CARTESIAN_POINT('',(3.006135203681E1,-3.537892342921E1,2.569554920005E0));
#6688=CARTESIAN_POINT('',(3.004296651124E1,-3.536753723306E1,2.569554920005E0));
#6689=CARTESIAN_POINT('',(3.002240452880E1,-3.536086393092E1,2.569554920005E0));
#6690=CARTESIAN_POINT('',(3.000681756305E1,-3.535973046846E1,2.569554920005E0));
#6691=CARTESIAN_POINT('',(2.999851441078E1,-3.536029178958E1,2.569554920005E0));
#6692=CARTESIAN_POINT('',(2.999733926274E1,-3.536039504974E1,2.569554920005E0));
#6693=CARTESIAN_POINT('',(3.034321019440E1,-3.547887156316E1,2.581370894683E0));
#6694=CARTESIAN_POINT('',(3.034340805719E1,-3.547662311157E1,2.581370894683E0));
#6695=CARTESIAN_POINT('',(3.034569350117E1,-3.544725953617E1,2.581370894683E0));
#6696=CARTESIAN_POINT('',(3.034268112251E1,-3.539009410059E1,2.581370894683E0));
#6697=CARTESIAN_POINT('',(3.031884478759E1,-3.531130498294E1,2.581370894683E0));
#6698=CARTESIAN_POINT('',(3.027689674226E1,-3.524044014898E1,2.581370894683E0));
#6699=CARTESIAN_POINT('',(3.021925860298E1,-3.518163640241E1,2.581370894683E0));
#6700=CARTESIAN_POINT('',(3.014924764158E1,-3.513827814175E1,2.581370894683E0));
#6701=CARTESIAN_POINT('',(3.007095135530E1,-3.511286937010E1,2.581370894683E0));
#6702=CARTESIAN_POINT('',(3.001160205785E1,-3.510854911924E1,2.581370894683E0));
#6703=CARTESIAN_POINT('',(2.997998742470E1,-3.511069072936E1,2.581370894683E0));
#6704=CARTESIAN_POINT('',(2.997551300700E1,-3.511108467911E1,2.581370894683E0));
#6705=CARTESIAN_POINT('',(3.052046153456E1,-3.549443384424E1,2.404983297486E0));
#6706=CARTESIAN_POINT('',(3.052076318505E1,-3.549100664866E1,2.404983297486E0));
#6707=CARTESIAN_POINT('',(3.052424743969E1,-3.544624929744E1,2.404983297486E0));
#6708=CARTESIAN_POINT('',(3.051965501815E1,-3.535911479218E1,2.404983297486E0));
#6709=CARTESIAN_POINT('',(3.048332258799E1,-3.523901962268E1,2.404983297486E0));
#6710=CARTESIAN_POINT('',(3.041938250087E1,-3.513100267971E1,2.404983297486E0));
#6711=CARTESIAN_POINT('',(3.033152647115E1,-3.504136994958E1,2.404983297486E0));
#6712=CARTESIAN_POINT('',(3.022481103466E1,-3.497528030028E1,2.404983297486E0));
#6713=CARTESIAN_POINT('',(3.010546701129E1,-3.493655104887E1,2.404983297486E0));
#6714=CARTESIAN_POINT('',(3.001500372154E1,-3.492996506614E1,2.404983297486E0));
#6715=CARTESIAN_POINT('',(2.996681517176E1,-3.493323022470E1,2.404983297486E0));
#6716=CARTESIAN_POINT('',(2.995999505064E1,-3.493383084794E1,2.404983297486E0));
#6717=CARTESIAN_POINT('',(3.051086696591E1,-3.549359146203E1,2.154623138707E0));
#6718=CARTESIAN_POINT('',(3.051116299839E1,-3.549022807156E1,2.154623138707E0));
#6719=CARTESIAN_POINT('',(3.051458236173E1,-3.544630398139E1,2.154623138707E0));
#6720=CARTESIAN_POINT('',(3.051007546749E1,-3.536079169404E1,2.154623138707E0));
#6721=CARTESIAN_POINT('',(3.047441944770E1,-3.524293241031E1,2.154623138707E0));
#6722=CARTESIAN_POINT('',(3.041166978404E1,-3.513692650128E1,2.154623138707E0));
#6723=CARTESIAN_POINT('',(3.032544944083E1,-3.504896253597E1,2.154623138707E0));
#6724=CARTESIAN_POINT('',(3.022072080797E1,-3.498410333078E1,2.154623138707E0));
#6725=CARTESIAN_POINT('',(3.010359868787E1,-3.494609511345E1,2.154623138707E0));
#6726=CARTESIAN_POINT('',(3.001481959038E1,-3.493963177420E1,2.154623138707E0));
#6727=CARTESIAN_POINT('',(2.996752818237E1,-3.494283611538E1,2.154623138707E0));
#6728=CARTESIAN_POINT('',(2.996083503355E1,-3.494342555143E1,2.154623138707E0));
#6729=(BOUNDED_SURFACE()B_SPLINE_SURFACE(3,3,((#6681,#6682,#6683,#6684,#6685,
#6686,#6687,#6688,#6689,#6690,#6691,#6692),(#6693,#6694,#6695,#6696,#6697,#6698,
#6699,#6700,#6701,#6702,#6703,#6704),(#6705,#6706,#6707,#6708,#6709,#6710,#6711,
#6712,#6713,#6714,#6715,#6716),(#6717,#6718,#6719,#6720,#6721,#6722,#6723,#6724,
#6725,#6726,#6727,#6728)),.UNSPECIFIED.,.F.,.F.,.F.)B_SPLINE_SURFACE_WITH_KNOTS(
(4,4),(4,1,1,1,1,1,1,1,1,4),(0.E0,1.E0),(-1.186104420273E-2,0.E0,
1.428576038679E-1,2.857147083422E-1,4.285716981673E-1,5.714283885608E-1,
7.142853607648E-1,8.571424340871E-1,1.E0,1.023616934996E0),.UNSPECIFIED.)GEOMETRIC_REPRESENTATION_ITEM()RATIONAL_B_SPLINE_SURFACE(((1.193179886281E0,
1.193179886281E0,1.193179886281E0,1.193179886281E0,1.193179886281E0,
1.193179886281E0,1.193179886281E0,1.193179886281E0,1.193179886281E0,
1.193179886281E0,1.193179886281E0,1.193179886281E0),(9.356067045730E-1,
9.356067045730E-1,9.356067045730E-1,9.356067045730E-1,9.356067045730E-1,
9.356067045730E-1,9.356067045730E-1,9.356067045730E-1,9.356067045730E-1,
9.356067045730E-1,9.356067045730E-1,9.356067045730E-1),(9.356067045730E-1,
9.356067045730E-1,9.356067045730E-1,9.356067045730E-1,9.356067045730E-1,
9.356067045730E-1,9.356067045730E-1,9.356067045730E-1,9.356067045730E-1,
9.356067045730E-1,9.356067045730E-1,9.356067045730E-1),(1.193179886281E0,
1.193179886281E0,1.193179886281E0,1.193179886281E0,1.193179886281E0,
1.193179886281E0,1.193179886281E0,1.193179886281E0,1.193179886281E0,
1.193179886281E0,1.193179886281E0,1.193179886281E0)))REPRESENTATION_ITEM('')SURFACE());
#6730=ORIENTED_EDGE('',*,*,#6589,.T.);
#6732=ORIENTED_EDGE('',*,*,#6731,.T.);
#6734=ORIENTED_EDGE('',*,*,#6733,.F.);
#6735=ORIENTED_EDGE('',*,*,#6673,.F.);
#6736=EDGE_LOOP('',(#6730,#6732,#6734,#6735));
#6737=FACE_OUTER_BOUND('',#6736,.F.);
#6738=ADVANCED_FACE('',(#6737),#6729,.T.);
#6739=CARTESIAN_POINT('',(3.005816901566E1,-3.534119072843E1,2.17E0));
#6740=DIRECTION('',(-1.E0,0.E0,0.E0));
#6741=DIRECTION('',(0.E0,0.E0,1.E0));
#6742=AXIS2_PLACEMENT_3D('',#6739,#6740,#6741);
#6743=CYLINDRICAL_SURFACE('',#6742,4.E-1);
#6744=ORIENTED_EDGE('',*,*,#6587,.T.);
#6746=ORIENTED_EDGE('',*,*,#6745,.T.);
#6748=ORIENTED_EDGE('',*,*,#6747,.F.);
#6749=ORIENTED_EDGE('',*,*,#6731,.F.);
#6750=EDGE_LOOP('',(#6744,#6746,#6748,#6749));
#6751=FACE_OUTER_BOUND('',#6750,.F.);
#6752=ADVANCED_FACE('',(#6751),#6743,.T.);
#6753=CARTESIAN_POINT('',(2.166628296398E1,-3.536039667258E1,2.569554920005E0));
#6754=CARTESIAN_POINT('',(2.166569243481E1,-3.536034478886E1,2.569554920005E0));
#6755=CARTESIAN_POINT('',(2.165798045324E1,-3.535974549139E1,2.569554920005E0));
#6756=CARTESIAN_POINT('',(2.164296699722E1,-3.536053551427E1,2.569554920005E0));
#6757=CARTESIAN_POINT('',(2.162227550729E1,-3.536679588982E1,2.569554920005E0));
#6758=CARTESIAN_POINT('',(2.160366571348E1,-3.537781177389E1,2.569554920005E0));
#6759=CARTESIAN_POINT('',(2.158822342921E1,-3.539294796319E1,2.569554920005E0));
#6760=CARTESIAN_POINT('',(2.157683723306E1,-3.541133348876E1,2.569554920005E0));
#6761=CARTESIAN_POINT('',(2.157016393092E1,-3.543189547120E1,2.569554920005E0));
#6762=CARTESIAN_POINT('',(2.156903046846E1,-3.544748243695E1,2.569554920005E0));
#6763=CARTESIAN_POINT('',(2.156959178958E1,-3.545578558923E1,2.569554920005E0));
#6764=CARTESIAN_POINT('',(2.156969504974E1,-3.545696073726E1,2.569554920005E0));
#6765=CARTESIAN_POINT('',(2.168817156316E1,-3.511108980560E1,2.581370894683E0));
#6766=CARTESIAN_POINT('',(2.168592311157E1,-3.511089194281E1,2.581370894683E0));
#6767=CARTESIAN_POINT('',(2.165655953617E1,-3.510860649882E1,2.581370894683E0));
#6768=CARTESIAN_POINT('',(2.159939410059E1,-3.511161887749E1,2.581370894683E0));
#6769=CARTESIAN_POINT('',(2.152060498294E1,-3.513545521241E1,2.581370894683E0));
#6770=CARTESIAN_POINT('',(2.144974014898E1,-3.517740325774E1,2.581370894683E0));
#6771=CARTESIAN_POINT('',(2.139093640241E1,-3.523504139702E1,2.581370894683E0));
#6772=CARTESIAN_POINT('',(2.134757814175E1,-3.530505235842E1,2.581370894683E0));
#6773=CARTESIAN_POINT('',(2.132216937010E1,-3.538334864470E1,2.581370894683E0));
#6774=CARTESIAN_POINT('',(2.131784911924E1,-3.544269794215E1,2.581370894683E0));
#6775=CARTESIAN_POINT('',(2.131999072936E1,-3.547431257530E1,2.581370894683E0));
#6776=CARTESIAN_POINT('',(2.132038467911E1,-3.547878699300E1,2.581370894683E0));
#6777=CARTESIAN_POINT('',(2.170373384424E1,-3.493383846544E1,2.404983297486E0));
#6778=CARTESIAN_POINT('',(2.170030664866E1,-3.493353681495E1,2.404983297486E0));
#6779=CARTESIAN_POINT('',(2.165554929744E1,-3.493005256031E1,2.404983297486E0));
#6780=CARTESIAN_POINT('',(2.156841479218E1,-3.493464498185E1,2.404983297486E0));
#6781=CARTESIAN_POINT('',(2.144831962268E1,-3.497097741201E1,2.404983297486E0));
#6782=CARTESIAN_POINT('',(2.134030267971E1,-3.503491749913E1,2.404983297486E0));
#6783=CARTESIAN_POINT('',(2.125066994958E1,-3.512277352885E1,2.404983297486E0));
#6784=CARTESIAN_POINT('',(2.118458030028E1,-3.522948896534E1,2.404983297486E0));
#6785=CARTESIAN_POINT('',(2.114585104887E1,-3.534883298871E1,2.404983297486E0));
#6786=CARTESIAN_POINT('',(2.113926506614E1,-3.543929627846E1,2.404983297486E0));
#6787=CARTESIAN_POINT('',(2.114253022470E1,-3.548748482824E1,2.404983297486E0));
#6788=CARTESIAN_POINT('',(2.114313084794E1,-3.549430494936E1,2.404983297486E0));
#6789=CARTESIAN_POINT('',(2.170289146203E1,-3.494343303409E1,2.154623138707E0));
#6790=CARTESIAN_POINT('',(2.169952807156E1,-3.494313700161E1,2.154623138707E0));
#6791=CARTESIAN_POINT('',(2.165560398139E1,-3.493971763827E1,2.154623138707E0));
#6792=CARTESIAN_POINT('',(2.157009169404E1,-3.494422453251E1,2.154623138707E0));
#6793=CARTESIAN_POINT('',(2.145223241031E1,-3.497988055230E1,2.154623138707E0));
#6794=CARTESIAN_POINT('',(2.134622650128E1,-3.504263021596E1,2.154623138707E0));
#6795=CARTESIAN_POINT('',(2.125826253597E1,-3.512885055917E1,2.154623138707E0));
#6796=CARTESIAN_POINT('',(2.119340333078E1,-3.523357919203E1,2.154623138707E0));
#6797=CARTESIAN_POINT('',(2.115539511345E1,-3.535070131213E1,2.154623138707E0));
#6798=CARTESIAN_POINT('',(2.114893177420E1,-3.543948040962E1,2.154623138707E0));
#6799=CARTESIAN_POINT('',(2.115213611538E1,-3.548677181763E1,2.154623138707E0));
#6800=CARTESIAN_POINT('',(2.115272555143E1,-3.549346496645E1,2.154623138707E0));
#6801=(BOUNDED_SURFACE()B_SPLINE_SURFACE(3,3,((#6753,#6754,#6755,#6756,#6757,
#6758,#6759,#6760,#6761,#6762,#6763,#6764),(#6765,#6766,#6767,#6768,#6769,#6770,
#6771,#6772,#6773,#6774,#6775,#6776),(#6777,#6778,#6779,#6780,#6781,#6782,#6783,
#6784,#6785,#6786,#6787,#6788),(#6789,#6790,#6791,#6792,#6793,#6794,#6795,#6796,
#6797,#6798,#6799,#6800)),.UNSPECIFIED.,.F.,.F.,.F.)B_SPLINE_SURFACE_WITH_KNOTS(
(4,4),(4,1,1,1,1,1,1,1,1,4),(0.E0,1.E0),(-1.186104420273E-2,0.E0,
1.428576038679E-1,2.857147083422E-1,4.285716981673E-1,5.714283885608E-1,
7.142853607648E-1,8.571424340871E-1,1.E0,1.023616934996E0),.UNSPECIFIED.)GEOMETRIC_REPRESENTATION_ITEM()RATIONAL_B_SPLINE_SURFACE(((1.193179886281E0,
1.193179886281E0,1.193179886281E0,1.193179886281E0,1.193179886281E0,
1.193179886281E0,1.193179886281E0,1.193179886281E0,1.193179886281E0,
1.193179886281E0,1.193179886281E0,1.193179886281E0),(9.356067045730E-1,
9.356067045730E-1,9.356067045730E-1,9.356067045730E-1,9.356067045730E-1,
9.356067045730E-1,9.356067045730E-1,9.356067045730E-1,9.356067045730E-1,
9.356067045730E-1,9.356067045730E-1,9.356067045730E-1),(9.356067045730E-1,
9.356067045730E-1,9.356067045730E-1,9.356067045730E-1,9.356067045730E-1,
9.356067045730E-1,9.356067045730E-1,9.356067045730E-1,9.356067045730E-1,
9.356067045730E-1,9.356067045730E-1,9.356067045730E-1),(1.193179886281E0,
1.193179886281E0,1.193179886281E0,1.193179886281E0,1.193179886281E0,
1.193179886281E0,1.193179886281E0,1.193179886281E0,1.193179886281E0,
1.193179886281E0,1.193179886281E0,1.193179886281E0)))REPRESENTATION_ITEM('')SURFACE());
#6802=ORIENTED_EDGE('',*,*,#6585,.T.);
#6804=ORIENTED_EDGE('',*,*,#6803,.T.);
#6806=ORIENTED_EDGE('',*,*,#6805,.F.);
#6807=ORIENTED_EDGE('',*,*,#6745,.F.);
#6808=EDGE_LOOP('',(#6802,#6804,#6806,#6807));
#6809=FACE_OUTER_BOUND('',#6808,.F.);
#6810=ADVANCED_FACE('',(#6809),#6801,.T.);
#6811=CARTESIAN_POINT('',(2.155049072843E1,-3.539613098434E1,2.17E0));
#6812=DIRECTION('',(0.E0,-1.E0,0.E0));
#6813=DIRECTION('',(0.E0,0.E0,1.E0));
#6814=AXIS2_PLACEMENT_3D('',#6811,#6812,#6813);
#6815=CYLINDRICAL_SURFACE('',#6814,4.E-1);
#6816=ORIENTED_EDGE('',*,*,#6583,.T.);
#6817=ORIENTED_EDGE('',*,*,#6568,.T.);
#6819=ORIENTED_EDGE('',*,*,#6818,.F.);
#6820=ORIENTED_EDGE('',*,*,#6803,.F.);
#6821=EDGE_LOOP('',(#6816,#6817,#6819,#6820));
#6822=FACE_OUTER_BOUND('',#6821,.F.);
#6823=ADVANCED_FACE('',(#6822),#6815,.T.);
#6824=CARTESIAN_POINT('',(2.11318E1,-3.373380428455E1,3.E-2));
#6825=DIRECTION('',(-9.999619230642E-1,0.E0,8.726535498374E-3));
#6826=DIRECTION('',(0.E0,1.E0,0.E0));
#6827=AXIS2_PLACEMENT_3D('',#6824,#6825,#6826);
#6828=PLANE('',#6827);
#6829=ORIENTED_EDGE('',*,*,#6818,.T.);
#6830=ORIENTED_EDGE('',*,*,#6509,.T.);
#6831=ORIENTED_EDGE('',*,*,#6484,.F.);
#6833=ORIENTED_EDGE('',*,*,#6832,.F.);
#6834=EDGE_LOOP('',(#6829,#6830,#6831,#6833));
#6835=FACE_OUTER_BOUND('',#6834,.F.);
#6836=ADVANCED_FACE('',(#6835),#6828,.T.);
#6837=CARTESIAN_POINT('',(2.166213037899E1,-3.545283037899E1,2.586591402805E0));
#6838=DIRECTION('',(-8.726203243944E-3,8.726203243944E-3,-9.999238504776E-1));
#6839=DIRECTION('',(-9.999619230642E-1,0.E0,8.726535498374E-3));
#6840=AXIS2_PLACEMENT_3D('',#6837,#6838,#6839);
#6841=CYLINDRICAL_SURFACE('',#6840,5.08E-1);
#6842=ORIENTED_EDGE('',*,*,#6805,.T.);
#6843=ORIENTED_EDGE('',*,*,#6832,.T.);
#6844=ORIENTED_EDGE('',*,*,#6482,.T.);
#6846=ORIENTED_EDGE('',*,*,#6845,.F.);
#6847=EDGE_LOOP('',(#6842,#6843,#6844,#6846));
#6848=FACE_OUTER_BOUND('',#6847,.F.);
#6849=ADVANCED_FACE('',(#6848),#6841,.T.);
#6850=CARTESIAN_POINT('',(3.172049571545E1,-3.49225E1,3.E-2));
#6851=DIRECTION('',(0.E0,9.999619230642E-1,8.726535498374E-3));
#6852=DIRECTION('',(1.E0,0.E0,0.E0));
#6853=AXIS2_PLACEMENT_3D('',#6850,#6851,#6852);
#6854=PLANE('',#6853);
#6855=ORIENTED_EDGE('',*,*,#6747,.T.);
#6856=ORIENTED_EDGE('',*,*,#6845,.T.);
#6857=ORIENTED_EDGE('',*,*,#6480,.F.);
#6859=ORIENTED_EDGE('',*,*,#6858,.F.);
#6860=EDGE_LOOP('',(#6855,#6856,#6857,#6859));
#6861=FACE_OUTER_BOUND('',#6860,.F.);
#6862=ADVANCED_FACE('',(#6861),#6854,.T.);
#6863=CARTESIAN_POINT('',(3.000146962101E1,-3.545283037899E1,2.586591402805E0));
#6864=DIRECTION('',(8.726203243944E-3,8.726203243944E-3,-9.999238504776E-1));
#6865=DIRECTION('',(0.E0,9.999619230642E-1,8.726535498374E-3));
#6866=AXIS2_PLACEMENT_3D('',#6863,#6864,#6865);
#6867=CYLINDRICAL_SURFACE('',#6866,5.08E-1);
#6868=ORIENTED_EDGE('',*,*,#6733,.T.);
#6869=ORIENTED_EDGE('',*,*,#6858,.T.);
#6870=ORIENTED_EDGE('',*,*,#6478,.T.);
#6872=ORIENTED_EDGE('',*,*,#6871,.F.);
#6873=EDGE_LOOP('',(#6868,#6869,#6870,#6872));
#6874=FACE_OUTER_BOUND('',#6873,.F.);
#6875=ADVANCED_FACE('',(#6874),#6867,.T.);
#6876=CARTESIAN_POINT('',(3.05318E1,-4.310119571545E1,3.E-2));
#6877=DIRECTION('',(9.999619230642E-1,0.E0,8.726535498374E-3));
#6878=DIRECTION('',(0.E0,-1.E0,0.E0));
#6879=AXIS2_PLACEMENT_3D('',#6876,#6877,#6878);
#6880=PLANE('',#6879);
#6881=ORIENTED_EDGE('',*,*,#6675,.T.);
#6882=ORIENTED_EDGE('',*,*,#6871,.T.);
#6883=ORIENTED_EDGE('',*,*,#6476,.T.);
#6885=ORIENTED_EDGE('',*,*,#6884,.F.);
#6886=EDGE_LOOP('',(#6881,#6882,#6883,#6885));
#6887=FACE_OUTER_BOUND('',#6886,.F.);
#6888=ADVANCED_FACE('',(#6887),#6880,.T.);
#6889=CARTESIAN_POINT('',(3.000146962101E1,-4.138216962101E1,2.586591402805E0));
#6890=DIRECTION('',(8.726203243944E-3,-8.726203243944E-3,-9.999238504776E-1));
#6891=DIRECTION('',(9.999619230642E-1,0.E0,8.726535498374E-3));
#6892=AXIS2_PLACEMENT_3D('',#6889,#6890,#6891);
#6893=CYLINDRICAL_SURFACE('',#6892,5.08E-1);
#6894=ORIENTED_EDGE('',*,*,#6660,.T.);
#6895=ORIENTED_EDGE('',*,*,#6884,.T.);
#6896=ORIENTED_EDGE('',*,*,#6474,.T.);
#6898=ORIENTED_EDGE('',*,*,#6897,.F.);
#6899=EDGE_LOOP('',(#6894,#6895,#6896,#6898));
#6900=FACE_OUTER_BOUND('',#6899,.F.);
#6901=ADVANCED_FACE('',(#6900),#6893,.T.);
#6902=CARTESIAN_POINT('',(1.994310428455E1,-4.19125E1,3.E-2));
#6903=DIRECTION('',(0.E0,-9.999619230642E-1,8.726535498374E-3));
#6904=DIRECTION('',(-1.E0,0.E0,0.E0));
#6905=AXIS2_PLACEMENT_3D('',#6902,#6903,#6904);
#6906=PLANE('',#6905);
#6908=ORIENTED_EDGE('',*,*,#6907,.T.);
#6909=ORIENTED_EDGE('',*,*,#6897,.T.);
#6910=ORIENTED_EDGE('',*,*,#6472,.T.);
#6911=ORIENTED_EDGE('',*,*,#6506,.F.);
#6912=EDGE_LOOP('',(#6908,#6909,#6910,#6911));
#6913=FACE_OUTER_BOUND('',#6912,.F.);
#6914=ADVANCED_FACE('',(#6913),#6906,.T.);
#6915=CARTESIAN_POINT('',(2.160543098434E1,-4.149380927157E1,2.17E0));
#6916=DIRECTION('',(1.E0,0.E0,0.E0));
#6917=DIRECTION('',(0.E0,0.E0,1.E0));
#6918=AXIS2_PLACEMENT_3D('',#6915,#6916,#6917);
#6919=CYLINDRICAL_SURFACE('',#6918,4.E-1);
#6920=ORIENTED_EDGE('',*,*,#6580,.T.);
#6921=ORIENTED_EDGE('',*,*,#6662,.T.);
#6922=ORIENTED_EDGE('',*,*,#6907,.F.);
#6923=ORIENTED_EDGE('',*,*,#6565,.F.);
#6924=EDGE_LOOP('',(#6920,#6921,#6922,#6923));
#6925=FACE_OUTER_BOUND('',#6924,.F.);
#6926=ADVANCED_FACE('',(#6925),#6919,.T.);
#6927=CARTESIAN_POINT('',(2.58318E1,-3.84175E1,3.078E0));
#6928=DIRECTION('',(0.E0,0.E0,1.E0));
#6929=DIRECTION('',(9.999194430649E-1,-1.269280823123E-2,0.E0));
#6930=AXIS2_PLACEMENT_3D('',#6927,#6928,#6929);
#6931=TOROIDAL_SURFACE('',#6930,2.413E0,5.08E-1);
#6932=ORIENTED_EDGE('',*,*,#6595,.F.);
#6934=ORIENTED_EDGE('',*,*,#6933,.T.);
#6936=ORIENTED_EDGE('',*,*,#6935,.T.);
#6938=ORIENTED_EDGE('',*,*,#6937,.F.);
#6939=EDGE_LOOP('',(#6932,#6934,#6936,#6938));
#6940=FACE_OUTER_BOUND('',#6939,.F.);
#6941=ADVANCED_FACE('',(#6940),#6931,.F.);
#6942=CARTESIAN_POINT('',(2.58318E1,-3.84175E1,3.078E0));
#6943=DIRECTION('',(0.E0,0.E0,1.E0));
#6944=DIRECTION('',(-9.999194430649E-1,1.269280823123E-2,0.E0));
#6945=AXIS2_PLACEMENT_3D('',#6942,#6943,#6944);
#6946=TOROIDAL_SURFACE('',#6945,2.413E0,5.08E-1);
#6947=ORIENTED_EDGE('',*,*,#6597,.F.);
#6948=ORIENTED_EDGE('',*,*,#6937,.T.);
#6950=ORIENTED_EDGE('',*,*,#6949,.T.);
#6951=ORIENTED_EDGE('',*,*,#6933,.F.);
#6952=EDGE_LOOP('',(#6947,#6948,#6950,#6951));
#6953=FACE_OUTER_BOUND('',#6952,.F.);
#6954=ADVANCED_FACE('',(#6953),#6946,.F.);
#6955=CARTESIAN_POINT('',(2.58318E1,-3.84175E1,2.17249E0));
#6956=DIRECTION('',(0.E0,0.E0,1.E0));
#6957=DIRECTION('',(-1.E0,0.E0,0.E0));
#6958=AXIS2_PLACEMENT_3D('',#6955,#6956,#6957);
#6959=CYLINDRICAL_SURFACE('',#6958,1.905E0);
#6960=ORIENTED_EDGE('',*,*,#6949,.F.);
#6962=ORIENTED_EDGE('',*,*,#6961,.T.);
#6964=ORIENTED_EDGE('',*,*,#6963,.T.);
#6966=ORIENTED_EDGE('',*,*,#6965,.F.);
#6967=EDGE_LOOP('',(#6960,#6962,#6964,#6966));
#6968=FACE_OUTER_BOUND('',#6967,.F.);
#6969=ADVANCED_FACE('',(#6968),#6959,.T.);
#6970=CARTESIAN_POINT('',(2.58318E1,-3.84175E1,2.17249E0));
#6971=DIRECTION('',(0.E0,0.E0,1.E0));
#6972=DIRECTION('',(-1.E0,0.E0,0.E0));
#6973=AXIS2_PLACEMENT_3D('',#6970,#6971,#6972);
#6974=CYLINDRICAL_SURFACE('',#6973,1.905E0);
#6975=ORIENTED_EDGE('',*,*,#6935,.F.);
#6976=ORIENTED_EDGE('',*,*,#6965,.T.);
#6978=ORIENTED_EDGE('',*,*,#6977,.F.);
#6979=ORIENTED_EDGE('',*,*,#6961,.F.);
#6980=EDGE_LOOP('',(#6975,#6976,#6978,#6979));
#6981=FACE_OUTER_BOUND('',#6980,.F.);
#6982=ADVANCED_FACE('',(#6981),#6974,.T.);
#6983=CARTESIAN_POINT('',(2.58318E1,-3.84175E1,7.2182E0));
#6984=DIRECTION('',(0.E0,0.E0,1.E0));
#6985=DIRECTION('',(-1.E0,0.E0,0.E0));
#6986=AXIS2_PLACEMENT_3D('',#6983,#6984,#6985);
#6987=PLANE('',#6986);
#6989=ORIENTED_EDGE('',*,*,#6988,.T.);
#6991=ORIENTED_EDGE('',*,*,#6990,.F.);
#6992=EDGE_LOOP('',(#6989,#6991));
#6993=FACE_OUTER_BOUND('',#6992,.F.);
#6994=ORIENTED_EDGE('',*,*,#6977,.T.);
#6995=ORIENTED_EDGE('',*,*,#6963,.F.);
#6996=EDGE_LOOP('',(#6994,#6995));
#6997=FACE_BOUND('',#6996,.F.);
#6998=ADVANCED_FACE('',(#6993,#6997),#6987,.F.);
#6999=CARTESIAN_POINT('',(2.58318E1,-3.84175E1,8.8692E0));
#7000=DIRECTION('',(0.E0,0.E0,-1.E0));
#7001=DIRECTION('',(1.E0,0.E0,0.E0));
#7002=AXIS2_PLACEMENT_3D('',#6999,#7000,#7001);
#7003=CONICAL_SURFACE('',#7002,1.9939E0,1.588716850276E1);
#7005=ORIENTED_EDGE('',*,*,#7004,.T.);
#7007=ORIENTED_EDGE('',*,*,#7006,.T.);
#7009=ORIENTED_EDGE('',*,*,#7008,.F.);
#7010=ORIENTED_EDGE('',*,*,#6988,.F.);
#7011=EDGE_LOOP('',(#7005,#7007,#7009,#7010));
#7012=FACE_OUTER_BOUND('',#7011,.F.);
#7013=ADVANCED_FACE('',(#7012),#7003,.T.);
#7014=CARTESIAN_POINT('',(2.58318E1,-3.84175E1,8.8692E0));
#7015=DIRECTION('',(0.E0,0.E0,-1.E0));
#7016=DIRECTION('',(1.E0,0.E0,0.E0));
#7017=AXIS2_PLACEMENT_3D('',#7014,#7015,#7016);
#7018=CONICAL_SURFACE('',#7017,1.9939E0,1.588716850276E1);
#7019=ORIENTED_EDGE('',*,*,#7004,.F.);
#7020=ORIENTED_EDGE('',*,*,#6990,.T.);
#7021=ORIENTED_EDGE('',*,*,#7008,.T.);
#7023=ORIENTED_EDGE('',*,*,#7022,.F.);
#7024=EDGE_LOOP('',(#7019,#7020,#7021,#7023));
#7025=FACE_OUTER_BOUND('',#7024,.F.);
#7026=ADVANCED_FACE('',(#7025),#7018,.T.);
#7027=CARTESIAN_POINT('',(2.58318E1,-3.84175E1,1.05202E1));
#7028=DIRECTION('',(0.E0,0.E0,1.E0));
#7029=DIRECTION('',(-1.E0,0.E0,0.E0));
#7030=AXIS2_PLACEMENT_3D('',#7027,#7028,#7029);
#7031=PLANE('',#7030);
#7032=ORIENTED_EDGE('',*,*,#7022,.T.);
#7033=ORIENTED_EDGE('',*,*,#7006,.F.);
#7034=EDGE_LOOP('',(#7032,#7033));
#7035=FACE_OUTER_BOUND('',#7034,.F.);
#7037=ORIENTED_EDGE('',*,*,#7036,.T.);
#7039=ORIENTED_EDGE('',*,*,#7038,.T.);
#7040=EDGE_LOOP('',(#7037,#7039));
#7041=FACE_BOUND('',#7040,.F.);
#7042=ADVANCED_FACE('',(#7035,#7041),#7031,.T.);
#7043=CARTESIAN_POINT('',(2.58318E1,-3.84175E1,1.05202E1));
#7044=DIRECTION('',(0.E0,0.E0,1.E0));
#7045=DIRECTION('',(-1.E0,0.E0,0.E0));
#7046=AXIS2_PLACEMENT_3D('',#7043,#7044,#7045);
#7047=CYLINDRICAL_SURFACE('',#7046,1.016E0);
#7049=ORIENTED_EDGE('',*,*,#7048,.T.);
#7051=ORIENTED_EDGE('',*,*,#7050,.F.);
#7052=ORIENTED_EDGE('',*,*,#7036,.F.);
#7054=ORIENTED_EDGE('',*,*,#7053,.T.);
#7055=EDGE_LOOP('',(#7049,#7051,#7052,#7054));
#7056=FACE_OUTER_BOUND('',#7055,.F.);
#7057=ADVANCED_FACE('',(#7056),#7047,.F.);
#7058=CARTESIAN_POINT('',(0.E0,-4.1545E1,5.57E0));
#7059=DIRECTION('',(0.E0,0.E0,1.E0));
#7060=DIRECTION('',(0.E0,-1.E0,0.E0));
#7061=AXIS2_PLACEMENT_3D('',#7058,#7059,#7060);
#7062=PLANE('',#7061);
#7063=ORIENTED_EDGE('',*,*,#7048,.F.);
#7065=ORIENTED_EDGE('',*,*,#7064,.F.);
#7066=EDGE_LOOP('',(#7063,#7065));
#7067=FACE_OUTER_BOUND('',#7066,.F.);
#7068=ADVANCED_FACE('',(#7067),#7062,.T.);
#7069=CARTESIAN_POINT('',(2.58318E1,-3.84175E1,1.05202E1));
#7070=DIRECTION('',(0.E0,0.E0,1.E0));
#7071=DIRECTION('',(-1.E0,0.E0,0.E0));
#7072=AXIS2_PLACEMENT_3D('',#7069,#7070,#7071);
#7073=CYLINDRICAL_SURFACE('',#7072,1.016E0);
#7074=ORIENTED_EDGE('',*,*,#7064,.T.);
#7075=ORIENTED_EDGE('',*,*,#7053,.F.);
#7076=ORIENTED_EDGE('',*,*,#7038,.F.);
#7077=ORIENTED_EDGE('',*,*,#7050,.T.);
#7078=EDGE_LOOP('',(#7074,#7075,#7076,#7077));
#7079=FACE_OUTER_BOUND('',#7078,.F.);
#7080=ADVANCED_FACE('',(#7079),#7073,.F.);
#7081=CARTESIAN_POINT('',(2.249115119329E1,-4.092766282624E1,2.551139409401E0));
#7082=CARTESIAN_POINT('',(2.249510581466E1,-4.092824129834E1,2.674662354289E0));
#7083=CARTESIAN_POINT('',(2.240580058240E1,-4.091517795278E1,2.759088748668E0));
#7084=CARTESIAN_POINT('',(2.228411386688E1,-4.089737792499E1,2.746866070970E0));
#7085=CARTESIAN_POINT('',(2.252154788640E1,-4.071986125470E1,2.551139409401E0));
#7086=CARTESIAN_POINT('',(2.252588176936E1,-4.071784697261E1,2.674662354289E0));
#7087=CARTESIAN_POINT('',(2.242801186280E1,-4.076333449545E1,2.759088748668E0));
#7088=CARTESIAN_POINT('',(2.229465497905E1,-4.082531549155E1,2.746866070970E0));
#7089=CARTESIAN_POINT('',(2.238421298234E1,-4.056097583620E1,2.551139409401E0));
#7090=CARTESIAN_POINT('',(2.238683332846E1,-4.055697913004E1,2.674662354289E0));
#7091=CARTESIAN_POINT('',(2.232765936552E1,-4.064723474180E1,2.759088748668E0));
#7092=CARTESIAN_POINT('',(2.224702931717E1,-4.077021643810E1,2.746866070970E0));
#7093=CARTESIAN_POINT('',(2.217420000159E1,-4.056097583516E1,2.551139409401E0));
#7094=CARTESIAN_POINT('',(2.217420000161E1,-4.055697912899E1,2.674662354289E0));
#7095=CARTESIAN_POINT('',(2.217420000116E1,-4.064723474104E1,2.759088748668E0));
#7096=CARTESIAN_POINT('',(2.217420000055E1,-4.077021643774E1,2.746866070970E0));
#7097=CARTESIAN_POINT('',(2.196418702083E1,-4.056097583412E1,2.551139409401E0));
#7098=CARTESIAN_POINT('',(2.196156667475E1,-4.055697912794E1,2.674662354289E0));
#7099=CARTESIAN_POINT('',(2.202074063680E1,-4.064723474028E1,2.759088748668E0));
#7100=CARTESIAN_POINT('',(2.210137068393E1,-4.077021643738E1,2.746866070970E0));
#7101=CARTESIAN_POINT('',(2.182685211520E1,-4.071986125126E1,2.551139409401E0));
#7102=CARTESIAN_POINT('',(2.182251823226E1,-4.071784696913E1,2.674662354289E0));
#7103=CARTESIAN_POINT('',(2.192038813837E1,-4.076333449294E1,2.759088748668E0));
#7104=CARTESIAN_POINT('',(2.205374502151E1,-4.082531549035E1,2.746866070970E0));
#7105=CARTESIAN_POINT('',(2.185724880625E1,-4.092766282310E1,2.551139409401E0));
#7106=CARTESIAN_POINT('',(2.185329418488E1,-4.092824129516E1,2.674662354289E0));
#7107=CARTESIAN_POINT('',(2.194259941726E1,-4.091517795048E1,2.759088748668E0));
#7108=CARTESIAN_POINT('',(2.206428613296E1,-4.089737792390E1,2.746866070970E0));
#7109=(BOUNDED_SURFACE()B_SPLINE_SURFACE(3,3,((#7081,#7082,#7083,#7084),(#7085,
#7086,#7087,#7088),(#7089,#7090,#7091,#7092),(#7093,#7094,#7095,#7096),(#7097,
#7098,#7099,#7100),(#7101,#7102,#7103,#7104),(#7105,#7106,#7107,#7108)),
.UNSPECIFIED.,.F.,.F.,.F.)B_SPLINE_SURFACE_WITH_KNOTS((4,3,4),(4,4),(0.E0,1.E0,
2.E0),(0.E0,1.E0),.UNSPECIFIED.)GEOMETRIC_REPRESENTATION_ITEM()RATIONAL_B_SPLINE_SURFACE(((1.457653649869E0,1.126431628051E0,1.126431628051E0,1.457653649869E0),(
1.121358682966E0,8.665528241200E-1,8.665528241200E-1,1.121358682966E0),(
1.121358682966E0,8.665528241200E-1,8.665528241200E-1,1.121358682966E0),(
1.457653649869E0,1.126431628051E0,1.126431628051E0,1.457653649869E0),(
1.121358682966E0,8.665528241200E-1,8.665528241200E-1,1.121358682966E0),(
1.121358682966E0,8.665528241200E-1,8.665528241200E-1,1.121358682966E0),(
1.457653649869E0,1.126431628051E0,1.126431628051E0,1.457653649869E0)))REPRESENTATION_ITEM('')SURFACE());
#7111=ORIENTED_EDGE('',*,*,#7110,.T.);
#7113=ORIENTED_EDGE('',*,*,#7112,.T.);
#7114=ORIENTED_EDGE('',*,*,#6601,.F.);
#7116=ORIENTED_EDGE('',*,*,#7115,.F.);
#7117=EDGE_LOOP('',(#7111,#7113,#7114,#7116));
#7118=FACE_OUTER_BOUND('',#7117,.F.);
#7119=ADVANCED_FACE('',(#7118),#7109,.T.);
#7120=CARTESIAN_POINT('',(2.58318E1,-3.84175E1,2.7478E0));
#7121=DIRECTION('',(0.E0,0.E0,1.E0));
#7122=DIRECTION('',(1.E0,0.E0,0.E0));
#7123=AXIS2_PLACEMENT_3D('',#7120,#7121,#7122);
#7124=PLANE('',#7123);
#7125=ORIENTED_EDGE('',*,*,#7110,.F.);
#7127=ORIENTED_EDGE('',*,*,#7126,.F.);
#7128=EDGE_LOOP('',(#7125,#7127));
#7129=FACE_OUTER_BOUND('',#7128,.F.);
#7130=ADVANCED_FACE('',(#7129),#7124,.T.);
#7131=CARTESIAN_POINT('',(2.185724880671E1,-4.083493717376E1,2.551139409401E0));
#7132=CARTESIAN_POINT('',(2.185329418534E1,-4.083435870166E1,2.674662354289E0));
#7133=CARTESIAN_POINT('',(2.194259941760E1,-4.084742204722E1,2.759088748668E0));
#7134=CARTESIAN_POINT('',(2.206428613312E1,-4.086522207501E1,2.746866070970E0));
#7135=CARTESIAN_POINT('',(2.182685211360E1,-4.104273874530E1,2.551139409401E0));
#7136=CARTESIAN_POINT('',(2.182251823064E1,-4.104475302739E1,2.674662354289E0));
#7137=CARTESIAN_POINT('',(2.192038813720E1,-4.099926550455E1,2.759088748668E0));
#7138=CARTESIAN_POINT('',(2.205374502095E1,-4.093728450845E1,2.746866070970E0));
#7139=CARTESIAN_POINT('',(2.196418701766E1,-4.120162416380E1,2.551139409401E0));
#7140=CARTESIAN_POINT('',(2.196156667154E1,-4.120562086996E1,2.674662354289E0));
#7141=CARTESIAN_POINT('',(2.202074063448E1,-4.111536525820E1,2.759088748668E0));
#7142=CARTESIAN_POINT('',(2.210137068283E1,-4.099238356190E1,2.746866070970E0));
#7143=CARTESIAN_POINT('',(2.217419999841E1,-4.120162416484E1,2.551139409401E0));
#7144=CARTESIAN_POINT('',(2.217419999839E1,-4.120562087101E1,2.674662354289E0));
#7145=CARTESIAN_POINT('',(2.217419999884E1,-4.111536525896E1,2.759088748668E0));
#7146=CARTESIAN_POINT('',(2.217419999945E1,-4.099238356226E1,2.746866070970E0));
#7147=CARTESIAN_POINT('',(2.238421297917E1,-4.120162416588E1,2.551139409401E0));
#7148=CARTESIAN_POINT('',(2.238683332525E1,-4.120562087206E1,2.674662354289E0));
#7149=CARTESIAN_POINT('',(2.232765936320E1,-4.111536525972E1,2.759088748668E0));
#7150=CARTESIAN_POINT('',(2.224702931607E1,-4.099238356262E1,2.746866070970E0));
#7151=CARTESIAN_POINT('',(2.252154788480E1,-4.104273874874E1,2.551139409401E0));
#7152=CARTESIAN_POINT('',(2.252588176774E1,-4.104475303087E1,2.674662354289E0));
#7153=CARTESIAN_POINT('',(2.242801186163E1,-4.099926550706E1,2.759088748668E0));
#7154=CARTESIAN_POINT('',(2.229465497849E1,-4.093728450965E1,2.746866070970E0));
#7155=CARTESIAN_POINT('',(2.249115119375E1,-4.083493717690E1,2.551139409401E0));
#7156=CARTESIAN_POINT('',(2.249510581512E1,-4.083435870484E1,2.674662354289E0));
#7157=CARTESIAN_POINT('',(2.240580058274E1,-4.084742204952E1,2.759088748668E0));
#7158=CARTESIAN_POINT('',(2.228411386704E1,-4.086522207610E1,2.746866070970E0));
#7159=(BOUNDED_SURFACE()B_SPLINE_SURFACE(3,3,((#7131,#7132,#7133,#7134),(#7135,
#7136,#7137,#7138),(#7139,#7140,#7141,#7142),(#7143,#7144,#7145,#7146),(#7147,
#7148,#7149,#7150),(#7151,#7152,#7153,#7154),(#7155,#7156,#7157,#7158)),
.UNSPECIFIED.,.F.,.F.,.F.)B_SPLINE_SURFACE_WITH_KNOTS((4,3,4),(4,4),(0.E0,1.E0,
2.E0),(0.E0,1.E0),.UNSPECIFIED.)GEOMETRIC_REPRESENTATION_ITEM()RATIONAL_B_SPLINE_SURFACE(((1.457653649869E0,1.126431628051E0,1.126431628051E0,1.457653649869E0),(
1.121358682966E0,8.665528241200E-1,8.665528241200E-1,1.121358682966E0),(
1.121358682966E0,8.665528241200E-1,8.665528241200E-1,1.121358682966E0),(
1.457653649869E0,1.126431628051E0,1.126431628051E0,1.457653649869E0),(
1.121358682966E0,8.665528241200E-1,8.665528241200E-1,1.121358682966E0),(
1.121358682966E0,8.665528241200E-1,8.665528241200E-1,1.121358682966E0),(
1.457653649869E0,1.126431628051E0,1.126431628051E0,1.457653649869E0)))REPRESENTATION_ITEM('')SURFACE());
#7160=ORIENTED_EDGE('',*,*,#7126,.T.);
#7161=ORIENTED_EDGE('',*,*,#7115,.T.);
#7162=ORIENTED_EDGE('',*,*,#6603,.F.);
#7163=ORIENTED_EDGE('',*,*,#7112,.F.);
#7164=EDGE_LOOP('',(#7160,#7161,#7162,#7163));
#7165=FACE_OUTER_BOUND('',#7164,.F.);
#7166=ADVANCED_FACE('',(#7165),#7159,.T.);
#7167=CLOSED_SHELL('',(#3290,#3307,#3342,#3411,#3445,#3461,#3475,#3490,#3509,
#3524,#3538,#3553,#3567,#3581,#3595,#3609,#3622,#3642,#3677,#3737,#3751,#3765,
#3779,#3793,#3807,#3821,#3835,#3849,#3862,#3887,#3900,#3912,#3948,#3962,#3997,
#4010,#4023,#4036,#4049,#4062,#4075,#4088,#4101,#4114,#4145,#4161,#4175,#4190,
#4207,#4219,#4234,#4248,#4263,#4277,#4291,#4305,#4319,#4332,#4352,#4388,#4402,
#4437,#4450,#4463,#4476,#4489,#4502,#4515,#4528,#4541,#4554,#4585,#4601,#4615,
#4630,#4647,#4662,#4676,#4691,#4705,#4719,#4733,#4747,#4760,#4780,#4792,#4827,
#4841,#4875,#4888,#4901,#4914,#4927,#4940,#4953,#4966,#4979,#4991,#5009,#5021,
#5036,#5049,#5077,#5091,#5104,#5117,#5131,#5144,#5157,#5170,#5182,#5195,#5208,
#5220,#5235,#5293,#5307,#5365,#5379,#5437,#5451,#5508,#5523,#5537,#5551,#5565,
#5579,#5593,#5607,#5620,#5635,#5670,#5727,#5740,#5797,#5810,#5867,#5880,#5936,
#5951,#5964,#5979,#5992,#6008,#6023,#6036,#6052,#6067,#6078,#6090,#6129,#6140,
#6176,#6191,#6249,#6263,#6321,#6335,#6393,#6407,#6464,#6498,#6513,#6572,#6607,
#6666,#6680,#6738,#6752,#6810,#6823,#6836,#6849,#6862,#6875,#6888,#6901,#6914,
#6926,#6941,#6954,#6969,#6982,#6998,#7013,#7026,#7042,#7057,#7068,#7080,#7119,
#7130,#7166));
#7168=MANIFOLD_SOLID_BREP('',#7167);
#7169=(LENGTH_UNIT()NAMED_UNIT(*)SI_UNIT(.MILLI.,.METRE.));
#7170=DIMENSIONAL_EXPONENTS(0.E0,0.E0,0.E0,0.E0,0.E0,0.E0,0.E0);
#7171=(NAMED_UNIT(*)PLANE_ANGLE_UNIT()SI_UNIT($,.RADIAN.));
#7172=PLANE_ANGLE_MEASURE_WITH_UNIT(PLANE_ANGLE_MEASURE(1.745329251994E-2),
#7171);
#7173=(CONVERSION_BASED_UNIT('DEGREE',#7172)NAMED_UNIT(#7170)PLANE_ANGLE_UNIT(
));
#7174=(NAMED_UNIT(*)SI_UNIT($,.STERADIAN.)SOLID_ANGLE_UNIT());
#7175=UNCERTAINTY_MEASURE_WITH_UNIT(LENGTH_MEASURE(1.572528028259E-3),#7169,
'closure',
'Maximum model space distance between geometric entities at asserted connectivities');
#7176=(GEOMETRIC_REPRESENTATION_CONTEXT(3)GLOBAL_UNCERTAINTY_ASSIGNED_CONTEXT((
#7175))GLOBAL_UNIT_ASSIGNED_CONTEXT((#7169,#7173,#7174))REPRESENTATION_CONTEXT(
'ID1','3'));
#7178=APPLICATION_CONTEXT(
'CONFIGURATION CONTROLLED 3D DESIGNS OF MECHANICAL PARTS AND ASSEMBLIES');
#7179=APPLICATION_PROTOCOL_DEFINITION('international standard',
'config_control_design',1994,#7178);
#7180=DESIGN_CONTEXT('',#7178,'design');
#7181=MECHANICAL_CONTEXT('',#7178,'mechanical');
#7182=PRODUCT('50038515-001_SW0001','50038515-001_SW0001','NOT SPECIFIED',
(#7181));
#7183=PRODUCT_DEFINITION_FORMATION_WITH_SPECIFIED_SOURCE('1','LAST_VERSION',
#7182,.MADE.);
#7187=PRODUCT_CATEGORY('part','');
#7188=PRODUCT_RELATED_PRODUCT_CATEGORY('detail','',(#7182));
#7189=PRODUCT_CATEGORY_RELATIONSHIP('','',#7187,#7188);
#7190=SECURITY_CLASSIFICATION_LEVEL('unclassified');
#7191=SECURITY_CLASSIFICATION('','',#7190);
#7192=CC_DESIGN_SECURITY_CLASSIFICATION(#7191,(#7183));
#7193=APPROVAL_STATUS('approved');
#7194=APPROVAL(#7193,'');
#7195=CC_DESIGN_APPROVAL(#7194,(#7191,#7183,#7184));
#7196=CALENDAR_DATE(110,24,2);
#7197=COORDINATED_UNIVERSAL_TIME_OFFSET(5,30,.AHEAD.);
#7198=LOCAL_TIME(14,57,3.2E1,#7197);
#7199=DATE_AND_TIME(#7196,#7198);
#7200=APPROVAL_DATE_TIME(#7199,#7194);
#7201=DATE_TIME_ROLE('creation_date');
#7202=CC_DESIGN_DATE_AND_TIME_ASSIGNMENT(#7199,#7201,(#7184));
#7203=DATE_TIME_ROLE('classification_date');
#7204=CC_DESIGN_DATE_AND_TIME_ASSIGNMENT(#7199,#7203,(#7191));
#7205=PERSON('UNSPECIFIED','UNSPECIFIED',$,$,$,$);
#7206=ORGANIZATION('UNSPECIFIED','UNSPECIFIED','UNSPECIFIED');
#7207=PERSON_AND_ORGANIZATION(#7205,#7206);
#7208=APPROVAL_ROLE('approver');
#7209=APPROVAL_PERSON_ORGANIZATION(#7207,#7194,#7208);
#7210=PERSON_AND_ORGANIZATION_ROLE('creator');
#7211=CC_DESIGN_PERSON_AND_ORGANIZATION_ASSIGNMENT(#7207,#7210,(#7183,#7184));
#7212=PERSON_AND_ORGANIZATION_ROLE('design_supplier');
#7213=CC_DESIGN_PERSON_AND_ORGANIZATION_ASSIGNMENT(#7207,#7212,(#7183));
#7214=PERSON_AND_ORGANIZATION_ROLE('classification_officer');
#7215=CC_DESIGN_PERSON_AND_ORGANIZATION_ASSIGNMENT(#7207,#7214,(#7191));
#7216=PERSON_AND_ORGANIZATION_ROLE('design_owner');
#7217=CC_DESIGN_PERSON_AND_ORGANIZATION_ASSIGNMENT(#7207,#7216,(#7182));
#163=B_SPLINE_CURVE_WITH_KNOTS('',3,(#149,#150,#151,#152,#153,#154,#155,#156,
#157,#158,#159,#160,#161,#162),.UNSPECIFIED.,.F.,.F.,(4,1,1,1,1,1,1,1,1,1,1,4),(
0.E0,9.090909090909E-2,1.818181818182E-1,2.727272727273E-1,3.636363636364E-1,
4.545454545455E-1,5.454545454545E-1,6.363636363636E-1,7.272727272727E-1,
8.181818181818E-1,9.090909090909E-1,1.E0),.UNSPECIFIED.);
#182=B_SPLINE_CURVE_WITH_KNOTS('',3,(#168,#169,#170,#171,#172,#173,#174,#175,
#176,#177,#178,#179,#180,#181),.UNSPECIFIED.,.F.,.F.,(4,1,1,1,1,1,1,1,1,1,1,4),(
0.E0,9.090909090909E-2,1.818181818182E-1,2.727272727273E-1,3.636363636364E-1,
4.545454545455E-1,5.454545454545E-1,6.363636363636E-1,7.272727272727E-1,
8.181818181818E-1,9.090909090909E-1,1.E0),.UNSPECIFIED.);
#201=B_SPLINE_CURVE_WITH_KNOTS('',3,(#187,#188,#189,#190,#191,#192,#193,#194,
#195,#196,#197,#198,#199,#200),.UNSPECIFIED.,.F.,.F.,(4,1,1,1,1,1,1,1,1,1,1,4),(
0.E0,9.090909090909E-2,1.818181818182E-1,2.727272727273E-1,3.636363636364E-1,
4.545454545455E-1,5.454545454545E-1,6.363636363636E-1,7.272727272727E-1,
8.181818181818E-1,9.090909090909E-1,1.E0),.UNSPECIFIED.);
#220=B_SPLINE_CURVE_WITH_KNOTS('',3,(#206,#207,#208,#209,#210,#211,#212,#213,
#214,#215,#216,#217,#218,#219),.UNSPECIFIED.,.F.,.F.,(4,1,1,1,1,1,1,1,1,1,1,4),(
0.E0,9.090909090909E-2,1.818181818182E-1,2.727272727273E-1,3.636363636364E-1,
4.545454545455E-1,5.454545454545E-1,6.363636363636E-1,7.272727272727E-1,
8.181818181818E-1,9.090909090909E-1,1.E0),.UNSPECIFIED.);
#405=CIRCLE('',#404,2.54E-1);
#410=CIRCLE('',#409,2.54E-1);
#491=CIRCLE('',#490,3.048E-1);
#500=CIRCLE('',#499,2.54E-1);
#513=CIRCLE('',#512,5.588E-1);
#522=CIRCLE('',#521,1.27E-1);
#539=CIRCLE('',#538,3.81E-1);
#638=B_SPLINE_CURVE_WITH_KNOTS('',3,(#624,#625,#626,#627,#628,#629,#630,#631,
#632,#633,#634,#635,#636,#637),.UNSPECIFIED.,.F.,.F.,(4,1,1,1,1,1,1,1,1,1,1,4),(
0.E0,9.090909090909E-2,1.818181818182E-1,2.727272727273E-1,3.636363636364E-1,
4.545454545455E-1,5.454545454545E-1,6.363636363636E-1,7.272727272727E-1,
8.181818181818E-1,9.090909090909E-1,1.E0),.UNSPECIFIED.);
#657=B_SPLINE_CURVE_WITH_KNOTS('',3,(#643,#644,#645,#646,#647,#648,#649,#650,
#651,#652,#653,#654,#655,#656),.UNSPECIFIED.,.F.,.F.,(4,1,1,1,1,1,1,1,1,1,1,4),(
0.E0,9.090909090909E-2,1.818181818182E-1,2.727272727273E-1,3.636363636364E-1,
4.545454545455E-1,5.454545454545E-1,6.363636363636E-1,7.272727272727E-1,
8.181818181818E-1,9.090909090909E-1,1.E0),.UNSPECIFIED.);
#676=B_SPLINE_CURVE_WITH_KNOTS('',3,(#662,#663,#664,#665,#666,#667,#668,#669,
#670,#671,#672,#673,#674,#675),.UNSPECIFIED.,.F.,.F.,(4,1,1,1,1,1,1,1,1,1,1,4),(
0.E0,9.090909090909E-2,1.818181818182E-1,2.727272727273E-1,3.636363636364E-1,
4.545454545455E-1,5.454545454545E-1,6.363636363636E-1,7.272727272727E-1,
8.181818181818E-1,9.090909090909E-1,1.E0),.UNSPECIFIED.);
#695=B_SPLINE_CURVE_WITH_KNOTS('',3,(#681,#682,#683,#684,#685,#686,#687,#688,
#689,#690,#691,#692,#693,#694),.UNSPECIFIED.,.F.,.F.,(4,1,1,1,1,1,1,1,1,1,1,4),(
0.E0,9.090909090909E-2,1.818181818182E-1,2.727272727273E-1,3.636363636364E-1,
4.545454545455E-1,5.454545454545E-1,6.363636363636E-1,7.272727272727E-1,
8.181818181818E-1,9.090909090909E-1,1.E0),.UNSPECIFIED.);
#732=CIRCLE('',#731,2.54E-1);
#737=CIRCLE('',#736,2.54E-1);
#742=CIRCLE('',#741,3.81E-1);
#759=CIRCLE('',#758,1.27E-1);
#768=CIRCLE('',#767,5.588E-1);
#781=CIRCLE('',#780,2.54E-1);
#790=CIRCLE('',#789,3.048E-1);
#803=CIRCLE('',#802,3.048E-1);
#812=CIRCLE('',#811,2.54E-1);
#825=CIRCLE('',#824,5.588E-1);
#834=CIRCLE('',#833,1.27E-1);
#851=CIRCLE('',#850,3.81E-1);
#856=CIRCLE('',#855,3.81E-1);
#873=CIRCLE('',#872,1.27E-1);
#882=CIRCLE('',#881,5.588E-1);
#895=CIRCLE('',#894,2.54E-1);
#904=CIRCLE('',#903,3.048E-1);
#941=CIRCLE('',#940,2.54E-1);
#946=CIRCLE('',#945,2.54E-1);
#1003=CIRCLE('',#1002,2.54E-1);
#1008=CIRCLE('',#1007,2.54E-1);
#1097=CIRCLE('',#1096,3.048E-1);
#1106=CIRCLE('',#1105,2.54E-1);
#1119=CIRCLE('',#1118,5.588E-1);
#1128=CIRCLE('',#1127,1.27E-1);
#1145=CIRCLE('',#1144,3.81E-1);
#1150=CIRCLE('',#1149,3.81E-1);
#1167=CIRCLE('',#1166,1.27E-1);
#1176=CIRCLE('',#1175,5.588E-1);
#1189=CIRCLE('',#1188,2.54E-1);
#1198=CIRCLE('',#1197,3.048E-1);
#1235=CIRCLE('',#1234,2.54E-1);
#1240=CIRCLE('',#1239,2.54E-1);
#1297=CIRCLE('',#1296,2.54E-1);
#1302=CIRCLE('',#1301,2.54E-1);
#1391=CIRCLE('',#1390,3.048E-1);
#1400=CIRCLE('',#1399,2.54E-1);
#1413=CIRCLE('',#1412,5.588E-1);
#1422=CIRCLE('',#1421,1.27E-1);
#1439=CIRCLE('',#1438,3.81E-1);
#1444=CIRCLE('',#1443,3.81E-1);
#1461=CIRCLE('',#1460,1.27E-1);
#1470=CIRCLE('',#1469,5.588E-1);
#1483=CIRCLE('',#1482,2.54E-1);
#1492=CIRCLE('',#1491,3.048E-1);
#1529=CIRCLE('',#1528,2.54E-1);
#1534=CIRCLE('',#1533,2.54E-1);
#1539=CIRCLE('',#1538,2.54E-1);
#1544=CIRCLE('',#1543,2.54E-1);
#1695=B_SPLINE_CURVE_WITH_KNOTS('',3,(#1681,#1682,#1683,#1684,#1685,#1686,#1687,
#1688,#1689,#1690,#1691,#1692,#1693,#1694),.UNSPECIFIED.,.F.,.F.,(4,1,1,1,1,1,1,
1,1,1,1,4),(0.E0,9.090909090909E-2,1.818181818182E-1,2.727272727273E-1,
3.636363636364E-1,4.545454545455E-1,5.454545454545E-1,6.363636363636E-1,
7.272727272727E-1,8.181818181818E-1,9.090909090909E-1,1.E0),.UNSPECIFIED.);
#1707=B_SPLINE_CURVE_WITH_KNOTS('',3,(#1696,#1697,#1698,#1699,#1700,#1701,#1702,
#1703,#1704,#1705,#1706),.UNSPECIFIED.,.F.,.F.,(4,1,1,1,1,1,1,1,4),(0.E0,
1.25E-1,2.5E-1,3.75E-1,5.E-1,6.25E-1,7.5E-1,8.75E-1,1.E0),.UNSPECIFIED.);
#1738=B_SPLINE_CURVE_WITH_KNOTS('',3,(#1724,#1725,#1726,#1727,#1728,#1729,#1730,
#1731,#1732,#1733,#1734,#1735,#1736,#1737),.UNSPECIFIED.,.F.,.F.,(4,1,1,1,1,1,1,
1,1,1,1,4),(0.E0,9.090909090909E-2,1.818181818182E-1,2.727272727273E-1,
3.636363636364E-1,4.545454545455E-1,5.454545454545E-1,6.363636363636E-1,
7.272727272727E-1,8.181818181818E-1,9.090909090909E-1,1.E0),.UNSPECIFIED.);
#1750=B_SPLINE_CURVE_WITH_KNOTS('',3,(#1739,#1740,#1741,#1742,#1743,#1744,#1745,
#1746,#1747,#1748,#1749),.UNSPECIFIED.,.F.,.F.,(4,1,1,1,1,1,1,1,4),(0.E0,
1.25E-1,2.5E-1,3.75E-1,5.E-1,6.25E-1,7.5E-1,8.75E-1,1.E0),.UNSPECIFIED.);
#1781=B_SPLINE_CURVE_WITH_KNOTS('',3,(#1767,#1768,#1769,#1770,#1771,#1772,#1773,
#1774,#1775,#1776,#1777,#1778,#1779,#1780),.UNSPECIFIED.,.F.,.F.,(4,1,1,1,1,1,1,
1,1,1,1,4),(0.E0,9.090909090909E-2,1.818181818182E-1,2.727272727273E-1,
3.636363636364E-1,4.545454545455E-1,5.454545454545E-1,6.363636363636E-1,
7.272727272727E-1,8.181818181818E-1,9.090909090909E-1,1.E0),.UNSPECIFIED.);
#1793=B_SPLINE_CURVE_WITH_KNOTS('',3,(#1782,#1783,#1784,#1785,#1786,#1787,#1788,
#1789,#1790,#1791,#1792),.UNSPECIFIED.,.F.,.F.,(4,1,1,1,1,1,1,1,4),(0.E0,
1.25E-1,2.5E-1,3.75E-1,5.E-1,6.25E-1,7.5E-1,8.75E-1,1.E0),.UNSPECIFIED.);
#1824=B_SPLINE_CURVE_WITH_KNOTS('',3,(#1810,#1811,#1812,#1813,#1814,#1815,#1816,
#1817,#1818,#1819,#1820,#1821,#1822,#1823),.UNSPECIFIED.,.F.,.F.,(4,1,1,1,1,1,1,
1,1,1,1,4),(0.E0,9.090909090909E-2,1.818181818182E-1,2.727272727273E-1,
3.636363636364E-1,4.545454545455E-1,5.454545454545E-1,6.363636363636E-1,
7.272727272727E-1,8.181818181818E-1,9.090909090909E-1,1.E0),.UNSPECIFIED.);
#1836=B_SPLINE_CURVE_WITH_KNOTS('',3,(#1825,#1826,#1827,#1828,#1829,#1830,#1831,
#1832,#1833,#1834,#1835),.UNSPECIFIED.,.F.,.F.,(4,1,1,1,1,1,1,1,4),(0.E0,
1.25E-1,2.5E-1,3.75E-1,5.E-1,6.25E-1,7.5E-1,8.75E-1,1.E0),.UNSPECIFIED.);
#1857=CIRCLE('',#1856,4.E-1);
#1866=B_SPLINE_CURVE_WITH_KNOTS('',3,(#1858,#1859,#1860,#1861,#1862,#1863,#1864,
#1865),.UNSPECIFIED.,.F.,.F.,(4,1,1,1,1,4),(0.E0,2.E-1,4.E-1,6.E-1,8.E-1,1.E0),
.UNSPECIFIED.);
#1879=B_SPLINE_CURVE_WITH_KNOTS('',3,(#1871,#1872,#1873,#1874,#1875,#1876,#1877,
#1878),.UNSPECIFIED.,.F.,.F.,(4,1,1,1,1,4),(0.E0,2.E-1,4.E-1,6.E-1,8.E-1,1.E0),
.UNSPECIFIED.);
#1892=B_SPLINE_CURVE_WITH_KNOTS('',3,(#1884,#1885,#1886,#1887,#1888,#1889,#1890,
#1891),.UNSPECIFIED.,.F.,.F.,(4,1,1,1,1,4),(0.E0,2.E-1,4.E-1,6.E-1,8.E-1,1.E0),
.UNSPECIFIED.);
#1905=B_SPLINE_CURVE_WITH_KNOTS('',3,(#1897,#1898,#1899,#1900,#1901,#1902,#1903,
#1904),.UNSPECIFIED.,.F.,.F.,(4,1,1,1,1,4),(0.E0,2.E-1,4.E-1,6.E-1,8.E-1,1.E0),
.UNSPECIFIED.);
#1914=CIRCLE('',#1913,2.413E0);
#1919=CIRCLE('',#1918,2.413E0);
#1924=CIRCLE('',#1923,3.2E-1);
#1929=CIRCLE('',#1928,3.2E-1);
#1934=CIRCLE('',#1933,4.E-1);
#1939=CIRCLE('',#1938,4.E-1);
#1944=CIRCLE('',#1943,4.E-1);
#1949=CIRCLE('',#1948,4.E-1);
#1954=CIRCLE('',#1953,4.E-1);
#1959=CIRCLE('',#1958,4.E-1);
#1964=CIRCLE('',#1963,4.E-1);
#1969=CIRCLE('',#1968,5.08E-1);
#1974=CIRCLE('',#1973,5.08E-1);
#1979=CIRCLE('',#1978,1.905E0);
#1984=CIRCLE('',#1983,1.905E0);
#1997=CIRCLE('',#1996,1.905E0);
#2002=CIRCLE('',#2001,1.905E0);
#2007=CIRCLE('',#2006,2.4638E0);
#2016=CIRCLE('',#2015,2.4638E0);
#2025=CIRCLE('',#2024,1.524E0);
#2030=CIRCLE('',#2029,1.524E0);
#2035=CIRCLE('',#2034,1.016E0);
#2040=CIRCLE('',#2039,1.016E0);
#2045=CIRCLE('',#2044,1.016E0);
#2054=CIRCLE('',#2053,1.016E0);
#2063=CIRCLE('',#2062,1.905E-1);
#2068=CIRCLE('',#2067,1.299238047519E-1);
#2073=CIRCLE('',#2072,1.299238047519E-1);
#2078=CIRCLE('',#2077,1.905E-1);
#2118=B_SPLINE_CURVE_WITH_KNOTS('',3,(#2111,#2112,#2113,#2114,#2115,#2116,
#2117),.UNSPECIFIED.,.F.,.F.,(4,1,1,1,4),(0.E0,2.5E-1,5.E-1,7.5E-1,1.E0),
.UNSPECIFIED.);
#2130=B_SPLINE_CURVE_WITH_KNOTS('',3,(#2123,#2124,#2125,#2126,#2127,#2128,
#2129),.UNSPECIFIED.,.F.,.F.,(4,1,1,1,4),(0.E0,2.5E-1,5.E-1,7.5E-1,1.E0),
.UNSPECIFIED.);
#2142=B_SPLINE_CURVE_WITH_KNOTS('',3,(#2135,#2136,#2137,#2138,#2139,#2140,
#2141),.UNSPECIFIED.,.F.,.F.,(4,1,1,1,4),(0.E0,2.5E-1,5.E-1,7.5E-1,1.E0),
.UNSPECIFIED.);
#2154=B_SPLINE_CURVE_WITH_KNOTS('',3,(#2147,#2148,#2149,#2150,#2151,#2152,
#2153),.UNSPECIFIED.,.F.,.F.,(4,1,1,1,4),(0.E0,2.5E-1,5.E-1,7.5E-1,1.E0),
.UNSPECIFIED.);
#2177=B_SPLINE_CURVE_WITH_KNOTS('',3,(#2163,#2164,#2165,#2166,#2167,#2168,#2169,
#2170,#2171,#2172,#2173,#2174,#2175,#2176),.UNSPECIFIED.,.F.,.F.,(4,1,1,1,1,1,1,
1,1,1,1,4),(0.E0,9.090909090909E-2,1.818181818182E-1,2.727272727273E-1,
3.636363636364E-1,4.545454545455E-1,5.454545454545E-1,6.363636363636E-1,
7.272727272727E-1,8.181818181818E-1,9.090909090909E-1,1.E0),.UNSPECIFIED.);
#2196=B_SPLINE_CURVE_WITH_KNOTS('',3,(#2182,#2183,#2184,#2185,#2186,#2187,#2188,
#2189,#2190,#2191,#2192,#2193,#2194,#2195),.UNSPECIFIED.,.F.,.F.,(4,1,1,1,1,1,1,
1,1,1,1,4),(0.E0,9.090909090909E-2,1.818181818182E-1,2.727272727273E-1,
3.636363636364E-1,4.545454545455E-1,5.454545454545E-1,6.363636363636E-1,
7.272727272727E-1,8.181818181818E-1,9.090909090909E-1,1.E0),.UNSPECIFIED.);
#2215=B_SPLINE_CURVE_WITH_KNOTS('',3,(#2201,#2202,#2203,#2204,#2205,#2206,#2207,
#2208,#2209,#2210,#2211,#2212,#2213,#2214),.UNSPECIFIED.,.F.,.F.,(4,1,1,1,1,1,1,
1,1,1,1,4),(0.E0,9.090909090909E-2,1.818181818182E-1,2.727272727273E-1,
3.636363636364E-1,4.545454545455E-1,5.454545454545E-1,6.363636363636E-1,
7.272727272727E-1,8.181818181818E-1,9.090909090909E-1,1.E0),.UNSPECIFIED.);
#2234=B_SPLINE_CURVE_WITH_KNOTS('',3,(#2220,#2221,#2222,#2223,#2224,#2225,#2226,
#2227,#2228,#2229,#2230,#2231,#2232,#2233),.UNSPECIFIED.,.F.,.F.,(4,1,1,1,1,1,1,
1,1,1,1,4),(0.E0,9.090909090909E-2,1.818181818182E-1,2.727272727273E-1,
3.636363636364E-1,4.545454545455E-1,5.454545454545E-1,6.363636363636E-1,
7.272727272727E-1,8.181818181818E-1,9.090909090909E-1,1.E0),.UNSPECIFIED.);
#2245=B_SPLINE_CURVE_WITH_KNOTS('',3,(#2235,#2236,#2237,#2238,#2239,#2240,#2241,
#2242,#2243,#2244),.UNSPECIFIED.,.F.,.F.,(4,1,1,1,1,1,1,4),(0.E0,
1.428571428571E-1,2.857142857143E-1,4.285714285714E-1,5.714285714286E-1,
7.142857142857E-1,8.571428571429E-1,1.E0),.UNSPECIFIED.);
#2250=CIRCLE('',#2249,4.E-1);
#2259=B_SPLINE_CURVE_WITH_KNOTS('',3,(#2251,#2252,#2253,#2254,#2255,#2256,#2257,
#2258),.UNSPECIFIED.,.F.,.F.,(4,1,1,1,1,4),(0.E0,2.E-1,4.E-1,6.E-1,8.E-1,1.E0),
.UNSPECIFIED.);
#2272=B_SPLINE_CURVE_WITH_KNOTS('',3,(#2264,#2265,#2266,#2267,#2268,#2269,#2270,
#2271),.UNSPECIFIED.,.F.,.F.,(4,1,1,1,1,4),(0.E0,2.E-1,4.E-1,6.E-1,8.E-1,1.E0),
.UNSPECIFIED.);
#2285=B_SPLINE_CURVE_WITH_KNOTS('',3,(#2277,#2278,#2279,#2280,#2281,#2282,#2283,
#2284),.UNSPECIFIED.,.F.,.F.,(4,1,1,1,1,4),(0.E0,2.E-1,4.E-1,6.E-1,8.E-1,1.E0),
.UNSPECIFIED.);
#2298=B_SPLINE_CURVE_WITH_KNOTS('',3,(#2290,#2291,#2292,#2293,#2294,#2295,#2296,
#2297),.UNSPECIFIED.,.F.,.F.,(4,1,1,1,1,4),(0.E0,2.E-1,4.E-1,6.E-1,8.E-1,1.E0),
.UNSPECIFIED.);
#2307=CIRCLE('',#2306,2.413E0);
#2312=CIRCLE('',#2311,2.413E0);
#2317=CIRCLE('',#2316,3.2E-1);
#2322=CIRCLE('',#2321,3.2E-1);
#2327=CIRCLE('',#2326,4.E-1);
#2332=CIRCLE('',#2331,4.E-1);
#2337=CIRCLE('',#2336,4.E-1);
#2342=CIRCLE('',#2341,4.E-1);
#2347=CIRCLE('',#2346,4.E-1);
#2352=CIRCLE('',#2351,4.E-1);
#2375=B_SPLINE_CURVE_WITH_KNOTS('',3,(#2365,#2366,#2367,#2368,#2369,#2370,#2371,
#2372,#2373,#2374),.UNSPECIFIED.,.F.,.F.,(4,1,1,1,1,1,1,4),(0.E0,
1.428571428571E-1,2.857142857143E-1,4.285714285714E-1,5.714285714286E-1,
7.142857142857E-1,8.571428571429E-1,1.E0),.UNSPECIFIED.);
#2398=B_SPLINE_CURVE_WITH_KNOTS('',3,(#2388,#2389,#2390,#2391,#2392,#2393,#2394,
#2395,#2396,#2397),.UNSPECIFIED.,.F.,.F.,(4,1,1,1,1,1,1,4),(0.E0,
1.428571428571E-1,2.857142857143E-1,4.285714285714E-1,5.714285714286E-1,
7.142857142857E-1,8.571428571429E-1,1.E0),.UNSPECIFIED.);
#2421=B_SPLINE_CURVE_WITH_KNOTS('',3,(#2411,#2412,#2413,#2414,#2415,#2416,#2417,
#2418,#2419,#2420),.UNSPECIFIED.,.F.,.F.,(4,1,1,1,1,1,1,4),(0.E0,
1.428571428571E-1,2.857142857143E-1,4.285714285714E-1,5.714285714286E-1,
7.142857142857E-1,8.571428571429E-1,1.E0),.UNSPECIFIED.);
#2438=CIRCLE('',#2437,4.E-1);
#2443=CIRCLE('',#2442,5.08E-1);
#2448=CIRCLE('',#2447,5.08E-1);
#2453=CIRCLE('',#2452,1.905E0);
#2458=CIRCLE('',#2457,1.905E0);
#2471=CIRCLE('',#2470,1.905E0);
#2476=CIRCLE('',#2475,1.905E0);
#2481=CIRCLE('',#2480,2.4638E0);
#2490=CIRCLE('',#2489,2.4638E0);
#2499=CIRCLE('',#2498,1.524E0);
#2504=CIRCLE('',#2503,1.524E0);
#2509=CIRCLE('',#2508,1.016E0);
#2514=CIRCLE('',#2513,1.016E0);
#2519=CIRCLE('',#2518,1.016E0);
#2528=CIRCLE('',#2527,1.016E0);
#2537=CIRCLE('',#2536,1.905E-1);
#2542=CIRCLE('',#2541,1.299238047519E-1);
#2547=CIRCLE('',#2546,1.299238047519E-1);
#2552=CIRCLE('',#2551,1.905E-1);
#3198=EDGE_CURVE('',#3023,#3024,#4,.T.);
#3200=EDGE_CURVE('',#3024,#3026,#8,.T.);
#3202=EDGE_CURVE('',#3048,#3026,#12,.T.);
#3204=EDGE_CURVE('',#3048,#3046,#16,.T.);
#3206=EDGE_CURVE('',#3046,#3029,#20,.T.);
#3208=EDGE_CURVE('',#3029,#3030,#24,.T.);
#3210=EDGE_CURVE('',#3032,#3030,#28,.T.);
#3212=EDGE_CURVE('',#3032,#3067,#32,.T.);
#3214=EDGE_CURVE('',#3067,#3068,#36,.T.);
#3216=EDGE_CURVE('',#3068,#3070,#40,.T.);
#3218=EDGE_CURVE('',#3080,#3070,#44,.T.);
#3220=EDGE_CURVE('',#3080,#3078,#48,.T.);
#3222=EDGE_CURVE('',#3078,#3073,#52,.T.);
#3224=EDGE_CURVE('',#3073,#3074,#56,.T.);
#3226=EDGE_CURVE('',#3076,#3074,#60,.T.);
#3228=EDGE_CURVE('',#3076,#3035,#64,.T.);
#3230=EDGE_CURVE('',#3035,#3036,#68,.T.);
#3232=EDGE_CURVE('',#3036,#3038,#72,.T.);
#3234=EDGE_CURVE('',#3052,#3038,#76,.T.);
#3236=EDGE_CURVE('',#3052,#3050,#80,.T.);
#3238=EDGE_CURVE('',#3050,#3041,#84,.T.);
#3240=EDGE_CURVE('',#3041,#3042,#88,.T.);
#3242=EDGE_CURVE('',#3044,#3042,#92,.T.);
#3244=EDGE_CURVE('',#3044,#3055,#96,.T.);
#3246=EDGE_CURVE('',#3055,#3056,#100,.T.);
#3248=EDGE_CURVE('',#3056,#3058,#104,.T.);
#3250=EDGE_CURVE('',#3084,#3058,#108,.T.);
#3252=EDGE_CURVE('',#3084,#3082,#112,.T.);
#3254=EDGE_CURVE('',#3082,#3061,#116,.T.);
#3256=EDGE_CURVE('',#3061,#3062,#120,.T.);
#3258=EDGE_CURVE('',#3064,#3062,#124,.T.);
#3260=EDGE_CURVE('',#3064,#2555,#128,.T.);
#3262=EDGE_CURVE('',#2555,#2556,#132,.T.);
#3264=EDGE_CURVE('',#2556,#2558,#136,.T.);
#3266=EDGE_CURVE('',#2558,#2560,#140,.T.);
#3268=EDGE_CURVE('',#2560,#3023,#144,.T.);
#3272=EDGE_CURVE('',#3135,#3136,#148,.T.);
#3274=EDGE_CURVE('',#3135,#3145,#163,.T.);
#3276=EDGE_CURVE('',#3143,#3145,#167,.T.);
#3278=EDGE_CURVE('',#3143,#3142,#182,.T.);
#3280=EDGE_CURVE('',#3140,#3142,#186,.T.);
#3282=EDGE_CURVE('',#3140,#3139,#201,.T.);
#3284=EDGE_CURVE('',#3137,#3139,#205,.T.);
#3286=EDGE_CURVE('',#3137,#3136,#220,.T.);
#3297=EDGE_CURVE('',#2688,#3023,#252,.T.);
#3299=EDGE_CURVE('',#2688,#2704,#224,.T.);
#3301=EDGE_CURVE('',#2704,#2706,#1596,.T.);
#3303=EDGE_CURVE('',#3024,#2706,#1560,.T.);
#3313=EDGE_CURVE('',#3032,#3046,#292,.T.);
#3315=EDGE_CURVE('',#3032,#2691,#228,.T.);
#3317=EDGE_CURVE('',#2691,#2692,#232,.T.);
#3319=EDGE_CURVE('',#2692,#3003,#236,.T.);
#3321=EDGE_CURVE('',#3003,#3004,#240,.T.);
#3323=EDGE_CURVE('',#3004,#2687,#244,.T.);
#3325=EDGE_CURVE('',#2687,#2688,#248,.T.);
#3328=EDGE_CURVE('',#3048,#3023,#296,.T.);
#3330=EDGE_CURVE('',#3048,#2954,#256,.T.);
#3332=EDGE_CURVE('',#2931,#2954,#1478,.T.);
#3334=EDGE_CURVE('',#2931,#2932,#260,.T.);
#3336=EDGE_CURVE('',#2956,#2932,#1404,.T.);
#3338=EDGE_CURVE('',#3046,#2956,#264,.T.);
#3348=EDGE_CURVE('',#3064,#3082,#268,.T.);
#3351=EDGE_CURVE('',#3084,#3055,#272,.T.);
#3354=EDGE_CURVE('',#3044,#3050,#276,.T.);
#3357=EDGE_CURVE('',#3052,#3035,#280,.T.);
#3360=EDGE_CURVE('',#3076,#3078,#284,.T.);
#3363=EDGE_CURVE('',#3080,#3067,#288,.T.);
#3370=EDGE_CURVE('',#2560,#2568,#300,.T.);
#3372=EDGE_CURVE('',#2568,#3115,#603,.T.);
#3374=EDGE_CURVE('',#3115,#3132,#304,.T.);
#3376=EDGE_CURVE('',#3130,#3132,#308,.T.);
#3378=EDGE_CURVE('',#3111,#3130,#312,.T.);
#3380=EDGE_CURVE('',#3111,#3107,#587,.T.);
#3382=EDGE_CURVE('',#3107,#3128,#316,.T.);
#3384=EDGE_CURVE('',#3126,#3128,#320,.T.);
#3386=EDGE_CURVE('',#3103,#3126,#324,.T.);
#3388=EDGE_CURVE('',#3103,#3099,#571,.T.);
#3390=EDGE_CURVE('',#3099,#3124,#328,.T.);
#3392=EDGE_CURVE('',#3122,#3124,#332,.T.);
#3394=EDGE_CURVE('',#3095,#3122,#336,.T.);
#3396=EDGE_CURVE('',#3095,#3091,#555,.T.);
#3398=EDGE_CURVE('',#3091,#3120,#340,.T.);
#3400=EDGE_CURVE('',#3118,#3120,#344,.T.);
#3402=EDGE_CURVE('',#3087,#3118,#348,.T.);
#3404=EDGE_CURVE('',#3087,#2563,#619,.T.);
#3406=EDGE_CURVE('',#2555,#2563,#1648,.T.);
#3418=EDGE_CURVE('',#3064,#2799,#352,.T.);
#3420=EDGE_CURVE('',#2799,#2800,#356,.T.);
#3422=EDGE_CURVE('',#2800,#2991,#360,.T.);
#3424=EDGE_CURVE('',#2991,#2992,#364,.T.);
#3426=EDGE_CURVE('',#2992,#2795,#368,.T.);
#3428=EDGE_CURVE('',#2795,#2796,#372,.T.);
#3430=EDGE_CURVE('',#2796,#3055,#376,.T.);
#3433=EDGE_CURVE('',#3084,#2788,#380,.T.);
#3435=EDGE_CURVE('',#2770,#2788,#776,.T.);
#3437=EDGE_CURVE('',#2770,#2772,#384,.T.);
#3439=EDGE_CURVE('',#2786,#2772,#504,.T.);
#3441=EDGE_CURVE('',#3082,#2786,#388,.T.);
#3452=EDGE_CURVE('',#3062,#2809,#392,.T.);
#3454=EDGE_CURVE('',#2809,#2810,#462,.T.);
#3456=EDGE_CURVE('',#2799,#2810,#446,.T.);
#3468=EDGE_CURVE('',#3061,#2816,#396,.T.);
#3470=EDGE_CURVE('',#2816,#2809,#466,.T.);
#3483=EDGE_CURVE('',#2960,#2786,#410,.T.);
#3485=EDGE_CURVE('',#2960,#2816,#400,.T.);
#3496=EDGE_CURVE('',#2788,#2958,#405,.T.);
#3498=EDGE_CURVE('',#2958,#2960,#470,.T.);
#3501=EDGE_CURVE('',#2786,#2774,#500,.T.);
#3503=EDGE_CURVE('',#2776,#2774,#798,.T.);
#3505=EDGE_CURVE('',#2776,#2788,#781,.T.);
#3516=EDGE_CURVE('',#3058,#2814,#422,.T.);
#3518=EDGE_CURVE('',#2814,#2958,#414,.T.);
#3531=EDGE_CURVE('',#3056,#2806,#418,.T.);
#3533=EDGE_CURVE('',#2806,#2814,#474,.T.);
#3546=EDGE_CURVE('',#2796,#2804,#426,.T.);
#3548=EDGE_CURVE('',#2804,#2806,#478,.T.);
#3560=EDGE_CURVE('',#2795,#2803,#430,.T.);
#3562=EDGE_CURVE('',#2803,#2804,#482,.T.);
#3573=EDGE_CURVE('',#2992,#3008,#434,.T.);
#3575=EDGE_CURVE('',#3008,#2803,#486,.T.);
#3588=EDGE_CURVE('',#2991,#3007,#438,.T.);
#3590=EDGE_CURVE('',#3007,#3008,#450,.T.);
#3603=EDGE_CURVE('',#2800,#2812,#442,.T.);
#3605=EDGE_CURVE('',#2812,#3007,#454,.T.);
#3617=EDGE_CURVE('',#2810,#2812,#458,.T.);
#3648=EDGE_CURVE('',#3087,#3088,#543,.T.);
#3651=EDGE_CURVE('',#3118,#2763,#491,.T.);
#3653=EDGE_CURVE('',#2763,#2774,#495,.T.);
#3657=EDGE_CURVE('',#2766,#2772,#737,.T.);
#3659=EDGE_CURVE('',#2766,#2758,#508,.T.);
#3661=EDGE_CURVE('',#2758,#2735,#513,.T.);
#3663=EDGE_CURVE('',#2735,#2736,#517,.T.);
#3665=EDGE_CURVE('',#2736,#2738,#522,.T.);
#3667=EDGE_CURVE('',#2738,#2740,#526,.T.);
#3669=EDGE_CURVE('',#2740,#2742,#530,.T.);
#3671=EDGE_CURVE('',#2742,#2744,#534,.T.);
#3673=EDGE_CURVE('',#2744,#3088,#539,.T.);
#3684=EDGE_CURVE('',#3088,#3092,#547,.T.);
#3686=EDGE_CURVE('',#3091,#3092,#551,.T.);
#3689=EDGE_CURVE('',#3095,#3096,#559,.T.);
#3691=EDGE_CURVE('',#3096,#3100,#563,.T.);
#3693=EDGE_CURVE('',#3099,#3100,#567,.T.);
#3696=EDGE_CURVE('',#3103,#3104,#575,.T.);
#3698=EDGE_CURVE('',#3104,#3108,#579,.T.);
#3700=EDGE_CURVE('',#3107,#3108,#583,.T.);
#3703=EDGE_CURVE('',#3111,#3112,#591,.T.);
#3705=EDGE_CURVE('',#3112,#3116,#595,.T.);
#3707=EDGE_CURVE('',#3115,#3116,#599,.T.);
#3710=EDGE_CURVE('',#2566,#2568,#607,.T.);
#3712=EDGE_CURVE('',#2564,#2566,#611,.T.);
#3714=EDGE_CURVE('',#2563,#2564,#615,.T.);
#3719=EDGE_CURVE('',#3148,#3149,#623,.T.);
#3721=EDGE_CURVE('',#3149,#3150,#638,.T.);
#3723=EDGE_CURVE('',#3150,#3152,#642,.T.);
#3725=EDGE_CURVE('',#3152,#3153,#657,.T.);
#3727=EDGE_CURVE('',#3153,#3155,#661,.T.);
#3729=EDGE_CURVE('',#3155,#3156,#676,.T.);
#3731=EDGE_CURVE('',#3156,#3158,#680,.T.);
#3733=EDGE_CURVE('',#3158,#3148,#695,.T.);
#3745=EDGE_CURVE('',#2744,#2756,#699,.T.);
#3747=EDGE_CURVE('',#2756,#3092,#742,.T.);
#3758=EDGE_CURVE('',#2742,#2754,#703,.T.);
#3760=EDGE_CURVE('',#2754,#2756,#746,.T.);
#3772=EDGE_CURVE('',#2740,#2752,#707,.T.);
#3774=EDGE_CURVE('',#2752,#2754,#750,.T.);
#3786=EDGE_CURVE('',#2738,#2750,#711,.T.);
#3788=EDGE_CURVE('',#2750,#2752,#754,.T.);
#3800=EDGE_CURVE('',#2736,#2748,#715,.T.);
#3802=EDGE_CURVE('',#2748,#2750,#759,.T.);
#3814=EDGE_CURVE('',#2735,#2747,#719,.T.);
#3816=EDGE_CURVE('',#2747,#2748,#763,.T.);
#3828=EDGE_CURVE('',#2758,#2760,#723,.T.);
#3830=EDGE_CURVE('',#2760,#2747,#768,.T.);
#3842=EDGE_CURVE('',#2768,#2766,#727,.T.);
#3844=EDGE_CURVE('',#2768,#2760,#772,.T.);
#3855=EDGE_CURVE('',#2770,#2768,#732,.T.);
#3880=EDGE_CURVE('',#2764,#2776,#785,.T.);
#3882=EDGE_CURVE('',#3120,#2764,#790,.T.);
#3894=EDGE_CURVE('',#2763,#2764,#794,.T.);
#3920=EDGE_CURVE('',#3122,#2847,#803,.T.);
#3922=EDGE_CURVE('',#2847,#2780,#807,.T.);
#3924=EDGE_CURVE('',#2792,#2780,#812,.T.);
#3926=EDGE_CURVE('',#2792,#2916,#816,.T.);
#3928=EDGE_CURVE('',#2920,#2916,#946,.T.);
#3930=EDGE_CURVE('',#2920,#2819,#820,.T.);
#3932=EDGE_CURVE('',#2819,#2820,#825,.T.);
#3934=EDGE_CURVE('',#2820,#2822,#829,.T.);
#3936=EDGE_CURVE('',#2822,#2824,#834,.T.);
#3938=EDGE_CURVE('',#2824,#2826,#838,.T.);
#3940=EDGE_CURVE('',#2826,#2828,#842,.T.);
#3942=EDGE_CURVE('',#2828,#2830,#846,.T.);
#3944=EDGE_CURVE('',#2830,#3096,#851,.T.);
#3955=EDGE_CURVE('',#3124,#2848,#904,.T.);
#3957=EDGE_CURVE('',#2847,#2848,#1016,.T.);
#3969=EDGE_CURVE('',#2844,#3100,#856,.T.);
#3971=EDGE_CURVE('',#2842,#2844,#860,.T.);
#3973=EDGE_CURVE('',#2840,#2842,#864,.T.);
#3975=EDGE_CURVE('',#2838,#2840,#868,.T.);
#3977=EDGE_CURVE('',#2836,#2838,#873,.T.);
#3979=EDGE_CURVE('',#2834,#2836,#877,.T.);
#3981=EDGE_CURVE('',#2833,#2834,#882,.T.);
#3983=EDGE_CURVE('',#2919,#2833,#886,.T.);
#3985=EDGE_CURVE('',#2915,#2919,#941,.T.);
#3987=EDGE_CURVE('',#2915,#2790,#890,.T.);
#3989=EDGE_CURVE('',#2779,#2790,#895,.T.);
#3991=EDGE_CURVE('',#2848,#2779,#899,.T.);
#4005=EDGE_CURVE('',#2830,#2844,#908,.T.);
#4017=EDGE_CURVE('',#2828,#2842,#912,.T.);
#4030=EDGE_CURVE('',#2826,#2840,#916,.T.);
#4043=EDGE_CURVE('',#2824,#2838,#920,.T.);
#4056=EDGE_CURVE('',#2822,#2836,#924,.T.);
#4069=EDGE_CURVE('',#2820,#2834,#928,.T.);
#4082=EDGE_CURVE('',#2819,#2833,#932,.T.);
#4094=EDGE_CURVE('',#2919,#2920,#936,.T.);
#4107=EDGE_CURVE('',#2915,#2916,#982,.T.);
#4121=EDGE_CURVE('',#3044,#2699,#950,.T.);
#4123=EDGE_CURVE('',#2699,#2700,#954,.T.);
#4125=EDGE_CURVE('',#2700,#2995,#958,.T.);
#4127=EDGE_CURVE('',#2995,#2996,#962,.T.);
#4129=EDGE_CURVE('',#2996,#2695,#966,.T.);
#4131=EDGE_CURVE('',#2695,#2696,#970,.T.);
#4133=EDGE_CURVE('',#2696,#3035,#974,.T.);
#4136=EDGE_CURVE('',#3052,#2790,#978,.T.);
#4141=EDGE_CURVE('',#3050,#2792,#986,.T.);
#4152=EDGE_CURVE('',#3042,#2721,#990,.T.);
#4154=EDGE_CURVE('',#2721,#2722,#1068,.T.);
#4156=EDGE_CURVE('',#2699,#2722,#1052,.T.);
#4168=EDGE_CURVE('',#3041,#2732,#994,.T.);
#4170=EDGE_CURVE('',#2732,#2721,#1072,.T.);
#4183=EDGE_CURVE('',#2784,#2792,#1008,.T.);
#4185=EDGE_CURVE('',#2784,#2732,#998,.T.);
#4196=EDGE_CURVE('',#2779,#2780,#1012,.T.);
#4199=EDGE_CURVE('',#2790,#2783,#1003,.T.);
#4201=EDGE_CURVE('',#2783,#2784,#1076,.T.);
#4226=EDGE_CURVE('',#3038,#2730,#1028,.T.);
#4228=EDGE_CURVE('',#2730,#2783,#1020,.T.);
#4241=EDGE_CURVE('',#3036,#2718,#1024,.T.);
#4243=EDGE_CURVE('',#2718,#2730,#1080,.T.);
#4256=EDGE_CURVE('',#2696,#2716,#1032,.T.);
#4258=EDGE_CURVE('',#2716,#2718,#1084,.T.);
#4270=EDGE_CURVE('',#2695,#2715,#1036,.T.);
#4272=EDGE_CURVE('',#2715,#2716,#1088,.T.);
#4283=EDGE_CURVE('',#2996,#3012,#1040,.T.);
#4285=EDGE_CURVE('',#3012,#2715,#1092,.T.);
#4298=EDGE_CURVE('',#2995,#3011,#1044,.T.);
#4300=EDGE_CURVE('',#3011,#3012,#1056,.T.);
#4313=EDGE_CURVE('',#2700,#2724,#1048,.T.);
#4315=EDGE_CURVE('',#2724,#3011,#1060,.T.);
#4327=EDGE_CURVE('',#2722,#2724,#1064,.T.);
#4360=EDGE_CURVE('',#3126,#2879,#1097,.T.);
#4362=EDGE_CURVE('',#2879,#2946,#1101,.T.);
#4364=EDGE_CURVE('',#2952,#2946,#1106,.T.);
#4366=EDGE_CURVE('',#2952,#2924,#1110,.T.);
#4368=EDGE_CURVE('',#2928,#2924,#1240,.T.);
#4370=EDGE_CURVE('',#2928,#2851,#1114,.T.);
#4372=EDGE_CURVE('',#2851,#2852,#1119,.T.);
#4374=EDGE_CURVE('',#2852,#2854,#1123,.T.);
#4376=EDGE_CURVE('',#2854,#2856,#1128,.T.);
#4378=EDGE_CURVE('',#2856,#2858,#1132,.T.);
#4380=EDGE_CURVE('',#2858,#2860,#1136,.T.);
#4382=EDGE_CURVE('',#2860,#2862,#1140,.T.);
#4384=EDGE_CURVE('',#2862,#3104,#1145,.T.);
#4395=EDGE_CURVE('',#3128,#2880,#1198,.T.);
#4397=EDGE_CURVE('',#2879,#2880,#1382,.T.);
#4409=EDGE_CURVE('',#2876,#3108,#1150,.T.);
#4411=EDGE_CURVE('',#2874,#2876,#1154,.T.);
#4413=EDGE_CURVE('',#2872,#2874,#1158,.T.);
#4415=EDGE_CURVE('',#2870,#2872,#1162,.T.);
#4417=EDGE_CURVE('',#2868,#2870,#1167,.T.);
#4419=EDGE_CURVE('',#2866,#2868,#1171,.T.);
#4421=EDGE_CURVE('',#2865,#2866,#1176,.T.);
#4423=EDGE_CURVE('',#2927,#2865,#1180,.T.);
#4425=EDGE_CURVE('',#2923,#2927,#1235,.T.);
#4427=EDGE_CURVE('',#2923,#2950,#1184,.T.);
#4429=EDGE_CURVE('',#2948,#2950,#1189,.T.);
#4431=EDGE_CURVE('',#2880,#2948,#1193,.T.);
#4445=EDGE_CURVE('',#2862,#2876,#1202,.T.);
#4457=EDGE_CURVE('',#2860,#2874,#1206,.T.);
#4470=EDGE_CURVE('',#2858,#2872,#1210,.T.);
#4483=EDGE_CURVE('',#2856,#2870,#1214,.T.);
#4496=EDGE_CURVE('',#2854,#2868,#1218,.T.);
#4509=EDGE_CURVE('',#2852,#2866,#1222,.T.);
#4522=EDGE_CURVE('',#2851,#2865,#1226,.T.);
#4534=EDGE_CURVE('',#2927,#2928,#1230,.T.);
#4547=EDGE_CURVE('',#2923,#2924,#1276,.T.);
#4561=EDGE_CURVE('',#3076,#2971,#1244,.T.);
#4563=EDGE_CURVE('',#2971,#2972,#1248,.T.);
#4565=EDGE_CURVE('',#2972,#2999,#1252,.T.);
#4567=EDGE_CURVE('',#2999,#3000,#1256,.T.);
#4569=EDGE_CURVE('',#3000,#2967,#1260,.T.);
#4571=EDGE_CURVE('',#2967,#2968,#1264,.T.);
#4573=EDGE_CURVE('',#2968,#3067,#1268,.T.);
#4576=EDGE_CURVE('',#3080,#2950,#1272,.T.);
#4581=EDGE_CURVE('',#3078,#2952,#1280,.T.);
#4592=EDGE_CURVE('',#3074,#2981,#1284,.T.);
#4594=EDGE_CURVE('',#2981,#2982,#1354,.T.);
#4596=EDGE_CURVE('',#2971,#2982,#1338,.T.);
#4608=EDGE_CURVE('',#3073,#2988,#1288,.T.);
#4610=EDGE_CURVE('',#2988,#2981,#1358,.T.);
#4623=EDGE_CURVE('',#2964,#2952,#1302,.T.);
#4625=EDGE_CURVE('',#2964,#2988,#1292,.T.);
#4636=EDGE_CURVE('',#2950,#2962,#1297,.T.);
#4638=EDGE_CURVE('',#2962,#2964,#1362,.T.);
#4642=EDGE_CURVE('',#2948,#2946,#1386,.T.);
#4654=EDGE_CURVE('',#3070,#2986,#1314,.T.);
#4656=EDGE_CURVE('',#2986,#2962,#1306,.T.);
#4669=EDGE_CURVE('',#3068,#2978,#1310,.T.);
#4671=EDGE_CURVE('',#2978,#2986,#1366,.T.);
#4684=EDGE_CURVE('',#2968,#2976,#1318,.T.);
#4686=EDGE_CURVE('',#2976,#2978,#1370,.T.);
#4698=EDGE_CURVE('',#2967,#2975,#1322,.T.);
#4700=EDGE_CURVE('',#2975,#2976,#1374,.T.);
#4711=EDGE_CURVE('',#3000,#3016,#1326,.T.);
#4713=EDGE_CURVE('',#3016,#2975,#1378,.T.);
#4726=EDGE_CURVE('',#2999,#3015,#1330,.T.);
#4728=EDGE_CURVE('',#3015,#3016,#1342,.T.);
#4741=EDGE_CURVE('',#2972,#2984,#1334,.T.);
#4743=EDGE_CURVE('',#2984,#3015,#1346,.T.);
#4755=EDGE_CURVE('',#2982,#2984,#1350,.T.);
#4800=EDGE_CURVE('',#3130,#2911,#1391,.T.);
#4802=EDGE_CURVE('',#2911,#2940,#1395,.T.);
#4804=EDGE_CURVE('',#2956,#2940,#1400,.T.);
#4807=EDGE_CURVE('',#2936,#2932,#1534,.T.);
#4809=EDGE_CURVE('',#2936,#2883,#1408,.T.);
#4811=EDGE_CURVE('',#2883,#2884,#1413,.T.);
#4813=EDGE_CURVE('',#2884,#2886,#1417,.T.);
#4815=EDGE_CURVE('',#2886,#2888,#1422,.T.);
#4817=EDGE_CURVE('',#2888,#2890,#1426,.T.);
#4819=EDGE_CURVE('',#2890,#2892,#1430,.T.);
#4821=EDGE_CURVE('',#2892,#2894,#1434,.T.);
#4823=EDGE_CURVE('',#2894,#3112,#1439,.T.);
#4834=EDGE_CURVE('',#3132,#2912,#1492,.T.);
#4836=EDGE_CURVE('',#2911,#2912,#1552,.T.);
#4848=EDGE_CURVE('',#2908,#3116,#1444,.T.);
#4850=EDGE_CURVE('',#2906,#2908,#1448,.T.);
#4852=EDGE_CURVE('',#2904,#2906,#1452,.T.);
#4854=EDGE_CURVE('',#2902,#2904,#1456,.T.);
#4856=EDGE_CURVE('',#2900,#2902,#1461,.T.);
#4858=EDGE_CURVE('',#2898,#2900,#1465,.T.);
#4860=EDGE_CURVE('',#2897,#2898,#1470,.T.);
#4862=EDGE_CURVE('',#2935,#2897,#1474,.T.);
#4864=EDGE_CURVE('',#2931,#2935,#1529,.T.);
#4867=EDGE_CURVE('',#2939,#2954,#1483,.T.);
#4869=EDGE_CURVE('',#2912,#2939,#1487,.T.);
#4883=EDGE_CURVE('',#2894,#2908,#1496,.T.);
#4895=EDGE_CURVE('',#2892,#2906,#1500,.T.);
#4908=EDGE_CURVE('',#2890,#2904,#1504,.T.);
#4921=EDGE_CURVE('',#2888,#2902,#1508,.T.);
#4934=EDGE_CURVE('',#2886,#2900,#1512,.T.);
#4947=EDGE_CURVE('',#2884,#2898,#1516,.T.);
#4960=EDGE_CURVE('',#2883,#2897,#1520,.T.);
#4972=EDGE_CURVE('',#2935,#2936,#1524,.T.);
#4997=EDGE_CURVE('',#2939,#2940,#1548,.T.);
#5000=EDGE_CURVE('',#2954,#2943,#1539,.T.);
#5002=EDGE_CURVE('',#2943,#2944,#1588,.T.);
#5004=EDGE_CURVE('',#2944,#2956,#1544,.T.);
#5028=EDGE_CURVE('',#3026,#2726,#1564,.T.);
#5030=EDGE_CURVE('',#2726,#2943,#1556,.T.);
#5044=EDGE_CURVE('',#2706,#2726,#1592,.T.);
#5055=EDGE_CURVE('',#3019,#3020,#1568,.T.);
#5057=EDGE_CURVE('',#2712,#3019,#1572,.T.);
#5059=EDGE_CURVE('',#2710,#2712,#1576,.T.);
#5061=EDGE_CURVE('',#2709,#2710,#1580,.T.);
#5063=EDGE_CURVE('',#2728,#2709,#1584,.T.);
#5065=EDGE_CURVE('',#2944,#2728,#1628,.T.);
#5071=EDGE_CURVE('',#2703,#2704,#1600,.T.);
#5073=EDGE_CURVE('',#3020,#2703,#1604,.T.);
#5084=EDGE_CURVE('',#3003,#3019,#1608,.T.);
#5087=EDGE_CURVE('',#3004,#3020,#1632,.T.);
#5099=EDGE_CURVE('',#2692,#2712,#1612,.T.);
#5111=EDGE_CURVE('',#2691,#2710,#1616,.T.);
#5124=EDGE_CURVE('',#3030,#2709,#1620,.T.);
#5138=EDGE_CURVE('',#3029,#2728,#1624,.T.);
#5165=EDGE_CURVE('',#2687,#2703,#1636,.T.);
#5189=EDGE_CURVE('',#2558,#2566,#1640,.T.);
#5202=EDGE_CURVE('',#2556,#2564,#1644,.T.);
#5227=EDGE_CURVE('',#3178,#3148,#1652,.T.);
#5229=EDGE_CURVE('',#3178,#3179,#1711,.T.);
#5231=EDGE_CURVE('',#3179,#3149,#1680,.T.);
#5286=EDGE_CURVE('',#3188,#3158,#1656,.T.);
#5288=EDGE_CURVE('',#3178,#3188,#1738,.T.);
#5300=EDGE_CURVE('',#3186,#3156,#1660,.T.);
#5302=EDGE_CURVE('',#3186,#3188,#1754,.T.);
#5358=EDGE_CURVE('',#3185,#3155,#1664,.T.);
#5360=EDGE_CURVE('',#3186,#3185,#1781,.T.);
#5372=EDGE_CURVE('',#3183,#3153,#1668,.T.);
#5374=EDGE_CURVE('',#3183,#3185,#1797,.T.);
#5430=EDGE_CURVE('',#3182,#3152,#1672,.T.);
#5432=EDGE_CURVE('',#3183,#3182,#1824,.T.);
#5444=EDGE_CURVE('',#3180,#3150,#1676,.T.);
#5446=EDGE_CURVE('',#3180,#3182,#1840,.T.);
#5503=EDGE_CURVE('',#3180,#3179,#1695,.T.);
#5515=EDGE_CURVE('',#2633,#3179,#1723,.T.);
#5517=EDGE_CURVE('',#2633,#2634,#1707,.T.);
#5519=EDGE_CURVE('',#2634,#3180,#1844,.T.);
#5530=EDGE_CURVE('',#2652,#3178,#1715,.T.);
#5532=EDGE_CURVE('',#2652,#2633,#1719,.T.);
#5544=EDGE_CURVE('',#2650,#3188,#1766,.T.);
#5546=EDGE_CURVE('',#2650,#2652,#1750,.T.);
#5558=EDGE_CURVE('',#2646,#3186,#1758,.T.);
#5560=EDGE_CURVE('',#2646,#2650,#1762,.T.);
#5572=EDGE_CURVE('',#2644,#3185,#1809,.T.);
#5574=EDGE_CURVE('',#2644,#2646,#1793,.T.);
#5586=EDGE_CURVE('',#2640,#3183,#1801,.T.);
#5588=EDGE_CURVE('',#2640,#2644,#1805,.T.);
#5600=EDGE_CURVE('',#2638,#3182,#1852,.T.);
#5602=EDGE_CURVE('',#2638,#2640,#1836,.T.);
#5615=EDGE_CURVE('',#2634,#2638,#1848,.T.);
#5626=EDGE_CURVE('',#2632,#2636,#1909,.T.);
#5628=EDGE_CURVE('',#2636,#2638,#1964,.T.);
#5631=EDGE_CURVE('',#2632,#2634,#1857,.T.);
#5641=EDGE_CURVE('',#2631,#2632,#1866,.T.);
#5643=EDGE_CURVE('',#2651,#2631,#1870,.T.);
#5645=EDGE_CURVE('',#2648,#2651,#1879,.T.);
#5647=EDGE_CURVE('',#2645,#2648,#1883,.T.);
#5649=EDGE_CURVE('',#2642,#2645,#1892,.T.);
#5651=EDGE_CURVE('',#2639,#2642,#1896,.T.);
#5653=EDGE_CURVE('',#2636,#2639,#1905,.T.);
#5658=EDGE_CURVE('',#2671,#2672,#1914,.T.);
#5660=EDGE_CURVE('',#2672,#2671,#1919,.T.);
#5664=EDGE_CURVE('',#2683,#2684,#1924,.T.);
#5666=EDGE_CURVE('',#2684,#2683,#1929,.T.);
#5723=EDGE_CURVE('',#2631,#2633,#1934,.T.);
#5736=EDGE_CURVE('',#2651,#2652,#1939,.T.);
#5793=EDGE_CURVE('',#2648,#2650,#1944,.T.);
#5806=EDGE_CURVE('',#2645,#2646,#1949,.T.);
#5863=EDGE_CURVE('',#2642,#2644,#1954,.T.);
#5876=EDGE_CURVE('',#2639,#2640,#1959,.T.);
#5943=EDGE_CURVE('',#2671,#2675,#1969,.T.);
#5945=EDGE_CURVE('',#2675,#2676,#1984,.T.);
#5947=EDGE_CURVE('',#2672,#2676,#1974,.T.);
#5959=EDGE_CURVE('',#2676,#2675,#1979,.T.);
#5971=EDGE_CURVE('',#2676,#2663,#1992,.T.);
#5973=EDGE_CURVE('',#2663,#2664,#2002,.T.);
#5975=EDGE_CURVE('',#2675,#2664,#1988,.T.);
#5987=EDGE_CURVE('',#2663,#2664,#1997,.T.);
#5998=EDGE_CURVE('',#2655,#2659,#2007,.T.);
#6000=EDGE_CURVE('',#2655,#2659,#2016,.T.);
#6014=EDGE_CURVE('',#2655,#2656,#2011,.T.);
#6016=EDGE_CURVE('',#2656,#2660,#2030,.T.);
#6018=EDGE_CURVE('',#2659,#2660,#2020,.T.);
#6032=EDGE_CURVE('',#2656,#2660,#2025,.T.);
#6046=EDGE_CURVE('',#2667,#2668,#2035,.T.);
#6048=EDGE_CURVE('',#2668,#2667,#2040,.T.);
#6058=EDGE_CURVE('',#3191,#3192,#2045,.T.);
#6060=EDGE_CURVE('',#2668,#3192,#2058,.T.);
#6063=EDGE_CURVE('',#2667,#3191,#2049,.T.);
#6074=EDGE_CURVE('',#3192,#3191,#2054,.T.);
#6120=EDGE_CURVE('',#2679,#2680,#2068,.T.);
#6122=EDGE_CURVE('',#2680,#2684,#2078,.T.);
#6125=EDGE_CURVE('',#2679,#2683,#2063,.T.);
#6136=EDGE_CURVE('',#2680,#2679,#2073,.T.);
#6183=EDGE_CURVE('',#3136,#3162,#2086,.T.);
#6185=EDGE_CURVE('',#3161,#3162,#2162,.T.);
#6187=EDGE_CURVE('',#3135,#3161,#2082,.T.);
#6242=EDGE_CURVE('',#3137,#3163,#2090,.T.);
#6244=EDGE_CURVE('',#3162,#3163,#2177,.T.);
#6256=EDGE_CURVE('',#3139,#3165,#2094,.T.);
#6258=EDGE_CURVE('',#3163,#3165,#2181,.T.);
#6314=EDGE_CURVE('',#3140,#3166,#2098,.T.);
#6316=EDGE_CURVE('',#3165,#3166,#2196,.T.);
#6328=EDGE_CURVE('',#3142,#3168,#2102,.T.);
#6330=EDGE_CURVE('',#3166,#3168,#2200,.T.);
#6386=EDGE_CURVE('',#3143,#3169,#2106,.T.);
#6388=EDGE_CURVE('',#3168,#3169,#2215,.T.);
#6400=EDGE_CURVE('',#3145,#3171,#2110,.T.);
#6402=EDGE_CURVE('',#3169,#3171,#2219,.T.);
#6459=EDGE_CURVE('',#3171,#3161,#2234,.T.);
#6470=EDGE_CURVE('',#2569,#2570,#2118,.T.);
#6472=EDGE_CURVE('',#2572,#2569,#2122,.T.);
#6474=EDGE_CURVE('',#2571,#2572,#2130,.T.);
#6476=EDGE_CURVE('',#2574,#2571,#2134,.T.);
#6478=EDGE_CURVE('',#2573,#2574,#2142,.T.);
#6480=EDGE_CURVE('',#2573,#2576,#2146,.T.);
#6482=EDGE_CURVE('',#2575,#2576,#2154,.T.);
#6484=EDGE_CURVE('',#2575,#2570,#2158,.T.);
#6504=EDGE_CURVE('',#2596,#2598,#2245,.T.);
#6506=EDGE_CURVE('',#2598,#2569,#2433,.T.);
#6509=EDGE_CURVE('',#2596,#2570,#2360,.T.);
#6563=EDGE_CURVE('',#2594,#2597,#2272,.T.);
#6565=EDGE_CURVE('',#2597,#2598,#2438,.T.);
#6568=EDGE_CURVE('',#2594,#2596,#2250,.T.);
#6578=EDGE_CURVE('',#2577,#2578,#2259,.T.);
#6580=EDGE_CURVE('',#2597,#2577,#2263,.T.);
#6583=EDGE_CURVE('',#2591,#2594,#2276,.T.);
#6585=EDGE_CURVE('',#2588,#2591,#2285,.T.);
#6587=EDGE_CURVE('',#2585,#2588,#2289,.T.);
#6589=EDGE_CURVE('',#2582,#2585,#2298,.T.);
#6591=EDGE_CURVE('',#2578,#2582,#2302,.T.);
#6595=EDGE_CURVE('',#2617,#2618,#2307,.T.);
#6597=EDGE_CURVE('',#2618,#2617,#2312,.T.);
#6601=EDGE_CURVE('',#2629,#2630,#2317,.T.);
#6603=EDGE_CURVE('',#2630,#2629,#2322,.T.);
#6658=EDGE_CURVE('',#2578,#2580,#2332,.T.);
#6660=EDGE_CURVE('',#2579,#2580,#2421,.T.);
#6662=EDGE_CURVE('',#2577,#2579,#2327,.T.);
#6673=EDGE_CURVE('',#2582,#2584,#2337,.T.);
#6675=EDGE_CURVE('',#2580,#2584,#2402,.T.);
#6731=EDGE_CURVE('',#2585,#2586,#2342,.T.);
#6733=EDGE_CURVE('',#2584,#2586,#2398,.T.);
#6745=EDGE_CURVE('',#2588,#2590,#2347,.T.);
#6747=EDGE_CURVE('',#2586,#2590,#2379,.T.);
#6803=EDGE_CURVE('',#2591,#2592,#2352,.T.);
#6805=EDGE_CURVE('',#2590,#2592,#2375,.T.);
#6818=EDGE_CURVE('',#2592,#2596,#2356,.T.);
#6832=EDGE_CURVE('',#2592,#2575,#2364,.T.);
#6845=EDGE_CURVE('',#2590,#2576,#2383,.T.);
#6858=EDGE_CURVE('',#2586,#2573,#2387,.T.);
#6871=EDGE_CURVE('',#2584,#2574,#2406,.T.);
#6884=EDGE_CURVE('',#2580,#2571,#2410,.T.);
#6897=EDGE_CURVE('',#2579,#2572,#2429,.T.);
#6907=EDGE_CURVE('',#2598,#2579,#2425,.T.);
#6933=EDGE_CURVE('',#2617,#2621,#2443,.T.);
#6935=EDGE_CURVE('',#2621,#2622,#2458,.T.);
#6937=EDGE_CURVE('',#2618,#2622,#2448,.T.);
#6949=EDGE_CURVE('',#2622,#2621,#2453,.T.);
#6961=EDGE_CURVE('',#2622,#2609,#2466,.T.);
#6963=EDGE_CURVE('',#2609,#2610,#2476,.T.);
#6965=EDGE_CURVE('',#2621,#2610,#2462,.T.);
#6977=EDGE_CURVE('',#2609,#2610,#2471,.T.);
#6988=EDGE_CURVE('',#2601,#2605,#2481,.T.);
#6990=EDGE_CURVE('',#2601,#2605,#2490,.T.);
#7004=EDGE_CURVE('',#2601,#2602,#2485,.T.);
#7006=EDGE_CURVE('',#2602,#2606,#2504,.T.);
#7008=EDGE_CURVE('',#2605,#2606,#2494,.T.);
#7022=EDGE_CURVE('',#2602,#2606,#2499,.T.);
#7036=EDGE_CURVE('',#2613,#2614,#2509,.T.);
#7038=EDGE_CURVE('',#2614,#2613,#2514,.T.);
#7048=EDGE_CURVE('',#3174,#3175,#2519,.T.);
#7050=EDGE_CURVE('',#2614,#3175,#2532,.T.);
#7053=EDGE_CURVE('',#2613,#3174,#2523,.T.);
#7064=EDGE_CURVE('',#3175,#3174,#2528,.T.);
#7110=EDGE_CURVE('',#2625,#2626,#2542,.T.);
#7112=EDGE_CURVE('',#2626,#2630,#2552,.T.);
#7115=EDGE_CURVE('',#2625,#2629,#2537,.T.);
#7126=EDGE_CURVE('',#2626,#2625,#2547,.T.);
#7177=ADVANCED_BREP_SHAPE_REPRESENTATION('',(#7168),#7176);
#7184=PRODUCT_DEFINITION('design','',#7183,#7180);
#7185=PRODUCT_DEFINITION_SHAPE('','SHAPE FOR 50038515-001_SW0001.',#7184);
#7186=SHAPE_DEFINITION_REPRESENTATION(#7185,#7177);
ENDSEC;
END-ISO-10303-21;
