ISO-10303-21;
HEADER;
FILE_DESCRIPTION((''),'2;1');
FILE_NAME('50038518-001_SW0001','2010-02-24T',('E445352'),(''),
'PRO/ENGINEER BY PARAMETRIC TECHNOLOGY CORPORATION, 2008250',
'PRO/ENGINEER BY PARAMETRIC TECHNOLOGY CORPORATION, 2008250','');
FILE_SCHEMA(('CONFIG_CONTROL_DESIGN'));
ENDSEC;
DATA;
#1=DIRECTION('',(0.E0,1.E0,0.E0));
#2=VECTOR('',#1,1.652E0);
#3=CARTESIAN_POINT('',(3.0277E1,-4.4577E1,0.E0));
#4=LINE('',#3,#2);
#5=DIRECTION('',(-1.E0,0.E0,0.E0));
#6=VECTOR('',#5,3.302E-1);
#7=CARTESIAN_POINT('',(3.0277E1,-4.2925E1,0.E0));
#8=LINE('',#7,#6);
#9=DIRECTION('',(0.E0,1.E0,0.E0));
#10=VECTOR('',#9,1.652E0);
#11=CARTESIAN_POINT('',(2.99468E1,-4.4577E1,0.E0));
#12=LINE('',#11,#10);
#13=DIRECTION('',(-1.E0,0.E0,0.E0));
#14=VECTOR('',#13,6.096E-1);
#15=CARTESIAN_POINT('',(2.99468E1,-4.4577E1,0.E0));
#16=LINE('',#15,#14);
#17=DIRECTION('',(0.E0,1.E0,0.E0));
#18=VECTOR('',#17,1.652E0);
#19=CARTESIAN_POINT('',(2.93372E1,-4.4577E1,0.E0));
#20=LINE('',#19,#18);
#21=DIRECTION('',(-1.E0,0.E0,0.E0));
#22=VECTOR('',#21,3.302E-1);
#23=CARTESIAN_POINT('',(2.93372E1,-4.2925E1,0.E0));
#24=LINE('',#23,#22);
#25=DIRECTION('',(0.E0,1.E0,0.E0));
#26=VECTOR('',#25,1.652E0);
#27=CARTESIAN_POINT('',(2.9007E1,-4.4577E1,0.E0));
#28=LINE('',#27,#26);
#29=DIRECTION('',(-1.E0,0.E0,0.E0));
#30=VECTOR('',#29,1.27E0);
#31=CARTESIAN_POINT('',(2.9007E1,-4.4577E1,0.E0));
#32=LINE('',#31,#30);
#33=DIRECTION('',(0.E0,1.E0,0.E0));
#34=VECTOR('',#33,1.652E0);
#35=CARTESIAN_POINT('',(2.7737E1,-4.4577E1,0.E0));
#36=LINE('',#35,#34);
#37=DIRECTION('',(-1.E0,0.E0,0.E0));
#38=VECTOR('',#37,3.302E-1);
#39=CARTESIAN_POINT('',(2.7737E1,-4.2925E1,0.E0));
#40=LINE('',#39,#38);
#41=DIRECTION('',(0.E0,1.E0,0.E0));
#42=VECTOR('',#41,1.652E0);
#43=CARTESIAN_POINT('',(2.74068E1,-4.4577E1,0.E0));
#44=LINE('',#43,#42);
#45=DIRECTION('',(-1.E0,0.E0,0.E0));
#46=VECTOR('',#45,6.096E-1);
#47=CARTESIAN_POINT('',(2.74068E1,-4.4577E1,0.E0));
#48=LINE('',#47,#46);
#49=DIRECTION('',(0.E0,1.E0,0.E0));
#50=VECTOR('',#49,1.652E0);
#51=CARTESIAN_POINT('',(2.67972E1,-4.4577E1,0.E0));
#52=LINE('',#51,#50);
#53=DIRECTION('',(-1.E0,0.E0,0.E0));
#54=VECTOR('',#53,3.302E-1);
#55=CARTESIAN_POINT('',(2.67972E1,-4.2925E1,0.E0));
#56=LINE('',#55,#54);
#57=DIRECTION('',(0.E0,1.E0,0.E0));
#58=VECTOR('',#57,1.652E0);
#59=CARTESIAN_POINT('',(2.6467E1,-4.4577E1,0.E0));
#60=LINE('',#59,#58);
#61=DIRECTION('',(-1.E0,0.E0,0.E0));
#62=VECTOR('',#61,1.27E0);
#63=CARTESIAN_POINT('',(2.6467E1,-4.4577E1,0.E0));
#64=LINE('',#63,#62);
#65=DIRECTION('',(0.E0,1.E0,0.E0));
#66=VECTOR('',#65,1.652E0);
#67=CARTESIAN_POINT('',(2.5197E1,-4.4577E1,0.E0));
#68=LINE('',#67,#66);
#69=DIRECTION('',(-1.E0,0.E0,0.E0));
#70=VECTOR('',#69,3.302E-1);
#71=CARTESIAN_POINT('',(2.5197E1,-4.2925E1,0.E0));
#72=LINE('',#71,#70);
#73=DIRECTION('',(0.E0,1.E0,0.E0));
#74=VECTOR('',#73,1.652E0);
#75=CARTESIAN_POINT('',(2.48668E1,-4.4577E1,0.E0));
#76=LINE('',#75,#74);
#77=DIRECTION('',(-1.E0,0.E0,0.E0));
#78=VECTOR('',#77,6.096E-1);
#79=CARTESIAN_POINT('',(2.48668E1,-4.4577E1,0.E0));
#80=LINE('',#79,#78);
#81=DIRECTION('',(0.E0,1.E0,0.E0));
#82=VECTOR('',#81,1.652E0);
#83=CARTESIAN_POINT('',(2.42572E1,-4.4577E1,0.E0));
#84=LINE('',#83,#82);
#85=DIRECTION('',(-1.E0,0.E0,0.E0));
#86=VECTOR('',#85,3.302E-1);
#87=CARTESIAN_POINT('',(2.42572E1,-4.2925E1,0.E0));
#88=LINE('',#87,#86);
#89=DIRECTION('',(0.E0,1.E0,0.E0));
#90=VECTOR('',#89,1.652E0);
#91=CARTESIAN_POINT('',(2.3927E1,-4.4577E1,0.E0));
#92=LINE('',#91,#90);
#93=DIRECTION('',(-1.E0,0.E0,0.E0));
#94=VECTOR('',#93,1.27E0);
#95=CARTESIAN_POINT('',(2.3927E1,-4.4577E1,0.E0));
#96=LINE('',#95,#94);
#97=DIRECTION('',(0.E0,1.E0,0.E0));
#98=VECTOR('',#97,1.652E0);
#99=CARTESIAN_POINT('',(2.2657E1,-4.4577E1,0.E0));
#100=LINE('',#99,#98);
#101=DIRECTION('',(-1.E0,0.E0,0.E0));
#102=VECTOR('',#101,3.302E-1);
#103=CARTESIAN_POINT('',(2.2657E1,-4.2925E1,0.E0));
#104=LINE('',#103,#102);
#105=DIRECTION('',(0.E0,1.E0,0.E0));
#106=VECTOR('',#105,1.652E0);
#107=CARTESIAN_POINT('',(2.23268E1,-4.4577E1,0.E0));
#108=LINE('',#107,#106);
#109=DIRECTION('',(-1.E0,0.E0,0.E0));
#110=VECTOR('',#109,6.096E-1);
#111=CARTESIAN_POINT('',(2.23268E1,-4.4577E1,0.E0));
#112=LINE('',#111,#110);
#113=DIRECTION('',(0.E0,1.E0,0.E0));
#114=VECTOR('',#113,1.652E0);
#115=CARTESIAN_POINT('',(2.17172E1,-4.4577E1,0.E0));
#116=LINE('',#115,#114);
#117=DIRECTION('',(-1.E0,0.E0,0.E0));
#118=VECTOR('',#117,3.302E-1);
#119=CARTESIAN_POINT('',(2.17172E1,-4.2925E1,0.E0));
#120=LINE('',#119,#118);
#121=DIRECTION('',(0.E0,1.E0,0.E0));
#122=VECTOR('',#121,1.652E0);
#123=CARTESIAN_POINT('',(2.1387E1,-4.4577E1,0.E0));
#124=LINE('',#123,#122);
#125=DIRECTION('',(-1.E0,0.E0,0.E0));
#126=VECTOR('',#125,5.082E-1);
#127=CARTESIAN_POINT('',(2.1387E1,-4.4577E1,0.E0));
#128=LINE('',#127,#126);
#129=DIRECTION('',(0.E0,1.E0,0.E0));
#130=VECTOR('',#129,9.906E0);
#131=CARTESIAN_POINT('',(2.08788E1,-4.4577E1,0.E0));
#132=LINE('',#131,#130);
#133=DIRECTION('',(1.E0,0.E0,0.E0));
#134=VECTOR('',#133,9.906E0);
#135=CARTESIAN_POINT('',(2.08788E1,-3.4671E1,0.E0));
#136=LINE('',#135,#134);
#137=DIRECTION('',(0.E0,-1.E0,0.E0));
#138=VECTOR('',#137,9.906E0);
#139=CARTESIAN_POINT('',(3.07848E1,-3.4671E1,0.E0));
#140=LINE('',#139,#138);
#141=DIRECTION('',(-1.E0,0.E0,0.E0));
#142=VECTOR('',#141,5.078E-1);
#143=CARTESIAN_POINT('',(3.07848E1,-4.4577E1,0.E0));
#144=LINE('',#143,#142);
#145=DIRECTION('',(-1.E0,0.E0,0.E0));
#146=VECTOR('',#145,8.621730289594E0);
#147=CARTESIAN_POINT('',(3.014266514480E1,-4.19096E1,0.E0));
#148=LINE('',#147,#146);
#149=CARTESIAN_POINT('',(3.003412982685E1,-4.141332982685E1,0.E0));
#150=DIRECTION('',(0.E0,0.E0,1.E0));
#151=DIRECTION('',(2.136522006826E-1,-9.769097896651E-1,0.E0));
#152=AXIS2_PLACEMENT_3D('',#149,#150,#151);
#154=DIRECTION('',(0.E0,-1.E0,0.E0));
#155=VECTOR('',#154,6.208730289594E0);
#156=CARTESIAN_POINT('',(3.05304E1,-3.531313485520E1,0.E0));
#157=LINE('',#156,#155);
#158=CARTESIAN_POINT('',(3.003412982685E1,-3.542167017315E1,0.E0));
#159=DIRECTION('',(0.E0,0.E0,1.E0));
#160=DIRECTION('',(9.769097896651E-1,2.136522006826E-1,0.E0));
#161=AXIS2_PLACEMENT_3D('',#158,#159,#160);
#163=DIRECTION('',(1.E0,0.E0,0.E0));
#164=VECTOR('',#163,8.621730289594E0);
#165=CARTESIAN_POINT('',(2.152093485520E1,-3.49254E1,0.E0));
#166=LINE('',#165,#164);
#167=CARTESIAN_POINT('',(2.162947017315E1,-3.542167017315E1,0.E0));
#168=DIRECTION('',(0.E0,0.E0,1.E0));
#169=DIRECTION('',(-2.136522006826E-1,9.769097896651E-1,0.E0));
#170=AXIS2_PLACEMENT_3D('',#167,#168,#169);
#172=DIRECTION('',(0.E0,1.E0,0.E0));
#173=VECTOR('',#172,6.208730289594E0);
#174=CARTESIAN_POINT('',(2.11332E1,-4.152186514480E1,0.E0));
#175=LINE('',#174,#173);
#176=CARTESIAN_POINT('',(2.162947017315E1,-4.141332982685E1,0.E0));
#177=DIRECTION('',(0.E0,0.E0,1.E0));
#178=DIRECTION('',(-9.769097896651E-1,-2.136522006826E-1,0.E0));
#179=AXIS2_PLACEMENT_3D('',#176,#177,#178);
#181=DIRECTION('',(0.E0,2.842170943040E-14,1.E0));
#182=VECTOR('',#181,2.5E-1);
#183=CARTESIAN_POINT('',(3.0277E1,-4.5465E1,0.E0));
#184=LINE('',#183,#182);
#185=DIRECTION('',(0.E0,-1.E0,0.E0));
#186=VECTOR('',#185,8.88E-1);
#187=CARTESIAN_POINT('',(2.9007E1,-4.4577E1,0.E0));
#188=LINE('',#187,#186);
#189=DIRECTION('',(7.071067811865E-1,-7.071067811866E-1,0.E0));
#190=VECTOR('',#189,5.374011537017E-1);
#191=CARTESIAN_POINT('',(2.9007E1,-4.5465E1,0.E0));
#192=LINE('',#191,#190);
#193=DIRECTION('',(0.E0,-1.E0,0.E0));
#194=VECTOR('',#193,1.3932E1);
#195=CARTESIAN_POINT('',(2.9387E1,-4.5845E1,0.E0));
#196=LINE('',#195,#194);
#197=DIRECTION('',(1.E0,0.E0,0.E0));
#198=VECTOR('',#197,5.100000000001E-1);
#199=CARTESIAN_POINT('',(2.9387E1,-5.9777E1,0.E0));
#200=LINE('',#199,#198);
#201=DIRECTION('',(0.E0,1.E0,0.E0));
#202=VECTOR('',#201,1.3932E1);
#203=CARTESIAN_POINT('',(2.9897E1,-5.9777E1,0.E0));
#204=LINE('',#203,#202);
#205=DIRECTION('',(7.071067811865E-1,7.071067811866E-1,0.E0));
#206=VECTOR('',#205,5.374011537017E-1);
#207=CARTESIAN_POINT('',(2.9897E1,-4.5845E1,0.E0));
#208=LINE('',#207,#206);
#209=DIRECTION('',(0.E0,1.E0,0.E0));
#210=VECTOR('',#209,8.88E-1);
#211=CARTESIAN_POINT('',(3.0277E1,-4.5465E1,0.E0));
#212=LINE('',#211,#210);
#213=DIRECTION('',(0.E0,-1.E0,0.E0));
#214=VECTOR('',#213,2.530275607640E-1);
#215=CARTESIAN_POINT('',(2.99468E1,-4.4577E1,0.E0));
#216=LINE('',#215,#214);
#217=DIRECTION('',(-1.E0,0.E0,0.E0));
#218=VECTOR('',#217,6.096E-1);
#219=CARTESIAN_POINT('',(2.99468E1,-4.5338E1,0.E0));
#220=LINE('',#219,#218);
#221=DIRECTION('',(0.E0,-1.E0,0.E0));
#222=VECTOR('',#221,2.530275607640E-1);
#223=CARTESIAN_POINT('',(2.93372E1,-4.4577E1,0.E0));
#224=LINE('',#223,#222);
#225=DIRECTION('',(1.E0,0.E0,0.E0));
#226=VECTOR('',#225,3.302E-1);
#227=CARTESIAN_POINT('',(2.1387E1,-4.4577E1,0.E0));
#228=LINE('',#227,#226);
#229=DIRECTION('',(1.E0,0.E0,0.E0));
#230=VECTOR('',#229,3.302E-1);
#231=CARTESIAN_POINT('',(2.23268E1,-4.4577E1,0.E0));
#232=LINE('',#231,#230);
#233=DIRECTION('',(1.E0,0.E0,0.E0));
#234=VECTOR('',#233,3.302E-1);
#235=CARTESIAN_POINT('',(2.3927E1,-4.4577E1,0.E0));
#236=LINE('',#235,#234);
#237=DIRECTION('',(1.E0,0.E0,0.E0));
#238=VECTOR('',#237,3.302E-1);
#239=CARTESIAN_POINT('',(2.48668E1,-4.4577E1,0.E0));
#240=LINE('',#239,#238);
#241=DIRECTION('',(1.E0,0.E0,0.E0));
#242=VECTOR('',#241,3.302E-1);
#243=CARTESIAN_POINT('',(2.6467E1,-4.4577E1,0.E0));
#244=LINE('',#243,#242);
#245=DIRECTION('',(1.E0,0.E0,0.E0));
#246=VECTOR('',#245,3.302E-1);
#247=CARTESIAN_POINT('',(2.74068E1,-4.4577E1,0.E0));
#248=LINE('',#247,#246);
#249=DIRECTION('',(1.E0,0.E0,0.E0));
#250=VECTOR('',#249,3.302E-1);
#251=CARTESIAN_POINT('',(2.9007E1,-4.4577E1,0.E0));
#252=LINE('',#251,#250);
#253=DIRECTION('',(1.E0,0.E0,0.E0));
#254=VECTOR('',#253,3.302E-1);
#255=CARTESIAN_POINT('',(2.99468E1,-4.4577E1,0.E0));
#256=LINE('',#255,#254);
#257=DIRECTION('',(0.E0,0.E0,-1.E0));
#258=VECTOR('',#257,1.02E0);
#259=CARTESIAN_POINT('',(3.07848E1,-4.4577E1,0.E0));
#260=LINE('',#259,#258);
#261=DIRECTION('',(0.E0,0.E0,1.E0));
#262=VECTOR('',#261,8.433890060814E-3);
#263=CARTESIAN_POINT('',(2.99468E1,-4.4577E1,-1.02E0));
#264=LINE('',#263,#262);
#265=DIRECTION('',(1.E0,0.E0,0.E0));
#266=VECTOR('',#265,6.096E-1);
#267=CARTESIAN_POINT('',(2.93372E1,-4.4577E1,-1.011566109939E0));
#268=LINE('',#267,#266);
#269=DIRECTION('',(0.E0,0.E0,1.E0));
#270=VECTOR('',#269,8.433890060814E-3);
#271=CARTESIAN_POINT('',(2.93372E1,-4.4577E1,-1.02E0));
#272=LINE('',#271,#270);
#273=DIRECTION('',(0.E0,0.E0,1.E0));
#274=VECTOR('',#273,8.433890060814E-3);
#275=CARTESIAN_POINT('',(2.74068E1,-4.4577E1,-1.02E0));
#276=LINE('',#275,#274);
#277=DIRECTION('',(1.E0,0.E0,0.E0));
#278=VECTOR('',#277,6.096E-1);
#279=CARTESIAN_POINT('',(2.67972E1,-4.4577E1,-1.011566109939E0));
#280=LINE('',#279,#278);
#281=DIRECTION('',(0.E0,0.E0,1.E0));
#282=VECTOR('',#281,8.433890060814E-3);
#283=CARTESIAN_POINT('',(2.67972E1,-4.4577E1,-1.02E0));
#284=LINE('',#283,#282);
#285=DIRECTION('',(0.E0,0.E0,1.E0));
#286=VECTOR('',#285,8.433890060814E-3);
#287=CARTESIAN_POINT('',(2.48668E1,-4.4577E1,-1.02E0));
#288=LINE('',#287,#286);
#289=DIRECTION('',(1.E0,0.E0,0.E0));
#290=VECTOR('',#289,6.096E-1);
#291=CARTESIAN_POINT('',(2.42572E1,-4.4577E1,-1.011566109939E0));
#292=LINE('',#291,#290);
#293=DIRECTION('',(0.E0,0.E0,1.E0));
#294=VECTOR('',#293,8.433890060814E-3);
#295=CARTESIAN_POINT('',(2.42572E1,-4.4577E1,-1.02E0));
#296=LINE('',#295,#294);
#297=DIRECTION('',(0.E0,0.E0,1.E0));
#298=VECTOR('',#297,8.433890060814E-3);
#299=CARTESIAN_POINT('',(2.23268E1,-4.4577E1,-1.02E0));
#300=LINE('',#299,#298);
#301=DIRECTION('',(1.E0,0.E0,0.E0));
#302=VECTOR('',#301,6.096E-1);
#303=CARTESIAN_POINT('',(2.17172E1,-4.4577E1,-1.011566109939E0));
#304=LINE('',#303,#302);
#305=DIRECTION('',(0.E0,0.E0,1.E0));
#306=VECTOR('',#305,8.433890060814E-3);
#307=CARTESIAN_POINT('',(2.17172E1,-4.4577E1,-1.02E0));
#308=LINE('',#307,#306);
#309=DIRECTION('',(0.E0,-1.E0,0.E0));
#310=VECTOR('',#309,8.88E-1);
#311=CARTESIAN_POINT('',(2.1387E1,-4.4577E1,0.E0));
#312=LINE('',#311,#310);
#313=DIRECTION('',(7.071067811865E-1,-7.071067811866E-1,0.E0));
#314=VECTOR('',#313,5.374011537017E-1);
#315=CARTESIAN_POINT('',(2.1387E1,-4.5465E1,0.E0));
#316=LINE('',#315,#314);
#317=DIRECTION('',(0.E0,-1.E0,0.E0));
#318=VECTOR('',#317,1.3932E1);
#319=CARTESIAN_POINT('',(2.1767E1,-4.5845E1,0.E0));
#320=LINE('',#319,#318);
#321=DIRECTION('',(1.E0,0.E0,0.E0));
#322=VECTOR('',#321,5.100000000001E-1);
#323=CARTESIAN_POINT('',(2.1767E1,-5.9777E1,0.E0));
#324=LINE('',#323,#322);
#325=DIRECTION('',(0.E0,1.E0,0.E0));
#326=VECTOR('',#325,1.3932E1);
#327=CARTESIAN_POINT('',(2.2277E1,-5.9777E1,0.E0));
#328=LINE('',#327,#326);
#329=DIRECTION('',(7.071067811865E-1,7.071067811866E-1,0.E0));
#330=VECTOR('',#329,5.374011537017E-1);
#331=CARTESIAN_POINT('',(2.2277E1,-4.5845E1,0.E0));
#332=LINE('',#331,#330);
#333=DIRECTION('',(0.E0,1.E0,0.E0));
#334=VECTOR('',#333,8.88E-1);
#335=CARTESIAN_POINT('',(2.2657E1,-4.5465E1,0.E0));
#336=LINE('',#335,#334);
#337=DIRECTION('',(-2.808163401705E-14,-1.E0,0.E0));
#338=VECTOR('',#337,2.530275607640E-1);
#339=CARTESIAN_POINT('',(2.23268E1,-4.4577E1,0.E0));
#340=LINE('',#339,#338);
#341=DIRECTION('',(-1.E0,0.E0,0.E0));
#342=VECTOR('',#341,6.096E-1);
#343=CARTESIAN_POINT('',(2.23268E1,-4.5338E1,0.E0));
#344=LINE('',#343,#342);
#345=DIRECTION('',(-4.212245102557E-14,-1.E0,0.E0));
#346=VECTOR('',#345,2.530275607640E-1);
#347=CARTESIAN_POINT('',(2.17172E1,-4.4577E1,0.E0));
#348=LINE('',#347,#346);
#349=DIRECTION('',(-1.421085471520E-14,0.E0,1.E0));
#350=VECTOR('',#349,2.5E-1);
#351=CARTESIAN_POINT('',(2.1387E1,-4.2925E1,0.E0));
#352=LINE('',#351,#350);
#353=DIRECTION('',(0.E0,0.E0,1.E0));
#354=VECTOR('',#353,2.5E-1);
#355=CARTESIAN_POINT('',(2.17172E1,-4.2925E1,0.E0));
#356=LINE('',#355,#354);
#357=DIRECTION('',(0.E0,1.E0,0.E0));
#358=VECTOR('',#357,2.159E0);
#359=CARTESIAN_POINT('',(2.17172E1,-4.5084E1,2.5E-1));
#360=LINE('',#359,#358);
#361=CARTESIAN_POINT('',(2.23268E1,-4.5084E1,-4.E-3));
#362=DIRECTION('',(1.E0,0.E0,0.E0));
#363=DIRECTION('',(0.E0,9.998759920630E-1,1.574803149606E-2));
#364=AXIS2_PLACEMENT_3D('',#361,#362,#363);
#366=CARTESIAN_POINT('',(2.17172E1,-4.5084E1,-4.E-3));
#367=DIRECTION('',(-1.E0,0.E0,0.E0));
#368=DIRECTION('',(0.E0,0.E0,1.E0));
#369=AXIS2_PLACEMENT_3D('',#366,#367,#368);
#371=DIRECTION('',(0.E0,-1.E0,0.E0));
#372=VECTOR('',#371,2.159E0);
#373=CARTESIAN_POINT('',(2.23268E1,-4.2925E1,2.5E-1));
#374=LINE('',#373,#372);
#375=DIRECTION('',(0.E0,2.842170943040E-14,1.E0));
#376=VECTOR('',#375,2.5E-1);
#377=CARTESIAN_POINT('',(2.2657E1,-4.2925E1,0.E0));
#378=LINE('',#377,#376);
#379=DIRECTION('',(0.E0,0.E0,1.E0));
#380=VECTOR('',#379,2.5E-1);
#381=CARTESIAN_POINT('',(2.23268E1,-4.2925E1,0.E0));
#382=LINE('',#381,#380);
#383=DIRECTION('',(0.E0,2.842170943040E-14,1.E0));
#384=VECTOR('',#383,2.5E-1);
#385=CARTESIAN_POINT('',(2.2657E1,-4.5465E1,0.E0));
#386=LINE('',#385,#384);
#387=DIRECTION('',(0.E0,0.E0,1.E0));
#388=VECTOR('',#387,2.5E-1);
#389=CARTESIAN_POINT('',(2.2277E1,-4.5845E1,0.E0));
#390=LINE('',#389,#388);
#391=DIRECTION('',(0.E0,0.E0,1.E0));
#392=VECTOR('',#391,2.5E-1);
#393=CARTESIAN_POINT('',(2.2277E1,-5.9777E1,0.E0));
#394=LINE('',#393,#392);
#395=DIRECTION('',(0.E0,0.E0,1.E0));
#396=VECTOR('',#395,2.5E-1);
#397=CARTESIAN_POINT('',(2.1767E1,-5.9777E1,0.E0));
#398=LINE('',#397,#396);
#399=DIRECTION('',(0.E0,0.E0,1.E0));
#400=VECTOR('',#399,2.5E-1);
#401=CARTESIAN_POINT('',(2.1767E1,-4.5845E1,0.E0));
#402=LINE('',#401,#400);
#403=DIRECTION('',(0.E0,0.E0,1.E0));
#404=VECTOR('',#403,2.5E-1);
#405=CARTESIAN_POINT('',(2.1387E1,-4.5465E1,0.E0));
#406=LINE('',#405,#404);
#407=DIRECTION('',(1.E0,0.E0,0.E0));
#408=VECTOR('',#407,5.100000000001E-1);
#409=CARTESIAN_POINT('',(2.1767E1,-5.9777E1,2.5E-1));
#410=LINE('',#409,#408);
#411=DIRECTION('',(0.E0,-1.E0,0.E0));
#412=VECTOR('',#411,1.3932E1);
#413=CARTESIAN_POINT('',(2.1767E1,-4.5845E1,2.5E-1));
#414=LINE('',#413,#412);
#415=DIRECTION('',(7.071067811865E-1,-7.071067811866E-1,0.E0));
#416=VECTOR('',#415,5.374011537017E-1);
#417=CARTESIAN_POINT('',(2.1387E1,-4.5465E1,2.5E-1));
#418=LINE('',#417,#416);
#419=DIRECTION('',(0.E0,-1.E0,0.E0));
#420=VECTOR('',#419,2.54E0);
#421=CARTESIAN_POINT('',(2.1387E1,-4.2925E1,2.5E-1));
#422=LINE('',#421,#420);
#423=DIRECTION('',(-1.E0,0.E0,0.E0));
#424=VECTOR('',#423,3.302E-1);
#425=CARTESIAN_POINT('',(2.17172E1,-4.2925E1,2.5E-1));
#426=LINE('',#425,#424);
#427=DIRECTION('',(-1.E0,0.E0,0.E0));
#428=VECTOR('',#427,6.096E-1);
#429=CARTESIAN_POINT('',(2.23268E1,-4.5084E1,2.5E-1));
#430=LINE('',#429,#428);
#431=DIRECTION('',(-1.E0,0.E0,0.E0));
#432=VECTOR('',#431,3.302E-1);
#433=CARTESIAN_POINT('',(2.2657E1,-4.2925E1,2.5E-1));
#434=LINE('',#433,#432);
#435=DIRECTION('',(0.E0,1.E0,0.E0));
#436=VECTOR('',#435,2.54E0);
#437=CARTESIAN_POINT('',(2.2657E1,-4.5465E1,2.5E-1));
#438=LINE('',#437,#436);
#439=DIRECTION('',(7.071067811865E-1,7.071067811866E-1,0.E0));
#440=VECTOR('',#439,5.374011537017E-1);
#441=CARTESIAN_POINT('',(2.2277E1,-4.5845E1,2.5E-1));
#442=LINE('',#441,#440);
#443=DIRECTION('',(0.E0,1.E0,0.E0));
#444=VECTOR('',#443,1.3932E1);
#445=CARTESIAN_POINT('',(2.2277E1,-5.9777E1,2.5E-1));
#446=LINE('',#445,#444);
#447=CARTESIAN_POINT('',(2.17172E1,-4.45252E1,-7.112E-1));
#448=DIRECTION('',(-1.E0,0.E0,0.E0));
#449=DIRECTION('',(0.E0,-1.699475065617E-1,-9.854531165984E-1));
#450=AXIS2_PLACEMENT_3D('',#447,#448,#449);
#452=DIRECTION('',(0.E0,0.E0,1.E0));
#453=VECTOR('',#452,7.072E-1);
#454=CARTESIAN_POINT('',(2.17172E1,-4.483E1,-7.112E-1));
#455=LINE('',#454,#453);
#456=CARTESIAN_POINT('',(2.17172E1,-4.5084E1,-4.E-3));
#457=DIRECTION('',(-1.E0,0.E0,0.E0));
#458=DIRECTION('',(0.E0,9.998759920630E-1,1.574803149606E-2));
#459=AXIS2_PLACEMENT_3D('',#456,#457,#458);
#461=DIRECTION('',(-2.098173092310E-14,-1.E0,0.E0));
#462=VECTOR('',#461,5.079724392360E-1);
#463=CARTESIAN_POINT('',(2.17172E1,-4.483002756076E1,0.E0));
#464=LINE('',#463,#462);
#465=DIRECTION('',(0.E0,0.E0,-1.E0));
#466=VECTOR('',#465,4.572E-1);
#467=CARTESIAN_POINT('',(2.17172E1,-4.5084E1,-2.54E-1));
#468=LINE('',#467,#466);
#469=CARTESIAN_POINT('',(2.17172E1,-4.45252E1,-7.112E-1));
#470=DIRECTION('',(1.E0,0.E0,0.E0));
#471=DIRECTION('',(0.E0,-1.E0,0.E0));
#472=AXIS2_PLACEMENT_3D('',#469,#470,#471);
#474=DIRECTION('',(0.E0,9.918563908467E-1,1.273612968548E-1));
#475=VECTOR('',#474,7.570205017039E-1);
#476=CARTESIAN_POINT('',(2.17172E1,-4.445403050732E1,-1.265449351205E0));
#477=LINE('',#476,#475);
#478=CARTESIAN_POINT('',(2.17172E1,-4.3687E1,-1.295E0));
#479=DIRECTION('',(-1.E0,0.E0,0.E0));
#480=DIRECTION('',(0.E0,-1.273612968548E-1,9.918563908467E-1));
#481=AXIS2_PLACEMENT_3D('',#478,#479,#480);
#483=DIRECTION('',(0.E0,6.062263139585E-1,-7.952921829518E-1));
#484=VECTOR('',#483,7.571325554944E-1);
#485=CARTESIAN_POINT('',(2.17172E1,-4.358599789277E1,-1.218009258127E0));
#486=LINE('',#485,#484);
#487=DIRECTION('',(0.E0,7.952921829518E-1,6.062263139586E-1));
#488=VECTOR('',#487,2.54E-1);
#489=CARTESIAN_POINT('',(2.17172E1,-4.312700421447E1,-1.820150860970E0));
#490=LINE('',#489,#488);
#491=DIRECTION('',(0.E0,-6.062263139585E-1,7.952921829518E-1));
#492=VECTOR('',#491,7.571325554944E-1);
#493=CARTESIAN_POINT('',(2.17172E1,-4.2925E1,-1.666169377225E0));
#494=LINE('',#493,#492);
#495=CARTESIAN_POINT('',(2.17172E1,-4.3687E1,-1.295E0));
#496=DIRECTION('',(1.E0,0.E0,0.E0));
#497=DIRECTION('',(0.E0,7.952921829518E-1,6.062263139585E-1));
#498=AXIS2_PLACEMENT_3D('',#495,#496,#497);
#500=DIRECTION('',(0.E0,1.E0,0.E0));
#501=VECTOR('',#500,1.153696795582E0);
#502=CARTESIAN_POINT('',(2.17172E1,-4.4577E1,-1.02E0));
#503=LINE('',#502,#501);
#504=DIRECTION('',(1.E0,2.331176954594E-14,0.E0));
#505=VECTOR('',#504,6.096E-1);
#506=CARTESIAN_POINT('',(2.17172E1,-4.342330320442E1,-1.02E0));
#507=LINE('',#506,#505);
#508=DIRECTION('',(0.E0,1.E0,0.E0));
#509=VECTOR('',#508,1.153696795582E0);
#510=CARTESIAN_POINT('',(2.23268E1,-4.4577E1,-1.02E0));
#511=LINE('',#510,#509);
#512=DIRECTION('',(-1.E0,0.E0,0.E0));
#513=VECTOR('',#512,1.9304E0);
#514=CARTESIAN_POINT('',(2.42572E1,-4.4577E1,-1.02E0));
#515=LINE('',#514,#513);
#516=DIRECTION('',(0.E0,1.E0,0.E0));
#517=VECTOR('',#516,1.153696795582E0);
#518=CARTESIAN_POINT('',(2.42572E1,-4.4577E1,-1.02E0));
#519=LINE('',#518,#517);
#520=DIRECTION('',(1.E0,2.331176954594E-14,0.E0));
#521=VECTOR('',#520,6.096E-1);
#522=CARTESIAN_POINT('',(2.42572E1,-4.342330320442E1,-1.02E0));
#523=LINE('',#522,#521);
#524=DIRECTION('',(0.E0,1.E0,0.E0));
#525=VECTOR('',#524,1.153696795582E0);
#526=CARTESIAN_POINT('',(2.48668E1,-4.4577E1,-1.02E0));
#527=LINE('',#526,#525);
#528=DIRECTION('',(-1.E0,0.E0,0.E0));
#529=VECTOR('',#528,1.9304E0);
#530=CARTESIAN_POINT('',(2.67972E1,-4.4577E1,-1.02E0));
#531=LINE('',#530,#529);
#532=DIRECTION('',(0.E0,1.E0,0.E0));
#533=VECTOR('',#532,1.153696795582E0);
#534=CARTESIAN_POINT('',(2.67972E1,-4.4577E1,-1.02E0));
#535=LINE('',#534,#533);
#536=DIRECTION('',(1.E0,2.331176954594E-14,0.E0));
#537=VECTOR('',#536,6.096E-1);
#538=CARTESIAN_POINT('',(2.67972E1,-4.342330320442E1,-1.02E0));
#539=LINE('',#538,#537);
#540=DIRECTION('',(0.E0,1.E0,0.E0));
#541=VECTOR('',#540,1.153696795582E0);
#542=CARTESIAN_POINT('',(2.74068E1,-4.4577E1,-1.02E0));
#543=LINE('',#542,#541);
#544=DIRECTION('',(-1.E0,0.E0,0.E0));
#545=VECTOR('',#544,1.9304E0);
#546=CARTESIAN_POINT('',(2.93372E1,-4.4577E1,-1.02E0));
#547=LINE('',#546,#545);
#548=DIRECTION('',(0.E0,1.E0,0.E0));
#549=VECTOR('',#548,1.153696795582E0);
#550=CARTESIAN_POINT('',(2.93372E1,-4.4577E1,-1.02E0));
#551=LINE('',#550,#549);
#552=DIRECTION('',(1.E0,2.331176954594E-14,0.E0));
#553=VECTOR('',#552,6.096E-1);
#554=CARTESIAN_POINT('',(2.93372E1,-4.342330320442E1,-1.02E0));
#555=LINE('',#554,#553);
#556=DIRECTION('',(0.E0,1.E0,0.E0));
#557=VECTOR('',#556,1.153696795582E0);
#558=CARTESIAN_POINT('',(2.99468E1,-4.4577E1,-1.02E0));
#559=LINE('',#558,#557);
#560=DIRECTION('',(-1.E0,0.E0,0.E0));
#561=VECTOR('',#560,8.38E-1);
#562=CARTESIAN_POINT('',(3.07848E1,-4.4577E1,-1.02E0));
#563=LINE('',#562,#561);
#564=DIRECTION('',(0.E0,-1.E0,0.E0));
#565=VECTOR('',#564,9.906E0);
#566=CARTESIAN_POINT('',(3.07848E1,-3.4671E1,-1.02E0));
#567=LINE('',#566,#565);
#568=DIRECTION('',(1.E0,0.E0,0.E0));
#569=VECTOR('',#568,9.906E0);
#570=CARTESIAN_POINT('',(2.08788E1,-3.4671E1,-1.02E0));
#571=LINE('',#570,#569);
#572=DIRECTION('',(0.E0,1.E0,0.E0));
#573=VECTOR('',#572,9.906E0);
#574=CARTESIAN_POINT('',(2.08788E1,-4.4577E1,-1.02E0));
#575=LINE('',#574,#573);
#576=DIRECTION('',(-1.E0,0.E0,0.E0));
#577=VECTOR('',#576,8.384E-1);
#578=CARTESIAN_POINT('',(2.17172E1,-4.4577E1,-1.02E0));
#579=LINE('',#578,#577);
#580=DIRECTION('',(-1.E0,0.E0,0.E0));
#581=VECTOR('',#580,8.621730289594E0);
#582=CARTESIAN_POINT('',(3.014266514480E1,-3.49254E1,-1.02E0));
#583=LINE('',#582,#581);
#584=CARTESIAN_POINT('',(3.003412982685E1,-3.542167017315E1,-1.02E0));
#585=DIRECTION('',(0.E0,0.E0,-1.E0));
#586=DIRECTION('',(2.136522006826E-1,9.769097896651E-1,0.E0));
#587=AXIS2_PLACEMENT_3D('',#584,#585,#586);
#589=DIRECTION('',(0.E0,1.E0,0.E0));
#590=VECTOR('',#589,6.208730289594E0);
#591=CARTESIAN_POINT('',(3.05304E1,-4.152186514480E1,-1.02E0));
#592=LINE('',#591,#590);
#593=CARTESIAN_POINT('',(3.003412982685E1,-4.141332982685E1,-1.02E0));
#594=DIRECTION('',(0.E0,0.E0,-1.E0));
#595=DIRECTION('',(9.769097896651E-1,-2.136522006826E-1,0.E0));
#596=AXIS2_PLACEMENT_3D('',#593,#594,#595);
#598=DIRECTION('',(1.E0,0.E0,0.E0));
#599=VECTOR('',#598,8.621730289594E0);
#600=CARTESIAN_POINT('',(2.152093485520E1,-4.19096E1,-1.02E0));
#601=LINE('',#600,#599);
#602=CARTESIAN_POINT('',(2.162947017315E1,-4.141332982685E1,-1.02E0));
#603=DIRECTION('',(0.E0,0.E0,-1.E0));
#604=DIRECTION('',(-2.136522006826E-1,-9.769097896651E-1,0.E0));
#605=AXIS2_PLACEMENT_3D('',#602,#603,#604);
#607=DIRECTION('',(0.E0,-1.E0,0.E0));
#608=VECTOR('',#607,6.208730289594E0);
#609=CARTESIAN_POINT('',(2.11332E1,-3.531313485520E1,-1.02E0));
#610=LINE('',#609,#608);
#611=CARTESIAN_POINT('',(2.162947017315E1,-3.542167017315E1,-1.02E0));
#612=DIRECTION('',(0.E0,0.E0,-1.E0));
#613=DIRECTION('',(-9.769097896651E-1,2.136522006826E-1,0.E0));
#614=AXIS2_PLACEMENT_3D('',#611,#612,#613);
#616=DIRECTION('',(1.E0,0.E0,0.E0));
#617=VECTOR('',#616,6.096E-1);
#618=CARTESIAN_POINT('',(2.17172E1,-4.338399367830E1,-1.064027774382E0));
#619=LINE('',#618,#617);
#620=DIRECTION('',(1.E0,0.E0,0.E0));
#621=VECTOR('',#620,6.096E-1);
#622=CARTESIAN_POINT('',(2.17172E1,-4.2925E1,-1.666169377225E0));
#623=LINE('',#622,#621);
#624=DIRECTION('',(1.E0,-1.165588477297E-14,0.E0));
#625=VECTOR('',#624,6.096E-1);
#626=CARTESIAN_POINT('',(2.17172E1,-4.312700421447E1,-1.820150860970E0));
#627=LINE('',#626,#625);
#628=DIRECTION('',(1.E0,0.E0,0.E0));
#629=VECTOR('',#628,6.096E-1);
#630=CARTESIAN_POINT('',(2.17172E1,-4.358599789277E1,-1.218009258127E0));
#631=LINE('',#630,#629);
#632=DIRECTION('',(1.E0,0.E0,0.E0));
#633=VECTOR('',#632,6.096E-1);
#634=CARTESIAN_POINT('',(2.17172E1,-4.370317488470E1,-1.169034238362E0));
#635=LINE('',#634,#633);
#636=DIRECTION('',(1.E0,0.E0,0.E0));
#637=VECTOR('',#636,6.096E-1);
#638=CARTESIAN_POINT('',(2.17172E1,-4.445403050732E1,-1.265449351205E0));
#639=LINE('',#638,#637);
#640=DIRECTION('',(1.E0,0.E0,0.E0));
#641=VECTOR('',#640,6.096E-1);
#642=CARTESIAN_POINT('',(2.17172E1,-4.5084E1,-7.112E-1));
#643=LINE('',#642,#641);
#644=DIRECTION('',(-1.E0,0.E0,0.E0));
#645=VECTOR('',#644,6.096E-1);
#646=CARTESIAN_POINT('',(2.23268E1,-4.5084E1,-2.54E-1));
#647=LINE('',#646,#645);
#648=CARTESIAN_POINT('',(2.23268E1,-4.5338E1,-2.54E-1));
#649=DIRECTION('',(-1.E0,0.E0,0.E0));
#650=DIRECTION('',(0.E0,0.E0,1.E0));
#651=AXIS2_PLACEMENT_3D('',#648,#649,#650);
#653=CARTESIAN_POINT('',(2.17172E1,-4.5338E1,-2.54E-1));
#654=DIRECTION('',(1.E0,0.E0,0.E0));
#655=DIRECTION('',(0.E0,1.E0,0.E0));
#656=AXIS2_PLACEMENT_3D('',#653,#654,#655);
#658=CARTESIAN_POINT('',(2.23268E1,-4.3687E1,-1.295E0));
#659=DIRECTION('',(1.E0,0.E0,0.E0));
#660=DIRECTION('',(0.E0,7.952921829518E-1,6.062263139585E-1));
#661=AXIS2_PLACEMENT_3D('',#658,#659,#660);
#663=DIRECTION('',(0.E0,-6.062263139585E-1,7.952921829518E-1));
#664=VECTOR('',#663,7.571325554944E-1);
#665=CARTESIAN_POINT('',(2.23268E1,-4.2925E1,-1.666169377225E0));
#666=LINE('',#665,#664);
#667=DIRECTION('',(0.E0,7.952921829518E-1,6.062263139586E-1));
#668=VECTOR('',#667,2.54E-1);
#669=CARTESIAN_POINT('',(2.23268E1,-4.312700421447E1,-1.820150860970E0));
#670=LINE('',#669,#668);
#671=DIRECTION('',(0.E0,6.062263139585E-1,-7.952921829518E-1));
#672=VECTOR('',#671,7.571325554944E-1);
#673=CARTESIAN_POINT('',(2.23268E1,-4.358599789277E1,-1.218009258127E0));
#674=LINE('',#673,#672);
#675=CARTESIAN_POINT('',(2.23268E1,-4.3687E1,-1.295E0));
#676=DIRECTION('',(-1.E0,0.E0,0.E0));
#677=DIRECTION('',(0.E0,-1.273612968548E-1,9.918563908467E-1));
#678=AXIS2_PLACEMENT_3D('',#675,#676,#677);
#680=DIRECTION('',(0.E0,9.918563908467E-1,1.273612968548E-1));
#681=VECTOR('',#680,7.570205017039E-1);
#682=CARTESIAN_POINT('',(2.23268E1,-4.445403050732E1,-1.265449351205E0));
#683=LINE('',#682,#681);
#684=CARTESIAN_POINT('',(2.23268E1,-4.45252E1,-7.112E-1));
#685=DIRECTION('',(1.E0,0.E0,0.E0));
#686=DIRECTION('',(0.E0,-1.E0,0.E0));
#687=AXIS2_PLACEMENT_3D('',#684,#685,#686);
#689=DIRECTION('',(0.E0,0.E0,-1.E0));
#690=VECTOR('',#689,4.572E-1);
#691=CARTESIAN_POINT('',(2.23268E1,-4.5084E1,-2.54E-1));
#692=LINE('',#691,#690);
#693=DIRECTION('',(2.098173092310E-14,1.E0,0.E0));
#694=VECTOR('',#693,5.079724392360E-1);
#695=CARTESIAN_POINT('',(2.23268E1,-4.5338E1,0.E0));
#696=LINE('',#695,#694);
#697=CARTESIAN_POINT('',(2.23268E1,-4.5084E1,-4.E-3));
#698=DIRECTION('',(1.E0,0.E0,0.E0));
#699=DIRECTION('',(0.E0,1.E0,0.E0));
#700=AXIS2_PLACEMENT_3D('',#697,#698,#699);
#702=DIRECTION('',(0.E0,0.E0,1.E0));
#703=VECTOR('',#702,7.072E-1);
#704=CARTESIAN_POINT('',(2.23268E1,-4.483E1,-7.112E-1));
#705=LINE('',#704,#703);
#706=CARTESIAN_POINT('',(2.23268E1,-4.45252E1,-7.112E-1));
#707=DIRECTION('',(-1.E0,0.E0,0.E0));
#708=DIRECTION('',(0.E0,-1.699475065617E-1,-9.854531165984E-1));
#709=AXIS2_PLACEMENT_3D('',#706,#707,#708);
#711=DIRECTION('',(1.E0,0.E0,0.E0));
#712=VECTOR('',#711,6.096E-1);
#713=CARTESIAN_POINT('',(2.17172E1,-4.483E1,-7.112E-1));
#714=LINE('',#713,#712);
#715=DIRECTION('',(-1.E0,0.E0,0.E0));
#716=VECTOR('',#715,6.096E-1);
#717=CARTESIAN_POINT('',(2.23268E1,-4.483E1,-4.E-3));
#718=LINE('',#717,#716);
#719=CARTESIAN_POINT('',(2.42572E1,-4.45252E1,-7.112E-1));
#720=DIRECTION('',(-1.E0,0.E0,0.E0));
#721=DIRECTION('',(0.E0,-1.699475065617E-1,-9.854531165984E-1));
#722=AXIS2_PLACEMENT_3D('',#719,#720,#721);
#724=DIRECTION('',(0.E0,0.E0,1.E0));
#725=VECTOR('',#724,7.072E-1);
#726=CARTESIAN_POINT('',(2.42572E1,-4.483E1,-7.112E-1));
#727=LINE('',#726,#725);
#728=CARTESIAN_POINT('',(2.42572E1,-4.5084E1,-4.E-3));
#729=DIRECTION('',(-1.E0,0.E0,0.E0));
#730=DIRECTION('',(0.E0,9.998759920630E-1,1.574803149606E-2));
#731=AXIS2_PLACEMENT_3D('',#728,#729,#730);
#733=DIRECTION('',(0.E0,-1.E0,0.E0));
#734=VECTOR('',#733,5.079724392360E-1);
#735=CARTESIAN_POINT('',(2.42572E1,-4.483002756076E1,0.E0));
#736=LINE('',#735,#734);
#737=DIRECTION('',(0.E0,0.E0,-1.E0));
#738=VECTOR('',#737,4.572E-1);
#739=CARTESIAN_POINT('',(2.42572E1,-4.5084E1,-2.54E-1));
#740=LINE('',#739,#738);
#741=CARTESIAN_POINT('',(2.42572E1,-4.45252E1,-7.112E-1));
#742=DIRECTION('',(1.E0,0.E0,0.E0));
#743=DIRECTION('',(0.E0,-1.E0,0.E0));
#744=AXIS2_PLACEMENT_3D('',#741,#742,#743);
#746=DIRECTION('',(0.E0,9.918563908467E-1,1.273612968548E-1));
#747=VECTOR('',#746,7.570205017039E-1);
#748=CARTESIAN_POINT('',(2.42572E1,-4.445403050732E1,-1.265449351205E0));
#749=LINE('',#748,#747);
#750=CARTESIAN_POINT('',(2.42572E1,-4.3687E1,-1.295E0));
#751=DIRECTION('',(-1.E0,0.E0,0.E0));
#752=DIRECTION('',(0.E0,-1.273612968548E-1,9.918563908467E-1));
#753=AXIS2_PLACEMENT_3D('',#750,#751,#752);
#755=DIRECTION('',(0.E0,6.062263139585E-1,-7.952921829518E-1));
#756=VECTOR('',#755,7.571325554944E-1);
#757=CARTESIAN_POINT('',(2.42572E1,-4.358599789277E1,-1.218009258127E0));
#758=LINE('',#757,#756);
#759=DIRECTION('',(0.E0,7.952921829518E-1,6.062263139586E-1));
#760=VECTOR('',#759,2.54E-1);
#761=CARTESIAN_POINT('',(2.42572E1,-4.312700421447E1,-1.820150860970E0));
#762=LINE('',#761,#760);
#763=DIRECTION('',(0.E0,-6.062263139585E-1,7.952921829518E-1));
#764=VECTOR('',#763,7.571325554944E-1);
#765=CARTESIAN_POINT('',(2.42572E1,-4.2925E1,-1.666169377225E0));
#766=LINE('',#765,#764);
#767=CARTESIAN_POINT('',(2.42572E1,-4.3687E1,-1.295E0));
#768=DIRECTION('',(1.E0,0.E0,0.E0));
#769=DIRECTION('',(0.E0,7.952921829518E-1,6.062263139585E-1));
#770=AXIS2_PLACEMENT_3D('',#767,#768,#769);
#772=CARTESIAN_POINT('',(2.48668E1,-4.3687E1,-1.295E0));
#773=DIRECTION('',(1.E0,0.E0,0.E0));
#774=DIRECTION('',(0.E0,7.952921829518E-1,6.062263139585E-1));
#775=AXIS2_PLACEMENT_3D('',#772,#773,#774);
#777=DIRECTION('',(0.E0,-6.062263139585E-1,7.952921829518E-1));
#778=VECTOR('',#777,7.571325554944E-1);
#779=CARTESIAN_POINT('',(2.48668E1,-4.2925E1,-1.666169377225E0));
#780=LINE('',#779,#778);
#781=DIRECTION('',(0.E0,7.952921829518E-1,6.062263139586E-1));
#782=VECTOR('',#781,2.54E-1);
#783=CARTESIAN_POINT('',(2.48668E1,-4.312700421447E1,-1.820150860970E0));
#784=LINE('',#783,#782);
#785=DIRECTION('',(0.E0,6.062263139585E-1,-7.952921829518E-1));
#786=VECTOR('',#785,7.571325554944E-1);
#787=CARTESIAN_POINT('',(2.48668E1,-4.358599789277E1,-1.218009258127E0));
#788=LINE('',#787,#786);
#789=CARTESIAN_POINT('',(2.48668E1,-4.3687E1,-1.295E0));
#790=DIRECTION('',(-1.E0,0.E0,0.E0));
#791=DIRECTION('',(0.E0,-1.273612968548E-1,9.918563908467E-1));
#792=AXIS2_PLACEMENT_3D('',#789,#790,#791);
#794=DIRECTION('',(0.E0,9.918563908467E-1,1.273612968548E-1));
#795=VECTOR('',#794,7.570205017039E-1);
#796=CARTESIAN_POINT('',(2.48668E1,-4.445403050732E1,-1.265449351205E0));
#797=LINE('',#796,#795);
#798=CARTESIAN_POINT('',(2.48668E1,-4.45252E1,-7.112E-1));
#799=DIRECTION('',(1.E0,0.E0,0.E0));
#800=DIRECTION('',(0.E0,-1.E0,0.E0));
#801=AXIS2_PLACEMENT_3D('',#798,#799,#800);
#803=DIRECTION('',(0.E0,0.E0,-1.E0));
#804=VECTOR('',#803,4.572E-1);
#805=CARTESIAN_POINT('',(2.48668E1,-4.5084E1,-2.54E-1));
#806=LINE('',#805,#804);
#807=DIRECTION('',(0.E0,1.E0,0.E0));
#808=VECTOR('',#807,5.079724392360E-1);
#809=CARTESIAN_POINT('',(2.48668E1,-4.5338E1,0.E0));
#810=LINE('',#809,#808);
#811=CARTESIAN_POINT('',(2.48668E1,-4.5084E1,-4.E-3));
#812=DIRECTION('',(1.E0,0.E0,0.E0));
#813=DIRECTION('',(0.E0,1.E0,0.E0));
#814=AXIS2_PLACEMENT_3D('',#811,#812,#813);
#816=DIRECTION('',(0.E0,0.E0,1.E0));
#817=VECTOR('',#816,7.072E-1);
#818=CARTESIAN_POINT('',(2.48668E1,-4.483E1,-7.112E-1));
#819=LINE('',#818,#817);
#820=CARTESIAN_POINT('',(2.48668E1,-4.45252E1,-7.112E-1));
#821=DIRECTION('',(-1.E0,0.E0,0.E0));
#822=DIRECTION('',(0.E0,-1.699475065617E-1,-9.854531165984E-1));
#823=AXIS2_PLACEMENT_3D('',#820,#821,#822);
#825=DIRECTION('',(1.E0,0.E0,0.E0));
#826=VECTOR('',#825,6.096E-1);
#827=CARTESIAN_POINT('',(2.42572E1,-4.338399367830E1,-1.064027774382E0));
#828=LINE('',#827,#826);
#829=DIRECTION('',(1.E0,0.E0,0.E0));
#830=VECTOR('',#829,6.096E-1);
#831=CARTESIAN_POINT('',(2.42572E1,-4.2925E1,-1.666169377225E0));
#832=LINE('',#831,#830);
#833=DIRECTION('',(1.E0,-1.165588477297E-14,0.E0));
#834=VECTOR('',#833,6.096E-1);
#835=CARTESIAN_POINT('',(2.42572E1,-4.312700421447E1,-1.820150860970E0));
#836=LINE('',#835,#834);
#837=DIRECTION('',(1.E0,0.E0,0.E0));
#838=VECTOR('',#837,6.096E-1);
#839=CARTESIAN_POINT('',(2.42572E1,-4.358599789277E1,-1.218009258127E0));
#840=LINE('',#839,#838);
#841=DIRECTION('',(1.E0,0.E0,0.E0));
#842=VECTOR('',#841,6.096E-1);
#843=CARTESIAN_POINT('',(2.42572E1,-4.370317488470E1,-1.169034238362E0));
#844=LINE('',#843,#842);
#845=DIRECTION('',(1.E0,0.E0,0.E0));
#846=VECTOR('',#845,6.096E-1);
#847=CARTESIAN_POINT('',(2.42572E1,-4.445403050732E1,-1.265449351205E0));
#848=LINE('',#847,#846);
#849=DIRECTION('',(1.E0,0.E0,0.E0));
#850=VECTOR('',#849,6.096E-1);
#851=CARTESIAN_POINT('',(2.42572E1,-4.5084E1,-7.112E-1));
#852=LINE('',#851,#850);
#853=DIRECTION('',(-1.E0,0.E0,0.E0));
#854=VECTOR('',#853,6.096E-1);
#855=CARTESIAN_POINT('',(2.48668E1,-4.5084E1,-2.54E-1));
#856=LINE('',#855,#854);
#857=CARTESIAN_POINT('',(2.48668E1,-4.5338E1,-2.54E-1));
#858=DIRECTION('',(-1.E0,0.E0,0.E0));
#859=DIRECTION('',(0.E0,0.E0,1.E0));
#860=AXIS2_PLACEMENT_3D('',#857,#858,#859);
#862=CARTESIAN_POINT('',(2.42572E1,-4.5338E1,-2.54E-1));
#863=DIRECTION('',(1.E0,0.E0,0.E0));
#864=DIRECTION('',(0.E0,1.E0,0.E0));
#865=AXIS2_PLACEMENT_3D('',#862,#863,#864);
#867=DIRECTION('',(0.E0,-1.E0,0.E0));
#868=VECTOR('',#867,8.88E-1);
#869=CARTESIAN_POINT('',(2.3927E1,-4.4577E1,0.E0));
#870=LINE('',#869,#868);
#871=DIRECTION('',(7.071067811865E-1,-7.071067811866E-1,0.E0));
#872=VECTOR('',#871,5.374011537017E-1);
#873=CARTESIAN_POINT('',(2.3927E1,-4.5465E1,0.E0));
#874=LINE('',#873,#872);
#875=DIRECTION('',(0.E0,-1.E0,0.E0));
#876=VECTOR('',#875,1.3932E1);
#877=CARTESIAN_POINT('',(2.4307E1,-4.5845E1,0.E0));
#878=LINE('',#877,#876);
#879=DIRECTION('',(1.E0,0.E0,0.E0));
#880=VECTOR('',#879,5.100000000001E-1);
#881=CARTESIAN_POINT('',(2.4307E1,-5.9777E1,0.E0));
#882=LINE('',#881,#880);
#883=DIRECTION('',(0.E0,1.E0,0.E0));
#884=VECTOR('',#883,1.3932E1);
#885=CARTESIAN_POINT('',(2.4817E1,-5.9777E1,0.E0));
#886=LINE('',#885,#884);
#887=DIRECTION('',(7.071067811865E-1,7.071067811866E-1,0.E0));
#888=VECTOR('',#887,5.374011537017E-1);
#889=CARTESIAN_POINT('',(2.4817E1,-4.5845E1,0.E0));
#890=LINE('',#889,#888);
#891=DIRECTION('',(0.E0,1.E0,0.E0));
#892=VECTOR('',#891,8.88E-1);
#893=CARTESIAN_POINT('',(2.5197E1,-4.5465E1,0.E0));
#894=LINE('',#893,#892);
#895=DIRECTION('',(0.E0,-1.E0,0.E0));
#896=VECTOR('',#895,2.530275607640E-1);
#897=CARTESIAN_POINT('',(2.48668E1,-4.4577E1,0.E0));
#898=LINE('',#897,#896);
#899=DIRECTION('',(-1.E0,0.E0,0.E0));
#900=VECTOR('',#899,6.096E-1);
#901=CARTESIAN_POINT('',(2.48668E1,-4.5338E1,0.E0));
#902=LINE('',#901,#900);
#903=DIRECTION('',(0.E0,-1.E0,0.E0));
#904=VECTOR('',#903,2.530275607640E-1);
#905=CARTESIAN_POINT('',(2.42572E1,-4.4577E1,0.E0));
#906=LINE('',#905,#904);
#907=DIRECTION('',(0.E0,0.E0,1.E0));
#908=VECTOR('',#907,2.5E-1);
#909=CARTESIAN_POINT('',(2.3927E1,-4.2925E1,0.E0));
#910=LINE('',#909,#908);
#911=DIRECTION('',(0.E0,0.E0,1.E0));
#912=VECTOR('',#911,2.5E-1);
#913=CARTESIAN_POINT('',(2.42572E1,-4.2925E1,0.E0));
#914=LINE('',#913,#912);
#915=DIRECTION('',(0.E0,1.E0,0.E0));
#916=VECTOR('',#915,2.159E0);
#917=CARTESIAN_POINT('',(2.42572E1,-4.5084E1,2.5E-1));
#918=LINE('',#917,#916);
#919=CARTESIAN_POINT('',(2.48668E1,-4.5084E1,-4.E-3));
#920=DIRECTION('',(1.E0,0.E0,0.E0));
#921=DIRECTION('',(0.E0,9.998759920630E-1,1.574803149606E-2));
#922=AXIS2_PLACEMENT_3D('',#919,#920,#921);
#924=CARTESIAN_POINT('',(2.42572E1,-4.5084E1,-4.E-3));
#925=DIRECTION('',(-1.E0,0.E0,0.E0));
#926=DIRECTION('',(0.E0,0.E0,1.E0));
#927=AXIS2_PLACEMENT_3D('',#924,#925,#926);
#929=DIRECTION('',(-1.E0,0.E0,0.E0));
#930=VECTOR('',#929,6.096E-1);
#931=CARTESIAN_POINT('',(2.48668E1,-4.483E1,-4.E-3));
#932=LINE('',#931,#930);
#933=DIRECTION('',(1.E0,0.E0,0.E0));
#934=VECTOR('',#933,6.096E-1);
#935=CARTESIAN_POINT('',(2.42572E1,-4.483E1,-7.112E-1));
#936=LINE('',#935,#934);
#937=DIRECTION('',(0.E0,-1.E0,0.E0));
#938=VECTOR('',#937,2.159E0);
#939=CARTESIAN_POINT('',(2.48668E1,-4.2925E1,2.5E-1));
#940=LINE('',#939,#938);
#941=DIRECTION('',(0.E0,2.842170943040E-14,1.E0));
#942=VECTOR('',#941,2.5E-1);
#943=CARTESIAN_POINT('',(2.5197E1,-4.2925E1,0.E0));
#944=LINE('',#943,#942);
#945=DIRECTION('',(-1.421085471520E-14,0.E0,1.E0));
#946=VECTOR('',#945,2.5E-1);
#947=CARTESIAN_POINT('',(2.48668E1,-4.2925E1,0.E0));
#948=LINE('',#947,#946);
#949=DIRECTION('',(0.E0,2.842170943040E-14,1.E0));
#950=VECTOR('',#949,2.5E-1);
#951=CARTESIAN_POINT('',(2.5197E1,-4.5465E1,0.E0));
#952=LINE('',#951,#950);
#953=DIRECTION('',(0.E0,0.E0,1.E0));
#954=VECTOR('',#953,2.5E-1);
#955=CARTESIAN_POINT('',(2.4817E1,-4.5845E1,0.E0));
#956=LINE('',#955,#954);
#957=DIRECTION('',(0.E0,0.E0,1.E0));
#958=VECTOR('',#957,2.5E-1);
#959=CARTESIAN_POINT('',(2.4817E1,-5.9777E1,0.E0));
#960=LINE('',#959,#958);
#961=DIRECTION('',(0.E0,0.E0,1.E0));
#962=VECTOR('',#961,2.5E-1);
#963=CARTESIAN_POINT('',(2.4307E1,-5.9777E1,0.E0));
#964=LINE('',#963,#962);
#965=DIRECTION('',(0.E0,0.E0,1.E0));
#966=VECTOR('',#965,2.5E-1);
#967=CARTESIAN_POINT('',(2.4307E1,-4.5845E1,0.E0));
#968=LINE('',#967,#966);
#969=DIRECTION('',(0.E0,0.E0,1.E0));
#970=VECTOR('',#969,2.5E-1);
#971=CARTESIAN_POINT('',(2.3927E1,-4.5465E1,0.E0));
#972=LINE('',#971,#970);
#973=DIRECTION('',(1.E0,0.E0,0.E0));
#974=VECTOR('',#973,5.100000000001E-1);
#975=CARTESIAN_POINT('',(2.4307E1,-5.9777E1,2.5E-1));
#976=LINE('',#975,#974);
#977=DIRECTION('',(0.E0,-1.E0,0.E0));
#978=VECTOR('',#977,1.3932E1);
#979=CARTESIAN_POINT('',(2.4307E1,-4.5845E1,2.5E-1));
#980=LINE('',#979,#978);
#981=DIRECTION('',(7.071067811865E-1,-7.071067811866E-1,0.E0));
#982=VECTOR('',#981,5.374011537017E-1);
#983=CARTESIAN_POINT('',(2.3927E1,-4.5465E1,2.5E-1));
#984=LINE('',#983,#982);
#985=DIRECTION('',(0.E0,-1.E0,0.E0));
#986=VECTOR('',#985,2.54E0);
#987=CARTESIAN_POINT('',(2.3927E1,-4.2925E1,2.5E-1));
#988=LINE('',#987,#986);
#989=DIRECTION('',(-1.E0,0.E0,0.E0));
#990=VECTOR('',#989,3.302E-1);
#991=CARTESIAN_POINT('',(2.42572E1,-4.2925E1,2.5E-1));
#992=LINE('',#991,#990);
#993=DIRECTION('',(-1.E0,0.E0,0.E0));
#994=VECTOR('',#993,6.096E-1);
#995=CARTESIAN_POINT('',(2.48668E1,-4.5084E1,2.5E-1));
#996=LINE('',#995,#994);
#997=DIRECTION('',(-1.E0,0.E0,0.E0));
#998=VECTOR('',#997,3.302E-1);
#999=CARTESIAN_POINT('',(2.5197E1,-4.2925E1,2.5E-1));
#1000=LINE('',#999,#998);
#1001=DIRECTION('',(0.E0,1.E0,0.E0));
#1002=VECTOR('',#1001,2.54E0);
#1003=CARTESIAN_POINT('',(2.5197E1,-4.5465E1,2.5E-1));
#1004=LINE('',#1003,#1002);
#1005=DIRECTION('',(7.071067811865E-1,7.071067811866E-1,0.E0));
#1006=VECTOR('',#1005,5.374011537017E-1);
#1007=CARTESIAN_POINT('',(2.4817E1,-4.5845E1,2.5E-1));
#1008=LINE('',#1007,#1006);
#1009=DIRECTION('',(0.E0,1.E0,0.E0));
#1010=VECTOR('',#1009,1.3932E1);
#1011=CARTESIAN_POINT('',(2.4817E1,-5.9777E1,2.5E-1));
#1012=LINE('',#1011,#1010);
#1013=CARTESIAN_POINT('',(2.67972E1,-4.45252E1,-7.112E-1));
#1014=DIRECTION('',(-1.E0,0.E0,0.E0));
#1015=DIRECTION('',(0.E0,-1.699475065617E-1,-9.854531165984E-1));
#1016=AXIS2_PLACEMENT_3D('',#1013,#1014,#1015);
#1018=DIRECTION('',(0.E0,0.E0,1.E0));
#1019=VECTOR('',#1018,7.072E-1);
#1020=CARTESIAN_POINT('',(2.67972E1,-4.483E1,-7.112E-1));
#1021=LINE('',#1020,#1019);
#1022=CARTESIAN_POINT('',(2.67972E1,-4.5084E1,-4.E-3));
#1023=DIRECTION('',(-1.E0,0.E0,0.E0));
#1024=DIRECTION('',(0.E0,9.998759920630E-1,1.574803149606E-2));
#1025=AXIS2_PLACEMENT_3D('',#1022,#1023,#1024);
#1027=DIRECTION('',(0.E0,-1.E0,0.E0));
#1028=VECTOR('',#1027,5.079724392360E-1);
#1029=CARTESIAN_POINT('',(2.67972E1,-4.483002756076E1,0.E0));
#1030=LINE('',#1029,#1028);
#1031=DIRECTION('',(0.E0,0.E0,-1.E0));
#1032=VECTOR('',#1031,4.572E-1);
#1033=CARTESIAN_POINT('',(2.67972E1,-4.5084E1,-2.54E-1));
#1034=LINE('',#1033,#1032);
#1035=CARTESIAN_POINT('',(2.67972E1,-4.45252E1,-7.112E-1));
#1036=DIRECTION('',(1.E0,0.E0,0.E0));
#1037=DIRECTION('',(0.E0,-1.E0,0.E0));
#1038=AXIS2_PLACEMENT_3D('',#1035,#1036,#1037);
#1040=DIRECTION('',(0.E0,9.918563908467E-1,1.273612968548E-1));
#1041=VECTOR('',#1040,7.570205017039E-1);
#1042=CARTESIAN_POINT('',(2.67972E1,-4.445403050732E1,-1.265449351205E0));
#1043=LINE('',#1042,#1041);
#1044=CARTESIAN_POINT('',(2.67972E1,-4.3687E1,-1.295E0));
#1045=DIRECTION('',(-1.E0,0.E0,0.E0));
#1046=DIRECTION('',(0.E0,-1.273612968548E-1,9.918563908467E-1));
#1047=AXIS2_PLACEMENT_3D('',#1044,#1045,#1046);
#1049=DIRECTION('',(0.E0,6.062263139585E-1,-7.952921829518E-1));
#1050=VECTOR('',#1049,7.571325554944E-1);
#1051=CARTESIAN_POINT('',(2.67972E1,-4.358599789277E1,-1.218009258127E0));
#1052=LINE('',#1051,#1050);
#1053=DIRECTION('',(0.E0,7.952921829518E-1,6.062263139586E-1));
#1054=VECTOR('',#1053,2.54E-1);
#1055=CARTESIAN_POINT('',(2.67972E1,-4.312700421447E1,-1.820150860970E0));
#1056=LINE('',#1055,#1054);
#1057=DIRECTION('',(0.E0,-6.062263139585E-1,7.952921829518E-1));
#1058=VECTOR('',#1057,7.571325554944E-1);
#1059=CARTESIAN_POINT('',(2.67972E1,-4.2925E1,-1.666169377225E0));
#1060=LINE('',#1059,#1058);
#1061=CARTESIAN_POINT('',(2.67972E1,-4.3687E1,-1.295E0));
#1062=DIRECTION('',(1.E0,0.E0,0.E0));
#1063=DIRECTION('',(0.E0,7.952921829518E-1,6.062263139585E-1));
#1064=AXIS2_PLACEMENT_3D('',#1061,#1062,#1063);
#1066=CARTESIAN_POINT('',(2.74068E1,-4.3687E1,-1.295E0));
#1067=DIRECTION('',(1.E0,0.E0,0.E0));
#1068=DIRECTION('',(0.E0,7.952921829518E-1,6.062263139585E-1));
#1069=AXIS2_PLACEMENT_3D('',#1066,#1067,#1068);
#1071=DIRECTION('',(0.E0,-6.062263139585E-1,7.952921829518E-1));
#1072=VECTOR('',#1071,7.571325554944E-1);
#1073=CARTESIAN_POINT('',(2.74068E1,-4.2925E1,-1.666169377225E0));
#1074=LINE('',#1073,#1072);
#1075=DIRECTION('',(0.E0,7.952921829518E-1,6.062263139586E-1));
#1076=VECTOR('',#1075,2.54E-1);
#1077=CARTESIAN_POINT('',(2.74068E1,-4.312700421447E1,-1.820150860970E0));
#1078=LINE('',#1077,#1076);
#1079=DIRECTION('',(0.E0,6.062263139585E-1,-7.952921829518E-1));
#1080=VECTOR('',#1079,7.571325554944E-1);
#1081=CARTESIAN_POINT('',(2.74068E1,-4.358599789277E1,-1.218009258127E0));
#1082=LINE('',#1081,#1080);
#1083=CARTESIAN_POINT('',(2.74068E1,-4.3687E1,-1.295E0));
#1084=DIRECTION('',(-1.E0,0.E0,0.E0));
#1085=DIRECTION('',(0.E0,-1.273612968548E-1,9.918563908467E-1));
#1086=AXIS2_PLACEMENT_3D('',#1083,#1084,#1085);
#1088=DIRECTION('',(0.E0,9.918563908467E-1,1.273612968548E-1));
#1089=VECTOR('',#1088,7.570205017039E-1);
#1090=CARTESIAN_POINT('',(2.74068E1,-4.445403050732E1,-1.265449351205E0));
#1091=LINE('',#1090,#1089);
#1092=CARTESIAN_POINT('',(2.74068E1,-4.45252E1,-7.112E-1));
#1093=DIRECTION('',(1.E0,0.E0,0.E0));
#1094=DIRECTION('',(0.E0,-1.E0,0.E0));
#1095=AXIS2_PLACEMENT_3D('',#1092,#1093,#1094);
#1097=DIRECTION('',(-1.554117969729E-14,0.E0,-1.E0));
#1098=VECTOR('',#1097,4.572E-1);
#1099=CARTESIAN_POINT('',(2.74068E1,-4.5084E1,-2.54E-1));
#1100=LINE('',#1099,#1098);
#1101=DIRECTION('',(0.E0,1.E0,0.E0));
#1102=VECTOR('',#1101,5.079724392360E-1);
#1103=CARTESIAN_POINT('',(2.74068E1,-4.5338E1,0.E0));
#1104=LINE('',#1103,#1102);
#1105=CARTESIAN_POINT('',(2.74068E1,-4.5084E1,-4.E-3));
#1106=DIRECTION('',(1.E0,0.E0,0.E0));
#1107=DIRECTION('',(0.E0,1.E0,0.E0));
#1108=AXIS2_PLACEMENT_3D('',#1105,#1106,#1107);
#1110=DIRECTION('',(0.E0,0.E0,1.E0));
#1111=VECTOR('',#1110,7.072E-1);
#1112=CARTESIAN_POINT('',(2.74068E1,-4.483E1,-7.112E-1));
#1113=LINE('',#1112,#1111);
#1114=CARTESIAN_POINT('',(2.74068E1,-4.45252E1,-7.112E-1));
#1115=DIRECTION('',(-1.E0,0.E0,0.E0));
#1116=DIRECTION('',(0.E0,-1.699475065617E-1,-9.854531165984E-1));
#1117=AXIS2_PLACEMENT_3D('',#1114,#1115,#1116);
#1119=DIRECTION('',(1.E0,0.E0,0.E0));
#1120=VECTOR('',#1119,6.096E-1);
#1121=CARTESIAN_POINT('',(2.67972E1,-4.338399367830E1,-1.064027774382E0));
#1122=LINE('',#1121,#1120);
#1123=DIRECTION('',(1.E0,0.E0,0.E0));
#1124=VECTOR('',#1123,6.096E-1);
#1125=CARTESIAN_POINT('',(2.67972E1,-4.2925E1,-1.666169377225E0));
#1126=LINE('',#1125,#1124);
#1127=DIRECTION('',(1.E0,-1.165588477297E-14,0.E0));
#1128=VECTOR('',#1127,6.096E-1);
#1129=CARTESIAN_POINT('',(2.67972E1,-4.312700421447E1,-1.820150860970E0));
#1130=LINE('',#1129,#1128);
#1131=DIRECTION('',(1.E0,0.E0,0.E0));
#1132=VECTOR('',#1131,6.096E-1);
#1133=CARTESIAN_POINT('',(2.67972E1,-4.358599789277E1,-1.218009258127E0));
#1134=LINE('',#1133,#1132);
#1135=DIRECTION('',(1.E0,0.E0,0.E0));
#1136=VECTOR('',#1135,6.096E-1);
#1137=CARTESIAN_POINT('',(2.67972E1,-4.370317488470E1,-1.169034238362E0));
#1138=LINE('',#1137,#1136);
#1139=DIRECTION('',(1.E0,0.E0,0.E0));
#1140=VECTOR('',#1139,6.096E-1);
#1141=CARTESIAN_POINT('',(2.67972E1,-4.445403050732E1,-1.265449351205E0));
#1142=LINE('',#1141,#1140);
#1143=DIRECTION('',(1.E0,0.E0,0.E0));
#1144=VECTOR('',#1143,6.096E-1);
#1145=CARTESIAN_POINT('',(2.67972E1,-4.5084E1,-7.112E-1));
#1146=LINE('',#1145,#1144);
#1147=DIRECTION('',(-1.E0,0.E0,0.E0));
#1148=VECTOR('',#1147,6.096E-1);
#1149=CARTESIAN_POINT('',(2.74068E1,-4.5084E1,-2.54E-1));
#1150=LINE('',#1149,#1148);
#1151=CARTESIAN_POINT('',(2.74068E1,-4.5338E1,-2.54E-1));
#1152=DIRECTION('',(-1.E0,0.E0,0.E0));
#1153=DIRECTION('',(0.E0,0.E0,1.E0));
#1154=AXIS2_PLACEMENT_3D('',#1151,#1152,#1153);
#1156=CARTESIAN_POINT('',(2.67972E1,-4.5338E1,-2.54E-1));
#1157=DIRECTION('',(1.E0,0.E0,0.E0));
#1158=DIRECTION('',(0.E0,1.E0,0.E0));
#1159=AXIS2_PLACEMENT_3D('',#1156,#1157,#1158);
#1161=DIRECTION('',(0.E0,-1.E0,0.E0));
#1162=VECTOR('',#1161,8.88E-1);
#1163=CARTESIAN_POINT('',(2.6467E1,-4.4577E1,0.E0));
#1164=LINE('',#1163,#1162);
#1165=DIRECTION('',(7.071067811865E-1,-7.071067811866E-1,0.E0));
#1166=VECTOR('',#1165,5.374011537018E-1);
#1167=CARTESIAN_POINT('',(2.6467E1,-4.5465E1,0.E0));
#1168=LINE('',#1167,#1166);
#1169=DIRECTION('',(0.E0,-1.E0,0.E0));
#1170=VECTOR('',#1169,1.3932E1);
#1171=CARTESIAN_POINT('',(2.6847E1,-4.5845E1,0.E0));
#1172=LINE('',#1171,#1170);
#1173=DIRECTION('',(1.E0,0.E0,0.E0));
#1174=VECTOR('',#1173,5.1E-1);
#1175=CARTESIAN_POINT('',(2.6847E1,-5.9777E1,0.E0));
#1176=LINE('',#1175,#1174);
#1177=DIRECTION('',(0.E0,1.E0,0.E0));
#1178=VECTOR('',#1177,1.3932E1);
#1179=CARTESIAN_POINT('',(2.7357E1,-5.9777E1,0.E0));
#1180=LINE('',#1179,#1178);
#1181=DIRECTION('',(7.071067811865E-1,7.071067811866E-1,0.E0));
#1182=VECTOR('',#1181,5.374011537018E-1);
#1183=CARTESIAN_POINT('',(2.7357E1,-4.5845E1,0.E0));
#1184=LINE('',#1183,#1182);
#1185=DIRECTION('',(0.E0,1.E0,0.E0));
#1186=VECTOR('',#1185,8.88E-1);
#1187=CARTESIAN_POINT('',(2.7737E1,-4.5465E1,0.E0));
#1188=LINE('',#1187,#1186);
#1189=DIRECTION('',(0.E0,-1.E0,0.E0));
#1190=VECTOR('',#1189,2.530275607640E-1);
#1191=CARTESIAN_POINT('',(2.74068E1,-4.4577E1,0.E0));
#1192=LINE('',#1191,#1190);
#1193=DIRECTION('',(-1.E0,0.E0,0.E0));
#1194=VECTOR('',#1193,6.096E-1);
#1195=CARTESIAN_POINT('',(2.74068E1,-4.5338E1,0.E0));
#1196=LINE('',#1195,#1194);
#1197=DIRECTION('',(1.404081700852E-14,-1.E0,0.E0));
#1198=VECTOR('',#1197,2.530275607640E-1);
#1199=CARTESIAN_POINT('',(2.67972E1,-4.4577E1,0.E0));
#1200=LINE('',#1199,#1198);
#1201=DIRECTION('',(0.E0,0.E0,1.E0));
#1202=VECTOR('',#1201,2.5E-1);
#1203=CARTESIAN_POINT('',(2.6467E1,-4.2925E1,0.E0));
#1204=LINE('',#1203,#1202);
#1205=DIRECTION('',(0.E0,0.E0,1.E0));
#1206=VECTOR('',#1205,2.5E-1);
#1207=CARTESIAN_POINT('',(2.67972E1,-4.2925E1,0.E0));
#1208=LINE('',#1207,#1206);
#1209=DIRECTION('',(0.E0,1.E0,0.E0));
#1210=VECTOR('',#1209,2.159E0);
#1211=CARTESIAN_POINT('',(2.67972E1,-4.5084E1,2.5E-1));
#1212=LINE('',#1211,#1210);
#1213=CARTESIAN_POINT('',(2.74068E1,-4.5084E1,-4.E-3));
#1214=DIRECTION('',(1.E0,0.E0,0.E0));
#1215=DIRECTION('',(0.E0,9.998759920630E-1,1.574803149606E-2));
#1216=AXIS2_PLACEMENT_3D('',#1213,#1214,#1215);
#1218=CARTESIAN_POINT('',(2.67972E1,-4.5084E1,-4.E-3));
#1219=DIRECTION('',(-1.E0,0.E0,0.E0));
#1220=DIRECTION('',(0.E0,0.E0,1.E0));
#1221=AXIS2_PLACEMENT_3D('',#1218,#1219,#1220);
#1223=DIRECTION('',(0.E0,-1.E0,0.E0));
#1224=VECTOR('',#1223,2.159E0);
#1225=CARTESIAN_POINT('',(2.74068E1,-4.2925E1,2.5E-1));
#1226=LINE('',#1225,#1224);
#1227=DIRECTION('',(0.E0,2.842170943040E-14,1.E0));
#1228=VECTOR('',#1227,2.5E-1);
#1229=CARTESIAN_POINT('',(2.7737E1,-4.2925E1,0.E0));
#1230=LINE('',#1229,#1228);
#1231=DIRECTION('',(0.E0,0.E0,1.E0));
#1232=VECTOR('',#1231,2.5E-1);
#1233=CARTESIAN_POINT('',(2.74068E1,-4.2925E1,0.E0));
#1234=LINE('',#1233,#1232);
#1235=DIRECTION('',(0.E0,0.E0,1.E0));
#1236=VECTOR('',#1235,2.5E-1);
#1237=CARTESIAN_POINT('',(2.7737E1,-4.5465E1,0.E0));
#1238=LINE('',#1237,#1236);
#1239=DIRECTION('',(0.E0,0.E0,1.E0));
#1240=VECTOR('',#1239,2.5E-1);
#1241=CARTESIAN_POINT('',(2.7357E1,-4.5845E1,0.E0));
#1242=LINE('',#1241,#1240);
#1243=DIRECTION('',(0.E0,0.E0,1.E0));
#1244=VECTOR('',#1243,2.5E-1);
#1245=CARTESIAN_POINT('',(2.7357E1,-5.9777E1,0.E0));
#1246=LINE('',#1245,#1244);
#1247=DIRECTION('',(0.E0,0.E0,1.E0));
#1248=VECTOR('',#1247,2.5E-1);
#1249=CARTESIAN_POINT('',(2.6847E1,-5.9777E1,0.E0));
#1250=LINE('',#1249,#1248);
#1251=DIRECTION('',(0.E0,0.E0,1.E0));
#1252=VECTOR('',#1251,2.5E-1);
#1253=CARTESIAN_POINT('',(2.6847E1,-4.5845E1,0.E0));
#1254=LINE('',#1253,#1252);
#1255=DIRECTION('',(0.E0,0.E0,1.E0));
#1256=VECTOR('',#1255,2.5E-1);
#1257=CARTESIAN_POINT('',(2.6467E1,-4.5465E1,0.E0));
#1258=LINE('',#1257,#1256);
#1259=DIRECTION('',(1.E0,0.E0,0.E0));
#1260=VECTOR('',#1259,5.1E-1);
#1261=CARTESIAN_POINT('',(2.6847E1,-5.9777E1,2.5E-1));
#1262=LINE('',#1261,#1260);
#1263=DIRECTION('',(0.E0,-1.E0,0.E0));
#1264=VECTOR('',#1263,1.3932E1);
#1265=CARTESIAN_POINT('',(2.6847E1,-4.5845E1,2.5E-1));
#1266=LINE('',#1265,#1264);
#1267=DIRECTION('',(7.071067811865E-1,-7.071067811866E-1,0.E0));
#1268=VECTOR('',#1267,5.374011537018E-1);
#1269=CARTESIAN_POINT('',(2.6467E1,-4.5465E1,2.5E-1));
#1270=LINE('',#1269,#1268);
#1271=DIRECTION('',(0.E0,-1.E0,0.E0));
#1272=VECTOR('',#1271,2.54E0);
#1273=CARTESIAN_POINT('',(2.6467E1,-4.2925E1,2.5E-1));
#1274=LINE('',#1273,#1272);
#1275=DIRECTION('',(-1.E0,0.E0,0.E0));
#1276=VECTOR('',#1275,3.302E-1);
#1277=CARTESIAN_POINT('',(2.67972E1,-4.2925E1,2.5E-1));
#1278=LINE('',#1277,#1276);
#1279=DIRECTION('',(-1.E0,0.E0,0.E0));
#1280=VECTOR('',#1279,6.096E-1);
#1281=CARTESIAN_POINT('',(2.74068E1,-4.5084E1,2.5E-1));
#1282=LINE('',#1281,#1280);
#1283=DIRECTION('',(-1.E0,0.E0,0.E0));
#1284=VECTOR('',#1283,3.302E-1);
#1285=CARTESIAN_POINT('',(2.7737E1,-4.2925E1,2.5E-1));
#1286=LINE('',#1285,#1284);
#1287=DIRECTION('',(0.E0,1.E0,0.E0));
#1288=VECTOR('',#1287,2.54E0);
#1289=CARTESIAN_POINT('',(2.7737E1,-4.5465E1,2.5E-1));
#1290=LINE('',#1289,#1288);
#1291=DIRECTION('',(7.071067811865E-1,7.071067811866E-1,0.E0));
#1292=VECTOR('',#1291,5.374011537018E-1);
#1293=CARTESIAN_POINT('',(2.7357E1,-4.5845E1,2.5E-1));
#1294=LINE('',#1293,#1292);
#1295=DIRECTION('',(0.E0,1.E0,0.E0));
#1296=VECTOR('',#1295,1.3932E1);
#1297=CARTESIAN_POINT('',(2.7357E1,-5.9777E1,2.5E-1));
#1298=LINE('',#1297,#1296);
#1299=DIRECTION('',(1.E0,0.E0,0.E0));
#1300=VECTOR('',#1299,6.096E-1);
#1301=CARTESIAN_POINT('',(2.67972E1,-4.483E1,-7.112E-1));
#1302=LINE('',#1301,#1300);
#1303=DIRECTION('',(-1.E0,0.E0,0.E0));
#1304=VECTOR('',#1303,6.096E-1);
#1305=CARTESIAN_POINT('',(2.74068E1,-4.483E1,-4.E-3));
#1306=LINE('',#1305,#1304);
#1307=CARTESIAN_POINT('',(2.93372E1,-4.45252E1,-7.112E-1));
#1308=DIRECTION('',(-1.E0,0.E0,0.E0));
#1309=DIRECTION('',(0.E0,-1.699475065617E-1,-9.854531165984E-1));
#1310=AXIS2_PLACEMENT_3D('',#1307,#1308,#1309);
#1312=DIRECTION('',(0.E0,0.E0,1.E0));
#1313=VECTOR('',#1312,7.072E-1);
#1314=CARTESIAN_POINT('',(2.93372E1,-4.483E1,-7.112E-1));
#1315=LINE('',#1314,#1313);
#1316=CARTESIAN_POINT('',(2.93372E1,-4.5084E1,-4.E-3));
#1317=DIRECTION('',(-1.E0,0.E0,0.E0));
#1318=DIRECTION('',(0.E0,9.998759920630E-1,1.574803149606E-2));
#1319=AXIS2_PLACEMENT_3D('',#1316,#1317,#1318);
#1321=DIRECTION('',(0.E0,-1.E0,0.E0));
#1322=VECTOR('',#1321,5.079724392360E-1);
#1323=CARTESIAN_POINT('',(2.93372E1,-4.483002756076E1,0.E0));
#1324=LINE('',#1323,#1322);
#1325=DIRECTION('',(0.E0,0.E0,-1.E0));
#1326=VECTOR('',#1325,4.572E-1);
#1327=CARTESIAN_POINT('',(2.93372E1,-4.5084E1,-2.54E-1));
#1328=LINE('',#1327,#1326);
#1329=CARTESIAN_POINT('',(2.93372E1,-4.45252E1,-7.112E-1));
#1330=DIRECTION('',(1.E0,0.E0,0.E0));
#1331=DIRECTION('',(0.E0,-1.E0,0.E0));
#1332=AXIS2_PLACEMENT_3D('',#1329,#1330,#1331);
#1334=DIRECTION('',(0.E0,9.918563908467E-1,1.273612968548E-1));
#1335=VECTOR('',#1334,7.570205017039E-1);
#1336=CARTESIAN_POINT('',(2.93372E1,-4.445403050732E1,-1.265449351205E0));
#1337=LINE('',#1336,#1335);
#1338=CARTESIAN_POINT('',(2.93372E1,-4.3687E1,-1.295E0));
#1339=DIRECTION('',(-1.E0,0.E0,0.E0));
#1340=DIRECTION('',(0.E0,-1.273612968548E-1,9.918563908467E-1));
#1341=AXIS2_PLACEMENT_3D('',#1338,#1339,#1340);
#1343=DIRECTION('',(0.E0,6.062263139585E-1,-7.952921829518E-1));
#1344=VECTOR('',#1343,7.571325554944E-1);
#1345=CARTESIAN_POINT('',(2.93372E1,-4.358599789277E1,-1.218009258127E0));
#1346=LINE('',#1345,#1344);
#1347=DIRECTION('',(0.E0,7.952921829518E-1,6.062263139586E-1));
#1348=VECTOR('',#1347,2.54E-1);
#1349=CARTESIAN_POINT('',(2.93372E1,-4.312700421447E1,-1.820150860970E0));
#1350=LINE('',#1349,#1348);
#1351=DIRECTION('',(0.E0,-6.062263139585E-1,7.952921829518E-1));
#1352=VECTOR('',#1351,7.571325554944E-1);
#1353=CARTESIAN_POINT('',(2.93372E1,-4.2925E1,-1.666169377225E0));
#1354=LINE('',#1353,#1352);
#1355=CARTESIAN_POINT('',(2.93372E1,-4.3687E1,-1.295E0));
#1356=DIRECTION('',(1.E0,0.E0,0.E0));
#1357=DIRECTION('',(0.E0,7.952921829518E-1,6.062263139585E-1));
#1358=AXIS2_PLACEMENT_3D('',#1355,#1356,#1357);
#1360=CARTESIAN_POINT('',(2.99468E1,-4.3687E1,-1.295E0));
#1361=DIRECTION('',(1.E0,0.E0,0.E0));
#1362=DIRECTION('',(0.E0,7.952921829518E-1,6.062263139585E-1));
#1363=AXIS2_PLACEMENT_3D('',#1360,#1361,#1362);
#1365=DIRECTION('',(0.E0,-6.062263139585E-1,7.952921829518E-1));
#1366=VECTOR('',#1365,7.571325554944E-1);
#1367=CARTESIAN_POINT('',(2.99468E1,-4.2925E1,-1.666169377225E0));
#1368=LINE('',#1367,#1366);
#1369=DIRECTION('',(0.E0,7.952921829518E-1,6.062263139586E-1));
#1370=VECTOR('',#1369,2.54E-1);
#1371=CARTESIAN_POINT('',(2.99468E1,-4.312700421447E1,-1.820150860970E0));
#1372=LINE('',#1371,#1370);
#1373=DIRECTION('',(0.E0,6.062263139585E-1,-7.952921829518E-1));
#1374=VECTOR('',#1373,7.571325554944E-1);
#1375=CARTESIAN_POINT('',(2.99468E1,-4.358599789277E1,-1.218009258127E0));
#1376=LINE('',#1375,#1374);
#1377=CARTESIAN_POINT('',(2.99468E1,-4.3687E1,-1.295E0));
#1378=DIRECTION('',(-1.E0,0.E0,0.E0));
#1379=DIRECTION('',(0.E0,-1.273612968548E-1,9.918563908467E-1));
#1380=AXIS2_PLACEMENT_3D('',#1377,#1378,#1379);
#1382=DIRECTION('',(0.E0,9.918563908467E-1,1.273612968548E-1));
#1383=VECTOR('',#1382,7.570205017039E-1);
#1384=CARTESIAN_POINT('',(2.99468E1,-4.445403050732E1,-1.265449351205E0));
#1385=LINE('',#1384,#1383);
#1386=CARTESIAN_POINT('',(2.99468E1,-4.45252E1,-7.112E-1));
#1387=DIRECTION('',(1.E0,0.E0,0.E0));
#1388=DIRECTION('',(0.E0,-1.E0,0.E0));
#1389=AXIS2_PLACEMENT_3D('',#1386,#1387,#1388);
#1391=DIRECTION('',(0.E0,0.E0,-1.E0));
#1392=VECTOR('',#1391,4.572E-1);
#1393=CARTESIAN_POINT('',(2.99468E1,-4.5084E1,-2.54E-1));
#1394=LINE('',#1393,#1392);
#1395=DIRECTION('',(0.E0,1.E0,0.E0));
#1396=VECTOR('',#1395,5.079724392360E-1);
#1397=CARTESIAN_POINT('',(2.99468E1,-4.5338E1,0.E0));
#1398=LINE('',#1397,#1396);
#1399=CARTESIAN_POINT('',(2.99468E1,-4.5084E1,-4.E-3));
#1400=DIRECTION('',(1.E0,0.E0,0.E0));
#1401=DIRECTION('',(0.E0,1.E0,0.E0));
#1402=AXIS2_PLACEMENT_3D('',#1399,#1400,#1401);
#1404=DIRECTION('',(0.E0,0.E0,1.E0));
#1405=VECTOR('',#1404,7.072E-1);
#1406=CARTESIAN_POINT('',(2.99468E1,-4.483E1,-7.112E-1));
#1407=LINE('',#1406,#1405);
#1408=CARTESIAN_POINT('',(2.99468E1,-4.45252E1,-7.112E-1));
#1409=DIRECTION('',(-1.E0,0.E0,0.E0));
#1410=DIRECTION('',(0.E0,-1.699475065617E-1,-9.854531165984E-1));
#1411=AXIS2_PLACEMENT_3D('',#1408,#1409,#1410);
#1413=DIRECTION('',(1.E0,0.E0,0.E0));
#1414=VECTOR('',#1413,6.096E-1);
#1415=CARTESIAN_POINT('',(2.93372E1,-4.338399367830E1,-1.064027774382E0));
#1416=LINE('',#1415,#1414);
#1417=DIRECTION('',(1.E0,0.E0,0.E0));
#1418=VECTOR('',#1417,6.096E-1);
#1419=CARTESIAN_POINT('',(2.93372E1,-4.2925E1,-1.666169377225E0));
#1420=LINE('',#1419,#1418);
#1421=DIRECTION('',(1.E0,-1.165588477297E-14,0.E0));
#1422=VECTOR('',#1421,6.096E-1);
#1423=CARTESIAN_POINT('',(2.93372E1,-4.312700421447E1,-1.820150860970E0));
#1424=LINE('',#1423,#1422);
#1425=DIRECTION('',(1.E0,0.E0,0.E0));
#1426=VECTOR('',#1425,6.096E-1);
#1427=CARTESIAN_POINT('',(2.93372E1,-4.358599789277E1,-1.218009258127E0));
#1428=LINE('',#1427,#1426);
#1429=DIRECTION('',(1.E0,0.E0,0.E0));
#1430=VECTOR('',#1429,6.096E-1);
#1431=CARTESIAN_POINT('',(2.93372E1,-4.370317488470E1,-1.169034238362E0));
#1432=LINE('',#1431,#1430);
#1433=DIRECTION('',(1.E0,0.E0,0.E0));
#1434=VECTOR('',#1433,6.096E-1);
#1435=CARTESIAN_POINT('',(2.93372E1,-4.445403050732E1,-1.265449351205E0));
#1436=LINE('',#1435,#1434);
#1437=DIRECTION('',(1.E0,0.E0,0.E0));
#1438=VECTOR('',#1437,6.096E-1);
#1439=CARTESIAN_POINT('',(2.93372E1,-4.5084E1,-7.112E-1));
#1440=LINE('',#1439,#1438);
#1441=DIRECTION('',(-1.E0,0.E0,0.E0));
#1442=VECTOR('',#1441,6.096E-1);
#1443=CARTESIAN_POINT('',(2.99468E1,-4.5084E1,-2.54E-1));
#1444=LINE('',#1443,#1442);
#1445=CARTESIAN_POINT('',(2.99468E1,-4.5338E1,-2.54E-1));
#1446=DIRECTION('',(-1.E0,0.E0,0.E0));
#1447=DIRECTION('',(0.E0,0.E0,1.E0));
#1448=AXIS2_PLACEMENT_3D('',#1445,#1446,#1447);
#1450=CARTESIAN_POINT('',(2.93372E1,-4.5338E1,-2.54E-1));
#1451=DIRECTION('',(1.E0,0.E0,0.E0));
#1452=DIRECTION('',(0.E0,1.E0,0.E0));
#1453=AXIS2_PLACEMENT_3D('',#1450,#1451,#1452);
#1455=CARTESIAN_POINT('',(2.99468E1,-4.5084E1,-4.E-3));
#1456=DIRECTION('',(1.E0,0.E0,0.E0));
#1457=DIRECTION('',(0.E0,9.998759920630E-1,1.574803149606E-2));
#1458=AXIS2_PLACEMENT_3D('',#1455,#1456,#1457);
#1460=CARTESIAN_POINT('',(2.93372E1,-4.5084E1,-4.E-3));
#1461=DIRECTION('',(-1.E0,0.E0,0.E0));
#1462=DIRECTION('',(0.E0,0.E0,1.E0));
#1463=AXIS2_PLACEMENT_3D('',#1460,#1461,#1462);
#1465=DIRECTION('',(-1.E0,0.E0,0.E0));
#1466=VECTOR('',#1465,6.096E-1);
#1467=CARTESIAN_POINT('',(2.99468E1,-4.483E1,-4.E-3));
#1468=LINE('',#1467,#1466);
#1469=DIRECTION('',(1.E0,0.E0,0.E0));
#1470=VECTOR('',#1469,6.096E-1);
#1471=CARTESIAN_POINT('',(2.93372E1,-4.483E1,-7.112E-1));
#1472=LINE('',#1471,#1470);
#1473=DIRECTION('',(0.E0,-1.E0,0.E0));
#1474=VECTOR('',#1473,2.159E0);
#1475=CARTESIAN_POINT('',(2.99468E1,-4.2925E1,2.5E-1));
#1476=LINE('',#1475,#1474);
#1477=DIRECTION('',(0.E0,2.842170943040E-14,1.E0));
#1478=VECTOR('',#1477,2.5E-1);
#1479=CARTESIAN_POINT('',(3.0277E1,-4.2925E1,0.E0));
#1480=LINE('',#1479,#1478);
#1481=DIRECTION('',(0.E0,0.E0,1.E0));
#1482=VECTOR('',#1481,2.5E-1);
#1483=CARTESIAN_POINT('',(2.99468E1,-4.2925E1,0.E0));
#1484=LINE('',#1483,#1482);
#1485=DIRECTION('',(1.E0,0.E0,0.E0));
#1486=VECTOR('',#1485,5.100000000001E-1);
#1487=CARTESIAN_POINT('',(2.9387E1,-5.9777E1,2.5E-1));
#1488=LINE('',#1487,#1486);
#1489=DIRECTION('',(0.E0,-1.E0,0.E0));
#1490=VECTOR('',#1489,1.3932E1);
#1491=CARTESIAN_POINT('',(2.9387E1,-4.5845E1,2.5E-1));
#1492=LINE('',#1491,#1490);
#1493=DIRECTION('',(7.071067811865E-1,-7.071067811866E-1,0.E0));
#1494=VECTOR('',#1493,5.374011537017E-1);
#1495=CARTESIAN_POINT('',(2.9007E1,-4.5465E1,2.5E-1));
#1496=LINE('',#1495,#1494);
#1497=DIRECTION('',(0.E0,-1.E0,0.E0));
#1498=VECTOR('',#1497,2.54E0);
#1499=CARTESIAN_POINT('',(2.9007E1,-4.2925E1,2.5E-1));
#1500=LINE('',#1499,#1498);
#1501=DIRECTION('',(-1.E0,0.E0,0.E0));
#1502=VECTOR('',#1501,3.302E-1);
#1503=CARTESIAN_POINT('',(2.93372E1,-4.2925E1,2.5E-1));
#1504=LINE('',#1503,#1502);
#1505=DIRECTION('',(-1.E0,0.E0,0.E0));
#1506=VECTOR('',#1505,6.096E-1);
#1507=CARTESIAN_POINT('',(2.99468E1,-4.5084E1,2.5E-1));
#1508=LINE('',#1507,#1506);
#1509=DIRECTION('',(-1.E0,0.E0,0.E0));
#1510=VECTOR('',#1509,3.302E-1);
#1511=CARTESIAN_POINT('',(3.0277E1,-4.2925E1,2.5E-1));
#1512=LINE('',#1511,#1510);
#1513=DIRECTION('',(0.E0,1.E0,0.E0));
#1514=VECTOR('',#1513,2.54E0);
#1515=CARTESIAN_POINT('',(3.0277E1,-4.5465E1,2.5E-1));
#1516=LINE('',#1515,#1514);
#1517=DIRECTION('',(7.071067811865E-1,7.071067811866E-1,0.E0));
#1518=VECTOR('',#1517,5.374011537017E-1);
#1519=CARTESIAN_POINT('',(2.9897E1,-4.5845E1,2.5E-1));
#1520=LINE('',#1519,#1518);
#1521=DIRECTION('',(0.E0,1.E0,0.E0));
#1522=VECTOR('',#1521,1.3932E1);
#1523=CARTESIAN_POINT('',(2.9897E1,-5.9777E1,2.5E-1));
#1524=LINE('',#1523,#1522);
#1525=DIRECTION('',(0.E0,0.E0,1.E0));
#1526=VECTOR('',#1525,2.5E-1);
#1527=CARTESIAN_POINT('',(2.9387E1,-5.9777E1,0.E0));
#1528=LINE('',#1527,#1526);
#1529=DIRECTION('',(0.E0,0.E0,1.E0));
#1530=VECTOR('',#1529,2.5E-1);
#1531=CARTESIAN_POINT('',(2.9387E1,-4.5845E1,0.E0));
#1532=LINE('',#1531,#1530);
#1533=DIRECTION('',(0.E0,0.E0,1.E0));
#1534=VECTOR('',#1533,2.5E-1);
#1535=CARTESIAN_POINT('',(2.9007E1,-4.5465E1,0.E0));
#1536=LINE('',#1535,#1534);
#1537=DIRECTION('',(2.842170943040E-14,0.E0,1.E0));
#1538=VECTOR('',#1537,2.5E-1);
#1539=CARTESIAN_POINT('',(2.9007E1,-4.2925E1,0.E0));
#1540=LINE('',#1539,#1538);
#1541=DIRECTION('',(0.E0,0.E0,1.E0));
#1542=VECTOR('',#1541,2.5E-1);
#1543=CARTESIAN_POINT('',(2.93372E1,-4.2925E1,0.E0));
#1544=LINE('',#1543,#1542);
#1545=DIRECTION('',(0.E0,1.E0,0.E0));
#1546=VECTOR('',#1545,2.159E0);
#1547=CARTESIAN_POINT('',(2.93372E1,-4.5084E1,2.5E-1));
#1548=LINE('',#1547,#1546);
#1549=DIRECTION('',(0.E0,0.E0,1.E0));
#1550=VECTOR('',#1549,2.5E-1);
#1551=CARTESIAN_POINT('',(2.9897E1,-5.9777E1,0.E0));
#1552=LINE('',#1551,#1550);
#1553=DIRECTION('',(0.E0,0.E0,1.E0));
#1554=VECTOR('',#1553,2.5E-1);
#1555=CARTESIAN_POINT('',(2.9897E1,-4.5845E1,0.E0));
#1556=LINE('',#1555,#1554);
#1557=DIRECTION('',(0.E0,0.E0,-1.E0));
#1558=VECTOR('',#1557,1.02E0);
#1559=CARTESIAN_POINT('',(3.07848E1,-3.4671E1,0.E0));
#1560=LINE('',#1559,#1558);
#1561=DIRECTION('',(0.E0,0.E0,-1.E0));
#1562=VECTOR('',#1561,1.02E0);
#1563=CARTESIAN_POINT('',(2.08788E1,-3.4671E1,0.E0));
#1564=LINE('',#1563,#1562);
#1565=DIRECTION('',(0.E0,0.E0,-1.E0));
#1566=VECTOR('',#1565,1.02E0);
#1567=CARTESIAN_POINT('',(2.08788E1,-4.4577E1,0.E0));
#1568=LINE('',#1567,#1566);
#1569=DIRECTION('',(-1.E0,0.E0,0.E0));
#1570=VECTOR('',#1569,7.578706463230E0);
#1571=CARTESIAN_POINT('',(2.962215323161E1,-3.49254E1,-1.05E0));
#1572=LINE('',#1571,#1570);
#1573=DIRECTION('',(0.E0,0.E0,1.E0));
#1574=VECTOR('',#1573,3.E-2);
#1575=CARTESIAN_POINT('',(3.014266514480E1,-3.49254E1,-1.05E0));
#1576=LINE('',#1575,#1574);
#1577=CARTESIAN_POINT('',(2.21328E1,-3.59214E1,-1.05E0));
#1578=DIRECTION('',(0.E0,0.E0,1.E0));
#1579=DIRECTION('',(0.E0,1.E0,0.E0));
#1580=AXIS2_PLACEMENT_3D('',#1577,#1578,#1579);
#1582=DIRECTION('',(-1.E0,0.E0,0.E0));
#1583=VECTOR('',#1582,7.4E0);
#1584=CARTESIAN_POINT('',(2.95328E1,-3.49214E1,-1.05E0));
#1585=LINE('',#1584,#1583);
#1586=CARTESIAN_POINT('',(2.95328E1,-3.59214E1,-1.05E0));
#1587=DIRECTION('',(0.E0,0.E0,1.E0));
#1588=DIRECTION('',(8.935323161483E-2,9.96E-1,0.E0));
#1589=AXIS2_PLACEMENT_3D('',#1586,#1587,#1588);
#1591=CARTESIAN_POINT('',(2.21328E1,-3.59214E1,-3.193490614199E0));
#1592=DIRECTION('',(0.E0,0.E0,-1.E0));
#1593=DIRECTION('',(-1.E0,0.E0,0.E0));
#1594=AXIS2_PLACEMENT_3D('',#1591,#1592,#1593);
#1596=CARTESIAN_POINT('',(2.21328E1,-3.59214E1,-1.05E0));
#1597=DIRECTION('',(0.E0,0.E0,1.E0));
#1598=DIRECTION('',(-8.935323161481E-2,9.96E-1,0.E0));
#1599=AXIS2_PLACEMENT_3D('',#1596,#1597,#1598);
#1601=DIRECTION('',(-1.E0,0.E0,0.E0));
#1602=VECTOR('',#1601,5.225119131821E-1);
#1603=CARTESIAN_POINT('',(2.204344676839E1,-3.49254E1,-1.05E0));
#1604=LINE('',#1603,#1602);
#1605=CARTESIAN_POINT('',(2.162947017315E1,-3.542167017315E1,-1.05E0));
#1606=DIRECTION('',(0.E0,0.E0,-1.E0));
#1607=DIRECTION('',(-9.769097896651E-1,2.136522006826E-1,0.E0));
#1608=AXIS2_PLACEMENT_3D('',#1605,#1606,#1607);
#1610=DIRECTION('',(0.E0,-1.E0,0.E0));
#1611=VECTOR('',#1610,5.799837021181E-1);
#1612=CARTESIAN_POINT('',(2.11332E1,-3.531313485520E1,-1.05E0));
#1613=LINE('',#1612,#1611);
#1614=DIRECTION('',(-1.184237892933E-13,0.E0,1.E0));
#1615=VECTOR('',#1614,3.E-2);
#1616=CARTESIAN_POINT('',(2.152093485520E1,-3.49254E1,-1.05E0));
#1617=LINE('',#1616,#1615);
#1618=DIRECTION('',(0.E0,-1.E0,0.E0));
#1619=VECTOR('',#1618,4.99E0);
#1620=CARTESIAN_POINT('',(2.113293333333E1,-3.59214E1,-1.05E0));
#1621=LINE('',#1620,#1619);
#1622=CARTESIAN_POINT('',(2.11332E1,-3.589311855732E1,-1.05E0));
#1623=CARTESIAN_POINT('',(2.11332E1,-3.589782084867E1,-1.05E0));
#1624=CARTESIAN_POINT('',(2.113333333333E1,-3.590723671379E1,-1.05E0));
#1625=CARTESIAN_POINT('',(2.113293333333E1,-3.591667514379E1,-1.05E0));
#1626=CARTESIAN_POINT('',(2.113293333333E1,-3.59214E1,-1.05E0));
#1628=DIRECTION('',(0.E0,0.E0,1.E0));
#1629=VECTOR('',#1628,3.E-2);
#1630=CARTESIAN_POINT('',(2.11332E1,-3.531313485520E1,-1.05E0));
#1631=LINE('',#1630,#1629);
#1632=CARTESIAN_POINT('',(2.113293333333E1,-4.09114E1,-1.05E0));
#1633=CARTESIAN_POINT('',(2.113293333333E1,-4.091612485621E1,-1.05E0));
#1634=CARTESIAN_POINT('',(2.113333333333E1,-4.092556328621E1,-1.05E0));
#1635=CARTESIAN_POINT('',(2.11332E1,-4.093497915133E1,-1.05E0));
#1636=CARTESIAN_POINT('',(2.11332E1,-4.093968144268E1,-1.05E0));
#1638=DIRECTION('',(-8.664338719651E-3,-2.155258074146E-11,9.999624639128E-1));
#1639=VECTOR('',#1638,2.143571075470E0);
#1640=CARTESIAN_POINT('',(2.115150595920E1,-4.091139999995E1,
-3.193490614199E0));
#1641=LINE('',#1640,#1639);
#1642=DIRECTION('',(0.E0,1.E0,-1.779916672825E-14));
#1643=VECTOR('',#1642,4.989999999777E0);
#1644=CARTESIAN_POINT('',(2.115150595920E1,-4.091139999995E1,
-3.193490614199E0));
#1645=LINE('',#1644,#1643);
#1646=DIRECTION('',(-8.664338719651E-3,8.267347220434E-11,9.999624639128E-1));
#1647=VECTOR('',#1646,2.143571075470E0);
#1648=CARTESIAN_POINT('',(2.115150595920E1,-3.592140000018E1,
-3.193490614199E0));
#1649=LINE('',#1648,#1647);
#1650=CARTESIAN_POINT('',(2.21328E1,-4.09114E1,-3.193490614199E0));
#1651=DIRECTION('',(0.E0,0.E0,-1.E0));
#1652=DIRECTION('',(0.E0,-1.E0,0.E0));
#1653=AXIS2_PLACEMENT_3D('',#1650,#1651,#1652);
#1655=CARTESIAN_POINT('',(2.21328E1,-4.09114E1,-1.05E0));
#1656=DIRECTION('',(0.E0,0.E0,1.E0));
#1657=DIRECTION('',(-9.996E-1,-2.828144267882E-2,0.E0));
#1658=AXIS2_PLACEMENT_3D('',#1655,#1656,#1657);
#1660=DIRECTION('',(0.E0,-1.E0,0.E0));
#1661=VECTOR('',#1660,5.821837021181E-1);
#1662=CARTESIAN_POINT('',(2.11332E1,-4.093968144268E1,-1.05E0));
#1663=LINE('',#1662,#1661);
#1664=CARTESIAN_POINT('',(2.162947017315E1,-4.141332982685E1,-1.05E0));
#1665=DIRECTION('',(0.E0,0.E0,-1.E0));
#1666=DIRECTION('',(-2.136522006826E-1,-9.769097896651E-1,0.E0));
#1667=AXIS2_PLACEMENT_3D('',#1664,#1665,#1666);
#1669=DIRECTION('',(1.E0,-1.287466644767E-14,0.E0));
#1670=VECTOR('',#1669,5.518921508747E-1);
#1671=CARTESIAN_POINT('',(2.152093485520E1,-4.19096E1,-1.05E0));
#1672=LINE('',#1671,#1670);
#1673=DIRECTION('',(0.E0,0.E0,1.E0));
#1674=VECTOR('',#1673,3.E-2);
#1675=CARTESIAN_POINT('',(2.11332E1,-4.152186514480E1,-1.05E0));
#1676=LINE('',#1675,#1674);
#1677=DIRECTION('',(1.E0,0.E0,0.E0));
#1678=VECTOR('',#1677,7.519945987844E0);
#1679=CARTESIAN_POINT('',(2.207282700608E1,-4.19096E1,-1.05E0));
#1680=LINE('',#1679,#1678);
#1681=DIRECTION('',(0.E0,0.E0,1.E0));
#1682=VECTOR('',#1681,3.E-2);
#1683=CARTESIAN_POINT('',(2.152093485520E1,-4.19096E1,-1.05E0));
#1684=LINE('',#1683,#1682);
#1685=CARTESIAN_POINT('',(2.95328E1,-4.09114E1,-1.05E0));
#1686=DIRECTION('',(0.E0,0.E0,1.E0));
#1687=DIRECTION('',(0.E0,-1.E0,0.E0));
#1688=AXIS2_PLACEMENT_3D('',#1685,#1686,#1687);
#1690=DIRECTION('',(1.E0,0.E0,0.E0));
#1691=VECTOR('',#1690,7.4E0);
#1692=CARTESIAN_POINT('',(2.21328E1,-4.19114E1,-1.05E0));
#1693=LINE('',#1692,#1691);
#1694=CARTESIAN_POINT('',(2.21328E1,-4.09114E1,-1.05E0));
#1695=DIRECTION('',(0.E0,0.E0,1.E0));
#1696=DIRECTION('',(-5.997299392215E-2,-9.982E-1,0.E0));
#1697=AXIS2_PLACEMENT_3D('',#1694,#1695,#1696);
#1699=CARTESIAN_POINT('',(2.95328E1,-4.09114E1,-3.193490614199E0));
#1700=DIRECTION('',(0.E0,0.E0,-1.E0));
#1701=DIRECTION('',(1.E0,0.E0,0.E0));
#1702=AXIS2_PLACEMENT_3D('',#1699,#1700,#1701);
#1704=CARTESIAN_POINT('',(2.95328E1,-4.09114E1,-1.05E0));
#1705=DIRECTION('',(0.E0,0.E0,1.E0));
#1706=DIRECTION('',(5.997299392216E-2,-9.982E-1,0.E0));
#1707=AXIS2_PLACEMENT_3D('',#1704,#1705,#1706);
#1709=DIRECTION('',(1.E0,1.292149259868E-14,0.E0));
#1710=VECTOR('',#1709,5.498921508747E-1);
#1711=CARTESIAN_POINT('',(2.959277299392E1,-4.19096E1,-1.05E0));
#1712=LINE('',#1711,#1710);
#1713=CARTESIAN_POINT('',(3.003412982685E1,-4.141332982685E1,-1.05E0));
#1714=DIRECTION('',(0.E0,0.E0,-1.E0));
#1715=DIRECTION('',(9.769097896651E-1,-2.136522006826E-1,0.E0));
#1716=AXIS2_PLACEMENT_3D('',#1713,#1714,#1715);
#1718=DIRECTION('',(1.312842417180E-14,1.E0,0.E0));
#1719=VECTOR('',#1718,5.412246941918E-1);
#1720=CARTESIAN_POINT('',(3.05304E1,-4.152186514480E1,-1.05E0));
#1721=LINE('',#1720,#1719);
#1722=DIRECTION('',(-3.552713678800E-13,0.E0,1.E0));
#1723=VECTOR('',#1722,3.E-2);
#1724=CARTESIAN_POINT('',(3.014266514480E1,-4.19096E1,-1.05E0));
#1725=LINE('',#1724,#1723);
#1726=DIRECTION('',(0.E0,1.E0,0.E0));
#1727=VECTOR('',#1726,5.128480901210E0);
#1728=CARTESIAN_POINT('',(3.05304E1,-4.098064045061E1,-1.05E0));
#1729=LINE('',#1728,#1727);
#1730=DIRECTION('',(1.184237892933E-13,2.368475785867E-13,1.E0));
#1731=VECTOR('',#1730,3.E-2);
#1732=CARTESIAN_POINT('',(3.05304E1,-4.152186514480E1,-1.05E0));
#1733=LINE('',#1732,#1731);
#1734=CARTESIAN_POINT('',(2.95328E1,-3.59214E1,-1.05E0));
#1735=DIRECTION('',(0.E0,0.E0,1.E0));
#1736=DIRECTION('',(1.E0,0.E0,0.E0));
#1737=AXIS2_PLACEMENT_3D('',#1734,#1735,#1736);
#1739=DIRECTION('',(0.E0,1.E0,0.E0));
#1740=VECTOR('',#1739,4.99E0);
#1741=CARTESIAN_POINT('',(3.05328E1,-4.09114E1,-1.05E0));
#1742=LINE('',#1741,#1740);
#1743=CARTESIAN_POINT('',(2.95328E1,-4.09114E1,-1.05E0));
#1744=DIRECTION('',(0.E0,0.E0,1.E0));
#1745=DIRECTION('',(9.976E-1,-6.924045060508E-2,0.E0));
#1746=AXIS2_PLACEMENT_3D('',#1743,#1744,#1745);
#1748=CARTESIAN_POINT('',(2.95328E1,-3.59214E1,-3.193490614199E0));
#1749=DIRECTION('',(0.E0,0.E0,-1.E0));
#1750=DIRECTION('',(0.E0,1.E0,0.E0));
#1751=AXIS2_PLACEMENT_3D('',#1748,#1749,#1750);
#1753=CARTESIAN_POINT('',(3.045762778964E1,-3.559333192097E1,
-3.193478528489E0));
#1754=CARTESIAN_POINT('',(3.044531149597E1,-3.555687920548E1,
-3.126390393593E0));
#1755=CARTESIAN_POINT('',(3.041980555128E1,-3.549442996542E1,
-2.984394546460E0));
#1756=CARTESIAN_POINT('',(3.038668672992E1,-3.542888238790E1,
-2.736735266895E0));
#1757=CARTESIAN_POINT('',(3.037139922173E1,-3.540002053369E1,
-2.482782964794E0));
#1758=CARTESIAN_POINT('',(3.037697888393E1,-3.540460324101E1,
-2.228806529311E0));
#1759=CARTESIAN_POINT('',(3.040378816779E1,-3.544518648238E1,
-1.972620756816E0));
#1760=CARTESIAN_POINT('',(3.044147651248E1,-3.551550212633E1,
-1.749444993326E0));
#1761=CARTESIAN_POINT('',(3.047765122331E1,-3.560273336101E1,
-1.568594009625E0));
#1762=CARTESIAN_POINT('',(3.050730939682E1,-3.570290817344E1,
-1.421678101276E0));
#1763=CARTESIAN_POINT('',(3.052648056481E1,-3.581102621439E1,
-1.307999942553E0));
#1764=CARTESIAN_POINT('',(3.053102646429E1,-3.588467273355E1,
-1.253374522836E0));
#1765=CARTESIAN_POINT('',(3.053122371579E1,-3.592135675776E1,
-1.230671000671E0));
#1767=CARTESIAN_POINT('',(2.95328E1,-3.59214E1,-1.05E0));
#1768=DIRECTION('',(0.E0,0.E0,1.E0));
#1769=DIRECTION('',(9.976E-1,6.924045060511E-2,0.E0));
#1770=AXIS2_PLACEMENT_3D('',#1767,#1768,#1769);
#1772=DIRECTION('',(0.E0,1.E0,0.E0));
#1773=VECTOR('',#1772,5.390246941918E-1);
#1774=CARTESIAN_POINT('',(3.05304E1,-3.585215954939E1,-1.05E0));
#1775=LINE('',#1774,#1773);
#1776=CARTESIAN_POINT('',(3.003412982685E1,-3.542167017315E1,-1.05E0));
#1777=DIRECTION('',(0.E0,0.E0,-1.E0));
#1778=DIRECTION('',(2.136522006826E-1,9.769097896651E-1,0.E0));
#1779=AXIS2_PLACEMENT_3D('',#1776,#1777,#1778);
#1781=DIRECTION('',(-1.E0,0.E0,0.E0));
#1782=VECTOR('',#1781,5.205119131821E-1);
#1783=CARTESIAN_POINT('',(3.014266514480E1,-3.49254E1,-1.05E0));
#1784=LINE('',#1783,#1782);
#1785=DIRECTION('',(0.E0,0.E0,1.E0));
#1786=VECTOR('',#1785,3.E-2);
#1787=CARTESIAN_POINT('',(3.05304E1,-3.531313485520E1,-1.05E0));
#1788=LINE('',#1787,#1786);
#1789=DIRECTION('',(1.E0,0.E0,-1.200241107739E-14));
#1790=VECTOR('',#1789,7.399999999777E0);
#1791=CARTESIAN_POINT('',(2.213280000005E1,-3.494010595920E1,
-3.193490614199E0));
#1792=LINE('',#1791,#1790);
#1793=DIRECTION('',(8.266845534893E-11,8.726535498374E-3,9.999619230642E-1));
#1794=VECTOR('',#1793,2.143572234862E0);
#1795=CARTESIAN_POINT('',(2.953279999982E1,-3.494010595920E1,
-3.193490614199E0));
#1796=LINE('',#1795,#1794);
#1797=DIRECTION('',(-2.155256908434E-11,8.726535498374E-3,9.999619230642E-1));
#1798=VECTOR('',#1797,2.143572234862E0);
#1799=CARTESIAN_POINT('',(2.213280000005E1,-3.494010595920E1,
-3.193490614199E0));
#1800=LINE('',#1799,#1798);
#1801=CARTESIAN_POINT('',(2.21328E1,-3.534009072843E1,-3.19E0));
#1802=DIRECTION('',(1.E0,0.E0,0.E0));
#1803=DIRECTION('',(0.E0,0.E0,-1.E0));
#1804=AXIS2_PLACEMENT_3D('',#1801,#1802,#1803);
#1806=DIRECTION('',(0.E0,-1.E0,0.E0));
#1807=VECTOR('',#1806,4.99E0);
#1808=CARTESIAN_POINT('',(3.011410927157E1,-3.59214E1,-3.59E0));
#1809=LINE('',#1808,#1807);
#1810=CARTESIAN_POINT('',(2.95328E1,-3.59214E1,-3.59E0));
#1811=DIRECTION('',(0.E0,0.E0,-1.E0));
#1812=DIRECTION('',(0.E0,1.E0,0.E0));
#1813=AXIS2_PLACEMENT_3D('',#1810,#1811,#1812);
#1815=DIRECTION('',(1.E0,0.E0,0.E0));
#1816=VECTOR('',#1815,7.4E0);
#1817=CARTESIAN_POINT('',(2.21328E1,-3.534009072843E1,-3.59E0));
#1818=LINE('',#1817,#1816);
#1819=CARTESIAN_POINT('',(2.21328E1,-3.59214E1,-3.59E0));
#1820=DIRECTION('',(0.E0,0.E0,-1.E0));
#1821=DIRECTION('',(-1.E0,0.E0,0.E0));
#1822=AXIS2_PLACEMENT_3D('',#1819,#1820,#1821);
#1824=DIRECTION('',(0.E0,1.E0,0.E0));
#1825=VECTOR('',#1824,4.99E0);
#1826=CARTESIAN_POINT('',(2.155149072843E1,-4.09114E1,-3.59E0));
#1827=LINE('',#1826,#1825);
#1828=CARTESIAN_POINT('',(2.21328E1,-4.09114E1,-3.59E0));
#1829=DIRECTION('',(0.E0,0.E0,-1.E0));
#1830=DIRECTION('',(0.E0,-1.E0,0.E0));
#1831=AXIS2_PLACEMENT_3D('',#1828,#1829,#1830);
#1833=DIRECTION('',(-1.E0,0.E0,0.E0));
#1834=VECTOR('',#1833,7.4E0);
#1835=CARTESIAN_POINT('',(2.95328E1,-4.149270927157E1,-3.59E0));
#1836=LINE('',#1835,#1834);
#1837=CARTESIAN_POINT('',(2.95328E1,-4.09114E1,-3.59E0));
#1838=DIRECTION('',(0.E0,0.E0,-1.E0));
#1839=DIRECTION('',(1.E0,0.E0,0.E0));
#1840=AXIS2_PLACEMENT_3D('',#1837,#1838,#1839);
#1842=CARTESIAN_POINT('',(3.051409385289E1,-3.737659009475E1,
-3.193503008790E0));
#1843=CARTESIAN_POINT('',(3.051386907744E1,-3.732921039753E1,
-3.219215702295E0));
#1844=CARTESIAN_POINT('',(3.050852530780E1,-3.722505238469E1,
-3.266445644102E0));
#1845=CARTESIAN_POINT('',(3.049232006135E1,-3.704430982067E1,
-3.324026459374E0));
#1846=CARTESIAN_POINT('',(3.047252647848E1,-3.683061965313E1,
-3.369098971815E0));
#1847=CARTESIAN_POINT('',(3.045775811843E1,-3.659882094067E1,
-3.394896107557E0));
#1848=CARTESIAN_POINT('',(3.045525385378E1,-3.646552226109E1,
-3.398891171287E0));
#1849=CARTESIAN_POINT('',(3.045523922037E1,-3.640140000008E1,
-3.398892667311E0));
#1851=CARTESIAN_POINT('',(3.045523922037E1,-3.640140000008E1,
-3.398892667311E0));
#1852=CARTESIAN_POINT('',(3.045524677321E1,-3.635463294834E1,
-3.398891913479E0));
#1853=CARTESIAN_POINT('',(3.045665078020E1,-3.625671216326E1,
-3.396595010892E0));
#1854=CARTESIAN_POINT('',(3.046409870956E1,-3.609661501722E1,
-3.384012382052E0));
#1855=CARTESIAN_POINT('',(3.047271357127E1,-3.598116499978E1,
-3.367615104368E0));
#1856=CARTESIAN_POINT('',(3.047773275094E1,-3.592141908239E1,
-3.356666249133E0));
#1858=CARTESIAN_POINT('',(3.011410927157E1,-3.59214E1,-3.19E0));
#1859=DIRECTION('',(0.E0,-1.E0,0.E0));
#1860=DIRECTION('',(0.E0,0.E0,-1.E0));
#1861=AXIS2_PLACEMENT_3D('',#1858,#1859,#1860);
#1863=CARTESIAN_POINT('',(3.101407462710E1,-3.737660607665E1,
-3.197844332275E0));
#1864=DIRECTION('',(-6.732091256928E-3,6.331827487616E-1,-7.739730522557E-1));
#1865=DIRECTION('',(-9.999621499724E-1,3.335760665516E-6,8.700494899104E-3));
#1866=AXIS2_PLACEMENT_3D('',#1863,#1864,#1865);
#1868=CARTESIAN_POINT('',(3.103203359156E1,-3.640139999980E1,
-1.140003383739E0));
#1869=DIRECTION('',(-4.300651167671E-10,-1.E0,-4.928058555029E-8));
#1870=DIRECTION('',(-9.999618639824E-1,-3.268505362091E-13,8.733302976082E-3));
#1871=AXIS2_PLACEMENT_3D('',#1868,#1869,#1870);
#1873=CARTESIAN_POINT('',(3.053122371579E1,-3.592135675776E1,
-1.230671000671E0));
#1874=CARTESIAN_POINT('',(3.053140686651E1,-3.597203009246E1,
-1.209795116139E0));
#1875=CARTESIAN_POINT('',(3.053170969287E1,-3.607511566596E1,
-1.174899520698E0));
#1876=CARTESIAN_POINT('',(3.053199043187E1,-3.623795694483E1,
-1.142661130940E0));
#1877=CARTESIAN_POINT('',(3.053205501643E1,-3.634660509856E1,
-1.135639303317E0));
#1878=CARTESIAN_POINT('',(3.053205388493E1,-3.640139999989E1,
-1.135636742952E0));
#1880=CARTESIAN_POINT('',(3.053205388493E1,-3.640139999989E1,
-1.135636742952E0));
#1881=CARTESIAN_POINT('',(3.053205654811E1,-3.646893043951E1,
-1.135643571606E0));
#1882=CARTESIAN_POINT('',(3.053195780497E1,-3.660242196815E1,
-1.146296021355E0));
#1883=CARTESIAN_POINT('',(3.053153585080E1,-3.680117011925E1,
-1.194913411883E0));
#1884=CARTESIAN_POINT('',(3.053083844388E1,-3.698877243552E1,
-1.274756992548E0));
#1885=CARTESIAN_POINT('',(3.052988836636E1,-3.716121607098E1,
-1.383644208438E0));
#1886=CARTESIAN_POINT('',(3.052870742469E1,-3.731402097335E1,
-1.518961594405E0));
#1887=CARTESIAN_POINT('',(3.052732842191E1,-3.744302010394E1,
-1.676981049410E0));
#1888=CARTESIAN_POINT('',(3.052578602152E1,-3.754498217435E1,
-1.853722202783E0));
#1889=CARTESIAN_POINT('',(3.052412071325E1,-3.761720231327E1,
-2.044547943872E0));
#1890=CARTESIAN_POINT('',(3.052237621201E1,-3.765781468232E1,
-2.244447152413E0));
#1891=CARTESIAN_POINT('',(3.052059637178E1,-3.766578443032E1,
-2.448399661084E0));
#1892=CARTESIAN_POINT('',(3.051882963628E1,-3.764085597793E1,
-2.650836254308E0));
#1893=CARTESIAN_POINT('',(3.051712176541E1,-3.758385340350E1,
-2.846580824220E0));
#1894=CARTESIAN_POINT('',(3.051550963905E1,-3.749564800354E1,
-3.031155641147E0));
#1895=CARTESIAN_POINT('',(3.051455251750E1,-3.741935620553E1,
-3.141220450828E0));
#1896=CARTESIAN_POINT('',(3.051409385289E1,-3.737659009475E1,
-3.193503008790E0));
#1898=DIRECTION('',(5.316080095790E-8,-9.999999999939E-1,3.506437527067E-6));
#1899=VECTOR('',#1898,3.534809905094E0);
#1900=CARTESIAN_POINT('',(3.051409385289E1,-3.737659009475E1,
-3.193503008790E0));
#1901=LINE('',#1900,#1899);
#1902=DIRECTION('',(8.726535498371E-3,-8.267011272890E-11,9.999619230642E-1));
#1903=VECTOR('',#1902,2.143572234862E0);
#1904=CARTESIAN_POINT('',(3.051409404080E1,-4.091139999982E1,
-3.193490614199E0));
#1905=LINE('',#1904,#1903);
#1906=DIRECTION('',(8.724278786380E-3,-2.393333196579E-4,9.999619141143E-1));
#1907=VECTOR('',#1906,1.806778819479E-1);
#1908=CARTESIAN_POINT('',(3.053122371579E1,-3.592135675776E1,
-1.230671000671E0));
#1909=LINE('',#1908,#1907);
#1910=CARTESIAN_POINT('',(3.103120446885E1,-3.592140029140E1,
-1.235011436098E0));
#1911=DIRECTION('',(3.324502453576E-3,-9.245895607490E-1,3.809502485069E-1));
#1912=DIRECTION('',(-9.999619107312E-1,5.822662366460E-7,8.727948586541E-3));
#1913=AXIS2_PLACEMENT_3D('',#1910,#1911,#1912);
#1915=CARTESIAN_POINT('',(3.092884684097E1,-3.542619362464E1,
-3.197853642279E0));
#1916=DIRECTION('',(-2.124816268619E-1,6.187572463940E-1,7.563008847549E-1));
#1917=DIRECTION('',(-9.424275460238E-1,-3.342965280448E-1,8.726501748828E-3));
#1918=AXIS2_PLACEMENT_3D('',#1915,#1916,#1917);
#1920=CARTESIAN_POINT('',(3.093226721247E1,-3.592139835215E1,
-3.564984302771E0));
#1921=DIRECTION('',(1.719951218217E-1,9.108132467497E-1,3.752824371255E-1));
#1922=DIRECTION('',(-9.090687628533E-1,-5.024630556515E-6,4.166461140814E-1));
#1923=AXIS2_PLACEMENT_3D('',#1920,#1921,#1922);
#1925=CARTESIAN_POINT('',(3.047773275094E1,-3.592141908239E1,
-3.356666249133E0));
#1926=CARTESIAN_POINT('',(3.048355327957E1,-3.587459725787E1,
-3.343965391743E0));
#1927=CARTESIAN_POINT('',(3.048887015635E1,-3.578716858575E1,
-3.313447283807E0));
#1928=CARTESIAN_POINT('',(3.048111780155E1,-3.567914293481E1,
-3.257643140357E0));
#1929=CARTESIAN_POINT('',(3.046676977186E1,-3.561966876329E1,
-3.215083897134E0));
#1930=CARTESIAN_POINT('',(3.045762778964E1,-3.559333192097E1,
-3.193478528489E0));
#1932=CARTESIAN_POINT('',(2.95328E1,-3.534009072843E1,-3.19E0));
#1933=DIRECTION('',(1.E0,0.E0,0.E0));
#1934=DIRECTION('',(0.E0,0.E0,-1.E0));
#1935=AXIS2_PLACEMENT_3D('',#1932,#1933,#1934);
#1937=CARTESIAN_POINT('',(3.088164166933E1,-3.640139943647E1,
-3.659999007922E0));
#1938=DIRECTION('',(-2.368052075162E-6,9.999999999969E-1,-8.260246391818E-7));
#1939=DIRECTION('',(-8.528124545979E-1,-1.588139937668E-6,5.222173084840E-1));
#1940=AXIS2_PLACEMENT_3D('',#1937,#1938,#1939);
#1942=CARTESIAN_POINT('',(3.103120447502E1,-3.611187659109E1,
-1.697309031198E0));
#1943=CARTESIAN_POINT('',(3.103138628772E1,-3.614239093041E1,
-1.684737390839E0));
#1944=CARTESIAN_POINT('',(3.103169265383E1,-3.620505798495E1,
-1.663573043662E0));
#1945=CARTESIAN_POINT('',(3.103197118983E1,-3.630233154278E1,
-1.644313586949E0));
#1946=CARTESIAN_POINT('',(3.103203358943E1,-3.636837093268E1,
-1.640001784767E0));
#1947=CARTESIAN_POINT('',(3.103203362109E1,-3.640139999987E1,
-1.640000872199E0));
#1949=CARTESIAN_POINT('',(3.092884634973E1,-3.581317892726E1,
-2.881245874179E0));
#1950=CARTESIAN_POINT('',(3.091191116156E1,-3.578343792024E1,
-2.844893422032E0));
#1951=CARTESIAN_POINT('',(3.087785783665E1,-3.573319253667E1,
-2.770110428348E0));
#1952=CARTESIAN_POINT('',(3.083464387395E1,-3.568065975754E1,
-2.651350924634E0));
#1953=CARTESIAN_POINT('',(3.080850585777E1,-3.565181546048E1,
-2.540112432658E0));
#1954=CARTESIAN_POINT('',(3.079812603608E1,-3.563990007001E1,
-2.435558668718E0));
#1955=CARTESIAN_POINT('',(3.080209316309E1,-3.564202953782E1,
-2.332099817599E0));
#1956=CARTESIAN_POINT('',(3.082093035308E1,-3.565894015202E1,
-2.225057935459E0));
#1957=CARTESIAN_POINT('',(3.085640867184E1,-3.569483891811E1,
-2.110532591443E0));
#1958=CARTESIAN_POINT('',(3.090758292519E1,-3.575581755298E1,
-1.991149199099E0));
#1959=CARTESIAN_POINT('',(3.096132448415E1,-3.583909952121E1,
-1.883165225521E0));
#1960=CARTESIAN_POINT('',(3.100174293764E1,-3.592989788088E1,
-1.800199761338E0));
#1961=CARTESIAN_POINT('',(3.102579553892E1,-3.602197993969E1,
-1.738669573074E0));
#1962=CARTESIAN_POINT('',(3.103102211345E1,-3.608250377282E1,
-1.709414100349E0));
#1963=CARTESIAN_POINT('',(3.103120447502E1,-3.611187659109E1,
-1.697309031198E0));
#1965=CARTESIAN_POINT('',(3.093226759794E1,-3.611187660436E1,
-3.102690937242E0));
#1966=CARTESIAN_POINT('',(3.094244745318E1,-3.607935406527E1,
-3.089287565207E0));
#1967=CARTESIAN_POINT('',(3.095718866534E1,-3.601805059939E1,
-3.058701348141E0));
#1968=CARTESIAN_POINT('',(3.096329974635E1,-3.593905358364E1,
-3.005559910492E0));
#1969=CARTESIAN_POINT('',(3.095460623404E1,-3.587010732107E1,
-2.945868989036E0));
#1970=CARTESIAN_POINT('',(3.093901227805E1,-3.583105885281E1,
-2.903102631938E0));
#1971=CARTESIAN_POINT('',(3.092884634973E1,-3.581317892726E1,
-2.881245874179E0));
#1973=CARTESIAN_POINT('',(3.088163777266E1,-3.64014E1,-3.159999430062E0));
#1974=CARTESIAN_POINT('',(3.088164501149E1,-3.637282246956E1,
-3.159998843251E0));
#1975=CARTESIAN_POINT('',(3.088497177753E1,-3.631272428317E1,
-3.156761636669E0));
#1976=CARTESIAN_POINT('',(3.090198590884E1,-3.621578677986E1,
-3.139387086241E0));
#1977=CARTESIAN_POINT('',(3.092130480410E1,-3.614690017033E1,
-3.117121411010E0));
#1978=CARTESIAN_POINT('',(3.093226759794E1,-3.611187660436E1,
-3.102690937242E0));
#1980=DIRECTION('',(-1.E0,1.359655582095E-12,3.152027054687E-7));
#1981=VECTOR('',#1980,1.808162227336E0);
#1982=CARTESIAN_POINT('',(3.26898E1,-3.64014E1,-3.16E0));
#1983=LINE('',#1982,#1981);
#1984=CARTESIAN_POINT('',(3.26898E1,-3.64014E1,-2.4E0));
#1985=DIRECTION('',(1.E0,0.E0,0.E0));
#1986=DIRECTION('',(0.E0,0.E0,-1.E0));
#1987=AXIS2_PLACEMENT_3D('',#1984,#1985,#1986);
#1989=CARTESIAN_POINT('',(3.103203362109E1,-3.640139999987E1,
-1.640000872199E0));
#1990=CARTESIAN_POINT('',(3.103203352414E1,-3.644907586414E1,
-1.640003669041E0));
#1991=CARTESIAN_POINT('',(3.103190342840E1,-3.654441580522E1,
-1.648999435649E0));
#1992=CARTESIAN_POINT('',(3.103132497891E1,-3.668231055743E1,
-1.688984703703E0));
#1993=CARTESIAN_POINT('',(3.103038316376E1,-3.681034484306E1,
-1.754076605117E0));
#1994=CARTESIAN_POINT('',(3.102911247207E1,-3.692387252842E1,
-1.841906453829E0));
#1995=CARTESIAN_POINT('',(3.102755719457E1,-3.701897984944E1,
-1.949400050994E0));
#1996=CARTESIAN_POINT('',(3.102577275278E1,-3.709229474919E1,
-2.072733591455E0));
#1997=CARTESIAN_POINT('',(3.102382216196E1,-3.714126651643E1,
-2.207551354834E0));
#1998=CARTESIAN_POINT('',(3.102177308150E1,-3.716419524223E1,
-2.349170046904E0));
#1999=CARTESIAN_POINT('',(3.101969802379E1,-3.716026341831E1,
-2.492600568621E0));
#2000=CARTESIAN_POINT('',(3.101766832826E1,-3.712956396598E1,
-2.632864486319E0));
#2001=CARTESIAN_POINT('',(3.101575897432E1,-3.707320766442E1,
-2.764865902475E0));
#2002=CARTESIAN_POINT('',(3.101460873170E1,-3.701980494097E1,
-2.844343773356E0));
#2003=CARTESIAN_POINT('',(3.101407500234E1,-3.698961879533E1,
-2.881244010504E0));
#2005=DIRECTION('',(-9.999999999999E-1,7.716775763692E-11,-5.261287891037E-7));
#2006=VECTOR('',#2005,1.657766378908E0);
#2007=CARTESIAN_POINT('',(3.26898E1,-3.64014E1,-1.64E0));
#2008=LINE('',#2007,#2006);
#2009=CARTESIAN_POINT('',(3.26898E1,-3.64014E1,-2.4E0));
#2010=DIRECTION('',(1.E0,0.E0,0.E0));
#2011=DIRECTION('',(0.E0,0.E0,1.E0));
#2012=AXIS2_PLACEMENT_3D('',#2009,#2010,#2011);
#2014=CARTESIAN_POINT('',(3.101407500234E1,-3.698961879533E1,
-2.881244010504E0));
#2015=CARTESIAN_POINT('',(3.101373029639E1,-3.697024371343E1,
-2.904922826197E0));
#2016=CARTESIAN_POINT('',(3.100778598241E1,-3.692617853535E1,
-2.952882920753E0));
#2017=CARTESIAN_POINT('',(3.098382828224E1,-3.684335940648E1,
-3.021811303502E0));
#2018=CARTESIAN_POINT('',(3.094711200312E1,-3.673871083289E1,
-3.085067699753E0));
#2019=CARTESIAN_POINT('',(3.090919549703E1,-3.661843864993E1,
-3.131884986707E0));
#2020=CARTESIAN_POINT('',(3.088608878365E1,-3.650422932244E1,
-3.155683190111E0));
#2021=CARTESIAN_POINT('',(3.088164898205E1,-3.643435977221E1,
-3.159998532424E0));
#2022=CARTESIAN_POINT('',(3.088163777266E1,-3.64014E1,-3.159999430062E0));
#2024=CARTESIAN_POINT('',(3.26898E1,-3.64014E1,-2.4E0));
#2025=DIRECTION('',(1.E0,0.E0,0.E0));
#2026=DIRECTION('',(0.E0,0.E0,1.E0));
#2027=AXIS2_PLACEMENT_3D('',#2024,#2025,#2026);
#2029=CARTESIAN_POINT('',(3.26898E1,-3.64014E1,-2.4E0));
#2030=DIRECTION('',(-1.E0,0.E0,0.E0));
#2031=DIRECTION('',(0.E0,0.E0,1.E0));
#2032=AXIS2_PLACEMENT_3D('',#2029,#2030,#2031);
#2034=CARTESIAN_POINT('',(3.288977749873E1,-3.64014E1,-1.635E0));
#2035=DIRECTION('',(0.E0,-1.E0,0.E0));
#2036=DIRECTION('',(2.438957463866E-1,0.E0,9.698014564304E-1));
#2037=AXIS2_PLACEMENT_3D('',#2034,#2035,#2036);
#2039=CARTESIAN_POINT('',(3.293855664801E1,-3.64014E1,-2.4E0));
#2040=DIRECTION('',(1.E0,0.E0,0.E0));
#2041=DIRECTION('',(0.E0,0.E0,1.E0));
#2042=AXIS2_PLACEMENT_3D('',#2039,#2040,#2041);
#2044=CARTESIAN_POINT('',(3.288977749873E1,-3.64014E1,-3.165E0));
#2045=DIRECTION('',(0.E0,1.E0,0.E0));
#2046=DIRECTION('',(2.438957463866E-1,0.E0,-9.698014564304E-1));
#2047=AXIS2_PLACEMENT_3D('',#2044,#2045,#2046);
#2049=CARTESIAN_POINT('',(3.293855664801E1,-3.64014E1,-2.4E0));
#2050=DIRECTION('',(-1.E0,0.E0,0.E0));
#2051=DIRECTION('',(0.E0,0.E0,1.E0));
#2052=AXIS2_PLACEMENT_3D('',#2049,#2050,#2051);
#2054=CARTESIAN_POINT('',(3.37098E1,-3.64014E1,-2.4E0));
#2055=DIRECTION('',(-1.E0,0.E0,0.E0));
#2056=DIRECTION('',(0.E0,0.E0,1.E0));
#2057=AXIS2_PLACEMENT_3D('',#2054,#2055,#2056);
#2059=DIRECTION('',(-9.698014564304E-1,0.E0,2.438957463866E-1));
#2060=VECTOR('',#2059,7.952590160332E-1);
#2061=CARTESIAN_POINT('',(3.37098E1,-3.64014E1,-1.635E0));
#2062=LINE('',#2061,#2060);
#2063=CARTESIAN_POINT('',(3.37098E1,-3.64014E1,-2.4E0));
#2064=DIRECTION('',(1.E0,0.E0,0.E0));
#2065=DIRECTION('',(0.E0,0.E0,1.E0));
#2066=AXIS2_PLACEMENT_3D('',#2063,#2064,#2065);
#2068=DIRECTION('',(-9.698014564304E-1,0.E0,-2.438957463866E-1));
#2069=VECTOR('',#2068,7.952590160332E-1);
#2070=CARTESIAN_POINT('',(3.37098E1,-3.64014E1,-3.165E0));
#2071=LINE('',#2070,#2069);
#2072=CARTESIAN_POINT('',(3.37098E1,-3.64014E1,-2.4E0));
#2073=DIRECTION('',(-1.E0,0.E0,0.E0));
#2074=DIRECTION('',(0.E0,0.E0,1.E0));
#2075=AXIS2_PLACEMENT_3D('',#2072,#2073,#2074);
#2077=CARTESIAN_POINT('',(3.37098E1,-3.64014E1,-2.4E0));
#2078=DIRECTION('',(-1.E0,0.E0,0.E0));
#2079=DIRECTION('',(0.E0,0.E0,-1.E0));
#2080=AXIS2_PLACEMENT_3D('',#2077,#2078,#2079);
#2082=CARTESIAN_POINT('',(3.17348E1,-3.64014E1,-2.4E0));
#2083=DIRECTION('',(-1.E0,0.E0,0.E0));
#2084=DIRECTION('',(0.E0,0.E0,1.E0));
#2085=AXIS2_PLACEMENT_3D('',#2082,#2083,#2084);
#2087=CARTESIAN_POINT('',(3.17348E1,-3.64014E1,-2.4E0));
#2088=DIRECTION('',(-1.E0,0.E0,0.E0));
#2089=DIRECTION('',(0.E0,0.E0,-1.E0));
#2090=AXIS2_PLACEMENT_3D('',#2087,#2088,#2089);
#2092=DIRECTION('',(-9.993908270191E-1,0.E0,3.489949670250E-2));
#2093=VECTOR('',#2092,1.976203849990E0);
#2094=CARTESIAN_POINT('',(3.37098E1,-3.64014E1,-2.91E0));
#2095=LINE('',#2094,#2093);
#2096=DIRECTION('',(-9.993908270191E-1,0.E0,-3.489949670250E-2));
#2097=VECTOR('',#2096,1.976203849990E0);
#2098=CARTESIAN_POINT('',(3.37098E1,-3.64014E1,-1.89E0));
#2099=LINE('',#2098,#2097);
#2100=CARTESIAN_POINT('',(3.011410927157E1,-4.09114E1,-3.19E0));
#2101=DIRECTION('',(0.E0,-1.E0,0.E0));
#2102=DIRECTION('',(0.E0,0.E0,-1.E0));
#2103=AXIS2_PLACEMENT_3D('',#2100,#2101,#2102);
#2105=CARTESIAN_POINT('',(2.95328E1,-4.149270927157E1,-3.19E0));
#2106=DIRECTION('',(-1.E0,0.E0,0.E0));
#2107=DIRECTION('',(0.E0,0.E0,-1.E0));
#2108=AXIS2_PLACEMENT_3D('',#2105,#2106,#2107);
#2110=CARTESIAN_POINT('',(2.21328E1,-4.149270927157E1,-3.19E0));
#2111=DIRECTION('',(-1.E0,0.E0,0.E0));
#2112=DIRECTION('',(0.E0,0.E0,-1.E0));
#2113=AXIS2_PLACEMENT_3D('',#2110,#2111,#2112);
#2115=CARTESIAN_POINT('',(2.155149072843E1,-4.09114E1,-3.19E0));
#2116=DIRECTION('',(0.E0,1.E0,0.E0));
#2117=DIRECTION('',(0.E0,0.E0,-1.E0));
#2118=AXIS2_PLACEMENT_3D('',#2115,#2116,#2117);
#2120=CARTESIAN_POINT('',(2.155149072843E1,-3.59214E1,-3.19E0));
#2121=DIRECTION('',(0.E0,1.E0,0.E0));
#2122=DIRECTION('',(0.E0,0.E0,-1.E0));
#2123=AXIS2_PLACEMENT_3D('',#2120,#2121,#2122);
#2125=DIRECTION('',(-1.E0,0.E0,-1.200241107739E-14));
#2126=VECTOR('',#2125,7.399999999777E0);
#2127=CARTESIAN_POINT('',(2.953279999995E1,-4.189269404080E1,
-3.193490614199E0));
#2128=LINE('',#2127,#2126);
#2129=DIRECTION('',(-8.267011272890E-11,-8.726535498371E-3,9.999619230642E-1));
#2130=VECTOR('',#2129,2.143572234862E0);
#2131=CARTESIAN_POINT('',(2.213280000018E1,-4.189269404080E1,
-3.193490614199E0));
#2132=LINE('',#2131,#2130);
#2133=DIRECTION('',(2.155256908434E-11,-8.726535498371E-3,9.999619230642E-1));
#2134=VECTOR('',#2133,2.143572234862E0);
#2135=CARTESIAN_POINT('',(2.953279999995E1,-4.189269404080E1,
-3.193490614199E0));
#2136=LINE('',#2135,#2134);
#2137=DIRECTION('',(-1.E0,0.E0,0.E0));
#2138=VECTOR('',#2137,7.4E0);
#2139=CARTESIAN_POINT('',(2.95328E1,-4.191026666667E1,3.E-2));
#2140=LINE('',#2139,#2138);
#2141=CARTESIAN_POINT('',(2.957751017781E1,-4.19096E1,3.E-2));
#2142=CARTESIAN_POINT('',(2.957008686622E1,-4.19096E1,3.E-2));
#2143=CARTESIAN_POINT('',(2.955521185832E1,-4.190926666667E1,3.E-2));
#2144=CARTESIAN_POINT('',(2.954028008101E1,-4.191026666667E1,3.E-2));
#2145=CARTESIAN_POINT('',(2.95328E1,-4.191026666667E1,3.E-2));
#2147=DIRECTION('',(0.E0,0.E0,-1.E0));
#2148=VECTOR('',#2147,3.E-2);
#2149=CARTESIAN_POINT('',(3.014266514480E1,-4.19096E1,3.E-2));
#2150=LINE('',#2149,#2148);
#2151=CARTESIAN_POINT('',(2.21328E1,-4.191026666667E1,3.E-2));
#2152=CARTESIAN_POINT('',(2.212531991899E1,-4.191026666667E1,3.E-2));
#2153=CARTESIAN_POINT('',(2.211038814168E1,-4.190926666667E1,3.E-2));
#2154=CARTESIAN_POINT('',(2.209551313378E1,-4.19096E1,3.E-2));
#2155=CARTESIAN_POINT('',(2.208808982219E1,-4.19096E1,3.E-2));
#2157=DIRECTION('',(-2.155259807082E-11,-8.571043363233E-3,-9.999632679332E-1));
#2158=VECTOR('',#2157,2.143569351932E0);
#2159=CARTESIAN_POINT('',(2.213280000005E1,-4.189189404080E1,2.173490614199E0));
#2160=LINE('',#2159,#2158);
#2161=DIRECTION('',(1.E0,0.E0,1.200241107739E-14));
#2162=VECTOR('',#2161,7.399999999777E0);
#2163=CARTESIAN_POINT('',(2.213280000005E1,-4.189189404080E1,2.173490614199E0));
#2164=LINE('',#2163,#2162);
#2165=DIRECTION('',(8.267188129580E-11,-8.571043363233E-3,-9.999632679332E-1));
#2166=VECTOR('',#2165,2.143569351932E0);
#2167=CARTESIAN_POINT('',(2.953279999982E1,-4.189189404080E1,2.173490614199E0));
#2168=LINE('',#2167,#2166);
#2169=CARTESIAN_POINT('',(2.21328E1,-4.09106E1,2.173490614199E0));
#2170=DIRECTION('',(0.E0,0.E0,1.E0));
#2171=DIRECTION('',(-1.E0,0.E0,0.E0));
#2172=AXIS2_PLACEMENT_3D('',#2169,#2170,#2171);
#2174=CARTESIAN_POINT('',(2.21328E1,-4.09106E1,3.E-2));
#2175=DIRECTION('',(0.E0,0.E0,-1.E0));
#2176=DIRECTION('',(-4.471017781227E-2,-9.99E-1,0.E0));
#2177=AXIS2_PLACEMENT_3D('',#2174,#2175,#2176);
#2179=DIRECTION('',(-1.E0,0.E0,0.E0));
#2180=VECTOR('',#2179,5.671549669846E-1);
#2181=CARTESIAN_POINT('',(2.208808982219E1,-4.19096E1,3.E-2));
#2182=LINE('',#2181,#2180);
#2183=CARTESIAN_POINT('',(2.162947017315E1,-4.141332982685E1,3.E-2));
#2184=DIRECTION('',(0.E0,0.E0,1.E0));
#2185=DIRECTION('',(-9.769097896651E-1,-2.136522006826E-1,0.E0));
#2186=AXIS2_PLACEMENT_3D('',#2183,#2184,#2185);
#2188=DIRECTION('',(0.E0,1.E0,0.E0));
#2189=VECTOR('',#2188,5.829837021181E-1);
#2190=CARTESIAN_POINT('',(2.11332E1,-4.152186514480E1,3.E-2));
#2191=LINE('',#2190,#2189);
#2192=DIRECTION('',(-1.184237892934E-13,0.E0,-1.E0));
#2193=VECTOR('',#2192,3.E-2);
#2194=CARTESIAN_POINT('',(2.152093485520E1,-4.19096E1,3.E-2));
#2195=LINE('',#2194,#2193);
#2196=DIRECTION('',(0.E0,1.E0,0.E0));
#2197=VECTOR('',#2196,4.99E0);
#2198=CARTESIAN_POINT('',(2.113293333333E1,-4.09106E1,3.E-2));
#2199=LINE('',#2198,#2197);
#2200=CARTESIAN_POINT('',(2.11332E1,-4.093888144268E1,3.E-2));
#2201=CARTESIAN_POINT('',(2.11332E1,-4.093417915133E1,3.E-2));
#2202=CARTESIAN_POINT('',(2.113333333333E1,-4.092476328621E1,3.E-2));
#2203=CARTESIAN_POINT('',(2.113293333333E1,-4.091532485621E1,3.E-2));
#2204=CARTESIAN_POINT('',(2.113293333333E1,-4.09106E1,3.E-2));
#2206=DIRECTION('',(0.E0,0.E0,-1.E0));
#2207=VECTOR('',#2206,3.E-2);
#2208=CARTESIAN_POINT('',(2.11332E1,-4.152186514480E1,3.E-2));
#2209=LINE('',#2208,#2207);
#2210=CARTESIAN_POINT('',(2.113293333333E1,-3.59206E1,3.E-2));
#2211=CARTESIAN_POINT('',(2.113293333333E1,-3.591587514379E1,3.E-2));
#2212=CARTESIAN_POINT('',(2.113333333333E1,-3.590643671379E1,3.E-2));
#2213=CARTESIAN_POINT('',(2.11332E1,-3.589702084867E1,3.E-2));
#2214=CARTESIAN_POINT('',(2.11332E1,-3.589231855732E1,3.E-2));
#2216=DIRECTION('',(-8.664338719651E-3,2.155258074146E-11,-9.999624639128E-1));
#2217=VECTOR('',#2216,2.143571075470E0);
#2218=CARTESIAN_POINT('',(2.115150595920E1,-3.592060000005E1,2.173490614199E0));
#2219=LINE('',#2218,#2217);
#2220=DIRECTION('',(0.E0,-1.E0,1.788816256190E-14));
#2221=VECTOR('',#2220,4.989999999777E0);
#2222=CARTESIAN_POINT('',(2.115150595920E1,-3.592060000005E1,2.173490614199E0));
#2223=LINE('',#2222,#2221);
#2224=DIRECTION('',(-8.664338719651E-3,-8.267015744262E-11,-9.999624639128E-1));
#2225=VECTOR('',#2224,2.143571075470E0);
#2226=CARTESIAN_POINT('',(2.115150595920E1,-4.091059999982E1,2.173490614199E0));
#2227=LINE('',#2226,#2225);
#2228=CARTESIAN_POINT('',(2.21328E1,-3.59206E1,2.173490614199E0));
#2229=DIRECTION('',(0.E0,0.E0,1.E0));
#2230=DIRECTION('',(0.E0,1.E0,0.E0));
#2231=AXIS2_PLACEMENT_3D('',#2228,#2229,#2230);
#2233=CARTESIAN_POINT('',(2.21328E1,-3.59206E1,3.E-2));
#2234=DIRECTION('',(0.E0,0.E0,-1.E0));
#2235=DIRECTION('',(-9.996E-1,2.828144267882E-2,0.E0));
#2236=AXIS2_PLACEMENT_3D('',#2233,#2234,#2235);
#2238=DIRECTION('',(0.E0,1.E0,0.E0));
#2239=VECTOR('',#2238,5.791837021181E-1);
#2240=CARTESIAN_POINT('',(2.11332E1,-3.589231855732E1,3.E-2));
#2241=LINE('',#2240,#2239);
#2242=CARTESIAN_POINT('',(2.162947017315E1,-3.542167017315E1,3.E-2));
#2243=DIRECTION('',(0.E0,0.E0,1.E0));
#2244=DIRECTION('',(-2.136522006826E-1,9.769097896651E-1,0.E0));
#2245=AXIS2_PLACEMENT_3D('',#2242,#2243,#2244);
#2247=DIRECTION('',(1.E0,0.E0,0.E0));
#2248=VECTOR('',#2247,5.140032012233E-1);
#2249=CARTESIAN_POINT('',(2.152093485520E1,-3.49254E1,3.E-2));
#2250=LINE('',#2249,#2248);
#2251=DIRECTION('',(0.E0,0.E0,-1.E0));
#2252=VECTOR('',#2251,3.E-2);
#2253=CARTESIAN_POINT('',(2.11332E1,-3.531313485520E1,3.E-2));
#2254=LINE('',#2253,#2252);
#2255=DIRECTION('',(1.E0,0.E0,0.E0));
#2256=VECTOR('',#2255,7.595723887147E0);
#2257=CARTESIAN_POINT('',(2.203493805643E1,-3.49254E1,3.E-2));
#2258=LINE('',#2257,#2256);
#2259=DIRECTION('',(0.E0,0.E0,-1.E0));
#2260=VECTOR('',#2259,3.E-2);
#2261=CARTESIAN_POINT('',(2.152093485520E1,-3.49254E1,3.E-2));
#2262=LINE('',#2261,#2260);
#2263=CARTESIAN_POINT('',(2.95328E1,-3.59206E1,3.E-2));
#2264=DIRECTION('',(0.E0,0.E0,-1.E0));
#2265=DIRECTION('',(0.E0,1.E0,0.E0));
#2266=AXIS2_PLACEMENT_3D('',#2263,#2264,#2265);
#2268=DIRECTION('',(1.E0,0.E0,0.E0));
#2269=VECTOR('',#2268,7.4E0);
#2270=CARTESIAN_POINT('',(2.21328E1,-3.49206E1,3.E-2));
#2271=LINE('',#2270,#2269);
#2272=CARTESIAN_POINT('',(2.21328E1,-3.59206E1,3.E-2));
#2273=DIRECTION('',(0.E0,0.E0,-1.E0));
#2274=DIRECTION('',(-9.786194357356E-2,9.952E-1,0.E0));
#2275=AXIS2_PLACEMENT_3D('',#2272,#2273,#2274);
#2277=CARTESIAN_POINT('',(2.95328E1,-3.59206E1,2.173490614199E0));
#2278=DIRECTION('',(0.E0,0.E0,1.E0));
#2279=DIRECTION('',(1.E0,0.E0,0.E0));
#2280=AXIS2_PLACEMENT_3D('',#2277,#2278,#2279);
#2282=CARTESIAN_POINT('',(2.95328E1,-3.59206E1,3.E-2));
#2283=DIRECTION('',(0.E0,0.E0,-1.E0));
#2284=DIRECTION('',(9.786194357357E-2,9.952E-1,0.E0));
#2285=AXIS2_PLACEMENT_3D('',#2282,#2283,#2284);
#2287=DIRECTION('',(1.E0,0.E0,0.E0));
#2288=VECTOR('',#2287,5.120032012233E-1);
#2289=CARTESIAN_POINT('',(2.963066194357E1,-3.49254E1,3.E-2));
#2290=LINE('',#2289,#2288);
#2291=CARTESIAN_POINT('',(3.003412982685E1,-3.542167017315E1,3.E-2));
#2292=DIRECTION('',(0.E0,0.E0,1.E0));
#2293=DIRECTION('',(9.769097896651E-1,2.136522006826E-1,0.E0));
#2294=AXIS2_PLACEMENT_3D('',#2291,#2292,#2293);
#2296=DIRECTION('',(1.320160043617E-14,-1.E0,0.E0));
#2297=VECTOR('',#2296,5.382246941918E-1);
#2298=CARTESIAN_POINT('',(3.05304E1,-3.531313485520E1,3.E-2));
#2299=LINE('',#2298,#2297);
#2300=DIRECTION('',(-3.552713678801E-13,0.E0,-1.E0));
#2301=VECTOR('',#2300,3.E-2);
#2302=CARTESIAN_POINT('',(3.014266514480E1,-3.49254E1,3.E-2));
#2303=LINE('',#2302,#2301);
#2304=DIRECTION('',(0.E0,-1.E0,0.E0));
#2305=VECTOR('',#2304,5.128480901210E0);
#2306=CARTESIAN_POINT('',(3.05304E1,-3.585135954939E1,3.E-2));
#2307=LINE('',#2306,#2305);
#2308=DIRECTION('',(1.184237892934E-13,0.E0,-1.E0));
#2309=VECTOR('',#2308,3.E-2);
#2310=CARTESIAN_POINT('',(3.05304E1,-3.531313485520E1,3.E-2));
#2311=LINE('',#2310,#2309);
#2312=CARTESIAN_POINT('',(2.95328E1,-4.09106E1,3.E-2));
#2313=DIRECTION('',(0.E0,0.E0,-1.E0));
#2314=DIRECTION('',(1.E0,0.E0,0.E0));
#2315=AXIS2_PLACEMENT_3D('',#2312,#2313,#2314);
#2317=DIRECTION('',(0.E0,-1.E0,0.E0));
#2318=VECTOR('',#2317,4.99E0);
#2319=CARTESIAN_POINT('',(3.05328E1,-3.59206E1,3.E-2));
#2320=LINE('',#2319,#2318);
#2321=CARTESIAN_POINT('',(2.95328E1,-3.59206E1,3.E-2));
#2322=DIRECTION('',(0.E0,0.E0,-1.E0));
#2323=DIRECTION('',(9.976E-1,6.924045060509E-2,0.E0));
#2324=AXIS2_PLACEMENT_3D('',#2321,#2322,#2323);
#2326=CARTESIAN_POINT('',(2.95328E1,-4.09106E1,2.173490614199E0));
#2327=DIRECTION('',(0.E0,0.E0,1.E0));
#2328=DIRECTION('',(0.E0,-1.E0,0.E0));
#2329=AXIS2_PLACEMENT_3D('',#2326,#2327,#2328);
#2331=CARTESIAN_POINT('',(3.045762778964E1,-4.123866807903E1,2.173478528489E0));
#2332=CARTESIAN_POINT('',(3.044528672014E1,-4.127519412392E1,2.106255437058E0));
#2333=CARTESIAN_POINT('',(3.041972942051E1,-4.133774312010E1,1.963979435412E0));
#2334=CARTESIAN_POINT('',(3.038657985592E1,-4.140331831168E1,1.715751961694E0));
#2335=CARTESIAN_POINT('',(3.037135325015E1,-4.143207247860E1,1.461420207757E0));
#2336=CARTESIAN_POINT('',(3.037710871688E1,-4.142723035517E1,1.206642664350E0));
#2337=CARTESIAN_POINT('',(3.040405716928E1,-4.138635277845E1,
9.508735893497E-1));
#2338=CARTESIAN_POINT('',(3.044156768783E1,-4.131627987534E1,
7.290173407392E-1));
#2339=CARTESIAN_POINT('',(3.047765544374E1,-4.122923621692E1,
5.485656792224E-1));
#2340=CARTESIAN_POINT('',(3.050727371244E1,-4.112922558041E1,
4.018590907744E-1));
#2341=CARTESIAN_POINT('',(3.052646374492E1,-4.102113163063E1,
2.881328676612E-1));
#2342=CARTESIAN_POINT('',(3.053102605349E1,-4.094740366540E1,
2.334218056892E-1));
#2343=CARTESIAN_POINT('',(3.053122371579E1,-4.091064324224E1,
2.106710006708E-1));
#2345=CARTESIAN_POINT('',(2.95328E1,-4.09106E1,3.E-2));
#2346=DIRECTION('',(0.E0,0.E0,-1.E0));
#2347=DIRECTION('',(9.976E-1,-6.924045060511E-2,0.E0));
#2348=AXIS2_PLACEMENT_3D('',#2345,#2346,#2347);
#2350=DIRECTION('',(0.E0,-1.E0,0.E0));
#2351=VECTOR('',#2350,5.420246941918E-1);
#2352=CARTESIAN_POINT('',(3.05304E1,-4.097984045061E1,3.E-2));
#2353=LINE('',#2352,#2351);
#2354=CARTESIAN_POINT('',(3.003412982685E1,-4.141332982685E1,3.E-2));
#2355=DIRECTION('',(0.E0,0.E0,1.E0));
#2356=DIRECTION('',(2.136522006826E-1,-9.769097896651E-1,0.E0));
#2357=AXIS2_PLACEMENT_3D('',#2354,#2355,#2356);
#2359=DIRECTION('',(-1.E0,0.E0,0.E0));
#2360=VECTOR('',#2359,5.651549669846E-1);
#2361=CARTESIAN_POINT('',(3.014266514480E1,-4.19096E1,3.E-2));
#2362=LINE('',#2361,#2360);
#2363=DIRECTION('',(0.E0,0.E0,-1.E0));
#2364=VECTOR('',#2363,3.E-2);
#2365=CARTESIAN_POINT('',(3.05304E1,-4.152186514480E1,3.E-2));
#2366=LINE('',#2365,#2364);
#2367=CARTESIAN_POINT('',(3.047773275094E1,-4.091058091761E1,2.336666249133E0));
#2368=CARTESIAN_POINT('',(3.048355327957E1,-4.095740274213E1,2.323965391743E0));
#2369=CARTESIAN_POINT('',(3.048887015635E1,-4.104483141425E1,2.293447283807E0));
#2370=CARTESIAN_POINT('',(3.048111780155E1,-4.115285706519E1,2.237643140357E0));
#2371=CARTESIAN_POINT('',(3.046676977186E1,-4.121233123671E1,2.195083897134E0));
#2372=CARTESIAN_POINT('',(3.045762778964E1,-4.123866807903E1,2.173478528489E0));
#2374=CARTESIAN_POINT('',(2.95328E1,-4.149190927157E1,2.17E0));
#2375=DIRECTION('',(1.E0,0.E0,0.E0));
#2376=DIRECTION('',(0.E0,0.E0,1.E0));
#2377=AXIS2_PLACEMENT_3D('',#2374,#2375,#2376);
#2379=CARTESIAN_POINT('',(3.093226721247E1,-4.091060164785E1,2.544984302771E0));
#2380=DIRECTION('',(1.719951218217E-1,-9.108132467497E-1,-3.752824371255E-1));
#2381=DIRECTION('',(-9.090687628533E-1,5.024630556515E-6,-4.166461140814E-1));
#2382=AXIS2_PLACEMENT_3D('',#2379,#2380,#2381);
#2384=CARTESIAN_POINT('',(3.088164166933E1,-4.043060056353E1,2.639999007922E0));
#2385=DIRECTION('',(-2.368052075162E-6,-9.999999999969E-1,8.260246391818E-7));
#2386=DIRECTION('',(-8.528124545979E-1,1.588139937668E-6,-5.222173084840E-1));
#2387=AXIS2_PLACEMENT_3D('',#2384,#2385,#2386);
#2389=CARTESIAN_POINT('',(3.051409385289E1,-3.945540990525E1,2.173503008790E0));
#2390=CARTESIAN_POINT('',(3.051386865956E1,-3.950287768652E1,2.199263505013E0));
#2391=CARTESIAN_POINT('',(3.050850963228E1,-3.960715983168E1,2.246531548321E0));
#2392=CARTESIAN_POINT('',(3.049229199282E1,-3.978797917951E1,2.304096285766E0));
#2393=CARTESIAN_POINT('',(3.047253349990E1,-4.000134148171E1,2.349079769600E0));
#2394=CARTESIAN_POINT('',(3.045777309440E1,-4.023285351277E1,2.374872465454E0));
#2395=CARTESIAN_POINT('',(3.045525388814E1,-4.036632718153E1,2.378891167774E0));
#2396=CARTESIAN_POINT('',(3.045523922037E1,-4.043059999992E1,2.378892667311E0));
#2398=CARTESIAN_POINT('',(3.045523922037E1,-4.043059999992E1,2.378892667311E0));
#2399=CARTESIAN_POINT('',(3.045524678446E1,-4.047743669453E1,2.378891912357E0));
#2400=CARTESIAN_POINT('',(3.045665499086E1,-4.057545045145E1,2.376588267721E0));
#2401=CARTESIAN_POINT('',(3.046411044190E1,-4.073556271702E1,2.363991627120E0));
#2402=CARTESIAN_POINT('',(3.047271989891E1,-4.085091032137E1,2.347601301243E0));
#2403=CARTESIAN_POINT('',(3.047773275094E1,-4.091058091761E1,2.336666249133E0));
#2405=CARTESIAN_POINT('',(3.011410927157E1,-4.09106E1,2.17E0));
#2406=DIRECTION('',(0.E0,1.E0,0.E0));
#2407=DIRECTION('',(0.E0,0.E0,1.E0));
#2408=AXIS2_PLACEMENT_3D('',#2405,#2406,#2407);
#2410=CARTESIAN_POINT('',(3.101407462710E1,-3.945539392335E1,2.177844332275E0));
#2411=DIRECTION('',(-6.732091256928E-3,-6.331827487616E-1,7.739730522557E-1));
#2412=DIRECTION('',(-9.999621499724E-1,-3.335760651305E-6,-8.700494899095E-3));
#2413=AXIS2_PLACEMENT_3D('',#2410,#2411,#2412);
#2415=CARTESIAN_POINT('',(3.103203359156E1,-4.043060000020E1,
1.200033837389E-1));
#2416=DIRECTION('',(-4.300651167671E-10,1.E0,4.928058555029E-8));
#2417=DIRECTION('',(-9.999618639824E-1,3.268505362091E-13,-8.733302976082E-3));
#2418=AXIS2_PLACEMENT_3D('',#2415,#2416,#2417);
#2420=CARTESIAN_POINT('',(3.053122371579E1,-4.091064324224E1,
2.106710006708E-1));
#2421=CARTESIAN_POINT('',(3.053140686651E1,-4.085996990754E1,
1.897951161387E-1));
#2422=CARTESIAN_POINT('',(3.053170969287E1,-4.075688433404E1,
1.548995206975E-1));
#2423=CARTESIAN_POINT('',(3.053199043187E1,-4.059404305517E1,
1.226611309401E-1));
#2424=CARTESIAN_POINT('',(3.053205501643E1,-4.048539490144E1,
1.156393033171E-1));
#2425=CARTESIAN_POINT('',(3.053205388493E1,-4.043060000011E1,
1.156367429517E-1));
#2427=CARTESIAN_POINT('',(3.053205388493E1,-4.043060000011E1,
1.156367429517E-1));
#2428=CARTESIAN_POINT('',(3.053205654811E1,-4.036306956049E1,
1.156435716064E-1));
#2429=CARTESIAN_POINT('',(3.053195780497E1,-4.022957803185E1,
1.262960213550E-1));
#2430=CARTESIAN_POINT('',(3.053153585080E1,-4.003082988075E1,
1.749134118825E-1));
#2431=CARTESIAN_POINT('',(3.053083844388E1,-3.984322756448E1,
2.547569925483E-1));
#2432=CARTESIAN_POINT('',(3.052988836636E1,-3.967078392902E1,
3.636442084377E-1));
#2433=CARTESIAN_POINT('',(3.052870742469E1,-3.951797902665E1,
4.989615944051E-1));
#2434=CARTESIAN_POINT('',(3.052732842191E1,-3.938897989606E1,
6.569810494104E-1));
#2435=CARTESIAN_POINT('',(3.052578602152E1,-3.928701782565E1,
8.337222027828E-1));
#2436=CARTESIAN_POINT('',(3.052412071325E1,-3.921479768673E1,1.024547943872E0));
#2437=CARTESIAN_POINT('',(3.052237621201E1,-3.917418531768E1,1.224447152413E0));
#2438=CARTESIAN_POINT('',(3.052059637178E1,-3.916621556968E1,1.428399661084E0));
#2439=CARTESIAN_POINT('',(3.051882963628E1,-3.919114402207E1,1.630836254308E0));
#2440=CARTESIAN_POINT('',(3.051712176541E1,-3.924814659650E1,1.826580824220E0));
#2441=CARTESIAN_POINT('',(3.051550963905E1,-3.933635199646E1,2.011155641147E0));
#2442=CARTESIAN_POINT('',(3.051455251750E1,-3.941264379447E1,2.121220450828E0));
#2443=CARTESIAN_POINT('',(3.051409385289E1,-3.945540990525E1,2.173503008790E0));
#2445=DIRECTION('',(5.316080095790E-8,9.999999999939E-1,-3.506437526691E-6));
#2446=VECTOR('',#2445,3.534809905094E0);
#2447=CARTESIAN_POINT('',(3.051409385289E1,-3.945540990525E1,2.173503008790E0));
#2448=LINE('',#2447,#2446);
#2449=DIRECTION('',(8.726535498371E-3,8.267011272890E-11,-9.999619230642E-1));
#2450=VECTOR('',#2449,2.143572234862E0);
#2451=CARTESIAN_POINT('',(3.051409404080E1,-3.592060000018E1,2.173490614199E0));
#2452=LINE('',#2451,#2450);
#2453=DIRECTION('',(8.724278786380E-3,2.393333196579E-4,-9.999619141143E-1));
#2454=VECTOR('',#2453,1.806778819479E-1);
#2455=CARTESIAN_POINT('',(3.053122371579E1,-4.091064324224E1,
2.106710006708E-1));
#2456=LINE('',#2455,#2454);
#2457=CARTESIAN_POINT('',(3.103120446885E1,-4.091059970860E1,
2.150114360984E-1));
#2458=DIRECTION('',(3.324502453576E-3,9.245895607490E-1,-3.809502485069E-1));
#2459=DIRECTION('',(-9.999619107312E-1,-5.822662366460E-7,-8.727948586531E-3));
#2460=AXIS2_PLACEMENT_3D('',#2457,#2458,#2459);
#2462=CARTESIAN_POINT('',(3.092884684097E1,-4.140580637537E1,2.177853642269E0));
#2463=DIRECTION('',(-2.124816268631E-1,-6.187572463862E-1,-7.563008847610E-1));
#2464=DIRECTION('',(-9.424275460230E-1,3.342965280471E-1,-8.726501745969E-3));
#2465=AXIS2_PLACEMENT_3D('',#2462,#2463,#2464);
#2467=CARTESIAN_POINT('',(3.103120447502E1,-4.072012340891E1,
6.773090311976E-1));
#2468=CARTESIAN_POINT('',(3.103138628772E1,-4.068960906959E1,
6.647373908385E-1));
#2469=CARTESIAN_POINT('',(3.103169265383E1,-4.062694201505E1,
6.435730436624E-1));
#2470=CARTESIAN_POINT('',(3.103197118983E1,-4.052966845722E1,
6.243135869488E-1));
#2471=CARTESIAN_POINT('',(3.103203358943E1,-4.046362906732E1,
6.200017847671E-1));
#2472=CARTESIAN_POINT('',(3.103203362109E1,-4.043060000013E1,
6.200008721986E-1));
#2474=CARTESIAN_POINT('',(3.092884634973E1,-4.101882107274E1,1.861245874179E0));
#2475=CARTESIAN_POINT('',(3.091030869331E1,-4.105137628052E1,1.821453622613E0));
#2476=CARTESIAN_POINT('',(3.087312417956E1,-4.110528396782E1,1.739587928572E0));
#2477=CARTESIAN_POINT('',(3.082804772706E1,-4.115884879088E1,1.610240726337E0));
#2478=CARTESIAN_POINT('',(3.080375397413E1,-4.118536848030E1,1.491120370098E0));
#2479=CARTESIAN_POINT('',(3.079744046404E1,-4.119336575145E1,1.378109162366E0));
#2480=CARTESIAN_POINT('',(3.080826474325E1,-4.118475179474E1,1.264094754622E0));
#2481=CARTESIAN_POINT('',(3.083760209988E1,-4.115690129724E1,1.143728551689E0));
#2482=CARTESIAN_POINT('',(3.088739218995E1,-4.110226720162E1,1.014166064740E0));
#2483=CARTESIAN_POINT('',(3.094791466188E1,-4.101725632446E1,
8.894956773823E-1));
#2484=CARTESIAN_POINT('',(3.099605765889E1,-4.091905986203E1,
7.930119719961E-1));
#2485=CARTESIAN_POINT('',(3.102479711473E1,-4.081845453829E1,
7.229787195318E-1));
#2486=CARTESIAN_POINT('',(3.103100548443E1,-4.075217464965E1,
6.905179266495E-1));
#2487=CARTESIAN_POINT('',(3.103120447502E1,-4.072012340891E1,
6.773090311976E-1));
#2489=CARTESIAN_POINT('',(3.093226759794E1,-4.072012339564E1,2.082690937242E0));
#2490=CARTESIAN_POINT('',(3.094244745318E1,-4.075264593473E1,2.069287565207E0));
#2491=CARTESIAN_POINT('',(3.095718866534E1,-4.081394940061E1,2.038701348141E0));
#2492=CARTESIAN_POINT('',(3.096329974635E1,-4.089294641636E1,1.985559910492E0));
#2493=CARTESIAN_POINT('',(3.095460623404E1,-4.096189267893E1,1.925868989036E0));
#2494=CARTESIAN_POINT('',(3.093901227805E1,-4.100094114719E1,1.883102631938E0));
#2495=CARTESIAN_POINT('',(3.092884634973E1,-4.101882107274E1,1.861245874179E0));
#2497=CARTESIAN_POINT('',(3.088163777266E1,-4.04306E1,2.139999430062E0));
#2498=CARTESIAN_POINT('',(3.088164501950E1,-4.045920916338E1,2.139998842602E0));
#2499=CARTESIAN_POINT('',(3.088497780559E1,-4.051935024032E1,2.136756035562E0));
#2500=CARTESIAN_POINT('',(3.090201580501E1,-4.061633753707E1,2.119355190285E0));
#2501=CARTESIAN_POINT('',(3.092132051299E1,-4.068515001591E1,2.097100733182E0));
#2502=CARTESIAN_POINT('',(3.093226759794E1,-4.072012339564E1,2.082690937242E0));
#2504=DIRECTION('',(-1.E0,-1.363585222505E-12,-3.152027052231E-7));
#2505=VECTOR('',#2504,1.808162227336E0);
#2506=CARTESIAN_POINT('',(3.26898E1,-4.04306E1,2.14E0));
#2507=LINE('',#2506,#2505);
#2508=CARTESIAN_POINT('',(3.26898E1,-4.04306E1,1.38E0));
#2509=DIRECTION('',(1.E0,0.E0,0.E0));
#2510=DIRECTION('',(0.E0,0.E0,1.E0));
#2511=AXIS2_PLACEMENT_3D('',#2508,#2509,#2510);
#2513=CARTESIAN_POINT('',(3.103203362109E1,-4.043060000013E1,
6.200008721986E-1));
#2514=CARTESIAN_POINT('',(3.103203352414E1,-4.038292413586E1,
6.200036690412E-1));
#2515=CARTESIAN_POINT('',(3.103190342840E1,-4.028758419478E1,
6.289994356486E-1));
#2516=CARTESIAN_POINT('',(3.103132497891E1,-4.014968944257E1,
6.689847037033E-1));
#2517=CARTESIAN_POINT('',(3.103038316376E1,-4.002165515694E1,
7.340766051174E-1));
#2518=CARTESIAN_POINT('',(3.102911247207E1,-3.990812747158E1,
8.219064538290E-1));
#2519=CARTESIAN_POINT('',(3.102755719457E1,-3.981302015056E1,
9.294000509940E-1));
#2520=CARTESIAN_POINT('',(3.102577275278E1,-3.973970525081E1,1.052733591456E0));
#2521=CARTESIAN_POINT('',(3.102382216196E1,-3.969073348357E1,1.187551354834E0));
#2522=CARTESIAN_POINT('',(3.102177308150E1,-3.966780475777E1,1.329170046904E0));
#2523=CARTESIAN_POINT('',(3.101969802379E1,-3.967173658169E1,1.472600568621E0));
#2524=CARTESIAN_POINT('',(3.101766832826E1,-3.970243603402E1,1.612864486319E0));
#2525=CARTESIAN_POINT('',(3.101575897432E1,-3.975879233558E1,1.744865902475E0));
#2526=CARTESIAN_POINT('',(3.101460873170E1,-3.981219505903E1,1.824343773356E0));
#2527=CARTESIAN_POINT('',(3.101407500234E1,-3.984238120467E1,1.861244010504E0));
#2529=DIRECTION('',(-9.999999999999E-1,-7.717204378209E-11,5.261287890367E-7));
#2530=VECTOR('',#2529,1.657766378908E0);
#2531=CARTESIAN_POINT('',(3.26898E1,-4.04306E1,6.2E-1));
#2532=LINE('',#2531,#2530);
#2533=CARTESIAN_POINT('',(3.26898E1,-4.04306E1,1.38E0));
#2534=DIRECTION('',(1.E0,0.E0,0.E0));
#2535=DIRECTION('',(0.E0,0.E0,-1.E0));
#2536=AXIS2_PLACEMENT_3D('',#2533,#2534,#2535);
#2538=CARTESIAN_POINT('',(3.101407500234E1,-3.984238120467E1,1.861244010504E0));
#2539=CARTESIAN_POINT('',(3.101372973657E1,-3.986178775270E1,1.884961281812E0));
#2540=CARTESIAN_POINT('',(3.100777063558E1,-3.990589326351E1,1.932954502652E0));
#2541=CARTESIAN_POINT('',(3.098380096712E1,-3.998871305700E1,2.001853594469E0));
#2542=CARTESIAN_POINT('',(3.094716899169E1,-4.009313692685E1,2.064974786941E0));
#2543=CARTESIAN_POINT('',(3.090928411564E1,-4.021323036293E1,2.111788699812E0));
#2544=CARTESIAN_POINT('',(3.088610097395E1,-4.032761612687E1,2.135672515404E0));
#2545=CARTESIAN_POINT('',(3.088164900270E1,-4.039757951137E1,2.139998530771E0));
#2546=CARTESIAN_POINT('',(3.088163777266E1,-4.04306E1,2.139999430062E0));
#2548=CARTESIAN_POINT('',(3.26898E1,-4.04306E1,1.38E0));
#2549=DIRECTION('',(1.E0,0.E0,0.E0));
#2550=DIRECTION('',(0.E0,0.E0,-1.E0));
#2551=AXIS2_PLACEMENT_3D('',#2548,#2549,#2550);
#2553=CARTESIAN_POINT('',(3.26898E1,-4.04306E1,1.38E0));
#2554=DIRECTION('',(-1.E0,0.E0,0.E0));
#2555=DIRECTION('',(0.E0,0.E0,-1.E0));
#2556=AXIS2_PLACEMENT_3D('',#2553,#2554,#2555);
#2558=CARTESIAN_POINT('',(3.288977749873E1,-4.04306E1,6.15E-1));
#2559=DIRECTION('',(0.E0,1.E0,0.E0));
#2560=DIRECTION('',(2.438957463866E-1,0.E0,-9.698014564304E-1));
#2561=AXIS2_PLACEMENT_3D('',#2558,#2559,#2560);
#2563=CARTESIAN_POINT('',(3.293855664801E1,-4.04306E1,1.38E0));
#2564=DIRECTION('',(1.E0,0.E0,0.E0));
#2565=DIRECTION('',(0.E0,0.E0,-1.E0));
#2566=AXIS2_PLACEMENT_3D('',#2563,#2564,#2565);
#2568=CARTESIAN_POINT('',(3.288977749873E1,-4.04306E1,2.145E0));
#2569=DIRECTION('',(0.E0,-1.E0,0.E0));
#2570=DIRECTION('',(2.438957463866E-1,0.E0,9.698014564304E-1));
#2571=AXIS2_PLACEMENT_3D('',#2568,#2569,#2570);
#2573=CARTESIAN_POINT('',(3.293855664801E1,-4.04306E1,1.38E0));
#2574=DIRECTION('',(-1.E0,0.E0,0.E0));
#2575=DIRECTION('',(0.E0,0.E0,-1.E0));
#2576=AXIS2_PLACEMENT_3D('',#2573,#2574,#2575);
#2578=CARTESIAN_POINT('',(3.37098E1,-4.04306E1,1.38E0));
#2579=DIRECTION('',(-1.E0,0.E0,0.E0));
#2580=DIRECTION('',(0.E0,0.E0,-1.E0));
#2581=AXIS2_PLACEMENT_3D('',#2578,#2579,#2580);
#2583=DIRECTION('',(-9.698014564304E-1,0.E0,-2.438957463866E-1));
#2584=VECTOR('',#2583,7.952590160332E-1);
#2585=CARTESIAN_POINT('',(3.37098E1,-4.04306E1,6.15E-1));
#2586=LINE('',#2585,#2584);
#2587=CARTESIAN_POINT('',(3.37098E1,-4.04306E1,1.38E0));
#2588=DIRECTION('',(1.E0,0.E0,0.E0));
#2589=DIRECTION('',(0.E0,0.E0,-1.E0));
#2590=AXIS2_PLACEMENT_3D('',#2587,#2588,#2589);
#2592=DIRECTION('',(-9.698014564304E-1,0.E0,2.438957463866E-1));
#2593=VECTOR('',#2592,7.952590160332E-1);
#2594=CARTESIAN_POINT('',(3.37098E1,-4.04306E1,2.145E0));
#2595=LINE('',#2594,#2593);
#2596=CARTESIAN_POINT('',(3.37098E1,-4.04306E1,1.38E0));
#2597=DIRECTION('',(-1.E0,0.E0,0.E0));
#2598=DIRECTION('',(0.E0,0.E0,-1.E0));
#2599=AXIS2_PLACEMENT_3D('',#2596,#2597,#2598);
#2601=CARTESIAN_POINT('',(3.37098E1,-4.04306E1,1.38E0));
#2602=DIRECTION('',(-1.E0,0.E0,0.E0));
#2603=DIRECTION('',(0.E0,0.E0,1.E0));
#2604=AXIS2_PLACEMENT_3D('',#2601,#2602,#2603);
#2606=CARTESIAN_POINT('',(3.17348E1,-4.04306E1,1.38E0));
#2607=DIRECTION('',(-1.E0,0.E0,0.E0));
#2608=DIRECTION('',(0.E0,0.E0,-1.E0));
#2609=AXIS2_PLACEMENT_3D('',#2606,#2607,#2608);
#2611=CARTESIAN_POINT('',(3.17348E1,-4.04306E1,1.38E0));
#2612=DIRECTION('',(-1.E0,0.E0,0.E0));
#2613=DIRECTION('',(0.E0,0.E0,1.E0));
#2614=AXIS2_PLACEMENT_3D('',#2611,#2612,#2613);
#2616=DIRECTION('',(-9.993908270191E-1,0.E0,-3.489949670250E-2));
#2617=VECTOR('',#2616,1.976203849990E0);
#2618=CARTESIAN_POINT('',(3.37098E1,-4.04306E1,1.89E0));
#2619=LINE('',#2618,#2617);
#2620=DIRECTION('',(-9.993908270191E-1,0.E0,3.489949670250E-2));
#2621=VECTOR('',#2620,1.976203849990E0);
#2622=CARTESIAN_POINT('',(3.37098E1,-4.04306E1,8.7E-1));
#2623=LINE('',#2622,#2621);
#2624=DIRECTION('',(0.E0,1.E0,0.E0));
#2625=VECTOR('',#2624,4.99E0);
#2626=CARTESIAN_POINT('',(3.011410927157E1,-4.09106E1,2.57E0));
#2627=LINE('',#2626,#2625);
#2628=CARTESIAN_POINT('',(2.95328E1,-4.09106E1,2.57E0));
#2629=DIRECTION('',(0.E0,0.E0,1.E0));
#2630=DIRECTION('',(0.E0,-1.E0,0.E0));
#2631=AXIS2_PLACEMENT_3D('',#2628,#2629,#2630);
#2633=DIRECTION('',(1.E0,0.E0,0.E0));
#2634=VECTOR('',#2633,7.4E0);
#2635=CARTESIAN_POINT('',(2.21328E1,-4.149190927157E1,2.57E0));
#2636=LINE('',#2635,#2634);
#2637=CARTESIAN_POINT('',(2.21328E1,-4.09106E1,2.57E0));
#2638=DIRECTION('',(0.E0,0.E0,1.E0));
#2639=DIRECTION('',(-1.E0,0.E0,0.E0));
#2640=AXIS2_PLACEMENT_3D('',#2637,#2638,#2639);
#2642=DIRECTION('',(0.E0,-1.E0,0.E0));
#2643=VECTOR('',#2642,4.99E0);
#2644=CARTESIAN_POINT('',(2.155149072843E1,-3.59206E1,2.57E0));
#2645=LINE('',#2644,#2643);
#2646=CARTESIAN_POINT('',(2.21328E1,-3.59206E1,2.57E0));
#2647=DIRECTION('',(0.E0,0.E0,1.E0));
#2648=DIRECTION('',(0.E0,1.E0,0.E0));
#2649=AXIS2_PLACEMENT_3D('',#2646,#2647,#2648);
#2651=DIRECTION('',(-1.E0,0.E0,0.E0));
#2652=VECTOR('',#2651,7.4E0);
#2653=CARTESIAN_POINT('',(2.95328E1,-3.533929072843E1,2.57E0));
#2654=LINE('',#2653,#2652);
#2655=CARTESIAN_POINT('',(2.95328E1,-3.59206E1,2.57E0));
#2656=DIRECTION('',(0.E0,0.E0,1.E0));
#2657=DIRECTION('',(1.E0,0.E0,0.E0));
#2658=AXIS2_PLACEMENT_3D('',#2655,#2656,#2657);
#2660=CARTESIAN_POINT('',(2.21328E1,-4.149190927157E1,2.17E0));
#2661=DIRECTION('',(1.E0,0.E0,0.E0));
#2662=DIRECTION('',(0.E0,0.E0,1.E0));
#2663=AXIS2_PLACEMENT_3D('',#2660,#2661,#2662);
#2665=CARTESIAN_POINT('',(2.155149072843E1,-4.09106E1,2.17E0));
#2666=DIRECTION('',(0.E0,-1.E0,0.E0));
#2667=DIRECTION('',(0.E0,0.E0,1.E0));
#2668=AXIS2_PLACEMENT_3D('',#2665,#2666,#2667);
#2670=CARTESIAN_POINT('',(2.155149072843E1,-3.59206E1,2.17E0));
#2671=DIRECTION('',(0.E0,-1.E0,0.E0));
#2672=DIRECTION('',(0.E0,0.E0,1.E0));
#2673=AXIS2_PLACEMENT_3D('',#2670,#2671,#2672);
#2675=CARTESIAN_POINT('',(2.21328E1,-3.533929072843E1,2.17E0));
#2676=DIRECTION('',(-1.E0,0.E0,0.E0));
#2677=DIRECTION('',(0.E0,0.E0,1.E0));
#2678=AXIS2_PLACEMENT_3D('',#2675,#2676,#2677);
#2680=CARTESIAN_POINT('',(2.95328E1,-3.533929072843E1,2.17E0));
#2681=DIRECTION('',(-1.E0,0.E0,0.E0));
#2682=DIRECTION('',(0.E0,0.E0,1.E0));
#2683=AXIS2_PLACEMENT_3D('',#2680,#2681,#2682);
#2685=DIRECTION('',(-1.E0,0.E0,1.200241107739E-14));
#2686=VECTOR('',#2685,7.399999999777E0);
#2687=CARTESIAN_POINT('',(2.953279999995E1,-3.493930595920E1,2.173490614199E0));
#2688=LINE('',#2687,#2686);
#2689=DIRECTION('',(-8.267011272890E-11,8.726535498374E-3,-9.999619230642E-1));
#2690=VECTOR('',#2689,2.143572234862E0);
#2691=CARTESIAN_POINT('',(2.213280000018E1,-3.493930595920E1,2.173490614199E0));
#2692=LINE('',#2691,#2690);
#2693=DIRECTION('',(2.155256908434E-11,8.726535498374E-3,-9.999619230642E-1));
#2694=VECTOR('',#2693,2.143572234862E0);
#2695=CARTESIAN_POINT('',(2.953279999995E1,-3.493930595920E1,2.173490614199E0));
#2696=LINE('',#2695,#2694);
#2697=CARTESIAN_POINT('',(3.011410927157E1,-3.59206E1,2.17E0));
#2698=DIRECTION('',(0.E0,1.E0,0.E0));
#2699=DIRECTION('',(0.E0,0.E0,1.E0));
#2700=AXIS2_PLACEMENT_3D('',#2697,#2698,#2699);
#2702=CARTESIAN_POINT('',(2.08788E1,-4.4577E1,0.E0));
#2703=CARTESIAN_POINT('',(2.08788E1,-3.4671E1,0.E0));
#2704=VERTEX_POINT('',#2702);
#2705=VERTEX_POINT('',#2703);
#2706=CARTESIAN_POINT('',(3.07848E1,-3.4671E1,0.E0));
#2707=VERTEX_POINT('',#2706);
#2708=CARTESIAN_POINT('',(3.07848E1,-4.4577E1,0.E0));
#2709=VERTEX_POINT('',#2708);
#2710=CARTESIAN_POINT('',(2.08788E1,-4.4577E1,-1.02E0));
#2711=CARTESIAN_POINT('',(2.08788E1,-3.4671E1,-1.02E0));
#2712=VERTEX_POINT('',#2710);
#2713=VERTEX_POINT('',#2711);
#2714=CARTESIAN_POINT('',(3.07848E1,-3.4671E1,-1.02E0));
#2715=VERTEX_POINT('',#2714);
#2716=CARTESIAN_POINT('',(3.07848E1,-4.4577E1,-1.02E0));
#2717=VERTEX_POINT('',#2716);
#2718=CARTESIAN_POINT('',(2.11332E1,-4.152186514480E1,3.E-2));
#2719=CARTESIAN_POINT('',(2.152093485520E1,-4.19096E1,3.E-2));
#2720=VERTEX_POINT('',#2718);
#2721=VERTEX_POINT('',#2719);
#2722=CARTESIAN_POINT('',(2.152093485520E1,-3.49254E1,3.E-2));
#2723=CARTESIAN_POINT('',(2.11332E1,-3.531313485520E1,3.E-2));
#2724=VERTEX_POINT('',#2722);
#2725=VERTEX_POINT('',#2723);
#2726=CARTESIAN_POINT('',(3.05304E1,-3.531313485520E1,3.E-2));
#2727=CARTESIAN_POINT('',(3.014266514480E1,-3.49254E1,3.E-2));
#2728=VERTEX_POINT('',#2726);
#2729=VERTEX_POINT('',#2727);
#2730=CARTESIAN_POINT('',(3.014266514480E1,-4.19096E1,3.E-2));
#2731=CARTESIAN_POINT('',(3.05304E1,-4.152186514480E1,3.E-2));
#2732=VERTEX_POINT('',#2730);
#2733=VERTEX_POINT('',#2731);
#2734=CARTESIAN_POINT('',(3.014266514480E1,-4.19096E1,0.E0));
#2735=CARTESIAN_POINT('',(2.152093485520E1,-4.19096E1,0.E0));
#2736=VERTEX_POINT('',#2734);
#2737=VERTEX_POINT('',#2735);
#2738=CARTESIAN_POINT('',(2.11332E1,-4.152186514480E1,0.E0));
#2739=CARTESIAN_POINT('',(2.11332E1,-3.531313485520E1,0.E0));
#2740=VERTEX_POINT('',#2738);
#2741=VERTEX_POINT('',#2739);
#2742=CARTESIAN_POINT('',(2.152093485520E1,-3.49254E1,0.E0));
#2743=CARTESIAN_POINT('',(3.014266514480E1,-3.49254E1,0.E0));
#2744=VERTEX_POINT('',#2742);
#2745=VERTEX_POINT('',#2743);
#2746=CARTESIAN_POINT('',(3.05304E1,-3.531313485520E1,0.E0));
#2747=CARTESIAN_POINT('',(3.05304E1,-4.152186514480E1,0.E0));
#2748=VERTEX_POINT('',#2746);
#2749=VERTEX_POINT('',#2747);
#2750=CARTESIAN_POINT('',(3.05328E1,-3.59206E1,3.E-2));
#2751=CARTESIAN_POINT('',(3.05328E1,-4.09106E1,3.E-2));
#2752=VERTEX_POINT('',#2750);
#2753=VERTEX_POINT('',#2751);
#2754=CARTESIAN_POINT('',(2.21328E1,-3.49206E1,3.E-2));
#2755=CARTESIAN_POINT('',(2.95328E1,-3.49206E1,3.E-2));
#2756=VERTEX_POINT('',#2754);
#2757=VERTEX_POINT('',#2755);
#2758=CARTESIAN_POINT('',(3.37098E1,-4.04306E1,6.15E-1));
#2759=CARTESIAN_POINT('',(3.293855664801E1,-4.04306E1,4.210397087139E-1));
#2760=VERTEX_POINT('',#2758);
#2761=VERTEX_POINT('',#2759);
#2762=CARTESIAN_POINT('',(3.26898E1,-4.04306E1,6.18E-1));
#2763=VERTEX_POINT('',#2762);
#2764=CARTESIAN_POINT('',(3.37098E1,-4.04306E1,2.145E0));
#2765=CARTESIAN_POINT('',(3.293855664801E1,-4.04306E1,2.338960291286E0));
#2766=VERTEX_POINT('',#2764);
#2767=VERTEX_POINT('',#2765);
#2768=CARTESIAN_POINT('',(3.26898E1,-4.04306E1,2.142E0));
#2769=VERTEX_POINT('',#2768);
#2770=CARTESIAN_POINT('',(3.37098E1,-4.04306E1,8.7E-1));
#2771=CARTESIAN_POINT('',(3.37098E1,-4.04306E1,1.89E0));
#2772=VERTEX_POINT('',#2770);
#2773=VERTEX_POINT('',#2771);
#2774=CARTESIAN_POINT('',(3.26898E1,-4.04306E1,2.14E0));
#2775=CARTESIAN_POINT('',(3.26898E1,-4.04306E1,6.2E-1));
#2776=VERTEX_POINT('',#2774);
#2777=VERTEX_POINT('',#2775);
#2778=CARTESIAN_POINT('',(3.011410927157E1,-4.09106E1,2.57E0));
#2779=CARTESIAN_POINT('',(3.011410927157E1,-3.59206E1,2.57E0));
#2780=VERTEX_POINT('',#2778);
#2781=VERTEX_POINT('',#2779);
#2782=CARTESIAN_POINT('',(2.95328E1,-4.149190927157E1,2.57E0));
#2783=VERTEX_POINT('',#2782);
#2784=CARTESIAN_POINT('',(2.21328E1,-4.149190927157E1,2.57E0));
#2785=VERTEX_POINT('',#2784);
#2786=CARTESIAN_POINT('',(2.213280000005E1,-4.189189404080E1,2.173490614199E0));
#2787=CARTESIAN_POINT('',(2.953279999982E1,-4.189189404080E1,2.173490614199E0));
#2788=VERTEX_POINT('',#2786);
#2789=VERTEX_POINT('',#2787);
#2790=CARTESIAN_POINT('',(2.155149072843E1,-4.09106E1,2.57E0));
#2791=VERTEX_POINT('',#2790);
#2792=CARTESIAN_POINT('',(2.115150595920E1,-4.09106E1,2.173490614199E0));
#2793=VERTEX_POINT('',#2792);
#2794=CARTESIAN_POINT('',(2.155149072843E1,-3.59206E1,2.57E0));
#2795=VERTEX_POINT('',#2794);
#2796=CARTESIAN_POINT('',(2.115150595920E1,-3.592060000005E1,2.173490614199E0));
#2797=VERTEX_POINT('',#2796);
#2798=CARTESIAN_POINT('',(2.21328E1,-3.533929072843E1,2.57E0));
#2799=VERTEX_POINT('',#2798);
#2800=CARTESIAN_POINT('',(2.21328E1,-3.493930595920E1,2.173490614199E0));
#2801=VERTEX_POINT('',#2800);
#2802=CARTESIAN_POINT('',(2.95328E1,-3.533929072843E1,2.57E0));
#2803=VERTEX_POINT('',#2802);
#2804=CARTESIAN_POINT('',(2.953279999995E1,-3.493930595920E1,2.173490614199E0));
#2805=VERTEX_POINT('',#2804);
#2806=CARTESIAN_POINT('',(3.051409404080E1,-3.59206E1,2.173490614199E0));
#2807=VERTEX_POINT('',#2806);
#2808=VERTEX_POINT('',#2420);
#2809=VERTEX_POINT('',#2425);
#2810=VERTEX_POINT('',#2467);
#2811=VERTEX_POINT('',#2472);
#2812=VERTEX_POINT('',#2443);
#2813=VERTEX_POINT('',#2527);
#2814=VERTEX_POINT('',#2396);
#2815=VERTEX_POINT('',#2546);
#2816=VERTEX_POINT('',#2403);
#2817=VERTEX_POINT('',#2502);
#2818=VERTEX_POINT('',#2372);
#2819=VERTEX_POINT('',#2495);
#2820=CARTESIAN_POINT('',(2.113293333333E1,-4.09106E1,3.E-2));
#2821=CARTESIAN_POINT('',(2.113293333333E1,-3.59206E1,3.E-2));
#2822=VERTEX_POINT('',#2820);
#2823=VERTEX_POINT('',#2821);
#2824=CARTESIAN_POINT('',(2.95328E1,-4.191026666667E1,3.E-2));
#2825=CARTESIAN_POINT('',(2.21328E1,-4.191026666667E1,3.E-2));
#2826=VERTEX_POINT('',#2824);
#2827=VERTEX_POINT('',#2825);
#2828=CARTESIAN_POINT('',(2.963066194357E1,-3.49254E1,3.E-2));
#2829=CARTESIAN_POINT('',(3.05304E1,-3.585135954939E1,3.E-2));
#2830=VERTEX_POINT('',#2828);
#2831=VERTEX_POINT('',#2829);
#2832=VERTEX_POINT('',#2214);
#2833=CARTESIAN_POINT('',(2.203493805643E1,-3.49254E1,3.E-2));
#2834=VERTEX_POINT('',#2833);
#2835=VERTEX_POINT('',#2155);
#2836=CARTESIAN_POINT('',(2.11332E1,-4.093888144268E1,3.E-2));
#2837=VERTEX_POINT('',#2836);
#2838=CARTESIAN_POINT('',(3.05304E1,-4.097984045061E1,3.E-2));
#2839=CARTESIAN_POINT('',(2.957751017781E1,-4.19096E1,3.E-2));
#2840=VERTEX_POINT('',#2838);
#2841=VERTEX_POINT('',#2839);
#2842=CARTESIAN_POINT('',(2.11332E1,-3.531313485520E1,-1.05E0));
#2843=CARTESIAN_POINT('',(2.152093485520E1,-3.49254E1,-1.05E0));
#2844=VERTEX_POINT('',#2842);
#2845=VERTEX_POINT('',#2843);
#2846=CARTESIAN_POINT('',(2.152093485520E1,-4.19096E1,-1.05E0));
#2847=CARTESIAN_POINT('',(2.11332E1,-4.152186514480E1,-1.05E0));
#2848=VERTEX_POINT('',#2846);
#2849=VERTEX_POINT('',#2847);
#2850=CARTESIAN_POINT('',(3.05304E1,-4.152186514480E1,-1.05E0));
#2851=CARTESIAN_POINT('',(3.014266514480E1,-4.19096E1,-1.05E0));
#2852=VERTEX_POINT('',#2850);
#2853=VERTEX_POINT('',#2851);
#2854=CARTESIAN_POINT('',(3.014266514480E1,-3.49254E1,-1.05E0));
#2855=CARTESIAN_POINT('',(3.05304E1,-3.531313485520E1,-1.05E0));
#2856=VERTEX_POINT('',#2854);
#2857=VERTEX_POINT('',#2855);
#2858=CARTESIAN_POINT('',(3.014266514480E1,-3.49254E1,-1.02E0));
#2859=CARTESIAN_POINT('',(2.152093485520E1,-3.49254E1,-1.02E0));
#2860=VERTEX_POINT('',#2858);
#2861=VERTEX_POINT('',#2859);
#2862=CARTESIAN_POINT('',(2.11332E1,-3.531313485520E1,-1.02E0));
#2863=CARTESIAN_POINT('',(2.11332E1,-4.152186514480E1,-1.02E0));
#2864=VERTEX_POINT('',#2862);
#2865=VERTEX_POINT('',#2863);
#2866=CARTESIAN_POINT('',(2.152093485520E1,-4.19096E1,-1.02E0));
#2867=CARTESIAN_POINT('',(3.014266514480E1,-4.19096E1,-1.02E0));
#2868=VERTEX_POINT('',#2866);
#2869=VERTEX_POINT('',#2867);
#2870=CARTESIAN_POINT('',(3.05304E1,-4.152186514480E1,-1.02E0));
#2871=CARTESIAN_POINT('',(3.05304E1,-3.531313485520E1,-1.02E0));
#2872=VERTEX_POINT('',#2870);
#2873=VERTEX_POINT('',#2871);
#2874=CARTESIAN_POINT('',(3.05328E1,-4.09114E1,-1.05E0));
#2875=CARTESIAN_POINT('',(3.05328E1,-3.59214E1,-1.05E0));
#2876=VERTEX_POINT('',#2874);
#2877=VERTEX_POINT('',#2875);
#2878=CARTESIAN_POINT('',(2.95328E1,-3.49214E1,-1.05E0));
#2879=CARTESIAN_POINT('',(2.21328E1,-3.49214E1,-1.05E0));
#2880=VERTEX_POINT('',#2878);
#2881=VERTEX_POINT('',#2879);
#2882=CARTESIAN_POINT('',(2.21328E1,-4.19114E1,-1.05E0));
#2883=CARTESIAN_POINT('',(2.95328E1,-4.19114E1,-1.05E0));
#2884=VERTEX_POINT('',#2882);
#2885=VERTEX_POINT('',#2883);
#2886=CARTESIAN_POINT('',(3.37098E1,-3.64014E1,-1.635E0));
#2887=CARTESIAN_POINT('',(3.293855664801E1,-3.64014E1,-1.441039708714E0));
#2888=VERTEX_POINT('',#2886);
#2889=VERTEX_POINT('',#2887);
#2890=CARTESIAN_POINT('',(3.26898E1,-3.64014E1,-1.638E0));
#2891=VERTEX_POINT('',#2890);
#2892=CARTESIAN_POINT('',(3.37098E1,-3.64014E1,-3.165E0));
#2893=CARTESIAN_POINT('',(3.293855664801E1,-3.64014E1,-3.358960291286E0));
#2894=VERTEX_POINT('',#2892);
#2895=VERTEX_POINT('',#2893);
#2896=CARTESIAN_POINT('',(3.26898E1,-3.64014E1,-3.162E0));
#2897=VERTEX_POINT('',#2896);
#2898=CARTESIAN_POINT('',(3.37098E1,-3.64014E1,-1.89E0));
#2899=CARTESIAN_POINT('',(3.37098E1,-3.64014E1,-2.91E0));
#2900=VERTEX_POINT('',#2898);
#2901=VERTEX_POINT('',#2899);
#2902=CARTESIAN_POINT('',(3.26898E1,-3.64014E1,-3.16E0));
#2903=CARTESIAN_POINT('',(3.26898E1,-3.64014E1,-1.64E0));
#2904=VERTEX_POINT('',#2902);
#2905=VERTEX_POINT('',#2903);
#2906=CARTESIAN_POINT('',(3.011410927157E1,-3.59214E1,-3.59E0));
#2907=CARTESIAN_POINT('',(3.011410927157E1,-4.09114E1,-3.59E0));
#2908=VERTEX_POINT('',#2906);
#2909=VERTEX_POINT('',#2907);
#2910=CARTESIAN_POINT('',(2.95328E1,-3.534009072843E1,-3.59E0));
#2911=VERTEX_POINT('',#2910);
#2912=CARTESIAN_POINT('',(2.21328E1,-3.534009072843E1,-3.59E0));
#2913=VERTEX_POINT('',#2912);
#2914=CARTESIAN_POINT('',(2.213280000005E1,-3.494010595920E1,
-3.193490614199E0));
#2915=CARTESIAN_POINT('',(2.953279999982E1,-3.494010595920E1,
-3.193490614199E0));
#2916=VERTEX_POINT('',#2914);
#2917=VERTEX_POINT('',#2915);
#2918=CARTESIAN_POINT('',(2.155149072843E1,-3.59214E1,-3.59E0));
#2919=VERTEX_POINT('',#2918);
#2920=CARTESIAN_POINT('',(2.115150595920E1,-3.59214E1,-3.193490614199E0));
#2921=VERTEX_POINT('',#2920);
#2922=CARTESIAN_POINT('',(2.155149072843E1,-4.09114E1,-3.59E0));
#2923=VERTEX_POINT('',#2922);
#2924=CARTESIAN_POINT('',(2.115150595920E1,-4.091139999995E1,
-3.193490614199E0));
#2925=VERTEX_POINT('',#2924);
#2926=CARTESIAN_POINT('',(2.21328E1,-4.149270927157E1,-3.59E0));
#2927=VERTEX_POINT('',#2926);
#2928=CARTESIAN_POINT('',(2.21328E1,-4.189269404080E1,-3.193490614199E0));
#2929=VERTEX_POINT('',#2928);
#2930=CARTESIAN_POINT('',(2.95328E1,-4.149270927157E1,-3.59E0));
#2931=VERTEX_POINT('',#2930);
#2932=CARTESIAN_POINT('',(2.953279999995E1,-4.189269404080E1,
-3.193490614199E0));
#2933=VERTEX_POINT('',#2932);
#2934=CARTESIAN_POINT('',(3.051409404080E1,-4.09114E1,-3.193490614199E0));
#2935=VERTEX_POINT('',#2934);
#2936=VERTEX_POINT('',#1873);
#2937=VERTEX_POINT('',#1878);
#2938=VERTEX_POINT('',#1942);
#2939=VERTEX_POINT('',#1947);
#2940=VERTEX_POINT('',#1896);
#2941=VERTEX_POINT('',#2003);
#2942=VERTEX_POINT('',#1849);
#2943=VERTEX_POINT('',#2022);
#2944=VERTEX_POINT('',#1856);
#2945=VERTEX_POINT('',#1978);
#2946=VERTEX_POINT('',#1930);
#2947=VERTEX_POINT('',#1971);
#2948=CARTESIAN_POINT('',(2.113293333333E1,-3.59214E1,-1.05E0));
#2949=CARTESIAN_POINT('',(2.113293333333E1,-4.09114E1,-1.05E0));
#2950=VERTEX_POINT('',#2948);
#2951=VERTEX_POINT('',#2949);
#2952=CARTESIAN_POINT('',(2.959277299392E1,-4.19096E1,-1.05E0));
#2953=CARTESIAN_POINT('',(3.05304E1,-4.098064045061E1,-1.05E0));
#2954=VERTEX_POINT('',#2952);
#2955=VERTEX_POINT('',#2953);
#2956=VERTEX_POINT('',#1636);
#2957=CARTESIAN_POINT('',(2.207282700608E1,-4.19096E1,-1.05E0));
#2958=VERTEX_POINT('',#2957);
#2959=CARTESIAN_POINT('',(2.204344676839E1,-3.49254E1,-1.05E0));
#2960=CARTESIAN_POINT('',(2.11332E1,-3.589311855732E1,-1.05E0));
#2961=VERTEX_POINT('',#2959);
#2962=VERTEX_POINT('',#2960);
#2963=CARTESIAN_POINT('',(3.05304E1,-3.585215954939E1,-1.05E0));
#2964=CARTESIAN_POINT('',(2.962215323161E1,-3.49254E1,-1.05E0));
#2965=VERTEX_POINT('',#2963);
#2966=VERTEX_POINT('',#2964);
#2967=CARTESIAN_POINT('',(2.9897E1,-4.5845E1,0.E0));
#2968=CARTESIAN_POINT('',(3.0277E1,-4.5465E1,0.E0));
#2969=VERTEX_POINT('',#2967);
#2970=VERTEX_POINT('',#2968);
#2971=CARTESIAN_POINT('',(2.9007E1,-4.5465E1,0.E0));
#2972=CARTESIAN_POINT('',(2.9387E1,-4.5845E1,0.E0));
#2973=VERTEX_POINT('',#2971);
#2974=VERTEX_POINT('',#2972);
#2975=CARTESIAN_POINT('',(2.4817E1,-4.5845E1,0.E0));
#2976=CARTESIAN_POINT('',(2.5197E1,-4.5465E1,0.E0));
#2977=VERTEX_POINT('',#2975);
#2978=VERTEX_POINT('',#2976);
#2979=CARTESIAN_POINT('',(2.3927E1,-4.5465E1,0.E0));
#2980=CARTESIAN_POINT('',(2.4307E1,-4.5845E1,0.E0));
#2981=VERTEX_POINT('',#2979);
#2982=VERTEX_POINT('',#2980);
#2983=CARTESIAN_POINT('',(2.9897E1,-4.5845E1,2.5E-1));
#2984=CARTESIAN_POINT('',(3.0277E1,-4.5465E1,2.5E-1));
#2985=VERTEX_POINT('',#2983);
#2986=VERTEX_POINT('',#2984);
#2987=CARTESIAN_POINT('',(3.0277E1,-4.2925E1,2.5E-1));
#2988=VERTEX_POINT('',#2987);
#2989=CARTESIAN_POINT('',(2.9007E1,-4.2925E1,2.5E-1));
#2990=CARTESIAN_POINT('',(2.9007E1,-4.5465E1,2.5E-1));
#2991=VERTEX_POINT('',#2989);
#2992=VERTEX_POINT('',#2990);
#2993=CARTESIAN_POINT('',(2.9387E1,-4.5845E1,2.5E-1));
#2994=VERTEX_POINT('',#2993);
#2995=CARTESIAN_POINT('',(2.4817E1,-4.5845E1,2.5E-1));
#2996=CARTESIAN_POINT('',(2.5197E1,-4.5465E1,2.5E-1));
#2997=VERTEX_POINT('',#2995);
#2998=VERTEX_POINT('',#2996);
#2999=CARTESIAN_POINT('',(2.5197E1,-4.2925E1,2.5E-1));
#3000=VERTEX_POINT('',#2999);
#3001=CARTESIAN_POINT('',(2.3927E1,-4.2925E1,2.5E-1));
#3002=CARTESIAN_POINT('',(2.3927E1,-4.5465E1,2.5E-1));
#3003=VERTEX_POINT('',#3001);
#3004=VERTEX_POINT('',#3002);
#3005=CARTESIAN_POINT('',(2.4307E1,-4.5845E1,2.5E-1));
#3006=VERTEX_POINT('',#3005);
#3007=CARTESIAN_POINT('',(2.99468E1,-4.2925E1,2.5E-1));
#3008=VERTEX_POINT('',#3007);
#3009=CARTESIAN_POINT('',(2.93372E1,-4.2925E1,2.5E-1));
#3010=VERTEX_POINT('',#3009);
#3011=CARTESIAN_POINT('',(2.48668E1,-4.2925E1,2.5E-1));
#3012=VERTEX_POINT('',#3011);
#3013=CARTESIAN_POINT('',(2.42572E1,-4.2925E1,2.5E-1));
#3014=VERTEX_POINT('',#3013);
#3015=CARTESIAN_POINT('',(2.17172E1,-4.445403050732E1,-1.265449351205E0));
#3016=CARTESIAN_POINT('',(2.17172E1,-4.370317488470E1,-1.169034238362E0));
#3017=VERTEX_POINT('',#3015);
#3018=VERTEX_POINT('',#3016);
#3019=CARTESIAN_POINT('',(2.17172E1,-4.358599789277E1,-1.218009258127E0));
#3020=VERTEX_POINT('',#3019);
#3021=CARTESIAN_POINT('',(2.17172E1,-4.312700421447E1,-1.820150860970E0));
#3022=VERTEX_POINT('',#3021);
#3023=CARTESIAN_POINT('',(2.17172E1,-4.2925E1,-1.666169377225E0));
#3024=VERTEX_POINT('',#3023);
#3025=CARTESIAN_POINT('',(2.17172E1,-4.338399367830E1,-1.064027774382E0));
#3026=VERTEX_POINT('',#3025);
#3027=CARTESIAN_POINT('',(2.23268E1,-4.445403050732E1,-1.265449351205E0));
#3028=CARTESIAN_POINT('',(2.23268E1,-4.370317488470E1,-1.169034238362E0));
#3029=VERTEX_POINT('',#3027);
#3030=VERTEX_POINT('',#3028);
#3031=CARTESIAN_POINT('',(2.23268E1,-4.358599789277E1,-1.218009258127E0));
#3032=VERTEX_POINT('',#3031);
#3033=CARTESIAN_POINT('',(2.23268E1,-4.312700421447E1,-1.820150860970E0));
#3034=VERTEX_POINT('',#3033);
#3035=CARTESIAN_POINT('',(2.23268E1,-4.2925E1,-1.666169377225E0));
#3036=VERTEX_POINT('',#3035);
#3037=CARTESIAN_POINT('',(2.23268E1,-4.338399367830E1,-1.064027774382E0));
#3038=VERTEX_POINT('',#3037);
#3039=CARTESIAN_POINT('',(2.17172E1,-4.5084E1,-7.112E-1));
#3040=VERTEX_POINT('',#3039);
#3041=CARTESIAN_POINT('',(2.23268E1,-4.5084E1,-7.112E-1));
#3042=VERTEX_POINT('',#3041);
#3043=CARTESIAN_POINT('',(2.17172E1,-4.483E1,-7.112E-1));
#3044=CARTESIAN_POINT('',(2.23268E1,-4.483E1,-7.112E-1));
#3045=VERTEX_POINT('',#3043);
#3046=VERTEX_POINT('',#3044);
#3047=CARTESIAN_POINT('',(2.17172E1,-4.5084E1,-2.54E-1));
#3048=VERTEX_POINT('',#3047);
#3049=CARTESIAN_POINT('',(2.23268E1,-4.5084E1,-2.54E-1));
#3050=VERTEX_POINT('',#3049);
#3051=CARTESIAN_POINT('',(2.23268E1,-4.5338E1,0.E0));
#3052=VERTEX_POINT('',#3051);
#3053=CARTESIAN_POINT('',(2.17172E1,-4.5338E1,0.E0));
#3054=VERTEX_POINT('',#3053);
#3055=CARTESIAN_POINT('',(2.17172E1,-4.483E1,-4.E-3));
#3056=VERTEX_POINT('',#3055);
#3057=CARTESIAN_POINT('',(2.23268E1,-4.483E1,-4.E-3));
#3058=VERTEX_POINT('',#3057);
#3059=CARTESIAN_POINT('',(2.48668E1,-4.483E1,-4.E-3));
#3060=CARTESIAN_POINT('',(2.42572E1,-4.483E1,-4.E-3));
#3061=VERTEX_POINT('',#3059);
#3062=VERTEX_POINT('',#3060);
#3063=CARTESIAN_POINT('',(2.48668E1,-4.5084E1,2.5E-1));
#3064=CARTESIAN_POINT('',(2.42572E1,-4.5084E1,2.5E-1));
#3065=VERTEX_POINT('',#3063);
#3066=VERTEX_POINT('',#3064);
#3067=CARTESIAN_POINT('',(2.17172E1,-4.483002756076E1,0.E0));
#3068=VERTEX_POINT('',#3067);
#3069=CARTESIAN_POINT('',(2.23268E1,-4.483002756076E1,0.E0));
#3070=VERTEX_POINT('',#3069);
#3071=CARTESIAN_POINT('',(2.48668E1,-4.483003149802E1,0.E0));
#3072=VERTEX_POINT('',#3071);
#3073=CARTESIAN_POINT('',(2.42572E1,-4.483003149802E1,0.E0));
#3074=VERTEX_POINT('',#3073);
#3075=CARTESIAN_POINT('',(2.2277E1,-4.5845E1,0.E0));
#3076=CARTESIAN_POINT('',(2.2657E1,-4.5465E1,0.E0));
#3077=VERTEX_POINT('',#3075);
#3078=VERTEX_POINT('',#3076);
#3079=CARTESIAN_POINT('',(2.1387E1,-4.5465E1,0.E0));
#3080=CARTESIAN_POINT('',(2.1767E1,-4.5845E1,0.E0));
#3081=VERTEX_POINT('',#3079);
#3082=VERTEX_POINT('',#3080);
#3083=CARTESIAN_POINT('',(2.2277E1,-4.5845E1,2.5E-1));
#3084=CARTESIAN_POINT('',(2.2657E1,-4.5465E1,2.5E-1));
#3085=VERTEX_POINT('',#3083);
#3086=VERTEX_POINT('',#3084);
#3087=CARTESIAN_POINT('',(2.2657E1,-4.2925E1,2.5E-1));
#3088=VERTEX_POINT('',#3087);
#3089=CARTESIAN_POINT('',(2.1387E1,-4.2925E1,2.5E-1));
#3090=CARTESIAN_POINT('',(2.1387E1,-4.5465E1,2.5E-1));
#3091=VERTEX_POINT('',#3089);
#3092=VERTEX_POINT('',#3090);
#3093=CARTESIAN_POINT('',(2.1767E1,-4.5845E1,2.5E-1));
#3094=VERTEX_POINT('',#3093);
#3095=CARTESIAN_POINT('',(2.23268E1,-4.2925E1,2.5E-1));
#3096=VERTEX_POINT('',#3095);
#3097=CARTESIAN_POINT('',(2.17172E1,-4.2925E1,2.5E-1));
#3098=VERTEX_POINT('',#3097);
#3099=CARTESIAN_POINT('',(2.42572E1,-4.5084E1,-7.112E-1));
#3100=CARTESIAN_POINT('',(2.42572E1,-4.445403050732E1,-1.265449351205E0));
#3101=VERTEX_POINT('',#3099);
#3102=VERTEX_POINT('',#3100);
#3103=CARTESIAN_POINT('',(2.42572E1,-4.370317488470E1,-1.169034238362E0));
#3104=VERTEX_POINT('',#3103);
#3105=CARTESIAN_POINT('',(2.42572E1,-4.358599789277E1,-1.218009258127E0));
#3106=VERTEX_POINT('',#3105);
#3107=CARTESIAN_POINT('',(2.42572E1,-4.312700421447E1,-1.820150860970E0));
#3108=VERTEX_POINT('',#3107);
#3109=CARTESIAN_POINT('',(2.42572E1,-4.2925E1,-1.666169377225E0));
#3110=VERTEX_POINT('',#3109);
#3111=CARTESIAN_POINT('',(2.42572E1,-4.338399367830E1,-1.064027774382E0));
#3112=VERTEX_POINT('',#3111);
#3113=CARTESIAN_POINT('',(2.48668E1,-4.5084E1,-7.112E-1));
#3114=CARTESIAN_POINT('',(2.48668E1,-4.445403050732E1,-1.265449351205E0));
#3115=VERTEX_POINT('',#3113);
#3116=VERTEX_POINT('',#3114);
#3117=CARTESIAN_POINT('',(2.48668E1,-4.370317488470E1,-1.169034238362E0));
#3118=VERTEX_POINT('',#3117);
#3119=CARTESIAN_POINT('',(2.48668E1,-4.358599789277E1,-1.218009258127E0));
#3120=VERTEX_POINT('',#3119);
#3121=CARTESIAN_POINT('',(2.48668E1,-4.312700421447E1,-1.820150860970E0));
#3122=VERTEX_POINT('',#3121);
#3123=CARTESIAN_POINT('',(2.48668E1,-4.2925E1,-1.666169377225E0));
#3124=VERTEX_POINT('',#3123);
#3125=CARTESIAN_POINT('',(2.48668E1,-4.338399367830E1,-1.064027774382E0));
#3126=VERTEX_POINT('',#3125);
#3127=CARTESIAN_POINT('',(2.42572E1,-4.483E1,-7.112E-1));
#3128=CARTESIAN_POINT('',(2.48668E1,-4.483E1,-7.112E-1));
#3129=VERTEX_POINT('',#3127);
#3130=VERTEX_POINT('',#3128);
#3131=CARTESIAN_POINT('',(2.67972E1,-4.5084E1,-7.112E-1));
#3132=CARTESIAN_POINT('',(2.67972E1,-4.445403050732E1,-1.265449351205E0));
#3133=VERTEX_POINT('',#3131);
#3134=VERTEX_POINT('',#3132);
#3135=CARTESIAN_POINT('',(2.67972E1,-4.370317488470E1,-1.169034238362E0));
#3136=VERTEX_POINT('',#3135);
#3137=CARTESIAN_POINT('',(2.67972E1,-4.358599789277E1,-1.218009258127E0));
#3138=VERTEX_POINT('',#3137);
#3139=CARTESIAN_POINT('',(2.67972E1,-4.312700421447E1,-1.820150860970E0));
#3140=VERTEX_POINT('',#3139);
#3141=CARTESIAN_POINT('',(2.67972E1,-4.2925E1,-1.666169377225E0));
#3142=VERTEX_POINT('',#3141);
#3143=CARTESIAN_POINT('',(2.67972E1,-4.338399367830E1,-1.064027774382E0));
#3144=VERTEX_POINT('',#3143);
#3145=CARTESIAN_POINT('',(2.74068E1,-4.5084E1,-7.112E-1));
#3146=CARTESIAN_POINT('',(2.74068E1,-4.445403050732E1,-1.265449351205E0));
#3147=VERTEX_POINT('',#3145);
#3148=VERTEX_POINT('',#3146);
#3149=CARTESIAN_POINT('',(2.74068E1,-4.370317488470E1,-1.169034238362E0));
#3150=VERTEX_POINT('',#3149);
#3151=CARTESIAN_POINT('',(2.74068E1,-4.358599789277E1,-1.218009258127E0));
#3152=VERTEX_POINT('',#3151);
#3153=CARTESIAN_POINT('',(2.74068E1,-4.312700421447E1,-1.820150860970E0));
#3154=VERTEX_POINT('',#3153);
#3155=CARTESIAN_POINT('',(2.74068E1,-4.2925E1,-1.666169377225E0));
#3156=VERTEX_POINT('',#3155);
#3157=CARTESIAN_POINT('',(2.74068E1,-4.338399367830E1,-1.064027774382E0));
#3158=VERTEX_POINT('',#3157);
#3159=CARTESIAN_POINT('',(2.67972E1,-4.483E1,-7.112E-1));
#3160=CARTESIAN_POINT('',(2.74068E1,-4.483E1,-7.112E-1));
#3161=VERTEX_POINT('',#3159);
#3162=VERTEX_POINT('',#3160);
#3163=CARTESIAN_POINT('',(2.93372E1,-4.5084E1,-7.112E-1));
#3164=CARTESIAN_POINT('',(2.93372E1,-4.445403050732E1,-1.265449351205E0));
#3165=VERTEX_POINT('',#3163);
#3166=VERTEX_POINT('',#3164);
#3167=CARTESIAN_POINT('',(2.93372E1,-4.370317488470E1,-1.169034238362E0));
#3168=VERTEX_POINT('',#3167);
#3169=CARTESIAN_POINT('',(2.93372E1,-4.358599789277E1,-1.218009258127E0));
#3170=VERTEX_POINT('',#3169);
#3171=CARTESIAN_POINT('',(2.93372E1,-4.312700421447E1,-1.820150860970E0));
#3172=VERTEX_POINT('',#3171);
#3173=CARTESIAN_POINT('',(2.93372E1,-4.2925E1,-1.666169377225E0));
#3174=VERTEX_POINT('',#3173);
#3175=CARTESIAN_POINT('',(2.93372E1,-4.338399367830E1,-1.064027774382E0));
#3176=VERTEX_POINT('',#3175);
#3177=CARTESIAN_POINT('',(2.99468E1,-4.5084E1,-7.112E-1));
#3178=CARTESIAN_POINT('',(2.99468E1,-4.445403050732E1,-1.265449351205E0));
#3179=VERTEX_POINT('',#3177);
#3180=VERTEX_POINT('',#3178);
#3181=CARTESIAN_POINT('',(2.99468E1,-4.370317488470E1,-1.169034238362E0));
#3182=VERTEX_POINT('',#3181);
#3183=CARTESIAN_POINT('',(2.99468E1,-4.358599789277E1,-1.218009258127E0));
#3184=VERTEX_POINT('',#3183);
#3185=CARTESIAN_POINT('',(2.99468E1,-4.312700421447E1,-1.820150860970E0));
#3186=VERTEX_POINT('',#3185);
#3187=CARTESIAN_POINT('',(2.99468E1,-4.2925E1,-1.666169377225E0));
#3188=VERTEX_POINT('',#3187);
#3189=CARTESIAN_POINT('',(2.99468E1,-4.338399367830E1,-1.064027774382E0));
#3190=VERTEX_POINT('',#3189);
#3191=CARTESIAN_POINT('',(2.93372E1,-4.483E1,-7.112E-1));
#3192=CARTESIAN_POINT('',(2.99468E1,-4.483E1,-7.112E-1));
#3193=VERTEX_POINT('',#3191);
#3194=VERTEX_POINT('',#3192);
#3195=CARTESIAN_POINT('',(2.48668E1,-4.5338E1,0.E0));
#3196=CARTESIAN_POINT('',(2.42572E1,-4.5338E1,0.E0));
#3197=VERTEX_POINT('',#3195);
#3198=VERTEX_POINT('',#3196);
#3199=CARTESIAN_POINT('',(2.48668E1,-4.5084E1,-2.54E-1));
#3200=CARTESIAN_POINT('',(2.42572E1,-4.5084E1,-2.54E-1));
#3201=VERTEX_POINT('',#3199);
#3202=VERTEX_POINT('',#3200);
#3203=CARTESIAN_POINT('',(2.74068E1,-4.5338E1,0.E0));
#3204=CARTESIAN_POINT('',(2.67972E1,-4.5338E1,0.E0));
#3205=VERTEX_POINT('',#3203);
#3206=VERTEX_POINT('',#3204);
#3207=CARTESIAN_POINT('',(2.74068E1,-4.5084E1,-2.54E-1));
#3208=CARTESIAN_POINT('',(2.67972E1,-4.5084E1,-2.54E-1));
#3209=VERTEX_POINT('',#3207);
#3210=VERTEX_POINT('',#3208);
#3211=CARTESIAN_POINT('',(2.99468E1,-4.5338E1,0.E0));
#3212=CARTESIAN_POINT('',(2.93372E1,-4.5338E1,0.E0));
#3213=VERTEX_POINT('',#3211);
#3214=VERTEX_POINT('',#3212);
#3215=CARTESIAN_POINT('',(2.99468E1,-4.5084E1,-2.54E-1));
#3216=CARTESIAN_POINT('',(2.93372E1,-4.5084E1,-2.54E-1));
#3217=VERTEX_POINT('',#3215);
#3218=VERTEX_POINT('',#3216);
#3219=CARTESIAN_POINT('',(2.99468E1,-4.483E1,-4.E-3));
#3220=CARTESIAN_POINT('',(2.93372E1,-4.483E1,-4.E-3));
#3221=VERTEX_POINT('',#3219);
#3222=VERTEX_POINT('',#3220);
#3223=CARTESIAN_POINT('',(2.99468E1,-4.5084E1,2.5E-1));
#3224=CARTESIAN_POINT('',(2.93372E1,-4.5084E1,2.5E-1));
#3225=VERTEX_POINT('',#3223);
#3226=VERTEX_POINT('',#3224);
#3227=CARTESIAN_POINT('',(2.67972E1,-4.483E1,-4.E-3));
#3228=VERTEX_POINT('',#3227);
#3229=CARTESIAN_POINT('',(2.74068E1,-4.483E1,-4.E-3));
#3230=VERTEX_POINT('',#3229);
#3231=CARTESIAN_POINT('',(2.74068E1,-4.483002756076E1,0.E0));
#3232=VERTEX_POINT('',#3231);
#3233=CARTESIAN_POINT('',(2.67972E1,-4.483002756076E1,0.E0));
#3234=VERTEX_POINT('',#3233);
#3235=CARTESIAN_POINT('',(2.99468E1,-4.483002756076E1,0.E0));
#3236=VERTEX_POINT('',#3235);
#3237=CARTESIAN_POINT('',(2.93372E1,-4.483002756076E1,0.E0));
#3238=VERTEX_POINT('',#3237);
#3239=CARTESIAN_POINT('',(2.23268E1,-4.5084E1,2.5E-1));
#3240=VERTEX_POINT('',#3239);
#3241=CARTESIAN_POINT('',(2.17172E1,-4.5084E1,2.5E-1));
#3242=VERTEX_POINT('',#3241);
#3243=CARTESIAN_POINT('',(2.74068E1,-4.5084E1,2.5E-1));
#3244=VERTEX_POINT('',#3243);
#3245=CARTESIAN_POINT('',(2.67972E1,-4.5084E1,2.5E-1));
#3246=VERTEX_POINT('',#3245);
#3247=CARTESIAN_POINT('',(2.7357E1,-4.5845E1,0.E0));
#3248=CARTESIAN_POINT('',(2.7737E1,-4.5465E1,0.E0));
#3249=VERTEX_POINT('',#3247);
#3250=VERTEX_POINT('',#3248);
#3251=CARTESIAN_POINT('',(2.6467E1,-4.5465E1,0.E0));
#3252=CARTESIAN_POINT('',(2.6847E1,-4.5845E1,0.E0));
#3253=VERTEX_POINT('',#3251);
#3254=VERTEX_POINT('',#3252);
#3255=CARTESIAN_POINT('',(2.7357E1,-4.5845E1,2.5E-1));
#3256=CARTESIAN_POINT('',(2.7737E1,-4.5465E1,2.5E-1));
#3257=VERTEX_POINT('',#3255);
#3258=VERTEX_POINT('',#3256);
#3259=CARTESIAN_POINT('',(2.7737E1,-4.2925E1,2.5E-1));
#3260=VERTEX_POINT('',#3259);
#3261=CARTESIAN_POINT('',(2.6467E1,-4.2925E1,2.5E-1));
#3262=CARTESIAN_POINT('',(2.6467E1,-4.5465E1,2.5E-1));
#3263=VERTEX_POINT('',#3261);
#3264=VERTEX_POINT('',#3262);
#3265=CARTESIAN_POINT('',(2.6847E1,-4.5845E1,2.5E-1));
#3266=VERTEX_POINT('',#3265);
#3267=CARTESIAN_POINT('',(2.74068E1,-4.2925E1,2.5E-1));
#3268=VERTEX_POINT('',#3267);
#3269=CARTESIAN_POINT('',(2.67972E1,-4.2925E1,2.5E-1));
#3270=VERTEX_POINT('',#3269);
#3271=CARTESIAN_POINT('',(2.1767E1,-5.9777E1,0.E0));
#3272=CARTESIAN_POINT('',(2.2277E1,-5.9777E1,0.E0));
#3273=VERTEX_POINT('',#3271);
#3274=VERTEX_POINT('',#3272);
#3275=CARTESIAN_POINT('',(2.4307E1,-5.9777E1,0.E0));
#3276=CARTESIAN_POINT('',(2.4817E1,-5.9777E1,0.E0));
#3277=VERTEX_POINT('',#3275);
#3278=VERTEX_POINT('',#3276);
#3279=CARTESIAN_POINT('',(2.6847E1,-5.9777E1,0.E0));
#3280=CARTESIAN_POINT('',(2.7357E1,-5.9777E1,0.E0));
#3281=VERTEX_POINT('',#3279);
#3282=VERTEX_POINT('',#3280);
#3283=CARTESIAN_POINT('',(2.9387E1,-5.9777E1,0.E0));
#3284=CARTESIAN_POINT('',(2.9897E1,-5.9777E1,0.E0));
#3285=VERTEX_POINT('',#3283);
#3286=VERTEX_POINT('',#3284);
#3287=CARTESIAN_POINT('',(2.1767E1,-5.9777E1,2.5E-1));
#3288=CARTESIAN_POINT('',(2.2277E1,-5.9777E1,2.5E-1));
#3289=VERTEX_POINT('',#3287);
#3290=VERTEX_POINT('',#3288);
#3291=CARTESIAN_POINT('',(2.4307E1,-5.9777E1,2.5E-1));
#3292=CARTESIAN_POINT('',(2.4817E1,-5.9777E1,2.5E-1));
#3293=VERTEX_POINT('',#3291);
#3294=VERTEX_POINT('',#3292);
#3295=CARTESIAN_POINT('',(2.6847E1,-5.9777E1,2.5E-1));
#3296=CARTESIAN_POINT('',(2.7357E1,-5.9777E1,2.5E-1));
#3297=VERTEX_POINT('',#3295);
#3298=VERTEX_POINT('',#3296);
#3299=CARTESIAN_POINT('',(2.9387E1,-5.9777E1,2.5E-1));
#3300=CARTESIAN_POINT('',(2.9897E1,-5.9777E1,2.5E-1));
#3301=VERTEX_POINT('',#3299);
#3302=VERTEX_POINT('',#3300);
#3303=CARTESIAN_POINT('',(3.0277E1,-4.4577E1,0.E0));
#3304=CARTESIAN_POINT('',(3.0277E1,-4.2925E1,0.E0));
#3305=VERTEX_POINT('',#3303);
#3306=VERTEX_POINT('',#3304);
#3307=CARTESIAN_POINT('',(2.99468E1,-4.2925E1,0.E0));
#3308=VERTEX_POINT('',#3307);
#3309=CARTESIAN_POINT('',(2.93372E1,-4.2925E1,0.E0));
#3310=CARTESIAN_POINT('',(2.9007E1,-4.2925E1,0.E0));
#3311=VERTEX_POINT('',#3309);
#3312=VERTEX_POINT('',#3310);
#3313=CARTESIAN_POINT('',(2.9007E1,-4.4577E1,0.E0));
#3314=VERTEX_POINT('',#3313);
#3315=CARTESIAN_POINT('',(2.5197E1,-4.4577E1,0.E0));
#3316=CARTESIAN_POINT('',(2.5197E1,-4.2925E1,0.E0));
#3317=VERTEX_POINT('',#3315);
#3318=VERTEX_POINT('',#3316);
#3319=CARTESIAN_POINT('',(2.48668E1,-4.2925E1,0.E0));
#3320=VERTEX_POINT('',#3319);
#3321=CARTESIAN_POINT('',(2.42572E1,-4.2925E1,0.E0));
#3322=CARTESIAN_POINT('',(2.3927E1,-4.2925E1,0.E0));
#3323=VERTEX_POINT('',#3321);
#3324=VERTEX_POINT('',#3322);
#3325=CARTESIAN_POINT('',(2.3927E1,-4.4577E1,0.E0));
#3326=VERTEX_POINT('',#3325);
#3327=CARTESIAN_POINT('',(2.93372E1,-4.4577E1,0.E0));
#3328=VERTEX_POINT('',#3327);
#3329=CARTESIAN_POINT('',(2.99468E1,-4.4577E1,0.E0));
#3330=VERTEX_POINT('',#3329);
#3331=CARTESIAN_POINT('',(2.42572E1,-4.4577E1,0.E0));
#3332=VERTEX_POINT('',#3331);
#3333=CARTESIAN_POINT('',(2.48668E1,-4.4577E1,0.E0));
#3334=VERTEX_POINT('',#3333);
#3335=CARTESIAN_POINT('',(2.2657E1,-4.4577E1,0.E0));
#3336=CARTESIAN_POINT('',(2.2657E1,-4.2925E1,0.E0));
#3337=VERTEX_POINT('',#3335);
#3338=VERTEX_POINT('',#3336);
#3339=CARTESIAN_POINT('',(2.23268E1,-4.2925E1,0.E0));
#3340=VERTEX_POINT('',#3339);
#3341=CARTESIAN_POINT('',(2.17172E1,-4.2925E1,0.E0));
#3342=CARTESIAN_POINT('',(2.1387E1,-4.2925E1,0.E0));
#3343=VERTEX_POINT('',#3341);
#3344=VERTEX_POINT('',#3342);
#3345=CARTESIAN_POINT('',(2.1387E1,-4.4577E1,0.E0));
#3346=VERTEX_POINT('',#3345);
#3347=CARTESIAN_POINT('',(2.7737E1,-4.4577E1,0.E0));
#3348=CARTESIAN_POINT('',(2.7737E1,-4.2925E1,0.E0));
#3349=VERTEX_POINT('',#3347);
#3350=VERTEX_POINT('',#3348);
#3351=CARTESIAN_POINT('',(2.74068E1,-4.2925E1,0.E0));
#3352=VERTEX_POINT('',#3351);
#3353=CARTESIAN_POINT('',(2.67972E1,-4.2925E1,0.E0));
#3354=CARTESIAN_POINT('',(2.6467E1,-4.2925E1,0.E0));
#3355=VERTEX_POINT('',#3353);
#3356=VERTEX_POINT('',#3354);
#3357=CARTESIAN_POINT('',(2.6467E1,-4.4577E1,0.E0));
#3358=VERTEX_POINT('',#3357);
#3359=CARTESIAN_POINT('',(2.67972E1,-4.4577E1,0.E0));
#3360=VERTEX_POINT('',#3359);
#3361=CARTESIAN_POINT('',(2.74068E1,-4.4577E1,0.E0));
#3362=VERTEX_POINT('',#3361);
#3363=CARTESIAN_POINT('',(2.17172E1,-4.4577E1,0.E0));
#3364=VERTEX_POINT('',#3363);
#3365=CARTESIAN_POINT('',(2.23268E1,-4.4577E1,0.E0));
#3366=VERTEX_POINT('',#3365);
#3367=CARTESIAN_POINT('',(2.17172E1,-4.4577E1,-1.02E0));
#3368=CARTESIAN_POINT('',(2.17172E1,-4.342330320442E1,-1.02E0));
#3369=VERTEX_POINT('',#3367);
#3370=VERTEX_POINT('',#3368);
#3371=CARTESIAN_POINT('',(2.23268E1,-4.4577E1,-1.02E0));
#3372=CARTESIAN_POINT('',(2.23268E1,-4.342330320442E1,-1.02E0));
#3373=VERTEX_POINT('',#3371);
#3374=VERTEX_POINT('',#3372);
#3375=CARTESIAN_POINT('',(2.42572E1,-4.4577E1,-1.02E0));
#3376=CARTESIAN_POINT('',(2.42572E1,-4.342330320442E1,-1.02E0));
#3377=VERTEX_POINT('',#3375);
#3378=VERTEX_POINT('',#3376);
#3379=CARTESIAN_POINT('',(2.48668E1,-4.4577E1,-1.02E0));
#3380=CARTESIAN_POINT('',(2.48668E1,-4.342330320442E1,-1.02E0));
#3381=VERTEX_POINT('',#3379);
#3382=VERTEX_POINT('',#3380);
#3383=CARTESIAN_POINT('',(2.67972E1,-4.4577E1,-1.02E0));
#3384=CARTESIAN_POINT('',(2.67972E1,-4.342330320442E1,-1.02E0));
#3385=VERTEX_POINT('',#3383);
#3386=VERTEX_POINT('',#3384);
#3387=CARTESIAN_POINT('',(2.74068E1,-4.4577E1,-1.02E0));
#3388=CARTESIAN_POINT('',(2.74068E1,-4.342330320442E1,-1.02E0));
#3389=VERTEX_POINT('',#3387);
#3390=VERTEX_POINT('',#3388);
#3391=CARTESIAN_POINT('',(2.93372E1,-4.4577E1,-1.02E0));
#3392=CARTESIAN_POINT('',(2.93372E1,-4.342330320442E1,-1.02E0));
#3393=VERTEX_POINT('',#3391);
#3394=VERTEX_POINT('',#3392);
#3395=CARTESIAN_POINT('',(2.99468E1,-4.4577E1,-1.02E0));
#3396=CARTESIAN_POINT('',(2.99468E1,-4.342330320442E1,-1.02E0));
#3397=VERTEX_POINT('',#3395);
#3398=VERTEX_POINT('',#3396);
#3399=CARTESIAN_POINT('',(2.17172E1,-4.4577E1,-1.011566109939E0));
#3400=VERTEX_POINT('',#3399);
#3401=CARTESIAN_POINT('',(2.23268E1,-4.4577E1,-1.011566109939E0));
#3402=VERTEX_POINT('',#3401);
#3403=CARTESIAN_POINT('',(2.42572E1,-4.4577E1,-1.011566109939E0));
#3404=VERTEX_POINT('',#3403);
#3405=CARTESIAN_POINT('',(2.48668E1,-4.4577E1,-1.011566109939E0));
#3406=VERTEX_POINT('',#3405);
#3407=CARTESIAN_POINT('',(2.67972E1,-4.4577E1,-1.011566109939E0));
#3408=VERTEX_POINT('',#3407);
#3409=CARTESIAN_POINT('',(2.74068E1,-4.4577E1,-1.011566109939E0));
#3410=VERTEX_POINT('',#3409);
#3411=CARTESIAN_POINT('',(2.93372E1,-4.4577E1,-1.011566109939E0));
#3412=VERTEX_POINT('',#3411);
#3413=CARTESIAN_POINT('',(2.99468E1,-4.4577E1,-1.011566109939E0));
#3414=VERTEX_POINT('',#3413);
#3415=CARTESIAN_POINT('',(3.17348E1,-4.04306E1,9.389685197462E-1));
#3416=CARTESIAN_POINT('',(3.17348E1,-4.04306E1,1.821031480254E0));
#3417=VERTEX_POINT('',#3415);
#3418=VERTEX_POINT('',#3416);
#3419=CARTESIAN_POINT('',(3.17348E1,-3.64014E1,-1.958968519746E0));
#3420=CARTESIAN_POINT('',(3.17348E1,-3.64014E1,-2.841031480254E0));
#3421=VERTEX_POINT('',#3419);
#3422=VERTEX_POINT('',#3420);
#3423=CARTESIAN_POINT('',(0.E0,0.E0,0.E0));
#3424=DIRECTION('',(0.E0,0.E0,1.E0));
#3425=DIRECTION('',(1.E0,0.E0,0.E0));
#3426=AXIS2_PLACEMENT_3D('',#3423,#3424,#3425);
#3427=PLANE('',#3426);
#3429=ORIENTED_EDGE('',*,*,#3428,.T.);
#3431=ORIENTED_EDGE('',*,*,#3430,.T.);
#3433=ORIENTED_EDGE('',*,*,#3432,.F.);
#3435=ORIENTED_EDGE('',*,*,#3434,.T.);
#3437=ORIENTED_EDGE('',*,*,#3436,.T.);
#3439=ORIENTED_EDGE('',*,*,#3438,.T.);
#3441=ORIENTED_EDGE('',*,*,#3440,.F.);
#3443=ORIENTED_EDGE('',*,*,#3442,.T.);
#3445=ORIENTED_EDGE('',*,*,#3444,.T.);
#3447=ORIENTED_EDGE('',*,*,#3446,.T.);
#3449=ORIENTED_EDGE('',*,*,#3448,.F.);
#3451=ORIENTED_EDGE('',*,*,#3450,.T.);
#3453=ORIENTED_EDGE('',*,*,#3452,.T.);
#3455=ORIENTED_EDGE('',*,*,#3454,.T.);
#3457=ORIENTED_EDGE('',*,*,#3456,.F.);
#3459=ORIENTED_EDGE('',*,*,#3458,.T.);
#3461=ORIENTED_EDGE('',*,*,#3460,.T.);
#3463=ORIENTED_EDGE('',*,*,#3462,.T.);
#3465=ORIENTED_EDGE('',*,*,#3464,.F.);
#3467=ORIENTED_EDGE('',*,*,#3466,.T.);
#3469=ORIENTED_EDGE('',*,*,#3468,.T.);
#3471=ORIENTED_EDGE('',*,*,#3470,.T.);
#3473=ORIENTED_EDGE('',*,*,#3472,.F.);
#3475=ORIENTED_EDGE('',*,*,#3474,.T.);
#3477=ORIENTED_EDGE('',*,*,#3476,.T.);
#3479=ORIENTED_EDGE('',*,*,#3478,.T.);
#3481=ORIENTED_EDGE('',*,*,#3480,.F.);
#3483=ORIENTED_EDGE('',*,*,#3482,.T.);
#3485=ORIENTED_EDGE('',*,*,#3484,.T.);
#3487=ORIENTED_EDGE('',*,*,#3486,.T.);
#3489=ORIENTED_EDGE('',*,*,#3488,.F.);
#3491=ORIENTED_EDGE('',*,*,#3490,.T.);
#3493=ORIENTED_EDGE('',*,*,#3492,.T.);
#3495=ORIENTED_EDGE('',*,*,#3494,.T.);
#3497=ORIENTED_EDGE('',*,*,#3496,.T.);
#3499=ORIENTED_EDGE('',*,*,#3498,.T.);
#3500=EDGE_LOOP('',(#3429,#3431,#3433,#3435,#3437,#3439,#3441,#3443,#3445,#3447,
#3449,#3451,#3453,#3455,#3457,#3459,#3461,#3463,#3465,#3467,#3469,#3471,#3473,
#3475,#3477,#3479,#3481,#3483,#3485,#3487,#3489,#3491,#3493,#3495,#3497,#3499));
#3501=FACE_OUTER_BOUND('',#3500,.F.);
#3503=ORIENTED_EDGE('',*,*,#3502,.F.);
#3505=ORIENTED_EDGE('',*,*,#3504,.T.);
#3507=ORIENTED_EDGE('',*,*,#3506,.F.);
#3509=ORIENTED_EDGE('',*,*,#3508,.T.);
#3511=ORIENTED_EDGE('',*,*,#3510,.F.);
#3513=ORIENTED_EDGE('',*,*,#3512,.T.);
#3515=ORIENTED_EDGE('',*,*,#3514,.F.);
#3517=ORIENTED_EDGE('',*,*,#3516,.T.);
#3518=EDGE_LOOP('',(#3503,#3505,#3507,#3509,#3511,#3513,#3515,#3517));
#3519=FACE_BOUND('',#3518,.F.);
#3520=ADVANCED_FACE('',(#3501,#3519),#3427,.T.);
#3521=CARTESIAN_POINT('',(3.0277E1,-4.5465E1,0.E0));
#3522=DIRECTION('',(1.E0,0.E0,0.E0));
#3523=DIRECTION('',(0.E0,1.E0,0.E0));
#3524=AXIS2_PLACEMENT_3D('',#3521,#3522,#3523);
#3525=PLANE('',#3524);
#3526=ORIENTED_EDGE('',*,*,#3428,.F.);
#3528=ORIENTED_EDGE('',*,*,#3527,.F.);
#3530=ORIENTED_EDGE('',*,*,#3529,.T.);
#3532=ORIENTED_EDGE('',*,*,#3531,.T.);
#3534=ORIENTED_EDGE('',*,*,#3533,.F.);
#3535=EDGE_LOOP('',(#3526,#3528,#3530,#3532,#3534));
#3536=FACE_OUTER_BOUND('',#3535,.F.);
#3537=ADVANCED_FACE('',(#3536),#3525,.T.);
#3538=CARTESIAN_POINT('',(2.7102E1,-6.4855E1,0.E0));
#3539=DIRECTION('',(0.E0,0.E0,1.E0));
#3540=DIRECTION('',(1.E0,0.E0,0.E0));
#3541=AXIS2_PLACEMENT_3D('',#3538,#3539,#3540);
#3542=PLANE('',#3541);
#3544=ORIENTED_EDGE('',*,*,#3543,.F.);
#3546=ORIENTED_EDGE('',*,*,#3545,.T.);
#3548=ORIENTED_EDGE('',*,*,#3547,.T.);
#3550=ORIENTED_EDGE('',*,*,#3549,.T.);
#3552=ORIENTED_EDGE('',*,*,#3551,.T.);
#3554=ORIENTED_EDGE('',*,*,#3553,.T.);
#3556=ORIENTED_EDGE('',*,*,#3555,.T.);
#3557=ORIENTED_EDGE('',*,*,#3527,.T.);
#3559=ORIENTED_EDGE('',*,*,#3558,.F.);
#3561=ORIENTED_EDGE('',*,*,#3560,.T.);
#3563=ORIENTED_EDGE('',*,*,#3562,.F.);
#3565=ORIENTED_EDGE('',*,*,#3564,.T.);
#3567=ORIENTED_EDGE('',*,*,#3566,.F.);
#3569=ORIENTED_EDGE('',*,*,#3568,.F.);
#3570=EDGE_LOOP('',(#3544,#3546,#3548,#3550,#3552,#3554,#3556,#3557,#3559,#3561,
#3563,#3565,#3567,#3569));
#3571=FACE_OUTER_BOUND('',#3570,.F.);
#3572=ADVANCED_FACE('',(#3571),#3542,.F.);
#3573=CARTESIAN_POINT('',(3.07848E1,-4.4577E1,0.E0));
#3574=DIRECTION('',(0.E0,1.E0,0.E0));
#3575=DIRECTION('',(-1.E0,0.E0,0.E0));
#3576=AXIS2_PLACEMENT_3D('',#3573,#3574,#3575);
#3577=PLANE('',#3576);
#3579=ORIENTED_EDGE('',*,*,#3578,.T.);
#3580=ORIENTED_EDGE('',*,*,#3482,.F.);
#3582=ORIENTED_EDGE('',*,*,#3581,.T.);
#3583=ORIENTED_EDGE('',*,*,#3474,.F.);
#3585=ORIENTED_EDGE('',*,*,#3584,.T.);
#3586=ORIENTED_EDGE('',*,*,#3466,.F.);
#3588=ORIENTED_EDGE('',*,*,#3587,.T.);
#3589=ORIENTED_EDGE('',*,*,#3458,.F.);
#3591=ORIENTED_EDGE('',*,*,#3590,.T.);
#3592=ORIENTED_EDGE('',*,*,#3450,.F.);
#3594=ORIENTED_EDGE('',*,*,#3593,.T.);
#3595=ORIENTED_EDGE('',*,*,#3442,.F.);
#3596=ORIENTED_EDGE('',*,*,#3543,.T.);
#3597=ORIENTED_EDGE('',*,*,#3434,.F.);
#3598=ORIENTED_EDGE('',*,*,#3558,.T.);
#3599=ORIENTED_EDGE('',*,*,#3498,.F.);
#3601=ORIENTED_EDGE('',*,*,#3600,.T.);
#3603=ORIENTED_EDGE('',*,*,#3602,.T.);
#3605=ORIENTED_EDGE('',*,*,#3604,.T.);
#3607=ORIENTED_EDGE('',*,*,#3606,.F.);
#3609=ORIENTED_EDGE('',*,*,#3608,.F.);
#3611=ORIENTED_EDGE('',*,*,#3610,.T.);
#3613=ORIENTED_EDGE('',*,*,#3612,.T.);
#3615=ORIENTED_EDGE('',*,*,#3614,.F.);
#3617=ORIENTED_EDGE('',*,*,#3616,.F.);
#3619=ORIENTED_EDGE('',*,*,#3618,.T.);
#3621=ORIENTED_EDGE('',*,*,#3620,.T.);
#3623=ORIENTED_EDGE('',*,*,#3622,.F.);
#3625=ORIENTED_EDGE('',*,*,#3624,.F.);
#3627=ORIENTED_EDGE('',*,*,#3626,.T.);
#3629=ORIENTED_EDGE('',*,*,#3628,.T.);
#3631=ORIENTED_EDGE('',*,*,#3630,.F.);
#3633=ORIENTED_EDGE('',*,*,#3632,.F.);
#3635=ORIENTED_EDGE('',*,*,#3634,.T.);
#3637=ORIENTED_EDGE('',*,*,#3636,.F.);
#3638=ORIENTED_EDGE('',*,*,#3490,.F.);
#3639=EDGE_LOOP('',(#3579,#3580,#3582,#3583,#3585,#3586,#3588,#3589,#3591,#3592,
#3594,#3595,#3596,#3597,#3598,#3599,#3601,#3603,#3605,#3607,#3609,#3611,#3613,
#3615,#3617,#3619,#3621,#3623,#3625,#3627,#3629,#3631,#3633,#3635,#3637,#3638));
#3640=FACE_OUTER_BOUND('',#3639,.F.);
#3641=ADVANCED_FACE('',(#3640),#3577,.F.);
#3642=CARTESIAN_POINT('',(2.7102E1,-6.4855E1,0.E0));
#3643=DIRECTION('',(0.E0,0.E0,1.E0));
#3644=DIRECTION('',(1.E0,0.E0,0.E0));
#3645=AXIS2_PLACEMENT_3D('',#3642,#3643,#3644);
#3646=PLANE('',#3645);
#3647=ORIENTED_EDGE('',*,*,#3578,.F.);
#3649=ORIENTED_EDGE('',*,*,#3648,.T.);
#3651=ORIENTED_EDGE('',*,*,#3650,.T.);
#3653=ORIENTED_EDGE('',*,*,#3652,.T.);
#3655=ORIENTED_EDGE('',*,*,#3654,.T.);
#3657=ORIENTED_EDGE('',*,*,#3656,.T.);
#3659=ORIENTED_EDGE('',*,*,#3658,.T.);
#3661=ORIENTED_EDGE('',*,*,#3660,.T.);
#3662=ORIENTED_EDGE('',*,*,#3581,.F.);
#3664=ORIENTED_EDGE('',*,*,#3663,.T.);
#3666=ORIENTED_EDGE('',*,*,#3665,.F.);
#3668=ORIENTED_EDGE('',*,*,#3667,.T.);
#3670=ORIENTED_EDGE('',*,*,#3669,.F.);
#3672=ORIENTED_EDGE('',*,*,#3671,.F.);
#3673=EDGE_LOOP('',(#3647,#3649,#3651,#3653,#3655,#3657,#3659,#3661,#3662,#3664,
#3666,#3668,#3670,#3672));
#3674=FACE_OUTER_BOUND('',#3673,.F.);
#3675=ADVANCED_FACE('',(#3674),#3646,.F.);
#3676=CARTESIAN_POINT('',(2.1387E1,-4.2925E1,0.E0));
#3677=DIRECTION('',(-1.E0,0.E0,0.E0));
#3678=DIRECTION('',(0.E0,-1.E0,0.E0));
#3679=AXIS2_PLACEMENT_3D('',#3676,#3677,#3678);
#3680=PLANE('',#3679);
#3681=ORIENTED_EDGE('',*,*,#3488,.T.);
#3683=ORIENTED_EDGE('',*,*,#3682,.T.);
#3685=ORIENTED_EDGE('',*,*,#3684,.T.);
#3687=ORIENTED_EDGE('',*,*,#3686,.F.);
#3688=ORIENTED_EDGE('',*,*,#3648,.F.);
#3689=EDGE_LOOP('',(#3681,#3683,#3685,#3687,#3688));
#3690=FACE_OUTER_BOUND('',#3689,.F.);
#3691=ADVANCED_FACE('',(#3690),#3680,.T.);
#3692=CARTESIAN_POINT('',(2.2657E1,-4.2925E1,0.E0));
#3693=DIRECTION('',(0.E0,1.E0,0.E0));
#3694=DIRECTION('',(-1.E0,0.E0,0.E0));
#3695=AXIS2_PLACEMENT_3D('',#3692,#3693,#3694);
#3696=PLANE('',#3695);
#3697=ORIENTED_EDGE('',*,*,#3486,.F.);
#3699=ORIENTED_EDGE('',*,*,#3698,.T.);
#3701=ORIENTED_EDGE('',*,*,#3700,.T.);
#3702=ORIENTED_EDGE('',*,*,#3682,.F.);
#3703=EDGE_LOOP('',(#3697,#3699,#3701,#3702));
#3704=FACE_OUTER_BOUND('',#3703,.F.);
#3705=ADVANCED_FACE('',(#3704),#3696,.T.);
#3706=CARTESIAN_POINT('',(2.17172E1,-4.2925E1,2.5E-1));
#3707=DIRECTION('',(-1.E0,0.E0,0.E0));
#3708=DIRECTION('',(0.E0,-1.E0,0.E0));
#3709=AXIS2_PLACEMENT_3D('',#3706,#3707,#3708);
#3710=PLANE('',#3709);
#3711=ORIENTED_EDGE('',*,*,#3484,.F.);
#3712=ORIENTED_EDGE('',*,*,#3671,.T.);
#3714=ORIENTED_EDGE('',*,*,#3713,.F.);
#3716=ORIENTED_EDGE('',*,*,#3715,.T.);
#3717=ORIENTED_EDGE('',*,*,#3698,.F.);
#3718=EDGE_LOOP('',(#3711,#3712,#3714,#3716,#3717));
#3719=FACE_OUTER_BOUND('',#3718,.F.);
#3720=ADVANCED_FACE('',(#3719),#3710,.F.);
#3721=CARTESIAN_POINT('',(3.465919847407E1,-4.5084E1,-4.E-3));
#3722=DIRECTION('',(-1.E0,0.E0,0.E0));
#3723=DIRECTION('',(0.E0,0.E0,1.E0));
#3724=AXIS2_PLACEMENT_3D('',#3721,#3722,#3723);
#3725=CYLINDRICAL_SURFACE('',#3724,2.54E-1);
#3727=ORIENTED_EDGE('',*,*,#3726,.T.);
#3729=ORIENTED_EDGE('',*,*,#3728,.T.);
#3730=ORIENTED_EDGE('',*,*,#3713,.T.);
#3732=ORIENTED_EDGE('',*,*,#3731,.T.);
#3734=ORIENTED_EDGE('',*,*,#3733,.F.);
#3736=ORIENTED_EDGE('',*,*,#3735,.T.);
#3737=EDGE_LOOP('',(#3727,#3729,#3730,#3732,#3734,#3736));
#3738=FACE_OUTER_BOUND('',#3737,.F.);
#3739=ADVANCED_FACE('',(#3738),#3725,.T.);
#3740=CARTESIAN_POINT('',(2.23268E1,-4.483E1,2.5E-1));
#3741=DIRECTION('',(1.E0,0.E0,0.E0));
#3742=DIRECTION('',(0.E0,1.E0,0.E0));
#3743=AXIS2_PLACEMENT_3D('',#3740,#3741,#3742);
#3744=PLANE('',#3743);
#3745=ORIENTED_EDGE('',*,*,#3480,.T.);
#3747=ORIENTED_EDGE('',*,*,#3746,.T.);
#3749=ORIENTED_EDGE('',*,*,#3748,.T.);
#3750=ORIENTED_EDGE('',*,*,#3726,.F.);
#3751=ORIENTED_EDGE('',*,*,#3663,.F.);
#3752=EDGE_LOOP('',(#3745,#3747,#3749,#3750,#3751));
#3753=FACE_OUTER_BOUND('',#3752,.F.);
#3754=ADVANCED_FACE('',(#3753),#3744,.F.);
#3755=CARTESIAN_POINT('',(2.2657E1,-4.2925E1,0.E0));
#3756=DIRECTION('',(0.E0,1.E0,0.E0));
#3757=DIRECTION('',(-1.E0,0.E0,0.E0));
#3758=AXIS2_PLACEMENT_3D('',#3755,#3756,#3757);
#3759=PLANE('',#3758);
#3760=ORIENTED_EDGE('',*,*,#3478,.F.);
#3762=ORIENTED_EDGE('',*,*,#3761,.T.);
#3764=ORIENTED_EDGE('',*,*,#3763,.T.);
#3765=ORIENTED_EDGE('',*,*,#3746,.F.);
#3766=EDGE_LOOP('',(#3760,#3762,#3764,#3765));
#3767=FACE_OUTER_BOUND('',#3766,.F.);
#3768=ADVANCED_FACE('',(#3767),#3759,.T.);
#3769=CARTESIAN_POINT('',(2.2657E1,-4.5465E1,0.E0));
#3770=DIRECTION('',(1.E0,0.E0,0.E0));
#3771=DIRECTION('',(0.E0,1.E0,0.E0));
#3772=AXIS2_PLACEMENT_3D('',#3769,#3770,#3771);
#3773=PLANE('',#3772);
#3774=ORIENTED_EDGE('',*,*,#3476,.F.);
#3775=ORIENTED_EDGE('',*,*,#3660,.F.);
#3777=ORIENTED_EDGE('',*,*,#3776,.T.);
#3779=ORIENTED_EDGE('',*,*,#3778,.T.);
#3780=ORIENTED_EDGE('',*,*,#3761,.F.);
#3781=EDGE_LOOP('',(#3774,#3775,#3777,#3779,#3780));
#3782=FACE_OUTER_BOUND('',#3781,.F.);
#3783=ADVANCED_FACE('',(#3782),#3773,.T.);
#3784=CARTESIAN_POINT('',(2.2277E1,-4.5845E1,0.E0));
#3785=DIRECTION('',(7.071067811866E-1,-7.071067811865E-1,0.E0));
#3786=DIRECTION('',(7.071067811865E-1,7.071067811866E-1,0.E0));
#3787=AXIS2_PLACEMENT_3D('',#3784,#3785,#3786);
#3788=PLANE('',#3787);
#3789=ORIENTED_EDGE('',*,*,#3658,.F.);
#3791=ORIENTED_EDGE('',*,*,#3790,.T.);
#3793=ORIENTED_EDGE('',*,*,#3792,.T.);
#3794=ORIENTED_EDGE('',*,*,#3776,.F.);
#3795=EDGE_LOOP('',(#3789,#3791,#3793,#3794));
#3796=FACE_OUTER_BOUND('',#3795,.F.);
#3797=ADVANCED_FACE('',(#3796),#3788,.T.);
#3798=CARTESIAN_POINT('',(2.2277E1,-6.2315E1,0.E0));
#3799=DIRECTION('',(1.E0,0.E0,0.E0));
#3800=DIRECTION('',(0.E0,1.E0,0.E0));
#3801=AXIS2_PLACEMENT_3D('',#3798,#3799,#3800);
#3802=PLANE('',#3801);
#3804=ORIENTED_EDGE('',*,*,#3803,.T.);
#3806=ORIENTED_EDGE('',*,*,#3805,.T.);
#3807=ORIENTED_EDGE('',*,*,#3790,.F.);
#3808=ORIENTED_EDGE('',*,*,#3656,.F.);
#3809=EDGE_LOOP('',(#3804,#3806,#3807,#3808));
#3810=FACE_OUTER_BOUND('',#3809,.F.);
#3811=ADVANCED_FACE('',(#3810),#3802,.T.);
#3812=CARTESIAN_POINT('',(3.103E1,-5.9777E1,-2.875E0));
#3813=DIRECTION('',(0.E0,1.E0,0.E0));
#3814=DIRECTION('',(-1.E0,0.E0,0.E0));
#3815=AXIS2_PLACEMENT_3D('',#3812,#3813,#3814);
#3816=PLANE('',#3815);
#3817=ORIENTED_EDGE('',*,*,#3654,.F.);
#3819=ORIENTED_EDGE('',*,*,#3818,.T.);
#3821=ORIENTED_EDGE('',*,*,#3820,.T.);
#3822=ORIENTED_EDGE('',*,*,#3803,.F.);
#3823=EDGE_LOOP('',(#3817,#3819,#3821,#3822));
#3824=FACE_OUTER_BOUND('',#3823,.F.);
#3825=ADVANCED_FACE('',(#3824),#3816,.F.);
#3826=CARTESIAN_POINT('',(2.1767E1,-4.5845E1,0.E0));
#3827=DIRECTION('',(-1.E0,0.E0,0.E0));
#3828=DIRECTION('',(0.E0,-1.E0,0.E0));
#3829=AXIS2_PLACEMENT_3D('',#3826,#3827,#3828);
#3830=PLANE('',#3829);
#3831=ORIENTED_EDGE('',*,*,#3818,.F.);
#3832=ORIENTED_EDGE('',*,*,#3652,.F.);
#3834=ORIENTED_EDGE('',*,*,#3833,.T.);
#3836=ORIENTED_EDGE('',*,*,#3835,.T.);
#3837=EDGE_LOOP('',(#3831,#3832,#3834,#3836));
#3838=FACE_OUTER_BOUND('',#3837,.F.);
#3839=ADVANCED_FACE('',(#3838),#3830,.T.);
#3840=CARTESIAN_POINT('',(2.1387E1,-4.5465E1,0.E0));
#3841=DIRECTION('',(-7.071067811866E-1,-7.071067811865E-1,0.E0));
#3842=DIRECTION('',(7.071067811865E-1,-7.071067811866E-1,0.E0));
#3843=AXIS2_PLACEMENT_3D('',#3840,#3841,#3842);
#3844=PLANE('',#3843);
#3845=ORIENTED_EDGE('',*,*,#3650,.F.);
#3846=ORIENTED_EDGE('',*,*,#3686,.T.);
#3848=ORIENTED_EDGE('',*,*,#3847,.T.);
#3849=ORIENTED_EDGE('',*,*,#3833,.F.);
#3850=EDGE_LOOP('',(#3845,#3846,#3848,#3849));
#3851=FACE_OUTER_BOUND('',#3850,.F.);
#3852=ADVANCED_FACE('',(#3851),#3844,.T.);
#3853=CARTESIAN_POINT('',(2.7102E1,-6.4855E1,2.5E-1));
#3854=DIRECTION('',(0.E0,0.E0,1.E0));
#3855=DIRECTION('',(1.E0,0.E0,0.E0));
#3856=AXIS2_PLACEMENT_3D('',#3853,#3854,#3855);
#3857=PLANE('',#3856);
#3858=ORIENTED_EDGE('',*,*,#3820,.F.);
#3859=ORIENTED_EDGE('',*,*,#3835,.F.);
#3860=ORIENTED_EDGE('',*,*,#3847,.F.);
#3861=ORIENTED_EDGE('',*,*,#3684,.F.);
#3862=ORIENTED_EDGE('',*,*,#3700,.F.);
#3863=ORIENTED_EDGE('',*,*,#3715,.F.);
#3864=ORIENTED_EDGE('',*,*,#3728,.F.);
#3865=ORIENTED_EDGE('',*,*,#3748,.F.);
#3866=ORIENTED_EDGE('',*,*,#3763,.F.);
#3867=ORIENTED_EDGE('',*,*,#3778,.F.);
#3868=ORIENTED_EDGE('',*,*,#3792,.F.);
#3869=ORIENTED_EDGE('',*,*,#3805,.F.);
#3870=EDGE_LOOP('',(#3858,#3859,#3860,#3861,#3862,#3863,#3864,#3865,#3866,#3867,
#3868,#3869));
#3871=FACE_OUTER_BOUND('',#3870,.F.);
#3872=ADVANCED_FACE('',(#3871),#3857,.T.);
#3873=CARTESIAN_POINT('',(2.17172E1,-6.4855E1,0.E0));
#3874=DIRECTION('',(1.E0,0.E0,0.E0));
#3875=DIRECTION('',(0.E0,0.E0,-1.E0));
#3876=AXIS2_PLACEMENT_3D('',#3873,#3874,#3875);
#3877=PLANE('',#3876);
#3879=ORIENTED_EDGE('',*,*,#3878,.F.);
#3880=ORIENTED_EDGE('',*,*,#3632,.T.);
#3882=ORIENTED_EDGE('',*,*,#3881,.T.);
#3884=ORIENTED_EDGE('',*,*,#3883,.T.);
#3885=ORIENTED_EDGE('',*,*,#3731,.F.);
#3886=ORIENTED_EDGE('',*,*,#3669,.T.);
#3888=ORIENTED_EDGE('',*,*,#3887,.F.);
#3890=ORIENTED_EDGE('',*,*,#3889,.T.);
#3892=ORIENTED_EDGE('',*,*,#3891,.T.);
#3894=ORIENTED_EDGE('',*,*,#3893,.T.);
#3896=ORIENTED_EDGE('',*,*,#3895,.T.);
#3898=ORIENTED_EDGE('',*,*,#3897,.T.);
#3900=ORIENTED_EDGE('',*,*,#3899,.T.);
#3902=ORIENTED_EDGE('',*,*,#3901,.T.);
#3904=ORIENTED_EDGE('',*,*,#3903,.T.);
#3905=EDGE_LOOP('',(#3879,#3880,#3882,#3884,#3885,#3886,#3888,#3890,#3892,#3894,
#3896,#3898,#3900,#3902,#3904));
#3906=FACE_OUTER_BOUND('',#3905,.F.);
#3907=ADVANCED_FACE('',(#3906),#3877,.F.);
#3908=CARTESIAN_POINT('',(0.E0,0.E0,-1.02E0));
#3909=DIRECTION('',(0.E0,0.E0,1.E0));
#3910=DIRECTION('',(1.E0,0.E0,0.E0));
#3911=AXIS2_PLACEMENT_3D('',#3908,#3909,#3910);
#3912=PLANE('',#3911);
#3913=ORIENTED_EDGE('',*,*,#3878,.T.);
#3915=ORIENTED_EDGE('',*,*,#3914,.T.);
#3917=ORIENTED_EDGE('',*,*,#3916,.F.);
#3918=ORIENTED_EDGE('',*,*,#3626,.F.);
#3920=ORIENTED_EDGE('',*,*,#3919,.T.);
#3922=ORIENTED_EDGE('',*,*,#3921,.T.);
#3924=ORIENTED_EDGE('',*,*,#3923,.F.);
#3925=ORIENTED_EDGE('',*,*,#3618,.F.);
#3927=ORIENTED_EDGE('',*,*,#3926,.T.);
#3929=ORIENTED_EDGE('',*,*,#3928,.T.);
#3931=ORIENTED_EDGE('',*,*,#3930,.F.);
#3932=ORIENTED_EDGE('',*,*,#3610,.F.);
#3934=ORIENTED_EDGE('',*,*,#3933,.T.);
#3936=ORIENTED_EDGE('',*,*,#3935,.T.);
#3938=ORIENTED_EDGE('',*,*,#3937,.F.);
#3939=ORIENTED_EDGE('',*,*,#3602,.F.);
#3941=ORIENTED_EDGE('',*,*,#3940,.F.);
#3943=ORIENTED_EDGE('',*,*,#3942,.F.);
#3945=ORIENTED_EDGE('',*,*,#3944,.F.);
#3946=ORIENTED_EDGE('',*,*,#3634,.F.);
#3947=EDGE_LOOP('',(#3913,#3915,#3917,#3918,#3920,#3922,#3924,#3925,#3927,#3929,
#3931,#3932,#3934,#3936,#3938,#3939,#3941,#3943,#3945,#3946));
#3948=FACE_OUTER_BOUND('',#3947,.F.);
#3950=ORIENTED_EDGE('',*,*,#3949,.F.);
#3952=ORIENTED_EDGE('',*,*,#3951,.T.);
#3954=ORIENTED_EDGE('',*,*,#3953,.F.);
#3956=ORIENTED_EDGE('',*,*,#3955,.T.);
#3958=ORIENTED_EDGE('',*,*,#3957,.F.);
#3960=ORIENTED_EDGE('',*,*,#3959,.T.);
#3962=ORIENTED_EDGE('',*,*,#3961,.F.);
#3964=ORIENTED_EDGE('',*,*,#3963,.T.);
#3965=EDGE_LOOP('',(#3950,#3952,#3954,#3956,#3958,#3960,#3962,#3964));
#3966=FACE_BOUND('',#3965,.F.);
#3967=ADVANCED_FACE('',(#3948,#3966),#3912,.F.);
#3968=CARTESIAN_POINT('',(2.17172E1,-4.3687E1,-1.295E0));
#3969=DIRECTION('',(1.E0,0.E0,0.E0));
#3970=DIRECTION('',(0.E0,0.E0,-1.E0));
#3971=AXIS2_PLACEMENT_3D('',#3968,#3969,#3970);
#3972=CYLINDRICAL_SURFACE('',#3971,3.81E-1);
#3973=ORIENTED_EDGE('',*,*,#3914,.F.);
#3974=ORIENTED_EDGE('',*,*,#3903,.F.);
#3976=ORIENTED_EDGE('',*,*,#3975,.T.);
#3978=ORIENTED_EDGE('',*,*,#3977,.T.);
#3979=EDGE_LOOP('',(#3973,#3974,#3976,#3978));
#3980=FACE_OUTER_BOUND('',#3979,.F.);
#3981=ADVANCED_FACE('',(#3980),#3972,.T.);
#3982=CARTESIAN_POINT('',(2.17172E1,-4.2925E1,-1.666169377225E0));
#3983=DIRECTION('',(0.E0,7.952921829518E-1,6.062263139585E-1));
#3984=DIRECTION('',(0.E0,-6.062263139585E-1,7.952921829518E-1));
#3985=AXIS2_PLACEMENT_3D('',#3982,#3983,#3984);
#3986=PLANE('',#3985);
#3987=ORIENTED_EDGE('',*,*,#3901,.F.);
#3989=ORIENTED_EDGE('',*,*,#3988,.T.);
#3991=ORIENTED_EDGE('',*,*,#3990,.T.);
#3992=ORIENTED_EDGE('',*,*,#3975,.F.);
#3993=EDGE_LOOP('',(#3987,#3989,#3991,#3992));
#3994=FACE_OUTER_BOUND('',#3993,.F.);
#3995=ADVANCED_FACE('',(#3994),#3986,.T.);
#3996=CARTESIAN_POINT('',(2.17172E1,-4.312700421447E1,-1.820150860970E0));
#3997=DIRECTION('',(0.E0,6.062263139585E-1,-7.952921829518E-1));
#3998=DIRECTION('',(0.E0,7.952921829518E-1,6.062263139585E-1));
#3999=AXIS2_PLACEMENT_3D('',#3996,#3997,#3998);
#4000=PLANE('',#3999);
#4001=ORIENTED_EDGE('',*,*,#3899,.F.);
#4003=ORIENTED_EDGE('',*,*,#4002,.T.);
#4005=ORIENTED_EDGE('',*,*,#4004,.T.);
#4006=ORIENTED_EDGE('',*,*,#3988,.F.);
#4007=EDGE_LOOP('',(#4001,#4003,#4005,#4006));
#4008=FACE_OUTER_BOUND('',#4007,.F.);
#4009=ADVANCED_FACE('',(#4008),#4000,.T.);
#4010=CARTESIAN_POINT('',(2.17172E1,-4.358599789277E1,-1.218009258127E0));
#4011=DIRECTION('',(0.E0,-7.952921829518E-1,-6.062263139585E-1));
#4012=DIRECTION('',(0.E0,6.062263139585E-1,-7.952921829518E-1));
#4013=AXIS2_PLACEMENT_3D('',#4010,#4011,#4012);
#4014=PLANE('',#4013);
#4015=ORIENTED_EDGE('',*,*,#3897,.F.);
#4017=ORIENTED_EDGE('',*,*,#4016,.T.);
#4019=ORIENTED_EDGE('',*,*,#4018,.T.);
#4020=ORIENTED_EDGE('',*,*,#4002,.F.);
#4021=EDGE_LOOP('',(#4015,#4017,#4019,#4020));
#4022=FACE_OUTER_BOUND('',#4021,.F.);
#4023=ADVANCED_FACE('',(#4022),#4014,.T.);
#4024=CARTESIAN_POINT('',(2.17172E1,-4.3687E1,-1.295E0));
#4025=DIRECTION('',(1.E0,0.E0,0.E0));
#4026=DIRECTION('',(0.E0,0.E0,-1.E0));
#4027=AXIS2_PLACEMENT_3D('',#4024,#4025,#4026);
#4028=CYLINDRICAL_SURFACE('',#4027,1.27E-1);
#4029=ORIENTED_EDGE('',*,*,#3895,.F.);
#4031=ORIENTED_EDGE('',*,*,#4030,.T.);
#4033=ORIENTED_EDGE('',*,*,#4032,.T.);
#4034=ORIENTED_EDGE('',*,*,#4016,.F.);
#4035=EDGE_LOOP('',(#4029,#4031,#4033,#4034));
#4036=FACE_OUTER_BOUND('',#4035,.F.);
#4037=ADVANCED_FACE('',(#4036),#4028,.F.);
#4038=CARTESIAN_POINT('',(2.17172E1,-4.445403050732E1,-1.265449351205E0));
#4039=DIRECTION('',(0.E0,1.273612968548E-1,-9.918563908467E-1));
#4040=DIRECTION('',(0.E0,9.918563908467E-1,1.273612968548E-1));
#4041=AXIS2_PLACEMENT_3D('',#4038,#4039,#4040);
#4042=PLANE('',#4041);
#4043=ORIENTED_EDGE('',*,*,#3893,.F.);
#4045=ORIENTED_EDGE('',*,*,#4044,.T.);
#4047=ORIENTED_EDGE('',*,*,#4046,.T.);
#4048=ORIENTED_EDGE('',*,*,#4030,.F.);
#4049=EDGE_LOOP('',(#4043,#4045,#4047,#4048));
#4050=FACE_OUTER_BOUND('',#4049,.F.);
#4051=ADVANCED_FACE('',(#4050),#4042,.T.);
#4052=CARTESIAN_POINT('',(2.17172E1,-4.45252E1,-7.112E-1));
#4053=DIRECTION('',(1.E0,0.E0,0.E0));
#4054=DIRECTION('',(0.E0,0.E0,-1.E0));
#4055=AXIS2_PLACEMENT_3D('',#4052,#4053,#4054);
#4056=CYLINDRICAL_SURFACE('',#4055,5.588E-1);
#4057=ORIENTED_EDGE('',*,*,#3891,.F.);
#4059=ORIENTED_EDGE('',*,*,#4058,.T.);
#4061=ORIENTED_EDGE('',*,*,#4060,.T.);
#4062=ORIENTED_EDGE('',*,*,#4044,.F.);
#4063=EDGE_LOOP('',(#4057,#4059,#4061,#4062));
#4064=FACE_OUTER_BOUND('',#4063,.F.);
#4065=ADVANCED_FACE('',(#4064),#4056,.T.);
#4066=CARTESIAN_POINT('',(2.17172E1,-4.5084E1,2.5E-1));
#4067=DIRECTION('',(0.E0,-1.E0,0.E0));
#4068=DIRECTION('',(0.E0,0.E0,-1.E0));
#4069=AXIS2_PLACEMENT_3D('',#4066,#4067,#4068);
#4070=PLANE('',#4069);
#4071=ORIENTED_EDGE('',*,*,#3889,.F.);
#4073=ORIENTED_EDGE('',*,*,#4072,.F.);
#4075=ORIENTED_EDGE('',*,*,#4074,.T.);
#4076=ORIENTED_EDGE('',*,*,#4058,.F.);
#4077=EDGE_LOOP('',(#4071,#4073,#4075,#4076));
#4078=FACE_OUTER_BOUND('',#4077,.F.);
#4079=ADVANCED_FACE('',(#4078),#4070,.T.);
#4080=CARTESIAN_POINT('',(3.465919847407E1,-4.5338E1,-2.54E-1));
#4081=DIRECTION('',(-1.E0,0.E0,0.E0));
#4082=DIRECTION('',(0.E0,0.E0,1.E0));
#4083=AXIS2_PLACEMENT_3D('',#4080,#4081,#4082);
#4084=CYLINDRICAL_SURFACE('',#4083,2.54E-1);
#4086=ORIENTED_EDGE('',*,*,#4085,.T.);
#4087=ORIENTED_EDGE('',*,*,#4072,.T.);
#4088=ORIENTED_EDGE('',*,*,#3887,.T.);
#4089=ORIENTED_EDGE('',*,*,#3667,.F.);
#4090=EDGE_LOOP('',(#4086,#4087,#4088,#4089));
#4091=FACE_OUTER_BOUND('',#4090,.F.);
#4092=ADVANCED_FACE('',(#4091),#4084,.F.);
#4093=CARTESIAN_POINT('',(2.23268E1,-6.4855E1,0.E0));
#4094=DIRECTION('',(1.E0,0.E0,0.E0));
#4095=DIRECTION('',(0.E0,0.E0,-1.E0));
#4096=AXIS2_PLACEMENT_3D('',#4093,#4094,#4095);
#4097=PLANE('',#4096);
#4098=ORIENTED_EDGE('',*,*,#3916,.T.);
#4099=ORIENTED_EDGE('',*,*,#3977,.F.);
#4100=ORIENTED_EDGE('',*,*,#3990,.F.);
#4101=ORIENTED_EDGE('',*,*,#4004,.F.);
#4102=ORIENTED_EDGE('',*,*,#4018,.F.);
#4103=ORIENTED_EDGE('',*,*,#4032,.F.);
#4104=ORIENTED_EDGE('',*,*,#4046,.F.);
#4105=ORIENTED_EDGE('',*,*,#4060,.F.);
#4106=ORIENTED_EDGE('',*,*,#4074,.F.);
#4107=ORIENTED_EDGE('',*,*,#4085,.F.);
#4108=ORIENTED_EDGE('',*,*,#3665,.T.);
#4109=ORIENTED_EDGE('',*,*,#3735,.F.);
#4111=ORIENTED_EDGE('',*,*,#4110,.F.);
#4113=ORIENTED_EDGE('',*,*,#4112,.F.);
#4114=ORIENTED_EDGE('',*,*,#3628,.F.);
#4115=EDGE_LOOP('',(#4098,#4099,#4100,#4101,#4102,#4103,#4104,#4105,#4106,#4107,
#4108,#4109,#4111,#4113,#4114));
#4116=FACE_OUTER_BOUND('',#4115,.F.);
#4117=ADVANCED_FACE('',(#4116),#4097,.T.);
#4118=CARTESIAN_POINT('',(2.17172E1,-4.483E1,2.5E-1));
#4119=DIRECTION('',(0.E0,-1.E0,0.E0));
#4120=DIRECTION('',(1.E0,0.E0,0.E0));
#4121=AXIS2_PLACEMENT_3D('',#4118,#4119,#4120);
#4122=PLANE('',#4121);
#4123=ORIENTED_EDGE('',*,*,#3883,.F.);
#4125=ORIENTED_EDGE('',*,*,#4124,.T.);
#4126=ORIENTED_EDGE('',*,*,#4110,.T.);
#4127=ORIENTED_EDGE('',*,*,#3733,.T.);
#4128=EDGE_LOOP('',(#4123,#4125,#4126,#4127));
#4129=FACE_OUTER_BOUND('',#4128,.F.);
#4130=ADVANCED_FACE('',(#4129),#4122,.F.);
#4131=CARTESIAN_POINT('',(2.17172E1,-4.45252E1,-7.112E-1));
#4132=DIRECTION('',(1.E0,0.E0,0.E0));
#4133=DIRECTION('',(0.E0,0.E0,-1.E0));
#4134=AXIS2_PLACEMENT_3D('',#4131,#4132,#4133);
#4135=CYLINDRICAL_SURFACE('',#4134,3.048E-1);
#4136=ORIENTED_EDGE('',*,*,#3630,.T.);
#4137=ORIENTED_EDGE('',*,*,#4112,.T.);
#4138=ORIENTED_EDGE('',*,*,#4124,.F.);
#4139=ORIENTED_EDGE('',*,*,#3881,.F.);
#4140=EDGE_LOOP('',(#4136,#4137,#4138,#4139));
#4141=FACE_OUTER_BOUND('',#4140,.F.);
#4142=ADVANCED_FACE('',(#4141),#4135,.F.);
#4143=CARTESIAN_POINT('',(2.42572E1,-6.4855E1,0.E0));
#4144=DIRECTION('',(1.E0,0.E0,0.E0));
#4145=DIRECTION('',(0.E0,0.E0,-1.E0));
#4146=AXIS2_PLACEMENT_3D('',#4143,#4144,#4145);
#4147=PLANE('',#4146);
#4148=ORIENTED_EDGE('',*,*,#3919,.F.);
#4149=ORIENTED_EDGE('',*,*,#3624,.T.);
#4151=ORIENTED_EDGE('',*,*,#4150,.T.);
#4153=ORIENTED_EDGE('',*,*,#4152,.T.);
#4155=ORIENTED_EDGE('',*,*,#4154,.F.);
#4157=ORIENTED_EDGE('',*,*,#4156,.T.);
#4159=ORIENTED_EDGE('',*,*,#4158,.F.);
#4161=ORIENTED_EDGE('',*,*,#4160,.T.);
#4163=ORIENTED_EDGE('',*,*,#4162,.T.);
#4165=ORIENTED_EDGE('',*,*,#4164,.T.);
#4167=ORIENTED_EDGE('',*,*,#4166,.T.);
#4169=ORIENTED_EDGE('',*,*,#4168,.T.);
#4171=ORIENTED_EDGE('',*,*,#4170,.T.);
#4173=ORIENTED_EDGE('',*,*,#4172,.T.);
#4175=ORIENTED_EDGE('',*,*,#4174,.T.);
#4176=EDGE_LOOP('',(#4148,#4149,#4151,#4153,#4155,#4157,#4159,#4161,#4163,#4165,
#4167,#4169,#4171,#4173,#4175));
#4177=FACE_OUTER_BOUND('',#4176,.F.);
#4178=ADVANCED_FACE('',(#4177),#4147,.F.);
#4179=CARTESIAN_POINT('',(2.42572E1,-4.45252E1,-7.112E-1));
#4180=DIRECTION('',(1.E0,0.E0,0.E0));
#4181=DIRECTION('',(0.E0,0.E0,-1.E0));
#4182=AXIS2_PLACEMENT_3D('',#4179,#4180,#4181);
#4183=CYLINDRICAL_SURFACE('',#4182,3.048E-1);
#4184=ORIENTED_EDGE('',*,*,#3622,.T.);
#4186=ORIENTED_EDGE('',*,*,#4185,.T.);
#4188=ORIENTED_EDGE('',*,*,#4187,.F.);
#4189=ORIENTED_EDGE('',*,*,#4150,.F.);
#4190=EDGE_LOOP('',(#4184,#4186,#4188,#4189));
#4191=FACE_OUTER_BOUND('',#4190,.F.);
#4192=ADVANCED_FACE('',(#4191),#4183,.F.);
#4193=CARTESIAN_POINT('',(2.48668E1,-6.4855E1,0.E0));
#4194=DIRECTION('',(1.E0,0.E0,0.E0));
#4195=DIRECTION('',(0.E0,0.E0,-1.E0));
#4196=AXIS2_PLACEMENT_3D('',#4193,#4194,#4195);
#4197=PLANE('',#4196);
#4198=ORIENTED_EDGE('',*,*,#3923,.T.);
#4200=ORIENTED_EDGE('',*,*,#4199,.F.);
#4202=ORIENTED_EDGE('',*,*,#4201,.F.);
#4204=ORIENTED_EDGE('',*,*,#4203,.F.);
#4206=ORIENTED_EDGE('',*,*,#4205,.F.);
#4208=ORIENTED_EDGE('',*,*,#4207,.F.);
#4210=ORIENTED_EDGE('',*,*,#4209,.F.);
#4212=ORIENTED_EDGE('',*,*,#4211,.F.);
#4214=ORIENTED_EDGE('',*,*,#4213,.F.);
#4216=ORIENTED_EDGE('',*,*,#4215,.F.);
#4218=ORIENTED_EDGE('',*,*,#4217,.T.);
#4220=ORIENTED_EDGE('',*,*,#4219,.F.);
#4222=ORIENTED_EDGE('',*,*,#4221,.F.);
#4223=ORIENTED_EDGE('',*,*,#4185,.F.);
#4224=ORIENTED_EDGE('',*,*,#3620,.F.);
#4225=EDGE_LOOP('',(#4198,#4200,#4202,#4204,#4206,#4208,#4210,#4212,#4214,#4216,
#4218,#4220,#4222,#4223,#4224));
#4226=FACE_OUTER_BOUND('',#4225,.F.);
#4227=ADVANCED_FACE('',(#4226),#4197,.T.);
#4228=CARTESIAN_POINT('',(2.42572E1,-4.3687E1,-1.295E0));
#4229=DIRECTION('',(1.E0,0.E0,0.E0));
#4230=DIRECTION('',(0.E0,0.E0,-1.E0));
#4231=AXIS2_PLACEMENT_3D('',#4228,#4229,#4230);
#4232=CYLINDRICAL_SURFACE('',#4231,3.81E-1);
#4233=ORIENTED_EDGE('',*,*,#3921,.F.);
#4234=ORIENTED_EDGE('',*,*,#4174,.F.);
#4236=ORIENTED_EDGE('',*,*,#4235,.T.);
#4237=ORIENTED_EDGE('',*,*,#4199,.T.);
#4238=EDGE_LOOP('',(#4233,#4234,#4236,#4237));
#4239=FACE_OUTER_BOUND('',#4238,.F.);
#4240=ADVANCED_FACE('',(#4239),#4232,.T.);
#4241=CARTESIAN_POINT('',(2.42572E1,-4.2925E1,-1.666169377225E0));
#4242=DIRECTION('',(0.E0,7.952921829518E-1,6.062263139585E-1));
#4243=DIRECTION('',(0.E0,-6.062263139585E-1,7.952921829518E-1));
#4244=AXIS2_PLACEMENT_3D('',#4241,#4242,#4243);
#4245=PLANE('',#4244);
#4246=ORIENTED_EDGE('',*,*,#4172,.F.);
#4248=ORIENTED_EDGE('',*,*,#4247,.T.);
#4249=ORIENTED_EDGE('',*,*,#4201,.T.);
#4250=ORIENTED_EDGE('',*,*,#4235,.F.);
#4251=EDGE_LOOP('',(#4246,#4248,#4249,#4250));
#4252=FACE_OUTER_BOUND('',#4251,.F.);
#4253=ADVANCED_FACE('',(#4252),#4245,.T.);
#4254=CARTESIAN_POINT('',(2.42572E1,-4.312700421447E1,-1.820150860970E0));
#4255=DIRECTION('',(0.E0,6.062263139585E-1,-7.952921829518E-1));
#4256=DIRECTION('',(0.E0,7.952921829518E-1,6.062263139585E-1));
#4257=AXIS2_PLACEMENT_3D('',#4254,#4255,#4256);
#4258=PLANE('',#4257);
#4259=ORIENTED_EDGE('',*,*,#4170,.F.);
#4261=ORIENTED_EDGE('',*,*,#4260,.T.);
#4262=ORIENTED_EDGE('',*,*,#4203,.T.);
#4263=ORIENTED_EDGE('',*,*,#4247,.F.);
#4264=EDGE_LOOP('',(#4259,#4261,#4262,#4263));
#4265=FACE_OUTER_BOUND('',#4264,.F.);
#4266=ADVANCED_FACE('',(#4265),#4258,.T.);
#4267=CARTESIAN_POINT('',(2.42572E1,-4.358599789277E1,-1.218009258127E0));
#4268=DIRECTION('',(0.E0,-7.952921829518E-1,-6.062263139585E-1));
#4269=DIRECTION('',(0.E0,6.062263139585E-1,-7.952921829518E-1));
#4270=AXIS2_PLACEMENT_3D('',#4267,#4268,#4269);
#4271=PLANE('',#4270);
#4272=ORIENTED_EDGE('',*,*,#4168,.F.);
#4274=ORIENTED_EDGE('',*,*,#4273,.T.);
#4275=ORIENTED_EDGE('',*,*,#4205,.T.);
#4276=ORIENTED_EDGE('',*,*,#4260,.F.);
#4277=EDGE_LOOP('',(#4272,#4274,#4275,#4276));
#4278=FACE_OUTER_BOUND('',#4277,.F.);
#4279=ADVANCED_FACE('',(#4278),#4271,.T.);
#4280=CARTESIAN_POINT('',(2.42572E1,-4.3687E1,-1.295E0));
#4281=DIRECTION('',(1.E0,0.E0,0.E0));
#4282=DIRECTION('',(0.E0,0.E0,-1.E0));
#4283=AXIS2_PLACEMENT_3D('',#4280,#4281,#4282);
#4284=CYLINDRICAL_SURFACE('',#4283,1.27E-1);
#4285=ORIENTED_EDGE('',*,*,#4166,.F.);
#4287=ORIENTED_EDGE('',*,*,#4286,.T.);
#4288=ORIENTED_EDGE('',*,*,#4207,.T.);
#4289=ORIENTED_EDGE('',*,*,#4273,.F.);
#4290=EDGE_LOOP('',(#4285,#4287,#4288,#4289));
#4291=FACE_OUTER_BOUND('',#4290,.F.);
#4292=ADVANCED_FACE('',(#4291),#4284,.F.);
#4293=CARTESIAN_POINT('',(2.42572E1,-4.445403050732E1,-1.265449351205E0));
#4294=DIRECTION('',(0.E0,1.273612968548E-1,-9.918563908467E-1));
#4295=DIRECTION('',(0.E0,9.918563908467E-1,1.273612968548E-1));
#4296=AXIS2_PLACEMENT_3D('',#4293,#4294,#4295);
#4297=PLANE('',#4296);
#4298=ORIENTED_EDGE('',*,*,#4164,.F.);
#4300=ORIENTED_EDGE('',*,*,#4299,.T.);
#4301=ORIENTED_EDGE('',*,*,#4209,.T.);
#4302=ORIENTED_EDGE('',*,*,#4286,.F.);
#4303=EDGE_LOOP('',(#4298,#4300,#4301,#4302));
#4304=FACE_OUTER_BOUND('',#4303,.F.);
#4305=ADVANCED_FACE('',(#4304),#4297,.T.);
#4306=CARTESIAN_POINT('',(2.42572E1,-4.45252E1,-7.112E-1));
#4307=DIRECTION('',(1.E0,0.E0,0.E0));
#4308=DIRECTION('',(0.E0,0.E0,-1.E0));
#4309=AXIS2_PLACEMENT_3D('',#4306,#4307,#4308);
#4310=CYLINDRICAL_SURFACE('',#4309,5.588E-1);
#4311=ORIENTED_EDGE('',*,*,#4162,.F.);
#4313=ORIENTED_EDGE('',*,*,#4312,.T.);
#4314=ORIENTED_EDGE('',*,*,#4211,.T.);
#4315=ORIENTED_EDGE('',*,*,#4299,.F.);
#4316=EDGE_LOOP('',(#4311,#4313,#4314,#4315));
#4317=FACE_OUTER_BOUND('',#4316,.F.);
#4318=ADVANCED_FACE('',(#4317),#4310,.T.);
#4319=CARTESIAN_POINT('',(2.42572E1,-4.5084E1,2.5E-1));
#4320=DIRECTION('',(0.E0,-1.E0,0.E0));
#4321=DIRECTION('',(0.E0,0.E0,-1.E0));
#4322=AXIS2_PLACEMENT_3D('',#4319,#4320,#4321);
#4323=PLANE('',#4322);
#4325=ORIENTED_EDGE('',*,*,#4324,.F.);
#4326=ORIENTED_EDGE('',*,*,#4213,.T.);
#4327=ORIENTED_EDGE('',*,*,#4312,.F.);
#4328=ORIENTED_EDGE('',*,*,#4160,.F.);
#4329=EDGE_LOOP('',(#4325,#4326,#4327,#4328));
#4330=FACE_OUTER_BOUND('',#4329,.F.);
#4331=ADVANCED_FACE('',(#4330),#4323,.T.);
#4332=CARTESIAN_POINT('',(3.465919847407E1,-4.5338E1,-2.54E-1));
#4333=DIRECTION('',(-1.E0,0.E0,0.E0));
#4334=DIRECTION('',(0.E0,0.E0,1.E0));
#4335=AXIS2_PLACEMENT_3D('',#4332,#4333,#4334);
#4336=CYLINDRICAL_SURFACE('',#4335,2.54E-1);
#4338=ORIENTED_EDGE('',*,*,#4337,.F.);
#4339=ORIENTED_EDGE('',*,*,#4215,.T.);
#4340=ORIENTED_EDGE('',*,*,#4324,.T.);
#4341=ORIENTED_EDGE('',*,*,#4158,.T.);
#4342=EDGE_LOOP('',(#4338,#4339,#4340,#4341));
#4343=FACE_OUTER_BOUND('',#4342,.F.);
#4344=ADVANCED_FACE('',(#4343),#4336,.F.);
#4345=CARTESIAN_POINT('',(2.7102E1,-6.4855E1,0.E0));
#4346=DIRECTION('',(0.E0,0.E0,1.E0));
#4347=DIRECTION('',(1.E0,0.E0,0.E0));
#4348=AXIS2_PLACEMENT_3D('',#4345,#4346,#4347);
#4349=PLANE('',#4348);
#4350=ORIENTED_EDGE('',*,*,#3584,.F.);
#4352=ORIENTED_EDGE('',*,*,#4351,.T.);
#4354=ORIENTED_EDGE('',*,*,#4353,.T.);
#4356=ORIENTED_EDGE('',*,*,#4355,.T.);
#4358=ORIENTED_EDGE('',*,*,#4357,.T.);
#4360=ORIENTED_EDGE('',*,*,#4359,.T.);
#4362=ORIENTED_EDGE('',*,*,#4361,.T.);
#4364=ORIENTED_EDGE('',*,*,#4363,.T.);
#4365=ORIENTED_EDGE('',*,*,#3587,.F.);
#4367=ORIENTED_EDGE('',*,*,#4366,.T.);
#4368=ORIENTED_EDGE('',*,*,#4217,.F.);
#4369=ORIENTED_EDGE('',*,*,#4337,.T.);
#4370=ORIENTED_EDGE('',*,*,#4156,.F.);
#4372=ORIENTED_EDGE('',*,*,#4371,.F.);
#4373=EDGE_LOOP('',(#4350,#4352,#4354,#4356,#4358,#4360,#4362,#4364,#4365,#4367,
#4368,#4369,#4370,#4372));
#4374=FACE_OUTER_BOUND('',#4373,.F.);
#4375=ADVANCED_FACE('',(#4374),#4349,.F.);
#4376=CARTESIAN_POINT('',(2.3927E1,-4.2925E1,0.E0));
#4377=DIRECTION('',(-1.E0,0.E0,0.E0));
#4378=DIRECTION('',(0.E0,-1.E0,0.E0));
#4379=AXIS2_PLACEMENT_3D('',#4376,#4377,#4378);
#4380=PLANE('',#4379);
#4381=ORIENTED_EDGE('',*,*,#3472,.T.);
#4383=ORIENTED_EDGE('',*,*,#4382,.T.);
#4385=ORIENTED_EDGE('',*,*,#4384,.T.);
#4387=ORIENTED_EDGE('',*,*,#4386,.F.);
#4388=ORIENTED_EDGE('',*,*,#4351,.F.);
#4389=EDGE_LOOP('',(#4381,#4383,#4385,#4387,#4388));
#4390=FACE_OUTER_BOUND('',#4389,.F.);
#4391=ADVANCED_FACE('',(#4390),#4380,.T.);
#4392=CARTESIAN_POINT('',(2.5197E1,-4.2925E1,0.E0));
#4393=DIRECTION('',(0.E0,1.E0,0.E0));
#4394=DIRECTION('',(-1.E0,0.E0,0.E0));
#4395=AXIS2_PLACEMENT_3D('',#4392,#4393,#4394);
#4396=PLANE('',#4395);
#4397=ORIENTED_EDGE('',*,*,#3470,.F.);
#4399=ORIENTED_EDGE('',*,*,#4398,.T.);
#4401=ORIENTED_EDGE('',*,*,#4400,.T.);
#4402=ORIENTED_EDGE('',*,*,#4382,.F.);
#4403=EDGE_LOOP('',(#4397,#4399,#4401,#4402));
#4404=FACE_OUTER_BOUND('',#4403,.F.);
#4405=ADVANCED_FACE('',(#4404),#4396,.T.);
#4406=CARTESIAN_POINT('',(2.42572E1,-4.2925E1,2.5E-1));
#4407=DIRECTION('',(-1.E0,0.E0,0.E0));
#4408=DIRECTION('',(0.E0,-1.E0,0.E0));
#4409=AXIS2_PLACEMENT_3D('',#4406,#4407,#4408);
#4410=PLANE('',#4409);
#4411=ORIENTED_EDGE('',*,*,#3468,.F.);
#4412=ORIENTED_EDGE('',*,*,#4371,.T.);
#4414=ORIENTED_EDGE('',*,*,#4413,.F.);
#4416=ORIENTED_EDGE('',*,*,#4415,.T.);
#4417=ORIENTED_EDGE('',*,*,#4398,.F.);
#4418=EDGE_LOOP('',(#4411,#4412,#4414,#4416,#4417));
#4419=FACE_OUTER_BOUND('',#4418,.F.);
#4420=ADVANCED_FACE('',(#4419),#4410,.F.);
#4421=CARTESIAN_POINT('',(3.465919847407E1,-4.5084E1,-4.E-3));
#4422=DIRECTION('',(-1.E0,0.E0,0.E0));
#4423=DIRECTION('',(0.E0,0.E0,1.E0));
#4424=AXIS2_PLACEMENT_3D('',#4421,#4422,#4423);
#4425=CYLINDRICAL_SURFACE('',#4424,2.54E-1);
#4427=ORIENTED_EDGE('',*,*,#4426,.F.);
#4428=ORIENTED_EDGE('',*,*,#4219,.T.);
#4430=ORIENTED_EDGE('',*,*,#4429,.T.);
#4432=ORIENTED_EDGE('',*,*,#4431,.T.);
#4433=ORIENTED_EDGE('',*,*,#4413,.T.);
#4434=ORIENTED_EDGE('',*,*,#4154,.T.);
#4435=EDGE_LOOP('',(#4427,#4428,#4430,#4432,#4433,#4434));
#4436=FACE_OUTER_BOUND('',#4435,.F.);
#4437=ADVANCED_FACE('',(#4436),#4425,.T.);
#4438=CARTESIAN_POINT('',(2.42572E1,-4.483E1,2.5E-1));
#4439=DIRECTION('',(0.E0,-1.E0,0.E0));
#4440=DIRECTION('',(1.E0,0.E0,0.E0));
#4441=AXIS2_PLACEMENT_3D('',#4438,#4439,#4440);
#4442=PLANE('',#4441);
#4443=ORIENTED_EDGE('',*,*,#4426,.T.);
#4444=ORIENTED_EDGE('',*,*,#4152,.F.);
#4445=ORIENTED_EDGE('',*,*,#4187,.T.);
#4446=ORIENTED_EDGE('',*,*,#4221,.T.);
#4447=EDGE_LOOP('',(#4443,#4444,#4445,#4446));
#4448=FACE_OUTER_BOUND('',#4447,.F.);
#4449=ADVANCED_FACE('',(#4448),#4442,.F.);
#4450=CARTESIAN_POINT('',(2.48668E1,-4.483E1,2.5E-1));
#4451=DIRECTION('',(1.E0,0.E0,0.E0));
#4452=DIRECTION('',(0.E0,1.E0,0.E0));
#4453=AXIS2_PLACEMENT_3D('',#4450,#4451,#4452);
#4454=PLANE('',#4453);
#4455=ORIENTED_EDGE('',*,*,#3464,.T.);
#4457=ORIENTED_EDGE('',*,*,#4456,.T.);
#4459=ORIENTED_EDGE('',*,*,#4458,.T.);
#4460=ORIENTED_EDGE('',*,*,#4429,.F.);
#4461=ORIENTED_EDGE('',*,*,#4366,.F.);
#4462=EDGE_LOOP('',(#4455,#4457,#4459,#4460,#4461));
#4463=FACE_OUTER_BOUND('',#4462,.F.);
#4464=ADVANCED_FACE('',(#4463),#4454,.F.);
#4465=CARTESIAN_POINT('',(2.5197E1,-4.2925E1,0.E0));
#4466=DIRECTION('',(0.E0,1.E0,0.E0));
#4467=DIRECTION('',(-1.E0,0.E0,0.E0));
#4468=AXIS2_PLACEMENT_3D('',#4465,#4466,#4467);
#4469=PLANE('',#4468);
#4470=ORIENTED_EDGE('',*,*,#3462,.F.);
#4472=ORIENTED_EDGE('',*,*,#4471,.T.);
#4474=ORIENTED_EDGE('',*,*,#4473,.T.);
#4475=ORIENTED_EDGE('',*,*,#4456,.F.);
#4476=EDGE_LOOP('',(#4470,#4472,#4474,#4475));
#4477=FACE_OUTER_BOUND('',#4476,.F.);
#4478=ADVANCED_FACE('',(#4477),#4469,.T.);
#4479=CARTESIAN_POINT('',(2.5197E1,-4.5465E1,0.E0));
#4480=DIRECTION('',(1.E0,0.E0,0.E0));
#4481=DIRECTION('',(0.E0,1.E0,0.E0));
#4482=AXIS2_PLACEMENT_3D('',#4479,#4480,#4481);
#4483=PLANE('',#4482);
#4484=ORIENTED_EDGE('',*,*,#3460,.F.);
#4485=ORIENTED_EDGE('',*,*,#4363,.F.);
#4487=ORIENTED_EDGE('',*,*,#4486,.T.);
#4489=ORIENTED_EDGE('',*,*,#4488,.T.);
#4490=ORIENTED_EDGE('',*,*,#4471,.F.);
#4491=EDGE_LOOP('',(#4484,#4485,#4487,#4489,#4490));
#4492=FACE_OUTER_BOUND('',#4491,.F.);
#4493=ADVANCED_FACE('',(#4492),#4483,.T.);
#4494=CARTESIAN_POINT('',(2.4817E1,-4.5845E1,0.E0));
#4495=DIRECTION('',(7.071067811866E-1,-7.071067811865E-1,0.E0));
#4496=DIRECTION('',(7.071067811865E-1,7.071067811866E-1,0.E0));
#4497=AXIS2_PLACEMENT_3D('',#4494,#4495,#4496);
#4498=PLANE('',#4497);
#4499=ORIENTED_EDGE('',*,*,#4361,.F.);
#4501=ORIENTED_EDGE('',*,*,#4500,.T.);
#4503=ORIENTED_EDGE('',*,*,#4502,.T.);
#4504=ORIENTED_EDGE('',*,*,#4486,.F.);
#4505=EDGE_LOOP('',(#4499,#4501,#4503,#4504));
#4506=FACE_OUTER_BOUND('',#4505,.F.);
#4507=ADVANCED_FACE('',(#4506),#4498,.T.);
#4508=CARTESIAN_POINT('',(2.4817E1,-6.2315E1,0.E0));
#4509=DIRECTION('',(1.E0,0.E0,0.E0));
#4510=DIRECTION('',(0.E0,1.E0,0.E0));
#4511=AXIS2_PLACEMENT_3D('',#4508,#4509,#4510);
#4512=PLANE('',#4511);
#4514=ORIENTED_EDGE('',*,*,#4513,.T.);
#4516=ORIENTED_EDGE('',*,*,#4515,.T.);
#4517=ORIENTED_EDGE('',*,*,#4500,.F.);
#4518=ORIENTED_EDGE('',*,*,#4359,.F.);
#4519=EDGE_LOOP('',(#4514,#4516,#4517,#4518));
#4520=FACE_OUTER_BOUND('',#4519,.F.);
#4521=ADVANCED_FACE('',(#4520),#4512,.T.);
#4522=CARTESIAN_POINT('',(3.103E1,-5.9777E1,-2.875E0));
#4523=DIRECTION('',(0.E0,1.E0,0.E0));
#4524=DIRECTION('',(-1.E0,0.E0,0.E0));
#4525=AXIS2_PLACEMENT_3D('',#4522,#4523,#4524);
#4526=PLANE('',#4525);
#4527=ORIENTED_EDGE('',*,*,#4357,.F.);
#4529=ORIENTED_EDGE('',*,*,#4528,.T.);
#4531=ORIENTED_EDGE('',*,*,#4530,.T.);
#4532=ORIENTED_EDGE('',*,*,#4513,.F.);
#4533=EDGE_LOOP('',(#4527,#4529,#4531,#4532));
#4534=FACE_OUTER_BOUND('',#4533,.F.);
#4535=ADVANCED_FACE('',(#4534),#4526,.F.);
#4536=CARTESIAN_POINT('',(2.4307E1,-4.5845E1,0.E0));
#4537=DIRECTION('',(-1.E0,0.E0,0.E0));
#4538=DIRECTION('',(0.E0,-1.E0,0.E0));
#4539=AXIS2_PLACEMENT_3D('',#4536,#4537,#4538);
#4540=PLANE('',#4539);
#4541=ORIENTED_EDGE('',*,*,#4528,.F.);
#4542=ORIENTED_EDGE('',*,*,#4355,.F.);
#4544=ORIENTED_EDGE('',*,*,#4543,.T.);
#4546=ORIENTED_EDGE('',*,*,#4545,.T.);
#4547=EDGE_LOOP('',(#4541,#4542,#4544,#4546));
#4548=FACE_OUTER_BOUND('',#4547,.F.);
#4549=ADVANCED_FACE('',(#4548),#4540,.T.);
#4550=CARTESIAN_POINT('',(2.3927E1,-4.5465E1,0.E0));
#4551=DIRECTION('',(-7.071067811866E-1,-7.071067811865E-1,0.E0));
#4552=DIRECTION('',(7.071067811865E-1,-7.071067811866E-1,0.E0));
#4553=AXIS2_PLACEMENT_3D('',#4550,#4551,#4552);
#4554=PLANE('',#4553);
#4555=ORIENTED_EDGE('',*,*,#4353,.F.);
#4556=ORIENTED_EDGE('',*,*,#4386,.T.);
#4558=ORIENTED_EDGE('',*,*,#4557,.T.);
#4559=ORIENTED_EDGE('',*,*,#4543,.F.);
#4560=EDGE_LOOP('',(#4555,#4556,#4558,#4559));
#4561=FACE_OUTER_BOUND('',#4560,.F.);
#4562=ADVANCED_FACE('',(#4561),#4554,.T.);
#4563=CARTESIAN_POINT('',(2.7102E1,-6.4855E1,2.5E-1));
#4564=DIRECTION('',(0.E0,0.E0,1.E0));
#4565=DIRECTION('',(1.E0,0.E0,0.E0));
#4566=AXIS2_PLACEMENT_3D('',#4563,#4564,#4565);
#4567=PLANE('',#4566);
#4568=ORIENTED_EDGE('',*,*,#4530,.F.);
#4569=ORIENTED_EDGE('',*,*,#4545,.F.);
#4570=ORIENTED_EDGE('',*,*,#4557,.F.);
#4571=ORIENTED_EDGE('',*,*,#4384,.F.);
#4572=ORIENTED_EDGE('',*,*,#4400,.F.);
#4573=ORIENTED_EDGE('',*,*,#4415,.F.);
#4574=ORIENTED_EDGE('',*,*,#4431,.F.);
#4575=ORIENTED_EDGE('',*,*,#4458,.F.);
#4576=ORIENTED_EDGE('',*,*,#4473,.F.);
#4577=ORIENTED_EDGE('',*,*,#4488,.F.);
#4578=ORIENTED_EDGE('',*,*,#4502,.F.);
#4579=ORIENTED_EDGE('',*,*,#4515,.F.);
#4580=EDGE_LOOP('',(#4568,#4569,#4570,#4571,#4572,#4573,#4574,#4575,#4576,#4577,
#4578,#4579));
#4581=FACE_OUTER_BOUND('',#4580,.F.);
#4582=ADVANCED_FACE('',(#4581),#4567,.T.);
#4583=CARTESIAN_POINT('',(2.67972E1,-6.4855E1,0.E0));
#4584=DIRECTION('',(1.E0,0.E0,0.E0));
#4585=DIRECTION('',(0.E0,0.E0,-1.E0));
#4586=AXIS2_PLACEMENT_3D('',#4583,#4584,#4585);
#4587=PLANE('',#4586);
#4588=ORIENTED_EDGE('',*,*,#3926,.F.);
#4589=ORIENTED_EDGE('',*,*,#3616,.T.);
#4591=ORIENTED_EDGE('',*,*,#4590,.T.);
#4593=ORIENTED_EDGE('',*,*,#4592,.T.);
#4595=ORIENTED_EDGE('',*,*,#4594,.F.);
#4597=ORIENTED_EDGE('',*,*,#4596,.T.);
#4599=ORIENTED_EDGE('',*,*,#4598,.F.);
#4601=ORIENTED_EDGE('',*,*,#4600,.T.);
#4603=ORIENTED_EDGE('',*,*,#4602,.T.);
#4605=ORIENTED_EDGE('',*,*,#4604,.T.);
#4607=ORIENTED_EDGE('',*,*,#4606,.T.);
#4609=ORIENTED_EDGE('',*,*,#4608,.T.);
#4611=ORIENTED_EDGE('',*,*,#4610,.T.);
#4613=ORIENTED_EDGE('',*,*,#4612,.T.);
#4615=ORIENTED_EDGE('',*,*,#4614,.T.);
#4616=EDGE_LOOP('',(#4588,#4589,#4591,#4593,#4595,#4597,#4599,#4601,#4603,#4605,
#4607,#4609,#4611,#4613,#4615));
#4617=FACE_OUTER_BOUND('',#4616,.F.);
#4618=ADVANCED_FACE('',(#4617),#4587,.F.);
#4619=CARTESIAN_POINT('',(2.67972E1,-4.45252E1,-7.112E-1));
#4620=DIRECTION('',(1.E0,0.E0,0.E0));
#4621=DIRECTION('',(0.E0,0.E0,-1.E0));
#4622=AXIS2_PLACEMENT_3D('',#4619,#4620,#4621);
#4623=CYLINDRICAL_SURFACE('',#4622,3.048E-1);
#4624=ORIENTED_EDGE('',*,*,#3614,.T.);
#4626=ORIENTED_EDGE('',*,*,#4625,.T.);
#4628=ORIENTED_EDGE('',*,*,#4627,.F.);
#4629=ORIENTED_EDGE('',*,*,#4590,.F.);
#4630=EDGE_LOOP('',(#4624,#4626,#4628,#4629));
#4631=FACE_OUTER_BOUND('',#4630,.F.);
#4632=ADVANCED_FACE('',(#4631),#4623,.F.);
#4633=CARTESIAN_POINT('',(2.74068E1,-6.4855E1,0.E0));
#4634=DIRECTION('',(1.E0,0.E0,0.E0));
#4635=DIRECTION('',(0.E0,0.E0,-1.E0));
#4636=AXIS2_PLACEMENT_3D('',#4633,#4634,#4635);
#4637=PLANE('',#4636);
#4638=ORIENTED_EDGE('',*,*,#3930,.T.);
#4640=ORIENTED_EDGE('',*,*,#4639,.F.);
#4642=ORIENTED_EDGE('',*,*,#4641,.F.);
#4644=ORIENTED_EDGE('',*,*,#4643,.F.);
#4646=ORIENTED_EDGE('',*,*,#4645,.F.);
#4648=ORIENTED_EDGE('',*,*,#4647,.F.);
#4650=ORIENTED_EDGE('',*,*,#4649,.F.);
#4652=ORIENTED_EDGE('',*,*,#4651,.F.);
#4654=ORIENTED_EDGE('',*,*,#4653,.F.);
#4656=ORIENTED_EDGE('',*,*,#4655,.F.);
#4658=ORIENTED_EDGE('',*,*,#4657,.T.);
#4660=ORIENTED_EDGE('',*,*,#4659,.F.);
#4662=ORIENTED_EDGE('',*,*,#4661,.F.);
#4663=ORIENTED_EDGE('',*,*,#4625,.F.);
#4664=ORIENTED_EDGE('',*,*,#3612,.F.);
#4665=EDGE_LOOP('',(#4638,#4640,#4642,#4644,#4646,#4648,#4650,#4652,#4654,#4656,
#4658,#4660,#4662,#4663,#4664));
#4666=FACE_OUTER_BOUND('',#4665,.F.);
#4667=ADVANCED_FACE('',(#4666),#4637,.T.);
#4668=CARTESIAN_POINT('',(2.67972E1,-4.3687E1,-1.295E0));
#4669=DIRECTION('',(1.E0,0.E0,0.E0));
#4670=DIRECTION('',(0.E0,0.E0,-1.E0));
#4671=AXIS2_PLACEMENT_3D('',#4668,#4669,#4670);
#4672=CYLINDRICAL_SURFACE('',#4671,3.81E-1);
#4673=ORIENTED_EDGE('',*,*,#3928,.F.);
#4674=ORIENTED_EDGE('',*,*,#4614,.F.);
#4676=ORIENTED_EDGE('',*,*,#4675,.T.);
#4677=ORIENTED_EDGE('',*,*,#4639,.T.);
#4678=EDGE_LOOP('',(#4673,#4674,#4676,#4677));
#4679=FACE_OUTER_BOUND('',#4678,.F.);
#4680=ADVANCED_FACE('',(#4679),#4672,.T.);
#4681=CARTESIAN_POINT('',(2.67972E1,-4.2925E1,-1.666169377225E0));
#4682=DIRECTION('',(0.E0,7.952921829518E-1,6.062263139585E-1));
#4683=DIRECTION('',(0.E0,-6.062263139585E-1,7.952921829518E-1));
#4684=AXIS2_PLACEMENT_3D('',#4681,#4682,#4683);
#4685=PLANE('',#4684);
#4686=ORIENTED_EDGE('',*,*,#4612,.F.);
#4688=ORIENTED_EDGE('',*,*,#4687,.T.);
#4689=ORIENTED_EDGE('',*,*,#4641,.T.);
#4690=ORIENTED_EDGE('',*,*,#4675,.F.);
#4691=EDGE_LOOP('',(#4686,#4688,#4689,#4690));
#4692=FACE_OUTER_BOUND('',#4691,.F.);
#4693=ADVANCED_FACE('',(#4692),#4685,.T.);
#4694=CARTESIAN_POINT('',(2.67972E1,-4.312700421447E1,-1.820150860970E0));
#4695=DIRECTION('',(0.E0,6.062263139585E-1,-7.952921829518E-1));
#4696=DIRECTION('',(0.E0,7.952921829518E-1,6.062263139585E-1));
#4697=AXIS2_PLACEMENT_3D('',#4694,#4695,#4696);
#4698=PLANE('',#4697);
#4699=ORIENTED_EDGE('',*,*,#4610,.F.);
#4701=ORIENTED_EDGE('',*,*,#4700,.T.);
#4702=ORIENTED_EDGE('',*,*,#4643,.T.);
#4703=ORIENTED_EDGE('',*,*,#4687,.F.);
#4704=EDGE_LOOP('',(#4699,#4701,#4702,#4703));
#4705=FACE_OUTER_BOUND('',#4704,.F.);
#4706=ADVANCED_FACE('',(#4705),#4698,.T.);
#4707=CARTESIAN_POINT('',(2.67972E1,-4.358599789277E1,-1.218009258127E0));
#4708=DIRECTION('',(0.E0,-7.952921829518E-1,-6.062263139585E-1));
#4709=DIRECTION('',(0.E0,6.062263139585E-1,-7.952921829518E-1));
#4710=AXIS2_PLACEMENT_3D('',#4707,#4708,#4709);
#4711=PLANE('',#4710);
#4712=ORIENTED_EDGE('',*,*,#4608,.F.);
#4714=ORIENTED_EDGE('',*,*,#4713,.T.);
#4715=ORIENTED_EDGE('',*,*,#4645,.T.);
#4716=ORIENTED_EDGE('',*,*,#4700,.F.);
#4717=EDGE_LOOP('',(#4712,#4714,#4715,#4716));
#4718=FACE_OUTER_BOUND('',#4717,.F.);
#4719=ADVANCED_FACE('',(#4718),#4711,.T.);
#4720=CARTESIAN_POINT('',(2.67972E1,-4.3687E1,-1.295E0));
#4721=DIRECTION('',(1.E0,0.E0,0.E0));
#4722=DIRECTION('',(0.E0,0.E0,-1.E0));
#4723=AXIS2_PLACEMENT_3D('',#4720,#4721,#4722);
#4724=CYLINDRICAL_SURFACE('',#4723,1.27E-1);
#4725=ORIENTED_EDGE('',*,*,#4606,.F.);
#4727=ORIENTED_EDGE('',*,*,#4726,.T.);
#4728=ORIENTED_EDGE('',*,*,#4647,.T.);
#4729=ORIENTED_EDGE('',*,*,#4713,.F.);
#4730=EDGE_LOOP('',(#4725,#4727,#4728,#4729));
#4731=FACE_OUTER_BOUND('',#4730,.F.);
#4732=ADVANCED_FACE('',(#4731),#4724,.F.);
#4733=CARTESIAN_POINT('',(2.67972E1,-4.445403050732E1,-1.265449351205E0));
#4734=DIRECTION('',(0.E0,1.273612968548E-1,-9.918563908467E-1));
#4735=DIRECTION('',(0.E0,9.918563908467E-1,1.273612968548E-1));
#4736=AXIS2_PLACEMENT_3D('',#4733,#4734,#4735);
#4737=PLANE('',#4736);
#4738=ORIENTED_EDGE('',*,*,#4604,.F.);
#4740=ORIENTED_EDGE('',*,*,#4739,.T.);
#4741=ORIENTED_EDGE('',*,*,#4649,.T.);
#4742=ORIENTED_EDGE('',*,*,#4726,.F.);
#4743=EDGE_LOOP('',(#4738,#4740,#4741,#4742));
#4744=FACE_OUTER_BOUND('',#4743,.F.);
#4745=ADVANCED_FACE('',(#4744),#4737,.T.);
#4746=CARTESIAN_POINT('',(2.67972E1,-4.45252E1,-7.112E-1));
#4747=DIRECTION('',(1.E0,0.E0,0.E0));
#4748=DIRECTION('',(0.E0,0.E0,-1.E0));
#4749=AXIS2_PLACEMENT_3D('',#4746,#4747,#4748);
#4750=CYLINDRICAL_SURFACE('',#4749,5.588E-1);
#4751=ORIENTED_EDGE('',*,*,#4602,.F.);
#4753=ORIENTED_EDGE('',*,*,#4752,.T.);
#4754=ORIENTED_EDGE('',*,*,#4651,.T.);
#4755=ORIENTED_EDGE('',*,*,#4739,.F.);
#4756=EDGE_LOOP('',(#4751,#4753,#4754,#4755));
#4757=FACE_OUTER_BOUND('',#4756,.F.);
#4758=ADVANCED_FACE('',(#4757),#4750,.T.);
#4759=CARTESIAN_POINT('',(2.67972E1,-4.5084E1,2.5E-1));
#4760=DIRECTION('',(0.E0,-1.E0,0.E0));
#4761=DIRECTION('',(0.E0,0.E0,-1.E0));
#4762=AXIS2_PLACEMENT_3D('',#4759,#4760,#4761);
#4763=PLANE('',#4762);
#4765=ORIENTED_EDGE('',*,*,#4764,.F.);
#4766=ORIENTED_EDGE('',*,*,#4653,.T.);
#4767=ORIENTED_EDGE('',*,*,#4752,.F.);
#4768=ORIENTED_EDGE('',*,*,#4600,.F.);
#4769=EDGE_LOOP('',(#4765,#4766,#4767,#4768));
#4770=FACE_OUTER_BOUND('',#4769,.F.);
#4771=ADVANCED_FACE('',(#4770),#4763,.T.);
#4772=CARTESIAN_POINT('',(3.465919847407E1,-4.5338E1,-2.54E-1));
#4773=DIRECTION('',(-1.E0,0.E0,0.E0));
#4774=DIRECTION('',(0.E0,0.E0,1.E0));
#4775=AXIS2_PLACEMENT_3D('',#4772,#4773,#4774);
#4776=CYLINDRICAL_SURFACE('',#4775,2.54E-1);
#4778=ORIENTED_EDGE('',*,*,#4777,.F.);
#4779=ORIENTED_EDGE('',*,*,#4655,.T.);
#4780=ORIENTED_EDGE('',*,*,#4764,.T.);
#4781=ORIENTED_EDGE('',*,*,#4598,.T.);
#4782=EDGE_LOOP('',(#4778,#4779,#4780,#4781));
#4783=FACE_OUTER_BOUND('',#4782,.F.);
#4784=ADVANCED_FACE('',(#4783),#4776,.F.);
#4785=CARTESIAN_POINT('',(2.7102E1,-6.4855E1,0.E0));
#4786=DIRECTION('',(0.E0,0.E0,1.E0));
#4787=DIRECTION('',(1.E0,0.E0,0.E0));
#4788=AXIS2_PLACEMENT_3D('',#4785,#4786,#4787);
#4789=PLANE('',#4788);
#4790=ORIENTED_EDGE('',*,*,#3590,.F.);
#4792=ORIENTED_EDGE('',*,*,#4791,.T.);
#4794=ORIENTED_EDGE('',*,*,#4793,.T.);
#4796=ORIENTED_EDGE('',*,*,#4795,.T.);
#4798=ORIENTED_EDGE('',*,*,#4797,.T.);
#4800=ORIENTED_EDGE('',*,*,#4799,.T.);
#4802=ORIENTED_EDGE('',*,*,#4801,.T.);
#4804=ORIENTED_EDGE('',*,*,#4803,.T.);
#4805=ORIENTED_EDGE('',*,*,#3593,.F.);
#4807=ORIENTED_EDGE('',*,*,#4806,.T.);
#4808=ORIENTED_EDGE('',*,*,#4657,.F.);
#4809=ORIENTED_EDGE('',*,*,#4777,.T.);
#4810=ORIENTED_EDGE('',*,*,#4596,.F.);
#4812=ORIENTED_EDGE('',*,*,#4811,.F.);
#4813=EDGE_LOOP('',(#4790,#4792,#4794,#4796,#4798,#4800,#4802,#4804,#4805,#4807,
#4808,#4809,#4810,#4812));
#4814=FACE_OUTER_BOUND('',#4813,.F.);
#4815=ADVANCED_FACE('',(#4814),#4789,.F.);
#4816=CARTESIAN_POINT('',(2.6467E1,-4.2925E1,0.E0));
#4817=DIRECTION('',(-1.E0,0.E0,0.E0));
#4818=DIRECTION('',(0.E0,-1.E0,0.E0));
#4819=AXIS2_PLACEMENT_3D('',#4816,#4817,#4818);
#4820=PLANE('',#4819);
#4821=ORIENTED_EDGE('',*,*,#3456,.T.);
#4823=ORIENTED_EDGE('',*,*,#4822,.T.);
#4825=ORIENTED_EDGE('',*,*,#4824,.T.);
#4827=ORIENTED_EDGE('',*,*,#4826,.F.);
#4828=ORIENTED_EDGE('',*,*,#4791,.F.);
#4829=EDGE_LOOP('',(#4821,#4823,#4825,#4827,#4828));
#4830=FACE_OUTER_BOUND('',#4829,.F.);
#4831=ADVANCED_FACE('',(#4830),#4820,.T.);
#4832=CARTESIAN_POINT('',(2.7737E1,-4.2925E1,0.E0));
#4833=DIRECTION('',(0.E0,1.E0,0.E0));
#4834=DIRECTION('',(-1.E0,0.E0,0.E0));
#4835=AXIS2_PLACEMENT_3D('',#4832,#4833,#4834);
#4836=PLANE('',#4835);
#4837=ORIENTED_EDGE('',*,*,#3454,.F.);
#4839=ORIENTED_EDGE('',*,*,#4838,.T.);
#4841=ORIENTED_EDGE('',*,*,#4840,.T.);
#4842=ORIENTED_EDGE('',*,*,#4822,.F.);
#4843=EDGE_LOOP('',(#4837,#4839,#4841,#4842));
#4844=FACE_OUTER_BOUND('',#4843,.F.);
#4845=ADVANCED_FACE('',(#4844),#4836,.T.);
#4846=CARTESIAN_POINT('',(2.67972E1,-4.2925E1,2.5E-1));
#4847=DIRECTION('',(-1.E0,0.E0,0.E0));
#4848=DIRECTION('',(0.E0,-1.E0,0.E0));
#4849=AXIS2_PLACEMENT_3D('',#4846,#4847,#4848);
#4850=PLANE('',#4849);
#4851=ORIENTED_EDGE('',*,*,#3452,.F.);
#4852=ORIENTED_EDGE('',*,*,#4811,.T.);
#4854=ORIENTED_EDGE('',*,*,#4853,.F.);
#4856=ORIENTED_EDGE('',*,*,#4855,.T.);
#4857=ORIENTED_EDGE('',*,*,#4838,.F.);
#4858=EDGE_LOOP('',(#4851,#4852,#4854,#4856,#4857));
#4859=FACE_OUTER_BOUND('',#4858,.F.);
#4860=ADVANCED_FACE('',(#4859),#4850,.F.);
#4861=CARTESIAN_POINT('',(3.465919847407E1,-4.5084E1,-4.E-3));
#4862=DIRECTION('',(-1.E0,0.E0,0.E0));
#4863=DIRECTION('',(0.E0,0.E0,1.E0));
#4864=AXIS2_PLACEMENT_3D('',#4861,#4862,#4863);
#4865=CYLINDRICAL_SURFACE('',#4864,2.54E-1);
#4867=ORIENTED_EDGE('',*,*,#4866,.T.);
#4869=ORIENTED_EDGE('',*,*,#4868,.T.);
#4870=ORIENTED_EDGE('',*,*,#4853,.T.);
#4871=ORIENTED_EDGE('',*,*,#4594,.T.);
#4873=ORIENTED_EDGE('',*,*,#4872,.F.);
#4874=ORIENTED_EDGE('',*,*,#4659,.T.);
#4875=EDGE_LOOP('',(#4867,#4869,#4870,#4871,#4873,#4874));
#4876=FACE_OUTER_BOUND('',#4875,.F.);
#4877=ADVANCED_FACE('',(#4876),#4865,.T.);
#4878=CARTESIAN_POINT('',(2.74068E1,-4.483E1,2.5E-1));
#4879=DIRECTION('',(1.E0,0.E0,0.E0));
#4880=DIRECTION('',(0.E0,1.E0,0.E0));
#4881=AXIS2_PLACEMENT_3D('',#4878,#4879,#4880);
#4882=PLANE('',#4881);
#4883=ORIENTED_EDGE('',*,*,#3448,.T.);
#4885=ORIENTED_EDGE('',*,*,#4884,.T.);
#4887=ORIENTED_EDGE('',*,*,#4886,.T.);
#4888=ORIENTED_EDGE('',*,*,#4866,.F.);
#4889=ORIENTED_EDGE('',*,*,#4806,.F.);
#4890=EDGE_LOOP('',(#4883,#4885,#4887,#4888,#4889));
#4891=FACE_OUTER_BOUND('',#4890,.F.);
#4892=ADVANCED_FACE('',(#4891),#4882,.F.);
#4893=CARTESIAN_POINT('',(2.7737E1,-4.2925E1,0.E0));
#4894=DIRECTION('',(0.E0,1.E0,0.E0));
#4895=DIRECTION('',(-1.E0,0.E0,0.E0));
#4896=AXIS2_PLACEMENT_3D('',#4893,#4894,#4895);
#4897=PLANE('',#4896);
#4898=ORIENTED_EDGE('',*,*,#3446,.F.);
#4900=ORIENTED_EDGE('',*,*,#4899,.T.);
#4902=ORIENTED_EDGE('',*,*,#4901,.T.);
#4903=ORIENTED_EDGE('',*,*,#4884,.F.);
#4904=EDGE_LOOP('',(#4898,#4900,#4902,#4903));
#4905=FACE_OUTER_BOUND('',#4904,.F.);
#4906=ADVANCED_FACE('',(#4905),#4897,.T.);
#4907=CARTESIAN_POINT('',(2.7737E1,-4.5465E1,0.E0));
#4908=DIRECTION('',(1.E0,0.E0,0.E0));
#4909=DIRECTION('',(0.E0,1.E0,0.E0));
#4910=AXIS2_PLACEMENT_3D('',#4907,#4908,#4909);
#4911=PLANE('',#4910);
#4912=ORIENTED_EDGE('',*,*,#3444,.F.);
#4913=ORIENTED_EDGE('',*,*,#4803,.F.);
#4915=ORIENTED_EDGE('',*,*,#4914,.T.);
#4917=ORIENTED_EDGE('',*,*,#4916,.T.);
#4918=ORIENTED_EDGE('',*,*,#4899,.F.);
#4919=EDGE_LOOP('',(#4912,#4913,#4915,#4917,#4918));
#4920=FACE_OUTER_BOUND('',#4919,.F.);
#4921=ADVANCED_FACE('',(#4920),#4911,.T.);
#4922=CARTESIAN_POINT('',(2.7357E1,-4.5845E1,0.E0));
#4923=DIRECTION('',(7.071067811866E-1,-7.071067811865E-1,0.E0));
#4924=DIRECTION('',(7.071067811865E-1,7.071067811866E-1,0.E0));
#4925=AXIS2_PLACEMENT_3D('',#4922,#4923,#4924);
#4926=PLANE('',#4925);
#4927=ORIENTED_EDGE('',*,*,#4801,.F.);
#4929=ORIENTED_EDGE('',*,*,#4928,.T.);
#4931=ORIENTED_EDGE('',*,*,#4930,.T.);
#4932=ORIENTED_EDGE('',*,*,#4914,.F.);
#4933=EDGE_LOOP('',(#4927,#4929,#4931,#4932));
#4934=FACE_OUTER_BOUND('',#4933,.F.);
#4935=ADVANCED_FACE('',(#4934),#4926,.T.);
#4936=CARTESIAN_POINT('',(2.7357E1,-6.2315E1,0.E0));
#4937=DIRECTION('',(1.E0,0.E0,0.E0));
#4938=DIRECTION('',(0.E0,1.E0,0.E0));
#4939=AXIS2_PLACEMENT_3D('',#4936,#4937,#4938);
#4940=PLANE('',#4939);
#4942=ORIENTED_EDGE('',*,*,#4941,.T.);
#4944=ORIENTED_EDGE('',*,*,#4943,.T.);
#4945=ORIENTED_EDGE('',*,*,#4928,.F.);
#4946=ORIENTED_EDGE('',*,*,#4799,.F.);
#4947=EDGE_LOOP('',(#4942,#4944,#4945,#4946));
#4948=FACE_OUTER_BOUND('',#4947,.F.);
#4949=ADVANCED_FACE('',(#4948),#4940,.T.);
#4950=CARTESIAN_POINT('',(3.103E1,-5.9777E1,-2.875E0));
#4951=DIRECTION('',(0.E0,1.E0,0.E0));
#4952=DIRECTION('',(-1.E0,0.E0,0.E0));
#4953=AXIS2_PLACEMENT_3D('',#4950,#4951,#4952);
#4954=PLANE('',#4953);
#4955=ORIENTED_EDGE('',*,*,#4797,.F.);
#4957=ORIENTED_EDGE('',*,*,#4956,.T.);
#4959=ORIENTED_EDGE('',*,*,#4958,.T.);
#4960=ORIENTED_EDGE('',*,*,#4941,.F.);
#4961=EDGE_LOOP('',(#4955,#4957,#4959,#4960));
#4962=FACE_OUTER_BOUND('',#4961,.F.);
#4963=ADVANCED_FACE('',(#4962),#4954,.F.);
#4964=CARTESIAN_POINT('',(2.6847E1,-4.5845E1,0.E0));
#4965=DIRECTION('',(-1.E0,0.E0,0.E0));
#4966=DIRECTION('',(0.E0,-1.E0,0.E0));
#4967=AXIS2_PLACEMENT_3D('',#4964,#4965,#4966);
#4968=PLANE('',#4967);
#4969=ORIENTED_EDGE('',*,*,#4956,.F.);
#4970=ORIENTED_EDGE('',*,*,#4795,.F.);
#4972=ORIENTED_EDGE('',*,*,#4971,.T.);
#4974=ORIENTED_EDGE('',*,*,#4973,.T.);
#4975=EDGE_LOOP('',(#4969,#4970,#4972,#4974));
#4976=FACE_OUTER_BOUND('',#4975,.F.);
#4977=ADVANCED_FACE('',(#4976),#4968,.T.);
#4978=CARTESIAN_POINT('',(2.6467E1,-4.5465E1,0.E0));
#4979=DIRECTION('',(-7.071067811866E-1,-7.071067811865E-1,0.E0));
#4980=DIRECTION('',(7.071067811865E-1,-7.071067811866E-1,0.E0));
#4981=AXIS2_PLACEMENT_3D('',#4978,#4979,#4980);
#4982=PLANE('',#4981);
#4983=ORIENTED_EDGE('',*,*,#4793,.F.);
#4984=ORIENTED_EDGE('',*,*,#4826,.T.);
#4986=ORIENTED_EDGE('',*,*,#4985,.T.);
#4987=ORIENTED_EDGE('',*,*,#4971,.F.);
#4988=EDGE_LOOP('',(#4983,#4984,#4986,#4987));
#4989=FACE_OUTER_BOUND('',#4988,.F.);
#4990=ADVANCED_FACE('',(#4989),#4982,.T.);
#4991=CARTESIAN_POINT('',(2.7102E1,-6.4855E1,2.5E-1));
#4992=DIRECTION('',(0.E0,0.E0,1.E0));
#4993=DIRECTION('',(1.E0,0.E0,0.E0));
#4994=AXIS2_PLACEMENT_3D('',#4991,#4992,#4993);
#4995=PLANE('',#4994);
#4996=ORIENTED_EDGE('',*,*,#4958,.F.);
#4997=ORIENTED_EDGE('',*,*,#4973,.F.);
#4998=ORIENTED_EDGE('',*,*,#4985,.F.);
#4999=ORIENTED_EDGE('',*,*,#4824,.F.);
#5000=ORIENTED_EDGE('',*,*,#4840,.F.);
#5001=ORIENTED_EDGE('',*,*,#4855,.F.);
#5002=ORIENTED_EDGE('',*,*,#4868,.F.);
#5003=ORIENTED_EDGE('',*,*,#4886,.F.);
#5004=ORIENTED_EDGE('',*,*,#4901,.F.);
#5005=ORIENTED_EDGE('',*,*,#4916,.F.);
#5006=ORIENTED_EDGE('',*,*,#4930,.F.);
#5007=ORIENTED_EDGE('',*,*,#4943,.F.);
#5008=EDGE_LOOP('',(#4996,#4997,#4998,#4999,#5000,#5001,#5002,#5003,#5004,#5005,
#5006,#5007));
#5009=FACE_OUTER_BOUND('',#5008,.F.);
#5010=ADVANCED_FACE('',(#5009),#4995,.T.);
#5011=CARTESIAN_POINT('',(2.67972E1,-4.483E1,2.5E-1));
#5012=DIRECTION('',(0.E0,-1.E0,0.E0));
#5013=DIRECTION('',(1.E0,0.E0,0.E0));
#5014=AXIS2_PLACEMENT_3D('',#5011,#5012,#5013);
#5015=PLANE('',#5014);
#5016=ORIENTED_EDGE('',*,*,#4592,.F.);
#5017=ORIENTED_EDGE('',*,*,#4627,.T.);
#5018=ORIENTED_EDGE('',*,*,#4661,.T.);
#5019=ORIENTED_EDGE('',*,*,#4872,.T.);
#5020=EDGE_LOOP('',(#5016,#5017,#5018,#5019));
#5021=FACE_OUTER_BOUND('',#5020,.F.);
#5022=ADVANCED_FACE('',(#5021),#5015,.F.);
#5023=CARTESIAN_POINT('',(2.93372E1,-6.4855E1,0.E0));
#5024=DIRECTION('',(1.E0,0.E0,0.E0));
#5025=DIRECTION('',(0.E0,0.E0,-1.E0));
#5026=AXIS2_PLACEMENT_3D('',#5023,#5024,#5025);
#5027=PLANE('',#5026);
#5028=ORIENTED_EDGE('',*,*,#3933,.F.);
#5029=ORIENTED_EDGE('',*,*,#3608,.T.);
#5031=ORIENTED_EDGE('',*,*,#5030,.T.);
#5033=ORIENTED_EDGE('',*,*,#5032,.T.);
#5035=ORIENTED_EDGE('',*,*,#5034,.F.);
#5036=ORIENTED_EDGE('',*,*,#3566,.T.);
#5038=ORIENTED_EDGE('',*,*,#5037,.F.);
#5040=ORIENTED_EDGE('',*,*,#5039,.T.);
#5042=ORIENTED_EDGE('',*,*,#5041,.T.);
#5044=ORIENTED_EDGE('',*,*,#5043,.T.);
#5046=ORIENTED_EDGE('',*,*,#5045,.T.);
#5048=ORIENTED_EDGE('',*,*,#5047,.T.);
#5050=ORIENTED_EDGE('',*,*,#5049,.T.);
#5052=ORIENTED_EDGE('',*,*,#5051,.T.);
#5054=ORIENTED_EDGE('',*,*,#5053,.T.);
#5055=EDGE_LOOP('',(#5028,#5029,#5031,#5033,#5035,#5036,#5038,#5040,#5042,#5044,
#5046,#5048,#5050,#5052,#5054));
#5056=FACE_OUTER_BOUND('',#5055,.F.);
#5057=ADVANCED_FACE('',(#5056),#5027,.F.);
#5058=CARTESIAN_POINT('',(2.93372E1,-4.45252E1,-7.112E-1));
#5059=DIRECTION('',(1.E0,0.E0,0.E0));
#5060=DIRECTION('',(0.E0,0.E0,-1.E0));
#5061=AXIS2_PLACEMENT_3D('',#5058,#5059,#5060);
#5062=CYLINDRICAL_SURFACE('',#5061,3.048E-1);
#5063=ORIENTED_EDGE('',*,*,#3606,.T.);
#5065=ORIENTED_EDGE('',*,*,#5064,.T.);
#5067=ORIENTED_EDGE('',*,*,#5066,.F.);
#5068=ORIENTED_EDGE('',*,*,#5030,.F.);
#5069=EDGE_LOOP('',(#5063,#5065,#5067,#5068));
#5070=FACE_OUTER_BOUND('',#5069,.F.);
#5071=ADVANCED_FACE('',(#5070),#5062,.F.);
#5072=CARTESIAN_POINT('',(2.99468E1,-6.4855E1,0.E0));
#5073=DIRECTION('',(1.E0,0.E0,0.E0));
#5074=DIRECTION('',(0.E0,0.E0,-1.E0));
#5075=AXIS2_PLACEMENT_3D('',#5072,#5073,#5074);
#5076=PLANE('',#5075);
#5077=ORIENTED_EDGE('',*,*,#3937,.T.);
#5079=ORIENTED_EDGE('',*,*,#5078,.F.);
#5081=ORIENTED_EDGE('',*,*,#5080,.F.);
#5083=ORIENTED_EDGE('',*,*,#5082,.F.);
#5085=ORIENTED_EDGE('',*,*,#5084,.F.);
#5087=ORIENTED_EDGE('',*,*,#5086,.F.);
#5089=ORIENTED_EDGE('',*,*,#5088,.F.);
#5091=ORIENTED_EDGE('',*,*,#5090,.F.);
#5093=ORIENTED_EDGE('',*,*,#5092,.F.);
#5095=ORIENTED_EDGE('',*,*,#5094,.F.);
#5096=ORIENTED_EDGE('',*,*,#3562,.T.);
#5098=ORIENTED_EDGE('',*,*,#5097,.F.);
#5100=ORIENTED_EDGE('',*,*,#5099,.F.);
#5101=ORIENTED_EDGE('',*,*,#5064,.F.);
#5102=ORIENTED_EDGE('',*,*,#3604,.F.);
#5103=EDGE_LOOP('',(#5077,#5079,#5081,#5083,#5085,#5087,#5089,#5091,#5093,#5095,
#5096,#5098,#5100,#5101,#5102));
#5104=FACE_OUTER_BOUND('',#5103,.F.);
#5105=ADVANCED_FACE('',(#5104),#5076,.T.);
#5106=CARTESIAN_POINT('',(2.93372E1,-4.3687E1,-1.295E0));
#5107=DIRECTION('',(1.E0,0.E0,0.E0));
#5108=DIRECTION('',(0.E0,0.E0,-1.E0));
#5109=AXIS2_PLACEMENT_3D('',#5106,#5107,#5108);
#5110=CYLINDRICAL_SURFACE('',#5109,3.81E-1);
#5111=ORIENTED_EDGE('',*,*,#3935,.F.);
#5112=ORIENTED_EDGE('',*,*,#5053,.F.);
#5114=ORIENTED_EDGE('',*,*,#5113,.T.);
#5115=ORIENTED_EDGE('',*,*,#5078,.T.);
#5116=EDGE_LOOP('',(#5111,#5112,#5114,#5115));
#5117=FACE_OUTER_BOUND('',#5116,.F.);
#5118=ADVANCED_FACE('',(#5117),#5110,.T.);
#5119=CARTESIAN_POINT('',(2.93372E1,-4.2925E1,-1.666169377225E0));
#5120=DIRECTION('',(0.E0,7.952921829518E-1,6.062263139585E-1));
#5121=DIRECTION('',(0.E0,-6.062263139585E-1,7.952921829518E-1));
#5122=AXIS2_PLACEMENT_3D('',#5119,#5120,#5121);
#5123=PLANE('',#5122);
#5124=ORIENTED_EDGE('',*,*,#5051,.F.);
#5126=ORIENTED_EDGE('',*,*,#5125,.T.);
#5127=ORIENTED_EDGE('',*,*,#5080,.T.);
#5128=ORIENTED_EDGE('',*,*,#5113,.F.);
#5129=EDGE_LOOP('',(#5124,#5126,#5127,#5128));
#5130=FACE_OUTER_BOUND('',#5129,.F.);
#5131=ADVANCED_FACE('',(#5130),#5123,.T.);
#5132=CARTESIAN_POINT('',(2.93372E1,-4.312700421447E1,-1.820150860970E0));
#5133=DIRECTION('',(0.E0,6.062263139585E-1,-7.952921829518E-1));
#5134=DIRECTION('',(0.E0,7.952921829518E-1,6.062263139585E-1));
#5135=AXIS2_PLACEMENT_3D('',#5132,#5133,#5134);
#5136=PLANE('',#5135);
#5137=ORIENTED_EDGE('',*,*,#5049,.F.);
#5139=ORIENTED_EDGE('',*,*,#5138,.T.);
#5140=ORIENTED_EDGE('',*,*,#5082,.T.);
#5141=ORIENTED_EDGE('',*,*,#5125,.F.);
#5142=EDGE_LOOP('',(#5137,#5139,#5140,#5141));
#5143=FACE_OUTER_BOUND('',#5142,.F.);
#5144=ADVANCED_FACE('',(#5143),#5136,.T.);
#5145=CARTESIAN_POINT('',(2.93372E1,-4.358599789277E1,-1.218009258127E0));
#5146=DIRECTION('',(0.E0,-7.952921829518E-1,-6.062263139585E-1));
#5147=DIRECTION('',(0.E0,6.062263139585E-1,-7.952921829518E-1));
#5148=AXIS2_PLACEMENT_3D('',#5145,#5146,#5147);
#5149=PLANE('',#5148);
#5150=ORIENTED_EDGE('',*,*,#5047,.F.);
#5152=ORIENTED_EDGE('',*,*,#5151,.T.);
#5153=ORIENTED_EDGE('',*,*,#5084,.T.);
#5154=ORIENTED_EDGE('',*,*,#5138,.F.);
#5155=EDGE_LOOP('',(#5150,#5152,#5153,#5154));
#5156=FACE_OUTER_BOUND('',#5155,.F.);
#5157=ADVANCED_FACE('',(#5156),#5149,.T.);
#5158=CARTESIAN_POINT('',(2.93372E1,-4.3687E1,-1.295E0));
#5159=DIRECTION('',(1.E0,0.E0,0.E0));
#5160=DIRECTION('',(0.E0,0.E0,-1.E0));
#5161=AXIS2_PLACEMENT_3D('',#5158,#5159,#5160);
#5162=CYLINDRICAL_SURFACE('',#5161,1.27E-1);
#5163=ORIENTED_EDGE('',*,*,#5045,.F.);
#5165=ORIENTED_EDGE('',*,*,#5164,.T.);
#5166=ORIENTED_EDGE('',*,*,#5086,.T.);
#5167=ORIENTED_EDGE('',*,*,#5151,.F.);
#5168=EDGE_LOOP('',(#5163,#5165,#5166,#5167));
#5169=FACE_OUTER_BOUND('',#5168,.F.);
#5170=ADVANCED_FACE('',(#5169),#5162,.F.);
#5171=CARTESIAN_POINT('',(2.93372E1,-4.445403050732E1,-1.265449351205E0));
#5172=DIRECTION('',(0.E0,1.273612968548E-1,-9.918563908467E-1));
#5173=DIRECTION('',(0.E0,9.918563908467E-1,1.273612968548E-1));
#5174=AXIS2_PLACEMENT_3D('',#5171,#5172,#5173);
#5175=PLANE('',#5174);
#5176=ORIENTED_EDGE('',*,*,#5043,.F.);
#5178=ORIENTED_EDGE('',*,*,#5177,.T.);
#5179=ORIENTED_EDGE('',*,*,#5088,.T.);
#5180=ORIENTED_EDGE('',*,*,#5164,.F.);
#5181=EDGE_LOOP('',(#5176,#5178,#5179,#5180));
#5182=FACE_OUTER_BOUND('',#5181,.F.);
#5183=ADVANCED_FACE('',(#5182),#5175,.T.);
#5184=CARTESIAN_POINT('',(2.93372E1,-4.45252E1,-7.112E-1));
#5185=DIRECTION('',(1.E0,0.E0,0.E0));
#5186=DIRECTION('',(0.E0,0.E0,-1.E0));
#5187=AXIS2_PLACEMENT_3D('',#5184,#5185,#5186);
#5188=CYLINDRICAL_SURFACE('',#5187,5.588E-1);
#5189=ORIENTED_EDGE('',*,*,#5041,.F.);
#5191=ORIENTED_EDGE('',*,*,#5190,.T.);
#5192=ORIENTED_EDGE('',*,*,#5090,.T.);
#5193=ORIENTED_EDGE('',*,*,#5177,.F.);
#5194=EDGE_LOOP('',(#5189,#5191,#5192,#5193));
#5195=FACE_OUTER_BOUND('',#5194,.F.);
#5196=ADVANCED_FACE('',(#5195),#5188,.T.);
#5197=CARTESIAN_POINT('',(2.93372E1,-4.5084E1,2.5E-1));
#5198=DIRECTION('',(0.E0,-1.E0,0.E0));
#5199=DIRECTION('',(0.E0,0.E0,-1.E0));
#5200=AXIS2_PLACEMENT_3D('',#5197,#5198,#5199);
#5201=PLANE('',#5200);
#5203=ORIENTED_EDGE('',*,*,#5202,.F.);
#5204=ORIENTED_EDGE('',*,*,#5092,.T.);
#5205=ORIENTED_EDGE('',*,*,#5190,.F.);
#5206=ORIENTED_EDGE('',*,*,#5039,.F.);
#5207=EDGE_LOOP('',(#5203,#5204,#5205,#5206));
#5208=FACE_OUTER_BOUND('',#5207,.F.);
#5209=ADVANCED_FACE('',(#5208),#5201,.T.);
#5210=CARTESIAN_POINT('',(3.465919847407E1,-4.5338E1,-2.54E-1));
#5211=DIRECTION('',(-1.E0,0.E0,0.E0));
#5212=DIRECTION('',(0.E0,0.E0,1.E0));
#5213=AXIS2_PLACEMENT_3D('',#5210,#5211,#5212);
#5214=CYLINDRICAL_SURFACE('',#5213,2.54E-1);
#5215=ORIENTED_EDGE('',*,*,#3564,.F.);
#5216=ORIENTED_EDGE('',*,*,#5094,.T.);
#5217=ORIENTED_EDGE('',*,*,#5202,.T.);
#5218=ORIENTED_EDGE('',*,*,#5037,.T.);
#5219=EDGE_LOOP('',(#5215,#5216,#5217,#5218));
#5220=FACE_OUTER_BOUND('',#5219,.F.);
#5221=ADVANCED_FACE('',(#5220),#5214,.F.);
#5222=CARTESIAN_POINT('',(3.465919847407E1,-4.5084E1,-4.E-3));
#5223=DIRECTION('',(-1.E0,0.E0,0.E0));
#5224=DIRECTION('',(0.E0,0.E0,1.E0));
#5225=AXIS2_PLACEMENT_3D('',#5222,#5223,#5224);
#5226=CYLINDRICAL_SURFACE('',#5225,2.54E-1);
#5228=ORIENTED_EDGE('',*,*,#5227,.F.);
#5229=ORIENTED_EDGE('',*,*,#5097,.T.);
#5231=ORIENTED_EDGE('',*,*,#5230,.T.);
#5233=ORIENTED_EDGE('',*,*,#5232,.T.);
#5235=ORIENTED_EDGE('',*,*,#5234,.T.);
#5236=ORIENTED_EDGE('',*,*,#5034,.T.);
#5237=EDGE_LOOP('',(#5228,#5229,#5231,#5233,#5235,#5236));
#5238=FACE_OUTER_BOUND('',#5237,.F.);
#5239=ADVANCED_FACE('',(#5238),#5226,.T.);
#5240=CARTESIAN_POINT('',(2.93372E1,-4.483E1,2.5E-1));
#5241=DIRECTION('',(0.E0,-1.E0,0.E0));
#5242=DIRECTION('',(1.E0,0.E0,0.E0));
#5243=AXIS2_PLACEMENT_3D('',#5240,#5241,#5242);
#5244=PLANE('',#5243);
#5245=ORIENTED_EDGE('',*,*,#5227,.T.);
#5246=ORIENTED_EDGE('',*,*,#5032,.F.);
#5247=ORIENTED_EDGE('',*,*,#5066,.T.);
#5248=ORIENTED_EDGE('',*,*,#5099,.T.);
#5249=EDGE_LOOP('',(#5245,#5246,#5247,#5248));
#5250=FACE_OUTER_BOUND('',#5249,.F.);
#5251=ADVANCED_FACE('',(#5250),#5244,.F.);
#5252=CARTESIAN_POINT('',(2.99468E1,-4.483E1,2.5E-1));
#5253=DIRECTION('',(1.E0,0.E0,0.E0));
#5254=DIRECTION('',(0.E0,1.E0,0.E0));
#5255=AXIS2_PLACEMENT_3D('',#5252,#5253,#5254);
#5256=PLANE('',#5255);
#5257=ORIENTED_EDGE('',*,*,#3432,.T.);
#5259=ORIENTED_EDGE('',*,*,#5258,.T.);
#5261=ORIENTED_EDGE('',*,*,#5260,.T.);
#5262=ORIENTED_EDGE('',*,*,#5230,.F.);
#5263=ORIENTED_EDGE('',*,*,#3560,.F.);
#5264=EDGE_LOOP('',(#5257,#5259,#5261,#5262,#5263));
#5265=FACE_OUTER_BOUND('',#5264,.F.);
#5266=ADVANCED_FACE('',(#5265),#5256,.F.);
#5267=CARTESIAN_POINT('',(3.0277E1,-4.2925E1,0.E0));
#5268=DIRECTION('',(0.E0,1.E0,0.E0));
#5269=DIRECTION('',(-1.E0,0.E0,0.E0));
#5270=AXIS2_PLACEMENT_3D('',#5267,#5268,#5269);
#5271=PLANE('',#5270);
#5272=ORIENTED_EDGE('',*,*,#3430,.F.);
#5273=ORIENTED_EDGE('',*,*,#3533,.T.);
#5275=ORIENTED_EDGE('',*,*,#5274,.T.);
#5276=ORIENTED_EDGE('',*,*,#5258,.F.);
#5277=EDGE_LOOP('',(#5272,#5273,#5275,#5276));
#5278=FACE_OUTER_BOUND('',#5277,.F.);
#5279=ADVANCED_FACE('',(#5278),#5271,.T.);
#5280=CARTESIAN_POINT('',(2.7102E1,-6.4855E1,2.5E-1));
#5281=DIRECTION('',(0.E0,0.E0,1.E0));
#5282=DIRECTION('',(1.E0,0.E0,0.E0));
#5283=AXIS2_PLACEMENT_3D('',#5280,#5281,#5282);
#5284=PLANE('',#5283);
#5286=ORIENTED_EDGE('',*,*,#5285,.F.);
#5288=ORIENTED_EDGE('',*,*,#5287,.F.);
#5290=ORIENTED_EDGE('',*,*,#5289,.F.);
#5292=ORIENTED_EDGE('',*,*,#5291,.F.);
#5294=ORIENTED_EDGE('',*,*,#5293,.F.);
#5296=ORIENTED_EDGE('',*,*,#5295,.F.);
#5297=ORIENTED_EDGE('',*,*,#5232,.F.);
#5298=ORIENTED_EDGE('',*,*,#5260,.F.);
#5299=ORIENTED_EDGE('',*,*,#5274,.F.);
#5300=ORIENTED_EDGE('',*,*,#3531,.F.);
#5302=ORIENTED_EDGE('',*,*,#5301,.F.);
#5304=ORIENTED_EDGE('',*,*,#5303,.F.);
#5305=EDGE_LOOP('',(#5286,#5288,#5290,#5292,#5294,#5296,#5297,#5298,#5299,#5300,
#5302,#5304));
#5306=FACE_OUTER_BOUND('',#5305,.F.);
#5307=ADVANCED_FACE('',(#5306),#5284,.T.);
#5308=CARTESIAN_POINT('',(3.103E1,-5.9777E1,-2.875E0));
#5309=DIRECTION('',(0.E0,1.E0,0.E0));
#5310=DIRECTION('',(-1.E0,0.E0,0.E0));
#5311=AXIS2_PLACEMENT_3D('',#5308,#5309,#5310);
#5312=PLANE('',#5311);
#5313=ORIENTED_EDGE('',*,*,#3551,.F.);
#5315=ORIENTED_EDGE('',*,*,#5314,.T.);
#5316=ORIENTED_EDGE('',*,*,#5285,.T.);
#5318=ORIENTED_EDGE('',*,*,#5317,.F.);
#5319=EDGE_LOOP('',(#5313,#5315,#5316,#5318));
#5320=FACE_OUTER_BOUND('',#5319,.F.);
#5321=ADVANCED_FACE('',(#5320),#5312,.F.);
#5322=CARTESIAN_POINT('',(2.9387E1,-4.5845E1,0.E0));
#5323=DIRECTION('',(-1.E0,0.E0,0.E0));
#5324=DIRECTION('',(0.E0,-1.E0,0.E0));
#5325=AXIS2_PLACEMENT_3D('',#5322,#5323,#5324);
#5326=PLANE('',#5325);
#5327=ORIENTED_EDGE('',*,*,#5314,.F.);
#5328=ORIENTED_EDGE('',*,*,#3549,.F.);
#5330=ORIENTED_EDGE('',*,*,#5329,.T.);
#5331=ORIENTED_EDGE('',*,*,#5287,.T.);
#5332=EDGE_LOOP('',(#5327,#5328,#5330,#5331));
#5333=FACE_OUTER_BOUND('',#5332,.F.);
#5334=ADVANCED_FACE('',(#5333),#5326,.T.);
#5335=CARTESIAN_POINT('',(2.9007E1,-4.5465E1,0.E0));
#5336=DIRECTION('',(-7.071067811866E-1,-7.071067811865E-1,0.E0));
#5337=DIRECTION('',(7.071067811865E-1,-7.071067811866E-1,0.E0));
#5338=AXIS2_PLACEMENT_3D('',#5335,#5336,#5337);
#5339=PLANE('',#5338);
#5340=ORIENTED_EDGE('',*,*,#3547,.F.);
#5342=ORIENTED_EDGE('',*,*,#5341,.T.);
#5343=ORIENTED_EDGE('',*,*,#5289,.T.);
#5344=ORIENTED_EDGE('',*,*,#5329,.F.);
#5345=EDGE_LOOP('',(#5340,#5342,#5343,#5344));
#5346=FACE_OUTER_BOUND('',#5345,.F.);
#5347=ADVANCED_FACE('',(#5346),#5339,.T.);
#5348=CARTESIAN_POINT('',(2.9007E1,-4.2925E1,0.E0));
#5349=DIRECTION('',(-1.E0,0.E0,0.E0));
#5350=DIRECTION('',(0.E0,-1.E0,0.E0));
#5351=AXIS2_PLACEMENT_3D('',#5348,#5349,#5350);
#5352=PLANE('',#5351);
#5353=ORIENTED_EDGE('',*,*,#3440,.T.);
#5355=ORIENTED_EDGE('',*,*,#5354,.T.);
#5356=ORIENTED_EDGE('',*,*,#5291,.T.);
#5357=ORIENTED_EDGE('',*,*,#5341,.F.);
#5358=ORIENTED_EDGE('',*,*,#3545,.F.);
#5359=EDGE_LOOP('',(#5353,#5355,#5356,#5357,#5358));
#5360=FACE_OUTER_BOUND('',#5359,.F.);
#5361=ADVANCED_FACE('',(#5360),#5352,.T.);
#5362=CARTESIAN_POINT('',(3.0277E1,-4.2925E1,0.E0));
#5363=DIRECTION('',(0.E0,1.E0,0.E0));
#5364=DIRECTION('',(-1.E0,0.E0,0.E0));
#5365=AXIS2_PLACEMENT_3D('',#5362,#5363,#5364);
#5366=PLANE('',#5365);
#5367=ORIENTED_EDGE('',*,*,#3438,.F.);
#5369=ORIENTED_EDGE('',*,*,#5368,.T.);
#5370=ORIENTED_EDGE('',*,*,#5293,.T.);
#5371=ORIENTED_EDGE('',*,*,#5354,.F.);
#5372=EDGE_LOOP('',(#5367,#5369,#5370,#5371));
#5373=FACE_OUTER_BOUND('',#5372,.F.);
#5374=ADVANCED_FACE('',(#5373),#5366,.T.);
#5375=CARTESIAN_POINT('',(2.93372E1,-4.2925E1,2.5E-1));
#5376=DIRECTION('',(-1.E0,0.E0,0.E0));
#5377=DIRECTION('',(0.E0,-1.E0,0.E0));
#5378=AXIS2_PLACEMENT_3D('',#5375,#5376,#5377);
#5379=PLANE('',#5378);
#5380=ORIENTED_EDGE('',*,*,#3436,.F.);
#5381=ORIENTED_EDGE('',*,*,#3568,.T.);
#5382=ORIENTED_EDGE('',*,*,#5234,.F.);
#5383=ORIENTED_EDGE('',*,*,#5295,.T.);
#5384=ORIENTED_EDGE('',*,*,#5368,.F.);
#5385=EDGE_LOOP('',(#5380,#5381,#5382,#5383,#5384));
#5386=FACE_OUTER_BOUND('',#5385,.F.);
#5387=ADVANCED_FACE('',(#5386),#5379,.F.);
#5388=CARTESIAN_POINT('',(2.9897E1,-6.2315E1,0.E0));
#5389=DIRECTION('',(1.E0,0.E0,0.E0));
#5390=DIRECTION('',(0.E0,1.E0,0.E0));
#5391=AXIS2_PLACEMENT_3D('',#5388,#5389,#5390);
#5392=PLANE('',#5391);
#5393=ORIENTED_EDGE('',*,*,#5317,.T.);
#5394=ORIENTED_EDGE('',*,*,#5303,.T.);
#5396=ORIENTED_EDGE('',*,*,#5395,.F.);
#5397=ORIENTED_EDGE('',*,*,#3553,.F.);
#5398=EDGE_LOOP('',(#5393,#5394,#5396,#5397));
#5399=FACE_OUTER_BOUND('',#5398,.F.);
#5400=ADVANCED_FACE('',(#5399),#5392,.T.);
#5401=CARTESIAN_POINT('',(2.9897E1,-4.5845E1,0.E0));
#5402=DIRECTION('',(7.071067811866E-1,-7.071067811865E-1,0.E0));
#5403=DIRECTION('',(7.071067811865E-1,7.071067811866E-1,0.E0));
#5404=AXIS2_PLACEMENT_3D('',#5401,#5402,#5403);
#5405=PLANE('',#5404);
#5406=ORIENTED_EDGE('',*,*,#3555,.F.);
#5407=ORIENTED_EDGE('',*,*,#5395,.T.);
#5408=ORIENTED_EDGE('',*,*,#5301,.T.);
#5409=ORIENTED_EDGE('',*,*,#3529,.F.);
#5410=EDGE_LOOP('',(#5406,#5407,#5408,#5409));
#5411=FACE_OUTER_BOUND('',#5410,.F.);
#5412=ADVANCED_FACE('',(#5411),#5405,.T.);
#5413=CARTESIAN_POINT('',(3.07848E1,-3.4671E1,0.E0));
#5414=DIRECTION('',(-1.E0,0.E0,0.E0));
#5415=DIRECTION('',(0.E0,-1.E0,0.E0));
#5416=AXIS2_PLACEMENT_3D('',#5413,#5414,#5415);
#5417=PLANE('',#5416);
#5418=ORIENTED_EDGE('',*,*,#3496,.F.);
#5420=ORIENTED_EDGE('',*,*,#5419,.T.);
#5421=ORIENTED_EDGE('',*,*,#3940,.T.);
#5422=ORIENTED_EDGE('',*,*,#3600,.F.);
#5423=EDGE_LOOP('',(#5418,#5420,#5421,#5422));
#5424=FACE_OUTER_BOUND('',#5423,.F.);
#5425=ADVANCED_FACE('',(#5424),#5417,.F.);
#5426=CARTESIAN_POINT('',(2.08788E1,-3.4671E1,0.E0));
#5427=DIRECTION('',(0.E0,-1.E0,0.E0));
#5428=DIRECTION('',(1.E0,0.E0,0.E0));
#5429=AXIS2_PLACEMENT_3D('',#5426,#5427,#5428);
#5430=PLANE('',#5429);
#5431=ORIENTED_EDGE('',*,*,#3494,.F.);
#5433=ORIENTED_EDGE('',*,*,#5432,.T.);
#5434=ORIENTED_EDGE('',*,*,#3942,.T.);
#5435=ORIENTED_EDGE('',*,*,#5419,.F.);
#5436=EDGE_LOOP('',(#5431,#5433,#5434,#5435));
#5437=FACE_OUTER_BOUND('',#5436,.F.);
#5438=ADVANCED_FACE('',(#5437),#5430,.F.);
#5439=CARTESIAN_POINT('',(2.08788E1,-4.4577E1,0.E0));
#5440=DIRECTION('',(1.E0,0.E0,0.E0));
#5441=DIRECTION('',(0.E0,1.E0,0.E0));
#5442=AXIS2_PLACEMENT_3D('',#5439,#5440,#5441);
#5443=PLANE('',#5442);
#5444=ORIENTED_EDGE('',*,*,#3492,.F.);
#5445=ORIENTED_EDGE('',*,*,#3636,.T.);
#5446=ORIENTED_EDGE('',*,*,#3944,.T.);
#5447=ORIENTED_EDGE('',*,*,#5432,.F.);
#5448=EDGE_LOOP('',(#5444,#5445,#5446,#5447));
#5449=FACE_OUTER_BOUND('',#5448,.F.);
#5450=ADVANCED_FACE('',(#5449),#5443,.F.);
#5451=CARTESIAN_POINT('',(3.014266514480E1,-3.49254E1,-1.05E0));
#5452=DIRECTION('',(0.E0,-1.E0,0.E0));
#5453=DIRECTION('',(-1.E0,0.E0,0.E0));
#5454=AXIS2_PLACEMENT_3D('',#5451,#5452,#5453);
#5455=PLANE('',#5454);
#5457=ORIENTED_EDGE('',*,*,#5456,.F.);
#5459=ORIENTED_EDGE('',*,*,#5458,.F.);
#5461=ORIENTED_EDGE('',*,*,#5460,.T.);
#5462=ORIENTED_EDGE('',*,*,#3949,.T.);
#5464=ORIENTED_EDGE('',*,*,#5463,.F.);
#5466=ORIENTED_EDGE('',*,*,#5465,.F.);
#5467=EDGE_LOOP('',(#5457,#5459,#5461,#5462,#5464,#5466));
#5468=FACE_OUTER_BOUND('',#5467,.F.);
#5469=ADVANCED_FACE('',(#5468),#5455,.F.);
#5470=CARTESIAN_POINT('',(2.58318E1,-3.84214E1,-1.05E0));
#5471=DIRECTION('',(0.E0,0.E0,-1.E0));
#5472=DIRECTION('',(1.E0,0.E0,0.E0));
#5473=AXIS2_PLACEMENT_3D('',#5470,#5471,#5472);
#5474=PLANE('',#5473);
#5475=ORIENTED_EDGE('',*,*,#5456,.T.);
#5477=ORIENTED_EDGE('',*,*,#5476,.F.);
#5479=ORIENTED_EDGE('',*,*,#5478,.F.);
#5481=ORIENTED_EDGE('',*,*,#5480,.F.);
#5482=EDGE_LOOP('',(#5475,#5477,#5479,#5481));
#5483=FACE_OUTER_BOUND('',#5482,.F.);
#5484=ADVANCED_FACE('',(#5483),#5474,.F.);
#5485=CARTESIAN_POINT('',(2.21328E1,-3.59214E1,-2.121745307100E0));
#5486=DIRECTION('',(0.E0,0.E0,1.E0));
#5487=DIRECTION('',(0.E0,1.E0,0.E0));
#5488=AXIS2_PLACEMENT_3D('',#5485,#5486,#5487);
#5489=CONICAL_SURFACE('',#5488,9.906470203996E-1,5.E-1);
#5491=ORIENTED_EDGE('',*,*,#5490,.T.);
#5493=ORIENTED_EDGE('',*,*,#5492,.T.);
#5495=ORIENTED_EDGE('',*,*,#5494,.F.);
#5497=ORIENTED_EDGE('',*,*,#5496,.T.);
#5499=ORIENTED_EDGE('',*,*,#5498,.T.);
#5500=ORIENTED_EDGE('',*,*,#5476,.T.);
#5501=EDGE_LOOP('',(#5491,#5493,#5495,#5497,#5499,#5500));
#5502=FACE_OUTER_BOUND('',#5501,.F.);
#5503=ADVANCED_FACE('',(#5502),#5489,.T.);
#5504=CARTESIAN_POINT('',(2.08788E1,-3.2258E1,-1.05E0));
#5505=DIRECTION('',(0.E0,0.E0,-1.E0));
#5506=DIRECTION('',(0.E0,1.E0,0.E0));
#5507=AXIS2_PLACEMENT_3D('',#5504,#5505,#5506);
#5508=PLANE('',#5507);
#5509=ORIENTED_EDGE('',*,*,#5490,.F.);
#5510=ORIENTED_EDGE('',*,*,#5465,.T.);
#5512=ORIENTED_EDGE('',*,*,#5511,.F.);
#5514=ORIENTED_EDGE('',*,*,#5513,.T.);
#5515=EDGE_LOOP('',(#5509,#5510,#5512,#5514));
#5516=FACE_OUTER_BOUND('',#5515,.F.);
#5517=ADVANCED_FACE('',(#5516),#5508,.T.);
#5518=CARTESIAN_POINT('',(2.162947017315E1,-3.542167017315E1,-1.05E0));
#5519=DIRECTION('',(0.E0,0.E0,-1.E0));
#5520=DIRECTION('',(1.E0,0.E0,0.E0));
#5521=AXIS2_PLACEMENT_3D('',#5518,#5519,#5520);
#5522=CYLINDRICAL_SURFACE('',#5521,5.08E-1);
#5523=ORIENTED_EDGE('',*,*,#3963,.F.);
#5525=ORIENTED_EDGE('',*,*,#5524,.F.);
#5526=ORIENTED_EDGE('',*,*,#5511,.T.);
#5527=ORIENTED_EDGE('',*,*,#5463,.T.);
#5528=EDGE_LOOP('',(#5523,#5525,#5526,#5527));
#5529=FACE_OUTER_BOUND('',#5528,.F.);
#5530=ADVANCED_FACE('',(#5529),#5522,.T.);
#5531=CARTESIAN_POINT('',(2.11332E1,-3.531313485520E1,-1.05E0));
#5532=DIRECTION('',(1.E0,0.E0,0.E0));
#5533=DIRECTION('',(0.E0,-1.E0,0.E0));
#5534=AXIS2_PLACEMENT_3D('',#5531,#5532,#5533);
#5535=PLANE('',#5534);
#5537=ORIENTED_EDGE('',*,*,#5536,.F.);
#5538=ORIENTED_EDGE('',*,*,#5492,.F.);
#5539=ORIENTED_EDGE('',*,*,#5513,.F.);
#5540=ORIENTED_EDGE('',*,*,#5524,.T.);
#5541=ORIENTED_EDGE('',*,*,#3961,.T.);
#5543=ORIENTED_EDGE('',*,*,#5542,.F.);
#5545=ORIENTED_EDGE('',*,*,#5544,.F.);
#5547=ORIENTED_EDGE('',*,*,#5546,.F.);
#5548=EDGE_LOOP('',(#5537,#5538,#5539,#5540,#5541,#5543,#5545,#5547));
#5549=FACE_OUTER_BOUND('',#5548,.F.);
#5550=ADVANCED_FACE('',(#5549),#5535,.F.);
#5551=CARTESIAN_POINT('',(2.11328E1,-4.306602609813E1,-1.05E0));
#5552=DIRECTION('',(-9.999619230642E-1,0.E0,-8.726535498374E-3));
#5553=DIRECTION('',(0.E0,-1.E0,0.E0));
#5554=AXIS2_PLACEMENT_3D('',#5551,#5552,#5553);
#5555=PLANE('',#5554);
#5556=ORIENTED_EDGE('',*,*,#5536,.T.);
#5558=ORIENTED_EDGE('',*,*,#5557,.F.);
#5560=ORIENTED_EDGE('',*,*,#5559,.T.);
#5561=ORIENTED_EDGE('',*,*,#5494,.T.);
#5562=EDGE_LOOP('',(#5556,#5558,#5560,#5561));
#5563=FACE_OUTER_BOUND('',#5562,.F.);
#5564=ADVANCED_FACE('',(#5563),#5555,.T.);
#5565=CARTESIAN_POINT('',(2.21328E1,-4.09114E1,-2.121745307100E0));
#5566=DIRECTION('',(0.E0,0.E0,1.E0));
#5567=DIRECTION('',(-1.E0,0.E0,0.E0));
#5568=AXIS2_PLACEMENT_3D('',#5565,#5566,#5567);
#5569=CONICAL_SURFACE('',#5568,9.906470203996E-1,5.E-1);
#5570=ORIENTED_EDGE('',*,*,#5546,.T.);
#5572=ORIENTED_EDGE('',*,*,#5571,.T.);
#5574=ORIENTED_EDGE('',*,*,#5573,.T.);
#5576=ORIENTED_EDGE('',*,*,#5575,.F.);
#5578=ORIENTED_EDGE('',*,*,#5577,.T.);
#5579=ORIENTED_EDGE('',*,*,#5557,.T.);
#5580=EDGE_LOOP('',(#5570,#5572,#5574,#5576,#5578,#5579));
#5581=FACE_OUTER_BOUND('',#5580,.F.);
#5582=ADVANCED_FACE('',(#5581),#5569,.T.);
#5583=CARTESIAN_POINT('',(2.08788E1,-3.2258E1,-1.05E0));
#5584=DIRECTION('',(0.E0,0.E0,-1.E0));
#5585=DIRECTION('',(0.E0,1.E0,0.E0));
#5586=AXIS2_PLACEMENT_3D('',#5583,#5584,#5585);
#5587=PLANE('',#5586);
#5588=ORIENTED_EDGE('',*,*,#5571,.F.);
#5589=ORIENTED_EDGE('',*,*,#5544,.T.);
#5591=ORIENTED_EDGE('',*,*,#5590,.F.);
#5593=ORIENTED_EDGE('',*,*,#5592,.T.);
#5594=EDGE_LOOP('',(#5588,#5589,#5591,#5593));
#5595=FACE_OUTER_BOUND('',#5594,.F.);
#5596=ADVANCED_FACE('',(#5595),#5587,.T.);
#5597=CARTESIAN_POINT('',(2.162947017315E1,-4.141332982685E1,-1.05E0));
#5598=DIRECTION('',(0.E0,0.E0,-1.E0));
#5599=DIRECTION('',(1.E0,0.E0,0.E0));
#5600=AXIS2_PLACEMENT_3D('',#5597,#5598,#5599);
#5601=CYLINDRICAL_SURFACE('',#5600,5.08E-1);
#5602=ORIENTED_EDGE('',*,*,#3959,.F.);
#5604=ORIENTED_EDGE('',*,*,#5603,.F.);
#5605=ORIENTED_EDGE('',*,*,#5590,.T.);
#5606=ORIENTED_EDGE('',*,*,#5542,.T.);
#5607=EDGE_LOOP('',(#5602,#5604,#5605,#5606));
#5608=FACE_OUTER_BOUND('',#5607,.F.);
#5609=ADVANCED_FACE('',(#5608),#5601,.T.);
#5610=CARTESIAN_POINT('',(2.152093485520E1,-4.19096E1,-1.05E0));
#5611=DIRECTION('',(0.E0,1.E0,0.E0));
#5612=DIRECTION('',(1.E0,0.E0,0.E0));
#5613=AXIS2_PLACEMENT_3D('',#5610,#5611,#5612);
#5614=PLANE('',#5613);
#5616=ORIENTED_EDGE('',*,*,#5615,.F.);
#5617=ORIENTED_EDGE('',*,*,#5592,.F.);
#5618=ORIENTED_EDGE('',*,*,#5603,.T.);
#5619=ORIENTED_EDGE('',*,*,#3957,.T.);
#5621=ORIENTED_EDGE('',*,*,#5620,.F.);
#5623=ORIENTED_EDGE('',*,*,#5622,.F.);
#5624=EDGE_LOOP('',(#5616,#5617,#5618,#5619,#5621,#5623));
#5625=FACE_OUTER_BOUND('',#5624,.F.);
#5626=ADVANCED_FACE('',(#5625),#5614,.F.);
#5627=CARTESIAN_POINT('',(2.58318E1,-3.84214E1,-1.05E0));
#5628=DIRECTION('',(0.E0,0.E0,-1.E0));
#5629=DIRECTION('',(1.E0,0.E0,0.E0));
#5630=AXIS2_PLACEMENT_3D('',#5627,#5628,#5629);
#5631=PLANE('',#5630);
#5632=ORIENTED_EDGE('',*,*,#5615,.T.);
#5634=ORIENTED_EDGE('',*,*,#5633,.F.);
#5636=ORIENTED_EDGE('',*,*,#5635,.F.);
#5637=ORIENTED_EDGE('',*,*,#5573,.F.);
#5638=EDGE_LOOP('',(#5632,#5634,#5636,#5637));
#5639=FACE_OUTER_BOUND('',#5638,.F.);
#5640=ADVANCED_FACE('',(#5639),#5631,.F.);
#5641=CARTESIAN_POINT('',(2.95328E1,-4.09114E1,-2.121745307100E0));
#5642=DIRECTION('',(0.E0,0.E0,1.E0));
#5643=DIRECTION('',(0.E0,-1.E0,0.E0));
#5644=AXIS2_PLACEMENT_3D('',#5641,#5642,#5643);
#5645=CONICAL_SURFACE('',#5644,9.906470203996E-1,5.E-1);
#5647=ORIENTED_EDGE('',*,*,#5646,.T.);
#5649=ORIENTED_EDGE('',*,*,#5648,.T.);
#5651=ORIENTED_EDGE('',*,*,#5650,.F.);
#5653=ORIENTED_EDGE('',*,*,#5652,.T.);
#5655=ORIENTED_EDGE('',*,*,#5654,.T.);
#5656=ORIENTED_EDGE('',*,*,#5633,.T.);
#5657=EDGE_LOOP('',(#5647,#5649,#5651,#5653,#5655,#5656));
#5658=FACE_OUTER_BOUND('',#5657,.F.);
#5659=ADVANCED_FACE('',(#5658),#5645,.T.);
#5660=CARTESIAN_POINT('',(2.08788E1,-3.2258E1,-1.05E0));
#5661=DIRECTION('',(0.E0,0.E0,-1.E0));
#5662=DIRECTION('',(0.E0,1.E0,0.E0));
#5663=AXIS2_PLACEMENT_3D('',#5660,#5661,#5662);
#5664=PLANE('',#5663);
#5665=ORIENTED_EDGE('',*,*,#5646,.F.);
#5666=ORIENTED_EDGE('',*,*,#5622,.T.);
#5668=ORIENTED_EDGE('',*,*,#5667,.F.);
#5670=ORIENTED_EDGE('',*,*,#5669,.T.);
#5671=EDGE_LOOP('',(#5665,#5666,#5668,#5670));
#5672=FACE_OUTER_BOUND('',#5671,.F.);
#5673=ADVANCED_FACE('',(#5672),#5664,.T.);
#5674=CARTESIAN_POINT('',(3.003412982685E1,-4.141332982685E1,-1.05E0));
#5675=DIRECTION('',(0.E0,0.E0,-1.E0));
#5676=DIRECTION('',(1.E0,0.E0,0.E0));
#5677=AXIS2_PLACEMENT_3D('',#5674,#5675,#5676);
#5678=CYLINDRICAL_SURFACE('',#5677,5.08E-1);
#5679=ORIENTED_EDGE('',*,*,#3955,.F.);
#5681=ORIENTED_EDGE('',*,*,#5680,.F.);
#5682=ORIENTED_EDGE('',*,*,#5667,.T.);
#5683=ORIENTED_EDGE('',*,*,#5620,.T.);
#5684=EDGE_LOOP('',(#5679,#5681,#5682,#5683));
#5685=FACE_OUTER_BOUND('',#5684,.F.);
#5686=ADVANCED_FACE('',(#5685),#5678,.T.);
#5687=CARTESIAN_POINT('',(3.05304E1,-4.152186514480E1,-1.05E0));
#5688=DIRECTION('',(-1.E0,0.E0,0.E0));
#5689=DIRECTION('',(0.E0,1.E0,0.E0));
#5690=AXIS2_PLACEMENT_3D('',#5687,#5688,#5689);
#5691=PLANE('',#5690);
#5693=ORIENTED_EDGE('',*,*,#5692,.F.);
#5694=ORIENTED_EDGE('',*,*,#5669,.F.);
#5695=ORIENTED_EDGE('',*,*,#5680,.T.);
#5696=ORIENTED_EDGE('',*,*,#3953,.T.);
#5698=ORIENTED_EDGE('',*,*,#5697,.F.);
#5700=ORIENTED_EDGE('',*,*,#5699,.F.);
#5701=EDGE_LOOP('',(#5693,#5694,#5695,#5696,#5698,#5700));
#5702=FACE_OUTER_BOUND('',#5701,.F.);
#5703=ADVANCED_FACE('',(#5702),#5691,.F.);
#5704=CARTESIAN_POINT('',(2.58318E1,-3.84214E1,-1.05E0));
#5705=DIRECTION('',(0.E0,0.E0,-1.E0));
#5706=DIRECTION('',(1.E0,0.E0,0.E0));
#5707=AXIS2_PLACEMENT_3D('',#5704,#5705,#5706);
#5708=PLANE('',#5707);
#5709=ORIENTED_EDGE('',*,*,#5692,.T.);
#5711=ORIENTED_EDGE('',*,*,#5710,.F.);
#5713=ORIENTED_EDGE('',*,*,#5712,.F.);
#5714=ORIENTED_EDGE('',*,*,#5648,.F.);
#5715=EDGE_LOOP('',(#5709,#5711,#5713,#5714));
#5716=FACE_OUTER_BOUND('',#5715,.F.);
#5717=ADVANCED_FACE('',(#5716),#5708,.F.);
#5718=CARTESIAN_POINT('',(2.95328E1,-3.59214E1,-2.121746469669E0));
#5719=DIRECTION('',(0.E0,0.E0,1.E0));
#5720=DIRECTION('',(1.E0,0.E0,0.E0));
#5721=AXIS2_PLACEMENT_3D('',#5718,#5719,#5720);
#5722=CONICAL_SURFACE('',#5721,9.906470102540E-1,5.E-1);
#5724=ORIENTED_EDGE('',*,*,#5723,.T.);
#5725=ORIENTED_EDGE('',*,*,#5480,.T.);
#5727=ORIENTED_EDGE('',*,*,#5726,.F.);
#5729=ORIENTED_EDGE('',*,*,#5728,.T.);
#5731=ORIENTED_EDGE('',*,*,#5730,.T.);
#5733=ORIENTED_EDGE('',*,*,#5732,.T.);
#5734=ORIENTED_EDGE('',*,*,#5710,.T.);
#5735=EDGE_LOOP('',(#5724,#5725,#5727,#5729,#5731,#5733,#5734));
#5736=FACE_OUTER_BOUND('',#5735,.F.);
#5737=ADVANCED_FACE('',(#5736),#5722,.T.);
#5738=CARTESIAN_POINT('',(2.08788E1,-3.2258E1,-1.05E0));
#5739=DIRECTION('',(0.E0,0.E0,-1.E0));
#5740=DIRECTION('',(0.E0,1.E0,0.E0));
#5741=AXIS2_PLACEMENT_3D('',#5738,#5739,#5740);
#5742=PLANE('',#5741);
#5743=ORIENTED_EDGE('',*,*,#5723,.F.);
#5744=ORIENTED_EDGE('',*,*,#5699,.T.);
#5746=ORIENTED_EDGE('',*,*,#5745,.F.);
#5747=ORIENTED_EDGE('',*,*,#5458,.T.);
#5748=EDGE_LOOP('',(#5743,#5744,#5746,#5747));
#5749=FACE_OUTER_BOUND('',#5748,.F.);
#5750=ADVANCED_FACE('',(#5749),#5742,.T.);
#5751=CARTESIAN_POINT('',(3.003412982685E1,-3.542167017315E1,-1.05E0));
#5752=DIRECTION('',(0.E0,0.E0,-1.E0));
#5753=DIRECTION('',(1.E0,0.E0,0.E0));
#5754=AXIS2_PLACEMENT_3D('',#5751,#5752,#5753);
#5755=CYLINDRICAL_SURFACE('',#5754,5.08E-1);
#5756=ORIENTED_EDGE('',*,*,#3951,.F.);
#5757=ORIENTED_EDGE('',*,*,#5460,.F.);
#5758=ORIENTED_EDGE('',*,*,#5745,.T.);
#5759=ORIENTED_EDGE('',*,*,#5697,.T.);
#5760=EDGE_LOOP('',(#5756,#5757,#5758,#5759));
#5761=FACE_OUTER_BOUND('',#5760,.F.);
#5762=ADVANCED_FACE('',(#5761),#5755,.T.);
#5763=CARTESIAN_POINT('',(1.997817390187E1,-3.49214E1,-1.05E0));
#5764=DIRECTION('',(0.E0,9.999619230642E-1,-8.726535498374E-3));
#5765=DIRECTION('',(-1.E0,0.E0,0.E0));
#5766=AXIS2_PLACEMENT_3D('',#5763,#5764,#5765);
#5767=PLANE('',#5766);
#5769=ORIENTED_EDGE('',*,*,#5768,.T.);
#5770=ORIENTED_EDGE('',*,*,#5726,.T.);
#5771=ORIENTED_EDGE('',*,*,#5478,.T.);
#5772=ORIENTED_EDGE('',*,*,#5498,.F.);
#5773=EDGE_LOOP('',(#5769,#5770,#5771,#5772));
#5774=FACE_OUTER_BOUND('',#5773,.F.);
#5775=ADVANCED_FACE('',(#5774),#5767,.T.);
#5776=CARTESIAN_POINT('',(2.210088474743E1,-3.534009072843E1,-3.19E0));
#5777=DIRECTION('',(1.E0,0.E0,0.E0));
#5778=DIRECTION('',(0.E0,0.E0,-1.E0));
#5779=AXIS2_PLACEMENT_3D('',#5776,#5777,#5778);
#5780=CYLINDRICAL_SURFACE('',#5779,4.E-1);
#5782=ORIENTED_EDGE('',*,*,#5781,.T.);
#5784=ORIENTED_EDGE('',*,*,#5783,.T.);
#5785=ORIENTED_EDGE('',*,*,#5768,.F.);
#5787=ORIENTED_EDGE('',*,*,#5786,.F.);
#5788=EDGE_LOOP('',(#5782,#5784,#5785,#5787));
#5789=FACE_OUTER_BOUND('',#5788,.F.);
#5790=ADVANCED_FACE('',(#5789),#5780,.T.);
#5791=CARTESIAN_POINT('',(2.58318E1,-3.84214E1,-3.59E0));
#5792=DIRECTION('',(0.E0,0.E0,-1.E0));
#5793=DIRECTION('',(1.E0,0.E0,0.E0));
#5794=AXIS2_PLACEMENT_3D('',#5791,#5792,#5793);
#5795=PLANE('',#5794);
#5797=ORIENTED_EDGE('',*,*,#5796,.F.);
#5799=ORIENTED_EDGE('',*,*,#5798,.F.);
#5800=ORIENTED_EDGE('',*,*,#5781,.F.);
#5802=ORIENTED_EDGE('',*,*,#5801,.F.);
#5804=ORIENTED_EDGE('',*,*,#5803,.F.);
#5806=ORIENTED_EDGE('',*,*,#5805,.F.);
#5808=ORIENTED_EDGE('',*,*,#5807,.F.);
#5810=ORIENTED_EDGE('',*,*,#5809,.F.);
#5811=EDGE_LOOP('',(#5797,#5799,#5800,#5802,#5804,#5806,#5808,#5810));
#5812=FACE_OUTER_BOUND('',#5811,.F.);
#5813=ADVANCED_FACE('',(#5812),#5795,.T.);
#5814=CARTESIAN_POINT('',(3.011410927157E1,-3.588948474743E1,-3.19E0));
#5815=DIRECTION('',(0.E0,-1.E0,0.E0));
#5816=DIRECTION('',(0.E0,0.E0,-1.E0));
#5817=AXIS2_PLACEMENT_3D('',#5814,#5815,#5816);
#5818=CYLINDRICAL_SURFACE('',#5817,4.E-1);
#5820=ORIENTED_EDGE('',*,*,#5819,.T.);
#5822=ORIENTED_EDGE('',*,*,#5821,.T.);
#5824=ORIENTED_EDGE('',*,*,#5823,.F.);
#5825=ORIENTED_EDGE('',*,*,#5796,.T.);
#5827=ORIENTED_EDGE('',*,*,#5826,.T.);
#5829=ORIENTED_EDGE('',*,*,#5828,.F.);
#5830=EDGE_LOOP('',(#5820,#5822,#5824,#5825,#5827,#5829));
#5831=FACE_OUTER_BOUND('',#5830,.F.);
#5832=ADVANCED_FACE('',(#5831),#5818,.T.);
#5833=CARTESIAN_POINT('',(3.051427273599E1,-3.739398814174E1,
-3.196880788221E0));
#5834=CARTESIAN_POINT('',(3.051431861695E1,-3.737507519395E1,
-3.220413173409E0));
#5835=CARTESIAN_POINT('',(3.051100204390E1,-3.732335216630E1,
-3.281594812226E0));
#5836=CARTESIAN_POINT('',(3.049239106584E1,-3.721590053245E1,
-3.387030533054E0));
#5837=CARTESIAN_POINT('',(3.045630194831E1,-3.705149754189E1,
-3.506066337211E0));
#5838=CARTESIAN_POINT('',(3.041387574230E1,-3.683525101798E1,
-3.608264172873E0));
#5839=CARTESIAN_POINT('',(3.038614698921E1,-3.660184001826E1,
-3.664414166823E0));
#5840=CARTESIAN_POINT('',(3.038151149531E1,-3.644797108478E1,
-3.673545551583E0));
#5841=CARTESIAN_POINT('',(3.038186694995E1,-3.638550810858E1,
-3.672798000634E0));
#5842=CARTESIAN_POINT('',(3.050637207693E1,-3.715506778575E1,
-3.005325791446E0));
#5843=CARTESIAN_POINT('',(3.050641758549E1,-3.714313747845E1,
-3.020151491821E0));
#5844=CARTESIAN_POINT('',(3.050312743510E1,-3.710994353572E1,
-3.060678876153E0));
#5845=CARTESIAN_POINT('',(3.048459236680E1,-3.703668946773E1,
-3.137021771563E0));
#5846=CARTESIAN_POINT('',(3.044854220568E1,-3.691677629415E1,
-3.229305596874E0));
#5847=CARTESIAN_POINT('',(3.040606565095E1,-3.675018610057E1,
-3.312450211686E0));
#5848=CARTESIAN_POINT('',(3.037826023167E1,-3.656363511375E1,
-3.359501514436E0));
#5849=CARTESIAN_POINT('',(3.037361018800E1,-3.643907929012E1,
-3.367213353905E0));
#5850=CARTESIAN_POINT('',(3.037396657789E1,-3.638854115608E1,
-3.366583155856E0));
#5851=CARTESIAN_POINT('',(3.072357905760E1,-3.698675500154E1,
-2.869932775637E0));
#5852=CARTESIAN_POINT('',(3.072363480414E1,-3.697552123103E1,
-2.883910977977E0));
#5853=CARTESIAN_POINT('',(3.071961823521E1,-3.694481791442E1,
-2.920187274415E0));
#5854=CARTESIAN_POINT('',(3.069899623598E1,-3.688117548912E1,
-2.982488197228E0));
#5855=CARTESIAN_POINT('',(3.066187507501E1,-3.678406026895E1,
-3.052623894938E0));
#5856=CARTESIAN_POINT('',(3.062078272039E1,-3.665661323446E1,
-3.112709318762E0));
#5857=CARTESIAN_POINT('',(3.059508502825E1,-3.651927281696E1,
-3.145676458909E0));
#5858=CARTESIAN_POINT('',(3.059083499074E1,-3.642878756990E1,
-3.151035748250E0));
#5859=CARTESIAN_POINT('',(3.059116566821E1,-3.639205431979E1,
-3.150596966397E0));
#5860=CARTESIAN_POINT('',(3.102976163820E1,-3.699453793947E1,
-2.875557795415E0));
#5861=CARTESIAN_POINT('',(3.102983181656E1,-3.697727805543E1,
-2.897078846389E0));
#5862=CARTESIAN_POINT('',(3.102479126257E1,-3.693146593416E1,
-2.948171543202E0));
#5863=CARTESIAN_POINT('',(3.100122745227E1,-3.684682523908E1,
-3.020281995123E0));
#5864=CARTESIAN_POINT('',(3.096259657235E1,-3.673652774706E1,
-3.086754507125E0));
#5865=CARTESIAN_POINT('',(3.092345543477E1,-3.661317816434E1,
-3.134226859233E0));
#5866=CARTESIAN_POINT('',(3.090072886876E1,-3.649655670002E1,
-3.156951456374E0));
#5867=CARTESIAN_POINT('',(3.089704269396E1,-3.642354614437E1,
-3.160499625166E0));
#5868=CARTESIAN_POINT('',(3.089733712629E1,-3.639384576373E1,
-3.160206354849E0));
#5869=(BOUNDED_SURFACE()B_SPLINE_SURFACE(3,3,((#5833,#5834,#5835,#5836,#5837,
#5838,#5839,#5840,#5841),(#5842,#5843,#5844,#5845,#5846,#5847,#5848,#5849,
#5850),(#5851,#5852,#5853,#5854,#5855,#5856,#5857,#5858,#5859),(#5860,#5861,
#5862,#5863,#5864,#5865,#5866,#5867,#5868)),.UNSPECIFIED.,.F.,.F.,.F.)B_SPLINE_SURFACE_WITH_KNOTS((4,4),(4,1,1,1,1,1,4),(0.E0,1.E0),(3.672572522625E-2,
1.377796563960E-1,2.908255865250E-1,4.656248238575E-1,6.569161981723E-1,
8.401969874227E-1,9.661207556708E-1),.UNSPECIFIED.)GEOMETRIC_REPRESENTATION_ITEM()RATIONAL_B_SPLINE_SURFACE(((1.185796103099E0,1.185796103099E0,1.185796103099E0,
1.185796103099E0,1.185796103099E0,1.185796103099E0,1.185796103099E0,
1.185796103099E0,1.185796103099E0),(9.380679656336E-1,9.380679656336E-1,
9.380679656336E-1,9.380679656336E-1,9.380679656336E-1,9.380679656336E-1,
9.380679656336E-1,9.380679656336E-1,9.380679656336E-1),(9.380679656336E-1,
9.380679656336E-1,9.380679656336E-1,9.380679656336E-1,9.380679656336E-1,
9.380679656336E-1,9.380679656336E-1,9.380679656336E-1,9.380679656336E-1),(
1.185796103099E0,1.185796103099E0,1.185796103099E0,1.185796103099E0,
1.185796103099E0,1.185796103099E0,1.185796103099E0,1.185796103099E0,
1.185796103099E0)))REPRESENTATION_ITEM('')SURFACE());
#5870=ORIENTED_EDGE('',*,*,#5819,.F.);
#5872=ORIENTED_EDGE('',*,*,#5871,.T.);
#5874=ORIENTED_EDGE('',*,*,#5873,.T.);
#5876=ORIENTED_EDGE('',*,*,#5875,.F.);
#5877=EDGE_LOOP('',(#5870,#5872,#5874,#5876));
#5878=FACE_OUTER_BOUND('',#5877,.F.);
#5879=ADVANCED_FACE('',(#5878),#5869,.F.);
#5880=CARTESIAN_POINT('',(3.053243749463E1,-3.637259679550E1,
-1.120168069761E0));
#5881=CARTESIAN_POINT('',(3.053245548340E1,-3.645091150453E1,
-1.118411325464E0));
#5882=CARTESIAN_POINT('',(3.053235473176E1,-3.661182883240E1,
-1.129571832751E0));
#5883=CARTESIAN_POINT('',(3.053182214396E1,-3.684732739820E1,
-1.191592801618E0));
#5884=CARTESIAN_POINT('',(3.053089598135E1,-3.706994506646E1,
-1.299027585515E0));
#5885=CARTESIAN_POINT('',(3.052962204969E1,-3.726789588944E1,
-1.446952767294E0));
#5886=CARTESIAN_POINT('',(3.052804554396E1,-3.743404077199E1,
-1.630069108968E0));
#5887=CARTESIAN_POINT('',(3.052622477607E1,-3.756219190782E1,
-1.841675365677E0));
#5888=CARTESIAN_POINT('',(3.052422656337E1,-3.764757355672E1,
-2.074039540010E0));
#5889=CARTESIAN_POINT('',(3.052212527238E1,-3.768692549301E1,
-2.318547664617E0));
#5890=CARTESIAN_POINT('',(3.051999687015E1,-3.767873857296E1,
-2.566365356321E0));
#5891=CARTESIAN_POINT('',(3.051792146534E1,-3.762315229881E1,
-2.808193956868E0));
#5892=CARTESIAN_POINT('',(3.051598515587E1,-3.752266283853E1,
-3.033862172651E0));
#5893=CARTESIAN_POINT('',(3.051483207095E1,-3.742838892338E1,
-3.168549500031E0));
#5894=CARTESIAN_POINT('',(3.051430215342E1,-3.737581698188E1,
-3.230254919457E0));
#5895=CARTESIAN_POINT('',(3.051994543625E1,-3.637958952830E1,
-1.429713322614E0));
#5896=CARTESIAN_POINT('',(3.051996349492E1,-3.643889132538E1,
-1.428384697262E0));
#5897=CARTESIAN_POINT('',(3.051986263765E1,-3.656074092059E1,
-1.436825222368E0));
#5898=CARTESIAN_POINT('',(3.051933014287E1,-3.673908494953E1,
-1.483734262756E0));
#5899=CARTESIAN_POINT('',(3.051840404066E1,-3.690771768531E1,
-1.565005062998E0));
#5900=CARTESIAN_POINT('',(3.051713020212E1,-3.705772744629E1,
-1.676933121221E0));
#5901=CARTESIAN_POINT('',(3.051555378833E1,-3.718371110609E1,
-1.815532927165E0));
#5902=CARTESIAN_POINT('',(3.051373310321E1,-3.728097405750E1,
-1.975757385624E0));
#5903=CARTESIAN_POINT('',(3.051173495035E1,-3.734587995048E1,
-2.151774174943E0));
#5904=CARTESIAN_POINT('',(3.050963368837E1,-3.737593136309E1,
-2.337074311070E0));
#5905=CARTESIAN_POINT('',(3.050750527819E1,-3.736995243782E1,
-2.524970366160E0));
#5906=CARTESIAN_POINT('',(3.050542983629E1,-3.732801540467E1,
-2.708410372842E0));
#5907=CARTESIAN_POINT('',(3.050349344154E1,-3.725198180878E1,
-2.879667395298E0));
#5908=CARTESIAN_POINT('',(3.050234033729E1,-3.718056035397E1,
-2.981920932896E0));
#5909=CARTESIAN_POINT('',(3.050181036377E1,-3.714071499343E1,
-3.028774642566E0));
#5910=CARTESIAN_POINT('',(3.073810205707E1,-3.638451500155E1,
-1.649728412750E0));
#5911=CARTESIAN_POINT('',(3.073811889504E1,-3.643042460681E1,
-1.648698587921E0));
#5912=CARTESIAN_POINT('',(3.073801988235E1,-3.652475746626E1,
-1.655241011458E0));
#5913=CARTESIAN_POINT('',(3.073748576320E1,-3.666281145342E1,
-1.691598476714E0));
#5914=CARTESIAN_POINT('',(3.073655860599E1,-3.679331474339E1,
-1.754578192508E0));
#5915=CARTESIAN_POINT('',(3.073528314147E1,-3.690935828657E1,
-1.841294142740E0));
#5916=CARTESIAN_POINT('',(3.073370512184E1,-3.700675702848E1,
-1.948640026065E0));
#5917=CARTESIAN_POINT('',(3.073188299147E1,-3.708188348519E1,
-2.072687657829E0));
#5918=CARTESIAN_POINT('',(3.072988379347E1,-3.713193786651E1,
-2.208904568920E0));
#5919=CARTESIAN_POINT('',(3.072778202490E1,-3.715500873789E1,
-2.352241192631E0));
#5920=CARTESIAN_POINT('',(3.072565375360E1,-3.715021114833E1,
-2.497518659002E0));
#5921=CARTESIAN_POINT('',(3.072357895940E1,-3.711762661271E1,
-2.639285828404E0));
#5922=CARTESIAN_POINT('',(3.072164405394E1,-3.705871820708E1,
-2.771579893251E0));
#5923=CARTESIAN_POINT('',(3.072049128730E1,-3.700345272853E1,
-2.850538318386E0));
#5924=CARTESIAN_POINT('',(3.071996229157E1,-3.697263374478E1,
-2.886712253729E0));
#5925=CARTESIAN_POINT('',(3.104782355877E1,-3.638423302392E1,
-1.639944691386E0));
#5926=CARTESIAN_POINT('',(3.104783866368E1,-3.643090922935E1,
-1.638893851062E0));
#5927=CARTESIAN_POINT('',(3.104774226977E1,-3.652681939822E1,
-1.645570171286E0));
#5928=CARTESIAN_POINT('',(3.104720584449E1,-3.666713439370E1,
-1.682663476911E0));
#5929=CARTESIAN_POINT('',(3.104627718945E1,-3.679967281095E1,
-1.746886324414E0));
#5930=CARTESIAN_POINT('',(3.104499941652E1,-3.691737983828E1,
-1.835248935704E0));
#5931=CARTESIAN_POINT('',(3.104341911701E1,-3.701599402535E1,
-1.944529167766E0));
#5932=CARTESIAN_POINT('',(3.104159493481E1,-3.709184860088E1,
-2.070669156007E0));
#5933=CARTESIAN_POINT('',(3.103959425299E1,-3.714214416295E1,
-2.209007751304E0));
#5934=CARTESIAN_POINT('',(3.103749176521E1,-3.716500485704E1,
-2.354378799896E0));
#5935=CARTESIAN_POINT('',(3.103536369110E1,-3.715960879411E1,
-2.501511824703E0));
#5936=CARTESIAN_POINT('',(3.103328981643E1,-3.712611741160E1,
-2.644890057317E0));
#5937=CARTESIAN_POINT('',(3.103135702535E1,-3.706608551051E1,
-2.778509884684E0));
#5938=CARTESIAN_POINT('',(3.103020473802E1,-3.700997942628E1,
-2.858163464837E0));
#5939=CARTESIAN_POINT('',(3.102967713049E1,-3.697873192953E1,
-2.894638355685E0));
#5940=(BOUNDED_SURFACE()B_SPLINE_SURFACE(3,3,((#5880,#5881,#5882,#5883,#5884,
#5885,#5886,#5887,#5888,#5889,#5890,#5891,#5892,#5893,#5894),(#5895,#5896,#5897,
#5898,#5899,#5900,#5901,#5902,#5903,#5904,#5905,#5906,#5907,#5908,#5909),(#5910,
#5911,#5912,#5913,#5914,#5915,#5916,#5917,#5918,#5919,#5920,#5921,#5922,#5923,
#5924),(#5925,#5926,#5927,#5928,#5929,#5930,#5931,#5932,#5933,#5934,#5935,#5936,
#5937,#5938,#5939)),.UNSPECIFIED.,.F.,.F.,.F.)B_SPLINE_SURFACE_WITH_KNOTS((4,4),
(4,1,1,1,1,1,1,1,1,1,1,1,4),(0.E0,1.E0),(3.027541239273E-3,8.288468798613E-2,
1.664887002849E-1,2.499194897388E-1,3.333741769663E-1,4.168356794786E-1,
5.002946880287E-1,5.837495979058E-1,6.672329233221E-1,7.506306323832E-1,
8.342292204369E-1,9.177070098668E-1,9.998961214505E-1),.UNSPECIFIED.)GEOMETRIC_REPRESENTATION_ITEM()RATIONAL_B_SPLINE_SURFACE(((1.189605596486E0,
1.189605596486E0,1.189605596486E0,1.189605596486E0,1.189605596486E0,
1.189605596486E0,1.189605596486E0,1.189605596486E0,1.189605596486E0,
1.189605596486E0,1.189605596486E0,1.189605596486E0,1.189605596486E0,
1.189605596486E0,1.189605596486E0),(9.367981345045E-1,9.367981345045E-1,
9.367981345045E-1,9.367981345045E-1,9.367981345045E-1,9.367981345045E-1,
9.367981345045E-1,9.367981345045E-1,9.367981345045E-1,9.367981345045E-1,
9.367981345045E-1,9.367981345045E-1,9.367981345045E-1,9.367981345045E-1,
9.367981345045E-1),(9.367981345045E-1,9.367981345045E-1,9.367981345045E-1,
9.367981345045E-1,9.367981345045E-1,9.367981345045E-1,9.367981345045E-1,
9.367981345045E-1,9.367981345045E-1,9.367981345045E-1,9.367981345045E-1,
9.367981345045E-1,9.367981345045E-1,9.367981345045E-1,9.367981345045E-1),(
1.189605596486E0,1.189605596486E0,1.189605596486E0,1.189605596486E0,
1.189605596486E0,1.189605596486E0,1.189605596486E0,1.189605596486E0,
1.189605596486E0,1.189605596486E0,1.189605596486E0,1.189605596486E0,
1.189605596486E0,1.189605596486E0,1.189605596486E0)))REPRESENTATION_ITEM('')SURFACE());
#5942=ORIENTED_EDGE('',*,*,#5941,.F.);
#5944=ORIENTED_EDGE('',*,*,#5943,.T.);
#5946=ORIENTED_EDGE('',*,*,#5945,.T.);
#5947=ORIENTED_EDGE('',*,*,#5871,.F.);
#5948=EDGE_LOOP('',(#5942,#5944,#5946,#5947));
#5949=FACE_OUTER_BOUND('',#5948,.F.);
#5950=ADVANCED_FACE('',(#5949),#5940,.F.);
#5951=CARTESIAN_POINT('',(3.05328E1,-3.376677390187E1,-1.05E0));
#5952=DIRECTION('',(9.999619230642E-1,0.E0,-8.726535498374E-3));
#5953=DIRECTION('',(0.E0,1.E0,0.E0));
#5954=AXIS2_PLACEMENT_3D('',#5951,#5952,#5953);
#5955=PLANE('',#5954);
#5957=ORIENTED_EDGE('',*,*,#5956,.T.);
#5958=ORIENTED_EDGE('',*,*,#5941,.T.);
#5959=ORIENTED_EDGE('',*,*,#5828,.T.);
#5960=ORIENTED_EDGE('',*,*,#5650,.T.);
#5961=ORIENTED_EDGE('',*,*,#5712,.T.);
#5962=ORIENTED_EDGE('',*,*,#5732,.F.);
#5963=EDGE_LOOP('',(#5957,#5958,#5959,#5960,#5961,#5962));
#5964=FACE_OUTER_BOUND('',#5963,.F.);
#5965=ADVANCED_FACE('',(#5964),#5955,.T.);
#5966=CARTESIAN_POINT('',(3.053157349689E1,-3.590402676522E1,
-1.220415200037E0));
#5967=CARTESIAN_POINT('',(3.053177632535E1,-3.595952950416E1,
-1.197014894513E0));
#5968=CARTESIAN_POINT('',(3.053212170143E1,-3.607761628424E1,
-1.156772456813E0));
#5969=CARTESIAN_POINT('',(3.053239353105E1,-3.624946550757E1,
-1.125026406685E0));
#5970=CARTESIAN_POINT('',(3.053244686591E1,-3.636362828354E1,
-1.119432485707E0));
#5971=CARTESIAN_POINT('',(3.053244066355E1,-3.641356222867E1,
-1.119903980971E0));
#5972=CARTESIAN_POINT('',(3.051908215051E1,-3.602474118754E1,
-1.505537862244E0));
#5973=CARTESIAN_POINT('',(3.051928499306E1,-3.606678156398E1,
-1.487836677282E0));
#5974=CARTESIAN_POINT('',(3.051963030553E1,-3.615621676782E1,
-1.457397637792E0));
#5975=CARTESIAN_POINT('',(3.051990206748E1,-3.628635174947E1,
-1.433387427900E0));
#5976=CARTESIAN_POINT('',(3.051995552624E1,-3.637279835344E1,
-1.429156760297E0));
#5977=CARTESIAN_POINT('',(3.051994927076E1,-3.641060952899E1,
-1.429513349456E0));
#5978=CARTESIAN_POINT('',(3.073723740562E1,-3.610982960474E1,
-1.708493968421E0));
#5979=CARTESIAN_POINT('',(3.073744000214E1,-3.614236651520E1,
-1.694776385400E0));
#5980=CARTESIAN_POINT('',(3.073778642557E1,-3.621159147608E1,
-1.671185730264E0));
#5981=CARTESIAN_POINT('',(3.073805936920E1,-3.631233297123E1,
-1.652575788790E0));
#5982=CARTESIAN_POINT('',(3.073811066424E1,-3.637925746636E1,
-1.649296561667E0));
#5983=CARTESIAN_POINT('',(3.073810533647E1,-3.640852974104E1,
-1.649572958134E0));
#5984=CARTESIAN_POINT('',(3.104695667608E1,-3.610504479224E1,
-1.699890989815E0));
#5985=CARTESIAN_POINT('',(3.104715892330E1,-3.613809596794E1,
-1.685901786638E0));
#5986=CARTESIAN_POINT('',(3.104750692398E1,-3.620843684676E1,
-1.661838386657E0));
#5987=CARTESIAN_POINT('',(3.104778154527E1,-3.631084511845E1,
-1.642850257503E0));
#5988=CARTESIAN_POINT('',(3.104782976843E1,-3.637888768284E1,
-1.639504077105E0));
#5989=CARTESIAN_POINT('',(3.104782575775E1,-3.640864881173E1,
-1.639786120302E0));
#5990=(BOUNDED_SURFACE()B_SPLINE_SURFACE(3,3,((#5966,#5967,#5968,#5969,#5970,
#5971),(#5972,#5973,#5974,#5975,#5976,#5977),(#5978,#5979,#5980,#5981,#5982,
#5983),(#5984,#5985,#5986,#5987,#5988,#5989)),.UNSPECIFIED.,.F.,.F.,.F.)B_SPLINE_SURFACE_WITH_KNOTS((4,4),(4,1,1,4),(0.E0,1.E0),(2.013448861673E-2,
3.339820356636E-1,6.678855241661E-1,9.280610131091E-1),.UNSPECIFIED.)GEOMETRIC_REPRESENTATION_ITEM()RATIONAL_B_SPLINE_SURFACE(((1.189605042670E0,
1.189605042670E0,1.189605042670E0,1.189605042670E0,1.189605042670E0,
1.189605042670E0),(9.367983191099E-1,9.367983191099E-1,9.367983191099E-1,
9.367983191099E-1,9.367983191099E-1,9.367983191099E-1),(9.367983191099E-1,
9.367983191099E-1,9.367983191099E-1,9.367983191099E-1,9.367983191099E-1,
9.367983191099E-1),(1.189605042670E0,1.189605042670E0,1.189605042670E0,
1.189605042670E0,1.189605042670E0,1.189605042670E0)))REPRESENTATION_ITEM('')SURFACE());
#5991=ORIENTED_EDGE('',*,*,#5956,.F.);
#5993=ORIENTED_EDGE('',*,*,#5992,.T.);
#5995=ORIENTED_EDGE('',*,*,#5994,.T.);
#5996=ORIENTED_EDGE('',*,*,#5943,.F.);
#5997=EDGE_LOOP('',(#5991,#5993,#5995,#5996));
#5998=FACE_OUTER_BOUND('',#5997,.F.);
#5999=ADVANCED_FACE('',(#5998),#5990,.F.);
#6000=CARTESIAN_POINT('',(3.044536088275E1,-3.549373486650E1,
-3.308356489449E0));
#6001=CARTESIAN_POINT('',(3.042829468876E1,-3.543615856412E1,
-3.251361930351E0));
#6002=CARTESIAN_POINT('',(3.039105180381E1,-3.532979114325E1,
-3.123930254963E0));
#6003=CARTESIAN_POINT('',(3.033914843458E1,-3.520758555578E1,
-2.892805713894E0));
#6004=CARTESIAN_POINT('',(3.030556284520E1,-3.513505877481E1,
-2.640062057441E0));
#6005=CARTESIAN_POINT('',(3.029669905406E1,-3.511363212755E1,
-2.381461317601E0));
#6006=CARTESIAN_POINT('',(3.031348961686E1,-3.514200564135E1,
-2.122141144964E0));
#6007=CARTESIAN_POINT('',(3.035453090138E1,-3.522202174594E1,
-1.871405168803E0));
#6008=CARTESIAN_POINT('',(3.041065568714E1,-3.534826486689E1,
-1.649447805809E0));
#6009=CARTESIAN_POINT('',(3.046569886482E1,-3.550192004233E1,
-1.473752799393E0));
#6010=CARTESIAN_POINT('',(3.050657478342E1,-3.566031747247E1,
-1.347582647461E0));
#6011=CARTESIAN_POINT('',(3.052819836842E1,-3.580406960275E1,
-1.264226629120E0));
#6012=CARTESIAN_POINT('',(3.053197790284E1,-3.589217343465E1,
-1.225163068872E0));
#6013=CARTESIAN_POINT('',(3.053153931284E1,-3.593140630434E1,
-1.209589621650E0));
#6014=CARTESIAN_POINT('',(3.043335640551E1,-3.573131733691E1,
-3.110027746377E0));
#6015=CARTESIAN_POINT('',(3.041631496465E1,-3.568705056277E1,
-3.068976806675E0));
#6016=CARTESIAN_POINT('',(3.037907273070E1,-3.560304959152E1,
-2.974701622894E0));
#6017=CARTESIAN_POINT('',(3.032703883917E1,-3.550300698371E1,
-2.795421144166E0));
#6018=CARTESIAN_POINT('',(3.029331013850E1,-3.544233104270E1,
-2.593377200299E0));
#6019=CARTESIAN_POINT('',(3.028440104644E1,-3.542432907930E1,
-2.383839734103E0));
#6020=CARTESIAN_POINT('',(3.030127503481E1,-3.544849909897E1,
-2.174020827978E0));
#6021=CARTESIAN_POINT('',(3.034247950556E1,-3.551555843499E1,
-1.974504511779E0));
#6022=CARTESIAN_POINT('',(3.039872117840E1,-3.561864833565E1,
-1.803678634825E0));
#6023=CARTESIAN_POINT('',(3.045374058093E1,-3.573949894113E1,
-1.674831001320E0));
#6024=CARTESIAN_POINT('',(3.049447831377E1,-3.585816283350E1,
-1.587612608633E0));
#6025=CARTESIAN_POINT('',(3.051595604114E1,-3.595971238610E1,
-1.533171276614E0));
#6026=CARTESIAN_POINT('',(3.051969559103E1,-3.601829986676E1,
-1.508152662265E0));
#6027=CARTESIAN_POINT('',(3.051926136103E1,-3.604374108405E1,
-1.497953743231E0));
#6028=CARTESIAN_POINT('',(3.064660331612E1,-3.586926988497E1,
-2.932774540668E0));
#6029=CARTESIAN_POINT('',(3.062912216180E1,-3.583550437407E1,
-2.899366979016E0));
#6030=CARTESIAN_POINT('',(3.059186836351E1,-3.577311193464E1,
-2.824657348474E0));
#6031=CARTESIAN_POINT('',(3.054215306323E1,-3.570140779993E1,
-2.689105208347E0));
#6032=CARTESIAN_POINT('',(3.051096658420E1,-3.565884480997E1,
-2.540837338961E0));
#6033=CARTESIAN_POINT('',(3.050286221539E1,-3.564626992706E1,
-2.389116462407E0));
#6034=CARTESIAN_POINT('',(3.051825423629E1,-3.566292380115E1,
-2.236975323236E0));
#6035=CARTESIAN_POINT('',(3.055655987528E1,-3.570988268206E1,
-2.089890820779E0));
#6036=CARTESIAN_POINT('',(3.061072517205E1,-3.578395427537E1,
-1.959723282912E0));
#6037=CARTESIAN_POINT('',(3.066616691514E1,-3.587408151650E1,
-1.856725081230E0));
#6038=CARTESIAN_POINT('',(3.070935937274E1,-3.596695447734E1,
-1.782792176081E0));
#6039=CARTESIAN_POINT('',(3.073342810744E1,-3.605120323214E1,
-1.733966687586E0));
#6040=CARTESIAN_POINT('',(3.073787794049E1,-3.610281607327E1,
-1.711088345820E0));
#6041=CARTESIAN_POINT('',(3.073736625974E1,-3.612579547937E1,
-1.701966087563E0));
#6042=CARTESIAN_POINT('',(3.094925225005E1,-3.581970956815E1,
-2.889516376247E0));
#6043=CARTESIAN_POINT('',(3.093114703597E1,-3.578694720505E1,
-2.850582722252E0));
#6044=CARTESIAN_POINT('',(3.089387682511E1,-3.573163962187E1,
-2.769383432342E0));
#6045=CARTESIAN_POINT('',(3.084745216649E1,-3.567639637359E1,
-2.641586682814E0));
#6046=CARTESIAN_POINT('',(3.081987371473E1,-3.564666955461E1,
-2.515913095608E0));
#6047=CARTESIAN_POINT('',(3.081291144282E1,-3.563806681649E1,
-2.393929952351E0));
#6048=CARTESIAN_POINT('',(3.082620019351E1,-3.564868006890E1,
-2.270899345500E0));
#6049=CARTESIAN_POINT('',(3.086039168924E1,-3.568119984270E1,
-2.144057020318E0));
#6050=CARTESIAN_POINT('',(3.091161010624E1,-3.573887421145E1,
-2.018173199564E0));
#6051=CARTESIAN_POINT('',(3.096765125271E1,-3.581993167364E1,
-1.903559057147E0));
#6052=CARTESIAN_POINT('',(3.101432755835E1,-3.591738647294E1,
-1.808781821817E0));
#6053=CARTESIAN_POINT('',(3.104207355902E1,-3.602025771713E1,
-1.738695749866E0));
#6054=CARTESIAN_POINT('',(3.104753145563E1,-3.609188083831E1,
-1.704689542502E0));
#6055=CARTESIAN_POINT('',(3.104690985355E1,-3.612529657610E1,
-1.691660188742E0));
#6056=(BOUNDED_SURFACE()B_SPLINE_SURFACE(3,3,((#6000,#6001,#6002,#6003,#6004,
#6005,#6006,#6007,#6008,#6009,#6010,#6011,#6012,#6013),(#6014,#6015,#6016,#6017,
#6018,#6019,#6020,#6021,#6022,#6023,#6024,#6025,#6026,#6027),(#6028,#6029,#6030,
#6031,#6032,#6033,#6034,#6035,#6036,#6037,#6038,#6039,#6040,#6041),(#6042,#6043,
#6044,#6045,#6046,#6047,#6048,#6049,#6050,#6051,#6052,#6053,#6054,#6055)),
.UNSPECIFIED.,.F.,.F.,.F.)B_SPLINE_SURFACE_WITH_KNOTS((4,4),(4,1,1,1,1,1,1,1,1,
1,1,4),(0.E0,1.E0),(2.373992902643E-3,1.061180489058E-1,2.051528408230E-1,
2.956439672223E-1,3.794671610820E-1,4.642054025841E-1,5.574804321627E-1,
6.572685857185E-1,7.563898624150E-1,8.477866199551E-1,9.284079896401E-1,
9.945637539445E-1),.UNSPECIFIED.)GEOMETRIC_REPRESENTATION_ITEM()RATIONAL_B_SPLINE_SURFACE(((1.189432594430E0,1.189432594430E0,1.189432594430E0,1.189432594430E0,
1.189432594430E0,1.189432594430E0,1.189432594430E0,1.189432594430E0,
1.189432594430E0,1.189432594430E0,1.189432594430E0,1.189432594430E0,
1.189432594430E0,1.189432594430E0),(9.368558018567E-1,9.368558018567E-1,
9.368558018567E-1,9.368558018567E-1,9.368558018567E-1,9.368558018567E-1,
9.368558018567E-1,9.368558018567E-1,9.368558018567E-1,9.368558018567E-1,
9.368558018567E-1,9.368558018567E-1,9.368558018567E-1,9.368558018567E-1),(
9.368558018567E-1,9.368558018567E-1,9.368558018567E-1,9.368558018567E-1,
9.368558018567E-1,9.368558018567E-1,9.368558018567E-1,9.368558018567E-1,
9.368558018567E-1,9.368558018567E-1,9.368558018567E-1,9.368558018567E-1,
9.368558018567E-1,9.368558018567E-1),(1.189432594430E0,1.189432594430E0,
1.189432594430E0,1.189432594430E0,1.189432594430E0,1.189432594430E0,
1.189432594430E0,1.189432594430E0,1.189432594430E0,1.189432594430E0,
1.189432594430E0,1.189432594430E0,1.189432594430E0,1.189432594430E0)))REPRESENTATION_ITEM('')SURFACE());
#6057=ORIENTED_EDGE('',*,*,#5730,.F.);
#6059=ORIENTED_EDGE('',*,*,#6058,.T.);
#6061=ORIENTED_EDGE('',*,*,#6060,.T.);
#6062=ORIENTED_EDGE('',*,*,#5992,.F.);
#6063=EDGE_LOOP('',(#6057,#6059,#6061,#6062));
#6064=FACE_OUTER_BOUND('',#6063,.F.);
#6065=ADVANCED_FACE('',(#6064),#6056,.F.);
#6066=CARTESIAN_POINT('',(3.047144620057E1,-3.592288709749E1,
-3.370734003319E0));
#6067=CARTESIAN_POINT('',(3.047621990525E1,-3.588746537969E1,
-3.361388739693E0));
#6068=CARTESIAN_POINT('',(3.048278333423E1,-3.581539636037E1,
-3.338497692593E0));
#6069=CARTESIAN_POINT('',(3.048158044203E1,-3.571614351132E1,
-3.293810025123E0));
#6070=CARTESIAN_POINT('',(3.047020488409E1,-3.563666016049E1,
-3.245120157377E0));
#6071=CARTESIAN_POINT('',(3.045801497884E1,-3.559391725763E1,
-3.212185275182E0));
#6072=CARTESIAN_POINT('',(3.045221253639E1,-3.557757493972E1,
-3.198466033647E0));
#6073=CARTESIAN_POINT('',(3.055916523521E1,-3.602307477852E1,
-3.163456887691E0));
#6074=CARTESIAN_POINT('',(3.056038417687E1,-3.599462368476E1,
-3.155976814463E0));
#6075=CARTESIAN_POINT('',(3.055946511280E1,-3.593744906667E1,
-3.138090340708E0));
#6076=CARTESIAN_POINT('',(3.054821166586E1,-3.586089337873E1,
-3.105209503080E0));
#6077=CARTESIAN_POINT('',(3.053015495739E1,-3.580087087105E1,
-3.071009993927E0));
#6078=CARTESIAN_POINT('',(3.051540110972E1,-3.576868953768E1,
-3.048213253352E0));
#6079=CARTESIAN_POINT('',(3.050880873768E1,-3.575635011492E1,
-3.038685670164E0));
#6080=CARTESIAN_POINT('',(3.076957775501E1,-3.610386268891E1,
-3.063978670039E0));
#6081=CARTESIAN_POINT('',(3.076967572704E1,-3.607574527558E1,
-3.054399114276E0));
#6082=CARTESIAN_POINT('',(3.076602000082E1,-3.601958323216E1,
-3.031726593175E0));
#6083=CARTESIAN_POINT('',(3.074963557264E1,-3.594546497061E1,
-2.991169135908E0));
#6084=CARTESIAN_POINT('',(3.072625097580E1,-3.588811922101E1,
-2.949935996380E0));
#6085=CARTESIAN_POINT('',(3.070785240115E1,-3.585755343461E1,
-2.922656922993E0));
#6086=CARTESIAN_POINT('',(3.069970099911E1,-3.584585376162E1,
-2.911236461025E0));
#6087=CARTESIAN_POINT('',(3.100890842626E1,-3.612924577883E1,
-3.116634179241E0));
#6088=CARTESIAN_POINT('',(3.101081880873E1,-3.609467638973E1,
-3.101926152238E0));
#6089=CARTESIAN_POINT('',(3.101039190974E1,-3.602519381649E1,
-3.066809978696E0));
#6090=CARTESIAN_POINT('',(3.099608281737E1,-3.593216694970E1,
-3.002513720062E0));
#6091=CARTESIAN_POINT('',(3.097109809424E1,-3.585952091232E1,
-2.935857665515E0));
#6092=CARTESIAN_POINT('',(3.094959836715E1,-3.582090464352E1,
-2.891473442896E0));
#6093=CARTESIAN_POINT('',(3.093981365343E1,-3.580619645526E1,
-2.872919171376E0));
#6094=(BOUNDED_SURFACE()B_SPLINE_SURFACE(3,3,((#6066,#6067,#6068,#6069,#6070,
#6071,#6072),(#6073,#6074,#6075,#6076,#6077,#6078,#6079),(#6080,#6081,#6082,
#6083,#6084,#6085,#6086),(#6087,#6088,#6089,#6090,#6091,#6092,#6093)),
.UNSPECIFIED.,.F.,.F.,.F.)B_SPLINE_SURFACE_WITH_KNOTS((4,4),(4,1,1,1,4),(0.E0,
1.E0),(4.109348736735E-2,2.774578568040E-1,5.307713349942E-1,7.660997924539E-1,
9.272610128529E-1),.UNSPECIFIED.)GEOMETRIC_REPRESENTATION_ITEM()RATIONAL_B_SPLINE_SURFACE(((1.125389089952E0,1.125389089952E0,1.125389089952E0,1.125389089952E0,
1.125389089952E0,1.125389089952E0,1.125389089952E0),(9.582036366827E-1,
9.582036366827E-1,9.582036366827E-1,9.582036366827E-1,9.582036366827E-1,
9.582036366827E-1,9.582036366827E-1),(9.582036366827E-1,9.582036366827E-1,
9.582036366827E-1,9.582036366827E-1,9.582036366827E-1,9.582036366827E-1,
9.582036366827E-1),(1.125389089952E0,1.125389089952E0,1.125389089952E0,
1.125389089952E0,1.125389089952E0,1.125389089952E0,1.125389089952E0)))REPRESENTATION_ITEM('')SURFACE());
#6096=ORIENTED_EDGE('',*,*,#6095,.F.);
#6098=ORIENTED_EDGE('',*,*,#6097,.T.);
#6100=ORIENTED_EDGE('',*,*,#6099,.T.);
#6101=ORIENTED_EDGE('',*,*,#6058,.F.);
#6102=EDGE_LOOP('',(#6096,#6098,#6100,#6101));
#6103=FACE_OUTER_BOUND('',#6102,.F.);
#6104=ADVANCED_FACE('',(#6103),#6094,.F.);
#6105=CARTESIAN_POINT('',(2.95328E1,-3.59214E1,-3.19E0));
#6106=DIRECTION('',(0.E0,0.E0,1.E0));
#6107=DIRECTION('',(-3.226733549211E-2,9.994792739523E-1,0.E0));
#6108=AXIS2_PLACEMENT_3D('',#6105,#6106,#6107);
#6109=TOROIDAL_SURFACE('',#6108,5.813092715735E-1,4.E-1);
#6110=ORIENTED_EDGE('',*,*,#6095,.T.);
#6111=ORIENTED_EDGE('',*,*,#5728,.F.);
#6112=ORIENTED_EDGE('',*,*,#5783,.F.);
#6113=ORIENTED_EDGE('',*,*,#5798,.T.);
#6114=ORIENTED_EDGE('',*,*,#5823,.T.);
#6115=EDGE_LOOP('',(#6110,#6111,#6112,#6113,#6114));
#6116=FACE_OUTER_BOUND('',#6115,.F.);
#6117=ADVANCED_FACE('',(#6116),#6109,.T.);
#6118=CARTESIAN_POINT('',(3.041489370710E1,-3.641454109527E1,
-3.480744798960E0));
#6119=CARTESIAN_POINT('',(3.041456854062E1,-3.636353017499E1,
-3.481336474462E0));
#6120=CARTESIAN_POINT('',(3.041838480482E1,-3.624611402123E1,
-3.474688495318E0));
#6121=CARTESIAN_POINT('',(3.043980455866E1,-3.606970579379E1,
-3.436395342682E0));
#6122=CARTESIAN_POINT('',(3.046272089617E1,-3.595798136559E1,
-3.390463403448E0));
#6123=CARTESIAN_POINT('',(3.047459690760E1,-3.590585997248E1,
-3.363928460083E0));
#6124=CARTESIAN_POINT('',(3.049363731233E1,-3.641210487052E1,
-3.275612733840E0));
#6125=CARTESIAN_POINT('',(3.049332137900E1,-3.637055102210E1,-3.276096437E0));
#6126=CARTESIAN_POINT('',(3.049701591580E1,-3.627489950568E1,
-3.270660764085E0));
#6127=CARTESIAN_POINT('',(3.051782814689E1,-3.613131928643E1,
-3.239369768489E0));
#6128=CARTESIAN_POINT('',(3.054036716156E1,-3.604059808653E1,
-3.201908407761E0));
#6129=CARTESIAN_POINT('',(3.055215099489E1,-3.599834355106E1,
-3.180304136728E0));
#6130=CARTESIAN_POINT('',(3.067650916675E1,-3.640985656995E1,
-3.153800476483E0));
#6131=CARTESIAN_POINT('',(3.067621467623E1,-3.637702791449E1,
-3.154160237861E0));
#6132=CARTESIAN_POINT('',(3.067962651688E1,-3.630150625157E1,
-3.150128460469E0));
#6133=CARTESIAN_POINT('',(3.069902785481E1,-3.618647213572E1,
-3.126671221699E0));
#6134=CARTESIAN_POINT('',(3.072069058590E1,-3.611102372169E1,
-3.097659628097E0));
#6135=CARTESIAN_POINT('',(3.073226034750E1,-3.607498894015E1,
-3.080444974224E0));
#6136=CARTESIAN_POINT('',(3.089615229219E1,-3.640862430749E1,
-3.160174994451E0));
#6137=CARTESIAN_POINT('',(3.089588355612E1,-3.638057522590E1,
-3.160440495940E0));
#6138=CARTESIAN_POINT('',(3.089895585701E1,-3.631613422704E1,
-3.157487108156E0));
#6139=CARTESIAN_POINT('',(3.091666260402E1,-3.621484995660E1,
-3.139809827425E0));
#6140=CARTESIAN_POINT('',(3.093727285132E1,-3.614331847850E1,
-3.116114896637E0));
#6141=CARTESIAN_POINT('',(3.094858549635E1,-3.610756543244E1,
-3.101131982152E0));
#6142=(BOUNDED_SURFACE()B_SPLINE_SURFACE(3,3,((#6118,#6119,#6120,#6121,#6122,
#6123),(#6124,#6125,#6126,#6127,#6128,#6129),(#6130,#6131,#6132,#6133,#6134,
#6135),(#6136,#6137,#6138,#6139,#6140,#6141)),.UNSPECIFIED.,.F.,.F.,.F.)B_SPLINE_SURFACE_WITH_KNOTS((4,4),(4,1,1,4),(0.E0,1.E0),(4.553083368651E-2,
3.011568068177E-1,6.321531608300E-1,9.782023892600E-1),.UNSPECIFIED.)GEOMETRIC_REPRESENTATION_ITEM()RATIONAL_B_SPLINE_SURFACE(((1.101421308481E0,
1.101421308481E0,1.101421308481E0,1.101421308481E0,1.101421308481E0,
1.101421308481E0),(9.661928971730E-1,9.661928971730E-1,9.661928971730E-1,
9.661928971730E-1,9.661928971730E-1,9.661928971730E-1),(9.661928971730E-1,
9.661928971730E-1,9.661928971730E-1,9.661928971730E-1,9.661928971730E-1,
9.661928971730E-1),(1.101421308481E0,1.101421308481E0,1.101421308481E0,
1.101421308481E0,1.101421308481E0,1.101421308481E0)))REPRESENTATION_ITEM('')SURFACE());
#6143=ORIENTED_EDGE('',*,*,#5821,.F.);
#6144=ORIENTED_EDGE('',*,*,#5875,.T.);
#6146=ORIENTED_EDGE('',*,*,#6145,.T.);
#6147=ORIENTED_EDGE('',*,*,#6097,.F.);
#6148=EDGE_LOOP('',(#6143,#6144,#6146,#6147));
#6149=FACE_OUTER_BOUND('',#6148,.F.);
#6150=ADVANCED_FACE('',(#6149),#6142,.F.);
#6151=CARTESIAN_POINT('',(3.26898E1,-3.64014E1,-2.4E0));
#6152=DIRECTION('',(1.E0,0.E0,0.E0));
#6153=DIRECTION('',(0.E0,0.E0,-1.E0));
#6154=AXIS2_PLACEMENT_3D('',#6151,#6152,#6153);
#6155=CYLINDRICAL_SURFACE('',#6154,7.6E-1);
#6156=ORIENTED_EDGE('',*,*,#5994,.F.);
#6157=ORIENTED_EDGE('',*,*,#6060,.F.);
#6158=ORIENTED_EDGE('',*,*,#6099,.F.);
#6159=ORIENTED_EDGE('',*,*,#6145,.F.);
#6161=ORIENTED_EDGE('',*,*,#6160,.F.);
#6163=ORIENTED_EDGE('',*,*,#6162,.T.);
#6165=ORIENTED_EDGE('',*,*,#6164,.T.);
#6166=EDGE_LOOP('',(#6156,#6157,#6158,#6159,#6161,#6163,#6165));
#6167=FACE_OUTER_BOUND('',#6166,.F.);
#6168=ADVANCED_FACE('',(#6167),#6155,.T.);
#6169=CARTESIAN_POINT('',(3.26898E1,-3.64014E1,-2.4E0));
#6170=DIRECTION('',(1.E0,0.E0,0.E0));
#6171=DIRECTION('',(0.E0,0.E0,-1.E0));
#6172=AXIS2_PLACEMENT_3D('',#6169,#6170,#6171);
#6173=CYLINDRICAL_SURFACE('',#6172,7.6E-1);
#6174=ORIENTED_EDGE('',*,*,#5945,.F.);
#6175=ORIENTED_EDGE('',*,*,#6164,.F.);
#6177=ORIENTED_EDGE('',*,*,#6176,.T.);
#6178=ORIENTED_EDGE('',*,*,#6160,.T.);
#6179=ORIENTED_EDGE('',*,*,#5873,.F.);
#6180=EDGE_LOOP('',(#6174,#6175,#6177,#6178,#6179));
#6181=FACE_OUTER_BOUND('',#6180,.F.);
#6182=ADVANCED_FACE('',(#6181),#6173,.T.);
#6183=CARTESIAN_POINT('',(3.26898E1,-3.64014E1,-2.4E0));
#6184=DIRECTION('',(-1.E0,0.E0,0.E0));
#6185=DIRECTION('',(0.E0,0.E0,1.E0));
#6186=AXIS2_PLACEMENT_3D('',#6183,#6184,#6185);
#6187=PLANE('',#6186);
#6189=ORIENTED_EDGE('',*,*,#6188,.T.);
#6191=ORIENTED_EDGE('',*,*,#6190,.F.);
#6192=EDGE_LOOP('',(#6189,#6191));
#6193=FACE_OUTER_BOUND('',#6192,.F.);
#6194=ORIENTED_EDGE('',*,*,#6162,.F.);
#6195=ORIENTED_EDGE('',*,*,#6176,.F.);
#6196=EDGE_LOOP('',(#6194,#6195));
#6197=FACE_BOUND('',#6196,.F.);
#6198=ADVANCED_FACE('',(#6193,#6197),#6187,.T.);
#6199=CARTESIAN_POINT('',(3.288977749873E1,-3.64014E1,-2.4E0));
#6200=DIRECTION('',(-1.E0,0.E0,0.E0));
#6201=DIRECTION('',(0.E0,0.E0,1.E0));
#6202=AXIS2_PLACEMENT_3D('',#6199,#6200,#6201);
#6203=TOROIDAL_SURFACE('',#6202,7.65E-1,2.E-1);
#6205=ORIENTED_EDGE('',*,*,#6204,.F.);
#6207=ORIENTED_EDGE('',*,*,#6206,.T.);
#6209=ORIENTED_EDGE('',*,*,#6208,.T.);
#6210=ORIENTED_EDGE('',*,*,#6188,.F.);
#6211=EDGE_LOOP('',(#6205,#6207,#6209,#6210));
#6212=FACE_OUTER_BOUND('',#6211,.F.);
#6213=ADVANCED_FACE('',(#6212),#6203,.T.);
#6214=CARTESIAN_POINT('',(3.288977749873E1,-3.64014E1,-2.4E0));
#6215=DIRECTION('',(-1.E0,0.E0,0.E0));
#6216=DIRECTION('',(0.E0,0.E0,1.E0));
#6217=AXIS2_PLACEMENT_3D('',#6214,#6215,#6216);
#6218=TOROIDAL_SURFACE('',#6217,7.65E-1,2.E-1);
#6219=ORIENTED_EDGE('',*,*,#6204,.T.);
#6220=ORIENTED_EDGE('',*,*,#6190,.T.);
#6221=ORIENTED_EDGE('',*,*,#6208,.F.);
#6223=ORIENTED_EDGE('',*,*,#6222,.F.);
#6224=EDGE_LOOP('',(#6219,#6220,#6221,#6223));
#6225=FACE_OUTER_BOUND('',#6224,.F.);
#6226=ADVANCED_FACE('',(#6225),#6218,.T.);
#6227=CARTESIAN_POINT('',(3.332417832401E1,-3.64014E1,-2.4E0));
#6228=DIRECTION('',(-1.E0,0.E0,0.E0));
#6229=DIRECTION('',(0.E0,0.E0,1.E0));
#6230=AXIS2_PLACEMENT_3D('',#6227,#6228,#6229);
#6231=CONICAL_SURFACE('',#6230,8.619801456430E-1,1.411658517054E1);
#6233=ORIENTED_EDGE('',*,*,#6232,.T.);
#6234=ORIENTED_EDGE('',*,*,#6222,.T.);
#6236=ORIENTED_EDGE('',*,*,#6235,.F.);
#6238=ORIENTED_EDGE('',*,*,#6237,.F.);
#6239=EDGE_LOOP('',(#6233,#6234,#6236,#6238));
#6240=FACE_OUTER_BOUND('',#6239,.F.);
#6241=ADVANCED_FACE('',(#6240),#6231,.T.);
#6242=CARTESIAN_POINT('',(3.332417832401E1,-3.64014E1,-2.4E0));
#6243=DIRECTION('',(-1.E0,0.E0,0.E0));
#6244=DIRECTION('',(0.E0,0.E0,1.E0));
#6245=AXIS2_PLACEMENT_3D('',#6242,#6243,#6244);
#6246=CONICAL_SURFACE('',#6245,8.619801456430E-1,1.411658517054E1);
#6247=ORIENTED_EDGE('',*,*,#6232,.F.);
#6249=ORIENTED_EDGE('',*,*,#6248,.T.);
#6250=ORIENTED_EDGE('',*,*,#6235,.T.);
#6251=ORIENTED_EDGE('',*,*,#6206,.F.);
#6252=EDGE_LOOP('',(#6247,#6249,#6250,#6251));
#6253=FACE_OUTER_BOUND('',#6252,.F.);
#6254=ADVANCED_FACE('',(#6253),#6246,.T.);
#6255=CARTESIAN_POINT('',(3.37098E1,-3.64014E1,-2.4E0));
#6256=DIRECTION('',(-1.E0,0.E0,0.E0));
#6257=DIRECTION('',(0.E0,0.E0,1.E0));
#6258=AXIS2_PLACEMENT_3D('',#6255,#6256,#6257);
#6259=PLANE('',#6258);
#6260=ORIENTED_EDGE('',*,*,#6248,.F.);
#6261=ORIENTED_EDGE('',*,*,#6237,.T.);
#6262=EDGE_LOOP('',(#6260,#6261));
#6263=FACE_OUTER_BOUND('',#6262,.F.);
#6265=ORIENTED_EDGE('',*,*,#6264,.F.);
#6267=ORIENTED_EDGE('',*,*,#6266,.F.);
#6268=EDGE_LOOP('',(#6265,#6267));
#6269=FACE_BOUND('',#6268,.F.);
#6270=ADVANCED_FACE('',(#6263,#6269),#6259,.F.);
#6271=CARTESIAN_POINT('',(3.27223E1,-3.64014E1,-2.4E0));
#6272=DIRECTION('',(1.E0,0.E0,0.E0));
#6273=DIRECTION('',(0.E0,0.E0,-1.E0));
#6274=AXIS2_PLACEMENT_3D('',#6271,#6272,#6273);
#6275=CONICAL_SURFACE('',#6274,4.755157401269E-1,2.E0);
#6277=ORIENTED_EDGE('',*,*,#6276,.F.);
#6279=ORIENTED_EDGE('',*,*,#6278,.F.);
#6280=ORIENTED_EDGE('',*,*,#6264,.T.);
#6282=ORIENTED_EDGE('',*,*,#6281,.T.);
#6283=EDGE_LOOP('',(#6277,#6279,#6280,#6282));
#6284=FACE_OUTER_BOUND('',#6283,.F.);
#6285=ADVANCED_FACE('',(#6284),#6275,.F.);
#6286=CARTESIAN_POINT('',(3.17348E1,0.E0,0.E0));
#6287=DIRECTION('',(1.E0,0.E0,0.E0));
#6288=DIRECTION('',(0.E0,-1.E0,0.E0));
#6289=AXIS2_PLACEMENT_3D('',#6286,#6287,#6288);
#6290=PLANE('',#6289);
#6291=ORIENTED_EDGE('',*,*,#6276,.T.);
#6293=ORIENTED_EDGE('',*,*,#6292,.T.);
#6294=EDGE_LOOP('',(#6291,#6293));
#6295=FACE_OUTER_BOUND('',#6294,.F.);
#6296=ADVANCED_FACE('',(#6295),#6290,.T.);
#6297=CARTESIAN_POINT('',(3.27223E1,-3.64014E1,-2.4E0));
#6298=DIRECTION('',(1.E0,0.E0,0.E0));
#6299=DIRECTION('',(0.E0,0.E0,-1.E0));
#6300=AXIS2_PLACEMENT_3D('',#6297,#6298,#6299);
#6301=CONICAL_SURFACE('',#6300,4.755157401269E-1,2.E0);
#6302=ORIENTED_EDGE('',*,*,#6292,.F.);
#6303=ORIENTED_EDGE('',*,*,#6281,.F.);
#6304=ORIENTED_EDGE('',*,*,#6266,.T.);
#6305=ORIENTED_EDGE('',*,*,#6278,.T.);
#6306=EDGE_LOOP('',(#6302,#6303,#6304,#6305));
#6307=FACE_OUTER_BOUND('',#6306,.F.);
#6308=ADVANCED_FACE('',(#6307),#6301,.F.);
#6309=CARTESIAN_POINT('',(2.95328E1,-4.09114E1,-3.19E0));
#6310=DIRECTION('',(0.E0,0.E0,1.E0));
#6311=DIRECTION('',(9.994792739523E-1,3.226733549211E-2,0.E0));
#6312=AXIS2_PLACEMENT_3D('',#6309,#6310,#6311);
#6313=TOROIDAL_SURFACE('',#6312,5.813092715735E-1,4.E-1);
#6314=ORIENTED_EDGE('',*,*,#5809,.T.);
#6316=ORIENTED_EDGE('',*,*,#6315,.T.);
#6317=ORIENTED_EDGE('',*,*,#5652,.F.);
#6318=ORIENTED_EDGE('',*,*,#5826,.F.);
#6319=EDGE_LOOP('',(#6314,#6316,#6317,#6318));
#6320=FACE_OUTER_BOUND('',#6319,.F.);
#6321=ADVANCED_FACE('',(#6320),#6313,.T.);
#6322=CARTESIAN_POINT('',(2.956471525257E1,-4.149270927157E1,-3.19E0));
#6323=DIRECTION('',(-1.E0,0.E0,0.E0));
#6324=DIRECTION('',(0.E0,0.E0,-1.E0));
#6325=AXIS2_PLACEMENT_3D('',#6322,#6323,#6324);
#6326=CYLINDRICAL_SURFACE('',#6325,4.E-1);
#6327=ORIENTED_EDGE('',*,*,#5807,.T.);
#6329=ORIENTED_EDGE('',*,*,#6328,.T.);
#6331=ORIENTED_EDGE('',*,*,#6330,.F.);
#6332=ORIENTED_EDGE('',*,*,#6315,.F.);
#6333=EDGE_LOOP('',(#6327,#6329,#6331,#6332));
#6334=FACE_OUTER_BOUND('',#6333,.F.);
#6335=ADVANCED_FACE('',(#6334),#6326,.T.);
#6336=CARTESIAN_POINT('',(2.21328E1,-4.09114E1,-3.19E0));
#6337=DIRECTION('',(0.E0,0.E0,1.E0));
#6338=DIRECTION('',(3.226733549211E-2,-9.994792739523E-1,0.E0));
#6339=AXIS2_PLACEMENT_3D('',#6336,#6337,#6338);
#6340=TOROIDAL_SURFACE('',#6339,5.813092715735E-1,4.E-1);
#6341=ORIENTED_EDGE('',*,*,#5805,.T.);
#6343=ORIENTED_EDGE('',*,*,#6342,.T.);
#6344=ORIENTED_EDGE('',*,*,#5577,.F.);
#6345=ORIENTED_EDGE('',*,*,#6328,.F.);
#6346=EDGE_LOOP('',(#6341,#6343,#6344,#6345));
#6347=FACE_OUTER_BOUND('',#6346,.F.);
#6348=ADVANCED_FACE('',(#6347),#6340,.T.);
#6349=CARTESIAN_POINT('',(2.155149072843E1,-4.094331525257E1,-3.19E0));
#6350=DIRECTION('',(0.E0,1.E0,0.E0));
#6351=DIRECTION('',(0.E0,0.E0,-1.E0));
#6352=AXIS2_PLACEMENT_3D('',#6349,#6350,#6351);
#6353=CYLINDRICAL_SURFACE('',#6352,4.E-1);
#6354=ORIENTED_EDGE('',*,*,#5803,.T.);
#6356=ORIENTED_EDGE('',*,*,#6355,.T.);
#6357=ORIENTED_EDGE('',*,*,#5559,.F.);
#6358=ORIENTED_EDGE('',*,*,#6342,.F.);
#6359=EDGE_LOOP('',(#6354,#6356,#6357,#6358));
#6360=FACE_OUTER_BOUND('',#6359,.F.);
#6361=ADVANCED_FACE('',(#6360),#6353,.T.);
#6362=CARTESIAN_POINT('',(2.21328E1,-3.59214E1,-3.19E0));
#6363=DIRECTION('',(0.E0,0.E0,1.E0));
#6364=DIRECTION('',(-9.994792739523E-1,-3.226733549211E-2,0.E0));
#6365=AXIS2_PLACEMENT_3D('',#6362,#6363,#6364);
#6366=TOROIDAL_SURFACE('',#6365,5.813092715735E-1,4.E-1);
#6367=ORIENTED_EDGE('',*,*,#5801,.T.);
#6368=ORIENTED_EDGE('',*,*,#5786,.T.);
#6369=ORIENTED_EDGE('',*,*,#5496,.F.);
#6370=ORIENTED_EDGE('',*,*,#6355,.F.);
#6371=EDGE_LOOP('',(#6367,#6368,#6369,#6370));
#6372=FACE_OUTER_BOUND('',#6371,.F.);
#6373=ADVANCED_FACE('',(#6372),#6366,.T.);
#6374=CARTESIAN_POINT('',(3.168742609813E1,-4.19114E1,-1.05E0));
#6375=DIRECTION('',(0.E0,-9.999619230642E-1,-8.726535498374E-3));
#6376=DIRECTION('',(1.E0,0.E0,0.E0));
#6377=AXIS2_PLACEMENT_3D('',#6374,#6375,#6376);
#6378=PLANE('',#6377);
#6379=ORIENTED_EDGE('',*,*,#6330,.T.);
#6380=ORIENTED_EDGE('',*,*,#5575,.T.);
#6381=ORIENTED_EDGE('',*,*,#5635,.T.);
#6382=ORIENTED_EDGE('',*,*,#5654,.F.);
#6383=EDGE_LOOP('',(#6379,#6380,#6381,#6382));
#6384=FACE_OUTER_BOUND('',#6383,.F.);
#6385=ADVANCED_FACE('',(#6384),#6378,.T.);
#6386=CARTESIAN_POINT('',(3.014266514480E1,-4.19096E1,3.E-2));
#6387=DIRECTION('',(0.E0,1.E0,0.E0));
#6388=DIRECTION('',(-1.E0,0.E0,0.E0));
#6389=AXIS2_PLACEMENT_3D('',#6386,#6387,#6388);
#6390=PLANE('',#6389);
#6392=ORIENTED_EDGE('',*,*,#6391,.F.);
#6394=ORIENTED_EDGE('',*,*,#6393,.F.);
#6396=ORIENTED_EDGE('',*,*,#6395,.F.);
#6398=ORIENTED_EDGE('',*,*,#6397,.T.);
#6399=ORIENTED_EDGE('',*,*,#3502,.T.);
#6401=ORIENTED_EDGE('',*,*,#6400,.F.);
#6403=ORIENTED_EDGE('',*,*,#6402,.F.);
#6405=ORIENTED_EDGE('',*,*,#6404,.F.);
#6406=EDGE_LOOP('',(#6392,#6394,#6396,#6398,#6399,#6401,#6403,#6405));
#6407=FACE_OUTER_BOUND('',#6406,.F.);
#6408=ADVANCED_FACE('',(#6407),#6390,.F.);
#6409=CARTESIAN_POINT('',(1.997817390187E1,-4.19106E1,3.E-2));
#6410=DIRECTION('',(0.E0,-9.999619230642E-1,8.726535498374E-3));
#6411=DIRECTION('',(-1.E0,0.E0,0.E0));
#6412=AXIS2_PLACEMENT_3D('',#6409,#6410,#6411);
#6413=PLANE('',#6412);
#6414=ORIENTED_EDGE('',*,*,#6391,.T.);
#6416=ORIENTED_EDGE('',*,*,#6415,.F.);
#6418=ORIENTED_EDGE('',*,*,#6417,.T.);
#6420=ORIENTED_EDGE('',*,*,#6419,.T.);
#6421=EDGE_LOOP('',(#6414,#6416,#6418,#6420));
#6422=FACE_OUTER_BOUND('',#6421,.F.);
#6423=ADVANCED_FACE('',(#6422),#6413,.T.);
#6424=CARTESIAN_POINT('',(2.21328E1,-4.09106E1,1.101745307100E0));
#6425=DIRECTION('',(0.E0,0.E0,-1.E0));
#6426=DIRECTION('',(0.E0,-1.E0,0.E0));
#6427=AXIS2_PLACEMENT_3D('',#6424,#6425,#6426);
#6428=CONICAL_SURFACE('',#6427,9.906470203996E-1,5.E-1);
#6429=ORIENTED_EDGE('',*,*,#6404,.T.);
#6431=ORIENTED_EDGE('',*,*,#6430,.T.);
#6433=ORIENTED_EDGE('',*,*,#6432,.T.);
#6435=ORIENTED_EDGE('',*,*,#6434,.F.);
#6437=ORIENTED_EDGE('',*,*,#6436,.T.);
#6438=ORIENTED_EDGE('',*,*,#6415,.T.);
#6439=EDGE_LOOP('',(#6429,#6431,#6433,#6435,#6437,#6438));
#6440=FACE_OUTER_BOUND('',#6439,.F.);
#6441=ADVANCED_FACE('',(#6440),#6428,.T.);
#6442=CARTESIAN_POINT('',(2.08788E1,-4.4577E1,3.E-2));
#6443=DIRECTION('',(0.E0,0.E0,1.E0));
#6444=DIRECTION('',(0.E0,-1.E0,0.E0));
#6445=AXIS2_PLACEMENT_3D('',#6442,#6443,#6444);
#6446=PLANE('',#6445);
#6447=ORIENTED_EDGE('',*,*,#6430,.F.);
#6448=ORIENTED_EDGE('',*,*,#6402,.T.);
#6450=ORIENTED_EDGE('',*,*,#6449,.F.);
#6452=ORIENTED_EDGE('',*,*,#6451,.T.);
#6453=EDGE_LOOP('',(#6447,#6448,#6450,#6452));
#6454=FACE_OUTER_BOUND('',#6453,.F.);
#6455=ADVANCED_FACE('',(#6454),#6446,.T.);
#6456=CARTESIAN_POINT('',(2.162947017315E1,-4.141332982685E1,3.E-2));
#6457=DIRECTION('',(0.E0,0.E0,1.E0));
#6458=DIRECTION('',(1.E0,0.E0,0.E0));
#6459=AXIS2_PLACEMENT_3D('',#6456,#6457,#6458);
#6460=CYLINDRICAL_SURFACE('',#6459,5.08E-1);
#6461=ORIENTED_EDGE('',*,*,#3516,.F.);
#6463=ORIENTED_EDGE('',*,*,#6462,.F.);
#6464=ORIENTED_EDGE('',*,*,#6449,.T.);
#6465=ORIENTED_EDGE('',*,*,#6400,.T.);
#6466=EDGE_LOOP('',(#6461,#6463,#6464,#6465));
#6467=FACE_OUTER_BOUND('',#6466,.F.);
#6468=ADVANCED_FACE('',(#6467),#6460,.T.);
#6469=CARTESIAN_POINT('',(2.11332E1,-4.152186514480E1,3.E-2));
#6470=DIRECTION('',(1.E0,0.E0,0.E0));
#6471=DIRECTION('',(0.E0,1.E0,0.E0));
#6472=AXIS2_PLACEMENT_3D('',#6469,#6470,#6471);
#6473=PLANE('',#6472);
#6475=ORIENTED_EDGE('',*,*,#6474,.F.);
#6476=ORIENTED_EDGE('',*,*,#6432,.F.);
#6477=ORIENTED_EDGE('',*,*,#6451,.F.);
#6478=ORIENTED_EDGE('',*,*,#6462,.T.);
#6479=ORIENTED_EDGE('',*,*,#3514,.T.);
#6481=ORIENTED_EDGE('',*,*,#6480,.F.);
#6483=ORIENTED_EDGE('',*,*,#6482,.F.);
#6485=ORIENTED_EDGE('',*,*,#6484,.F.);
#6486=EDGE_LOOP('',(#6475,#6476,#6477,#6478,#6479,#6481,#6483,#6485));
#6487=FACE_OUTER_BOUND('',#6486,.F.);
#6488=ADVANCED_FACE('',(#6487),#6473,.F.);
#6489=CARTESIAN_POINT('',(2.11328E1,-3.376597390187E1,3.E-2));
#6490=DIRECTION('',(-9.999619230642E-1,0.E0,8.726535498374E-3));
#6491=DIRECTION('',(0.E0,1.E0,0.E0));
#6492=AXIS2_PLACEMENT_3D('',#6489,#6490,#6491);
#6493=PLANE('',#6492);
#6494=ORIENTED_EDGE('',*,*,#6474,.T.);
#6496=ORIENTED_EDGE('',*,*,#6495,.F.);
#6498=ORIENTED_EDGE('',*,*,#6497,.T.);
#6499=ORIENTED_EDGE('',*,*,#6434,.T.);
#6500=EDGE_LOOP('',(#6494,#6496,#6498,#6499));
#6501=FACE_OUTER_BOUND('',#6500,.F.);
#6502=ADVANCED_FACE('',(#6501),#6493,.T.);
#6503=CARTESIAN_POINT('',(2.21328E1,-3.59206E1,1.101745307100E0));
#6504=DIRECTION('',(0.E0,0.E0,-1.E0));
#6505=DIRECTION('',(-1.E0,0.E0,0.E0));
#6506=AXIS2_PLACEMENT_3D('',#6503,#6504,#6505);
#6507=CONICAL_SURFACE('',#6506,9.906470203996E-1,5.E-1);
#6508=ORIENTED_EDGE('',*,*,#6484,.T.);
#6510=ORIENTED_EDGE('',*,*,#6509,.T.);
#6512=ORIENTED_EDGE('',*,*,#6511,.T.);
#6514=ORIENTED_EDGE('',*,*,#6513,.F.);
#6516=ORIENTED_EDGE('',*,*,#6515,.T.);
#6517=ORIENTED_EDGE('',*,*,#6495,.T.);
#6518=EDGE_LOOP('',(#6508,#6510,#6512,#6514,#6516,#6517));
#6519=FACE_OUTER_BOUND('',#6518,.F.);
#6520=ADVANCED_FACE('',(#6519),#6507,.T.);
#6521=CARTESIAN_POINT('',(2.08788E1,-4.4577E1,3.E-2));
#6522=DIRECTION('',(0.E0,0.E0,1.E0));
#6523=DIRECTION('',(0.E0,-1.E0,0.E0));
#6524=AXIS2_PLACEMENT_3D('',#6521,#6522,#6523);
#6525=PLANE('',#6524);
#6526=ORIENTED_EDGE('',*,*,#6509,.F.);
#6527=ORIENTED_EDGE('',*,*,#6482,.T.);
#6529=ORIENTED_EDGE('',*,*,#6528,.F.);
#6531=ORIENTED_EDGE('',*,*,#6530,.T.);
#6532=EDGE_LOOP('',(#6526,#6527,#6529,#6531));
#6533=FACE_OUTER_BOUND('',#6532,.F.);
#6534=ADVANCED_FACE('',(#6533),#6525,.T.);
#6535=CARTESIAN_POINT('',(2.162947017315E1,-3.542167017315E1,3.E-2));
#6536=DIRECTION('',(0.E0,0.E0,1.E0));
#6537=DIRECTION('',(1.E0,0.E0,0.E0));
#6538=AXIS2_PLACEMENT_3D('',#6535,#6536,#6537);
#6539=CYLINDRICAL_SURFACE('',#6538,5.08E-1);
#6540=ORIENTED_EDGE('',*,*,#3512,.F.);
#6542=ORIENTED_EDGE('',*,*,#6541,.F.);
#6543=ORIENTED_EDGE('',*,*,#6528,.T.);
#6544=ORIENTED_EDGE('',*,*,#6480,.T.);
#6545=EDGE_LOOP('',(#6540,#6542,#6543,#6544));
#6546=FACE_OUTER_BOUND('',#6545,.F.);
#6547=ADVANCED_FACE('',(#6546),#6539,.T.);
#6548=CARTESIAN_POINT('',(2.152093485520E1,-3.49254E1,3.E-2));
#6549=DIRECTION('',(0.E0,-1.E0,0.E0));
#6550=DIRECTION('',(1.E0,0.E0,0.E0));
#6551=AXIS2_PLACEMENT_3D('',#6548,#6549,#6550);
#6552=PLANE('',#6551);
#6554=ORIENTED_EDGE('',*,*,#6553,.F.);
#6555=ORIENTED_EDGE('',*,*,#6530,.F.);
#6556=ORIENTED_EDGE('',*,*,#6541,.T.);
#6557=ORIENTED_EDGE('',*,*,#3510,.T.);
#6559=ORIENTED_EDGE('',*,*,#6558,.F.);
#6561=ORIENTED_EDGE('',*,*,#6560,.F.);
#6562=EDGE_LOOP('',(#6554,#6555,#6556,#6557,#6559,#6561));
#6563=FACE_OUTER_BOUND('',#6562,.F.);
#6564=ADVANCED_FACE('',(#6563),#6552,.F.);
#6565=CARTESIAN_POINT('',(2.58318E1,-3.84106E1,3.E-2));
#6566=DIRECTION('',(0.E0,0.E0,1.E0));
#6567=DIRECTION('',(1.E0,0.E0,0.E0));
#6568=AXIS2_PLACEMENT_3D('',#6565,#6566,#6567);
#6569=PLANE('',#6568);
#6570=ORIENTED_EDGE('',*,*,#6553,.T.);
#6572=ORIENTED_EDGE('',*,*,#6571,.F.);
#6574=ORIENTED_EDGE('',*,*,#6573,.F.);
#6575=ORIENTED_EDGE('',*,*,#6511,.F.);
#6576=EDGE_LOOP('',(#6570,#6572,#6574,#6575));
#6577=FACE_OUTER_BOUND('',#6576,.F.);
#6578=ADVANCED_FACE('',(#6577),#6569,.F.);
#6579=CARTESIAN_POINT('',(2.95328E1,-3.59206E1,1.101745307100E0));
#6580=DIRECTION('',(0.E0,0.E0,-1.E0));
#6581=DIRECTION('',(0.E0,1.E0,0.E0));
#6582=AXIS2_PLACEMENT_3D('',#6579,#6580,#6581);
#6583=CONICAL_SURFACE('',#6582,9.906470203996E-1,5.E-1);
#6585=ORIENTED_EDGE('',*,*,#6584,.T.);
#6587=ORIENTED_EDGE('',*,*,#6586,.T.);
#6589=ORIENTED_EDGE('',*,*,#6588,.F.);
#6591=ORIENTED_EDGE('',*,*,#6590,.T.);
#6593=ORIENTED_EDGE('',*,*,#6592,.T.);
#6594=ORIENTED_EDGE('',*,*,#6571,.T.);
#6595=EDGE_LOOP('',(#6585,#6587,#6589,#6591,#6593,#6594));
#6596=FACE_OUTER_BOUND('',#6595,.F.);
#6597=ADVANCED_FACE('',(#6596),#6583,.T.);
#6598=CARTESIAN_POINT('',(2.08788E1,-4.4577E1,3.E-2));
#6599=DIRECTION('',(0.E0,0.E0,1.E0));
#6600=DIRECTION('',(0.E0,-1.E0,0.E0));
#6601=AXIS2_PLACEMENT_3D('',#6598,#6599,#6600);
#6602=PLANE('',#6601);
#6603=ORIENTED_EDGE('',*,*,#6584,.F.);
#6604=ORIENTED_EDGE('',*,*,#6560,.T.);
#6606=ORIENTED_EDGE('',*,*,#6605,.F.);
#6608=ORIENTED_EDGE('',*,*,#6607,.T.);
#6609=EDGE_LOOP('',(#6603,#6604,#6606,#6608));
#6610=FACE_OUTER_BOUND('',#6609,.F.);
#6611=ADVANCED_FACE('',(#6610),#6602,.T.);
#6612=CARTESIAN_POINT('',(3.003412982685E1,-3.542167017315E1,3.E-2));
#6613=DIRECTION('',(0.E0,0.E0,1.E0));
#6614=DIRECTION('',(1.E0,0.E0,0.E0));
#6615=AXIS2_PLACEMENT_3D('',#6612,#6613,#6614);
#6616=CYLINDRICAL_SURFACE('',#6615,5.08E-1);
#6617=ORIENTED_EDGE('',*,*,#3508,.F.);
#6619=ORIENTED_EDGE('',*,*,#6618,.F.);
#6620=ORIENTED_EDGE('',*,*,#6605,.T.);
#6621=ORIENTED_EDGE('',*,*,#6558,.T.);
#6622=EDGE_LOOP('',(#6617,#6619,#6620,#6621));
#6623=FACE_OUTER_BOUND('',#6622,.F.);
#6624=ADVANCED_FACE('',(#6623),#6616,.T.);
#6625=CARTESIAN_POINT('',(3.05304E1,-3.531313485520E1,3.E-2));
#6626=DIRECTION('',(-1.E0,0.E0,0.E0));
#6627=DIRECTION('',(0.E0,-1.E0,0.E0));
#6628=AXIS2_PLACEMENT_3D('',#6625,#6626,#6627);
#6629=PLANE('',#6628);
#6631=ORIENTED_EDGE('',*,*,#6630,.F.);
#6632=ORIENTED_EDGE('',*,*,#6607,.F.);
#6633=ORIENTED_EDGE('',*,*,#6618,.T.);
#6634=ORIENTED_EDGE('',*,*,#3506,.T.);
#6636=ORIENTED_EDGE('',*,*,#6635,.F.);
#6638=ORIENTED_EDGE('',*,*,#6637,.F.);
#6639=EDGE_LOOP('',(#6631,#6632,#6633,#6634,#6636,#6638));
#6640=FACE_OUTER_BOUND('',#6639,.F.);
#6641=ADVANCED_FACE('',(#6640),#6629,.F.);
#6642=CARTESIAN_POINT('',(2.58318E1,-3.84106E1,3.E-2));
#6643=DIRECTION('',(0.E0,0.E0,1.E0));
#6644=DIRECTION('',(1.E0,0.E0,0.E0));
#6645=AXIS2_PLACEMENT_3D('',#6642,#6643,#6644);
#6646=PLANE('',#6645);
#6647=ORIENTED_EDGE('',*,*,#6630,.T.);
#6649=ORIENTED_EDGE('',*,*,#6648,.F.);
#6651=ORIENTED_EDGE('',*,*,#6650,.F.);
#6652=ORIENTED_EDGE('',*,*,#6586,.F.);
#6653=EDGE_LOOP('',(#6647,#6649,#6651,#6652));
#6654=FACE_OUTER_BOUND('',#6653,.F.);
#6655=ADVANCED_FACE('',(#6654),#6646,.F.);
#6656=CARTESIAN_POINT('',(2.95328E1,-4.09106E1,1.101746469669E0));
#6657=DIRECTION('',(0.E0,0.E0,-1.E0));
#6658=DIRECTION('',(1.E0,0.E0,0.E0));
#6659=AXIS2_PLACEMENT_3D('',#6656,#6657,#6658);
#6660=CONICAL_SURFACE('',#6659,9.906470102540E-1,5.E-1);
#6662=ORIENTED_EDGE('',*,*,#6661,.T.);
#6663=ORIENTED_EDGE('',*,*,#6393,.T.);
#6664=ORIENTED_EDGE('',*,*,#6419,.F.);
#6666=ORIENTED_EDGE('',*,*,#6665,.T.);
#6668=ORIENTED_EDGE('',*,*,#6667,.T.);
#6670=ORIENTED_EDGE('',*,*,#6669,.T.);
#6671=ORIENTED_EDGE('',*,*,#6648,.T.);
#6672=EDGE_LOOP('',(#6662,#6663,#6664,#6666,#6668,#6670,#6671));
#6673=FACE_OUTER_BOUND('',#6672,.F.);
#6674=ADVANCED_FACE('',(#6673),#6660,.T.);
#6675=CARTESIAN_POINT('',(2.08788E1,-4.4577E1,3.E-2));
#6676=DIRECTION('',(0.E0,0.E0,1.E0));
#6677=DIRECTION('',(0.E0,-1.E0,0.E0));
#6678=AXIS2_PLACEMENT_3D('',#6675,#6676,#6677);
#6679=PLANE('',#6678);
#6680=ORIENTED_EDGE('',*,*,#6661,.F.);
#6681=ORIENTED_EDGE('',*,*,#6637,.T.);
#6683=ORIENTED_EDGE('',*,*,#6682,.F.);
#6684=ORIENTED_EDGE('',*,*,#6395,.T.);
#6685=EDGE_LOOP('',(#6680,#6681,#6683,#6684));
#6686=FACE_OUTER_BOUND('',#6685,.F.);
#6687=ADVANCED_FACE('',(#6686),#6679,.T.);
#6688=CARTESIAN_POINT('',(3.003412982685E1,-4.141332982685E1,3.E-2));
#6689=DIRECTION('',(0.E0,0.E0,1.E0));
#6690=DIRECTION('',(1.E0,0.E0,0.E0));
#6691=AXIS2_PLACEMENT_3D('',#6688,#6689,#6690);
#6692=CYLINDRICAL_SURFACE('',#6691,5.08E-1);
#6693=ORIENTED_EDGE('',*,*,#3504,.F.);
#6694=ORIENTED_EDGE('',*,*,#6397,.F.);
#6695=ORIENTED_EDGE('',*,*,#6682,.T.);
#6696=ORIENTED_EDGE('',*,*,#6635,.T.);
#6697=EDGE_LOOP('',(#6693,#6694,#6695,#6696));
#6698=FACE_OUTER_BOUND('',#6697,.F.);
#6699=ADVANCED_FACE('',(#6698),#6692,.T.);
#6700=CARTESIAN_POINT('',(2.95328E1,-4.09106E1,2.17E0));
#6701=DIRECTION('',(0.E0,0.E0,-1.E0));
#6702=DIRECTION('',(-3.226733549211E-2,-9.994792739523E-1,0.E0));
#6703=AXIS2_PLACEMENT_3D('',#6700,#6701,#6702);
#6704=TOROIDAL_SURFACE('',#6703,5.813092715735E-1,4.E-1);
#6706=ORIENTED_EDGE('',*,*,#6705,.T.);
#6707=ORIENTED_EDGE('',*,*,#6665,.F.);
#6709=ORIENTED_EDGE('',*,*,#6708,.F.);
#6711=ORIENTED_EDGE('',*,*,#6710,.T.);
#6713=ORIENTED_EDGE('',*,*,#6712,.T.);
#6714=EDGE_LOOP('',(#6706,#6707,#6709,#6711,#6713));
#6715=FACE_OUTER_BOUND('',#6714,.F.);
#6716=ADVANCED_FACE('',(#6715),#6704,.T.);
#6717=CARTESIAN_POINT('',(3.047144620057E1,-4.090911290251E1,2.350734003319E0));
#6718=CARTESIAN_POINT('',(3.047621990525E1,-4.094453462031E1,2.341388739693E0));
#6719=CARTESIAN_POINT('',(3.048278333423E1,-4.101660363963E1,2.318497692593E0));
#6720=CARTESIAN_POINT('',(3.048158044203E1,-4.111585648868E1,2.273810025123E0));
#6721=CARTESIAN_POINT('',(3.047020488409E1,-4.119533983951E1,2.225120157377E0));
#6722=CARTESIAN_POINT('',(3.045801497884E1,-4.123808274237E1,2.192185275182E0));
#6723=CARTESIAN_POINT('',(3.045221253639E1,-4.125442506028E1,2.178466033647E0));
#6724=CARTESIAN_POINT('',(3.055916523521E1,-4.080892522148E1,2.143456887691E0));
#6725=CARTESIAN_POINT('',(3.056038417687E1,-4.083737631524E1,2.135976814463E0));
#6726=CARTESIAN_POINT('',(3.055946511280E1,-4.089455093333E1,2.118090340708E0));
#6727=CARTESIAN_POINT('',(3.054821166586E1,-4.097110662127E1,2.085209503080E0));
#6728=CARTESIAN_POINT('',(3.053015495739E1,-4.103112912895E1,2.051009993927E0));
#6729=CARTESIAN_POINT('',(3.051540110972E1,-4.106331046232E1,2.028213253352E0));
#6730=CARTESIAN_POINT('',(3.050880873768E1,-4.107564988508E1,2.018685670164E0));
#6731=CARTESIAN_POINT('',(3.076957775501E1,-4.072813731109E1,2.043978670039E0));
#6732=CARTESIAN_POINT('',(3.076967572704E1,-4.075625472442E1,2.034399114276E0));
#6733=CARTESIAN_POINT('',(3.076602000082E1,-4.081241676784E1,2.011726593175E0));
#6734=CARTESIAN_POINT('',(3.074963557264E1,-4.088653502939E1,1.971169135908E0));
#6735=CARTESIAN_POINT('',(3.072625097580E1,-4.094388077899E1,1.929935996380E0));
#6736=CARTESIAN_POINT('',(3.070785240115E1,-4.097444656539E1,1.902656922993E0));
#6737=CARTESIAN_POINT('',(3.069970099911E1,-4.098614623838E1,1.891236461025E0));
#6738=CARTESIAN_POINT('',(3.100890842626E1,-4.070275422117E1,2.096634179241E0));
#6739=CARTESIAN_POINT('',(3.101081880873E1,-4.073732361027E1,2.081926152238E0));
#6740=CARTESIAN_POINT('',(3.101039190974E1,-4.080680618351E1,2.046809978696E0));
#6741=CARTESIAN_POINT('',(3.099608281737E1,-4.089983305030E1,1.982513720062E0));
#6742=CARTESIAN_POINT('',(3.097109809424E1,-4.097247908768E1,1.915857665515E0));
#6743=CARTESIAN_POINT('',(3.094959836715E1,-4.101109535648E1,1.871473442896E0));
#6744=CARTESIAN_POINT('',(3.093981365343E1,-4.102580354474E1,1.852919171376E0));
#6745=(BOUNDED_SURFACE()B_SPLINE_SURFACE(3,3,((#6717,#6718,#6719,#6720,#6721,
#6722,#6723),(#6724,#6725,#6726,#6727,#6728,#6729,#6730),(#6731,#6732,#6733,
#6734,#6735,#6736,#6737),(#6738,#6739,#6740,#6741,#6742,#6743,#6744)),
.UNSPECIFIED.,.F.,.F.,.F.)B_SPLINE_SURFACE_WITH_KNOTS((4,4),(4,1,1,1,4),(0.E0,
1.E0),(4.109348736735E-2,2.774578568040E-1,5.307713349942E-1,7.660997924539E-1,
9.272610128529E-1),.UNSPECIFIED.)GEOMETRIC_REPRESENTATION_ITEM()RATIONAL_B_SPLINE_SURFACE(((1.125389089952E0,1.125389089952E0,1.125389089952E0,1.125389089952E0,
1.125389089952E0,1.125389089952E0,1.125389089952E0),(9.582036366827E-1,
9.582036366827E-1,9.582036366827E-1,9.582036366827E-1,9.582036366827E-1,
9.582036366827E-1,9.582036366827E-1),(9.582036366827E-1,9.582036366827E-1,
9.582036366827E-1,9.582036366827E-1,9.582036366827E-1,9.582036366827E-1,
9.582036366827E-1),(1.125389089952E0,1.125389089952E0,1.125389089952E0,
1.125389089952E0,1.125389089952E0,1.125389089952E0,1.125389089952E0)))REPRESENTATION_ITEM('')SURFACE());
#6746=ORIENTED_EDGE('',*,*,#6705,.F.);
#6748=ORIENTED_EDGE('',*,*,#6747,.T.);
#6750=ORIENTED_EDGE('',*,*,#6749,.T.);
#6752=ORIENTED_EDGE('',*,*,#6751,.F.);
#6753=EDGE_LOOP('',(#6746,#6748,#6750,#6752));
#6754=FACE_OUTER_BOUND('',#6753,.F.);
#6755=ADVANCED_FACE('',(#6754),#6745,.F.);
#6756=CARTESIAN_POINT('',(3.041489370710E1,-4.041745890473E1,2.460744798960E0));
#6757=CARTESIAN_POINT('',(3.041456854062E1,-4.046846982501E1,2.461336474462E0));
#6758=CARTESIAN_POINT('',(3.041838480482E1,-4.058588597877E1,2.454688495318E0));
#6759=CARTESIAN_POINT('',(3.043980455866E1,-4.076229420621E1,2.416395342682E0));
#6760=CARTESIAN_POINT('',(3.046272089617E1,-4.087401863441E1,2.370463403448E0));
#6761=CARTESIAN_POINT('',(3.047459690760E1,-4.092614002752E1,2.343928460083E0));
#6762=CARTESIAN_POINT('',(3.049363731231E1,-4.041989512948E1,2.255612733889E0));
#6763=CARTESIAN_POINT('',(3.049332137898E1,-4.046144897790E1,2.256096437049E0));
#6764=CARTESIAN_POINT('',(3.049701591579E1,-4.055710049433E1,2.250660764134E0));
#6765=CARTESIAN_POINT('',(3.051782814687E1,-4.070068071358E1,2.219369768536E0));
#6766=CARTESIAN_POINT('',(3.054036716154E1,-4.079140191349E1,2.181908407807E0));
#6767=CARTESIAN_POINT('',(3.055215099487E1,-4.083365644897E1,2.160304136772E0));
#6768=CARTESIAN_POINT('',(3.067650916667E1,-4.042214343005E1,2.133800476537E0));
#6769=CARTESIAN_POINT('',(3.067621467615E1,-4.045497208551E1,2.134160237916E0));
#6770=CARTESIAN_POINT('',(3.067962651680E1,-4.053049374844E1,2.130128460523E0));
#6771=CARTESIAN_POINT('',(3.069902785473E1,-4.064552786431E1,2.106671221749E0));
#6772=CARTESIAN_POINT('',(3.072069058582E1,-4.072097627834E1,2.077659628145E0));
#6773=CARTESIAN_POINT('',(3.073226034742E1,-4.075701105988E1,2.060444974269E0));
#6774=CARTESIAN_POINT('',(3.089615229206E1,-4.042337569251E1,2.140174994447E0));
#6775=CARTESIAN_POINT('',(3.089588355599E1,-4.045142477411E1,2.140440495936E0));
#6776=CARTESIAN_POINT('',(3.089895585689E1,-4.051586577297E1,2.137487108151E0));
#6777=CARTESIAN_POINT('',(3.091666260389E1,-4.061715004342E1,2.119809827417E0));
#6778=CARTESIAN_POINT('',(3.093727285119E1,-4.068868152151E1,2.096114896627E0));
#6779=CARTESIAN_POINT('',(3.094858549622E1,-4.072443456758E1,2.081131982140E0));
#6780=(BOUNDED_SURFACE()B_SPLINE_SURFACE(3,3,((#6756,#6757,#6758,#6759,#6760,
#6761),(#6762,#6763,#6764,#6765,#6766,#6767),(#6768,#6769,#6770,#6771,#6772,
#6773),(#6774,#6775,#6776,#6777,#6778,#6779)),.UNSPECIFIED.,.F.,.F.,.F.)B_SPLINE_SURFACE_WITH_KNOTS((4,4),(4,1,1,4),(0.E0,1.E0),(4.553083368884E-2,
3.011568068177E-1,6.321531608300E-1,9.782023892578E-1),.UNSPECIFIED.)GEOMETRIC_REPRESENTATION_ITEM()RATIONAL_B_SPLINE_SURFACE(((1.101421308436E0,
1.101421308436E0,1.101421308436E0,1.101421308436E0,1.101421308436E0,
1.101421308436E0),(9.661928971882E-1,9.661928971882E-1,9.661928971882E-1,
9.661928971882E-1,9.661928971882E-1,9.661928971882E-1),(9.661928971882E-1,
9.661928971882E-1,9.661928971882E-1,9.661928971882E-1,9.661928971882E-1,
9.661928971882E-1),(1.101421308436E0,1.101421308436E0,1.101421308436E0,
1.101421308436E0,1.101421308436E0,1.101421308436E0)))REPRESENTATION_ITEM('')SURFACE());
#6782=ORIENTED_EDGE('',*,*,#6781,.F.);
#6784=ORIENTED_EDGE('',*,*,#6783,.T.);
#6786=ORIENTED_EDGE('',*,*,#6785,.T.);
#6787=ORIENTED_EDGE('',*,*,#6747,.F.);
#6788=EDGE_LOOP('',(#6782,#6784,#6786,#6787));
#6789=FACE_OUTER_BOUND('',#6788,.F.);
#6790=ADVANCED_FACE('',(#6789),#6780,.F.);
#6791=CARTESIAN_POINT('',(3.011410927157E1,-4.094251525257E1,2.17E0));
#6792=DIRECTION('',(0.E0,1.E0,0.E0));
#6793=DIRECTION('',(0.E0,0.E0,1.E0));
#6794=AXIS2_PLACEMENT_3D('',#6791,#6792,#6793);
#6795=CYLINDRICAL_SURFACE('',#6794,4.E-1);
#6797=ORIENTED_EDGE('',*,*,#6796,.T.);
#6798=ORIENTED_EDGE('',*,*,#6781,.T.);
#6799=ORIENTED_EDGE('',*,*,#6712,.F.);
#6801=ORIENTED_EDGE('',*,*,#6800,.T.);
#6803=ORIENTED_EDGE('',*,*,#6802,.T.);
#6805=ORIENTED_EDGE('',*,*,#6804,.F.);
#6806=EDGE_LOOP('',(#6797,#6798,#6799,#6801,#6803,#6805));
#6807=FACE_OUTER_BOUND('',#6806,.F.);
#6808=ADVANCED_FACE('',(#6807),#6795,.T.);
#6809=CARTESIAN_POINT('',(3.051427273600E1,-3.943801185786E1,2.176880788366E0));
#6810=CARTESIAN_POINT('',(3.051431861696E1,-3.945692480568E1,2.200413173598E0));
#6811=CARTESIAN_POINT('',(3.051100204392E1,-3.950864783338E1,2.261594812478E0));
#6812=CARTESIAN_POINT('',(3.049239106585E1,-3.961609946732E1,2.367030533381E0));
#6813=CARTESIAN_POINT('',(3.045630194832E1,-3.978050245794E1,2.486066337573E0));
#6814=CARTESIAN_POINT('',(3.041387574231E1,-3.999674898190E1,2.588264173260E0));
#6815=CARTESIAN_POINT('',(3.038614698921E1,-4.023015998177E1,2.644414167241E0));
#6816=CARTESIAN_POINT('',(3.038151149532E1,-4.038402891538E1,2.653545551994E0));
#6817=CARTESIAN_POINT('',(3.038186694996E1,-4.044649189169E1,2.652798001032E0));
#6818=CARTESIAN_POINT('',(3.050637207643E1,-3.967693222163E1,1.985325785415E0));
#6819=CARTESIAN_POINT('',(3.050641758500E1,-3.968886252873E1,2.000151485532E0));
#6820=CARTESIAN_POINT('',(3.050312743462E1,-3.972205647089E1,2.040678869230E0));
#6821=CARTESIAN_POINT('',(3.048459236632E1,-3.979531053782E1,2.117021763753E0));
#6822=CARTESIAN_POINT('',(3.044854220520E1,-3.991522371E1,2.209305588234E0));
#6823=CARTESIAN_POINT('',(3.040606565047E1,-4.008181390204E1,2.292450202464E0));
#6824=CARTESIAN_POINT('',(3.037826023117E1,-4.026836488749E1,2.339501504955E0));
#6825=CARTESIAN_POINT('',(3.037361018750E1,-4.039292071029E1,2.347213344374E0));
#6826=CARTESIAN_POINT('',(3.037396657740E1,-4.044345884403E1,2.346583146317E0));
#6827=CARTESIAN_POINT('',(3.072357906849E1,-3.984524500791E1,1.849932767932E0));
#6828=CARTESIAN_POINT('',(3.072363481504E1,-3.985647877838E1,1.863910970211E0));
#6829=CARTESIAN_POINT('',(3.071961824608E1,-3.988718209479E1,1.900187266367E0));
#6830=CARTESIAN_POINT('',(3.069899624673E1,-3.995082451948E1,1.962488188369E0));
#6831=CARTESIAN_POINT('',(3.066187508571E1,-4.004793973831E1,2.032623884849E0));
#6832=CARTESIAN_POINT('',(3.062078273116E1,-4.017538677062E1,2.092709307430E0));
#6833=CARTESIAN_POINT('',(3.059508503912E1,-4.031272718548E1,2.125676446840E0));
#6834=CARTESIAN_POINT('',(3.059083500162E1,-4.040321243076E1,2.131035736052E0));
#6835=CARTESIAN_POINT('',(3.059116567910E1,-4.043994568017E1,2.130596954201E0));
#6836=CARTESIAN_POINT('',(3.102976165864E1,-3.983746205993E1,1.855557795695E0));
#6837=CARTESIAN_POINT('',(3.102983183701E1,-3.985472194440E1,1.877078847208E0));
#6838=CARTESIAN_POINT('',(3.102479128296E1,-3.990053406671E1,1.928171545045E0));
#6839=CARTESIAN_POINT('',(3.100122747245E1,-3.998517476321E1,2.000281997646E0));
#6840=CARTESIAN_POINT('',(3.096259659243E1,-4.009547225611E1,2.066754509404E0));
#6841=CARTESIAN_POINT('',(3.092345545498E1,-4.021882183856E1,2.114226860670E0));
#6842=CARTESIAN_POINT('',(3.090072888916E1,-4.033544330153E1,2.136951457134E0));
#6843=CARTESIAN_POINT('',(3.089704271440E1,-4.040845385606E1,2.140499625802E0));
#6844=CARTESIAN_POINT('',(3.089733714674E1,-4.043815423627E1,2.140206355490E0));
#6845=(BOUNDED_SURFACE()B_SPLINE_SURFACE(3,3,((#6809,#6810,#6811,#6812,#6813,
#6814,#6815,#6816,#6817),(#6818,#6819,#6820,#6821,#6822,#6823,#6824,#6825,
#6826),(#6827,#6828,#6829,#6830,#6831,#6832,#6833,#6834,#6835),(#6836,#6837,
#6838,#6839,#6840,#6841,#6842,#6843,#6844)),.UNSPECIFIED.,.F.,.F.,.F.)B_SPLINE_SURFACE_WITH_KNOTS((4,4),(4,1,1,1,1,1,4),(0.E0,1.E0),(3.672572507604E-2,
1.377796563960E-1,2.908255865250E-1,4.656248238575E-1,6.569161981723E-1,
8.401969874227E-1,9.661207558433E-1),.UNSPECIFIED.)GEOMETRIC_REPRESENTATION_ITEM()RATIONAL_B_SPLINE_SURFACE(((1.185796113758E0,1.185796113758E0,1.185796113758E0,
1.185796113758E0,1.185796113758E0,1.185796113758E0,1.185796113758E0,
1.185796113758E0,1.185796113758E0),(9.380679620806E-1,9.380679620806E-1,
9.380679620806E-1,9.380679620806E-1,9.380679620806E-1,9.380679620806E-1,
9.380679620806E-1,9.380679620806E-1,9.380679620806E-1),(9.380679620806E-1,
9.380679620806E-1,9.380679620806E-1,9.380679620806E-1,9.380679620806E-1,
9.380679620806E-1,9.380679620806E-1,9.380679620806E-1,9.380679620806E-1),(
1.185796113758E0,1.185796113758E0,1.185796113758E0,1.185796113758E0,
1.185796113758E0,1.185796113758E0,1.185796113758E0,1.185796113758E0,
1.185796113758E0)))REPRESENTATION_ITEM('')SURFACE());
#6846=ORIENTED_EDGE('',*,*,#6796,.F.);
#6848=ORIENTED_EDGE('',*,*,#6847,.T.);
#6850=ORIENTED_EDGE('',*,*,#6849,.T.);
#6851=ORIENTED_EDGE('',*,*,#6783,.F.);
#6852=EDGE_LOOP('',(#6846,#6848,#6850,#6851));
#6853=FACE_OUTER_BOUND('',#6852,.F.);
#6854=ADVANCED_FACE('',(#6853),#6845,.F.);
#6855=CARTESIAN_POINT('',(3.053243749463E1,-4.045940320450E1,
1.001680697609E-1));
#6856=CARTESIAN_POINT('',(3.053245548340E1,-4.038108849547E1,
9.841132546422E-2));
#6857=CARTESIAN_POINT('',(3.053235473176E1,-4.022017116760E1,
1.095718327512E-1));
#6858=CARTESIAN_POINT('',(3.053182214396E1,-3.998467260180E1,
1.715928016179E-1));
#6859=CARTESIAN_POINT('',(3.053089598135E1,-3.976205493354E1,
2.790275855151E-1));
#6860=CARTESIAN_POINT('',(3.052962204969E1,-3.956410411056E1,
4.269527672944E-1));
#6861=CARTESIAN_POINT('',(3.052804554396E1,-3.939795922801E1,
6.100691089683E-1));
#6862=CARTESIAN_POINT('',(3.052622477607E1,-3.926980809218E1,
8.216753656775E-1));
#6863=CARTESIAN_POINT('',(3.052422656337E1,-3.918442644328E1,1.054039540010E0));
#6864=CARTESIAN_POINT('',(3.052212527238E1,-3.914507450699E1,1.298547664617E0));
#6865=CARTESIAN_POINT('',(3.051999687015E1,-3.915326142704E1,1.546365356321E0));
#6866=CARTESIAN_POINT('',(3.051792146534E1,-3.920884770119E1,1.788193956868E0));
#6867=CARTESIAN_POINT('',(3.051598515587E1,-3.930933716147E1,2.013862172651E0));
#6868=CARTESIAN_POINT('',(3.051483207095E1,-3.940361107662E1,2.148549500031E0));
#6869=CARTESIAN_POINT('',(3.051430215342E1,-3.945618301812E1,2.210254919457E0));
#6870=CARTESIAN_POINT('',(3.051994543625E1,-4.045241047170E1,
4.097133226138E-1));
#6871=CARTESIAN_POINT('',(3.051996349492E1,-4.039310867462E1,
4.083846972616E-1));
#6872=CARTESIAN_POINT('',(3.051986263765E1,-4.027125907941E1,
4.168252223676E-1));
#6873=CARTESIAN_POINT('',(3.051933014287E1,-4.009291505047E1,
4.637342627558E-1));
#6874=CARTESIAN_POINT('',(3.051840404066E1,-3.992428231469E1,
5.450050629981E-1));
#6875=CARTESIAN_POINT('',(3.051713020212E1,-3.977427255371E1,
6.569331212206E-1));
#6876=CARTESIAN_POINT('',(3.051555378833E1,-3.964828889391E1,
7.955329271646E-1));
#6877=CARTESIAN_POINT('',(3.051373310321E1,-3.955102594250E1,
9.557573856241E-1));
#6878=CARTESIAN_POINT('',(3.051173495035E1,-3.948612004952E1,1.131774174943E0));
#6879=CARTESIAN_POINT('',(3.050963368837E1,-3.945606863691E1,1.317074311070E0));
#6880=CARTESIAN_POINT('',(3.050750527819E1,-3.946204756218E1,1.504970366160E0));
#6881=CARTESIAN_POINT('',(3.050542983629E1,-3.950398459533E1,1.688410372842E0));
#6882=CARTESIAN_POINT('',(3.050349344154E1,-3.958001819122E1,1.859667395298E0));
#6883=CARTESIAN_POINT('',(3.050234033729E1,-3.965143964603E1,1.961920932896E0));
#6884=CARTESIAN_POINT('',(3.050181036377E1,-3.969128500657E1,2.008774642566E0));
#6885=CARTESIAN_POINT('',(3.073810205707E1,-4.044748499845E1,
6.297284127503E-1));
#6886=CARTESIAN_POINT('',(3.073811889504E1,-4.040157539319E1,
6.286985879205E-1));
#6887=CARTESIAN_POINT('',(3.073801988235E1,-4.030724253374E1,
6.352410114581E-1));
#6888=CARTESIAN_POINT('',(3.073748576320E1,-4.016918854658E1,
6.715984767140E-1));
#6889=CARTESIAN_POINT('',(3.073655860599E1,-4.003868525661E1,
7.345781925076E-1));
#6890=CARTESIAN_POINT('',(3.073528314147E1,-3.992264171343E1,
8.212941427399E-1));
#6891=CARTESIAN_POINT('',(3.073370512184E1,-3.982524297152E1,
9.286400260646E-1));
#6892=CARTESIAN_POINT('',(3.073188299147E1,-3.975011651481E1,1.052687657829E0));
#6893=CARTESIAN_POINT('',(3.072988379347E1,-3.970006213349E1,1.188904568920E0));
#6894=CARTESIAN_POINT('',(3.072778202490E1,-3.967699126211E1,1.332241192631E0));
#6895=CARTESIAN_POINT('',(3.072565375360E1,-3.968178885167E1,1.477518659002E0));
#6896=CARTESIAN_POINT('',(3.072357895940E1,-3.971437338729E1,1.619285828404E0));
#6897=CARTESIAN_POINT('',(3.072164405394E1,-3.977328179292E1,1.751579893251E0));
#6898=CARTESIAN_POINT('',(3.072049128730E1,-3.982854727147E1,1.830538318386E0));
#6899=CARTESIAN_POINT('',(3.071996229157E1,-3.985936625522E1,1.866712253729E0));
#6900=CARTESIAN_POINT('',(3.104782355877E1,-4.044776697608E1,
6.199446913862E-1));
#6901=CARTESIAN_POINT('',(3.104783866368E1,-4.040109077065E1,
6.188938510617E-1));
#6902=CARTESIAN_POINT('',(3.104774226977E1,-4.030518060178E1,
6.255701712862E-1));
#6903=CARTESIAN_POINT('',(3.104720584449E1,-4.016486560630E1,
6.626634769110E-1));
#6904=CARTESIAN_POINT('',(3.104627718945E1,-4.003232718905E1,
7.268863244144E-1));
#6905=CARTESIAN_POINT('',(3.104499941652E1,-3.991462016172E1,
8.152489357037E-1));
#6906=CARTESIAN_POINT('',(3.104341911701E1,-3.981600597465E1,
9.245291677655E-1));
#6907=CARTESIAN_POINT('',(3.104159493481E1,-3.974015139912E1,1.050669156007E0));
#6908=CARTESIAN_POINT('',(3.103959425299E1,-3.968985583705E1,1.189007751304E0));
#6909=CARTESIAN_POINT('',(3.103749176521E1,-3.966699514296E1,1.334378799896E0));
#6910=CARTESIAN_POINT('',(3.103536369110E1,-3.967239120589E1,1.481511824703E0));
#6911=CARTESIAN_POINT('',(3.103328981643E1,-3.970588258840E1,1.624890057317E0));
#6912=CARTESIAN_POINT('',(3.103135702535E1,-3.976591448949E1,1.758509884684E0));
#6913=CARTESIAN_POINT('',(3.103020473802E1,-3.982202057372E1,1.838163464837E0));
#6914=CARTESIAN_POINT('',(3.102967713049E1,-3.985326807047E1,1.874638355685E0));
#6915=(BOUNDED_SURFACE()B_SPLINE_SURFACE(3,3,((#6855,#6856,#6857,#6858,#6859,
#6860,#6861,#6862,#6863,#6864,#6865,#6866,#6867,#6868,#6869),(#6870,#6871,#6872,
#6873,#6874,#6875,#6876,#6877,#6878,#6879,#6880,#6881,#6882,#6883,#6884),(#6885,
#6886,#6887,#6888,#6889,#6890,#6891,#6892,#6893,#6894,#6895,#6896,#6897,#6898,
#6899),(#6900,#6901,#6902,#6903,#6904,#6905,#6906,#6907,#6908,#6909,#6910,#6911,
#6912,#6913,#6914)),.UNSPECIFIED.,.F.,.F.,.F.)B_SPLINE_SURFACE_WITH_KNOTS((4,4),
(4,1,1,1,1,1,1,1,1,1,1,1,4),(0.E0,1.E0),(3.027541239277E-3,8.288468798613E-2,
1.664887002849E-1,2.499194897388E-1,3.333741769663E-1,4.168356794786E-1,
5.002946880287E-1,5.837495979058E-1,6.672329233221E-1,7.506306323832E-1,
8.342292204369E-1,9.177070098668E-1,9.998961214505E-1),.UNSPECIFIED.)GEOMETRIC_REPRESENTATION_ITEM()RATIONAL_B_SPLINE_SURFACE(((1.189605596486E0,
1.189605596486E0,1.189605596486E0,1.189605596486E0,1.189605596486E0,
1.189605596486E0,1.189605596486E0,1.189605596486E0,1.189605596486E0,
1.189605596486E0,1.189605596486E0,1.189605596486E0,1.189605596486E0,
1.189605596486E0,1.189605596486E0),(9.367981345045E-1,9.367981345045E-1,
9.367981345045E-1,9.367981345045E-1,9.367981345045E-1,9.367981345045E-1,
9.367981345045E-1,9.367981345045E-1,9.367981345045E-1,9.367981345045E-1,
9.367981345045E-1,9.367981345045E-1,9.367981345045E-1,9.367981345045E-1,
9.367981345045E-1),(9.367981345045E-1,9.367981345045E-1,9.367981345045E-1,
9.367981345045E-1,9.367981345045E-1,9.367981345045E-1,9.367981345045E-1,
9.367981345045E-1,9.367981345045E-1,9.367981345045E-1,9.367981345045E-1,
9.367981345045E-1,9.367981345045E-1,9.367981345045E-1,9.367981345045E-1),(
1.189605596486E0,1.189605596486E0,1.189605596486E0,1.189605596486E0,
1.189605596486E0,1.189605596486E0,1.189605596486E0,1.189605596486E0,
1.189605596486E0,1.189605596486E0,1.189605596486E0,1.189605596486E0,
1.189605596486E0,1.189605596486E0,1.189605596486E0)))REPRESENTATION_ITEM('')SURFACE());
#6917=ORIENTED_EDGE('',*,*,#6916,.F.);
#6919=ORIENTED_EDGE('',*,*,#6918,.T.);
#6921=ORIENTED_EDGE('',*,*,#6920,.T.);
#6922=ORIENTED_EDGE('',*,*,#6847,.F.);
#6923=EDGE_LOOP('',(#6917,#6919,#6921,#6922));
#6924=FACE_OUTER_BOUND('',#6923,.F.);
#6925=ADVANCED_FACE('',(#6924),#6915,.F.);
#6926=CARTESIAN_POINT('',(3.05328E1,-4.306522609813E1,3.E-2));
#6927=DIRECTION('',(9.999619230642E-1,0.E0,8.726535498374E-3));
#6928=DIRECTION('',(0.E0,-1.E0,0.E0));
#6929=AXIS2_PLACEMENT_3D('',#6926,#6927,#6928);
#6930=PLANE('',#6929);
#6932=ORIENTED_EDGE('',*,*,#6931,.T.);
#6933=ORIENTED_EDGE('',*,*,#6916,.T.);
#6934=ORIENTED_EDGE('',*,*,#6804,.T.);
#6935=ORIENTED_EDGE('',*,*,#6588,.T.);
#6936=ORIENTED_EDGE('',*,*,#6650,.T.);
#6937=ORIENTED_EDGE('',*,*,#6669,.F.);
#6938=EDGE_LOOP('',(#6932,#6933,#6934,#6935,#6936,#6937));
#6939=FACE_OUTER_BOUND('',#6938,.F.);
#6940=ADVANCED_FACE('',(#6939),#6930,.T.);
#6941=CARTESIAN_POINT('',(3.053157349689E1,-4.092797323478E1,
2.004152000368E-1));
#6942=CARTESIAN_POINT('',(3.053177632535E1,-4.087247049584E1,
1.770148945129E-1));
#6943=CARTESIAN_POINT('',(3.053212170143E1,-4.075438371576E1,
1.367724568132E-1));
#6944=CARTESIAN_POINT('',(3.053239353105E1,-4.058253449243E1,
1.050264066853E-1));
#6945=CARTESIAN_POINT('',(3.053244686591E1,-4.046837171646E1,
9.943248570653E-2));
#6946=CARTESIAN_POINT('',(3.053244066355E1,-4.041843777133E1,
9.990398097150E-2));
#6947=CARTESIAN_POINT('',(3.051908215051E1,-4.080725881246E1,
4.855378622436E-1));
#6948=CARTESIAN_POINT('',(3.051928499306E1,-4.076521843602E1,
4.678366772815E-1));
#6949=CARTESIAN_POINT('',(3.051963030553E1,-4.067578323218E1,
4.373976377916E-1));
#6950=CARTESIAN_POINT('',(3.051990206748E1,-4.054564825053E1,
4.133874279005E-1));
#6951=CARTESIAN_POINT('',(3.051995552624E1,-4.045920164656E1,
4.091567602975E-1));
#6952=CARTESIAN_POINT('',(3.051994927076E1,-4.042139047101E1,
4.095133494560E-1));
#6953=CARTESIAN_POINT('',(3.073723740562E1,-4.072217039526E1,
6.884939684205E-1));
#6954=CARTESIAN_POINT('',(3.073744000214E1,-4.068963348480E1,
6.747763854001E-1));
#6955=CARTESIAN_POINT('',(3.073778642557E1,-4.062040852392E1,
6.511857302644E-1));
#6956=CARTESIAN_POINT('',(3.073805936920E1,-4.051966702877E1,
6.325757887896E-1));
#6957=CARTESIAN_POINT('',(3.073811066424E1,-4.045274253364E1,
6.292965616672E-1));
#6958=CARTESIAN_POINT('',(3.073810533647E1,-4.042347025896E1,
6.295729581344E-1));
#6959=CARTESIAN_POINT('',(3.104695667608E1,-4.072695520776E1,
6.798909898154E-1));
#6960=CARTESIAN_POINT('',(3.104715892330E1,-4.069390403206E1,
6.659017866382E-1));
#6961=CARTESIAN_POINT('',(3.104750692398E1,-4.062356315324E1,
6.418383866567E-1));
#6962=CARTESIAN_POINT('',(3.104778154527E1,-4.052115488155E1,
6.228502575034E-1));
#6963=CARTESIAN_POINT('',(3.104782976843E1,-4.045311231716E1,
6.195040771048E-1));
#6964=CARTESIAN_POINT('',(3.104782575775E1,-4.042335118827E1,
6.197861203019E-1));
#6965=(BOUNDED_SURFACE()B_SPLINE_SURFACE(3,3,((#6941,#6942,#6943,#6944,#6945,
#6946),(#6947,#6948,#6949,#6950,#6951,#6952),(#6953,#6954,#6955,#6956,#6957,
#6958),(#6959,#6960,#6961,#6962,#6963,#6964)),.UNSPECIFIED.,.F.,.F.,.F.)B_SPLINE_SURFACE_WITH_KNOTS((4,4),(4,1,1,4),(0.E0,1.E0),(2.013448861671E-2,
3.339820356636E-1,6.678855241661E-1,9.280610131091E-1),.UNSPECIFIED.)GEOMETRIC_REPRESENTATION_ITEM()RATIONAL_B_SPLINE_SURFACE(((1.189605042670E0,
1.189605042670E0,1.189605042670E0,1.189605042670E0,1.189605042670E0,
1.189605042670E0),(9.367983191099E-1,9.367983191099E-1,9.367983191099E-1,
9.367983191099E-1,9.367983191099E-1,9.367983191099E-1),(9.367983191099E-1,
9.367983191099E-1,9.367983191099E-1,9.367983191099E-1,9.367983191099E-1,
9.367983191099E-1),(1.189605042670E0,1.189605042670E0,1.189605042670E0,
1.189605042670E0,1.189605042670E0,1.189605042670E0)))REPRESENTATION_ITEM('')SURFACE());
#6966=ORIENTED_EDGE('',*,*,#6931,.F.);
#6968=ORIENTED_EDGE('',*,*,#6967,.T.);
#6970=ORIENTED_EDGE('',*,*,#6969,.T.);
#6971=ORIENTED_EDGE('',*,*,#6918,.F.);
#6972=EDGE_LOOP('',(#6966,#6968,#6970,#6971));
#6973=FACE_OUTER_BOUND('',#6972,.F.);
#6974=ADVANCED_FACE('',(#6973),#6965,.F.);
#6975=CARTESIAN_POINT('',(3.044536088088E1,-4.133826509633E1,2.288356458415E0));
#6976=CARTESIAN_POINT('',(3.042829468689E1,-4.139584139662E1,2.231361901812E0));
#6977=CARTESIAN_POINT('',(3.039105180193E1,-4.150220881399E1,2.103930231612E0));
#6978=CARTESIAN_POINT('',(3.033914843268E1,-4.162441439800E1,1.872805698655E0));
#6979=CARTESIAN_POINT('',(3.030556284328E1,-4.169694117711E1,1.620062050136E0));
#6980=CARTESIAN_POINT('',(3.029669905214E1,-4.171836782384E1,1.361461317974E0));
#6981=CARTESIAN_POINT('',(3.031348961495E1,-4.168999431069E1,1.102141153082E0));
#6982=CARTESIAN_POINT('',(3.035453089949E1,-4.160997820813E1,
8.514051849354E-1));
#6983=CARTESIAN_POINT('',(3.041065568527E1,-4.148373509080E1,
6.294478299432E-1));
#6984=CARTESIAN_POINT('',(3.046569886295E1,-4.133007992049E1,
4.537528308570E-1));
#6985=CARTESIAN_POINT('',(3.050657478153E1,-4.117168249657E1,
3.275826850204E-1));
#6986=CARTESIAN_POINT('',(3.052819836651E1,-4.102793037290E1,
2.442266712044E-1));
#6987=CARTESIAN_POINT('',(3.053197790092E1,-4.093982654562E1,
2.051631131541E-1));
#6988=CARTESIAN_POINT('',(3.053153931092E1,-4.090059367808E1,
1.895896667729E-1));
#6989=CARTESIAN_POINT('',(3.043335647987E1,-4.110068355750E1,2.090028484779E0));
#6990=CARTESIAN_POINT('',(3.041631503886E1,-4.114495038137E1,2.048977484842E0));
#6991=CARTESIAN_POINT('',(3.037907280490E1,-4.122895143567E1,1.954702176282E0));
#6992=CARTESIAN_POINT('',(3.032703891418E1,-4.132899412488E1,1.775421504187E0));
#6993=CARTESIAN_POINT('',(3.029331021440E1,-4.138967010901E1,1.573377372680E0));
#6994=CARTESIAN_POINT('',(3.028440112262E1,-4.140767208485E1,1.363839725666E0));
#6995=CARTESIAN_POINT('',(3.030127511047E1,-4.138350205003E1,1.154020637020E0));
#6996=CARTESIAN_POINT('',(3.034247958021E1,-4.131644266690E1,
9.545041310062E-1));
#6997=CARTESIAN_POINT('',(3.039872125232E1,-4.121335268113E1,
7.836780630158E-1));
#6998=CARTESIAN_POINT('',(3.045374065500E1,-4.109250195370E1,
6.548302529700E-1));
#6999=CARTESIAN_POINT('',(3.049447838870E1,-4.097383791211E1,
5.676117124101E-1));
#7000=CARTESIAN_POINT('',(3.051595611697E1,-4.087228819968E1,
5.131702700592E-1));
#7001=CARTESIAN_POINT('',(3.051969566711E1,-4.081370060656E1,
4.881516020405E-1));
#7002=CARTESIAN_POINT('',(3.051926143708E1,-4.078825933661E1,
4.779526625021E-1));
#7003=CARTESIAN_POINT('',(3.064660203625E1,-4.096273107314E1,1.912775715001E0));
#7004=CARTESIAN_POINT('',(3.062912088456E1,-4.099649665443E1,1.879368098789E0));
#7005=CARTESIAN_POINT('',(3.059186708635E1,-4.105888923606E1,1.804658332647E0));
#7006=CARTESIAN_POINT('',(3.054215177215E1,-4.113059355345E1,1.669105901265E0));
#7007=CARTESIAN_POINT('',(3.051096527786E1,-4.117315665895E1,1.520837680627E0));
#7008=CARTESIAN_POINT('',(3.050286090423E1,-4.118573157642E1,1.369116429318E0));
#7009=CARTESIAN_POINT('',(3.051825293402E1,-4.116907765476E1,1.216974915996E0));
#7010=CARTESIAN_POINT('',(3.055655859041E1,-4.112211864574E1,1.069890070120E0));
#7011=CARTESIAN_POINT('',(3.061072389964E1,-4.104804686512E1,
9.397222598928E-1));
#7012=CARTESIAN_POINT('',(3.066616564019E1,-4.095791942127E1,
8.367238774470E-1));
#7013=CARTESIAN_POINT('',(3.070935808306E1,-4.086504628380E1,
7.627908715034E-1));
#7014=CARTESIAN_POINT('',(3.073342680221E1,-4.078079740226E1,
7.139653337981E-1));
#7015=CARTESIAN_POINT('',(3.073787663099E1,-4.072918450340E1,
6.910869716735E-1));
#7016=CARTESIAN_POINT('',(3.073736495071E1,-4.070620507514E1,
6.819647040710E-1));
#7017=CARTESIAN_POINT('',(3.094924983479E1,-4.101229003635E1,1.869516721468E0));
#7018=CARTESIAN_POINT('',(3.093114462569E1,-4.104505240745E1,1.830583111574E0));
#7019=CARTESIAN_POINT('',(3.089387441496E1,-4.110036004717E1,1.749383873453E0));
#7020=CARTESIAN_POINT('',(3.084744973008E1,-4.115560342682E1,1.621587062033E0));
#7021=CARTESIAN_POINT('',(3.081987124952E1,-4.118533034823E1,1.495913294514E0));
#7022=CARTESIAN_POINT('',(3.081290896851E1,-4.119393311805E1,1.373929913937E0));
#7023=CARTESIAN_POINT('',(3.082619773598E1,-4.118331981744E1,1.250899074771E0));
#7024=CARTESIAN_POINT('',(3.086038926454E1,-4.115079992840E1,1.124056588048E0));
#7025=CARTESIAN_POINT('',(3.091160770506E1,-4.109312542880E1,
9.981727331068E-1));
#7026=CARTESIAN_POINT('',(3.096764884674E1,-4.101206789423E1,
8.835586833888E-1));
#7027=CARTESIAN_POINT('',(3.101432512458E1,-4.091461313149E1,
7.887816144040E-1));
#7028=CARTESIAN_POINT('',(3.104207109591E1,-4.081174203591E1,
7.186957121210E-1));
#7029=CARTESIAN_POINT('',(3.104752898447E1,-4.074011907443E1,
6.846895935612E-1));
#7030=CARTESIAN_POINT('',(3.104690738326E1,-4.070670341992E1,
6.716602709812E-1));
#7031=(BOUNDED_SURFACE()B_SPLINE_SURFACE(3,3,((#6975,#6976,#6977,#6978,#6979,
#6980,#6981,#6982,#6983,#6984,#6985,#6986,#6987,#6988),(#6989,#6990,#6991,#6992,
#6993,#6994,#6995,#6996,#6997,#6998,#6999,#7000,#7001,#7002),(#7003,#7004,#7005,
#7006,#7007,#7008,#7009,#7010,#7011,#7012,#7013,#7014,#7015,#7016),(#7017,#7018,
#7019,#7020,#7021,#7022,#7023,#7024,#7025,#7026,#7027,#7028,#7029,#7030)),
.UNSPECIFIED.,.F.,.F.,.F.)B_SPLINE_SURFACE_WITH_KNOTS((4,4),(4,1,1,1,1,1,1,1,1,
1,1,4),(0.E0,1.E0),(2.373992902643E-3,1.061180489058E-1,2.051528408230E-1,
2.956439672223E-1,3.794671610820E-1,4.642054025841E-1,5.574804321627E-1,
6.572685857185E-1,7.563898624150E-1,8.477866199551E-1,9.284079896401E-1,
9.945637539445E-1),.UNSPECIFIED.)GEOMETRIC_REPRESENTATION_ITEM()RATIONAL_B_SPLINE_SURFACE(((1.189431289799E0,1.189431289799E0,1.189431289799E0,1.189431289799E0,
1.189431289799E0,1.189431289799E0,1.189431289799E0,1.189431289799E0,
1.189431289799E0,1.189431289799E0,1.189431289799E0,1.189431289799E0,
1.189431289799E0,1.189431289799E0),(9.368562367336E-1,9.368562367336E-1,
9.368562367336E-1,9.368562367336E-1,9.368562367336E-1,9.368562367336E-1,
9.368562367336E-1,9.368562367336E-1,9.368562367336E-1,9.368562367336E-1,
9.368562367336E-1,9.368562367336E-1,9.368562367336E-1,9.368562367336E-1),(
9.368562367336E-1,9.368562367336E-1,9.368562367336E-1,9.368562367336E-1,
9.368562367336E-1,9.368562367336E-1,9.368562367336E-1,9.368562367336E-1,
9.368562367336E-1,9.368562367336E-1,9.368562367336E-1,9.368562367336E-1,
9.368562367336E-1,9.368562367336E-1),(1.189431289799E0,1.189431289799E0,
1.189431289799E0,1.189431289799E0,1.189431289799E0,1.189431289799E0,
1.189431289799E0,1.189431289799E0,1.189431289799E0,1.189431289799E0,
1.189431289799E0,1.189431289799E0,1.189431289799E0,1.189431289799E0)))REPRESENTATION_ITEM('')SURFACE());
#7032=ORIENTED_EDGE('',*,*,#6667,.F.);
#7033=ORIENTED_EDGE('',*,*,#6751,.T.);
#7035=ORIENTED_EDGE('',*,*,#7034,.T.);
#7036=ORIENTED_EDGE('',*,*,#6967,.F.);
#7037=EDGE_LOOP('',(#7032,#7033,#7035,#7036));
#7038=FACE_OUTER_BOUND('',#7037,.F.);
#7039=ADVANCED_FACE('',(#7038),#7031,.F.);
#7040=CARTESIAN_POINT('',(3.26898E1,-4.04306E1,1.38E0));
#7041=DIRECTION('',(1.E0,0.E0,0.E0));
#7042=DIRECTION('',(0.E0,0.E0,1.E0));
#7043=AXIS2_PLACEMENT_3D('',#7040,#7041,#7042);
#7044=CYLINDRICAL_SURFACE('',#7043,7.6E-1);
#7045=ORIENTED_EDGE('',*,*,#6969,.F.);
#7046=ORIENTED_EDGE('',*,*,#7034,.F.);
#7047=ORIENTED_EDGE('',*,*,#6749,.F.);
#7048=ORIENTED_EDGE('',*,*,#6785,.F.);
#7050=ORIENTED_EDGE('',*,*,#7049,.F.);
#7052=ORIENTED_EDGE('',*,*,#7051,.T.);
#7054=ORIENTED_EDGE('',*,*,#7053,.T.);
#7055=EDGE_LOOP('',(#7045,#7046,#7047,#7048,#7050,#7052,#7054));
#7056=FACE_OUTER_BOUND('',#7055,.F.);
#7057=ADVANCED_FACE('',(#7056),#7044,.T.);
#7058=CARTESIAN_POINT('',(3.26898E1,-4.04306E1,1.38E0));
#7059=DIRECTION('',(1.E0,0.E0,0.E0));
#7060=DIRECTION('',(0.E0,0.E0,1.E0));
#7061=AXIS2_PLACEMENT_3D('',#7058,#7059,#7060);
#7062=CYLINDRICAL_SURFACE('',#7061,7.6E-1);
#7063=ORIENTED_EDGE('',*,*,#6920,.F.);
#7064=ORIENTED_EDGE('',*,*,#7053,.F.);
#7066=ORIENTED_EDGE('',*,*,#7065,.T.);
#7067=ORIENTED_EDGE('',*,*,#7049,.T.);
#7068=ORIENTED_EDGE('',*,*,#6849,.F.);
#7069=EDGE_LOOP('',(#7063,#7064,#7066,#7067,#7068));
#7070=FACE_OUTER_BOUND('',#7069,.F.);
#7071=ADVANCED_FACE('',(#7070),#7062,.T.);
#7072=CARTESIAN_POINT('',(3.26898E1,-4.04306E1,1.38E0));
#7073=DIRECTION('',(-1.E0,0.E0,0.E0));
#7074=DIRECTION('',(0.E0,0.E0,-1.E0));
#7075=AXIS2_PLACEMENT_3D('',#7072,#7073,#7074);
#7076=PLANE('',#7075);
#7078=ORIENTED_EDGE('',*,*,#7077,.T.);
#7080=ORIENTED_EDGE('',*,*,#7079,.F.);
#7081=EDGE_LOOP('',(#7078,#7080));
#7082=FACE_OUTER_BOUND('',#7081,.F.);
#7083=ORIENTED_EDGE('',*,*,#7051,.F.);
#7084=ORIENTED_EDGE('',*,*,#7065,.F.);
#7085=EDGE_LOOP('',(#7083,#7084));
#7086=FACE_BOUND('',#7085,.F.);
#7087=ADVANCED_FACE('',(#7082,#7086),#7076,.T.);
#7088=CARTESIAN_POINT('',(3.288977749873E1,-4.04306E1,1.38E0));
#7089=DIRECTION('',(-1.E0,0.E0,0.E0));
#7090=DIRECTION('',(0.E0,0.E0,-1.E0));
#7091=AXIS2_PLACEMENT_3D('',#7088,#7089,#7090);
#7092=TOROIDAL_SURFACE('',#7091,7.65E-1,2.E-1);
#7094=ORIENTED_EDGE('',*,*,#7093,.F.);
#7096=ORIENTED_EDGE('',*,*,#7095,.T.);
#7098=ORIENTED_EDGE('',*,*,#7097,.T.);
#7099=ORIENTED_EDGE('',*,*,#7077,.F.);
#7100=EDGE_LOOP('',(#7094,#7096,#7098,#7099));
#7101=FACE_OUTER_BOUND('',#7100,.F.);
#7102=ADVANCED_FACE('',(#7101),#7092,.T.);
#7103=CARTESIAN_POINT('',(3.288977749873E1,-4.04306E1,1.38E0));
#7104=DIRECTION('',(-1.E0,0.E0,0.E0));
#7105=DIRECTION('',(0.E0,0.E0,-1.E0));
#7106=AXIS2_PLACEMENT_3D('',#7103,#7104,#7105);
#7107=TOROIDAL_SURFACE('',#7106,7.65E-1,2.E-1);
#7108=ORIENTED_EDGE('',*,*,#7093,.T.);
#7109=ORIENTED_EDGE('',*,*,#7079,.T.);
#7110=ORIENTED_EDGE('',*,*,#7097,.F.);
#7112=ORIENTED_EDGE('',*,*,#7111,.F.);
#7113=EDGE_LOOP('',(#7108,#7109,#7110,#7112));
#7114=FACE_OUTER_BOUND('',#7113,.F.);
#7115=ADVANCED_FACE('',(#7114),#7107,.T.);
#7116=CARTESIAN_POINT('',(3.332417832401E1,-4.04306E1,1.38E0));
#7117=DIRECTION('',(-1.E0,0.E0,0.E0));
#7118=DIRECTION('',(0.E0,0.E0,-1.E0));
#7119=AXIS2_PLACEMENT_3D('',#7116,#7117,#7118);
#7120=CONICAL_SURFACE('',#7119,8.619801456430E-1,1.411658517054E1);
#7122=ORIENTED_EDGE('',*,*,#7121,.T.);
#7123=ORIENTED_EDGE('',*,*,#7111,.T.);
#7125=ORIENTED_EDGE('',*,*,#7124,.F.);
#7127=ORIENTED_EDGE('',*,*,#7126,.F.);
#7128=EDGE_LOOP('',(#7122,#7123,#7125,#7127));
#7129=FACE_OUTER_BOUND('',#7128,.F.);
#7130=ADVANCED_FACE('',(#7129),#7120,.T.);
#7131=CARTESIAN_POINT('',(3.332417832401E1,-4.04306E1,1.38E0));
#7132=DIRECTION('',(-1.E0,0.E0,0.E0));
#7133=DIRECTION('',(0.E0,0.E0,-1.E0));
#7134=AXIS2_PLACEMENT_3D('',#7131,#7132,#7133);
#7135=CONICAL_SURFACE('',#7134,8.619801456430E-1,1.411658517054E1);
#7136=ORIENTED_EDGE('',*,*,#7121,.F.);
#7138=ORIENTED_EDGE('',*,*,#7137,.T.);
#7139=ORIENTED_EDGE('',*,*,#7124,.T.);
#7140=ORIENTED_EDGE('',*,*,#7095,.F.);
#7141=EDGE_LOOP('',(#7136,#7138,#7139,#7140));
#7142=FACE_OUTER_BOUND('',#7141,.F.);
#7143=ADVANCED_FACE('',(#7142),#7135,.T.);
#7144=CARTESIAN_POINT('',(3.37098E1,-4.04306E1,1.38E0));
#7145=DIRECTION('',(-1.E0,0.E0,0.E0));
#7146=DIRECTION('',(0.E0,0.E0,-1.E0));
#7147=AXIS2_PLACEMENT_3D('',#7144,#7145,#7146);
#7148=PLANE('',#7147);
#7149=ORIENTED_EDGE('',*,*,#7137,.F.);
#7150=ORIENTED_EDGE('',*,*,#7126,.T.);
#7151=EDGE_LOOP('',(#7149,#7150));
#7152=FACE_OUTER_BOUND('',#7151,.F.);
#7154=ORIENTED_EDGE('',*,*,#7153,.F.);
#7156=ORIENTED_EDGE('',*,*,#7155,.F.);
#7157=EDGE_LOOP('',(#7154,#7156));
#7158=FACE_BOUND('',#7157,.F.);
#7159=ADVANCED_FACE('',(#7152,#7158),#7148,.F.);
#7160=CARTESIAN_POINT('',(3.27223E1,-4.04306E1,1.38E0));
#7161=DIRECTION('',(1.E0,0.E0,0.E0));
#7162=DIRECTION('',(0.E0,0.E0,1.E0));
#7163=AXIS2_PLACEMENT_3D('',#7160,#7161,#7162);
#7164=CONICAL_SURFACE('',#7163,4.755157401269E-1,2.E0);
#7166=ORIENTED_EDGE('',*,*,#7165,.F.);
#7168=ORIENTED_EDGE('',*,*,#7167,.F.);
#7169=ORIENTED_EDGE('',*,*,#7153,.T.);
#7171=ORIENTED_EDGE('',*,*,#7170,.T.);
#7172=EDGE_LOOP('',(#7166,#7168,#7169,#7171));
#7173=FACE_OUTER_BOUND('',#7172,.F.);
#7174=ADVANCED_FACE('',(#7173),#7164,.F.);
#7175=CARTESIAN_POINT('',(3.17348E1,0.E0,0.E0));
#7176=DIRECTION('',(1.E0,0.E0,0.E0));
#7177=DIRECTION('',(0.E0,1.E0,0.E0));
#7178=AXIS2_PLACEMENT_3D('',#7175,#7176,#7177);
#7179=PLANE('',#7178);
#7180=ORIENTED_EDGE('',*,*,#7165,.T.);
#7182=ORIENTED_EDGE('',*,*,#7181,.T.);
#7183=EDGE_LOOP('',(#7180,#7182));
#7184=FACE_OUTER_BOUND('',#7183,.F.);
#7185=ADVANCED_FACE('',(#7184),#7179,.T.);
#7186=CARTESIAN_POINT('',(3.27223E1,-4.04306E1,1.38E0));
#7187=DIRECTION('',(1.E0,0.E0,0.E0));
#7188=DIRECTION('',(0.E0,0.E0,1.E0));
#7189=AXIS2_PLACEMENT_3D('',#7186,#7187,#7188);
#7190=CONICAL_SURFACE('',#7189,4.755157401269E-1,2.E0);
#7191=ORIENTED_EDGE('',*,*,#7181,.F.);
#7192=ORIENTED_EDGE('',*,*,#7170,.F.);
#7193=ORIENTED_EDGE('',*,*,#7155,.T.);
#7194=ORIENTED_EDGE('',*,*,#7167,.T.);
#7195=EDGE_LOOP('',(#7191,#7192,#7193,#7194));
#7196=FACE_OUTER_BOUND('',#7195,.F.);
#7197=ADVANCED_FACE('',(#7196),#7190,.F.);
#7198=CARTESIAN_POINT('',(2.58318E1,-3.84106E1,2.57E0));
#7199=DIRECTION('',(0.E0,0.E0,1.E0));
#7200=DIRECTION('',(1.E0,0.E0,0.E0));
#7201=AXIS2_PLACEMENT_3D('',#7198,#7199,#7200);
#7202=PLANE('',#7201);
#7203=ORIENTED_EDGE('',*,*,#6800,.F.);
#7204=ORIENTED_EDGE('',*,*,#6710,.F.);
#7206=ORIENTED_EDGE('',*,*,#7205,.F.);
#7208=ORIENTED_EDGE('',*,*,#7207,.F.);
#7210=ORIENTED_EDGE('',*,*,#7209,.F.);
#7212=ORIENTED_EDGE('',*,*,#7211,.F.);
#7214=ORIENTED_EDGE('',*,*,#7213,.F.);
#7216=ORIENTED_EDGE('',*,*,#7215,.F.);
#7217=EDGE_LOOP('',(#7203,#7204,#7206,#7208,#7210,#7212,#7214,#7216));
#7218=FACE_OUTER_BOUND('',#7217,.F.);
#7219=ADVANCED_FACE('',(#7218),#7202,.T.);
#7220=CARTESIAN_POINT('',(2.210088474743E1,-4.149190927157E1,2.17E0));
#7221=DIRECTION('',(1.E0,0.E0,0.E0));
#7222=DIRECTION('',(0.E0,0.E0,1.E0));
#7223=AXIS2_PLACEMENT_3D('',#7220,#7221,#7222);
#7224=CYLINDRICAL_SURFACE('',#7223,4.E-1);
#7225=ORIENTED_EDGE('',*,*,#7205,.T.);
#7226=ORIENTED_EDGE('',*,*,#6708,.T.);
#7227=ORIENTED_EDGE('',*,*,#6417,.F.);
#7229=ORIENTED_EDGE('',*,*,#7228,.F.);
#7230=EDGE_LOOP('',(#7225,#7226,#7227,#7229));
#7231=FACE_OUTER_BOUND('',#7230,.F.);
#7232=ADVANCED_FACE('',(#7231),#7224,.T.);
#7233=CARTESIAN_POINT('',(2.21328E1,-4.09106E1,2.17E0));
#7234=DIRECTION('',(0.E0,0.E0,-1.E0));
#7235=DIRECTION('',(-9.994792739523E-1,3.226733549211E-2,0.E0));
#7236=AXIS2_PLACEMENT_3D('',#7233,#7234,#7235);
#7237=TOROIDAL_SURFACE('',#7236,5.813092715735E-1,4.E-1);
#7238=ORIENTED_EDGE('',*,*,#7207,.T.);
#7239=ORIENTED_EDGE('',*,*,#7228,.T.);
#7240=ORIENTED_EDGE('',*,*,#6436,.F.);
#7242=ORIENTED_EDGE('',*,*,#7241,.F.);
#7243=EDGE_LOOP('',(#7238,#7239,#7240,#7242));
#7244=FACE_OUTER_BOUND('',#7243,.F.);
#7245=ADVANCED_FACE('',(#7244),#7237,.T.);
#7246=CARTESIAN_POINT('',(2.155149072843E1,-3.588868474743E1,2.17E0));
#7247=DIRECTION('',(0.E0,-1.E0,0.E0));
#7248=DIRECTION('',(0.E0,0.E0,1.E0));
#7249=AXIS2_PLACEMENT_3D('',#7246,#7247,#7248);
#7250=CYLINDRICAL_SURFACE('',#7249,4.E-1);
#7251=ORIENTED_EDGE('',*,*,#7209,.T.);
#7252=ORIENTED_EDGE('',*,*,#7241,.T.);
#7253=ORIENTED_EDGE('',*,*,#6497,.F.);
#7255=ORIENTED_EDGE('',*,*,#7254,.F.);
#7256=EDGE_LOOP('',(#7251,#7252,#7253,#7255));
#7257=FACE_OUTER_BOUND('',#7256,.F.);
#7258=ADVANCED_FACE('',(#7257),#7250,.T.);
#7259=CARTESIAN_POINT('',(2.21328E1,-3.59206E1,2.17E0));
#7260=DIRECTION('',(0.E0,0.E0,-1.E0));
#7261=DIRECTION('',(3.226733549211E-2,9.994792739523E-1,0.E0));
#7262=AXIS2_PLACEMENT_3D('',#7259,#7260,#7261);
#7263=TOROIDAL_SURFACE('',#7262,5.813092715735E-1,4.E-1);
#7264=ORIENTED_EDGE('',*,*,#7211,.T.);
#7265=ORIENTED_EDGE('',*,*,#7254,.T.);
#7266=ORIENTED_EDGE('',*,*,#6515,.F.);
#7268=ORIENTED_EDGE('',*,*,#7267,.F.);
#7269=EDGE_LOOP('',(#7264,#7265,#7266,#7268));
#7270=FACE_OUTER_BOUND('',#7269,.F.);
#7271=ADVANCED_FACE('',(#7270),#7263,.T.);
#7272=CARTESIAN_POINT('',(2.956471525257E1,-3.533929072843E1,2.17E0));
#7273=DIRECTION('',(-1.E0,0.E0,0.E0));
#7274=DIRECTION('',(0.E0,0.E0,1.E0));
#7275=AXIS2_PLACEMENT_3D('',#7272,#7273,#7274);
#7276=CYLINDRICAL_SURFACE('',#7275,4.E-1);
#7277=ORIENTED_EDGE('',*,*,#7213,.T.);
#7278=ORIENTED_EDGE('',*,*,#7267,.T.);
#7280=ORIENTED_EDGE('',*,*,#7279,.F.);
#7282=ORIENTED_EDGE('',*,*,#7281,.F.);
#7283=EDGE_LOOP('',(#7277,#7278,#7280,#7282));
#7284=FACE_OUTER_BOUND('',#7283,.F.);
#7285=ADVANCED_FACE('',(#7284),#7276,.T.);
#7286=CARTESIAN_POINT('',(3.168742609813E1,-3.49206E1,3.E-2));
#7287=DIRECTION('',(0.E0,9.999619230642E-1,8.726535498374E-3));
#7288=DIRECTION('',(1.E0,0.E0,0.E0));
#7289=AXIS2_PLACEMENT_3D('',#7286,#7287,#7288);
#7290=PLANE('',#7289);
#7291=ORIENTED_EDGE('',*,*,#7279,.T.);
#7292=ORIENTED_EDGE('',*,*,#6513,.T.);
#7293=ORIENTED_EDGE('',*,*,#6573,.T.);
#7294=ORIENTED_EDGE('',*,*,#6592,.F.);
#7295=EDGE_LOOP('',(#7291,#7292,#7293,#7294));
#7296=FACE_OUTER_BOUND('',#7295,.F.);
#7297=ADVANCED_FACE('',(#7296),#7290,.T.);
#7298=CARTESIAN_POINT('',(2.95328E1,-3.59206E1,2.17E0));
#7299=DIRECTION('',(0.E0,0.E0,-1.E0));
#7300=DIRECTION('',(9.994792739523E-1,-3.226733549211E-2,0.E0));
#7301=AXIS2_PLACEMENT_3D('',#7298,#7299,#7300);
#7302=TOROIDAL_SURFACE('',#7301,5.813092715735E-1,4.E-1);
#7303=ORIENTED_EDGE('',*,*,#7215,.T.);
#7304=ORIENTED_EDGE('',*,*,#7281,.T.);
#7305=ORIENTED_EDGE('',*,*,#6590,.F.);
#7306=ORIENTED_EDGE('',*,*,#6802,.F.);
#7307=EDGE_LOOP('',(#7303,#7304,#7305,#7306));
#7308=FACE_OUTER_BOUND('',#7307,.F.);
#7309=ADVANCED_FACE('',(#7308),#7302,.T.);
#7310=CLOSED_SHELL('',(#3520,#3537,#3572,#3641,#3675,#3691,#3705,#3720,#3739,
#3754,#3768,#3783,#3797,#3811,#3825,#3839,#3852,#3872,#3907,#3967,#3981,#3995,
#4009,#4023,#4037,#4051,#4065,#4079,#4092,#4117,#4130,#4142,#4178,#4192,#4227,
#4240,#4253,#4266,#4279,#4292,#4305,#4318,#4331,#4344,#4375,#4391,#4405,#4420,
#4437,#4449,#4464,#4478,#4493,#4507,#4521,#4535,#4549,#4562,#4582,#4618,#4632,
#4667,#4680,#4693,#4706,#4719,#4732,#4745,#4758,#4771,#4784,#4815,#4831,#4845,
#4860,#4877,#4892,#4906,#4921,#4935,#4949,#4963,#4977,#4990,#5010,#5022,#5057,
#5071,#5105,#5118,#5131,#5144,#5157,#5170,#5183,#5196,#5209,#5221,#5239,#5251,
#5266,#5279,#5307,#5321,#5334,#5347,#5361,#5374,#5387,#5400,#5412,#5425,#5438,
#5450,#5469,#5484,#5503,#5517,#5530,#5550,#5564,#5582,#5596,#5609,#5626,#5640,
#5659,#5673,#5686,#5703,#5717,#5737,#5750,#5762,#5775,#5790,#5813,#5832,#5879,
#5950,#5965,#5999,#6065,#6104,#6117,#6150,#6168,#6182,#6198,#6213,#6226,#6241,
#6254,#6270,#6285,#6296,#6308,#6321,#6335,#6348,#6361,#6373,#6385,#6408,#6423,
#6441,#6455,#6468,#6488,#6502,#6520,#6534,#6547,#6564,#6578,#6597,#6611,#6624,
#6641,#6655,#6674,#6687,#6699,#6716,#6755,#6790,#6808,#6854,#6925,#6940,#6974,
#7039,#7057,#7071,#7087,#7102,#7115,#7130,#7143,#7159,#7174,#7185,#7197,#7219,
#7232,#7245,#7258,#7271,#7285,#7297,#7309));
#7311=MANIFOLD_SOLID_BREP('',#7310);
#7312=(LENGTH_UNIT()NAMED_UNIT(*)SI_UNIT(.MILLI.,.METRE.));
#7313=DIMENSIONAL_EXPONENTS(0.E0,0.E0,0.E0,0.E0,0.E0,0.E0,0.E0);
#7314=(NAMED_UNIT(*)PLANE_ANGLE_UNIT()SI_UNIT($,.RADIAN.));
#7315=PLANE_ANGLE_MEASURE_WITH_UNIT(PLANE_ANGLE_MEASURE(1.745329251994E-2),
#7314);
#7316=(CONVERSION_BASED_UNIT('DEGREE',#7315)NAMED_UNIT(#7313)PLANE_ANGLE_UNIT(
));
#7317=(NAMED_UNIT(*)SI_UNIT($,.STERADIAN.)SOLID_ANGLE_UNIT());
#7318=UNCERTAINTY_MEASURE_WITH_UNIT(LENGTH_MEASURE(1.206455469642E-3),#7312,
'closure',
'Maximum model space distance between geometric entities at asserted connectivities');
#7319=(GEOMETRIC_REPRESENTATION_CONTEXT(3)GLOBAL_UNCERTAINTY_ASSIGNED_CONTEXT((
#7318))GLOBAL_UNIT_ASSIGNED_CONTEXT((#7312,#7316,#7317))REPRESENTATION_CONTEXT(
'ID1','3'));
#7321=APPLICATION_CONTEXT(
'CONFIGURATION CONTROLLED 3D DESIGNS OF MECHANICAL PARTS AND ASSEMBLIES');
#7322=APPLICATION_PROTOCOL_DEFINITION('international standard',
'config_control_design',1994,#7321);
#7323=DESIGN_CONTEXT('',#7321,'design');
#7324=MECHANICAL_CONTEXT('',#7321,'mechanical');
#7325=PRODUCT('50038518-001_SW0001','50038518-001_SW0001','NOT SPECIFIED',
(#7324));
#7326=PRODUCT_DEFINITION_FORMATION_WITH_SPECIFIED_SOURCE('1','LAST_VERSION',
#7325,.MADE.);
#7330=PRODUCT_CATEGORY('part','');
#7331=PRODUCT_RELATED_PRODUCT_CATEGORY('detail','',(#7325));
#7332=PRODUCT_CATEGORY_RELATIONSHIP('','',#7330,#7331);
#7333=SECURITY_CLASSIFICATION_LEVEL('unclassified');
#7334=SECURITY_CLASSIFICATION('','',#7333);
#7335=CC_DESIGN_SECURITY_CLASSIFICATION(#7334,(#7326));
#7336=APPROVAL_STATUS('approved');
#7337=APPROVAL(#7336,'');
#7338=CC_DESIGN_APPROVAL(#7337,(#7334,#7326,#7327));
#7339=CALENDAR_DATE(110,24,2);
#7340=COORDINATED_UNIVERSAL_TIME_OFFSET(5,30,.AHEAD.);
#7341=LOCAL_TIME(14,58,5.4E1,#7340);
#7342=DATE_AND_TIME(#7339,#7341);
#7343=APPROVAL_DATE_TIME(#7342,#7337);
#7344=DATE_TIME_ROLE('creation_date');
#7345=CC_DESIGN_DATE_AND_TIME_ASSIGNMENT(#7342,#7344,(#7327));
#7346=DATE_TIME_ROLE('classification_date');
#7347=CC_DESIGN_DATE_AND_TIME_ASSIGNMENT(#7342,#7346,(#7334));
#7348=PERSON('UNSPECIFIED','UNSPECIFIED',$,$,$,$);
#7349=ORGANIZATION('UNSPECIFIED','UNSPECIFIED','UNSPECIFIED');
#7350=PERSON_AND_ORGANIZATION(#7348,#7349);
#7351=APPROVAL_ROLE('approver');
#7352=APPROVAL_PERSON_ORGANIZATION(#7350,#7337,#7351);
#7353=PERSON_AND_ORGANIZATION_ROLE('creator');
#7354=CC_DESIGN_PERSON_AND_ORGANIZATION_ASSIGNMENT(#7350,#7353,(#7326,#7327));
#7355=PERSON_AND_ORGANIZATION_ROLE('design_supplier');
#7356=CC_DESIGN_PERSON_AND_ORGANIZATION_ASSIGNMENT(#7350,#7355,(#7326));
#7357=PERSON_AND_ORGANIZATION_ROLE('classification_officer');
#7358=CC_DESIGN_PERSON_AND_ORGANIZATION_ASSIGNMENT(#7350,#7357,(#7334));
#7359=PERSON_AND_ORGANIZATION_ROLE('design_owner');
#7360=CC_DESIGN_PERSON_AND_ORGANIZATION_ASSIGNMENT(#7350,#7359,(#7325));
#153=CIRCLE('',#152,5.08E-1);
#162=CIRCLE('',#161,5.08E-1);
#171=CIRCLE('',#170,5.08E-1);
#180=CIRCLE('',#179,5.08E-1);
#365=CIRCLE('',#364,2.54E-1);
#370=CIRCLE('',#369,2.54E-1);
#451=CIRCLE('',#450,3.048E-1);
#460=CIRCLE('',#459,2.54E-1);
#473=CIRCLE('',#472,5.588E-1);
#482=CIRCLE('',#481,1.27E-1);
#499=CIRCLE('',#498,3.81E-1);
#588=CIRCLE('',#587,5.08E-1);
#597=CIRCLE('',#596,5.08E-1);
#606=CIRCLE('',#605,5.08E-1);
#615=CIRCLE('',#614,5.08E-1);
#652=CIRCLE('',#651,2.54E-1);
#657=CIRCLE('',#656,2.54E-1);
#662=CIRCLE('',#661,3.81E-1);
#679=CIRCLE('',#678,1.27E-1);
#688=CIRCLE('',#687,5.588E-1);
#701=CIRCLE('',#700,2.54E-1);
#710=CIRCLE('',#709,3.048E-1);
#723=CIRCLE('',#722,3.048E-1);
#732=CIRCLE('',#731,2.54E-1);
#745=CIRCLE('',#744,5.588E-1);
#754=CIRCLE('',#753,1.27E-1);
#771=CIRCLE('',#770,3.81E-1);
#776=CIRCLE('',#775,3.81E-1);
#793=CIRCLE('',#792,1.27E-1);
#802=CIRCLE('',#801,5.588E-1);
#815=CIRCLE('',#814,2.54E-1);
#824=CIRCLE('',#823,3.048E-1);
#861=CIRCLE('',#860,2.54E-1);
#866=CIRCLE('',#865,2.54E-1);
#923=CIRCLE('',#922,2.54E-1);
#928=CIRCLE('',#927,2.54E-1);
#1017=CIRCLE('',#1016,3.048E-1);
#1026=CIRCLE('',#1025,2.54E-1);
#1039=CIRCLE('',#1038,5.588E-1);
#1048=CIRCLE('',#1047,1.27E-1);
#1065=CIRCLE('',#1064,3.81E-1);
#1070=CIRCLE('',#1069,3.81E-1);
#1087=CIRCLE('',#1086,1.27E-1);
#1096=CIRCLE('',#1095,5.588E-1);
#1109=CIRCLE('',#1108,2.54E-1);
#1118=CIRCLE('',#1117,3.048E-1);
#1155=CIRCLE('',#1154,2.54E-1);
#1160=CIRCLE('',#1159,2.54E-1);
#1217=CIRCLE('',#1216,2.54E-1);
#1222=CIRCLE('',#1221,2.54E-1);
#1311=CIRCLE('',#1310,3.048E-1);
#1320=CIRCLE('',#1319,2.54E-1);
#1333=CIRCLE('',#1332,5.588E-1);
#1342=CIRCLE('',#1341,1.27E-1);
#1359=CIRCLE('',#1358,3.81E-1);
#1364=CIRCLE('',#1363,3.81E-1);
#1381=CIRCLE('',#1380,1.27E-1);
#1390=CIRCLE('',#1389,5.588E-1);
#1403=CIRCLE('',#1402,2.54E-1);
#1412=CIRCLE('',#1411,3.048E-1);
#1449=CIRCLE('',#1448,2.54E-1);
#1454=CIRCLE('',#1453,2.54E-1);
#1459=CIRCLE('',#1458,2.54E-1);
#1464=CIRCLE('',#1463,2.54E-1);
#1581=CIRCLE('',#1580,1.E0);
#1590=CIRCLE('',#1589,1.E0);
#1595=CIRCLE('',#1594,9.812940407991E-1);
#1600=CIRCLE('',#1599,1.E0);
#1609=CIRCLE('',#1608,5.08E-1);
#1627=B_SPLINE_CURVE_WITH_KNOTS('',3,(#1622,#1623,#1624,#1625,#1626),
.UNSPECIFIED.,.F.,.F.,(4,1,4),(0.E0,5.E-1,1.E0),.UNSPECIFIED.);
#1637=B_SPLINE_CURVE_WITH_KNOTS('',3,(#1632,#1633,#1634,#1635,#1636),
.UNSPECIFIED.,.F.,.F.,(4,1,4),(0.E0,5.E-1,1.E0),.UNSPECIFIED.);
#1654=CIRCLE('',#1653,9.812940407991E-1);
#1659=CIRCLE('',#1658,1.E0);
#1668=CIRCLE('',#1667,5.08E-1);
#1689=CIRCLE('',#1688,1.E0);
#1698=CIRCLE('',#1697,1.E0);
#1703=CIRCLE('',#1702,9.812940407991E-1);
#1708=CIRCLE('',#1707,1.E0);
#1717=CIRCLE('',#1716,5.08E-1);
#1738=CIRCLE('',#1737,1.E0);
#1747=CIRCLE('',#1746,1.E0);
#1752=CIRCLE('',#1751,9.812940407991E-1);
#1766=B_SPLINE_CURVE_WITH_KNOTS('',3,(#1753,#1754,#1755,#1756,#1757,#1758,#1759,
#1760,#1761,#1762,#1763,#1764,#1765),.UNSPECIFIED.,.F.,.F.,(4,1,1,1,1,1,1,1,1,1,
4),(0.E0,1.E-1,2.E-1,3.E-1,4.E-1,5.E-1,6.E-1,7.E-1,8.E-1,9.E-1,1.E0),
.UNSPECIFIED.);
#1771=CIRCLE('',#1770,1.E0);
#1780=CIRCLE('',#1779,5.08E-1);
#1805=CIRCLE('',#1804,4.E-1);
#1814=CIRCLE('',#1813,5.813092715735E-1);
#1823=CIRCLE('',#1822,5.813092715735E-1);
#1832=CIRCLE('',#1831,5.813092715735E-1);
#1841=CIRCLE('',#1840,5.813092715735E-1);
#1850=B_SPLINE_CURVE_WITH_KNOTS('',3,(#1842,#1843,#1844,#1845,#1846,#1847,#1848,
#1849),.UNSPECIFIED.,.F.,.F.,(4,1,1,1,1,4),(0.E0,2.E-1,4.E-1,6.E-1,8.E-1,1.E0),
.UNSPECIFIED.);
#1857=B_SPLINE_CURVE_WITH_KNOTS('',3,(#1851,#1852,#1853,#1854,#1855,#1856),
.UNSPECIFIED.,.F.,.F.,(4,1,1,4),(0.E0,3.333333333333E-1,6.666666666667E-1,1.E0),
.UNSPECIFIED.);
#1862=CIRCLE('',#1861,4.E-1);
#1867=CIRCLE('',#1866,4.999972396127E-1);
#1872=CIRCLE('',#1871,4.999986572465E-1);
#1879=B_SPLINE_CURVE_WITH_KNOTS('',3,(#1873,#1874,#1875,#1876,#1877,#1878),
.UNSPECIFIED.,.F.,.F.,(4,1,1,4),(0.E0,3.333333333333E-1,6.666666666667E-1,1.E0),
.UNSPECIFIED.);
#1897=B_SPLINE_CURVE_WITH_KNOTS('',3,(#1880,#1881,#1882,#1883,#1884,#1885,#1886,
#1887,#1888,#1889,#1890,#1891,#1892,#1893,#1894,#1895,#1896),.UNSPECIFIED.,.F.,
.F.,(4,1,1,1,1,1,1,1,1,1,1,1,1,1,4),(0.E0,7.142857142857E-2,1.428571428571E-1,
2.142857142857E-1,2.857142857143E-1,3.571428571429E-1,4.285714285714E-1,5.E-1,
5.714285714286E-1,6.428571428571E-1,7.142857142857E-1,7.857142857143E-1,
8.571428571429E-1,9.285714285714E-1,1.E0),.UNSPECIFIED.);
#1914=CIRCLE('',#1913,4.999996967561E-1);
#1919=CIRCLE('',#1918,4.999996707370E-1);
#1924=CIRCLE('',#1923,4.999994085889E-1);
#1931=B_SPLINE_CURVE_WITH_KNOTS('',3,(#1925,#1926,#1927,#1928,#1929,#1930),
.UNSPECIFIED.,.F.,.F.,(4,1,1,4),(0.E0,3.333333333333E-1,6.666666666667E-1,1.E0),
.UNSPECIFIED.);
#1936=CIRCLE('',#1935,4.E-1);
#1941=CIRCLE('',#1940,4.999996063184E-1);
#1948=B_SPLINE_CURVE_WITH_KNOTS('',3,(#1942,#1943,#1944,#1945,#1946,#1947),
.UNSPECIFIED.,.F.,.F.,(4,1,1,4),(0.E0,3.333333333333E-1,6.666666666667E-1,1.E0),
.UNSPECIFIED.);
#1964=B_SPLINE_CURVE_WITH_KNOTS('',3,(#1949,#1950,#1951,#1952,#1953,#1954,#1955,
#1956,#1957,#1958,#1959,#1960,#1961,#1962,#1963),.UNSPECIFIED.,.F.,.F.,(4,1,1,1,
1,1,1,1,1,1,1,1,4),(0.E0,8.333333333333E-2,1.666666666667E-1,2.5E-1,
3.333333333333E-1,4.166666666667E-1,5.E-1,5.833333333333E-1,6.666666666667E-1,
7.5E-1,8.333333333333E-1,9.166666666667E-1,1.E0),.UNSPECIFIED.);
#1972=B_SPLINE_CURVE_WITH_KNOTS('',3,(#1965,#1966,#1967,#1968,#1969,#1970,
#1971),.UNSPECIFIED.,.F.,.F.,(4,1,1,1,4),(0.E0,2.5E-1,5.E-1,7.5E-1,1.E0),
.UNSPECIFIED.);
#1979=B_SPLINE_CURVE_WITH_KNOTS('',3,(#1973,#1974,#1975,#1976,#1977,#1978),
.UNSPECIFIED.,.F.,.F.,(4,1,1,4),(0.E0,3.333333333333E-1,6.666666666667E-1,1.E0),
.UNSPECIFIED.);
#1988=CIRCLE('',#1987,7.6E-1);
#2004=B_SPLINE_CURVE_WITH_KNOTS('',3,(#1989,#1990,#1991,#1992,#1993,#1994,#1995,
#1996,#1997,#1998,#1999,#2000,#2001,#2002,#2003),.UNSPECIFIED.,.F.,.F.,(4,1,1,1,
1,1,1,1,1,1,1,1,4),(0.E0,8.333333333333E-2,1.666666666667E-1,2.5E-1,
3.333333333333E-1,4.166666666667E-1,5.E-1,5.833333333333E-1,6.666666666667E-1,
7.5E-1,8.333333333333E-1,9.166666666667E-1,1.E0),.UNSPECIFIED.);
#2013=CIRCLE('',#2012,7.6E-1);
#2023=B_SPLINE_CURVE_WITH_KNOTS('',3,(#2014,#2015,#2016,#2017,#2018,#2019,#2020,
#2021,#2022),.UNSPECIFIED.,.F.,.F.,(4,1,1,1,1,1,4),(0.E0,1.666666666667E-1,
3.333333333333E-1,5.E-1,6.666666666667E-1,8.333333333333E-1,1.E0),
.UNSPECIFIED.);
#2028=CIRCLE('',#2027,7.62E-1);
#2033=CIRCLE('',#2032,7.62E-1);
#2038=CIRCLE('',#2037,2.E-1);
#2043=CIRCLE('',#2042,9.589602912861E-1);
#2048=CIRCLE('',#2047,2.E-1);
#2053=CIRCLE('',#2052,9.589602912861E-1);
#2058=CIRCLE('',#2057,7.65E-1);
#2067=CIRCLE('',#2066,7.65E-1);
#2076=CIRCLE('',#2075,5.1E-1);
#2081=CIRCLE('',#2080,5.1E-1);
#2086=CIRCLE('',#2085,4.410314802538E-1);
#2091=CIRCLE('',#2090,4.410314802538E-1);
#2104=CIRCLE('',#2103,4.E-1);
#2109=CIRCLE('',#2108,4.E-1);
#2114=CIRCLE('',#2113,4.E-1);
#2119=CIRCLE('',#2118,4.E-1);
#2124=CIRCLE('',#2123,4.E-1);
#2146=B_SPLINE_CURVE_WITH_KNOTS('',3,(#2141,#2142,#2143,#2144,#2145),
.UNSPECIFIED.,.F.,.F.,(4,1,4),(0.E0,5.E-1,1.E0),.UNSPECIFIED.);
#2156=B_SPLINE_CURVE_WITH_KNOTS('',3,(#2151,#2152,#2153,#2154,#2155),
.UNSPECIFIED.,.F.,.F.,(4,1,4),(0.E0,5.E-1,1.E0),.UNSPECIFIED.);
#2173=CIRCLE('',#2172,9.812940407991E-1);
#2178=CIRCLE('',#2177,1.E0);
#2187=CIRCLE('',#2186,5.08E-1);
#2205=B_SPLINE_CURVE_WITH_KNOTS('',3,(#2200,#2201,#2202,#2203,#2204),
.UNSPECIFIED.,.F.,.F.,(4,1,4),(0.E0,5.E-1,1.E0),.UNSPECIFIED.);
#2215=B_SPLINE_CURVE_WITH_KNOTS('',3,(#2210,#2211,#2212,#2213,#2214),
.UNSPECIFIED.,.F.,.F.,(4,1,4),(0.E0,5.E-1,1.E0),.UNSPECIFIED.);
#2232=CIRCLE('',#2231,9.812940407991E-1);
#2237=CIRCLE('',#2236,1.E0);
#2246=CIRCLE('',#2245,5.08E-1);
#2267=CIRCLE('',#2266,1.E0);
#2276=CIRCLE('',#2275,1.E0);
#2281=CIRCLE('',#2280,9.812940407991E-1);
#2286=CIRCLE('',#2285,1.E0);
#2295=CIRCLE('',#2294,5.08E-1);
#2316=CIRCLE('',#2315,1.E0);
#2325=CIRCLE('',#2324,1.E0);
#2330=CIRCLE('',#2329,9.812940407991E-1);
#2344=B_SPLINE_CURVE_WITH_KNOTS('',3,(#2331,#2332,#2333,#2334,#2335,#2336,#2337,
#2338,#2339,#2340,#2341,#2342,#2343),.UNSPECIFIED.,.F.,.F.,(4,1,1,1,1,1,1,1,1,1,
4),(0.E0,1.E-1,2.E-1,3.E-1,4.E-1,5.E-1,6.E-1,7.E-1,8.E-1,9.E-1,1.E0),
.UNSPECIFIED.);
#2349=CIRCLE('',#2348,1.E0);
#2358=CIRCLE('',#2357,5.08E-1);
#2373=B_SPLINE_CURVE_WITH_KNOTS('',3,(#2367,#2368,#2369,#2370,#2371,#2372),
.UNSPECIFIED.,.F.,.F.,(4,1,1,4),(0.E0,3.333333333333E-1,6.666666666667E-1,1.E0),
.UNSPECIFIED.);
#2378=CIRCLE('',#2377,4.E-1);
#2383=CIRCLE('',#2382,4.999994085889E-1);
#2388=CIRCLE('',#2387,4.999996063184E-1);
#2397=B_SPLINE_CURVE_WITH_KNOTS('',3,(#2389,#2390,#2391,#2392,#2393,#2394,#2395,
#2396),.UNSPECIFIED.,.F.,.F.,(4,1,1,1,1,4),(0.E0,2.E-1,4.E-1,6.E-1,8.E-1,1.E0),
.UNSPECIFIED.);
#2404=B_SPLINE_CURVE_WITH_KNOTS('',3,(#2398,#2399,#2400,#2401,#2402,#2403),
.UNSPECIFIED.,.F.,.F.,(4,1,1,4),(0.E0,3.333333333333E-1,6.666666666667E-1,1.E0),
.UNSPECIFIED.);
#2409=CIRCLE('',#2408,4.E-1);
#2414=CIRCLE('',#2413,4.999972396127E-1);
#2419=CIRCLE('',#2418,4.999986572465E-1);
#2426=B_SPLINE_CURVE_WITH_KNOTS('',3,(#2420,#2421,#2422,#2423,#2424,#2425),
.UNSPECIFIED.,.F.,.F.,(4,1,1,4),(0.E0,3.333333333333E-1,6.666666666667E-1,1.E0),
.UNSPECIFIED.);
#2444=B_SPLINE_CURVE_WITH_KNOTS('',3,(#2427,#2428,#2429,#2430,#2431,#2432,#2433,
#2434,#2435,#2436,#2437,#2438,#2439,#2440,#2441,#2442,#2443),.UNSPECIFIED.,.F.,
.F.,(4,1,1,1,1,1,1,1,1,1,1,1,1,1,4),(0.E0,7.142857142857E-2,1.428571428571E-1,
2.142857142857E-1,2.857142857143E-1,3.571428571429E-1,4.285714285714E-1,5.E-1,
5.714285714286E-1,6.428571428571E-1,7.142857142857E-1,7.857142857143E-1,
8.571428571429E-1,9.285714285714E-1,1.E0),.UNSPECIFIED.);
#2461=CIRCLE('',#2460,4.999996967561E-1);
#2466=CIRCLE('',#2465,4.999996707370E-1);
#2473=B_SPLINE_CURVE_WITH_KNOTS('',3,(#2467,#2468,#2469,#2470,#2471,#2472),
.UNSPECIFIED.,.F.,.F.,(4,1,1,4),(0.E0,3.333333333333E-1,6.666666666667E-1,1.E0),
.UNSPECIFIED.);
#2488=B_SPLINE_CURVE_WITH_KNOTS('',3,(#2474,#2475,#2476,#2477,#2478,#2479,#2480,
#2481,#2482,#2483,#2484,#2485,#2486,#2487),.UNSPECIFIED.,.F.,.F.,(4,1,1,1,1,1,1,
1,1,1,1,4),(0.E0,9.090909090909E-2,1.818181818182E-1,2.727272727273E-1,
3.636363636364E-1,4.545454545455E-1,5.454545454545E-1,6.363636363636E-1,
7.272727272727E-1,8.181818181818E-1,9.090909090909E-1,1.E0),.UNSPECIFIED.);
#2496=B_SPLINE_CURVE_WITH_KNOTS('',3,(#2489,#2490,#2491,#2492,#2493,#2494,
#2495),.UNSPECIFIED.,.F.,.F.,(4,1,1,1,4),(0.E0,2.5E-1,5.E-1,7.5E-1,1.E0),
.UNSPECIFIED.);
#2503=B_SPLINE_CURVE_WITH_KNOTS('',3,(#2497,#2498,#2499,#2500,#2501,#2502),
.UNSPECIFIED.,.F.,.F.,(4,1,1,4),(0.E0,3.333333333333E-1,6.666666666667E-1,1.E0),
.UNSPECIFIED.);
#2512=CIRCLE('',#2511,7.6E-1);
#2528=B_SPLINE_CURVE_WITH_KNOTS('',3,(#2513,#2514,#2515,#2516,#2517,#2518,#2519,
#2520,#2521,#2522,#2523,#2524,#2525,#2526,#2527),.UNSPECIFIED.,.F.,.F.,(4,1,1,1,
1,1,1,1,1,1,1,1,4),(0.E0,8.333333333333E-2,1.666666666667E-1,2.5E-1,
3.333333333333E-1,4.166666666667E-1,5.E-1,5.833333333333E-1,6.666666666667E-1,
7.5E-1,8.333333333333E-1,9.166666666667E-1,1.E0),.UNSPECIFIED.);
#2537=CIRCLE('',#2536,7.6E-1);
#2547=B_SPLINE_CURVE_WITH_KNOTS('',3,(#2538,#2539,#2540,#2541,#2542,#2543,#2544,
#2545,#2546),.UNSPECIFIED.,.F.,.F.,(4,1,1,1,1,1,4),(0.E0,1.666666666667E-1,
3.333333333333E-1,5.E-1,6.666666666667E-1,8.333333333333E-1,1.E0),
.UNSPECIFIED.);
#2552=CIRCLE('',#2551,7.62E-1);
#2557=CIRCLE('',#2556,7.62E-1);
#2562=CIRCLE('',#2561,2.E-1);
#2567=CIRCLE('',#2566,9.589602912861E-1);
#2572=CIRCLE('',#2571,2.E-1);
#2577=CIRCLE('',#2576,9.589602912861E-1);
#2582=CIRCLE('',#2581,7.65E-1);
#2591=CIRCLE('',#2590,7.65E-1);
#2600=CIRCLE('',#2599,5.1E-1);
#2605=CIRCLE('',#2604,5.1E-1);
#2610=CIRCLE('',#2609,4.410314802538E-1);
#2615=CIRCLE('',#2614,4.410314802538E-1);
#2632=CIRCLE('',#2631,5.813092715735E-1);
#2641=CIRCLE('',#2640,5.813092715735E-1);
#2650=CIRCLE('',#2649,5.813092715735E-1);
#2659=CIRCLE('',#2658,5.813092715735E-1);
#2664=CIRCLE('',#2663,4.E-1);
#2669=CIRCLE('',#2668,4.E-1);
#2674=CIRCLE('',#2673,4.E-1);
#2679=CIRCLE('',#2678,4.E-1);
#2684=CIRCLE('',#2683,4.E-1);
#2701=CIRCLE('',#2700,4.E-1);
#3428=EDGE_CURVE('',#3305,#3306,#4,.T.);
#3430=EDGE_CURVE('',#3306,#3308,#8,.T.);
#3432=EDGE_CURVE('',#3330,#3308,#12,.T.);
#3434=EDGE_CURVE('',#3330,#3328,#16,.T.);
#3436=EDGE_CURVE('',#3328,#3311,#20,.T.);
#3438=EDGE_CURVE('',#3311,#3312,#24,.T.);
#3440=EDGE_CURVE('',#3314,#3312,#28,.T.);
#3442=EDGE_CURVE('',#3314,#3349,#32,.T.);
#3444=EDGE_CURVE('',#3349,#3350,#36,.T.);
#3446=EDGE_CURVE('',#3350,#3352,#40,.T.);
#3448=EDGE_CURVE('',#3362,#3352,#44,.T.);
#3450=EDGE_CURVE('',#3362,#3360,#48,.T.);
#3452=EDGE_CURVE('',#3360,#3355,#52,.T.);
#3454=EDGE_CURVE('',#3355,#3356,#56,.T.);
#3456=EDGE_CURVE('',#3358,#3356,#60,.T.);
#3458=EDGE_CURVE('',#3358,#3317,#64,.T.);
#3460=EDGE_CURVE('',#3317,#3318,#68,.T.);
#3462=EDGE_CURVE('',#3318,#3320,#72,.T.);
#3464=EDGE_CURVE('',#3334,#3320,#76,.T.);
#3466=EDGE_CURVE('',#3334,#3332,#80,.T.);
#3468=EDGE_CURVE('',#3332,#3323,#84,.T.);
#3470=EDGE_CURVE('',#3323,#3324,#88,.T.);
#3472=EDGE_CURVE('',#3326,#3324,#92,.T.);
#3474=EDGE_CURVE('',#3326,#3337,#96,.T.);
#3476=EDGE_CURVE('',#3337,#3338,#100,.T.);
#3478=EDGE_CURVE('',#3338,#3340,#104,.T.);
#3480=EDGE_CURVE('',#3366,#3340,#108,.T.);
#3482=EDGE_CURVE('',#3366,#3364,#112,.T.);
#3484=EDGE_CURVE('',#3364,#3343,#116,.T.);
#3486=EDGE_CURVE('',#3343,#3344,#120,.T.);
#3488=EDGE_CURVE('',#3346,#3344,#124,.T.);
#3490=EDGE_CURVE('',#3346,#2704,#128,.T.);
#3492=EDGE_CURVE('',#2704,#2705,#132,.T.);
#3494=EDGE_CURVE('',#2705,#2707,#136,.T.);
#3496=EDGE_CURVE('',#2707,#2709,#140,.T.);
#3498=EDGE_CURVE('',#2709,#3305,#144,.T.);
#3502=EDGE_CURVE('',#2736,#2737,#148,.T.);
#3504=EDGE_CURVE('',#2736,#2749,#153,.T.);
#3506=EDGE_CURVE('',#2748,#2749,#157,.T.);
#3508=EDGE_CURVE('',#2748,#2745,#162,.T.);
#3510=EDGE_CURVE('',#2744,#2745,#166,.T.);
#3512=EDGE_CURVE('',#2744,#2741,#171,.T.);
#3514=EDGE_CURVE('',#2740,#2741,#175,.T.);
#3516=EDGE_CURVE('',#2740,#2737,#180,.T.);
#3527=EDGE_CURVE('',#2970,#3305,#212,.T.);
#3529=EDGE_CURVE('',#2970,#2986,#184,.T.);
#3531=EDGE_CURVE('',#2986,#2988,#1516,.T.);
#3533=EDGE_CURVE('',#3306,#2988,#1480,.T.);
#3543=EDGE_CURVE('',#3314,#3328,#252,.T.);
#3545=EDGE_CURVE('',#3314,#2973,#188,.T.);
#3547=EDGE_CURVE('',#2973,#2974,#192,.T.);
#3549=EDGE_CURVE('',#2974,#3285,#196,.T.);
#3551=EDGE_CURVE('',#3285,#3286,#200,.T.);
#3553=EDGE_CURVE('',#3286,#2969,#204,.T.);
#3555=EDGE_CURVE('',#2969,#2970,#208,.T.);
#3558=EDGE_CURVE('',#3330,#3305,#256,.T.);
#3560=EDGE_CURVE('',#3330,#3236,#216,.T.);
#3562=EDGE_CURVE('',#3213,#3236,#1398,.T.);
#3564=EDGE_CURVE('',#3213,#3214,#220,.T.);
#3566=EDGE_CURVE('',#3238,#3214,#1324,.T.);
#3568=EDGE_CURVE('',#3328,#3238,#224,.T.);
#3578=EDGE_CURVE('',#3346,#3364,#228,.T.);
#3581=EDGE_CURVE('',#3366,#3337,#232,.T.);
#3584=EDGE_CURVE('',#3326,#3332,#236,.T.);
#3587=EDGE_CURVE('',#3334,#3317,#240,.T.);
#3590=EDGE_CURVE('',#3358,#3360,#244,.T.);
#3593=EDGE_CURVE('',#3362,#3349,#248,.T.);
#3600=EDGE_CURVE('',#2709,#2717,#260,.T.);
#3602=EDGE_CURVE('',#2717,#3397,#563,.T.);
#3604=EDGE_CURVE('',#3397,#3414,#264,.T.);
#3606=EDGE_CURVE('',#3412,#3414,#268,.T.);
#3608=EDGE_CURVE('',#3393,#3412,#272,.T.);
#3610=EDGE_CURVE('',#3393,#3389,#547,.T.);
#3612=EDGE_CURVE('',#3389,#3410,#276,.T.);
#3614=EDGE_CURVE('',#3408,#3410,#280,.T.);
#3616=EDGE_CURVE('',#3385,#3408,#284,.T.);
#3618=EDGE_CURVE('',#3385,#3381,#531,.T.);
#3620=EDGE_CURVE('',#3381,#3406,#288,.T.);
#3622=EDGE_CURVE('',#3404,#3406,#292,.T.);
#3624=EDGE_CURVE('',#3377,#3404,#296,.T.);
#3626=EDGE_CURVE('',#3377,#3373,#515,.T.);
#3628=EDGE_CURVE('',#3373,#3402,#300,.T.);
#3630=EDGE_CURVE('',#3400,#3402,#304,.T.);
#3632=EDGE_CURVE('',#3369,#3400,#308,.T.);
#3634=EDGE_CURVE('',#3369,#2712,#579,.T.);
#3636=EDGE_CURVE('',#2704,#2712,#1568,.T.);
#3648=EDGE_CURVE('',#3346,#3081,#312,.T.);
#3650=EDGE_CURVE('',#3081,#3082,#316,.T.);
#3652=EDGE_CURVE('',#3082,#3273,#320,.T.);
#3654=EDGE_CURVE('',#3273,#3274,#324,.T.);
#3656=EDGE_CURVE('',#3274,#3077,#328,.T.);
#3658=EDGE_CURVE('',#3077,#3078,#332,.T.);
#3660=EDGE_CURVE('',#3078,#3337,#336,.T.);
#3663=EDGE_CURVE('',#3366,#3070,#340,.T.);
#3665=EDGE_CURVE('',#3052,#3070,#696,.T.);
#3667=EDGE_CURVE('',#3052,#3054,#344,.T.);
#3669=EDGE_CURVE('',#3068,#3054,#464,.T.);
#3671=EDGE_CURVE('',#3364,#3068,#348,.T.);
#3682=EDGE_CURVE('',#3344,#3091,#352,.T.);
#3684=EDGE_CURVE('',#3091,#3092,#422,.T.);
#3686=EDGE_CURVE('',#3081,#3092,#406,.T.);
#3698=EDGE_CURVE('',#3343,#3098,#356,.T.);
#3700=EDGE_CURVE('',#3098,#3091,#426,.T.);
#3713=EDGE_CURVE('',#3242,#3068,#370,.T.);
#3715=EDGE_CURVE('',#3242,#3098,#360,.T.);
#3726=EDGE_CURVE('',#3070,#3240,#365,.T.);
#3728=EDGE_CURVE('',#3240,#3242,#430,.T.);
#3731=EDGE_CURVE('',#3068,#3056,#460,.T.);
#3733=EDGE_CURVE('',#3058,#3056,#718,.T.);
#3735=EDGE_CURVE('',#3058,#3070,#701,.T.);
#3746=EDGE_CURVE('',#3340,#3096,#382,.T.);
#3748=EDGE_CURVE('',#3096,#3240,#374,.T.);
#3761=EDGE_CURVE('',#3338,#3088,#378,.T.);
#3763=EDGE_CURVE('',#3088,#3096,#434,.T.);
#3776=EDGE_CURVE('',#3078,#3086,#386,.T.);
#3778=EDGE_CURVE('',#3086,#3088,#438,.T.);
#3790=EDGE_CURVE('',#3077,#3085,#390,.T.);
#3792=EDGE_CURVE('',#3085,#3086,#442,.T.);
#3803=EDGE_CURVE('',#3274,#3290,#394,.T.);
#3805=EDGE_CURVE('',#3290,#3085,#446,.T.);
#3818=EDGE_CURVE('',#3273,#3289,#398,.T.);
#3820=EDGE_CURVE('',#3289,#3290,#410,.T.);
#3833=EDGE_CURVE('',#3082,#3094,#402,.T.);
#3835=EDGE_CURVE('',#3094,#3289,#414,.T.);
#3847=EDGE_CURVE('',#3092,#3094,#418,.T.);
#3878=EDGE_CURVE('',#3369,#3370,#503,.T.);
#3881=EDGE_CURVE('',#3400,#3045,#451,.T.);
#3883=EDGE_CURVE('',#3045,#3056,#455,.T.);
#3887=EDGE_CURVE('',#3048,#3054,#657,.T.);
#3889=EDGE_CURVE('',#3048,#3040,#468,.T.);
#3891=EDGE_CURVE('',#3040,#3017,#473,.T.);
#3893=EDGE_CURVE('',#3017,#3018,#477,.T.);
#3895=EDGE_CURVE('',#3018,#3020,#482,.T.);
#3897=EDGE_CURVE('',#3020,#3022,#486,.T.);
#3899=EDGE_CURVE('',#3022,#3024,#490,.T.);
#3901=EDGE_CURVE('',#3024,#3026,#494,.T.);
#3903=EDGE_CURVE('',#3026,#3370,#499,.T.);
#3914=EDGE_CURVE('',#3370,#3374,#507,.T.);
#3916=EDGE_CURVE('',#3373,#3374,#511,.T.);
#3919=EDGE_CURVE('',#3377,#3378,#519,.T.);
#3921=EDGE_CURVE('',#3378,#3382,#523,.T.);
#3923=EDGE_CURVE('',#3381,#3382,#527,.T.);
#3926=EDGE_CURVE('',#3385,#3386,#535,.T.);
#3928=EDGE_CURVE('',#3386,#3390,#539,.T.);
#3930=EDGE_CURVE('',#3389,#3390,#543,.T.);
#3933=EDGE_CURVE('',#3393,#3394,#551,.T.);
#3935=EDGE_CURVE('',#3394,#3398,#555,.T.);
#3937=EDGE_CURVE('',#3397,#3398,#559,.T.);
#3940=EDGE_CURVE('',#2715,#2717,#567,.T.);
#3942=EDGE_CURVE('',#2713,#2715,#571,.T.);
#3944=EDGE_CURVE('',#2712,#2713,#575,.T.);
#3949=EDGE_CURVE('',#2860,#2861,#583,.T.);
#3951=EDGE_CURVE('',#2860,#2873,#588,.T.);
#3953=EDGE_CURVE('',#2872,#2873,#592,.T.);
#3955=EDGE_CURVE('',#2872,#2869,#597,.T.);
#3957=EDGE_CURVE('',#2868,#2869,#601,.T.);
#3959=EDGE_CURVE('',#2868,#2865,#606,.T.);
#3961=EDGE_CURVE('',#2864,#2865,#610,.T.);
#3963=EDGE_CURVE('',#2864,#2861,#615,.T.);
#3975=EDGE_CURVE('',#3026,#3038,#619,.T.);
#3977=EDGE_CURVE('',#3038,#3374,#662,.T.);
#3988=EDGE_CURVE('',#3024,#3036,#623,.T.);
#3990=EDGE_CURVE('',#3036,#3038,#666,.T.);
#4002=EDGE_CURVE('',#3022,#3034,#627,.T.);
#4004=EDGE_CURVE('',#3034,#3036,#670,.T.);
#4016=EDGE_CURVE('',#3020,#3032,#631,.T.);
#4018=EDGE_CURVE('',#3032,#3034,#674,.T.);
#4030=EDGE_CURVE('',#3018,#3030,#635,.T.);
#4032=EDGE_CURVE('',#3030,#3032,#679,.T.);
#4044=EDGE_CURVE('',#3017,#3029,#639,.T.);
#4046=EDGE_CURVE('',#3029,#3030,#683,.T.);
#4058=EDGE_CURVE('',#3040,#3042,#643,.T.);
#4060=EDGE_CURVE('',#3042,#3029,#688,.T.);
#4072=EDGE_CURVE('',#3050,#3048,#647,.T.);
#4074=EDGE_CURVE('',#3050,#3042,#692,.T.);
#4085=EDGE_CURVE('',#3052,#3050,#652,.T.);
#4110=EDGE_CURVE('',#3046,#3058,#705,.T.);
#4112=EDGE_CURVE('',#3402,#3046,#710,.T.);
#4124=EDGE_CURVE('',#3045,#3046,#714,.T.);
#4150=EDGE_CURVE('',#3404,#3129,#723,.T.);
#4152=EDGE_CURVE('',#3129,#3062,#727,.T.);
#4154=EDGE_CURVE('',#3074,#3062,#732,.T.);
#4156=EDGE_CURVE('',#3074,#3198,#736,.T.);
#4158=EDGE_CURVE('',#3202,#3198,#866,.T.);
#4160=EDGE_CURVE('',#3202,#3101,#740,.T.);
#4162=EDGE_CURVE('',#3101,#3102,#745,.T.);
#4164=EDGE_CURVE('',#3102,#3104,#749,.T.);
#4166=EDGE_CURVE('',#3104,#3106,#754,.T.);
#4168=EDGE_CURVE('',#3106,#3108,#758,.T.);
#4170=EDGE_CURVE('',#3108,#3110,#762,.T.);
#4172=EDGE_CURVE('',#3110,#3112,#766,.T.);
#4174=EDGE_CURVE('',#3112,#3378,#771,.T.);
#4185=EDGE_CURVE('',#3406,#3130,#824,.T.);
#4187=EDGE_CURVE('',#3129,#3130,#936,.T.);
#4199=EDGE_CURVE('',#3126,#3382,#776,.T.);
#4201=EDGE_CURVE('',#3124,#3126,#780,.T.);
#4203=EDGE_CURVE('',#3122,#3124,#784,.T.);
#4205=EDGE_CURVE('',#3120,#3122,#788,.T.);
#4207=EDGE_CURVE('',#3118,#3120,#793,.T.);
#4209=EDGE_CURVE('',#3116,#3118,#797,.T.);
#4211=EDGE_CURVE('',#3115,#3116,#802,.T.);
#4213=EDGE_CURVE('',#3201,#3115,#806,.T.);
#4215=EDGE_CURVE('',#3197,#3201,#861,.T.);
#4217=EDGE_CURVE('',#3197,#3072,#810,.T.);
#4219=EDGE_CURVE('',#3061,#3072,#815,.T.);
#4221=EDGE_CURVE('',#3130,#3061,#819,.T.);
#4235=EDGE_CURVE('',#3112,#3126,#828,.T.);
#4247=EDGE_CURVE('',#3110,#3124,#832,.T.);
#4260=EDGE_CURVE('',#3108,#3122,#836,.T.);
#4273=EDGE_CURVE('',#3106,#3120,#840,.T.);
#4286=EDGE_CURVE('',#3104,#3118,#844,.T.);
#4299=EDGE_CURVE('',#3102,#3116,#848,.T.);
#4312=EDGE_CURVE('',#3101,#3115,#852,.T.);
#4324=EDGE_CURVE('',#3201,#3202,#856,.T.);
#4337=EDGE_CURVE('',#3197,#3198,#902,.T.);
#4351=EDGE_CURVE('',#3326,#2981,#870,.T.);
#4353=EDGE_CURVE('',#2981,#2982,#874,.T.);
#4355=EDGE_CURVE('',#2982,#3277,#878,.T.);
#4357=EDGE_CURVE('',#3277,#3278,#882,.T.);
#4359=EDGE_CURVE('',#3278,#2977,#886,.T.);
#4361=EDGE_CURVE('',#2977,#2978,#890,.T.);
#4363=EDGE_CURVE('',#2978,#3317,#894,.T.);
#4366=EDGE_CURVE('',#3334,#3072,#898,.T.);
#4371=EDGE_CURVE('',#3332,#3074,#906,.T.);
#4382=EDGE_CURVE('',#3324,#3003,#910,.T.);
#4384=EDGE_CURVE('',#3003,#3004,#988,.T.);
#4386=EDGE_CURVE('',#2981,#3004,#972,.T.);
#4398=EDGE_CURVE('',#3323,#3014,#914,.T.);
#4400=EDGE_CURVE('',#3014,#3003,#992,.T.);
#4413=EDGE_CURVE('',#3066,#3074,#928,.T.);
#4415=EDGE_CURVE('',#3066,#3014,#918,.T.);
#4426=EDGE_CURVE('',#3061,#3062,#932,.T.);
#4429=EDGE_CURVE('',#3072,#3065,#923,.T.);
#4431=EDGE_CURVE('',#3065,#3066,#996,.T.);
#4456=EDGE_CURVE('',#3320,#3012,#948,.T.);
#4458=EDGE_CURVE('',#3012,#3065,#940,.T.);
#4471=EDGE_CURVE('',#3318,#3000,#944,.T.);
#4473=EDGE_CURVE('',#3000,#3012,#1000,.T.);
#4486=EDGE_CURVE('',#2978,#2998,#952,.T.);
#4488=EDGE_CURVE('',#2998,#3000,#1004,.T.);
#4500=EDGE_CURVE('',#2977,#2997,#956,.T.);
#4502=EDGE_CURVE('',#2997,#2998,#1008,.T.);
#4513=EDGE_CURVE('',#3278,#3294,#960,.T.);
#4515=EDGE_CURVE('',#3294,#2997,#1012,.T.);
#4528=EDGE_CURVE('',#3277,#3293,#964,.T.);
#4530=EDGE_CURVE('',#3293,#3294,#976,.T.);
#4543=EDGE_CURVE('',#2982,#3006,#968,.T.);
#4545=EDGE_CURVE('',#3006,#3293,#980,.T.);
#4557=EDGE_CURVE('',#3004,#3006,#984,.T.);
#4590=EDGE_CURVE('',#3408,#3161,#1017,.T.);
#4592=EDGE_CURVE('',#3161,#3228,#1021,.T.);
#4594=EDGE_CURVE('',#3234,#3228,#1026,.T.);
#4596=EDGE_CURVE('',#3234,#3206,#1030,.T.);
#4598=EDGE_CURVE('',#3210,#3206,#1160,.T.);
#4600=EDGE_CURVE('',#3210,#3133,#1034,.T.);
#4602=EDGE_CURVE('',#3133,#3134,#1039,.T.);
#4604=EDGE_CURVE('',#3134,#3136,#1043,.T.);
#4606=EDGE_CURVE('',#3136,#3138,#1048,.T.);
#4608=EDGE_CURVE('',#3138,#3140,#1052,.T.);
#4610=EDGE_CURVE('',#3140,#3142,#1056,.T.);
#4612=EDGE_CURVE('',#3142,#3144,#1060,.T.);
#4614=EDGE_CURVE('',#3144,#3386,#1065,.T.);
#4625=EDGE_CURVE('',#3410,#3162,#1118,.T.);
#4627=EDGE_CURVE('',#3161,#3162,#1302,.T.);
#4639=EDGE_CURVE('',#3158,#3390,#1070,.T.);
#4641=EDGE_CURVE('',#3156,#3158,#1074,.T.);
#4643=EDGE_CURVE('',#3154,#3156,#1078,.T.);
#4645=EDGE_CURVE('',#3152,#3154,#1082,.T.);
#4647=EDGE_CURVE('',#3150,#3152,#1087,.T.);
#4649=EDGE_CURVE('',#3148,#3150,#1091,.T.);
#4651=EDGE_CURVE('',#3147,#3148,#1096,.T.);
#4653=EDGE_CURVE('',#3209,#3147,#1100,.T.);
#4655=EDGE_CURVE('',#3205,#3209,#1155,.T.);
#4657=EDGE_CURVE('',#3205,#3232,#1104,.T.);
#4659=EDGE_CURVE('',#3230,#3232,#1109,.T.);
#4661=EDGE_CURVE('',#3162,#3230,#1113,.T.);
#4675=EDGE_CURVE('',#3144,#3158,#1122,.T.);
#4687=EDGE_CURVE('',#3142,#3156,#1126,.T.);
#4700=EDGE_CURVE('',#3140,#3154,#1130,.T.);
#4713=EDGE_CURVE('',#3138,#3152,#1134,.T.);
#4726=EDGE_CURVE('',#3136,#3150,#1138,.T.);
#4739=EDGE_CURVE('',#3134,#3148,#1142,.T.);
#4752=EDGE_CURVE('',#3133,#3147,#1146,.T.);
#4764=EDGE_CURVE('',#3209,#3210,#1150,.T.);
#4777=EDGE_CURVE('',#3205,#3206,#1196,.T.);
#4791=EDGE_CURVE('',#3358,#3253,#1164,.T.);
#4793=EDGE_CURVE('',#3253,#3254,#1168,.T.);
#4795=EDGE_CURVE('',#3254,#3281,#1172,.T.);
#4797=EDGE_CURVE('',#3281,#3282,#1176,.T.);
#4799=EDGE_CURVE('',#3282,#3249,#1180,.T.);
#4801=EDGE_CURVE('',#3249,#3250,#1184,.T.);
#4803=EDGE_CURVE('',#3250,#3349,#1188,.T.);
#4806=EDGE_CURVE('',#3362,#3232,#1192,.T.);
#4811=EDGE_CURVE('',#3360,#3234,#1200,.T.);
#4822=EDGE_CURVE('',#3356,#3263,#1204,.T.);
#4824=EDGE_CURVE('',#3263,#3264,#1274,.T.);
#4826=EDGE_CURVE('',#3253,#3264,#1258,.T.);
#4838=EDGE_CURVE('',#3355,#3270,#1208,.T.);
#4840=EDGE_CURVE('',#3270,#3263,#1278,.T.);
#4853=EDGE_CURVE('',#3246,#3234,#1222,.T.);
#4855=EDGE_CURVE('',#3246,#3270,#1212,.T.);
#4866=EDGE_CURVE('',#3232,#3244,#1217,.T.);
#4868=EDGE_CURVE('',#3244,#3246,#1282,.T.);
#4872=EDGE_CURVE('',#3230,#3228,#1306,.T.);
#4884=EDGE_CURVE('',#3352,#3268,#1234,.T.);
#4886=EDGE_CURVE('',#3268,#3244,#1226,.T.);
#4899=EDGE_CURVE('',#3350,#3260,#1230,.T.);
#4901=EDGE_CURVE('',#3260,#3268,#1286,.T.);
#4914=EDGE_CURVE('',#3250,#3258,#1238,.T.);
#4916=EDGE_CURVE('',#3258,#3260,#1290,.T.);
#4928=EDGE_CURVE('',#3249,#3257,#1242,.T.);
#4930=EDGE_CURVE('',#3257,#3258,#1294,.T.);
#4941=EDGE_CURVE('',#3282,#3298,#1246,.T.);
#4943=EDGE_CURVE('',#3298,#3257,#1298,.T.);
#4956=EDGE_CURVE('',#3281,#3297,#1250,.T.);
#4958=EDGE_CURVE('',#3297,#3298,#1262,.T.);
#4971=EDGE_CURVE('',#3254,#3266,#1254,.T.);
#4973=EDGE_CURVE('',#3266,#3297,#1266,.T.);
#4985=EDGE_CURVE('',#3264,#3266,#1270,.T.);
#5030=EDGE_CURVE('',#3412,#3193,#1311,.T.);
#5032=EDGE_CURVE('',#3193,#3222,#1315,.T.);
#5034=EDGE_CURVE('',#3238,#3222,#1320,.T.);
#5037=EDGE_CURVE('',#3218,#3214,#1454,.T.);
#5039=EDGE_CURVE('',#3218,#3165,#1328,.T.);
#5041=EDGE_CURVE('',#3165,#3166,#1333,.T.);
#5043=EDGE_CURVE('',#3166,#3168,#1337,.T.);
#5045=EDGE_CURVE('',#3168,#3170,#1342,.T.);
#5047=EDGE_CURVE('',#3170,#3172,#1346,.T.);
#5049=EDGE_CURVE('',#3172,#3174,#1350,.T.);
#5051=EDGE_CURVE('',#3174,#3176,#1354,.T.);
#5053=EDGE_CURVE('',#3176,#3394,#1359,.T.);
#5064=EDGE_CURVE('',#3414,#3194,#1412,.T.);
#5066=EDGE_CURVE('',#3193,#3194,#1472,.T.);
#5078=EDGE_CURVE('',#3190,#3398,#1364,.T.);
#5080=EDGE_CURVE('',#3188,#3190,#1368,.T.);
#5082=EDGE_CURVE('',#3186,#3188,#1372,.T.);
#5084=EDGE_CURVE('',#3184,#3186,#1376,.T.);
#5086=EDGE_CURVE('',#3182,#3184,#1381,.T.);
#5088=EDGE_CURVE('',#3180,#3182,#1385,.T.);
#5090=EDGE_CURVE('',#3179,#3180,#1390,.T.);
#5092=EDGE_CURVE('',#3217,#3179,#1394,.T.);
#5094=EDGE_CURVE('',#3213,#3217,#1449,.T.);
#5097=EDGE_CURVE('',#3221,#3236,#1403,.T.);
#5099=EDGE_CURVE('',#3194,#3221,#1407,.T.);
#5113=EDGE_CURVE('',#3176,#3190,#1416,.T.);
#5125=EDGE_CURVE('',#3174,#3188,#1420,.T.);
#5138=EDGE_CURVE('',#3172,#3186,#1424,.T.);
#5151=EDGE_CURVE('',#3170,#3184,#1428,.T.);
#5164=EDGE_CURVE('',#3168,#3182,#1432,.T.);
#5177=EDGE_CURVE('',#3166,#3180,#1436,.T.);
#5190=EDGE_CURVE('',#3165,#3179,#1440,.T.);
#5202=EDGE_CURVE('',#3217,#3218,#1444,.T.);
#5227=EDGE_CURVE('',#3221,#3222,#1468,.T.);
#5230=EDGE_CURVE('',#3236,#3225,#1459,.T.);
#5232=EDGE_CURVE('',#3225,#3226,#1508,.T.);
#5234=EDGE_CURVE('',#3226,#3238,#1464,.T.);
#5258=EDGE_CURVE('',#3308,#3008,#1484,.T.);
#5260=EDGE_CURVE('',#3008,#3225,#1476,.T.);
#5274=EDGE_CURVE('',#2988,#3008,#1512,.T.);
#5285=EDGE_CURVE('',#3301,#3302,#1488,.T.);
#5287=EDGE_CURVE('',#2994,#3301,#1492,.T.);
#5289=EDGE_CURVE('',#2992,#2994,#1496,.T.);
#5291=EDGE_CURVE('',#2991,#2992,#1500,.T.);
#5293=EDGE_CURVE('',#3010,#2991,#1504,.T.);
#5295=EDGE_CURVE('',#3226,#3010,#1548,.T.);
#5301=EDGE_CURVE('',#2985,#2986,#1520,.T.);
#5303=EDGE_CURVE('',#3302,#2985,#1524,.T.);
#5314=EDGE_CURVE('',#3285,#3301,#1528,.T.);
#5317=EDGE_CURVE('',#3286,#3302,#1552,.T.);
#5329=EDGE_CURVE('',#2974,#2994,#1532,.T.);
#5341=EDGE_CURVE('',#2973,#2992,#1536,.T.);
#5354=EDGE_CURVE('',#3312,#2991,#1540,.T.);
#5368=EDGE_CURVE('',#3311,#3010,#1544,.T.);
#5395=EDGE_CURVE('',#2969,#2985,#1556,.T.);
#5419=EDGE_CURVE('',#2707,#2715,#1560,.T.);
#5432=EDGE_CURVE('',#2705,#2713,#1564,.T.);
#5456=EDGE_CURVE('',#2966,#2961,#1572,.T.);
#5458=EDGE_CURVE('',#2856,#2966,#1784,.T.);
#5460=EDGE_CURVE('',#2856,#2860,#1576,.T.);
#5463=EDGE_CURVE('',#2845,#2861,#1617,.T.);
#5465=EDGE_CURVE('',#2961,#2845,#1604,.T.);
#5476=EDGE_CURVE('',#2881,#2961,#1581,.T.);
#5478=EDGE_CURVE('',#2880,#2881,#1585,.T.);
#5480=EDGE_CURVE('',#2966,#2880,#1590,.T.);
#5490=EDGE_CURVE('',#2961,#2962,#1600,.T.);
#5492=EDGE_CURVE('',#2962,#2950,#1627,.T.);
#5494=EDGE_CURVE('',#2921,#2950,#1649,.T.);
#5496=EDGE_CURVE('',#2921,#2916,#1595,.T.);
#5498=EDGE_CURVE('',#2916,#2881,#1800,.T.);
#5511=EDGE_CURVE('',#2844,#2845,#1609,.T.);
#5513=EDGE_CURVE('',#2844,#2962,#1613,.T.);
#5524=EDGE_CURVE('',#2844,#2864,#1631,.T.);
#5536=EDGE_CURVE('',#2950,#2951,#1621,.T.);
#5542=EDGE_CURVE('',#2849,#2865,#1676,.T.);
#5544=EDGE_CURVE('',#2956,#2849,#1663,.T.);
#5546=EDGE_CURVE('',#2951,#2956,#1637,.T.);
#5557=EDGE_CURVE('',#2925,#2951,#1641,.T.);
#5559=EDGE_CURVE('',#2925,#2921,#1645,.T.);
#5571=EDGE_CURVE('',#2956,#2958,#1659,.T.);
#5573=EDGE_CURVE('',#2958,#2884,#1698,.T.);
#5575=EDGE_CURVE('',#2929,#2884,#2132,.T.);
#5577=EDGE_CURVE('',#2929,#2925,#1654,.T.);
#5590=EDGE_CURVE('',#2848,#2849,#1668,.T.);
#5592=EDGE_CURVE('',#2848,#2958,#1672,.T.);
#5603=EDGE_CURVE('',#2848,#2868,#1684,.T.);
#5615=EDGE_CURVE('',#2958,#2954,#1680,.T.);
#5620=EDGE_CURVE('',#2853,#2869,#1725,.T.);
#5622=EDGE_CURVE('',#2954,#2853,#1712,.T.);
#5633=EDGE_CURVE('',#2885,#2954,#1689,.T.);
#5635=EDGE_CURVE('',#2884,#2885,#1693,.T.);
#5646=EDGE_CURVE('',#2954,#2955,#1708,.T.);
#5648=EDGE_CURVE('',#2955,#2876,#1747,.T.);
#5650=EDGE_CURVE('',#2935,#2876,#1905,.T.);
#5652=EDGE_CURVE('',#2935,#2933,#1703,.T.);
#5654=EDGE_CURVE('',#2933,#2885,#2136,.T.);
#5667=EDGE_CURVE('',#2852,#2853,#1717,.T.);
#5669=EDGE_CURVE('',#2852,#2955,#1721,.T.);
#5680=EDGE_CURVE('',#2852,#2872,#1733,.T.);
#5692=EDGE_CURVE('',#2955,#2965,#1729,.T.);
#5697=EDGE_CURVE('',#2857,#2873,#1788,.T.);
#5699=EDGE_CURVE('',#2965,#2857,#1775,.T.);
#5710=EDGE_CURVE('',#2877,#2965,#1738,.T.);
#5712=EDGE_CURVE('',#2876,#2877,#1742,.T.);
#5723=EDGE_CURVE('',#2965,#2966,#1771,.T.);
#5726=EDGE_CURVE('',#2917,#2880,#1796,.T.);
#5728=EDGE_CURVE('',#2917,#2946,#1752,.T.);
#5730=EDGE_CURVE('',#2946,#2936,#1766,.T.);
#5732=EDGE_CURVE('',#2936,#2877,#1909,.T.);
#5745=EDGE_CURVE('',#2856,#2857,#1780,.T.);
#5768=EDGE_CURVE('',#2916,#2917,#1792,.T.);
#5781=EDGE_CURVE('',#2913,#2911,#1818,.T.);
#5783=EDGE_CURVE('',#2911,#2917,#1936,.T.);
#5786=EDGE_CURVE('',#2913,#2916,#1805,.T.);
#5796=EDGE_CURVE('',#2908,#2909,#1809,.T.);
#5798=EDGE_CURVE('',#2911,#2908,#1814,.T.);
#5801=EDGE_CURVE('',#2919,#2913,#1823,.T.);
#5803=EDGE_CURVE('',#2923,#2919,#1827,.T.);
#5805=EDGE_CURVE('',#2927,#2923,#1832,.T.);
#5807=EDGE_CURVE('',#2931,#2927,#1836,.T.);
#5809=EDGE_CURVE('',#2909,#2931,#1841,.T.);
#5819=EDGE_CURVE('',#2940,#2942,#1850,.T.);
#5821=EDGE_CURVE('',#2942,#2944,#1857,.T.);
#5823=EDGE_CURVE('',#2908,#2944,#1862,.T.);
#5826=EDGE_CURVE('',#2909,#2935,#2104,.T.);
#5828=EDGE_CURVE('',#2940,#2935,#1901,.T.);
#5871=EDGE_CURVE('',#2940,#2941,#1867,.T.);
#5873=EDGE_CURVE('',#2941,#2943,#2023,.T.);
#5875=EDGE_CURVE('',#2942,#2943,#1941,.T.);
#5941=EDGE_CURVE('',#2937,#2940,#1897,.T.);
#5943=EDGE_CURVE('',#2937,#2939,#1872,.T.);
#5945=EDGE_CURVE('',#2939,#2941,#2004,.T.);
#5956=EDGE_CURVE('',#2936,#2937,#1879,.T.);
#5992=EDGE_CURVE('',#2936,#2938,#1914,.T.);
#5994=EDGE_CURVE('',#2938,#2939,#1948,.T.);
#6058=EDGE_CURVE('',#2946,#2947,#1919,.T.);
#6060=EDGE_CURVE('',#2947,#2938,#1964,.T.);
#6095=EDGE_CURVE('',#2944,#2946,#1931,.T.);
#6097=EDGE_CURVE('',#2944,#2945,#1924,.T.);
#6099=EDGE_CURVE('',#2945,#2947,#1972,.T.);
#6145=EDGE_CURVE('',#2943,#2945,#1979,.T.);
#6160=EDGE_CURVE('',#2904,#2943,#1983,.T.);
#6162=EDGE_CURVE('',#2904,#2905,#1988,.T.);
#6164=EDGE_CURVE('',#2905,#2939,#2008,.T.);
#6176=EDGE_CURVE('',#2905,#2904,#2013,.T.);
#6188=EDGE_CURVE('',#2891,#2897,#2028,.T.);
#6190=EDGE_CURVE('',#2891,#2897,#2033,.T.);
#6204=EDGE_CURVE('',#2889,#2891,#2038,.T.);
#6206=EDGE_CURVE('',#2889,#2895,#2043,.T.);
#6208=EDGE_CURVE('',#2895,#2897,#2048,.T.);
#6222=EDGE_CURVE('',#2889,#2895,#2053,.T.);
#6232=EDGE_CURVE('',#2888,#2889,#2062,.T.);
#6235=EDGE_CURVE('',#2894,#2895,#2071,.T.);
#6237=EDGE_CURVE('',#2888,#2894,#2058,.T.);
#6248=EDGE_CURVE('',#2888,#2894,#2067,.T.);
#6264=EDGE_CURVE('',#2900,#2901,#2076,.T.);
#6266=EDGE_CURVE('',#2901,#2900,#2081,.T.);
#6276=EDGE_CURVE('',#3421,#3422,#2086,.T.);
#6278=EDGE_CURVE('',#2900,#3421,#2099,.T.);
#6281=EDGE_CURVE('',#2901,#3422,#2095,.T.);
#6292=EDGE_CURVE('',#3422,#3421,#2091,.T.);
#6315=EDGE_CURVE('',#2931,#2933,#2109,.T.);
#6328=EDGE_CURVE('',#2927,#2929,#2114,.T.);
#6330=EDGE_CURVE('',#2933,#2929,#2128,.T.);
#6342=EDGE_CURVE('',#2923,#2925,#2119,.T.);
#6355=EDGE_CURVE('',#2919,#2921,#2124,.T.);
#6391=EDGE_CURVE('',#2826,#2827,#2140,.T.);
#6393=EDGE_CURVE('',#2841,#2826,#2146,.T.);
#6395=EDGE_CURVE('',#2732,#2841,#2362,.T.);
#6397=EDGE_CURVE('',#2732,#2736,#2150,.T.);
#6400=EDGE_CURVE('',#2721,#2737,#2195,.T.);
#6402=EDGE_CURVE('',#2835,#2721,#2182,.T.);
#6404=EDGE_CURVE('',#2827,#2835,#2156,.T.);
#6415=EDGE_CURVE('',#2788,#2827,#2160,.T.);
#6417=EDGE_CURVE('',#2788,#2789,#2164,.T.);
#6419=EDGE_CURVE('',#2789,#2826,#2168,.T.);
#6430=EDGE_CURVE('',#2835,#2837,#2178,.T.);
#6432=EDGE_CURVE('',#2837,#2822,#2205,.T.);
#6434=EDGE_CURVE('',#2793,#2822,#2227,.T.);
#6436=EDGE_CURVE('',#2793,#2788,#2173,.T.);
#6449=EDGE_CURVE('',#2720,#2721,#2187,.T.);
#6451=EDGE_CURVE('',#2720,#2837,#2191,.T.);
#6462=EDGE_CURVE('',#2720,#2740,#2209,.T.);
#6474=EDGE_CURVE('',#2822,#2823,#2199,.T.);
#6480=EDGE_CURVE('',#2725,#2741,#2254,.T.);
#6482=EDGE_CURVE('',#2832,#2725,#2241,.T.);
#6484=EDGE_CURVE('',#2823,#2832,#2215,.T.);
#6495=EDGE_CURVE('',#2797,#2823,#2219,.T.);
#6497=EDGE_CURVE('',#2797,#2793,#2223,.T.);
#6509=EDGE_CURVE('',#2832,#2834,#2237,.T.);
#6511=EDGE_CURVE('',#2834,#2756,#2276,.T.);
#6513=EDGE_CURVE('',#2801,#2756,#2692,.T.);
#6515=EDGE_CURVE('',#2801,#2797,#2232,.T.);
#6528=EDGE_CURVE('',#2724,#2725,#2246,.T.);
#6530=EDGE_CURVE('',#2724,#2834,#2250,.T.);
#6541=EDGE_CURVE('',#2724,#2744,#2262,.T.);
#6553=EDGE_CURVE('',#2834,#2830,#2258,.T.);
#6558=EDGE_CURVE('',#2729,#2745,#2303,.T.);
#6560=EDGE_CURVE('',#2830,#2729,#2290,.T.);
#6571=EDGE_CURVE('',#2757,#2830,#2267,.T.);
#6573=EDGE_CURVE('',#2756,#2757,#2271,.T.);
#6584=EDGE_CURVE('',#2830,#2831,#2286,.T.);
#6586=EDGE_CURVE('',#2831,#2752,#2325,.T.);
#6588=EDGE_CURVE('',#2807,#2752,#2452,.T.);
#6590=EDGE_CURVE('',#2807,#2805,#2281,.T.);
#6592=EDGE_CURVE('',#2805,#2757,#2696,.T.);
#6605=EDGE_CURVE('',#2728,#2729,#2295,.T.);
#6607=EDGE_CURVE('',#2728,#2831,#2299,.T.);
#6618=EDGE_CURVE('',#2728,#2748,#2311,.T.);
#6630=EDGE_CURVE('',#2831,#2840,#2307,.T.);
#6635=EDGE_CURVE('',#2733,#2749,#2366,.T.);
#6637=EDGE_CURVE('',#2840,#2733,#2353,.T.);
#6648=EDGE_CURVE('',#2753,#2840,#2316,.T.);
#6650=EDGE_CURVE('',#2752,#2753,#2320,.T.);
#6661=EDGE_CURVE('',#2840,#2841,#2349,.T.);
#6665=EDGE_CURVE('',#2789,#2818,#2330,.T.);
#6667=EDGE_CURVE('',#2818,#2808,#2344,.T.);
#6669=EDGE_CURVE('',#2808,#2753,#2456,.T.);
#6682=EDGE_CURVE('',#2732,#2733,#2358,.T.);
#6705=EDGE_CURVE('',#2816,#2818,#2373,.T.);
#6708=EDGE_CURVE('',#2783,#2789,#2378,.T.);
#6710=EDGE_CURVE('',#2783,#2780,#2632,.T.);
#6712=EDGE_CURVE('',#2780,#2816,#2409,.T.);
#6747=EDGE_CURVE('',#2816,#2817,#2383,.T.);
#6749=EDGE_CURVE('',#2817,#2819,#2496,.T.);
#6751=EDGE_CURVE('',#2818,#2819,#2466,.T.);
#6781=EDGE_CURVE('',#2814,#2816,#2404,.T.);
#6783=EDGE_CURVE('',#2814,#2815,#2388,.T.);
#6785=EDGE_CURVE('',#2815,#2817,#2503,.T.);
#6796=EDGE_CURVE('',#2812,#2814,#2397,.T.);
#6800=EDGE_CURVE('',#2780,#2781,#2627,.T.);
#6802=EDGE_CURVE('',#2781,#2807,#2701,.T.);
#6804=EDGE_CURVE('',#2812,#2807,#2448,.T.);
#6847=EDGE_CURVE('',#2812,#2813,#2414,.T.);
#6849=EDGE_CURVE('',#2813,#2815,#2547,.T.);
#6916=EDGE_CURVE('',#2809,#2812,#2444,.T.);
#6918=EDGE_CURVE('',#2809,#2811,#2419,.T.);
#6920=EDGE_CURVE('',#2811,#2813,#2528,.T.);
#6931=EDGE_CURVE('',#2808,#2809,#2426,.T.);
#6967=EDGE_CURVE('',#2808,#2810,#2461,.T.);
#6969=EDGE_CURVE('',#2810,#2811,#2473,.T.);
#7034=EDGE_CURVE('',#2819,#2810,#2488,.T.);
#7049=EDGE_CURVE('',#2776,#2815,#2507,.T.);
#7051=EDGE_CURVE('',#2776,#2777,#2512,.T.);
#7053=EDGE_CURVE('',#2777,#2811,#2532,.T.);
#7065=EDGE_CURVE('',#2777,#2776,#2537,.T.);
#7077=EDGE_CURVE('',#2763,#2769,#2552,.T.);
#7079=EDGE_CURVE('',#2763,#2769,#2557,.T.);
#7093=EDGE_CURVE('',#2761,#2763,#2562,.T.);
#7095=EDGE_CURVE('',#2761,#2767,#2567,.T.);
#7097=EDGE_CURVE('',#2767,#2769,#2572,.T.);
#7111=EDGE_CURVE('',#2761,#2767,#2577,.T.);
#7121=EDGE_CURVE('',#2760,#2761,#2586,.T.);
#7124=EDGE_CURVE('',#2766,#2767,#2595,.T.);
#7126=EDGE_CURVE('',#2760,#2766,#2582,.T.);
#7137=EDGE_CURVE('',#2760,#2766,#2591,.T.);
#7153=EDGE_CURVE('',#2772,#2773,#2600,.T.);
#7155=EDGE_CURVE('',#2773,#2772,#2605,.T.);
#7165=EDGE_CURVE('',#3417,#3418,#2610,.T.);
#7167=EDGE_CURVE('',#2772,#3417,#2623,.T.);
#7170=EDGE_CURVE('',#2773,#3418,#2619,.T.);
#7181=EDGE_CURVE('',#3418,#3417,#2615,.T.);
#7205=EDGE_CURVE('',#2785,#2783,#2636,.T.);
#7207=EDGE_CURVE('',#2791,#2785,#2641,.T.);
#7209=EDGE_CURVE('',#2795,#2791,#2645,.T.);
#7211=EDGE_CURVE('',#2799,#2795,#2650,.T.);
#7213=EDGE_CURVE('',#2803,#2799,#2654,.T.);
#7215=EDGE_CURVE('',#2781,#2803,#2659,.T.);
#7228=EDGE_CURVE('',#2785,#2788,#2664,.T.);
#7241=EDGE_CURVE('',#2791,#2793,#2669,.T.);
#7254=EDGE_CURVE('',#2795,#2797,#2674,.T.);
#7267=EDGE_CURVE('',#2799,#2801,#2679,.T.);
#7279=EDGE_CURVE('',#2805,#2801,#2688,.T.);
#7281=EDGE_CURVE('',#2803,#2805,#2684,.T.);
#7320=ADVANCED_BREP_SHAPE_REPRESENTATION('',(#7311),#7319);
#7327=PRODUCT_DEFINITION('design','',#7326,#7323);
#7328=PRODUCT_DEFINITION_SHAPE('','SHAPE FOR 50038518-001_SW0001.',#7327);
#7329=SHAPE_DEFINITION_REPRESENTATION(#7328,#7320);
ENDSEC;
END-ISO-10303-21;
