ISO-10303-21;
HEADER;
FILE_DESCRIPTION((''),'2;1');
FILE_NAME('PRT0001','2014-06-05T',('e490569'),(''),
'PRO/ENGINEER BY PARAMETRIC TECHNOLOGY CORPORATION, 2013410',
'PRO/ENGINEER BY PARAMETRIC TECHNOLOGY CORPORATION, 2013410','');
FILE_SCHEMA(('CONFIG_CONTROL_DESIGN'));
ENDSEC;
DATA;
#125=DIRECTION('',(1.E0,0.E0,0.E0));
#126=VECTOR('',#125,3.302E-1);
#127=CARTESIAN_POINT('',(2.6467E1,-4.457699999982E1,0.E0));
#128=LINE('',#127,#126);
#129=DIRECTION('',(-1.E0,0.E0,0.E0));
#130=VECTOR('',#129,6.096E-1);
#131=CARTESIAN_POINT('',(2.74068E1,-4.457699999982E1,0.E0));
#132=LINE('',#131,#130);
#133=DIRECTION('',(1.E0,0.E0,0.E0));
#134=VECTOR('',#133,3.302E-1);
#135=CARTESIAN_POINT('',(2.74068E1,-4.457699999982E1,0.E0));
#136=LINE('',#135,#134);
#137=DIRECTION('',(-1.E0,0.E0,0.E0));
#138=VECTOR('',#137,1.27E0);
#139=CARTESIAN_POINT('',(2.9007E1,-4.457699999982E1,0.E0));
#140=LINE('',#139,#138);
#141=DIRECTION('',(1.E0,0.E0,0.E0));
#142=VECTOR('',#141,3.302E-1);
#143=CARTESIAN_POINT('',(2.9007E1,-4.457699999982E1,0.E0));
#144=LINE('',#143,#142);
#145=DIRECTION('',(-1.E0,0.E0,0.E0));
#146=VECTOR('',#145,6.096E-1);
#147=CARTESIAN_POINT('',(2.99468E1,-4.457699999982E1,0.E0));
#148=LINE('',#147,#146);
#149=DIRECTION('',(1.E0,0.E0,0.E0));
#150=VECTOR('',#149,3.302E-1);
#151=CARTESIAN_POINT('',(2.99468E1,-4.457699999982E1,0.E0));
#152=LINE('',#151,#150);
#153=DIRECTION('',(-1.E0,1.399257061702E-14,0.E0));
#154=VECTOR('',#153,5.077999998768E-1);
#155=CARTESIAN_POINT('',(3.078479999988E1,-4.457699999982E1,0.E0));
#156=LINE('',#155,#154);
#157=DIRECTION('',(0.E0,0.E0,1.E0));
#158=VECTOR('',#157,1.016E0);
#159=CARTESIAN_POINT('',(3.078479999988E1,-4.457699999982E1,-1.016E0));
#160=LINE('',#159,#158);
#161=DIRECTION('',(0.E0,0.E0,1.E0));
#162=VECTOR('',#161,1.781143445316E-2);
#163=CARTESIAN_POINT('',(2.99468E1,-4.457699999982E1,-1.016E0));
#164=LINE('',#163,#162);
#165=DIRECTION('',(1.E0,0.E0,0.E0));
#166=VECTOR('',#165,6.096E-1);
#167=CARTESIAN_POINT('',(2.93372E1,-4.457699999982E1,-9.981885655468E-1));
#168=LINE('',#167,#166);
#169=DIRECTION('',(0.E0,0.E0,1.E0));
#170=VECTOR('',#169,1.781143445316E-2);
#171=CARTESIAN_POINT('',(2.93372E1,-4.457699999982E1,-1.016E0));
#172=LINE('',#171,#170);
#173=DIRECTION('',(0.E0,0.E0,1.E0));
#174=VECTOR('',#173,1.781143445316E-2);
#175=CARTESIAN_POINT('',(2.74068E1,-4.457699999982E1,-1.016E0));
#176=LINE('',#175,#174);
#177=DIRECTION('',(1.E0,0.E0,0.E0));
#178=VECTOR('',#177,6.096E-1);
#179=CARTESIAN_POINT('',(2.67972E1,-4.457699999982E1,-9.981885655468E-1));
#180=LINE('',#179,#178);
#181=DIRECTION('',(0.E0,0.E0,1.E0));
#182=VECTOR('',#181,1.781143445316E-2);
#183=CARTESIAN_POINT('',(2.67972E1,-4.457699999982E1,-1.016E0));
#184=LINE('',#183,#182);
#185=DIRECTION('',(0.E0,0.E0,1.E0));
#186=VECTOR('',#185,1.781143445316E-2);
#187=CARTESIAN_POINT('',(2.48668E1,-4.457699999982E1,-1.016E0));
#188=LINE('',#187,#186);
#189=DIRECTION('',(1.E0,0.E0,0.E0));
#190=VECTOR('',#189,6.096E-1);
#191=CARTESIAN_POINT('',(2.42572E1,-4.457699999982E1,-9.981885655468E-1));
#192=LINE('',#191,#190);
#193=DIRECTION('',(0.E0,0.E0,1.E0));
#194=VECTOR('',#193,1.781143445316E-2);
#195=CARTESIAN_POINT('',(2.42572E1,-4.457699999982E1,-1.016E0));
#196=LINE('',#195,#194);
#197=DIRECTION('',(0.E0,0.E0,1.E0));
#198=VECTOR('',#197,1.781143445316E-2);
#199=CARTESIAN_POINT('',(2.23268E1,-4.457699999982E1,-1.016E0));
#200=LINE('',#199,#198);
#201=DIRECTION('',(1.E0,0.E0,0.E0));
#202=VECTOR('',#201,6.096E-1);
#203=CARTESIAN_POINT('',(2.17172E1,-4.457699999982E1,-9.981885655468E-1));
#204=LINE('',#203,#202);
#205=DIRECTION('',(0.E0,0.E0,1.E0));
#206=VECTOR('',#205,1.781143445316E-2);
#207=CARTESIAN_POINT('',(2.17172E1,-4.457699999982E1,-1.016E0));
#208=LINE('',#207,#206);
#209=DIRECTION('',(0.E0,0.E0,-1.E0));
#210=VECTOR('',#209,1.016E0);
#211=CARTESIAN_POINT('',(2.087879999992E1,-4.457699999982E1,0.E0));
#212=LINE('',#211,#210);
#213=DIRECTION('',(-1.E0,0.E0,0.E0));
#214=VECTOR('',#213,5.082000000835E-1);
#215=CARTESIAN_POINT('',(2.1387E1,-4.457699999982E1,0.E0));
#216=LINE('',#215,#214);
#217=DIRECTION('',(1.E0,0.E0,0.E0));
#218=VECTOR('',#217,3.302E-1);
#219=CARTESIAN_POINT('',(2.1387E1,-4.457699999982E1,0.E0));
#220=LINE('',#219,#218);
#221=DIRECTION('',(-1.E0,0.E0,0.E0));
#222=VECTOR('',#221,6.096E-1);
#223=CARTESIAN_POINT('',(2.23268E1,-4.457699999982E1,0.E0));
#224=LINE('',#223,#222);
#225=DIRECTION('',(1.E0,0.E0,0.E0));
#226=VECTOR('',#225,3.302E-1);
#227=CARTESIAN_POINT('',(2.23268E1,-4.457699999982E1,0.E0));
#228=LINE('',#227,#226);
#229=DIRECTION('',(-1.E0,0.E0,0.E0));
#230=VECTOR('',#229,1.27E0);
#231=CARTESIAN_POINT('',(2.3927E1,-4.457699999982E1,0.E0));
#232=LINE('',#231,#230);
#233=DIRECTION('',(1.E0,0.E0,0.E0));
#234=VECTOR('',#233,3.302E-1);
#235=CARTESIAN_POINT('',(2.3927E1,-4.457699999982E1,0.E0));
#236=LINE('',#235,#234);
#237=DIRECTION('',(-1.E0,0.E0,0.E0));
#238=VECTOR('',#237,6.096E-1);
#239=CARTESIAN_POINT('',(2.48668E1,-4.457699999982E1,0.E0));
#240=LINE('',#239,#238);
#241=DIRECTION('',(1.E0,0.E0,0.E0));
#242=VECTOR('',#241,3.302E-1);
#243=CARTESIAN_POINT('',(2.48668E1,-4.457699999982E1,0.E0));
#244=LINE('',#243,#242);
#245=DIRECTION('',(-1.E0,0.E0,0.E0));
#246=VECTOR('',#245,1.27E0);
#247=CARTESIAN_POINT('',(2.6467E1,-4.457699999982E1,0.E0));
#248=LINE('',#247,#246);
#249=DIRECTION('',(-7.071067811865E-1,7.071067811866E-1,0.E0));
#250=VECTOR('',#249,5.374011537018E-1);
#251=CARTESIAN_POINT('',(2.6847E1,-4.605499999982E1,0.E0));
#252=LINE('',#251,#250);
#253=DIRECTION('',(-7.071067811865E-1,-7.071067811866E-1,0.E0));
#254=VECTOR('',#253,5.374011537018E-1);
#255=CARTESIAN_POINT('',(2.7737E1,-4.567499999982E1,0.E0));
#256=LINE('',#255,#254);
#257=DIRECTION('',(0.E0,0.E0,1.E0));
#258=VECTOR('',#257,2.5E-1);
#259=CARTESIAN_POINT('',(2.6467E1,-4.567499999982E1,0.E0));
#260=LINE('',#259,#258);
#261=DIRECTION('',(0.E0,-1.E0,0.E0));
#262=VECTOR('',#261,1.098E0);
#263=CARTESIAN_POINT('',(2.6467E1,-4.457699999982E1,0.E0));
#264=LINE('',#263,#262);
#265=DIRECTION('',(-1.E0,0.E0,0.E0));
#266=VECTOR('',#265,8.621730289594E0);
#267=CARTESIAN_POINT('',(3.014266514480E1,-4.19196E1,0.E0));
#268=LINE('',#267,#266);
#269=CARTESIAN_POINT('',(3.003412982685E1,-4.142332982685E1,0.E0));
#270=DIRECTION('',(0.E0,0.E0,1.E0));
#271=DIRECTION('',(2.136522006823E-1,-9.769097896651E-1,0.E0));
#272=AXIS2_PLACEMENT_3D('',#269,#270,#271);
#274=DIRECTION('',(0.E0,-1.E0,0.E0));
#275=VECTOR('',#274,6.208730289594E0);
#276=CARTESIAN_POINT('',(3.05304E1,-3.532313485520E1,0.E0));
#277=LINE('',#276,#275);
#278=CARTESIAN_POINT('',(3.003412982685E1,-3.543167017315E1,0.E0));
#279=DIRECTION('',(0.E0,0.E0,1.E0));
#280=DIRECTION('',(9.769097896651E-1,2.136522006823E-1,0.E0));
#281=AXIS2_PLACEMENT_3D('',#278,#279,#280);
#283=DIRECTION('',(1.E0,0.E0,0.E0));
#284=VECTOR('',#283,8.621730289594E0);
#285=CARTESIAN_POINT('',(2.152093485520E1,-3.49354E1,0.E0));
#286=LINE('',#285,#284);
#287=CARTESIAN_POINT('',(2.162947017315E1,-3.543167017315E1,0.E0));
#288=DIRECTION('',(0.E0,0.E0,1.E0));
#289=DIRECTION('',(-2.136522006823E-1,9.769097896651E-1,0.E0));
#290=AXIS2_PLACEMENT_3D('',#287,#288,#289);
#292=DIRECTION('',(0.E0,1.E0,0.E0));
#293=VECTOR('',#292,6.208730289594E0);
#294=CARTESIAN_POINT('',(2.11332E1,-4.153186514480E1,0.E0));
#295=LINE('',#294,#293);
#296=CARTESIAN_POINT('',(2.162947017315E1,-4.142332982685E1,0.E0));
#297=DIRECTION('',(0.E0,0.E0,1.E0));
#298=DIRECTION('',(-9.769097896651E-1,-2.136522006824E-1,0.E0));
#299=AXIS2_PLACEMENT_3D('',#296,#297,#298);
#301=DIRECTION('',(0.E0,1.E0,0.E0));
#302=VECTOR('',#301,1.442E0);
#303=CARTESIAN_POINT('',(2.6467E1,-4.457699999982E1,0.E0));
#304=LINE('',#303,#302);
#305=DIRECTION('',(0.E0,1.E0,0.E0));
#306=VECTOR('',#305,1.442E0);
#307=CARTESIAN_POINT('',(2.5197E1,-4.457699999982E1,0.E0));
#308=LINE('',#307,#306);
#309=DIRECTION('',(-1.E0,0.E0,0.E0));
#310=VECTOR('',#309,3.302E-1);
#311=CARTESIAN_POINT('',(2.5197E1,-4.313499999982E1,0.E0));
#312=LINE('',#311,#310);
#313=DIRECTION('',(0.E0,1.E0,0.E0));
#314=VECTOR('',#313,1.442E0);
#315=CARTESIAN_POINT('',(2.48668E1,-4.457699999982E1,0.E0));
#316=LINE('',#315,#314);
#317=DIRECTION('',(0.E0,1.E0,0.E0));
#318=VECTOR('',#317,1.442E0);
#319=CARTESIAN_POINT('',(2.42572E1,-4.457699999982E1,0.E0));
#320=LINE('',#319,#318);
#321=DIRECTION('',(-1.E0,0.E0,0.E0));
#322=VECTOR('',#321,3.302E-1);
#323=CARTESIAN_POINT('',(2.42572E1,-4.313499999982E1,0.E0));
#324=LINE('',#323,#322);
#325=DIRECTION('',(0.E0,1.E0,0.E0));
#326=VECTOR('',#325,1.442E0);
#327=CARTESIAN_POINT('',(2.3927E1,-4.457699999982E1,0.E0));
#328=LINE('',#327,#326);
#329=DIRECTION('',(0.E0,1.E0,0.E0));
#330=VECTOR('',#329,1.442E0);
#331=CARTESIAN_POINT('',(2.2657E1,-4.457699999982E1,0.E0));
#332=LINE('',#331,#330);
#333=DIRECTION('',(-1.E0,0.E0,0.E0));
#334=VECTOR('',#333,3.302E-1);
#335=CARTESIAN_POINT('',(2.2657E1,-4.313499999982E1,0.E0));
#336=LINE('',#335,#334);
#337=DIRECTION('',(0.E0,1.E0,0.E0));
#338=VECTOR('',#337,1.442E0);
#339=CARTESIAN_POINT('',(2.23268E1,-4.457699999982E1,0.E0));
#340=LINE('',#339,#338);
#341=DIRECTION('',(0.E0,1.E0,0.E0));
#342=VECTOR('',#341,1.442E0);
#343=CARTESIAN_POINT('',(2.17172E1,-4.457699999982E1,0.E0));
#344=LINE('',#343,#342);
#345=DIRECTION('',(-1.E0,0.E0,0.E0));
#346=VECTOR('',#345,3.302E-1);
#347=CARTESIAN_POINT('',(2.17172E1,-4.313499999982E1,0.E0));
#348=LINE('',#347,#346);
#349=DIRECTION('',(0.E0,1.E0,0.E0));
#350=VECTOR('',#349,1.442E0);
#351=CARTESIAN_POINT('',(2.1387E1,-4.457699999982E1,0.E0));
#352=LINE('',#351,#350);
#353=DIRECTION('',(0.E0,1.E0,0.E0));
#354=VECTOR('',#353,1.442E0);
#355=CARTESIAN_POINT('',(3.0277E1,-4.457699999982E1,0.E0));
#356=LINE('',#355,#354);
#357=DIRECTION('',(-1.E0,0.E0,0.E0));
#358=VECTOR('',#357,3.302E-1);
#359=CARTESIAN_POINT('',(3.0277E1,-4.313499999982E1,0.E0));
#360=LINE('',#359,#358);
#361=DIRECTION('',(0.E0,1.E0,0.E0));
#362=VECTOR('',#361,1.442E0);
#363=CARTESIAN_POINT('',(2.99468E1,-4.457699999982E1,0.E0));
#364=LINE('',#363,#362);
#365=DIRECTION('',(0.E0,1.E0,0.E0));
#366=VECTOR('',#365,1.442E0);
#367=CARTESIAN_POINT('',(2.93372E1,-4.457699999982E1,0.E0));
#368=LINE('',#367,#366);
#369=DIRECTION('',(-1.E0,0.E0,0.E0));
#370=VECTOR('',#369,3.302E-1);
#371=CARTESIAN_POINT('',(2.93372E1,-4.313499999982E1,0.E0));
#372=LINE('',#371,#370);
#373=DIRECTION('',(0.E0,1.E0,0.E0));
#374=VECTOR('',#373,1.442E0);
#375=CARTESIAN_POINT('',(2.9007E1,-4.457699999982E1,0.E0));
#376=LINE('',#375,#374);
#377=DIRECTION('',(0.E0,1.E0,0.E0));
#378=VECTOR('',#377,1.442E0);
#379=CARTESIAN_POINT('',(2.7737E1,-4.457699999982E1,0.E0));
#380=LINE('',#379,#378);
#381=DIRECTION('',(-1.E0,0.E0,0.E0));
#382=VECTOR('',#381,3.302E-1);
#383=CARTESIAN_POINT('',(2.7737E1,-4.313499999982E1,0.E0));
#384=LINE('',#383,#382);
#385=DIRECTION('',(0.E0,1.E0,0.E0));
#386=VECTOR('',#385,1.442E0);
#387=CARTESIAN_POINT('',(2.74068E1,-4.457699999982E1,0.E0));
#388=LINE('',#387,#386);
#389=DIRECTION('',(0.E0,1.E0,0.E0));
#390=VECTOR('',#389,1.442E0);
#391=CARTESIAN_POINT('',(2.67972E1,-4.457699999982E1,0.E0));
#392=LINE('',#391,#390);
#393=DIRECTION('',(-1.E0,0.E0,0.E0));
#394=VECTOR('',#393,3.302E-1);
#395=CARTESIAN_POINT('',(2.67972E1,-4.313499999982E1,0.E0));
#396=LINE('',#395,#394);
#397=DIRECTION('',(0.E0,0.E0,-1.E0));
#398=VECTOR('',#397,3.E-2);
#399=CARTESIAN_POINT('',(2.11332E1,-4.153186514480E1,3.E-2));
#400=LINE('',#399,#398);
#401=DIRECTION('',(3.552713678801E-13,2.368475785867E-13,1.E0));
#402=VECTOR('',#401,3.E-2);
#403=CARTESIAN_POINT('',(2.152093485520E1,-4.19196E1,0.E0));
#404=LINE('',#403,#402);
#405=DIRECTION('',(0.E0,1.E0,0.E0));
#406=VECTOR('',#405,6.055525889602E0);
#407=CARTESIAN_POINT('',(2.11332E1,-4.143526294480E1,3.E-2));
#408=LINE('',#407,#406);
#409=CARTESIAN_POINT('',(2.16418E1,-3.54175E1,3.E-2));
#410=DIRECTION('',(0.E0,0.E0,-1.E0));
#411=DIRECTION('',(-1.E0,0.E0,0.E0));
#412=AXIS2_PLACEMENT_3D('',#409,#410,#411);
#414=CARTESIAN_POINT('',(2.16418E1,-4.13975E1,3.E-2));
#415=DIRECTION('',(0.E0,0.E0,-1.E0));
#416=DIRECTION('',(-9.972549019607E-1,-7.404498980656E-2,0.E0));
#417=AXIS2_PLACEMENT_3D('',#414,#415,#416);
#419=CARTESIAN_POINT('',(3.00218E1,-3.54175E1,3.000000000001E-2));
#420=DIRECTION('',(0.E0,0.E0,-1.E0));
#421=DIRECTION('',(2.229153680816E-13,1.E0,0.E0));
#422=AXIS2_PLACEMENT_3D('',#419,#420,#421);
#424=CARTESIAN_POINT('',(2.16418E1,-3.54175E1,3.000000000001E-2));
#425=DIRECTION('',(0.E0,0.E0,-1.E0));
#426=DIRECTION('',(-8.303537583373E-1,5.572366068513E-1,0.E0));
#427=AXIS2_PLACEMENT_3D('',#424,#425,#426);
#429=CARTESIAN_POINT('',(3.00218E1,-4.13975E1,3.E-2));
#430=DIRECTION('',(0.E0,0.E0,-1.E0));
#431=DIRECTION('',(1.E0,-1.393221050510E-14,0.E0));
#432=AXIS2_PLACEMENT_3D('',#429,#430,#431);
#434=CARTESIAN_POINT('',(3.00218E1,-3.54175E1,3.E-2));
#435=DIRECTION('',(0.E0,0.E0,-1.E0));
#436=DIRECTION('',(9.972549019607E-1,7.404498980567E-2,0.E0));
#437=AXIS2_PLACEMENT_3D('',#434,#435,#436);
#439=DIRECTION('',(-5.227392172873E-14,8.726535498404E-3,-9.999619230642E-1));
#440=VECTOR('',#439,8.835242563984E-1);
#441=CARTESIAN_POINT('',(2.16418E1,-3.491521010579E1,9.134906145020E-1));
#442=LINE('',#441,#440);
#443=DIRECTION('',(8.726535498396E-3,0.E0,9.999619230642E-1));
#444=VECTOR('',#443,8.835242563984E-1);
#445=CARTESIAN_POINT('',(2.11318E1,-3.54175E1,2.999999999999E-2));
#446=LINE('',#445,#444);
#447=CARTESIAN_POINT('',(3.00218E1,-4.13975E1,3.E-2));
#448=DIRECTION('',(0.E0,0.E0,-1.E0));
#449=DIRECTION('',(9.972549019607E-1,-7.404498980652E-2,0.E0));
#450=AXIS2_PLACEMENT_3D('',#447,#448,#449);
#452=DIRECTION('',(7.355347350196E-14,1.E0,0.E0));
#453=VECTOR('',#452,9.660219999552E-2);
#454=CARTESIAN_POINT('',(3.05304E1,-4.153186514480E1,3.E-2));
#455=LINE('',#454,#453);
#456=CARTESIAN_POINT('',(3.003412982685E1,-4.142332982685E1,3.E-2));
#457=DIRECTION('',(0.E0,0.E0,1.E0));
#458=DIRECTION('',(2.136522006823E-1,-9.769097896651E-1,0.E0));
#459=AXIS2_PLACEMENT_3D('',#456,#457,#458);
#461=DIRECTION('',(1.E0,0.E0,0.E0));
#462=VECTOR('',#461,8.621730289594E0);
#463=CARTESIAN_POINT('',(2.152093485520E1,-4.19196E1,3.E-2));
#464=LINE('',#463,#462);
#465=CARTESIAN_POINT('',(2.162947017315E1,-4.142332982685E1,3.E-2));
#466=DIRECTION('',(0.E0,0.E0,1.E0));
#467=DIRECTION('',(-9.769097896651E-1,-2.136522006823E-1,0.E0));
#468=AXIS2_PLACEMENT_3D('',#465,#466,#467);
#470=DIRECTION('',(1.471069470039E-13,-1.E0,0.E0));
#471=VECTOR('',#470,9.660219999549E-2);
#472=CARTESIAN_POINT('',(2.11332E1,-4.143526294480E1,3.E-2));
#473=LINE('',#472,#471);
#474=CARTESIAN_POINT('',(2.16418E1,-4.13975E1,3.E-2));
#475=DIRECTION('',(0.E0,0.E0,-1.E0));
#476=DIRECTION('',(-1.783322944653E-12,-1.E0,0.E0));
#477=AXIS2_PLACEMENT_3D('',#474,#475,#476);
#479=DIRECTION('',(-1.E0,0.E0,0.E0));
#480=VECTOR('',#479,8.380000000001E0);
#481=CARTESIAN_POINT('',(3.00218E1,-4.19075E1,3.E-2));
#482=LINE('',#481,#480);
#483=CARTESIAN_POINT('',(2.16418E1,-3.54175E1,3.E-2));
#484=DIRECTION('',(0.E0,0.E0,-1.E0));
#485=DIRECTION('',(-9.972549019607E-1,7.404498980562E-2,0.E0));
#486=AXIS2_PLACEMENT_3D('',#483,#484,#485);
#488=DIRECTION('',(-2.510654129382E-13,-1.E0,0.E0));
#489=VECTOR('',#488,5.660219999597E-2);
#490=CARTESIAN_POINT('',(2.11332E1,-3.532313485520E1,3.E-2));
#491=LINE('',#490,#489);
#492=CARTESIAN_POINT('',(2.162947017315E1,-3.543167017315E1,3.E-2));
#493=DIRECTION('',(0.E0,0.E0,1.E0));
#494=DIRECTION('',(-8.093515549252E-1,5.873244933936E-1,0.E0));
#495=AXIS2_PLACEMENT_3D('',#492,#493,#494);
#497=CARTESIAN_POINT('',(3.00218E1,-3.54175E1,3.E-2));
#498=DIRECTION('',(0.E0,0.E0,-1.E0));
#499=DIRECTION('',(8.303537583375E-1,5.572366068510E-1,0.E0));
#500=AXIS2_PLACEMENT_3D('',#497,#498,#499);
#502=CARTESIAN_POINT('',(3.003412982685E1,-3.543167017315E1,3.E-2));
#503=DIRECTION('',(0.E0,0.E0,1.E0));
#504=DIRECTION('',(9.769097896651E-1,2.136522006823E-1,0.E0));
#505=AXIS2_PLACEMENT_3D('',#502,#503,#504);
#507=DIRECTION('',(-1.255327064692E-13,1.E0,0.E0));
#508=VECTOR('',#507,5.660219999594E-2);
#509=CARTESIAN_POINT('',(3.05304E1,-3.537973705520E1,3.E-2));
#510=LINE('',#509,#508);
#511=DIRECTION('',(1.693135705750E-13,-8.726535498372E-3,-9.999619230642E-1));
#512=VECTOR('',#511,1.783558527957E0);
#513=CARTESIAN_POINT('',(3.00218E1,-4.189193571319E1,1.813490615514E0));
#514=LINE('',#513,#512);
#515=DIRECTION('',(-8.726535498379E-3,0.E0,9.999619230642E-1));
#516=VECTOR('',#515,1.783558527957E0);
#517=CARTESIAN_POINT('',(3.05318E1,-4.13975E1,2.999999999999E-2));
#518=LINE('',#517,#516);
#519=DIRECTION('',(-8.726535498380E-3,0.E0,-9.999619230642E-1));
#520=VECTOR('',#519,1.783558527957E0);
#521=CARTESIAN_POINT('',(2.114736428681E1,-4.13975E1,1.813490615514E0));
#522=LINE('',#521,#520);
#523=DIRECTION('',(1.693135705750E-13,8.726535498372E-3,9.999619230642E-1));
#524=VECTOR('',#523,1.783558527957E0);
#525=CARTESIAN_POINT('',(2.16418E1,-4.19075E1,3.E-2));
#526=LINE('',#525,#524);
#527=DIRECTION('',(0.E0,-1.E0,0.E0));
#528=VECTOR('',#527,5.98E0);
#529=CARTESIAN_POINT('',(2.11318E1,-3.54175E1,2.999999999999E-2));
#530=LINE('',#529,#528);
#531=CARTESIAN_POINT('',(2.120932527215E1,-3.673284140140E1,1.81E0));
#532=CARTESIAN_POINT('',(2.120895851488E1,-3.673342142088E1,1.771066542635E0));
#533=CARTESIAN_POINT('',(2.120822657562E1,-3.673457977531E1,1.693229310635E0));
#534=CARTESIAN_POINT('',(2.120712823381E1,-3.673631819842E1,1.576562707664E0));
#535=CARTESIAN_POINT('',(2.120639543293E1,-3.673747738880E1,1.498844346984E0));
#536=CARTESIAN_POINT('',(2.120602986530E1,-3.673805630206E1,1.460000000010E0));
#538=CARTESIAN_POINT('',(2.154734907343E1,-3.694670983626E1,1.810001994266E0));
#539=DIRECTION('',(-8.725703400589E-3,-1.380926293315E-2,-9.998665742775E-1));
#540=DIRECTION('',(-9.999619228935E-1,-1.407930668514E-6,8.726554940434E-3));
#541=AXIS2_PLACEMENT_3D('',#538,#539,#540);
#543=DIRECTION('',(8.723066372919E-3,1.380835567422E-2,9.998666098168E-1));
#544=VECTOR('',#543,3.500467005400E-1);
#545=CARTESIAN_POINT('',(2.114431083323E1,-3.695154399638E1,1.463490606217E0));
#546=LINE('',#545,#544);
#547=CARTESIAN_POINT('',(2.299419516795E1,-3.498108049592E1,1.809999999999E0));
#548=CARTESIAN_POINT('',(2.299479946259E1,-3.498071405038E1,1.771101095336E0));
#549=CARTESIAN_POINT('',(2.299600612564E1,-3.497998193897E1,1.693309928483E0));
#550=CARTESIAN_POINT('',(2.299781883239E1,-3.497888348031E1,1.576643255400E0));
#551=CARTESIAN_POINT('',(2.299902891020E1,-3.497815096938E1,1.498878868743E0));
#552=CARTESIAN_POINT('',(2.299963312191E1,-3.497778508933E1,1.460000000003E0));
#554=DIRECTION('',(1.439884701223E-2,8.722975992106E-3,-9.998582814052E-1));
#555=VECTOR('',#554,3.500496165697E-1);
#556=CARTESIAN_POINT('',(2.320169828818E1,-3.492306431552E1,1.813490613949E0));
#557=LINE('',#556,#555);
#558=CARTESIAN_POINT('',(2.320169764086E1,-3.532304907452E1,1.810002120196E0));
#559=DIRECTION('',(1.439984047909E-2,8.725630709766E-3,-9.998582439341E-1));
#560=DIRECTION('',(-5.187564589865E-1,8.549220643744E-1,-1.027749443981E-5));
#561=AXIS2_PLACEMENT_3D('',#558,#559,#560);
#563=DIRECTION('',(-1.E0,0.E0,0.E0));
#564=VECTOR('',#563,8.38E0);
#565=CARTESIAN_POINT('',(3.00218E1,-3.49075E1,2.999999999999E-2));
#566=LINE('',#565,#564);
#567=CARTESIAN_POINT('',(2.846190235905E1,-3.532304907447E1,1.810002113616E0));
#568=DIRECTION('',(-1.439984047936E-2,8.725630708110E-3,-9.998582439341E-1));
#569=DIRECTION('',(-1.541773454317E-6,9.999619228692E-1,8.726557704909E-3));
#570=AXIS2_PLACEMENT_3D('',#567,#568,#569);
#572=DIRECTION('',(1.439884701221E-2,-8.722973967851E-3,9.998582814229E-1));
#573=VECTOR('',#572,3.500496164892E-1);
#574=CARTESIAN_POINT('',(2.845686140095E1,-3.492001084183E1,1.463490605993E0));
#575=LINE('',#574,#573);
#576=CARTESIAN_POINT('',(3.045427472785E1,-3.673284140140E1,1.81E0));
#577=CARTESIAN_POINT('',(3.045464115855E1,-3.673342090441E1,1.771101210675E0));
#578=CARTESIAN_POINT('',(3.045537329118E1,-3.673457817248E1,1.693310201930E0));
#579=CARTESIAN_POINT('',(3.045647174874E1,-3.673631652480E1,1.576643530369E0));
#580=CARTESIAN_POINT('',(3.045720424105E1,-3.673747687260E1,1.498878984946E0));
#581=CARTESIAN_POINT('',(3.045757013466E1,-3.673805630208E1,1.460000000005E0));
#583=CARTESIAN_POINT('',(2.866396687813E1,-3.497778508928E1,1.460000000006E0));
#584=CARTESIAN_POINT('',(2.866457108983E1,-3.497815096931E1,1.498878867929E0));
#585=CARTESIAN_POINT('',(2.866578116756E1,-3.497888348032E1,1.576643253495E0));
#586=CARTESIAN_POINT('',(2.866759387434E1,-3.497998193894E1,1.693309926932E0));
#587=CARTESIAN_POINT('',(2.866880053740E1,-3.498071405037E1,1.771101094673E0));
#588=CARTESIAN_POINT('',(2.866940483205E1,-3.498108049592E1,1.809999999999E0));
#590=DIRECTION('',(8.723068493491E-3,-1.380835567431E-2,-9.998666097983E-1));
#591=VECTOR('',#590,3.500467006949E-1);
#592=CARTESIAN_POINT('',(3.051623568617E1,-3.694671042704E1,1.813490613963E0));
#593=LINE('',#592,#591);
#594=CARTESIAN_POINT('',(3.011930536346E1,-3.695154377572E1,1.459998195E0));
#595=DIRECTION('',(-8.725703402223E-3,1.380926293265E-2,9.998665742775E-1));
#596=DIRECTION('',(9.999619229900E-1,-6.139094626882E-7,8.726543976599E-3));
#597=AXIS2_PLACEMENT_3D('',#594,#595,#596);
#599=DIRECTION('',(0.E0,1.E0,0.E0));
#600=VECTOR('',#599,5.98E0);
#601=CARTESIAN_POINT('',(3.05318E1,-4.13975E1,2.999999999999E-2));
#602=LINE('',#601,#600);
#603=DIRECTION('',(-9.192098605932E-10,-1.E0,0.E0));
#604=VECTOR('',#603,4.450789014162E0);
#605=CARTESIAN_POINT('',(3.011625094398E1,-3.694671094438E1,2.21E0));
#606=LINE('',#605,#604);
#607=DIRECTION('',(-6.070917666176E-9,1.E0,-3.483175999966E-10));
#608=VECTOR('',#607,4.450789572964E0);
#609=CARTESIAN_POINT('',(3.051623571319E1,-4.13975E1,1.813490615514E0));
#610=LINE('',#609,#608);
#611=CARTESIAN_POINT('',(3.00218E1,-4.149195094398E1,1.81E0));
#612=DIRECTION('',(1.E0,0.E0,0.E0));
#613=DIRECTION('',(0.E0,-1.421085471520E-13,1.E0));
#614=AXIS2_PLACEMENT_3D('',#611,#612,#613);
#616=CARTESIAN_POINT('',(3.011625094398E1,-4.13975E1,1.81E0));
#617=DIRECTION('',(0.E0,-1.E0,0.E0));
#618=DIRECTION('',(9.999619230642E-1,0.E0,8.726535498376E-3));
#619=AXIS2_PLACEMENT_3D('',#616,#617,#618);
#621=CARTESIAN_POINT('',(3.00218E1,-4.13975E1,1.813490616828E0));
#622=DIRECTION('',(0.E0,0.E0,1.E0));
#623=DIRECTION('',(0.E0,-1.E0,0.E0));
#624=AXIS2_PLACEMENT_3D('',#621,#622,#623);
#626=DIRECTION('',(-1.E0,0.E0,0.E0));
#627=VECTOR('',#626,8.379999917083E0);
#628=CARTESIAN_POINT('',(3.002179995854E1,-4.149195093989E1,2.21E0));
#629=LINE('',#628,#627);
#630=DIRECTION('',(1.E0,0.E0,0.E0));
#631=VECTOR('',#630,8.38E0);
#632=CARTESIAN_POINT('',(2.16418E1,-4.189193571319E1,1.813490615514E0));
#633=LINE('',#632,#631);
#634=CARTESIAN_POINT('',(2.154734905602E1,-4.13975E1,1.81E0));
#635=DIRECTION('',(0.E0,-1.E0,0.E0));
#636=DIRECTION('',(-1.154631945610E-13,0.E0,1.E0));
#637=AXIS2_PLACEMENT_3D('',#634,#635,#636);
#639=CARTESIAN_POINT('',(2.16418E1,-4.149195094398E1,1.81E0));
#640=DIRECTION('',(-1.E0,0.E0,0.E0));
#641=DIRECTION('',(0.E0,-9.999619230642E-1,8.726535499037E-3));
#642=AXIS2_PLACEMENT_3D('',#639,#640,#641);
#644=CARTESIAN_POINT('',(2.16418E1,-4.13975E1,1.813490616828E0));
#645=DIRECTION('',(0.E0,0.E0,1.E0));
#646=DIRECTION('',(-1.E0,0.E0,0.E0));
#647=AXIS2_PLACEMENT_3D('',#644,#645,#646);
#649=DIRECTION('',(-8.362051696134E-10,1.E0,0.E0));
#650=VECTOR('',#649,4.450789408108E0);
#651=CARTESIAN_POINT('',(2.154734906011E1,-4.139749995854E1,2.21E0));
#652=LINE('',#651,#650);
#653=DIRECTION('',(-6.070901701756E-9,-1.E0,3.483174004414E-10));
#654=VECTOR('',#653,4.450789572964E0);
#655=CARTESIAN_POINT('',(2.114736431383E1,-3.694671042704E1,1.813490613964E0));
#656=LINE('',#655,#654);
#657=CARTESIAN_POINT('',(2.154734905602E1,-3.694671042708E1,1.81E0));
#658=DIRECTION('',(0.E0,1.E0,0.E0));
#659=DIRECTION('',(-9.999619230642E-1,0.E0,8.726535499038E-3));
#660=AXIS2_PLACEMENT_3D('',#657,#658,#659);
#662=CARTESIAN_POINT('',(2.154734905602E1,-3.694671042708E1,1.81E0));
#663=DIRECTION('',(-5.346724995895E-1,-8.450593577866E-1,0.E0));
#664=DIRECTION('',(2.641691310146E-9,-1.671409677328E-9,1.E0));
#665=AXIS2_PLACEMENT_3D('',#662,#663,#664);
#667=CARTESIAN_POINT('',(2.58318E1,-3.96575E1,1.81E0));
#668=DIRECTION('',(0.E0,0.E0,1.E0));
#669=DIRECTION('',(-5.187577341133E-1,8.549212907032E-1,0.E0));
#670=AXIS2_PLACEMENT_3D('',#667,#668,#669);
#672=CARTESIAN_POINT('',(2.320169828823E1,-3.532304905602E1,1.81E0));
#673=DIRECTION('',(-8.549212907255E-1,-5.187577340766E-1,0.E0));
#674=DIRECTION('',(0.E0,0.E0,1.E0));
#675=AXIS2_PLACEMENT_3D('',#672,#673,#674);
#677=CARTESIAN_POINT('',(2.21718E1,-4.08675E1,2.21E0));
#678=DIRECTION('',(0.E0,0.E0,-1.E0));
#679=DIRECTION('',(9.999999156259E-1,-4.107896878214E-4,0.E0));
#680=AXIS2_PLACEMENT_3D('',#677,#678,#679);
#682=CARTESIAN_POINT('',(2.21718E1,-4.08675E1,2.21E0));
#683=DIRECTION('',(0.E0,0.E0,-1.E0));
#684=DIRECTION('',(-9.999999156259E-1,4.107896877992E-4,0.E0));
#685=AXIS2_PLACEMENT_3D('',#682,#683,#684);
#687=CARTESIAN_POINT('',(2.58318E1,-3.84075E1,2.21E0));
#688=DIRECTION('',(0.E0,0.E0,-1.E0));
#689=DIRECTION('',(0.E0,1.E0,0.E0));
#690=AXIS2_PLACEMENT_3D('',#687,#688,#689);
#692=CARTESIAN_POINT('',(2.58318E1,-3.84075E1,2.21E0));
#693=DIRECTION('',(0.E0,0.E0,-1.E0));
#694=DIRECTION('',(0.E0,-1.E0,0.E0));
#695=AXIS2_PLACEMENT_3D('',#692,#693,#694);
#697=CARTESIAN_POINT('',(2.16418E1,-4.13975E1,2.21E0));
#698=DIRECTION('',(0.E0,0.E0,1.E0));
#699=DIRECTION('',(-9.999999999991E-1,1.316795201072E-6,0.E0));
#700=AXIS2_PLACEMENT_3D('',#697,#698,#699);
#702=CARTESIAN_POINT('',(2.58318E1,-3.96575E1,2.21E0));
#703=DIRECTION('',(0.E0,0.E0,1.E0));
#704=DIRECTION('',(-5.187574760652E-1,8.549214472842E-1,0.E0));
#705=AXIS2_PLACEMENT_3D('',#702,#703,#704);
#707=CARTESIAN_POINT('',(2.58318E1,-3.96575E1,2.21E0));
#708=DIRECTION('',(0.E0,0.E0,1.E0));
#709=DIRECTION('',(8.450595421896E-1,5.346722081372E-1,0.E0));
#710=AXIS2_PLACEMENT_3D('',#707,#708,#709);
#712=CARTESIAN_POINT('',(3.00218E1,-4.13975E1,2.21E0));
#713=DIRECTION('',(0.E0,0.E0,1.E0));
#714=DIRECTION('',(-1.316795501987E-6,-9.999999999991E-1,0.E0));
#715=AXIS2_PLACEMENT_3D('',#712,#713,#714);
#717=CARTESIAN_POINT('',(2.204153665961E1,-4.08675E1,2.2E0));
#718=DIRECTION('',(2.373004136941E-14,-1.E0,0.E0));
#719=DIRECTION('',(-4.861215523689E-9,0.E0,1.E0));
#720=AXIS2_PLACEMENT_3D('',#717,#718,#719);
#722=CARTESIAN_POINT('',(2.230206334039E1,-4.08675E1,2.2E0));
#723=DIRECTION('',(-2.313644067997E-14,-1.E0,0.E0));
#724=DIRECTION('',(9.986139979479E-1,-3.739698609264E-14,5.263157894737E-2));
#725=AXIS2_PLACEMENT_3D('',#722,#723,#724);
#727=CARTESIAN_POINT('',(2.21718E1,-4.08675E1,2.39E0));
#728=DIRECTION('',(0.E0,0.E0,1.E0));
#729=DIRECTION('',(-9.999999146323E-1,4.132013331827E-4,0.E0));
#730=AXIS2_PLACEMENT_3D('',#727,#728,#729);
#732=CARTESIAN_POINT('',(2.21718E1,-4.08675E1,2.39E0));
#733=DIRECTION('',(0.E0,0.E0,1.E0));
#734=DIRECTION('',(9.999999146323E-1,-4.132013335100E-4,0.E0));
#735=AXIS2_PLACEMENT_3D('',#732,#733,#734);
#737=CARTESIAN_POINT('',(2.58318E1,-3.84075E1,1.5E0));
#738=DIRECTION('',(0.E0,0.E0,1.E0));
#739=DIRECTION('',(0.E0,-1.E0,0.E0));
#740=AXIS2_PLACEMENT_3D('',#737,#738,#739);
#742=DIRECTION('',(0.E0,0.E0,-1.E0));
#743=VECTOR('',#742,7.1E-1);
#744=CARTESIAN_POINT('',(2.58318E1,-3.80075E1,2.21E0));
#745=LINE('',#744,#743);
#746=DIRECTION('',(0.E0,0.E0,1.E0));
#747=VECTOR('',#746,7.1E-1);
#748=CARTESIAN_POINT('',(2.58318E1,-3.88075E1,1.5E0));
#749=LINE('',#748,#747);
#750=CARTESIAN_POINT('',(2.58318E1,-3.84075E1,1.5E0));
#751=DIRECTION('',(0.E0,0.E0,1.E0));
#752=DIRECTION('',(0.E0,1.E0,0.E0));
#753=AXIS2_PLACEMENT_3D('',#750,#751,#752);
#755=DIRECTION('',(1.E0,-8.648970772493E-11,0.E0));
#756=VECTOR('',#755,5.260202863984E0);
#757=CARTESIAN_POINT('',(2.320169873567E1,-3.532304905602E1,2.21E0));
#758=LINE('',#757,#756);
#759=DIRECTION('',(-1.E0,-1.485868409238E-14,0.E0));
#760=VECTOR('',#759,5.260203423646E0);
#761=CARTESIAN_POINT('',(2.846190171182E1,-3.492306431552E1,1.813490613949E0));
#762=LINE('',#761,#760);
#763=CARTESIAN_POINT('',(2.846190171177E1,-3.532304905602E1,1.81E0));
#764=DIRECTION('',(1.E0,0.E0,0.E0));
#765=DIRECTION('',(0.E0,9.999619230642E-1,8.726535498377E-3));
#766=AXIS2_PLACEMENT_3D('',#763,#764,#765);
#768=CARTESIAN_POINT('',(2.846190171177E1,-3.532304905602E1,1.81E0));
#769=DIRECTION('',(-8.549212907255E-1,5.187577340766E-1,0.E0));
#770=DIRECTION('',(-2.020197342745E-9,-3.329319042678E-9,1.E0));
#771=AXIS2_PLACEMENT_3D('',#768,#769,#770);
#773=CARTESIAN_POINT('',(2.58318E1,-3.96575E1,1.81E0));
#774=DIRECTION('',(0.E0,0.E0,1.E0));
#775=DIRECTION('',(8.450593577675E-1,5.346724996197E-1,0.E0));
#776=AXIS2_PLACEMENT_3D('',#773,#774,#775);
#778=CARTESIAN_POINT('',(3.011625094398E1,-3.694671042708E1,1.81E0));
#779=DIRECTION('',(-5.346724995895E-1,8.450593577866E-1,0.E0));
#780=DIRECTION('',(0.E0,0.E0,1.E0));
#781=AXIS2_PLACEMENT_3D('',#778,#779,#780);
#783=CARTESIAN_POINT('',(3.011625092643E1,-3.694670983602E1,1.810002011275E0));
#784=DIRECTION('',(-8.725703402223E-3,1.380926293265E-2,9.998665742775E-1));
#785=DIRECTION('',(9.999619228935E-1,-1.407930242187E-6,8.726554942062E-3));
#786=AXIS2_PLACEMENT_3D('',#783,#784,#785);
#788=CARTESIAN_POINT('',(3.011625094398E1,-3.694671042708E1,1.81E0));
#789=DIRECTION('',(0.E0,1.E0,0.E0));
#790=DIRECTION('',(0.E0,0.E0,1.E0));
#791=AXIS2_PLACEMENT_3D('',#788,#789,#790);
#793=CARTESIAN_POINT('',(2.320169828823E1,-3.532304905602E1,1.81E0));
#794=DIRECTION('',(-1.E0,0.E0,0.E0));
#795=DIRECTION('',(0.E0,0.E0,1.E0));
#796=AXIS2_PLACEMENT_3D('',#793,#794,#795);
#798=CARTESIAN_POINT('',(3.012410512499E1,-3.602975735285E1,9.1E-1));
#799=DIRECTION('',(0.E0,-1.E0,0.E0));
#800=DIRECTION('',(9.999619230642E-1,0.E0,8.726535498374E-3));
#801=AXIS2_PLACEMENT_3D('',#798,#799,#800);
#803=CARTESIAN_POINT('',(3.051928916752E1,-3.695154399638E1,1.463490606068E0));
#804=CARTESIAN_POINT('',(3.051942205369E1,-3.695175048311E1,1.448114023417E0));
#805=CARTESIAN_POINT('',(3.051969399718E1,-3.694971420272E1,1.417330323295E0));
#806=CARTESIAN_POINT('',(3.052008769569E1,-3.693972638841E1,1.372065039964E0));
#807=CARTESIAN_POINT('',(3.052050135293E1,-3.692167172283E1,1.324705317218E0));
#808=CARTESIAN_POINT('',(3.052093167634E1,-3.689409595447E1,1.275384234427E0));
#809=CARTESIAN_POINT('',(3.052137906545E1,-3.685531875998E1,1.224121434561E0));
#810=CARTESIAN_POINT('',(3.052183560652E1,-3.680388898238E1,1.171806254204E0));
#811=CARTESIAN_POINT('',(3.052229076867E1,-3.673877214900E1,1.119649944912E0));
#812=CARTESIAN_POINT('',(3.052273483776E1,-3.665870124366E1,1.068764994683E0));
#813=CARTESIAN_POINT('',(3.052315526011E1,-3.656230765300E1,1.020587948319E0));
#814=CARTESIAN_POINT('',(3.052353743711E1,-3.644746620284E1,9.768001441196E-1));
#815=CARTESIAN_POINT('',(3.052385206431E1,-3.631277279210E1,9.407274854724E-1));
#816=CARTESIAN_POINT('',(3.052404801262E1,-3.616984574096E1,9.183485019692E-1));
#817=CARTESIAN_POINT('',(3.052408879186E1,-3.607653869293E1,9.134903820200E-1));
#818=CARTESIAN_POINT('',(3.052408991711E1,-3.602975735285E1,9.134906143991E-1));
#820=DIRECTION('',(-3.739047412653E-8,1.E0,1.680374221195E-10));
#821=VECTOR('',#820,6.122573528462E-1);
#822=CARTESIAN_POINT('',(3.052408991711E1,-3.602975735285E1,9.134906143991E-1));
#823=LINE('',#822,#821);
#824=DIRECTION('',(-5.360404354854E-9,-1.E0,1.444083077982E-10));
#825=VECTOR('',#824,6.122573860519E-1);
#826=CARTESIAN_POINT('',(3.012410512827E1,-3.541749996674E1,1.31E0));
#827=LINE('',#826,#825);
#828=CARTESIAN_POINT('',(3.00218E1,-3.531519487501E1,9.1E-1));
#829=DIRECTION('',(1.E0,0.E0,0.E0));
#830=DIRECTION('',(0.E0,9.999619230642E-1,8.726535498375E-3));
#831=AXIS2_PLACEMENT_3D('',#828,#829,#830);
#833=CARTESIAN_POINT('',(3.00218E1,-3.54175E1,9.134906148046E-1));
#834=DIRECTION('',(0.E0,0.E0,1.E0));
#835=DIRECTION('',(1.E0,0.E0,0.E0));
#836=AXIS2_PLACEMENT_3D('',#833,#834,#835);
#838=CARTESIAN_POINT('',(3.012410512499E1,-3.54175E1,9.1E-1));
#839=DIRECTION('',(2.782496455467E-14,1.E0,0.E0));
#840=DIRECTION('',(-9.769962616701E-14,0.E0,1.E0));
#841=AXIS2_PLACEMENT_3D('',#838,#839,#840);
#843=CARTESIAN_POINT('',(2.939954245168E1,-3.531519487501E1,9.1E-1));
#844=DIRECTION('',(1.E0,0.E0,0.E0));
#845=DIRECTION('',(0.E0,9.999619230642E-1,8.726535498374E-3));
#846=AXIS2_PLACEMENT_3D('',#843,#844,#845);
#848=DIRECTION('',(-1.E0,-4.934482162316E-8,-9.170213184664E-10));
#849=VECTOR('',#848,6.222575483247E-1);
#850=CARTESIAN_POINT('',(3.00218E1,-3.491521010579E1,9.134906145020E-1));
#851=LINE('',#850,#849);
#852=DIRECTION('',(1.E0,5.274189696263E-9,6.768511518510E-9));
#853=VECTOR('',#852,6.222575817183E-1);
#854=CARTESIAN_POINT('',(2.939954245154E1,-3.531519487501E1,1.309999995788E0));
#855=LINE('',#854,#853);
#856=CARTESIAN_POINT('',(2.845686164267E1,-3.531999463580E1,1.459998109670E0));
#857=DIRECTION('',(-1.439984047936E-2,8.725630708110E-3,-9.998582439341E-1));
#858=DIRECTION('',(-6.722821121187E-7,9.999619229794E-1,8.726545183559E-3));
#859=AXIS2_PLACEMENT_3D('',#856,#857,#858);
#861=CARTESIAN_POINT('',(2.939954245168E1,-3.491521013649E1,9.134906139314E-1));
#862=CARTESIAN_POINT('',(2.935106688292E1,-3.491521007032E1,9.134897747416E-1));
#863=CARTESIAN_POINT('',(2.925437685741E1,-3.491525374311E1,9.184894601936E-1));
#864=CARTESIAN_POINT('',(2.910467837347E1,-3.491545913615E1,9.420270692299E-1));
#865=CARTESIAN_POINT('',(2.896665665806E1,-3.491578307760E1,9.791465735802E-1));
#866=CARTESIAN_POINT('',(2.885127900105E1,-3.491616468545E1,1.022874640529E0));
#867=CARTESIAN_POINT('',(2.875360799422E1,-3.491658540957E1,1.071084801878E0));
#868=CARTESIAN_POINT('',(2.867255299599E1,-3.491702829864E1,1.121834913512E0));
#869=CARTESIAN_POINT('',(2.860645324021E1,-3.491748240478E1,1.173870169565E0));
#870=CARTESIAN_POINT('',(2.855419234679E1,-3.491793790466E1,1.226065849741E0));
#871=CARTESIAN_POINT('',(2.851470037596E1,-3.491838535136E1,1.277336061869E0));
#872=CARTESIAN_POINT('',(2.848673453643E1,-3.491881497434E1,1.326573817944E0));
#873=CARTESIAN_POINT('',(2.846857978955E1,-3.491922575515E1,1.373615381098E0));
#874=CARTESIAN_POINT('',(2.845867343775E1,-3.491961308726E1,1.418108429513E0));
#875=CARTESIAN_POINT('',(2.845664687519E1,-3.491987971193E1,1.448388933262E0));
#876=CARTESIAN_POINT('',(2.845686140095E1,-3.492001084183E1,1.463490605993E0));
#878=CARTESIAN_POINT('',(2.58318E1,-3.96575E1,1.46E0));
#879=DIRECTION('',(0.E0,0.E0,-1.E0));
#880=DIRECTION('',(5.177635899262E-1,8.555237372199E-1,0.E0));
#881=AXIS2_PLACEMENT_3D('',#878,#879,#880);
#883=CARTESIAN_POINT('',(2.939954245154E1,-3.531519487501E1,1.309999995788E0));
#884=CARTESIAN_POINT('',(2.933098469206E1,-3.528059801166E1,1.309999538844E0));
#885=CARTESIAN_POINT('',(2.922574017526E1,-3.522868251629E1,1.314152583531E0));
#886=CARTESIAN_POINT('',(2.908384087987E1,-3.516146164078E1,1.327353945466E0));
#887=CARTESIAN_POINT('',(2.897774925055E1,-3.511263525123E1,1.341292975963E0));
#888=CARTESIAN_POINT('',(2.887382735135E1,-3.506625075204E1,1.359775992086E0));
#889=CARTESIAN_POINT('',(2.879182968329E1,-3.503081415375E1,1.379889723704E0));
#890=CARTESIAN_POINT('',(2.873361882758E1,-3.500624368320E1,1.399959452206E0));
#891=CARTESIAN_POINT('',(2.869630728434E1,-3.499075128860E1,1.417429753097E0));
#892=CARTESIAN_POINT('',(2.866971052885E1,-3.497991382145E1,1.437640034258E0));
#893=CARTESIAN_POINT('',(2.866354372999E1,-3.497752866200E1,1.452554096183E0));
#894=CARTESIAN_POINT('',(2.866396687813E1,-3.497778508928E1,1.460000000006E0));
#896=CARTESIAN_POINT('',(3.045757013466E1,-3.673805630208E1,1.460000000005E0));
#897=CARTESIAN_POINT('',(3.045782144304E1,-3.673845350710E1,1.452688003618E0));
#898=CARTESIAN_POINT('',(3.045557243292E1,-3.673281664281E1,1.438040745448E0));
#899=CARTESIAN_POINT('',(3.044516210513E1,-3.670809799185E1,1.418011156865E0));
#900=CARTESIAN_POINT('',(3.043007628768E1,-3.667292160592E1,1.400552679120E0));
#901=CARTESIAN_POINT('',(3.040595057090E1,-3.661752642128E1,1.380399276914E0));
#902=CARTESIAN_POINT('',(3.037091821323E1,-3.653883453030E1,1.360125702698E0));
#903=CARTESIAN_POINT('',(3.032491820684E1,-3.643856874138E1,1.341488618301E0));
#904=CARTESIAN_POINT('',(3.027646151302E1,-3.633592501716E1,1.327444651810E0));
#905=CARTESIAN_POINT('',(3.020977131594E1,-3.619841842385E1,1.314161481030E0));
#906=CARTESIAN_POINT('',(3.015833610856E1,-3.609629596353E1,1.310000075831E0));
#907=CARTESIAN_POINT('',(3.012410512499E1,-3.602975735280E1,1.310000000088E0));
#909=CARTESIAN_POINT('',(2.58318E1,-3.96575E1,1.31E0));
#910=DIRECTION('',(0.E0,0.E0,-1.E0));
#911=DIRECTION('',(6.348296176782E-1,7.726521575188E-1,0.E0));
#912=AXIS2_PLACEMENT_3D('',#909,#910,#911);
#914=CARTESIAN_POINT('',(3.00218E1,-3.54175E1,1.31E0));
#915=DIRECTION('',(0.E0,0.E0,1.E0));
#916=DIRECTION('',(9.999999999995E-1,9.752267976391E-7,0.E0));
#917=AXIS2_PLACEMENT_3D('',#914,#915,#916);
#919=DIRECTION('',(8.726535498392E-3,0.E0,-9.999619230642E-1));
#920=VECTOR('',#919,8.835242563984E-1);
#921=CARTESIAN_POINT('',(3.052408989421E1,-3.54175E1,9.134906145020E-1));
#922=LINE('',#921,#920);
#923=DIRECTION('',(-4.021070902210E-14,-8.726535498404E-3,9.999619230642E-1));
#924=VECTOR('',#923,8.835242563984E-1);
#925=CARTESIAN_POINT('',(3.00218E1,-3.49075E1,2.999999999999E-2));
#926=LINE('',#925,#924);
#927=CARTESIAN_POINT('',(2.226405754832E1,-3.531519487501E1,9.1E-1));
#928=DIRECTION('',(1.E0,0.E0,0.E0));
#929=DIRECTION('',(0.E0,9.999619230642E-1,8.726535498374E-3));
#930=AXIS2_PLACEMENT_3D('',#927,#928,#929);
#932=CARTESIAN_POINT('',(2.320673859905E1,-3.492001084112E1,1.463490605919E0));
#933=CARTESIAN_POINT('',(2.320695320173E1,-3.491987966353E1,1.448383412888E0));
#934=CARTESIAN_POINT('',(2.320492510407E1,-3.491961295586E1,1.418093360720E0));
#935=CARTESIAN_POINT('',(2.319501122083E1,-3.491922548955E1,1.373584948709E0));
#936=CARTESIAN_POINT('',(2.317685063653E1,-3.491881471083E1,1.326543622017E0));
#937=CARTESIAN_POINT('',(2.314887999086E1,-3.491838510059E1,1.277307326755E0));
#938=CARTESIAN_POINT('',(2.310938396522E1,-3.491793767535E1,1.226039573207E0));
#939=CARTESIAN_POINT('',(2.305711958294E1,-3.491748219897E1,1.173846585746E0));
#940=CARTESIAN_POINT('',(2.299101721159E1,-3.491702811980E1,1.121814420203E0));
#941=CARTESIAN_POINT('',(2.290996032279E1,-3.491658525919E1,1.071067570190E0));
#942=CARTESIAN_POINT('',(2.281228836425E1,-3.491616456530E1,1.022860872834E0));
#943=CARTESIAN_POINT('',(2.269691028765E1,-3.491578298939E1,9.791364668298E-1));
#944=CARTESIAN_POINT('',(2.255888878118E1,-3.491545907722E1,9.420203109887E-1));
#945=CARTESIAN_POINT('',(2.240919328360E1,-3.491525371925E1,9.184867454860E-1));
#946=CARTESIAN_POINT('',(2.231252128032E1,-3.491521007074E1,9.134897794535E-1));
#947=CARTESIAN_POINT('',(2.226405754832E1,-3.491521013654E1,9.134906139309E-1));
#949=CARTESIAN_POINT('',(2.320673835770E1,-3.531999463557E1,1.459998083610E0));
#950=DIRECTION('',(1.439984047909E-2,8.725630709766E-3,-9.998582439341E-1));
#951=DIRECTION('',(-5.177632314327E-1,8.555239541300E-1,9.279463945786E-6));
#952=AXIS2_PLACEMENT_3D('',#949,#950,#951);
#954=CARTESIAN_POINT('',(2.226405754869E1,-3.531519487501E1,1.309999995821E0));
#955=CARTESIAN_POINT('',(2.233261508607E1,-3.528059812515E1,1.309999540840E0));
#956=CARTESIAN_POINT('',(2.243785982494E1,-3.522868250742E1,1.314152577110E0));
#957=CARTESIAN_POINT('',(2.257975908974E1,-3.516146164969E1,1.327353940109E0));
#958=CARTESIAN_POINT('',(2.268585073424E1,-3.511263525281E1,1.341292970054E0));
#959=CARTESIAN_POINT('',(2.278977263428E1,-3.506625075403E1,1.359775985858E0));
#960=CARTESIAN_POINT('',(2.287177030960E1,-3.503081415337E1,1.379889717866E0));
#961=CARTESIAN_POINT('',(2.292998117294E1,-3.500624368040E1,1.399959447995E0));
#962=CARTESIAN_POINT('',(2.296729272506E1,-3.499075128307E1,1.417429752011E0));
#963=CARTESIAN_POINT('',(2.299388948625E1,-3.497991381350E1,1.437640039579E0));
#964=CARTESIAN_POINT('',(2.300005627102E1,-3.497752866163E1,1.452554095629E0));
#965=CARTESIAN_POINT('',(2.299963312191E1,-3.497778508933E1,1.460000000003E0));
#967=DIRECTION('',(-1.E0,4.942198979607E-8,9.177002011284E-10));
#968=VECTOR('',#967,6.222575483247E-1);
#969=CARTESIAN_POINT('',(2.226405754832E1,-3.491521013654E1,9.134906139309E-1));
#970=LINE('',#969,#968);
#971=DIRECTION('',(1.E0,-5.274223950668E-9,-6.716374757718E-9));
#972=VECTOR('',#971,6.222575819495E-1);
#973=CARTESIAN_POINT('',(2.164179996674E1,-3.531519487173E1,1.31E0));
#974=LINE('',#973,#972);
#975=CARTESIAN_POINT('',(2.153949487501E1,-3.54175E1,9.1E-1));
#976=DIRECTION('',(1.239286451238E-14,1.E0,0.E0));
#977=DIRECTION('',(-9.999619230642E-1,1.776356839400E-14,8.726535498375E-3));
#978=AXIS2_PLACEMENT_3D('',#975,#976,#977);
#980=CARTESIAN_POINT('',(2.16418E1,-3.54175E1,9.134906148046E-1));
#981=DIRECTION('',(0.E0,0.E0,1.E0));
#982=DIRECTION('',(0.E0,1.E0,0.E0));
#983=AXIS2_PLACEMENT_3D('',#980,#981,#982);
#985=CARTESIAN_POINT('',(2.16418E1,-3.531519487501E1,9.1E-1));
#986=DIRECTION('',(-1.E0,1.627170620466E-14,0.E0));
#987=DIRECTION('',(0.E0,-1.065814103640E-13,1.E0));
#988=AXIS2_PLACEMENT_3D('',#985,#986,#987);
#990=CARTESIAN_POINT('',(2.153949487501E1,-3.602975735285E1,9.1E-1));
#991=DIRECTION('',(0.E0,1.E0,0.E0));
#992=DIRECTION('',(-9.999619230642E-1,0.E0,8.726535498374E-3));
#993=AXIS2_PLACEMENT_3D('',#990,#991,#992);
#995=DIRECTION('',(-3.831297904710E-8,-1.E0,-1.599813525458E-10));
#996=VECTOR('',#995,6.122573528462E-1);
#997=CARTESIAN_POINT('',(2.113951010579E1,-3.54175E1,9.134906145020E-1));
#998=LINE('',#997,#996);
#999=DIRECTION('',(-5.360357933301E-9,1.E0,-1.556277263757E-10));
#1000=VECTOR('',#999,6.122573860948E-1);
#1001=CARTESIAN_POINT('',(2.153949487501E1,-3.602975735284E1,1.310000000095E0));
#1002=LINE('',#1001,#1000);
#1003=CARTESIAN_POINT('',(2.154429463737E1,-3.695154377441E1,1.459998290265E0));
#1004=DIRECTION('',(-8.725703400589E-3,-1.380926293315E-2,-9.998665742775E-1));
#1005=DIRECTION('',(-9.999619229900E-1,-6.139094626885E-7,8.726543974966E-3));
#1006=AXIS2_PLACEMENT_3D('',#1003,#1004,#1005);
#1008=CARTESIAN_POINT('',(2.113951008233E1,-3.602975735285E1,
9.134906144040E-1));
#1009=CARTESIAN_POINT('',(2.113951121411E1,-3.607655120809E1,
9.134903808238E-1));
#1010=CARTESIAN_POINT('',(2.113955200781E1,-3.616987734991E1,
9.183511601585E-1));
#1011=CARTESIAN_POINT('',(2.113974801090E1,-3.631281392369E1,
9.407360179032E-1));
#1012=CARTESIAN_POINT('',(2.114006265891E1,-3.644750166236E1,
9.768111702385E-1));
#1013=CARTESIAN_POINT('',(2.114044487637E1,-3.656234463924E1,1.020603580401E0));
#1014=CARTESIAN_POINT('',(2.114086533142E1,-3.665873635462E1,1.068784382468E0));
#1015=CARTESIAN_POINT('',(2.114130943291E1,-3.673880522558E1,1.119673043688E0));
#1016=CARTESIAN_POINT('',(2.114176462489E1,-3.680391899949E1,1.171832771057E0));
#1017=CARTESIAN_POINT('',(2.114222119311E1,-3.685534496573E1,1.224151062561E0));
#1018=CARTESIAN_POINT('',(2.114266860281E1,-3.689411739972E1,1.275416221489E0));
#1019=CARTESIAN_POINT('',(2.114309894507E1,-3.692168830441E1,1.324739464355E0));
#1020=CARTESIAN_POINT('',(2.114351263167E1,-3.693973746949E1,1.372102551713E0));
#1021=CARTESIAN_POINT('',(2.114390616651E1,-3.694971595437E1,1.417349080570E0));
#1022=CARTESIAN_POINT('',(2.114417800730E1,-3.695175039028E1,1.448121009557E0));
#1023=CARTESIAN_POINT('',(2.114431083323E1,-3.695154399638E1,1.463490606217E0));
#1025=CARTESIAN_POINT('',(2.58318E1,-3.96575E1,1.46E0));
#1026=DIRECTION('',(0.E0,0.E0,-1.E0));
#1027=DIRECTION('',(-8.456618042810E-1,5.337191328593E-1,0.E0));
#1028=AXIS2_PLACEMENT_3D('',#1025,#1026,#1027);
#1030=CARTESIAN_POINT('',(2.153949487501E1,-3.602975735284E1,1.310000000095E0));
#1031=CARTESIAN_POINT('',(2.150526372425E1,-3.609629628440E1,1.310000074865E0));
#1032=CARTESIAN_POINT('',(2.145382865861E1,-3.619841844039E1,1.314161482726E0));
#1033=CARTESIAN_POINT('',(2.138713844485E1,-3.633592507582E1,1.327444653945E0));
#1034=CARTESIAN_POINT('',(2.133868175936E1,-3.643856878832E1,1.341488615958E0));
#1035=CARTESIAN_POINT('',(2.129268176080E1,-3.653883456471E1,1.360125702903E0));
#1036=CARTESIAN_POINT('',(2.125764941016E1,-3.661752644606E1,1.380399275514E0));
#1037=CARTESIAN_POINT('',(2.123352369847E1,-3.667292162380E1,1.400552675922E0));
#1038=CARTESIAN_POINT('',(2.121843788551E1,-3.670809800428E1,1.418011154993E0));
#1039=CARTESIAN_POINT('',(2.120802755550E1,-3.673281665953E1,1.438040732424E0));
#1040=CARTESIAN_POINT('',(2.120577855770E1,-3.673845350554E1,1.452688007967E0));
#1041=CARTESIAN_POINT('',(2.120602986530E1,-3.673805630206E1,1.460000000010E0));
#1043=CARTESIAN_POINT('',(2.16418E1,-3.54175E1,1.31E0));
#1044=DIRECTION('',(0.E0,0.E0,1.E0));
#1045=DIRECTION('',(-9.752271796321E-7,9.999999999995E-1,0.E0));
#1046=AXIS2_PLACEMENT_3D('',#1043,#1044,#1045);
#1048=CARTESIAN_POINT('',(2.58318E1,-3.96575E1,1.31E0));
#1049=DIRECTION('',(0.E0,0.E0,-1.E0));
#1050=DIRECTION('',(-7.637553603155E-1,6.455058091058E-1,0.E0));
#1051=AXIS2_PLACEMENT_3D('',#1048,#1049,#1050);
#1053=DIRECTION('',(0.E0,-1.E0,0.E0));
#1054=VECTOR('',#1053,6.055525889602E0);
#1055=CARTESIAN_POINT('',(3.05304E1,-3.537973705520E1,3.E-2));
#1056=LINE('',#1055,#1054);
#1057=CARTESIAN_POINT('',(3.003412982685E1,-3.543167017315E1,3.E-2));
#1058=DIRECTION('',(0.E0,0.E0,1.E0));
#1059=DIRECTION('',(8.093515549254E-1,5.873244933935E-1,0.E0));
#1060=AXIS2_PLACEMENT_3D('',#1057,#1058,#1059);
#1062=DIRECTION('',(-1.184237892934E-13,0.E0,1.E0));
#1063=VECTOR('',#1062,3.E-2);
#1064=CARTESIAN_POINT('',(3.014266514480E1,-3.49354E1,0.E0));
#1065=LINE('',#1064,#1063);
#1066=DIRECTION('',(0.E0,0.E0,-1.E0));
#1067=VECTOR('',#1066,3.E-2);
#1068=CARTESIAN_POINT('',(3.05304E1,-3.532313485520E1,3.E-2));
#1069=LINE('',#1068,#1067);
#1070=DIRECTION('',(1.E0,0.E0,0.E0));
#1071=VECTOR('',#1070,8.621730289594E0);
#1072=CARTESIAN_POINT('',(2.152093485520E1,-3.49354E1,3.E-2));
#1073=LINE('',#1072,#1071);
#1074=CARTESIAN_POINT('',(2.162947017315E1,-3.543167017315E1,3.E-2));
#1075=DIRECTION('',(0.E0,0.E0,1.E0));
#1076=DIRECTION('',(-2.136522006823E-1,9.769097896651E-1,0.E0));
#1077=AXIS2_PLACEMENT_3D('',#1074,#1075,#1076);
#1079=DIRECTION('',(0.E0,0.E0,1.E0));
#1080=VECTOR('',#1079,3.E-2);
#1081=CARTESIAN_POINT('',(2.11332E1,-3.532313485520E1,0.E0));
#1082=LINE('',#1081,#1080);
#1083=DIRECTION('',(-2.368475785867E-13,0.E0,-1.E0));
#1084=VECTOR('',#1083,3.E-2);
#1085=CARTESIAN_POINT('',(2.152093485520E1,-3.49354E1,3.E-2));
#1086=LINE('',#1085,#1084);
#1087=DIRECTION('',(0.E0,2.368475785867E-13,-1.E0));
#1088=VECTOR('',#1087,3.E-2);
#1089=CARTESIAN_POINT('',(3.014266514480E1,-4.19196E1,3.E-2));
#1090=LINE('',#1089,#1088);
#1091=DIRECTION('',(0.E0,0.E0,1.E0));
#1092=VECTOR('',#1091,3.E-2);
#1093=CARTESIAN_POINT('',(3.05304E1,-4.153186514480E1,0.E0));
#1094=LINE('',#1093,#1092);
#1095=DIRECTION('',(0.E0,1.E0,0.E0));
#1096=VECTOR('',#1095,1.098E0);
#1097=CARTESIAN_POINT('',(2.5197E1,-4.567499999982E1,0.E0));
#1098=LINE('',#1097,#1096);
#1099=DIRECTION('',(0.E0,-1.E0,0.E0));
#1100=VECTOR('',#1099,2.54E0);
#1101=CARTESIAN_POINT('',(2.5197E1,-4.313499999982E1,2.5E-1));
#1102=LINE('',#1101,#1100);
#1103=DIRECTION('',(0.E0,-5.684341886081E-14,1.E0));
#1104=VECTOR('',#1103,2.5E-1);
#1105=CARTESIAN_POINT('',(2.5197E1,-4.313499999982E1,0.E0));
#1106=LINE('',#1105,#1104);
#1107=DIRECTION('',(-7.071067811866E-1,7.071067811865E-1,0.E0));
#1108=VECTOR('',#1107,5.374011537018E-1);
#1109=CARTESIAN_POINT('',(2.4307E1,-4.605499999982E1,0.E0));
#1110=LINE('',#1109,#1108);
#1111=DIRECTION('',(-7.071067811865E-1,-7.071067811866E-1,0.E0));
#1112=VECTOR('',#1111,5.374011537018E-1);
#1113=CARTESIAN_POINT('',(2.5197E1,-4.567499999982E1,0.E0));
#1114=LINE('',#1113,#1112);
#1115=DIRECTION('',(0.E0,0.E0,1.E0));
#1116=VECTOR('',#1115,2.5E-1);
#1117=CARTESIAN_POINT('',(2.3927E1,-4.567499999982E1,0.E0));
#1118=LINE('',#1117,#1116);
#1119=DIRECTION('',(0.E0,-1.E0,0.E0));
#1120=VECTOR('',#1119,1.098E0);
#1121=CARTESIAN_POINT('',(2.3927E1,-4.457699999982E1,0.E0));
#1122=LINE('',#1121,#1120);
#1123=DIRECTION('',(0.E0,0.E0,1.E0));
#1124=VECTOR('',#1123,2.5E-1);
#1125=CARTESIAN_POINT('',(2.3927E1,-4.313499999982E1,0.E0));
#1126=LINE('',#1125,#1124);
#1127=DIRECTION('',(1.534546769211E-14,1.E0,1.673627600414E-8));
#1128=VECTOR('',#1127,4.630310069503E-1);
#1129=CARTESIAN_POINT('',(2.42572E1,-4.504003100677E1,-7.749414730794E-9));
#1130=LINE('',#1129,#1128);
#1131=CARTESIAN_POINT('',(2.42572E1,-4.529399999982E1,-4.E-3));
#1132=DIRECTION('',(-1.E0,0.E0,0.E0));
#1133=DIRECTION('',(0.E0,5.594824691024E-14,1.E0));
#1134=AXIS2_PLACEMENT_3D('',#1131,#1132,#1133);
#1136=DIRECTION('',(-1.421085471520E-14,0.E0,1.E0));
#1137=VECTOR('',#1136,2.5E-1);
#1138=CARTESIAN_POINT('',(2.42572E1,-4.313499999982E1,0.E0));
#1139=LINE('',#1138,#1137);
#1140=CARTESIAN_POINT('',(2.42572E1,-4.529399999982E1,-4.E-3));
#1141=DIRECTION('',(1.E0,0.E0,0.E0));
#1142=DIRECTION('',(0.E0,1.E0,3.552491716151E-12));
#1143=AXIS2_PLACEMENT_3D('',#1140,#1141,#1142);
#1145=DIRECTION('',(-1.E0,0.E0,0.E0));
#1146=VECTOR('',#1145,6.096E-1);
#1147=CARTESIAN_POINT('',(2.48668E1,-4.503999999982E1,-3.999999999699E-3));
#1148=LINE('',#1147,#1146);
#1149=CARTESIAN_POINT('',(2.48668E1,-4.529399999982E1,-4.E-3));
#1150=DIRECTION('',(-1.E0,0.E0,0.E0));
#1151=DIRECTION('',(0.E0,9.998759920630E-1,1.574803149606E-2));
#1152=AXIS2_PLACEMENT_3D('',#1149,#1150,#1151);
#1154=DIRECTION('',(1.E0,-1.165588477297E-14,0.E0));
#1155=VECTOR('',#1154,6.096E-1);
#1156=CARTESIAN_POINT('',(2.42572E1,-4.529399999982E1,2.5E-1));
#1157=LINE('',#1156,#1155);
#1158=DIRECTION('',(0.E0,9.918563908467E-1,1.273612968548E-1));
#1159=VECTOR('',#1158,1.203604451415E-1);
#1160=CARTESIAN_POINT('',(2.42572E1,-4.469638027654E1,-1.013517827930E0));
#1161=LINE('',#1160,#1159);
#1162=CARTESIAN_POINT('',(2.42572E1,-4.473519999982E1,-7.112E-1));
#1163=DIRECTION('',(1.E0,0.E0,0.E0));
#1164=DIRECTION('',(0.E0,0.E0,-1.E0));
#1165=AXIS2_PLACEMENT_3D('',#1162,#1163,#1164);
#1167=CARTESIAN_POINT('',(2.42572E1,-4.473519999982E1,-7.112E-1));
#1168=DIRECTION('',(1.E0,0.E0,0.E0));
#1169=DIRECTION('',(0.E0,-1.E0,0.E0));
#1170=AXIS2_PLACEMENT_3D('',#1167,#1168,#1169);
#1172=DIRECTION('',(0.E0,0.E0,-1.E0));
#1173=VECTOR('',#1172,7.072000000003E-1);
#1174=CARTESIAN_POINT('',(2.42572E1,-4.503999999982E1,-3.999999999699E-3));
#1175=LINE('',#1174,#1173);
#1176=DIRECTION('',(0.E0,1.E0,-1.525568457293E-8));
#1177=VECTOR('',#1176,5.079689930497E-1);
#1178=CARTESIAN_POINT('',(2.42572E1,-4.554799999982E1,0.E0));
#1179=LINE('',#1178,#1177);
#1180=CARTESIAN_POINT('',(2.42572E1,-4.554799999982E1,-2.54E-1));
#1181=DIRECTION('',(1.E0,0.E0,0.E0));
#1182=DIRECTION('',(0.E0,1.E0,-3.544845956579E-13));
#1183=AXIS2_PLACEMENT_3D('',#1180,#1181,#1182);
#1185=DIRECTION('',(0.E0,0.E0,1.E0));
#1186=VECTOR('',#1185,4.572E-1);
#1187=CARTESIAN_POINT('',(2.42572E1,-4.529399999982E1,-7.112E-1));
#1188=LINE('',#1187,#1186);
#1189=CARTESIAN_POINT('',(2.42572E1,-4.473519999982E1,-7.112E-1));
#1190=DIRECTION('',(-1.E0,0.E0,0.E0));
#1191=DIRECTION('',(0.E0,0.E0,-1.E0));
#1192=AXIS2_PLACEMENT_3D('',#1189,#1190,#1191);
#1194=CARTESIAN_POINT('',(2.42572E1,-4.473519999982E1,-7.112E-1));
#1195=DIRECTION('',(-1.E0,0.E0,0.E0));
#1196=DIRECTION('',(0.E0,1.273612968551E-1,-9.918563908467E-1));
#1197=AXIS2_PLACEMENT_3D('',#1194,#1195,#1196);
#1199=DIRECTION('',(0.E0,-9.918563908467E-1,-1.273612968548E-1));
#1200=VECTOR('',#1199,7.570205017038E-1);
#1201=CARTESIAN_POINT('',(2.42572E1,-4.391317488452E1,-1.169034238362E0));
#1202=LINE('',#1201,#1200);
#1203=CARTESIAN_POINT('',(2.42572E1,-4.389699999982E1,-1.295E0));
#1204=DIRECTION('',(1.E0,0.E0,0.E0));
#1205=DIRECTION('',(0.E0,-5.594824691024E-14,1.E0));
#1206=AXIS2_PLACEMENT_3D('',#1203,#1204,#1205);
#1208=CARTESIAN_POINT('',(2.42572E1,-4.389699999982E1,-1.295E0));
#1209=DIRECTION('',(1.E0,0.E0,0.E0));
#1210=DIRECTION('',(0.E0,7.952921829527E-1,6.062263139574E-1));
#1211=AXIS2_PLACEMENT_3D('',#1208,#1209,#1210);
#1213=DIRECTION('',(0.E0,-6.062263139585E-1,7.952921829518E-1));
#1214=VECTOR('',#1213,7.571325554943E-1);
#1215=CARTESIAN_POINT('',(2.42572E1,-4.333700421429E1,-1.820150860970E0));
#1216=LINE('',#1215,#1214);
#1217=DIRECTION('',(0.E0,-7.952921829518E-1,-6.062263139585E-1));
#1218=VECTOR('',#1217,2.54E-1);
#1219=CARTESIAN_POINT('',(2.42572E1,-4.313499999982E1,-1.666169377225E0));
#1220=LINE('',#1219,#1218);
#1221=DIRECTION('',(0.E0,6.062263139585E-1,-7.952921829518E-1));
#1222=VECTOR('',#1221,7.571325554944E-1);
#1223=CARTESIAN_POINT('',(2.42572E1,-4.359399367812E1,-1.064027774382E0));
#1224=LINE('',#1223,#1222);
#1225=CARTESIAN_POINT('',(2.42572E1,-4.389699999982E1,-1.295E0));
#1226=DIRECTION('',(-1.E0,0.E0,0.E0));
#1227=DIRECTION('',(0.E0,6.809999467855E-1,7.322834645669E-1));
#1228=AXIS2_PLACEMENT_3D('',#1225,#1226,#1227);
#1230=DIRECTION('',(1.E0,0.E0,0.E0));
#1231=VECTOR('',#1230,6.096E-1);
#1232=CARTESIAN_POINT('',(2.42572E1,-4.503999999982E1,-7.112E-1));
#1233=LINE('',#1232,#1231);
#1234=DIRECTION('',(-1.E0,0.E0,0.E0));
#1235=VECTOR('',#1234,6.096E-1);
#1236=CARTESIAN_POINT('',(2.48668E1,-4.469638027654E1,-1.013517827930E0));
#1237=LINE('',#1236,#1235);
#1238=CARTESIAN_POINT('',(2.48668E1,-4.389699999982E1,-1.295E0));
#1239=DIRECTION('',(1.E0,0.E0,0.E0));
#1240=DIRECTION('',(0.E0,7.952921829517E-1,6.062263139587E-1));
#1241=AXIS2_PLACEMENT_3D('',#1238,#1239,#1240);
#1243=DIRECTION('',(0.E0,-6.062263139585E-1,7.952921829518E-1));
#1244=VECTOR('',#1243,7.571325554944E-1);
#1245=CARTESIAN_POINT('',(2.48668E1,-4.313499999982E1,-1.666169377225E0));
#1246=LINE('',#1245,#1244);
#1247=DIRECTION('',(0.E0,7.952921829518E-1,6.062263139585E-1));
#1248=VECTOR('',#1247,2.54E-1);
#1249=CARTESIAN_POINT('',(2.48668E1,-4.333700421429E1,-1.820150860970E0));
#1250=LINE('',#1249,#1248);
#1251=DIRECTION('',(0.E0,6.062263139585E-1,-7.952921829518E-1));
#1252=VECTOR('',#1251,7.571325554943E-1);
#1253=CARTESIAN_POINT('',(2.48668E1,-4.379599789259E1,-1.218009258127E0));
#1254=LINE('',#1253,#1252);
#1255=CARTESIAN_POINT('',(2.48668E1,-4.389699999982E1,-1.295E0));
#1256=DIRECTION('',(-1.E0,0.E0,0.E0));
#1257=DIRECTION('',(0.E0,-5.594824691024E-14,1.E0));
#1258=AXIS2_PLACEMENT_3D('',#1255,#1256,#1257);
#1260=CARTESIAN_POINT('',(2.48668E1,-4.389699999982E1,-1.295E0));
#1261=DIRECTION('',(-1.E0,0.E0,0.E0));
#1262=DIRECTION('',(0.E0,-1.273612968539E-1,9.918563908468E-1));
#1263=AXIS2_PLACEMENT_3D('',#1260,#1261,#1262);
#1265=DIRECTION('',(0.E0,9.918563908467E-1,1.273612968548E-1));
#1266=VECTOR('',#1265,7.570205017038E-1);
#1267=CARTESIAN_POINT('',(2.48668E1,-4.466403050714E1,-1.265449351205E0));
#1268=LINE('',#1267,#1266);
#1269=CARTESIAN_POINT('',(2.48668E1,-4.473519999982E1,-7.112E-1));
#1270=DIRECTION('',(1.E0,0.E0,0.E0));
#1271=DIRECTION('',(0.E0,0.E0,-1.E0));
#1272=AXIS2_PLACEMENT_3D('',#1269,#1270,#1271);
#1274=CARTESIAN_POINT('',(2.48668E1,-4.473519999982E1,-7.112E-1));
#1275=DIRECTION('',(1.E0,0.E0,0.E0));
#1276=DIRECTION('',(0.E0,-1.E0,0.E0));
#1277=AXIS2_PLACEMENT_3D('',#1274,#1275,#1276);
#1279=DIRECTION('',(0.E0,1.554117969729E-14,-1.E0));
#1280=VECTOR('',#1279,4.572E-1);
#1281=CARTESIAN_POINT('',(2.48668E1,-4.529399999982E1,-2.54E-1));
#1282=LINE('',#1281,#1280);
#1283=CARTESIAN_POINT('',(2.48668E1,-4.554799999982E1,-2.54E-1));
#1284=DIRECTION('',(-1.E0,0.E0,0.E0));
#1285=DIRECTION('',(0.E0,-2.797412345512E-14,1.E0));
#1286=AXIS2_PLACEMENT_3D('',#1283,#1284,#1285);
#1288=DIRECTION('',(0.E0,-1.E0,0.E0));
#1289=VECTOR('',#1288,5.079694862970E-1);
#1290=CARTESIAN_POINT('',(2.48668E1,-4.504003051352E1,0.E0));
#1291=LINE('',#1290,#1289);
#1292=DIRECTION('',(0.E0,0.E0,1.E0));
#1293=VECTOR('',#1292,7.072000000003E-1);
#1294=CARTESIAN_POINT('',(2.48668E1,-4.503999999982E1,-7.112E-1));
#1295=LINE('',#1294,#1293);
#1296=CARTESIAN_POINT('',(2.48668E1,-4.473519999982E1,-7.112E-1));
#1297=DIRECTION('',(-1.E0,0.E0,0.E0));
#1298=DIRECTION('',(0.E0,0.E0,-1.E0));
#1299=AXIS2_PLACEMENT_3D('',#1296,#1297,#1298);
#1301=CARTESIAN_POINT('',(2.48668E1,-4.473519999982E1,-7.112E-1));
#1302=DIRECTION('',(-1.E0,0.E0,0.E0));
#1303=DIRECTION('',(0.E0,1.273612968544E-1,-9.918563908468E-1));
#1304=AXIS2_PLACEMENT_3D('',#1301,#1302,#1303);
#1306=DIRECTION('',(0.E0,-9.918563908467E-1,-1.273612968548E-1));
#1307=VECTOR('',#1306,1.203604451415E-1);
#1308=CARTESIAN_POINT('',(2.48668E1,-4.457699999982E1,-9.981885655468E-1));
#1309=LINE('',#1308,#1307);
#1310=DIRECTION('',(1.E0,0.E0,0.E0));
#1311=VECTOR('',#1310,8.621730289594E0);
#1312=CARTESIAN_POINT('',(2.152093485520E1,-3.49254E1,-1.016E0));
#1313=LINE('',#1312,#1311);
#1314=CARTESIAN_POINT('',(3.003412982685E1,-3.542167017315E1,-1.016E0));
#1315=DIRECTION('',(0.E0,0.E0,1.E0));
#1316=DIRECTION('',(9.769097896651E-1,2.136522006823E-1,0.E0));
#1317=AXIS2_PLACEMENT_3D('',#1314,#1315,#1316);
#1319=DIRECTION('',(0.E0,-1.E0,0.E0));
#1320=VECTOR('',#1319,6.208730289594E0);
#1321=CARTESIAN_POINT('',(3.05304E1,-3.531313485520E1,-1.016E0));
#1322=LINE('',#1321,#1320);
#1323=CARTESIAN_POINT('',(3.003412982685E1,-4.141332982685E1,-1.016E0));
#1324=DIRECTION('',(0.E0,0.E0,1.E0));
#1325=DIRECTION('',(2.136522006824E-1,-9.769097896651E-1,0.E0));
#1326=AXIS2_PLACEMENT_3D('',#1323,#1324,#1325);
#1328=DIRECTION('',(-1.E0,0.E0,0.E0));
#1329=VECTOR('',#1328,8.621730289594E0);
#1330=CARTESIAN_POINT('',(3.014266514480E1,-4.19096E1,-1.016E0));
#1331=LINE('',#1330,#1329);
#1332=CARTESIAN_POINT('',(2.162947017315E1,-4.141332982685E1,-1.016E0));
#1333=DIRECTION('',(0.E0,0.E0,1.E0));
#1334=DIRECTION('',(-9.769097896651E-1,-2.136522006824E-1,0.E0));
#1335=AXIS2_PLACEMENT_3D('',#1332,#1333,#1334);
#1337=DIRECTION('',(0.E0,1.E0,0.E0));
#1338=VECTOR('',#1337,6.208730289594E0);
#1339=CARTESIAN_POINT('',(2.11332E1,-4.152186514480E1,-1.016E0));
#1340=LINE('',#1339,#1338);
#1341=CARTESIAN_POINT('',(2.162947017315E1,-3.542167017315E1,-1.016E0));
#1342=DIRECTION('',(0.E0,0.E0,1.E0));
#1343=DIRECTION('',(-2.136522006824E-1,9.769097896651E-1,0.E0));
#1344=AXIS2_PLACEMENT_3D('',#1341,#1342,#1343);
#1346=DIRECTION('',(0.E0,1.E0,0.E0));
#1347=VECTOR('',#1346,9.394609797253E-1);
#1348=CARTESIAN_POINT('',(2.67972E1,-4.457699999982E1,-1.016E0));
#1349=LINE('',#1348,#1347);
#1350=DIRECTION('',(1.E0,0.E0,0.E0));
#1351=VECTOR('',#1350,6.096E-1);
#1352=CARTESIAN_POINT('',(2.67972E1,-4.363753902010E1,-1.016E0));
#1353=LINE('',#1352,#1351);
#1354=DIRECTION('',(0.E0,1.E0,0.E0));
#1355=VECTOR('',#1354,9.394609797253E-1);
#1356=CARTESIAN_POINT('',(2.74068E1,-4.457699999982E1,-1.016E0));
#1357=LINE('',#1356,#1355);
#1358=DIRECTION('',(-1.E0,0.E0,0.E0));
#1359=VECTOR('',#1358,1.9304E0);
#1360=CARTESIAN_POINT('',(2.93372E1,-4.457699999982E1,-1.016E0));
#1361=LINE('',#1360,#1359);
#1362=DIRECTION('',(0.E0,1.E0,0.E0));
#1363=VECTOR('',#1362,9.394609797253E-1);
#1364=CARTESIAN_POINT('',(2.93372E1,-4.457699999982E1,-1.016E0));
#1365=LINE('',#1364,#1363);
#1366=DIRECTION('',(1.E0,0.E0,0.E0));
#1367=VECTOR('',#1366,6.096E-1);
#1368=CARTESIAN_POINT('',(2.93372E1,-4.363753902010E1,-1.016E0));
#1369=LINE('',#1368,#1367);
#1370=DIRECTION('',(0.E0,1.E0,0.E0));
#1371=VECTOR('',#1370,9.394609797253E-1);
#1372=CARTESIAN_POINT('',(2.99468E1,-4.457699999982E1,-1.016E0));
#1373=LINE('',#1372,#1371);
#1374=DIRECTION('',(-1.E0,0.E0,0.E0));
#1375=VECTOR('',#1374,8.379999998768E-1);
#1376=CARTESIAN_POINT('',(3.078479999988E1,-4.457699999982E1,-1.016E0));
#1377=LINE('',#1376,#1375);
#1378=DIRECTION('',(0.E0,-1.E0,0.E0));
#1379=VECTOR('',#1378,9.905999999960E0);
#1380=CARTESIAN_POINT('',(3.078479999988E1,-3.467099999986E1,-1.016E0));
#1381=LINE('',#1380,#1379);
#1382=DIRECTION('',(1.E0,0.E0,0.E0));
#1383=VECTOR('',#1382,9.905999999960E0);
#1384=CARTESIAN_POINT('',(2.087879999992E1,-3.467099999986E1,-1.016E0));
#1385=LINE('',#1384,#1383);
#1386=DIRECTION('',(0.E0,1.E0,0.E0));
#1387=VECTOR('',#1386,9.905999999960E0);
#1388=CARTESIAN_POINT('',(2.087879999992E1,-4.457699999982E1,-1.016E0));
#1389=LINE('',#1388,#1387);
#1390=DIRECTION('',(-1.E0,0.E0,0.E0));
#1391=VECTOR('',#1390,8.384000000835E-1);
#1392=CARTESIAN_POINT('',(2.17172E1,-4.457699999982E1,-1.016E0));
#1393=LINE('',#1392,#1391);
#1394=DIRECTION('',(0.E0,1.E0,0.E0));
#1395=VECTOR('',#1394,9.394609797253E-1);
#1396=CARTESIAN_POINT('',(2.17172E1,-4.457699999982E1,-1.016E0));
#1397=LINE('',#1396,#1395);
#1398=DIRECTION('',(1.E0,0.E0,0.E0));
#1399=VECTOR('',#1398,6.096E-1);
#1400=CARTESIAN_POINT('',(2.17172E1,-4.363753902010E1,-1.016E0));
#1401=LINE('',#1400,#1399);
#1402=DIRECTION('',(0.E0,1.E0,0.E0));
#1403=VECTOR('',#1402,9.394609797253E-1);
#1404=CARTESIAN_POINT('',(2.23268E1,-4.457699999982E1,-1.016E0));
#1405=LINE('',#1404,#1403);
#1406=DIRECTION('',(-1.E0,0.E0,0.E0));
#1407=VECTOR('',#1406,1.9304E0);
#1408=CARTESIAN_POINT('',(2.42572E1,-4.457699999982E1,-1.016E0));
#1409=LINE('',#1408,#1407);
#1410=DIRECTION('',(0.E0,1.E0,0.E0));
#1411=VECTOR('',#1410,9.394609797253E-1);
#1412=CARTESIAN_POINT('',(2.42572E1,-4.457699999982E1,-1.016E0));
#1413=LINE('',#1412,#1411);
#1414=DIRECTION('',(1.E0,0.E0,0.E0));
#1415=VECTOR('',#1414,6.096E-1);
#1416=CARTESIAN_POINT('',(2.42572E1,-4.363753902010E1,-1.016E0));
#1417=LINE('',#1416,#1415);
#1418=DIRECTION('',(0.E0,1.E0,0.E0));
#1419=VECTOR('',#1418,9.394609797253E-1);
#1420=CARTESIAN_POINT('',(2.48668E1,-4.457699999982E1,-1.016E0));
#1421=LINE('',#1420,#1419);
#1422=DIRECTION('',(-1.E0,0.E0,0.E0));
#1423=VECTOR('',#1422,1.9304E0);
#1424=CARTESIAN_POINT('',(2.67972E1,-4.457699999982E1,-1.016E0));
#1425=LINE('',#1424,#1423);
#1426=DIRECTION('',(1.E0,0.E0,0.E0));
#1427=VECTOR('',#1426,7.652555502302E0);
#1428=CARTESIAN_POINT('',(2.200552224885E1,-3.49254E1,-1.046E0));
#1429=LINE('',#1428,#1427);
#1430=DIRECTION('',(-1.E0,1.466283987321E-14,0.E0));
#1431=VECTOR('',#1430,4.845873936456E-1);
#1432=CARTESIAN_POINT('',(3.014266514480E1,-3.49254E1,-1.046E0));
#1433=LINE('',#1432,#1431);
#1434=DIRECTION('',(-1.E0,-1.466283987321E-14,0.E0));
#1435=VECTOR('',#1434,4.845873936456E-1);
#1436=CARTESIAN_POINT('',(2.200552224885E1,-3.49254E1,-1.046E0));
#1437=LINE('',#1436,#1435);
#1438=CARTESIAN_POINT('',(2.11318E1,-3.591736192306E1,-1.046E0));
#1439=CARTESIAN_POINT('',(2.11318E1,-3.589971710417E1,-1.046E0));
#1440=CARTESIAN_POINT('',(2.113226666479E1,-3.588208463620E1,-1.046E0));
#1441=CARTESIAN_POINT('',(2.11332E1,-3.586446451931E1,-1.046E0));
#1443=CARTESIAN_POINT('',(2.200552224885E1,-3.49254E1,-1.046E0));
#1444=CARTESIAN_POINT('',(2.204743314711E1,-3.492006664124E1,-1.046E0));
#1445=CARTESIAN_POINT('',(2.208951304013E1,-3.49174E1,-1.046E0));
#1446=CARTESIAN_POINT('',(2.213176192306E1,-3.49174E1,-1.046E0));
#1448=CARTESIAN_POINT('',(2.11332E1,-3.586446451931E1,-1.046E0));
#1449=CARTESIAN_POINT('',(2.113687996947E1,-3.579499163166E1,-1.046E0));
#1450=CARTESIAN_POINT('',(2.115763690568E1,-3.566849074433E1,-1.046E0));
#1451=CARTESIAN_POINT('',(2.123554851571E1,-3.544929996159E1,-1.046E0));
#1452=CARTESIAN_POINT('',(2.138701525399E1,-3.522554550218E1,-1.046E0));
#1453=CARTESIAN_POINT('',(2.159901581287E1,-3.505802279381E1,-1.046E0));
#1454=CARTESIAN_POINT('',(2.181187826199E1,-3.496419204800E1,-1.046E0));
#1455=CARTESIAN_POINT('',(2.193650851746E1,-3.493418232165E1,-1.046E0));
#1456=CARTESIAN_POINT('',(2.200552224885E1,-3.49254E1,-1.046E0));
#1458=CARTESIAN_POINT('',(2.162947017315E1,-3.542167017315E1,-1.046E0));
#1459=DIRECTION('',(0.E0,0.E0,-1.E0));
#1460=DIRECTION('',(-9.769097896651E-1,2.136522006824E-1,0.E0));
#1461=AXIS2_PLACEMENT_3D('',#1458,#1459,#1460);
#1463=CARTESIAN_POINT('',(3.05304E1,-4.097033548069E1,-1.046E0));
#1464=CARTESIAN_POINT('',(3.052671406361E1,-4.103992101582E1,-1.046E0));
#1465=CARTESIAN_POINT('',(3.050590480644E1,-4.116658971171E1,-1.046E0));
#1466=CARTESIAN_POINT('',(3.042781853932E1,-4.138599687680E1,-1.046E0));
#1467=CARTESIAN_POINT('',(3.027605511915E1,-4.160986854095E1,-1.046E0));
#1468=CARTESIAN_POINT('',(3.006369218635E1,-4.177735737253E1,-1.046E0));
#1469=CARTESIAN_POINT('',(2.985047715436E1,-4.187103840234E1,-1.046E0));
#1470=CARTESIAN_POINT('',(2.972563560317E1,-4.190091365616E1,-1.046E0));
#1471=CARTESIAN_POINT('',(2.965649603232E1,-4.19096E1,-1.046E0));
#1473=CARTESIAN_POINT('',(3.003412982685E1,-4.141332982685E1,-1.046E0));
#1474=DIRECTION('',(0.E0,0.E0,-1.E0));
#1475=DIRECTION('',(9.769097896651E-1,-2.136522006823E-1,0.E0));
#1476=AXIS2_PLACEMENT_3D('',#1473,#1474,#1475);
#1478=CARTESIAN_POINT('',(2.200710396768E1,-4.19096E1,-1.046E0));
#1479=CARTESIAN_POINT('',(2.193796439683E1,-4.190091365616E1,-1.046E0));
#1480=CARTESIAN_POINT('',(2.181312284564E1,-4.187103840234E1,-1.046E0));
#1481=CARTESIAN_POINT('',(2.159990781365E1,-4.177735737253E1,-1.046E0));
#1482=CARTESIAN_POINT('',(2.138754488085E1,-4.160986854095E1,-1.046E0));
#1483=CARTESIAN_POINT('',(2.123578146068E1,-4.138599687680E1,-1.046E0));
#1484=CARTESIAN_POINT('',(2.115769519356E1,-4.116658971171E1,-1.046E0));
#1485=CARTESIAN_POINT('',(2.113688593639E1,-4.103992101582E1,-1.046E0));
#1486=CARTESIAN_POINT('',(2.11332E1,-4.097033548069E1,-1.046E0));
#1488=CARTESIAN_POINT('',(2.162947017315E1,-4.141332982685E1,-1.046E0));
#1489=DIRECTION('',(0.E0,0.E0,-1.E0));
#1490=DIRECTION('',(-2.136522006824E-1,-9.769097896651E-1,0.E0));
#1491=AXIS2_PLACEMENT_3D('',#1488,#1489,#1490);
#1493=CARTESIAN_POINT('',(2.965807775115E1,-3.49254E1,-1.046E0));
#1494=CARTESIAN_POINT('',(2.972709148254E1,-3.493418232165E1,-1.046E0));
#1495=CARTESIAN_POINT('',(2.985172173801E1,-3.496419204800E1,-1.046E0));
#1496=CARTESIAN_POINT('',(3.006458418713E1,-3.505802279381E1,-1.046E0));
#1497=CARTESIAN_POINT('',(3.027658474601E1,-3.522554550218E1,-1.046E0));
#1498=CARTESIAN_POINT('',(3.042805148429E1,-3.544929996159E1,-1.046E0));
#1499=CARTESIAN_POINT('',(3.050596309432E1,-3.566849074433E1,-1.046E0));
#1500=CARTESIAN_POINT('',(3.052672003053E1,-3.579499163166E1,-1.046E0));
#1501=CARTESIAN_POINT('',(3.05304E1,-3.586446451931E1,-1.046E0));
#1503=CARTESIAN_POINT('',(3.003412982685E1,-3.542167017315E1,-1.046E0));
#1504=DIRECTION('',(0.E0,0.E0,-1.E0));
#1505=DIRECTION('',(2.136522006824E-1,9.769097896651E-1,0.E0));
#1506=AXIS2_PLACEMENT_3D('',#1503,#1504,#1505);
#1508=DIRECTION('',(0.E0,2.368475785867E-13,1.E0));
#1509=VECTOR('',#1508,3.E-2);
#1510=CARTESIAN_POINT('',(2.11332E1,-3.531313485520E1,-1.046E0));
#1511=LINE('',#1510,#1509);
#1512=DIRECTION('',(0.E0,0.E0,-1.E0));
#1513=VECTOR('',#1512,3.E-2);
#1514=CARTESIAN_POINT('',(2.152093485520E1,-3.49254E1,-1.016E0));
#1515=LINE('',#1514,#1513);
#1516=DIRECTION('',(0.E0,1.E0,0.E0));
#1517=VECTOR('',#1516,5.105870961382E0);
#1518=CARTESIAN_POINT('',(2.11332E1,-4.097033548069E1,-1.046E0));
#1519=LINE('',#1518,#1517);
#1520=DIRECTION('',(-2.577560331032E-14,-1.E0,0.E0));
#1521=VECTOR('',#1520,5.513296641058E-1);
#1522=CARTESIAN_POINT('',(2.11332E1,-3.531313485520E1,-1.046E0));
#1523=LINE('',#1522,#1521);
#1524=DIRECTION('',(1.932469226960E-14,-1.E0,0.E0));
#1525=VECTOR('',#1524,5.515296641058E-1);
#1526=CARTESIAN_POINT('',(2.11332E1,-4.097033548069E1,-1.046E0));
#1527=LINE('',#1526,#1525);
#1528=DIRECTION('',(-1.184237892933E-13,2.368475785867E-13,1.E0));
#1529=VECTOR('',#1528,3.E-2);
#1530=CARTESIAN_POINT('',(2.152093485520E1,-4.19096E1,-1.046E0));
#1531=LINE('',#1530,#1529);
#1532=DIRECTION('',(0.E0,-2.368475785867E-13,-1.E0));
#1533=VECTOR('',#1532,3.E-2);
#1534=CARTESIAN_POINT('',(2.11332E1,-4.152186514480E1,-1.016E0));
#1535=LINE('',#1534,#1533);
#1536=DIRECTION('',(-1.E0,0.E0,0.E0));
#1537=VECTOR('',#1536,7.649392064647E0);
#1538=CARTESIAN_POINT('',(2.965649603232E1,-4.19096E1,-1.046E0));
#1539=LINE('',#1538,#1537);
#1540=DIRECTION('',(1.E0,-4.384540590074E-14,0.E0));
#1541=VECTOR('',#1540,4.861691124735E-1);
#1542=CARTESIAN_POINT('',(2.152093485520E1,-4.19096E1,-1.046E0));
#1543=LINE('',#1542,#1541);
#1544=DIRECTION('',(1.E0,4.384540590074E-14,0.E0));
#1545=VECTOR('',#1544,4.861691124735E-1);
#1546=CARTESIAN_POINT('',(2.965649603232E1,-4.19096E1,-1.046E0));
#1547=LINE('',#1546,#1545);
#1548=DIRECTION('',(0.E0,-2.368475785867E-13,1.E0));
#1549=VECTOR('',#1548,3.E-2);
#1550=CARTESIAN_POINT('',(3.05304E1,-4.152186514480E1,-1.046E0));
#1551=LINE('',#1550,#1549);
#1552=DIRECTION('',(0.E0,2.368475785867E-13,-1.E0));
#1553=VECTOR('',#1552,3.E-2);
#1554=CARTESIAN_POINT('',(3.014266514480E1,-4.19096E1,-1.016E0));
#1555=LINE('',#1554,#1553);
#1556=DIRECTION('',(0.E0,-1.E0,0.E0));
#1557=VECTOR('',#1556,5.105870961382E0);
#1558=CARTESIAN_POINT('',(3.05304E1,-3.586446451931E1,-1.046E0));
#1559=LINE('',#1558,#1557);
#1560=DIRECTION('',(1.288312817973E-14,1.E0,0.E0));
#1561=VECTOR('',#1560,5.515296641058E-1);
#1562=CARTESIAN_POINT('',(3.05304E1,-4.152186514480E1,-1.046E0));
#1563=LINE('',#1562,#1561);
#1564=DIRECTION('',(-1.288780165516E-14,1.E0,0.E0));
#1565=VECTOR('',#1564,5.513296641059E-1);
#1566=CARTESIAN_POINT('',(3.05304E1,-3.586446451931E1,-1.046E0));
#1567=LINE('',#1566,#1565);
#1568=DIRECTION('',(2.368475785867E-13,0.E0,1.E0));
#1569=VECTOR('',#1568,3.E-2);
#1570=CARTESIAN_POINT('',(3.014266514480E1,-3.49254E1,-1.046E0));
#1571=LINE('',#1570,#1569);
#1572=DIRECTION('',(0.E0,-2.368475785867E-13,-1.E0));
#1573=VECTOR('',#1572,3.E-2);
#1574=CARTESIAN_POINT('',(3.05304E1,-3.531313485520E1,-1.016E0));
#1575=LINE('',#1574,#1573);
#1576=CARTESIAN_POINT('',(3.05318E1,-4.091743807694E1,-1.046E0));
#1577=CARTESIAN_POINT('',(3.05318E1,-4.093508289583E1,-1.046E0));
#1578=CARTESIAN_POINT('',(3.053133333521E1,-4.095271536380E1,-1.046E0));
#1579=CARTESIAN_POINT('',(3.05304E1,-4.097033548069E1,-1.046E0));
#1581=CARTESIAN_POINT('',(2.951310770523E1,-4.189869335828E1,
-3.189490573412E0));
#1582=CARTESIAN_POINT('',(2.955048377682E1,-4.189869312974E1,
-3.189621132242E0));
#1583=CARTESIAN_POINT('',(2.962524740873E1,-4.189450205458E1,
-3.189866748828E0));
#1584=CARTESIAN_POINT('',(2.973615999233E1,-4.187565722073E1,
-3.190188878306E0));
#1585=CARTESIAN_POINT('',(2.984415186446E1,-4.184453210749E1,
-3.190457087322E0));
#1586=CARTESIAN_POINT('',(2.994796009804E1,-4.180152438001E1,
-3.190669256739E0));
#1587=CARTESIAN_POINT('',(3.004630044317E1,-4.174716531817E1,
-3.190822702269E0));
#1588=CARTESIAN_POINT('',(3.013794526263E1,-4.168213177201E1,
-3.190915637846E0));
#1589=CARTESIAN_POINT('',(3.022172954515E1,-4.160724840812E1,
-3.190946629038E0));
#1590=CARTESIAN_POINT('',(3.029660209870E1,-4.152345676802E1,
-3.190915566147E0));
#1591=CARTESIAN_POINT('',(3.036162264247E1,-4.143180919130E1,
-3.190822568373E0));
#1592=CARTESIAN_POINT('',(3.041597537144E1,-4.133345561028E1,
-3.190669048100E0));
#1593=CARTESIAN_POINT('',(3.045897492181E1,-4.122962961238E1,
-3.190456784935E0));
#1594=CARTESIAN_POINT('',(3.049007458236E1,-4.112166876546E1,
-3.190188589628E0));
#1595=CARTESIAN_POINT('',(3.050889779394E1,-4.101086141951E1,
-3.189866775445E0));
#1596=CARTESIAN_POINT('',(3.051309335515E1,-4.093609541168E1,
-3.189621141745E0));
#1597=CARTESIAN_POINT('',(3.051309367595E1,-4.089871046432E1,
-3.189490575630E0));
#1599=CARTESIAN_POINT('',(2.965649603232E1,-4.19096E1,-1.046E0));
#1600=CARTESIAN_POINT('',(2.961510606799E1,-4.191480002449E1,-1.046E0));
#1601=CARTESIAN_POINT('',(2.957355341467E1,-4.19174E1,-1.046E0));
#1602=CARTESIAN_POINT('',(2.953183807694E1,-4.19174E1,-1.046E0));
#1604=DIRECTION('',(8.726521212324E-3,8.732529678044E-3,9.999237924727E-1));
#1605=VECTOR('',#1604,2.143653937245E0);
#1606=CARTESIAN_POINT('',(3.051309335828E1,-3.593609229477E1,
-3.189490573412E0));
#1607=LINE('',#1606,#1605);
#1608=DIRECTION('',(-8.726373093762E-3,8.731814682283E-3,-9.999238000093E-1));
#1609=VECTOR('',#1608,2.143653923162E0);
#1610=CARTESIAN_POINT('',(3.053179999987E1,-4.091742845312E1,
-1.045999998877E0));
#1611=LINE('',#1610,#1609);
#1612=DIRECTION('',(7.281560868646E-12,-1.E0,-2.867247817309E-11));
#1613=VECTOR('',#1612,5.000055679974E0);
#1614=CARTESIAN_POINT('',(3.053179999983E1,-3.591737277314E1,
-1.045999998733E0));
#1615=LINE('',#1614,#1613);
#1616=CARTESIAN_POINT('',(2.953183807694E1,-3.49174E1,-1.046E0));
#1617=CARTESIAN_POINT('',(2.957408695987E1,-3.49174E1,-1.046E0));
#1618=CARTESIAN_POINT('',(2.961616685289E1,-3.492006664124E1,-1.046E0));
#1619=CARTESIAN_POINT('',(2.965807775115E1,-3.49254E1,-1.046E0));
#1621=CARTESIAN_POINT('',(3.051309335828E1,-3.593609229477E1,
-3.189490573412E0));
#1622=CARTESIAN_POINT('',(3.051309312974E1,-3.589871622318E1,
-3.189621132242E0));
#1623=CARTESIAN_POINT('',(3.050890205458E1,-3.582395259127E1,
-3.189866748828E0));
#1624=CARTESIAN_POINT('',(3.049005722073E1,-3.571304000767E1,
-3.190188878306E0));
#1625=CARTESIAN_POINT('',(3.045893210749E1,-3.560504813554E1,
-3.190457087322E0));
#1626=CARTESIAN_POINT('',(3.041592438001E1,-3.550123990196E1,
-3.190669256739E0));
#1627=CARTESIAN_POINT('',(3.036156531817E1,-3.540289955682E1,
-3.190822702269E0));
#1628=CARTESIAN_POINT('',(3.029653177201E1,-3.531125473737E1,
-3.190915637846E0));
#1629=CARTESIAN_POINT('',(3.022164840812E1,-3.522747045485E1,
-3.190946629038E0));
#1630=CARTESIAN_POINT('',(3.013785676802E1,-3.515259790130E1,
-3.190915566147E0));
#1631=CARTESIAN_POINT('',(3.004620919130E1,-3.508757735753E1,
-3.190822568373E0));
#1632=CARTESIAN_POINT('',(2.994785561028E1,-3.503322462856E1,
-3.190669048100E0));
#1633=CARTESIAN_POINT('',(2.984402961238E1,-3.499022507819E1,
-3.190456784935E0));
#1634=CARTESIAN_POINT('',(2.973606876546E1,-3.495912541764E1,
-3.190188589628E0));
#1635=CARTESIAN_POINT('',(2.962526141951E1,-3.494030220606E1,
-3.189866775445E0));
#1636=CARTESIAN_POINT('',(2.955049541168E1,-3.493610664485E1,
-3.189621141745E0));
#1637=CARTESIAN_POINT('',(2.951311046432E1,-3.493610632405E1,
-3.189490575630E0));
#1639=CARTESIAN_POINT('',(3.05304E1,-3.586446451931E1,-1.046E0));
#1640=CARTESIAN_POINT('',(3.053133333521E1,-3.588208463620E1,-1.046E0));
#1641=CARTESIAN_POINT('',(3.05318E1,-3.589971710417E1,-1.046E0));
#1642=CARTESIAN_POINT('',(3.05318E1,-3.591736192306E1,-1.046E0));
#1644=DIRECTION('',(-8.732529678030E-3,8.726521212335E-3,9.999237924727E-1));
#1645=VECTOR('',#1644,2.143653939042E0);
#1646=CARTESIAN_POINT('',(2.215049229477E1,-3.493610664172E1,
-3.189490573412E0));
#1647=LINE('',#1646,#1645);
#1648=DIRECTION('',(-8.731814682290E-3,-8.726373093762E-3,-9.999238000093E-1));
#1649=VECTOR('',#1648,2.143653924756E0);
#1650=CARTESIAN_POINT('',(2.953182845313E1,-3.491740000012E1,
-1.045999997282E0));
#1651=LINE('',#1650,#1649);
#1652=DIRECTION('',(1.E0,4.679944913729E-12,-4.687278331718E-11));
#1653=VECTOR('',#1652,7.400055680004E0);
#1654=CARTESIAN_POINT('',(2.213177277313E1,-3.491740000015E1,
-1.045999996935E0));
#1655=LINE('',#1654,#1653);
#1656=DIRECTION('',(-1.E0,3.099893685275E-8,1.829337609129E-7));
#1657=VECTOR('',#1656,3.219516517265E0);
#1658=CARTESIAN_POINT('',(2.536998439953E1,-3.533609082823E1,
-3.586000379110E0));
#1659=LINE('',#1658,#1657);
#1660=DIRECTION('',(-1.E0,-3.096383916490E-8,-1.014082432912E-7));
#1661=VECTOR('',#1660,3.219516516441E0);
#1662=CARTESIAN_POINT('',(2.951313211773E1,-3.533609072843E1,
-3.585999995259E0));
#1663=LINE('',#1662,#1661);
#1664=CARTESIAN_POINT('',(2.951313211763E1,-3.533609072843E1,-3.186E0));
#1665=DIRECTION('',(-1.E0,0.E0,0.E0));
#1666=DIRECTION('',(0.E0,9.999619230642E-1,-8.726535498493E-3));
#1667=AXIS2_PLACEMENT_3D('',#1664,#1665,#1666);
#1669=DIRECTION('',(1.E0,4.314691450276E-8,-3.012610021069E-10));
#1670=VECTOR('',#1669,7.362618169548E0);
#1671=CARTESIAN_POINT('',(2.215049229477E1,-3.493610664172E1,
-3.189490573412E0));
#1672=LINE('',#1671,#1670);
#1673=CARTESIAN_POINT('',(2.215046788227E1,-3.533609072843E1,-3.186E0));
#1674=DIRECTION('',(1.E0,0.E0,0.E0));
#1675=DIRECTION('',(0.E0,0.E0,-1.E0));
#1676=AXIS2_PLACEMENT_3D('',#1673,#1674,#1675);
#1678=CARTESIAN_POINT('',(2.58318E1,-3.84174E1,-3.586000000001E0));
#1679=DIRECTION('',(0.E0,0.E0,1.E0));
#1680=DIRECTION('',(-1.482204357785E-1,9.889543479947E-1,0.E0));
#1681=AXIS2_PLACEMENT_3D('',#1678,#1679,#1680);
#1683=CARTESIAN_POINT('',(2.215045341002E1,-3.593605426507E1,
-3.585997439432E0));
#1684=DIRECTION('',(4.244266618504E-6,-3.218701919195E-6,-9.999999999858E-1));
#1685=DIRECTION('',(-9.999999997334E-1,-2.269673197880E-5,-4.244193563086E-6));
#1686=AXIS2_PLACEMENT_3D('',#1683,#1684,#1685);
#1688=DIRECTION('',(1.E0,-3.096330065840E-8,1.829337558445E-7));
#1689=VECTOR('',#1688,3.219516516644E0);
#1690=CARTESIAN_POINT('',(2.629361560109E1,-4.149870917189E1,
-3.586000379110E0));
#1691=LINE('',#1690,#1689);
#1692=CARTESIAN_POINT('',(2.536998439933E1,-4.149870917177E1,
-3.586000321745E0));
#1693=CARTESIAN_POINT('',(2.542080795938E1,-4.150480319199E1,
-3.585999080583E0));
#1694=CARTESIAN_POINT('',(2.552278462256E1,-4.151498428918E1,
-3.585729686235E0));
#1695=CARTESIAN_POINT('',(2.567721785185E1,-4.152421138882E1,
-3.585198594567E0));
#1696=CARTESIAN_POINT('',(2.578021374812E1,-4.152625810622E1,
-3.585051986294E0));
#1697=CARTESIAN_POINT('',(2.583180000001E1,-4.152625830891E1,
-3.585050805246E0));
#1699=DIRECTION('',(1.E0,3.099949963609E-8,-1.014082410647E-7));
#1700=VECTOR('',#1699,3.219516517062E0);
#1701=CARTESIAN_POINT('',(2.215046788227E1,-4.149870927157E1,
-3.585999995259E0));
#1702=LINE('',#1701,#1700);
#1703=DIRECTION('',(-1.E0,-4.314691160756E-8,-3.012118439545E-10));
#1704=VECTOR('',#1703,7.362618169548E0);
#1705=CARTESIAN_POINT('',(2.951310770523E1,-4.189869335828E1,
-3.189490573412E0));
#1706=LINE('',#1705,#1704);
#1707=CARTESIAN_POINT('',(2.95818E1,-4.09174E1,-3.586E0));
#1708=DIRECTION('',(0.E0,0.E0,1.E0));
#1709=DIRECTION('',(-9.999998743587E-1,-5.012809488392E-4,0.E0));
#1710=AXIS2_PLACEMENT_3D('',#1707,#1708,#1709);
#1712=CARTESIAN_POINT('',(2.95818E1,-4.09174E1,-3.586E0));
#1713=DIRECTION('',(0.E0,0.E0,1.E0));
#1714=DIRECTION('',(9.999998743587E-1,5.012809488614E-4,0.E0));
#1715=AXIS2_PLACEMENT_3D('',#1712,#1713,#1714);
#1717=CARTESIAN_POINT('',(2.58318E1,-3.84174E1,-3.586000000001E0));
#1718=DIRECTION('',(0.E0,0.E0,1.E0));
#1719=DIRECTION('',(1.482204365367E-1,-9.889543478811E-1,0.E0));
#1720=AXIS2_PLACEMENT_3D('',#1717,#1718,#1719);
#1722=CARTESIAN_POINT('',(2.970280251258E1,-4.09174E1,-3.566E0));
#1723=DIRECTION('',(2.572573230830E-14,-1.E0,0.E0));
#1724=DIRECTION('',(7.005258595427E-9,0.E0,-1.E0));
#1725=AXIS2_PLACEMENT_3D('',#1722,#1723,#1724);
#1727=CARTESIAN_POINT('',(2.946079748742E1,-4.09174E1,-3.566E0));
#1728=DIRECTION('',(-2.484644434642E-14,-1.E0,0.E0));
#1729=DIRECTION('',(-9.949874371066E-1,3.552713678801E-14,-1.E-1));
#1730=AXIS2_PLACEMENT_3D('',#1727,#1728,#1729);
#1732=CARTESIAN_POINT('',(2.95818E1,-4.09174E1,-3.766E0));
#1733=DIRECTION('',(0.E0,0.E0,-1.E0));
#1734=DIRECTION('',(1.E0,0.E0,0.E0));
#1735=AXIS2_PLACEMENT_3D('',#1732,#1733,#1734);
#1737=CARTESIAN_POINT('',(2.95818E1,-4.09174E1,-3.766E0));
#1738=DIRECTION('',(0.E0,0.E0,-1.E0));
#1739=DIRECTION('',(-1.E0,0.E0,0.E0));
#1740=AXIS2_PLACEMENT_3D('',#1737,#1738,#1739);
#1742=CARTESIAN_POINT('',(2.629361614054E1,-4.149870927157E1,-3.686E0));
#1743=DIRECTION('',(-9.889542491802E-1,-1.482210950860E-1,0.E0));
#1744=DIRECTION('',(-5.976476558089E-7,3.987598233834E-6,9.999999999919E-1));
#1745=AXIS2_PLACEMENT_3D('',#1742,#1743,#1744);
#1747=CARTESIAN_POINT('',(2.58318E1,-3.84174E1,-3.684254766383E0));
#1748=DIRECTION('',(0.E0,0.E0,1.E0));
#1749=DIRECTION('',(1.482220486575E-1,-9.889541062616E-1,0.E0));
#1750=AXIS2_PLACEMENT_3D('',#1747,#1748,#1749);
#1752=CARTESIAN_POINT('',(2.583180000001E1,-4.152625830891E1,
-3.585050805246E0));
#1753=CARTESIAN_POINT('',(2.583180000011E1,-4.151486811868E1,
-3.585837119359E0));
#1754=CARTESIAN_POINT('',(2.583179999575E1,-4.149079948470E1,
-3.591521468870E0));
#1755=CARTESIAN_POINT('',(2.583179999972E1,-4.145833125101E1,
-3.614569543480E0));
#1756=CARTESIAN_POINT('',(2.583180001091E1,-4.143755899454E1,
-3.648151136713E0));
#1757=CARTESIAN_POINT('',(2.583179999827E1,-4.143335482801E1,
-3.671954028356E0));
#1758=CARTESIAN_POINT('',(2.58318E1,-4.143316070759E1,-3.683067494235E0));
#1760=CARTESIAN_POINT('',(2.629361560109E1,-4.149870917189E1,
-3.586000379110E0));
#1761=CARTESIAN_POINT('',(2.624288559432E1,-4.150479199137E1,
-3.585999068468E0));
#1762=CARTESIAN_POINT('',(2.614103246892E1,-4.151496774576E1,
-3.585730536913E0));
#1763=CARTESIAN_POINT('',(2.598639937230E1,-4.152421294721E1,
-3.585198428138E0));
#1764=CARTESIAN_POINT('',(2.588339265614E1,-4.152625805784E1,
-3.585052263667E0));
#1765=CARTESIAN_POINT('',(2.583180000001E1,-4.152625830891E1,
-3.585050805246E0));
#1767=CARTESIAN_POINT('',(2.536998385946E1,-4.149870927157E1,-3.686E0));
#1768=DIRECTION('',(-9.889542491802E-1,1.482210950861E-1,0.E0));
#1769=DIRECTION('',(5.983357809214E-7,3.992189547830E-6,9.999999999919E-1));
#1770=AXIS2_PLACEMENT_3D('',#1767,#1768,#1769);
#1772=CARTESIAN_POINT('',(2.58318E1,-3.84174E1,-3.684254766391E0));
#1773=DIRECTION('',(0.E0,0.E0,1.E0));
#1774=DIRECTION('',(-1.482220497799E-1,9.889541060934E-1,0.E0));
#1775=AXIS2_PLACEMENT_3D('',#1772,#1773,#1774);
#1777=CARTESIAN_POINT('',(2.536998439953E1,-3.533609082823E1,
-3.586000379110E0));
#1778=CARTESIAN_POINT('',(2.542071440630E1,-3.533000800875E1,
-3.585999068468E0));
#1779=CARTESIAN_POINT('',(2.552256753079E1,-3.531983225418E1,
-3.585730536913E0));
#1780=CARTESIAN_POINT('',(2.567720062778E1,-3.531058705280E1,
-3.585198428138E0));
#1781=CARTESIAN_POINT('',(2.578020734386E1,-3.530854194216E1,
-3.585052263667E0));
#1782=CARTESIAN_POINT('',(2.583179999999E1,-3.530854169109E1,
-3.585050805246E0));
#1784=CARTESIAN_POINT('',(2.536998385946E1,-3.533609072843E1,-3.686E0));
#1785=DIRECTION('',(-9.889542491802E-1,-1.482210950860E-1,0.E0));
#1786=DIRECTION('',(1.481985204773E-1,-9.888036278723E-1,1.745233608990E-2));
#1787=AXIS2_PLACEMENT_3D('',#1784,#1785,#1786);
#1789=CARTESIAN_POINT('',(2.629361614054E1,-3.533609072843E1,-3.686E0));
#1790=DIRECTION('',(9.889542491802E-1,-1.482210950860E-1,0.E0));
#1791=DIRECTION('',(-5.976476558089E-7,-3.987598304889E-6,9.999999999919E-1));
#1792=AXIS2_PLACEMENT_3D('',#1789,#1790,#1791);
#1794=CARTESIAN_POINT('',(2.583179999999E1,-3.530854169109E1,
-3.585050805246E0));
#1795=CARTESIAN_POINT('',(2.588338802605E1,-3.530854189378E1,
-3.585051986334E0));
#1796=CARTESIAN_POINT('',(2.598638862002E1,-3.531058674981E1,
-3.585198535828E0));
#1797=CARTESIAN_POINT('',(2.614102606056E1,-3.531983160980E1,
-3.585730467039E0));
#1798=CARTESIAN_POINT('',(2.624288287320E1,-3.533000769914E1,
-3.585999082801E0));
#1799=CARTESIAN_POINT('',(2.629361560129E1,-3.533609082812E1,
-3.586000321745E0));
#1801=CARTESIAN_POINT('',(2.58318E1,-3.540163929241E1,-3.683067494235E0));
#1802=CARTESIAN_POINT('',(2.583179999876E1,-3.540144523460E1,
-3.671954013080E0));
#1803=CARTESIAN_POINT('',(2.583180000369E1,-3.539724112910E1,
-3.648151032165E0));
#1804=CARTESIAN_POINT('',(2.583179999772E1,-3.537646898366E1,
-3.614569323447E0));
#1805=CARTESIAN_POINT('',(2.583179999275E1,-3.534400070866E1,
-3.591520714848E0));
#1806=CARTESIAN_POINT('',(2.583180000007E1,-3.531993192566E1,
-3.585837133458E0));
#1807=CARTESIAN_POINT('',(2.583179999999E1,-3.530854169109E1,
-3.585050805246E0));
#1809=CARTESIAN_POINT('',(2.627879723474E1,-3.543497131560E1,
-3.684254762614E0));
#1810=CARTESIAN_POINT('',(2.620477773765E1,-3.542387702541E1,
-3.684250708325E0));
#1811=CARTESIAN_POINT('',(2.605603162166E1,-3.540720564025E1,
-3.683516728787E0));
#1812=CARTESIAN_POINT('',(2.590653410271E1,-3.540163962443E1,
-3.683070956012E0));
#1813=CARTESIAN_POINT('',(2.58318E1,-3.540163929241E1,-3.683067494235E0));
#1815=DIRECTION('',(-6.040248281204E-14,1.745231434420E-2,9.998476967639E-1));
#1816=VECTOR('',#1815,4.117214159721E-1);
#1817=CARTESIAN_POINT('',(2.58318E1,-3.540882478399E1,-4.094726203703E0));
#1818=LINE('',#1817,#1816);
#1819=DIRECTION('',(0.E0,1.745231434410E-2,-9.998476967639E-1));
#1820=VECTOR('',#1819,4.117214159721E-1);
#1821=CARTESIAN_POINT('',(2.58318E1,-4.143316070759E1,-3.683067494235E0));
#1822=LINE('',#1821,#1820);
#1823=CARTESIAN_POINT('',(2.627879723340E1,-4.139982867390E1,
-3.684254762428E0));
#1824=CARTESIAN_POINT('',(2.620477775018E1,-4.141092297271E1,
-3.684250482261E0));
#1825=CARTESIAN_POINT('',(2.605603182042E1,-4.142759438409E1,
-3.683517267684E0));
#1826=CARTESIAN_POINT('',(2.590653517881E1,-4.143316029669E1,
-3.683071763592E0));
#1827=CARTESIAN_POINT('',(2.58318E1,-4.143316070759E1,-3.683067494235E0));
#1829=CARTESIAN_POINT('',(2.538480276547E1,-3.543497132627E1,
-3.684254762434E0));
#1830=CARTESIAN_POINT('',(2.545882224869E1,-3.542387702746E1,
-3.684250482266E0));
#1831=CARTESIAN_POINT('',(2.560756818014E1,-3.540720561582E1,
-3.683517267681E0));
#1832=CARTESIAN_POINT('',(2.575706482119E1,-3.540163970331E1,
-3.683071763592E0));
#1833=CARTESIAN_POINT('',(2.58318E1,-3.540163929241E1,-3.683067494235E0));
#1835=CARTESIAN_POINT('',(2.58318E1,-4.143316070759E1,-3.683067494235E0));
#1836=CARTESIAN_POINT('',(2.575706589729E1,-4.143316037557E1,
-3.683070956012E0));
#1837=CARTESIAN_POINT('',(2.560756837871E1,-4.142759435980E1,
-3.683516729270E0));
#1838=CARTESIAN_POINT('',(2.545882226160E1,-4.141092297448E1,
-3.684250708331E0));
#1839=CARTESIAN_POINT('',(2.538480276451E1,-4.139982868429E1,
-3.684254762619E0));
#1841=CARTESIAN_POINT('',(2.58318E1,-3.84174E1,-4.094726203703E0));
#1842=DIRECTION('',(0.E0,0.E0,-1.E0));
#1843=DIRECTION('',(-8.041770387806E-3,9.999676644417E-1,0.E0));
#1844=AXIS2_PLACEMENT_3D('',#1841,#1842,#1843);
#1846=CARTESIAN_POINT('',(2.58318E1,-3.84174E1,-4.094726203703E0));
#1847=DIRECTION('',(0.E0,0.E0,-1.E0));
#1848=DIRECTION('',(0.E0,-1.E0,0.E0));
#1849=AXIS2_PLACEMENT_3D('',#1846,#1847,#1848);
#1851=CARTESIAN_POINT('',(2.58318E1,-3.590874863156E1,-4.086E0));
#1852=DIRECTION('',(1.E0,0.E0,0.E0));
#1853=DIRECTION('',(0.E0,-3.812274940174E-8,-1.E0));
#1854=AXIS2_PLACEMENT_3D('',#1851,#1852,#1853);
#1856=CARTESIAN_POINT('',(2.58318E1,-4.092605136844E1,-4.086E0));
#1857=DIRECTION('',(1.E0,0.E0,0.E0));
#1858=DIRECTION('',(0.E0,-9.998476951395E-1,-1.745240740532E-2));
#1859=AXIS2_PLACEMENT_3D('',#1856,#1857,#1858);
#1861=CARTESIAN_POINT('',(2.58318E1,-3.84174E1,-4.094726203703E0));
#1862=DIRECTION('',(0.E0,0.E0,-1.E0));
#1863=DIRECTION('',(8.041770387807E-3,-9.999676644417E-1,0.E0));
#1864=AXIS2_PLACEMENT_3D('',#1861,#1862,#1863);
#1866=CARTESIAN_POINT('',(2.58318E1,-3.84174E1,-4.094726203703E0));
#1867=DIRECTION('',(0.E0,0.E0,-1.E0));
#1868=DIRECTION('',(0.E0,1.E0,0.E0));
#1869=AXIS2_PLACEMENT_3D('',#1866,#1867,#1868);
#1871=CARTESIAN_POINT('',(2.58318E1,-3.84174E1,-4.586E0));
#1872=DIRECTION('',(0.E0,0.E0,1.E0));
#1873=DIRECTION('',(0.E0,-1.E0,0.E0));
#1874=AXIS2_PLACEMENT_3D('',#1871,#1872,#1873);
#1876=CARTESIAN_POINT('',(2.58318E1,-3.84174E1,-4.586E0));
#1877=DIRECTION('',(0.E0,0.E0,1.E0));
#1878=DIRECTION('',(0.E0,1.E0,0.E0));
#1879=AXIS2_PLACEMENT_3D('',#1876,#1877,#1878);
#1881=CARTESIAN_POINT('',(2.58318E1,-3.84174E1,-4.586E0));
#1882=DIRECTION('',(0.E0,0.E0,-1.E0));
#1883=DIRECTION('',(0.E0,-1.E0,0.E0));
#1884=AXIS2_PLACEMENT_3D('',#1881,#1882,#1883);
#1886=CARTESIAN_POINT('',(2.58318E1,-3.84174E1,-4.586E0));
#1887=DIRECTION('',(0.E0,0.E0,-1.E0));
#1888=DIRECTION('',(0.E0,1.E0,0.E0));
#1889=AXIS2_PLACEMENT_3D('',#1886,#1887,#1888);
#1891=CARTESIAN_POINT('',(2.583180000018E1,-3.694139687803E1,-4.686E0));
#1892=DIRECTION('',(-1.E0,1.222908718734E-10,0.E0));
#1893=DIRECTION('',(-1.222488776875E-10,-9.997954120888E-1,2.022706024520E-2));
#1894=AXIS2_PLACEMENT_3D('',#1891,#1892,#1893);
#1896=CARTESIAN_POINT('',(2.58318E1,-3.84174E1,-4.683977293975E0));
#1897=DIRECTION('',(0.E0,0.E0,1.E0));
#1898=DIRECTION('',(1.774826799621E-2,9.998424870864E-1,0.E0));
#1899=AXIS2_PLACEMENT_3D('',#1896,#1897,#1898);
#1901=CARTESIAN_POINT('',(2.58318E1,-3.84174E1,-4.683977293975E0));
#1902=DIRECTION('',(0.E0,0.E0,1.E0));
#1903=DIRECTION('',(0.E0,-1.E0,0.E0));
#1904=AXIS2_PLACEMENT_3D('',#1901,#1902,#1903);
#1906=CARTESIAN_POINT('',(2.583179999982E1,-3.989340312197E1,-4.686E0));
#1907=DIRECTION('',(-1.E0,1.222880824381E-10,0.E0));
#1908=DIRECTION('',(0.E0,6.874294200543E-7,9.999999999998E-1));
#1909=AXIS2_PLACEMENT_3D('',#1906,#1907,#1908);
#1911=CARTESIAN_POINT('',(2.58318E1,-3.84174E1,-4.586E0));
#1912=DIRECTION('',(0.E0,0.E0,-1.E0));
#1913=DIRECTION('',(0.E0,1.E0,0.E0));
#1914=AXIS2_PLACEMENT_3D('',#1911,#1912,#1913);
#1916=CARTESIAN_POINT('',(2.58318E1,-3.84174E1,-4.683977293975E0));
#1917=DIRECTION('',(0.E0,0.E0,1.E0));
#1918=DIRECTION('',(-1.774826799621E-2,-9.998424870864E-1,0.E0));
#1919=AXIS2_PLACEMENT_3D('',#1916,#1917,#1918);
#1921=CARTESIAN_POINT('',(2.58318E1,-3.84174E1,-4.683977293975E0));
#1922=DIRECTION('',(0.E0,0.E0,1.E0));
#1923=DIRECTION('',(0.E0,1.E0,0.E0));
#1924=AXIS2_PLACEMENT_3D('',#1921,#1922,#1923);
#1926=CARTESIAN_POINT('',(2.58318E1,-3.84174E1,-4.586E0));
#1927=DIRECTION('',(0.E0,0.E0,-1.E0));
#1928=DIRECTION('',(0.E0,-1.E0,0.E0));
#1929=AXIS2_PLACEMENT_3D('',#1926,#1927,#1928);
#1931=DIRECTION('',(1.273098053852E-11,2.022707480508E-2,-9.997954117942E-1));
#1932=VECTOR('',#1931,6.608431485157E0);
#1933=CARTESIAN_POINT('',(2.583179999992E1,-3.979342358076E1,
-4.683977293975E0));
#1934=LINE('',#1933,#1932);
#1935=DIRECTION('',(1.273259334801E-11,2.022707480508E-2,9.997954117942E-1));
#1936=VECTOR('',#1935,6.608431485157E0);
#1937=CARTESIAN_POINT('',(2.58318E1,-3.717504565724E1,-1.129105677199E1));
#1938=LINE('',#1937,#1936);
#1939=CARTESIAN_POINT('',(2.58318E1,-3.84174E1,-1.129105677199E1));
#1940=DIRECTION('',(0.E0,0.E0,-1.E0));
#1941=DIRECTION('',(1.849331977525E-2,-9.998289839386E-1,0.E0));
#1942=AXIS2_PLACEMENT_3D('',#1939,#1940,#1941);
#1944=CARTESIAN_POINT('',(2.58318E1,-3.84174E1,-1.129105677199E1));
#1945=DIRECTION('',(0.E0,0.E0,-1.E0));
#1946=DIRECTION('',(0.E0,1.E0,0.E0));
#1947=AXIS2_PLACEMENT_3D('',#1944,#1945,#1946);
#1949=CARTESIAN_POINT('',(2.58318E1,-3.940980548988E1,-1.1286E1));
#1950=DIRECTION('',(-1.E0,0.E0,0.E0));
#1951=DIRECTION('',(0.E0,3.716228604844E-7,-9.999999999999E-1));
#1952=AXIS2_PLACEMENT_3D('',#1949,#1950,#1951);
#1954=CARTESIAN_POINT('',(2.58318E1,-3.742499451012E1,-1.1286E1));
#1955=DIRECTION('',(-1.E0,0.E0,0.E0));
#1956=DIRECTION('',(0.E0,9.997954115279E-1,-2.022708796960E-2));
#1957=AXIS2_PLACEMENT_3D('',#1954,#1955,#1956);
#1959=CARTESIAN_POINT('',(2.58318E1,-3.84174E1,-1.129105677199E1));
#1960=DIRECTION('',(0.E0,0.E0,-1.E0));
#1961=DIRECTION('',(-1.849331977525E-2,9.998289839386E-1,0.E0));
#1962=AXIS2_PLACEMENT_3D('',#1959,#1960,#1961);
#1964=CARTESIAN_POINT('',(2.58318E1,-3.84174E1,-1.129105677199E1));
#1965=DIRECTION('',(0.E0,0.E0,-1.E0));
#1966=DIRECTION('',(0.E0,-1.E0,0.E0));
#1967=AXIS2_PLACEMENT_3D('',#1964,#1965,#1966);
#1969=CARTESIAN_POINT('',(2.58318E1,-3.84174E1,-1.1536E1));
#1970=DIRECTION('',(0.E0,0.E0,1.E0));
#1971=DIRECTION('',(0.E0,-1.E0,0.E0));
#1972=AXIS2_PLACEMENT_3D('',#1969,#1970,#1971);
#1974=CARTESIAN_POINT('',(2.58318E1,-3.84174E1,-1.1536E1));
#1975=DIRECTION('',(0.E0,0.E0,1.E0));
#1976=DIRECTION('',(0.E0,1.E0,0.E0));
#1977=AXIS2_PLACEMENT_3D('',#1974,#1975,#1976);
#1979=CARTESIAN_POINT('',(2.58318E1,-3.84174E1,-1.1536E1));
#1980=DIRECTION('',(0.E0,0.E0,-1.E0));
#1981=DIRECTION('',(0.E0,1.E0,0.E0));
#1982=AXIS2_PLACEMENT_3D('',#1979,#1980,#1981);
#1984=CARTESIAN_POINT('',(2.58318E1,-3.84174E1,-1.1536E1));
#1985=DIRECTION('',(0.E0,0.E0,-1.E0));
#1986=DIRECTION('',(0.E0,-1.E0,0.E0));
#1987=AXIS2_PLACEMENT_3D('',#1984,#1985,#1986);
#1989=CARTESIAN_POINT('',(2.58318E1,-3.84174E1,-1.0376E1));
#1990=DIRECTION('',(0.E0,0.E0,1.E0));
#1991=DIRECTION('',(0.E0,-1.E0,0.E0));
#1992=AXIS2_PLACEMENT_3D('',#1989,#1990,#1991);
#1994=DIRECTION('',(0.E0,-1.745240643730E-2,9.998476951564E-1));
#1995=VECTOR('',#1994,1.160176700531E0);
#1996=CARTESIAN_POINT('',(2.58318E1,-3.91174E1,-1.1536E1));
#1997=LINE('',#1996,#1995);
#1998=DIRECTION('',(0.E0,-1.745240643730E-2,-9.998476951564E-1));
#1999=VECTOR('',#1998,1.160176700531E0);
#2000=CARTESIAN_POINT('',(2.58318E1,-3.769715212468E1,-1.0376E1));
#2001=LINE('',#2000,#1999);
#2002=CARTESIAN_POINT('',(2.58318E1,-3.84174E1,-1.0376E1));
#2003=DIRECTION('',(0.E0,0.E0,1.E0));
#2004=DIRECTION('',(0.E0,1.E0,0.E0));
#2005=AXIS2_PLACEMENT_3D('',#2002,#2003,#2004);
#2007=CARTESIAN_POINT('',(2.951313764351E1,-4.149870661324E1,
-3.185999438186E0));
#2008=DIRECTION('',(9.999999998336E-1,-1.774146273852E-5,-4.244323529839E-6));
#2009=DIRECTION('',(-1.777783094768E-5,-9.999619111553E-1,-8.727881906214E-3));
#2010=AXIS2_PLACEMENT_3D('',#2007,#2008,#2009);
#2012=CARTESIAN_POINT('',(2.951314658998E1,-4.089874573493E1,
-3.585997439432E0));
#2013=DIRECTION('',(4.244266426005E-6,-3.218701919195E-6,9.999999999858E-1));
#2014=DIRECTION('',(-2.412186255192E-5,-9.999999997039E-1,-3.218599538458E-6));
#2015=AXIS2_PLACEMENT_3D('',#2012,#2013,#2014);
#2017=DIRECTION('',(-2.770488045249E-13,1.E0,4.133014611768E-8));
#2018=VECTOR('',#2017,4.962664235471E0);
#2019=CARTESIAN_POINT('',(3.011310927157E1,-4.089873211773E1,
-3.585999995259E0));
#2020=LINE('',#2019,#2018);
#2021=CARTESIAN_POINT('',(3.011310927157E1,-4.089873211763E1,-3.186E0));
#2022=DIRECTION('',(0.E0,1.E0,0.E0));
#2023=DIRECTION('',(9.999619230642E-1,0.E0,-8.726535498492E-3));
#2024=AXIS2_PLACEMENT_3D('',#2021,#2022,#2023);
#2026=DIRECTION('',(6.401343351491E-8,-1.E0,-4.468507597525E-10));
#2027=VECTOR('',#2026,4.962618169548E0);
#2028=CARTESIAN_POINT('',(3.051309335828E1,-3.593609229477E1,
-3.189490573412E0));
#2029=LINE('',#2028,#2027);
#2030=CARTESIAN_POINT('',(3.011310661324E1,-3.593606235649E1,
-3.185999438186E0));
#2031=DIRECTION('',(1.774146259674E-5,9.999999998336E-1,-4.244324054839E-6));
#2032=DIRECTION('',(9.999619111553E-1,-1.777783080557E-5,-8.727881906442E-3));
#2033=AXIS2_PLACEMENT_3D('',#2030,#2031,#2032);
#2035=CARTESIAN_POINT('',(2.951314573493E1,-3.593605341002E1,
-3.585997439432E0));
#2036=DIRECTION('',(3.218702015445E-6,4.244266951003E-6,9.999999999858E-1));
#2037=DIRECTION('',(9.999999997039E-1,-2.412186201898E-5,-3.218599634683E-6));
#2038=AXIS2_PLACEMENT_3D('',#2035,#2036,#2037);
#2040=CARTESIAN_POINT('',(2.155049338676E1,-4.089873764351E1,
-3.185999438186E0));
#2041=DIRECTION('',(-1.774146269591E-5,-9.999999998336E-1,-4.244323914837E-6));
#2042=DIRECTION('',(-9.999619111553E-1,1.777783091215E-5,-8.727881906160E-3));
#2043=AXIS2_PLACEMENT_3D('',#2040,#2041,#2042);
#2045=CARTESIAN_POINT('',(2.215048953568E1,-4.189869367595E1,
-3.189490575630E0));
#2046=CARTESIAN_POINT('',(2.211312418962E1,-4.189869335531E1,
-3.189621073288E0));
#2047=CARTESIAN_POINT('',(2.203837244447E1,-4.189450469380E1,
-3.189866680877E0));
#2048=CARTESIAN_POINT('',(2.192742811806E1,-4.187565547992E1,
-3.190188884057E0));
#2049=CARTESIAN_POINT('',(2.181943688325E1,-4.184452753906E1,
-3.190457086440E0));
#2050=CARTESIAN_POINT('',(2.171564186036E1,-4.180152516671E1,
-3.190669231243E0));
#2051=CARTESIAN_POINT('',(2.161729099455E1,-4.174716097063E1,
-3.190822701922E0));
#2052=CARTESIAN_POINT('',(2.152562940461E1,-4.168211216407E1,
-3.190915649798E0));
#2053=CARTESIAN_POINT('',(2.144184837192E1,-4.160722592464E1,
-3.190946627642E0));
#2054=CARTESIAN_POINT('',(2.136697843658E1,-4.152343316134E1,
-3.190915559751E0));
#2055=CARTESIAN_POINT('',(2.130194895615E1,-4.143176514041E1,
-3.190822528684E0));
#2056=CARTESIAN_POINT('',(2.124760369219E1,-4.133341027932E1,
-3.190668984119E0));
#2057=CARTESIAN_POINT('',(2.120462206656E1,-4.122961581329E1,
-3.190456771458E0));
#2058=CARTESIAN_POINT('',(2.117352776206E1,-4.112168171391E1,
-3.190188656599E0));
#2059=CARTESIAN_POINT('',(2.115469802323E1,-4.101083298431E1,
-3.189866698079E0));
#2060=CARTESIAN_POINT('',(2.115050687025E1,-4.093608234832E1,
-3.189621127252E0));
#2061=CARTESIAN_POINT('',(2.115050664172E1,-4.089870770523E1,
-3.189490573412E0));
#2063=CARTESIAN_POINT('',(2.215046297068E1,-4.149870787853E1,
-3.186000053497E0));
#2064=DIRECTION('',(-9.999999998561E-1,-1.665624955594E-5,-3.218772577345E-6));
#2065=DIRECTION('',(3.218830591757E-6,-3.482766274220E-6,-9.999999999888E-1));
#2066=AXIS2_PLACEMENT_3D('',#2063,#2064,#2065);
#2068=CARTESIAN_POINT('',(2.215045426507E1,-4.089874658998E1,
-3.585997439432E0));
#2069=DIRECTION('',(-3.218701884196E-6,-4.244266811004E-6,9.999999999858E-1));
#2070=DIRECTION('',(-9.999999997039E-1,2.412186225584E-5,-3.218599503669E-6));
#2071=AXIS2_PLACEMENT_3D('',#2068,#2069,#2070);
#2073=DIRECTION('',(2.763329161411E-13,-1.E0,4.133014951815E-8));
#2074=VECTOR('',#2073,4.962664235471E0);
#2075=CARTESIAN_POINT('',(2.155049072843E1,-3.593606788227E1,
-3.585999995259E0));
#2076=LINE('',#2075,#2074);
#2077=CARTESIAN_POINT('',(2.155049072843E1,-3.593606788237E1,-3.186E0));
#2078=DIRECTION('',(0.E0,-1.E0,0.E0));
#2079=DIRECTION('',(-9.999619230642E-1,0.E0,-8.726535498491E-3));
#2080=AXIS2_PLACEMENT_3D('',#2077,#2078,#2079);
#2082=DIRECTION('',(-6.401343494670E-8,1.E0,-4.469874062161E-10));
#2083=VECTOR('',#2082,4.962618169548E0);
#2084=CARTESIAN_POINT('',(2.115050664172E1,-4.089870770523E1,
-3.189490573412E0));
#2085=LINE('',#2084,#2083);
#2086=CARTESIAN_POINT('',(2.115050632405E1,-3.593608953568E1,
-3.189490575630E0));
#2087=CARTESIAN_POINT('',(2.115050664469E1,-3.589872418962E1,
-3.189621073288E0));
#2088=CARTESIAN_POINT('',(2.115469530620E1,-3.582397244447E1,
-3.189866680877E0));
#2089=CARTESIAN_POINT('',(2.117354452008E1,-3.571302811806E1,
-3.190188884057E0));
#2090=CARTESIAN_POINT('',(2.120467246094E1,-3.560503688325E1,
-3.190457086440E0));
#2091=CARTESIAN_POINT('',(2.124767483329E1,-3.550124186036E1,
-3.190669231243E0));
#2092=CARTESIAN_POINT('',(2.130203902937E1,-3.540289099455E1,
-3.190822701922E0));
#2093=CARTESIAN_POINT('',(2.136708783593E1,-3.531122940461E1,
-3.190915649798E0));
#2094=CARTESIAN_POINT('',(2.144197407536E1,-3.522744837192E1,
-3.190946627642E0));
#2095=CARTESIAN_POINT('',(2.152576683866E1,-3.515257843658E1,
-3.190915559751E0));
#2096=CARTESIAN_POINT('',(2.161743485959E1,-3.508754895615E1,
-3.190822528684E0));
#2097=CARTESIAN_POINT('',(2.171578972068E1,-3.503320369219E1,
-3.190668984119E0));
#2098=CARTESIAN_POINT('',(2.181958418671E1,-3.499022206656E1,
-3.190456771458E0));
#2099=CARTESIAN_POINT('',(2.192751828609E1,-3.495912776206E1,
-3.190188656599E0));
#2100=CARTESIAN_POINT('',(2.203836701569E1,-3.494029802323E1,
-3.189866698079E0));
#2101=CARTESIAN_POINT('',(2.211311765168E1,-3.493610687025E1,
-3.189621127252E0));
#2102=CARTESIAN_POINT('',(2.215049229477E1,-3.493610664172E1,
-3.189490573412E0));
#2104=DIRECTION('',(-8.726521212338E-3,-8.732529678029E-3,9.999237924727E-1));
#2105=VECTOR('',#2104,2.143653937244E0);
#2106=CARTESIAN_POINT('',(2.115050664172E1,-4.089870770523E1,
-3.189490573412E0));
#2107=LINE('',#2106,#2105);
#2108=DIRECTION('',(8.726373093773E-3,-8.731814682306E-3,-9.999238000093E-1));
#2109=VECTOR('',#2108,2.143653923162E0);
#2110=CARTESIAN_POINT('',(2.113180000013E1,-3.591737154688E1,
-1.045999998877E0));
#2111=LINE('',#2110,#2109);
#2112=DIRECTION('',(-7.281560868646E-12,1.E0,-2.867247817309E-11));
#2113=VECTOR('',#2112,5.000055679974E0);
#2114=CARTESIAN_POINT('',(2.113180000017E1,-4.091742722686E1,
-1.045999998733E0));
#2115=LINE('',#2114,#2113);
#2116=CARTESIAN_POINT('',(2.213176192306E1,-4.19174E1,-1.046E0));
#2117=CARTESIAN_POINT('',(2.209004658533E1,-4.19174E1,-1.046E0));
#2118=CARTESIAN_POINT('',(2.204849393201E1,-4.191480002449E1,-1.046E0));
#2119=CARTESIAN_POINT('',(2.200710396768E1,-4.19096E1,-1.046E0));
#2121=CARTESIAN_POINT('',(2.11332E1,-4.097033548069E1,-1.046E0));
#2122=CARTESIAN_POINT('',(2.113226666479E1,-4.095271536380E1,-1.046E0));
#2123=CARTESIAN_POINT('',(2.11318E1,-4.093508289583E1,-1.046E0));
#2124=CARTESIAN_POINT('',(2.11318E1,-4.091743807694E1,-1.046E0));
#2126=DIRECTION('',(8.732529678020E-3,-8.726521212311E-3,9.999237924727E-1));
#2127=VECTOR('',#2126,2.143653939003E0);
#2128=CARTESIAN_POINT('',(2.951310770523E1,-4.189869335828E1,
-3.189490573412E0));
#2129=LINE('',#2128,#2127);
#2130=DIRECTION('',(8.731814682300E-3,8.726373093751E-3,-9.999238000093E-1));
#2131=VECTOR('',#2130,2.143653924722E0);
#2132=CARTESIAN_POINT('',(2.213177154687E1,-4.191739999988E1,
-1.045999997317E0));
#2133=LINE('',#2132,#2131);
#2134=DIRECTION('',(-1.E0,-4.684745842037E-12,-4.627149705253E-11));
#2135=VECTOR('',#2134,7.400055680003E0);
#2136=CARTESIAN_POINT('',(2.953182722687E1,-4.191739999985E1,
-1.045999996975E0));
#2137=LINE('',#2136,#2135);
#2138=DIRECTION('',(0.E0,9.918563908467E-1,1.273612968548E-1));
#2139=VECTOR('',#2138,1.203604451415E-1);
#2140=CARTESIAN_POINT('',(2.67972E1,-4.469638027654E1,-1.013517827930E0));
#2141=LINE('',#2140,#2139);
#2142=CARTESIAN_POINT('',(2.67972E1,-4.473519999982E1,-7.112E-1));
#2143=DIRECTION('',(1.E0,0.E0,0.E0));
#2144=DIRECTION('',(0.E0,0.E0,-1.E0));
#2145=AXIS2_PLACEMENT_3D('',#2142,#2143,#2144);
#2147=CARTESIAN_POINT('',(2.67972E1,-4.473519999982E1,-7.112E-1));
#2148=DIRECTION('',(1.E0,0.E0,0.E0));
#2149=DIRECTION('',(0.E0,-1.E0,0.E0));
#2150=AXIS2_PLACEMENT_3D('',#2147,#2148,#2149);
#2152=DIRECTION('',(0.E0,1.E0,-1.525568457293E-8));
#2153=VECTOR('',#2152,5.079689930497E-1);
#2154=CARTESIAN_POINT('',(2.67972E1,-4.554799999982E1,0.E0));
#2155=LINE('',#2154,#2153);
#2156=CARTESIAN_POINT('',(2.67972E1,-4.554799999982E1,-2.54E-1));
#2157=DIRECTION('',(1.E0,0.E0,0.E0));
#2158=DIRECTION('',(0.E0,1.E0,-3.544845956579E-13));
#2159=AXIS2_PLACEMENT_3D('',#2156,#2157,#2158);
#2161=DIRECTION('',(0.E0,0.E0,1.E0));
#2162=VECTOR('',#2161,4.572E-1);
#2163=CARTESIAN_POINT('',(2.67972E1,-4.529399999982E1,-7.112E-1));
#2164=LINE('',#2163,#2162);
#2165=CARTESIAN_POINT('',(2.67972E1,-4.473519999982E1,-7.112E-1));
#2166=DIRECTION('',(-1.E0,0.E0,0.E0));
#2167=DIRECTION('',(0.E0,0.E0,-1.E0));
#2168=AXIS2_PLACEMENT_3D('',#2165,#2166,#2167);
#2170=CARTESIAN_POINT('',(2.67972E1,-4.473519999982E1,-7.112E-1));
#2171=DIRECTION('',(-1.E0,0.E0,0.E0));
#2172=DIRECTION('',(0.E0,1.273612968551E-1,-9.918563908467E-1));
#2173=AXIS2_PLACEMENT_3D('',#2170,#2171,#2172);
#2175=DIRECTION('',(0.E0,-9.918563908467E-1,-1.273612968548E-1));
#2176=VECTOR('',#2175,7.570205017038E-1);
#2177=CARTESIAN_POINT('',(2.67972E1,-4.391317488452E1,-1.169034238362E0));
#2178=LINE('',#2177,#2176);
#2179=CARTESIAN_POINT('',(2.67972E1,-4.389699999982E1,-1.295E0));
#2180=DIRECTION('',(1.E0,0.E0,0.E0));
#2181=DIRECTION('',(0.E0,-5.594824691024E-14,1.E0));
#2182=AXIS2_PLACEMENT_3D('',#2179,#2180,#2181);
#2184=CARTESIAN_POINT('',(2.67972E1,-4.389699999982E1,-1.295E0));
#2185=DIRECTION('',(1.E0,0.E0,0.E0));
#2186=DIRECTION('',(0.E0,7.952921829527E-1,6.062263139574E-1));
#2187=AXIS2_PLACEMENT_3D('',#2184,#2185,#2186);
#2189=DIRECTION('',(0.E0,-6.062263139585E-1,7.952921829518E-1));
#2190=VECTOR('',#2189,7.571325554943E-1);
#2191=CARTESIAN_POINT('',(2.67972E1,-4.333700421429E1,-1.820150860970E0));
#2192=LINE('',#2191,#2190);
#2193=DIRECTION('',(0.E0,-7.952921829518E-1,-6.062263139585E-1));
#2194=VECTOR('',#2193,2.54E-1);
#2195=CARTESIAN_POINT('',(2.67972E1,-4.313499999982E1,-1.666169377225E0));
#2196=LINE('',#2195,#2194);
#2197=DIRECTION('',(0.E0,6.062263139585E-1,-7.952921829518E-1));
#2198=VECTOR('',#2197,7.571325554944E-1);
#2199=CARTESIAN_POINT('',(2.67972E1,-4.359399367812E1,-1.064027774382E0));
#2200=LINE('',#2199,#2198);
#2201=CARTESIAN_POINT('',(2.67972E1,-4.389699999982E1,-1.295E0));
#2202=DIRECTION('',(-1.E0,0.E0,0.E0));
#2203=DIRECTION('',(0.E0,6.809999467855E-1,7.322834645669E-1));
#2204=AXIS2_PLACEMENT_3D('',#2201,#2202,#2203);
#2206=CARTESIAN_POINT('',(2.74068E1,-4.389699999982E1,-1.295E0));
#2207=DIRECTION('',(1.E0,0.E0,0.E0));
#2208=DIRECTION('',(0.E0,7.952921829517E-1,6.062263139587E-1));
#2209=AXIS2_PLACEMENT_3D('',#2206,#2207,#2208);
#2211=DIRECTION('',(0.E0,-6.062263139585E-1,7.952921829518E-1));
#2212=VECTOR('',#2211,7.571325554944E-1);
#2213=CARTESIAN_POINT('',(2.74068E1,-4.313499999982E1,-1.666169377225E0));
#2214=LINE('',#2213,#2212);
#2215=DIRECTION('',(0.E0,7.952921829518E-1,6.062263139585E-1));
#2216=VECTOR('',#2215,2.54E-1);
#2217=CARTESIAN_POINT('',(2.74068E1,-4.333700421429E1,-1.820150860970E0));
#2218=LINE('',#2217,#2216);
#2219=DIRECTION('',(0.E0,6.062263139585E-1,-7.952921829518E-1));
#2220=VECTOR('',#2219,7.571325554943E-1);
#2221=CARTESIAN_POINT('',(2.74068E1,-4.379599789259E1,-1.218009258127E0));
#2222=LINE('',#2221,#2220);
#2223=CARTESIAN_POINT('',(2.74068E1,-4.389699999982E1,-1.295E0));
#2224=DIRECTION('',(-1.E0,0.E0,0.E0));
#2225=DIRECTION('',(0.E0,-5.594824691024E-14,1.E0));
#2226=AXIS2_PLACEMENT_3D('',#2223,#2224,#2225);
#2228=CARTESIAN_POINT('',(2.74068E1,-4.389699999982E1,-1.295E0));
#2229=DIRECTION('',(-1.E0,0.E0,0.E0));
#2230=DIRECTION('',(0.E0,-1.273612968539E-1,9.918563908468E-1));
#2231=AXIS2_PLACEMENT_3D('',#2228,#2229,#2230);
#2233=DIRECTION('',(0.E0,9.918563908467E-1,1.273612968548E-1));
#2234=VECTOR('',#2233,7.570205017038E-1);
#2235=CARTESIAN_POINT('',(2.74068E1,-4.466403050714E1,-1.265449351205E0));
#2236=LINE('',#2235,#2234);
#2237=CARTESIAN_POINT('',(2.74068E1,-4.473519999982E1,-7.112E-1));
#2238=DIRECTION('',(1.E0,0.E0,0.E0));
#2239=DIRECTION('',(0.E0,0.E0,-1.E0));
#2240=AXIS2_PLACEMENT_3D('',#2237,#2238,#2239);
#2242=CARTESIAN_POINT('',(2.74068E1,-4.473519999982E1,-7.112E-1));
#2243=DIRECTION('',(1.E0,0.E0,0.E0));
#2244=DIRECTION('',(0.E0,-1.E0,0.E0));
#2245=AXIS2_PLACEMENT_3D('',#2242,#2243,#2244);
#2247=DIRECTION('',(0.E0,1.554117969729E-14,-1.E0));
#2248=VECTOR('',#2247,4.572E-1);
#2249=CARTESIAN_POINT('',(2.74068E1,-4.529399999982E1,-2.54E-1));
#2250=LINE('',#2249,#2248);
#2251=CARTESIAN_POINT('',(2.74068E1,-4.554799999982E1,-2.54E-1));
#2252=DIRECTION('',(-1.E0,0.E0,0.E0));
#2253=DIRECTION('',(0.E0,-2.797412345512E-14,1.E0));
#2254=AXIS2_PLACEMENT_3D('',#2251,#2252,#2253);
#2256=DIRECTION('',(0.E0,-1.E0,0.E0));
#2257=VECTOR('',#2256,5.079694862970E-1);
#2258=CARTESIAN_POINT('',(2.74068E1,-4.504003051352E1,0.E0));
#2259=LINE('',#2258,#2257);
#2260=DIRECTION('',(1.507090078676E-14,0.E0,1.E0));
#2261=VECTOR('',#2260,7.072000000003E-1);
#2262=CARTESIAN_POINT('',(2.74068E1,-4.503999999982E1,-7.112E-1));
#2263=LINE('',#2262,#2261);
#2264=CARTESIAN_POINT('',(2.74068E1,-4.473519999982E1,-7.112E-1));
#2265=DIRECTION('',(-1.E0,0.E0,0.E0));
#2266=DIRECTION('',(0.E0,0.E0,-1.E0));
#2267=AXIS2_PLACEMENT_3D('',#2264,#2265,#2266);
#2269=CARTESIAN_POINT('',(2.74068E1,-4.473519999982E1,-7.112E-1));
#2270=DIRECTION('',(-1.E0,0.E0,0.E0));
#2271=DIRECTION('',(0.E0,1.273612968544E-1,-9.918563908468E-1));
#2272=AXIS2_PLACEMENT_3D('',#2269,#2270,#2271);
#2274=DIRECTION('',(0.E0,-9.918563908467E-1,-1.273612968548E-1));
#2275=VECTOR('',#2274,1.203604451415E-1);
#2276=CARTESIAN_POINT('',(2.74068E1,-4.457699999982E1,-9.981885655468E-1));
#2277=LINE('',#2276,#2275);
#2278=DIRECTION('',(-1.E0,0.E0,0.E0));
#2279=VECTOR('',#2278,6.096E-1);
#2280=CARTESIAN_POINT('',(2.74068E1,-4.359399367812E1,-1.064027774382E0));
#2281=LINE('',#2280,#2279);
#2282=DIRECTION('',(1.E0,-1.165588477297E-14,0.E0));
#2283=VECTOR('',#2282,6.096E-1);
#2284=CARTESIAN_POINT('',(2.67972E1,-4.313499999982E1,-1.666169377225E0));
#2285=LINE('',#2284,#2283);
#2286=DIRECTION('',(1.E0,-2.331176954594E-14,0.E0));
#2287=VECTOR('',#2286,6.096E-1);
#2288=CARTESIAN_POINT('',(2.67972E1,-4.333700421429E1,-1.820150860970E0));
#2289=LINE('',#2288,#2287);
#2290=DIRECTION('',(1.E0,0.E0,0.E0));
#2291=VECTOR('',#2290,6.096E-1);
#2292=CARTESIAN_POINT('',(2.67972E1,-4.379599789259E1,-1.218009258127E0));
#2293=LINE('',#2292,#2291);
#2294=DIRECTION('',(-1.E0,0.E0,0.E0));
#2295=VECTOR('',#2294,6.096E-1);
#2296=CARTESIAN_POINT('',(2.74068E1,-4.391317488452E1,-1.169034238362E0));
#2297=LINE('',#2296,#2295);
#2298=DIRECTION('',(1.E0,0.E0,0.E0));
#2299=VECTOR('',#2298,6.096E-1);
#2300=CARTESIAN_POINT('',(2.67972E1,-4.466403050714E1,-1.265449351205E0));
#2301=LINE('',#2300,#2299);
#2302=DIRECTION('',(-1.E0,0.E0,0.E0));
#2303=VECTOR('',#2302,6.096E-1);
#2304=CARTESIAN_POINT('',(2.74068E1,-4.529399999982E1,-7.112E-1));
#2305=LINE('',#2304,#2303);
#2306=DIRECTION('',(-1.E0,0.E0,0.E0));
#2307=VECTOR('',#2306,6.096E-1);
#2308=CARTESIAN_POINT('',(2.74068E1,-4.554799999982E1,0.E0));
#2309=LINE('',#2308,#2307);
#2310=DIRECTION('',(1.E0,1.165588477297E-14,0.E0));
#2311=VECTOR('',#2310,6.096E-1);
#2312=CARTESIAN_POINT('',(2.67972E1,-4.529399999982E1,-2.54E-1));
#2313=LINE('',#2312,#2311);
#2314=CARTESIAN_POINT('',(2.74068E1,-4.529399999982E1,-4.E-3));
#2315=DIRECTION('',(-1.E0,0.E0,0.E0));
#2316=DIRECTION('',(0.E0,9.998759920630E-1,1.574803149606E-2));
#2317=AXIS2_PLACEMENT_3D('',#2314,#2315,#2316);
#2319=DIRECTION('',(1.E0,-1.165588477297E-14,0.E0));
#2320=VECTOR('',#2319,6.096E-1);
#2321=CARTESIAN_POINT('',(2.67972E1,-4.529399999982E1,2.5E-1));
#2322=LINE('',#2321,#2320);
#2323=CARTESIAN_POINT('',(2.67972E1,-4.529399999982E1,-4.E-3));
#2324=DIRECTION('',(1.E0,0.E0,0.E0));
#2325=DIRECTION('',(0.E0,1.E0,3.552491716151E-12));
#2326=AXIS2_PLACEMENT_3D('',#2323,#2324,#2325);
#2328=DIRECTION('',(-1.E0,0.E0,0.E0));
#2329=VECTOR('',#2328,6.096E-1);
#2330=CARTESIAN_POINT('',(2.74068E1,-4.503999999982E1,-3.999999999699E-3));
#2331=LINE('',#2330,#2329);
#2332=CARTESIAN_POINT('',(2.74068E1,-4.529399999982E1,-4.E-3));
#2333=DIRECTION('',(1.E0,0.E0,0.E0));
#2334=DIRECTION('',(0.E0,9.998759920630E-1,1.574803149606E-2));
#2335=AXIS2_PLACEMENT_3D('',#2332,#2333,#2334);
#2337=DIRECTION('',(0.E0,-1.E0,0.E0));
#2338=VECTOR('',#2337,4.630305137030E-1);
#2339=CARTESIAN_POINT('',(2.74068E1,-4.457699999982E1,0.E0));
#2340=LINE('',#2339,#2338);
#2341=DIRECTION('',(1.E0,0.E0,0.E0));
#2342=VECTOR('',#2341,3.302E-1);
#2343=CARTESIAN_POINT('',(2.74068E1,-4.313499999982E1,2.5E-1));
#2344=LINE('',#2343,#2342);
#2345=DIRECTION('',(0.E0,-5.684341886081E-14,1.E0));
#2346=VECTOR('',#2345,2.5E-1);
#2347=CARTESIAN_POINT('',(2.74068E1,-4.313499999982E1,0.E0));
#2348=LINE('',#2347,#2346);
#2349=DIRECTION('',(0.E0,1.E0,0.E0));
#2350=VECTOR('',#2349,1.098E0);
#2351=CARTESIAN_POINT('',(2.7737E1,-4.567499999982E1,0.E0));
#2352=LINE('',#2351,#2350);
#2353=DIRECTION('',(0.E0,-1.E0,0.E0));
#2354=VECTOR('',#2353,2.54E0);
#2355=CARTESIAN_POINT('',(2.7737E1,-4.313499999982E1,2.5E-1));
#2356=LINE('',#2355,#2354);
#2357=DIRECTION('',(0.E0,-5.684341886081E-14,1.E0));
#2358=VECTOR('',#2357,2.5E-1);
#2359=CARTESIAN_POINT('',(2.7737E1,-4.313499999982E1,0.E0));
#2360=LINE('',#2359,#2358);
#2361=DIRECTION('',(0.E0,0.E0,1.E0));
#2362=VECTOR('',#2361,2.5E-1);
#2363=CARTESIAN_POINT('',(2.7737E1,-4.567499999982E1,0.E0));
#2364=LINE('',#2363,#2362);
#2365=DIRECTION('',(0.E0,1.E0,0.E0));
#2366=VECTOR('',#2365,1.372200000018E1);
#2367=CARTESIAN_POINT('',(2.7357E1,-5.9777E1,0.E0));
#2368=LINE('',#2367,#2366);
#2369=DIRECTION('',(0.E0,0.E0,-1.E0));
#2370=VECTOR('',#2369,2.5E-1);
#2371=CARTESIAN_POINT('',(2.7357E1,-5.9777E1,2.5E-1));
#2372=LINE('',#2371,#2370);
#2373=DIRECTION('',(0.E0,-1.E0,0.E0));
#2374=VECTOR('',#2373,1.372200000018E1);
#2375=CARTESIAN_POINT('',(2.7357E1,-4.605499999982E1,2.5E-1));
#2376=LINE('',#2375,#2374);
#2377=DIRECTION('',(0.E0,0.E0,1.E0));
#2378=VECTOR('',#2377,2.5E-1);
#2379=CARTESIAN_POINT('',(2.7357E1,-4.605499999982E1,0.E0));
#2380=LINE('',#2379,#2378);
#2381=DIRECTION('',(1.E0,0.E0,0.E0));
#2382=VECTOR('',#2381,5.1E-1);
#2383=CARTESIAN_POINT('',(2.6847E1,-5.9777E1,0.E0));
#2384=LINE('',#2383,#2382);
#2385=DIRECTION('',(0.E0,0.E0,1.E0));
#2386=VECTOR('',#2385,2.5E-1);
#2387=CARTESIAN_POINT('',(2.6847E1,-5.9777E1,0.E0));
#2388=LINE('',#2387,#2386);
#2389=DIRECTION('',(0.E0,-1.E0,0.E0));
#2390=VECTOR('',#2389,1.372200000018E1);
#2391=CARTESIAN_POINT('',(2.6847E1,-4.605499999982E1,0.E0));
#2392=LINE('',#2391,#2390);
#2393=DIRECTION('',(1.E0,0.E0,0.E0));
#2394=VECTOR('',#2393,5.1E-1);
#2395=CARTESIAN_POINT('',(2.6847E1,-5.9777E1,2.5E-1));
#2396=LINE('',#2395,#2394);
#2397=DIRECTION('',(0.E0,-1.E0,0.E0));
#2398=VECTOR('',#2397,1.372200000018E1);
#2399=CARTESIAN_POINT('',(2.6847E1,-4.605499999982E1,2.5E-1));
#2400=LINE('',#2399,#2398);
#2401=DIRECTION('',(7.071067811865E-1,-7.071067811866E-1,0.E0));
#2402=VECTOR('',#2401,5.374011537018E-1);
#2403=CARTESIAN_POINT('',(2.6467E1,-4.567499999982E1,2.5E-1));
#2404=LINE('',#2403,#2402);
#2405=DIRECTION('',(0.E0,-1.E0,0.E0));
#2406=VECTOR('',#2405,2.54E0);
#2407=CARTESIAN_POINT('',(2.6467E1,-4.313499999982E1,2.5E-1));
#2408=LINE('',#2407,#2406);
#2409=DIRECTION('',(-1.E0,0.E0,0.E0));
#2410=VECTOR('',#2409,3.302E-1);
#2411=CARTESIAN_POINT('',(2.67972E1,-4.313499999982E1,2.5E-1));
#2412=LINE('',#2411,#2410);
#2413=DIRECTION('',(0.E0,1.E0,0.E0));
#2414=VECTOR('',#2413,2.159E0);
#2415=CARTESIAN_POINT('',(2.67972E1,-4.529399999982E1,2.5E-1));
#2416=LINE('',#2415,#2414);
#2417=DIRECTION('',(0.E0,-1.E0,0.E0));
#2418=VECTOR('',#2417,2.159E0);
#2419=CARTESIAN_POINT('',(2.74068E1,-4.313499999982E1,2.5E-1));
#2420=LINE('',#2419,#2418);
#2421=DIRECTION('',(7.071067811865E-1,7.071067811866E-1,0.E0));
#2422=VECTOR('',#2421,5.374011537018E-1);
#2423=CARTESIAN_POINT('',(2.7357E1,-4.605499999982E1,2.5E-1));
#2424=LINE('',#2423,#2422);
#2425=DIRECTION('',(0.E0,0.E0,1.E0));
#2426=VECTOR('',#2425,2.5E-1);
#2427=CARTESIAN_POINT('',(2.6847E1,-4.605499999982E1,0.E0));
#2428=LINE('',#2427,#2426);
#2429=DIRECTION('',(0.E0,0.E0,1.E0));
#2430=VECTOR('',#2429,2.5E-1);
#2431=CARTESIAN_POINT('',(2.6467E1,-4.313499999982E1,0.E0));
#2432=LINE('',#2431,#2430);
#2433=DIRECTION('',(0.E0,1.E0,1.673627600414E-8));
#2434=VECTOR('',#2433,4.630310069503E-1);
#2435=CARTESIAN_POINT('',(2.67972E1,-4.504003100677E1,-7.749414730794E-9));
#2436=LINE('',#2435,#2434);
#2437=CARTESIAN_POINT('',(2.67972E1,-4.529399999982E1,-4.E-3));
#2438=DIRECTION('',(-1.E0,0.E0,0.E0));
#2439=DIRECTION('',(0.E0,5.594824691024E-14,1.E0));
#2440=AXIS2_PLACEMENT_3D('',#2437,#2438,#2439);
#2442=DIRECTION('',(0.E0,0.E0,1.E0));
#2443=VECTOR('',#2442,2.5E-1);
#2444=CARTESIAN_POINT('',(2.67972E1,-4.313499999982E1,0.E0));
#2445=LINE('',#2444,#2443);
#2446=DIRECTION('',(1.507090078676E-14,0.E0,1.E0));
#2447=VECTOR('',#2446,7.072000000003E-1);
#2448=CARTESIAN_POINT('',(2.67972E1,-4.503999999982E1,-7.112E-1));
#2449=LINE('',#2448,#2447);
#2450=DIRECTION('',(1.E0,0.E0,0.E0));
#2451=VECTOR('',#2450,6.096E-1);
#2452=CARTESIAN_POINT('',(2.67972E1,-4.503999999982E1,-7.112E-1));
#2453=LINE('',#2452,#2451);
#2454=DIRECTION('',(-1.E0,0.E0,0.E0));
#2455=VECTOR('',#2454,6.096E-1);
#2456=CARTESIAN_POINT('',(2.74068E1,-4.469638027654E1,-1.013517827930E0));
#2457=LINE('',#2456,#2455);
#2458=DIRECTION('',(0.E0,9.918563908467E-1,1.273612968548E-1));
#2459=VECTOR('',#2458,1.203604451415E-1);
#2460=CARTESIAN_POINT('',(2.93372E1,-4.469638027654E1,-1.013517827930E0));
#2461=LINE('',#2460,#2459);
#2462=CARTESIAN_POINT('',(2.93372E1,-4.473519999982E1,-7.112E-1));
#2463=DIRECTION('',(1.E0,0.E0,0.E0));
#2464=DIRECTION('',(0.E0,0.E0,-1.E0));
#2465=AXIS2_PLACEMENT_3D('',#2462,#2463,#2464);
#2467=CARTESIAN_POINT('',(2.93372E1,-4.473519999982E1,-7.112E-1));
#2468=DIRECTION('',(1.E0,0.E0,0.E0));
#2469=DIRECTION('',(0.E0,-1.E0,0.E0));
#2470=AXIS2_PLACEMENT_3D('',#2467,#2468,#2469);
#2472=DIRECTION('',(0.E0,0.E0,-1.E0));
#2473=VECTOR('',#2472,7.072000000003E-1);
#2474=CARTESIAN_POINT('',(2.93372E1,-4.503999999982E1,-3.999999999699E-3));
#2475=LINE('',#2474,#2473);
#2476=DIRECTION('',(0.E0,1.E0,-1.525568457293E-8));
#2477=VECTOR('',#2476,5.079689930497E-1);
#2478=CARTESIAN_POINT('',(2.93372E1,-4.554799999982E1,0.E0));
#2479=LINE('',#2478,#2477);
#2480=CARTESIAN_POINT('',(2.93372E1,-4.554799999982E1,-2.54E-1));
#2481=DIRECTION('',(1.E0,0.E0,0.E0));
#2482=DIRECTION('',(0.E0,1.E0,-3.544845956579E-13));
#2483=AXIS2_PLACEMENT_3D('',#2480,#2481,#2482);
#2485=DIRECTION('',(0.E0,0.E0,1.E0));
#2486=VECTOR('',#2485,4.572E-1);
#2487=CARTESIAN_POINT('',(2.93372E1,-4.529399999982E1,-7.112E-1));
#2488=LINE('',#2487,#2486);
#2489=CARTESIAN_POINT('',(2.93372E1,-4.473519999982E1,-7.112E-1));
#2490=DIRECTION('',(-1.E0,0.E0,0.E0));
#2491=DIRECTION('',(0.E0,0.E0,-1.E0));
#2492=AXIS2_PLACEMENT_3D('',#2489,#2490,#2491);
#2494=CARTESIAN_POINT('',(2.93372E1,-4.473519999982E1,-7.112E-1));
#2495=DIRECTION('',(-1.E0,0.E0,0.E0));
#2496=DIRECTION('',(0.E0,1.273612968551E-1,-9.918563908467E-1));
#2497=AXIS2_PLACEMENT_3D('',#2494,#2495,#2496);
#2499=DIRECTION('',(0.E0,-9.918563908467E-1,-1.273612968548E-1));
#2500=VECTOR('',#2499,7.570205017038E-1);
#2501=CARTESIAN_POINT('',(2.93372E1,-4.391317488452E1,-1.169034238362E0));
#2502=LINE('',#2501,#2500);
#2503=CARTESIAN_POINT('',(2.93372E1,-4.389699999982E1,-1.295E0));
#2504=DIRECTION('',(1.E0,0.E0,0.E0));
#2505=DIRECTION('',(0.E0,-5.594824691024E-14,1.E0));
#2506=AXIS2_PLACEMENT_3D('',#2503,#2504,#2505);
#2508=CARTESIAN_POINT('',(2.93372E1,-4.389699999982E1,-1.295E0));
#2509=DIRECTION('',(1.E0,0.E0,0.E0));
#2510=DIRECTION('',(0.E0,7.952921829527E-1,6.062263139574E-1));
#2511=AXIS2_PLACEMENT_3D('',#2508,#2509,#2510);
#2513=DIRECTION('',(0.E0,-6.062263139585E-1,7.952921829518E-1));
#2514=VECTOR('',#2513,7.571325554943E-1);
#2515=CARTESIAN_POINT('',(2.93372E1,-4.333700421429E1,-1.820150860970E0));
#2516=LINE('',#2515,#2514);
#2517=DIRECTION('',(0.E0,-7.952921829518E-1,-6.062263139585E-1));
#2518=VECTOR('',#2517,2.54E-1);
#2519=CARTESIAN_POINT('',(2.93372E1,-4.313499999982E1,-1.666169377225E0));
#2520=LINE('',#2519,#2518);
#2521=DIRECTION('',(0.E0,6.062263139585E-1,-7.952921829518E-1));
#2522=VECTOR('',#2521,7.571325554944E-1);
#2523=CARTESIAN_POINT('',(2.93372E1,-4.359399367812E1,-1.064027774382E0));
#2524=LINE('',#2523,#2522);
#2525=CARTESIAN_POINT('',(2.93372E1,-4.389699999982E1,-1.295E0));
#2526=DIRECTION('',(-1.E0,0.E0,0.E0));
#2527=DIRECTION('',(0.E0,6.809999467855E-1,7.322834645669E-1));
#2528=AXIS2_PLACEMENT_3D('',#2525,#2526,#2527);
#2530=CARTESIAN_POINT('',(2.99468E1,-4.389699999982E1,-1.295E0));
#2531=DIRECTION('',(1.E0,0.E0,0.E0));
#2532=DIRECTION('',(0.E0,7.952921829517E-1,6.062263139587E-1));
#2533=AXIS2_PLACEMENT_3D('',#2530,#2531,#2532);
#2535=DIRECTION('',(0.E0,-6.062263139585E-1,7.952921829518E-1));
#2536=VECTOR('',#2535,7.571325554944E-1);
#2537=CARTESIAN_POINT('',(2.99468E1,-4.313499999982E1,-1.666169377225E0));
#2538=LINE('',#2537,#2536);
#2539=DIRECTION('',(0.E0,7.952921829518E-1,6.062263139585E-1));
#2540=VECTOR('',#2539,2.54E-1);
#2541=CARTESIAN_POINT('',(2.99468E1,-4.333700421429E1,-1.820150860970E0));
#2542=LINE('',#2541,#2540);
#2543=DIRECTION('',(0.E0,6.062263139585E-1,-7.952921829518E-1));
#2544=VECTOR('',#2543,7.571325554943E-1);
#2545=CARTESIAN_POINT('',(2.99468E1,-4.379599789259E1,-1.218009258127E0));
#2546=LINE('',#2545,#2544);
#2547=CARTESIAN_POINT('',(2.99468E1,-4.389699999982E1,-1.295E0));
#2548=DIRECTION('',(-1.E0,0.E0,0.E0));
#2549=DIRECTION('',(0.E0,-5.594824691024E-14,1.E0));
#2550=AXIS2_PLACEMENT_3D('',#2547,#2548,#2549);
#2552=CARTESIAN_POINT('',(2.99468E1,-4.389699999982E1,-1.295E0));
#2553=DIRECTION('',(-1.E0,0.E0,0.E0));
#2554=DIRECTION('',(0.E0,-1.273612968539E-1,9.918563908468E-1));
#2555=AXIS2_PLACEMENT_3D('',#2552,#2553,#2554);
#2557=DIRECTION('',(0.E0,9.918563908467E-1,1.273612968548E-1));
#2558=VECTOR('',#2557,7.570205017038E-1);
#2559=CARTESIAN_POINT('',(2.99468E1,-4.466403050714E1,-1.265449351205E0));
#2560=LINE('',#2559,#2558);
#2561=CARTESIAN_POINT('',(2.99468E1,-4.473519999982E1,-7.112E-1));
#2562=DIRECTION('',(1.E0,0.E0,0.E0));
#2563=DIRECTION('',(0.E0,0.E0,-1.E0));
#2564=AXIS2_PLACEMENT_3D('',#2561,#2562,#2563);
#2566=CARTESIAN_POINT('',(2.99468E1,-4.473519999982E1,-7.112E-1));
#2567=DIRECTION('',(1.E0,0.E0,0.E0));
#2568=DIRECTION('',(0.E0,-1.E0,0.E0));
#2569=AXIS2_PLACEMENT_3D('',#2566,#2567,#2568);
#2571=DIRECTION('',(0.E0,1.554117969729E-14,-1.E0));
#2572=VECTOR('',#2571,4.572E-1);
#2573=CARTESIAN_POINT('',(2.99468E1,-4.529399999982E1,-2.54E-1));
#2574=LINE('',#2573,#2572);
#2575=CARTESIAN_POINT('',(2.99468E1,-4.554799999982E1,-2.54E-1));
#2576=DIRECTION('',(-1.E0,0.E0,0.E0));
#2577=DIRECTION('',(0.E0,-2.797412345512E-14,1.E0));
#2578=AXIS2_PLACEMENT_3D('',#2575,#2576,#2577);
#2580=DIRECTION('',(0.E0,-1.E0,0.E0));
#2581=VECTOR('',#2580,5.079694862970E-1);
#2582=CARTESIAN_POINT('',(2.99468E1,-4.504003051352E1,0.E0));
#2583=LINE('',#2582,#2581);
#2584=DIRECTION('',(1.004726719117E-14,0.E0,1.E0));
#2585=VECTOR('',#2584,7.072000000003E-1);
#2586=CARTESIAN_POINT('',(2.99468E1,-4.503999999982E1,-7.112E-1));
#2587=LINE('',#2586,#2585);
#2588=CARTESIAN_POINT('',(2.99468E1,-4.473519999982E1,-7.112E-1));
#2589=DIRECTION('',(-1.E0,0.E0,0.E0));
#2590=DIRECTION('',(0.E0,0.E0,-1.E0));
#2591=AXIS2_PLACEMENT_3D('',#2588,#2589,#2590);
#2593=CARTESIAN_POINT('',(2.99468E1,-4.473519999982E1,-7.112E-1));
#2594=DIRECTION('',(-1.E0,0.E0,0.E0));
#2595=DIRECTION('',(0.E0,1.273612968544E-1,-9.918563908468E-1));
#2596=AXIS2_PLACEMENT_3D('',#2593,#2594,#2595);
#2598=DIRECTION('',(-2.951728597069E-14,-9.918563908467E-1,-1.273612968548E-1));
#2599=VECTOR('',#2598,1.203604451415E-1);
#2600=CARTESIAN_POINT('',(2.99468E1,-4.457699999982E1,-9.981885655468E-1));
#2601=LINE('',#2600,#2599);
#2602=DIRECTION('',(-1.E0,0.E0,0.E0));
#2603=VECTOR('',#2602,6.096E-1);
#2604=CARTESIAN_POINT('',(2.99468E1,-4.359399367812E1,-1.064027774382E0));
#2605=LINE('',#2604,#2603);
#2606=DIRECTION('',(1.E0,-1.165588477297E-14,0.E0));
#2607=VECTOR('',#2606,6.096E-1);
#2608=CARTESIAN_POINT('',(2.93372E1,-4.313499999982E1,-1.666169377225E0));
#2609=LINE('',#2608,#2607);
#2610=DIRECTION('',(1.E0,-2.331176954594E-14,0.E0));
#2611=VECTOR('',#2610,6.096E-1);
#2612=CARTESIAN_POINT('',(2.93372E1,-4.333700421429E1,-1.820150860970E0));
#2613=LINE('',#2612,#2611);
#2614=DIRECTION('',(1.E0,0.E0,0.E0));
#2615=VECTOR('',#2614,6.096E-1);
#2616=CARTESIAN_POINT('',(2.93372E1,-4.379599789259E1,-1.218009258127E0));
#2617=LINE('',#2616,#2615);
#2618=DIRECTION('',(-1.E0,0.E0,0.E0));
#2619=VECTOR('',#2618,6.096E-1);
#2620=CARTESIAN_POINT('',(2.99468E1,-4.391317488452E1,-1.169034238362E0));
#2621=LINE('',#2620,#2619);
#2622=DIRECTION('',(1.E0,0.E0,0.E0));
#2623=VECTOR('',#2622,6.096E-1);
#2624=CARTESIAN_POINT('',(2.93372E1,-4.466403050714E1,-1.265449351205E0));
#2625=LINE('',#2624,#2623);
#2626=DIRECTION('',(-1.E0,0.E0,0.E0));
#2627=VECTOR('',#2626,6.096E-1);
#2628=CARTESIAN_POINT('',(2.99468E1,-4.529399999982E1,-7.112E-1));
#2629=LINE('',#2628,#2627);
#2630=DIRECTION('',(-1.E0,0.E0,0.E0));
#2631=VECTOR('',#2630,6.096E-1);
#2632=CARTESIAN_POINT('',(2.99468E1,-4.554799999982E1,0.E0));
#2633=LINE('',#2632,#2631);
#2634=DIRECTION('',(1.E0,1.165588477297E-14,0.E0));
#2635=VECTOR('',#2634,6.096E-1);
#2636=CARTESIAN_POINT('',(2.93372E1,-4.529399999982E1,-2.54E-1));
#2637=LINE('',#2636,#2635);
#2638=DIRECTION('',(-7.071067811865E-1,7.071067811865E-1,0.E0));
#2639=VECTOR('',#2638,5.374011537018E-1);
#2640=CARTESIAN_POINT('',(2.9387E1,-4.605499999982E1,0.E0));
#2641=LINE('',#2640,#2639);
#2642=DIRECTION('',(-7.071067811865E-1,-7.071067811866E-1,0.E0));
#2643=VECTOR('',#2642,5.374011537018E-1);
#2644=CARTESIAN_POINT('',(3.0277E1,-4.567499999982E1,0.E0));
#2645=LINE('',#2644,#2643);
#2646=DIRECTION('',(0.E0,0.E0,1.E0));
#2647=VECTOR('',#2646,2.5E-1);
#2648=CARTESIAN_POINT('',(2.9007E1,-4.567499999982E1,0.E0));
#2649=LINE('',#2648,#2647);
#2650=DIRECTION('',(0.E0,-1.E0,0.E0));
#2651=VECTOR('',#2650,1.098E0);
#2652=CARTESIAN_POINT('',(2.9007E1,-4.457699999982E1,0.E0));
#2653=LINE('',#2652,#2651);
#2654=DIRECTION('',(0.E0,0.E0,1.E0));
#2655=VECTOR('',#2654,2.5E-1);
#2656=CARTESIAN_POINT('',(2.9007E1,-4.313499999982E1,0.E0));
#2657=LINE('',#2656,#2655);
#2658=DIRECTION('',(0.E0,1.E0,1.673627600414E-8));
#2659=VECTOR('',#2658,4.630310069503E-1);
#2660=CARTESIAN_POINT('',(2.93372E1,-4.504003100677E1,-7.749414730794E-9));
#2661=LINE('',#2660,#2659);
#2662=CARTESIAN_POINT('',(2.93372E1,-4.529399999982E1,-4.E-3));
#2663=DIRECTION('',(-1.E0,0.E0,0.E0));
#2664=DIRECTION('',(0.E0,5.594824691024E-14,1.E0));
#2665=AXIS2_PLACEMENT_3D('',#2662,#2663,#2664);
#2667=DIRECTION('',(0.E0,0.E0,1.E0));
#2668=VECTOR('',#2667,2.5E-1);
#2669=CARTESIAN_POINT('',(2.93372E1,-4.313499999982E1,0.E0));
#2670=LINE('',#2669,#2668);
#2671=CARTESIAN_POINT('',(2.93372E1,-4.529399999982E1,-4.E-3));
#2672=DIRECTION('',(1.E0,0.E0,0.E0));
#2673=DIRECTION('',(0.E0,1.E0,3.552491716151E-12));
#2674=AXIS2_PLACEMENT_3D('',#2671,#2672,#2673);
#2676=DIRECTION('',(-1.E0,0.E0,0.E0));
#2677=VECTOR('',#2676,6.096E-1);
#2678=CARTESIAN_POINT('',(2.99468E1,-4.503999999982E1,-3.999999999699E-3));
#2679=LINE('',#2678,#2677);
#2680=CARTESIAN_POINT('',(2.99468E1,-4.529399999982E1,-4.E-3));
#2681=DIRECTION('',(-1.E0,0.E0,0.E0));
#2682=DIRECTION('',(0.E0,9.998759920630E-1,1.574803149606E-2));
#2683=AXIS2_PLACEMENT_3D('',#2680,#2681,#2682);
#2685=DIRECTION('',(1.E0,-1.165588477297E-14,0.E0));
#2686=VECTOR('',#2685,6.096E-1);
#2687=CARTESIAN_POINT('',(2.93372E1,-4.529399999982E1,2.5E-1));
#2688=LINE('',#2687,#2686);
#2689=DIRECTION('',(1.E0,0.E0,0.E0));
#2690=VECTOR('',#2689,6.096E-1);
#2691=CARTESIAN_POINT('',(2.93372E1,-4.503999999982E1,-7.112E-1));
#2692=LINE('',#2691,#2690);
#2693=DIRECTION('',(-1.E0,0.E0,0.E0));
#2694=VECTOR('',#2693,6.096E-1);
#2695=CARTESIAN_POINT('',(2.99468E1,-4.469638027654E1,-1.013517827930E0));
#2696=LINE('',#2695,#2694);
#2697=CARTESIAN_POINT('',(2.99468E1,-4.529399999982E1,-4.E-3));
#2698=DIRECTION('',(1.E0,0.E0,0.E0));
#2699=DIRECTION('',(0.E0,9.998759920630E-1,1.574803149606E-2));
#2700=AXIS2_PLACEMENT_3D('',#2697,#2698,#2699);
#2702=DIRECTION('',(0.E0,-1.E0,0.E0));
#2703=VECTOR('',#2702,4.630305137030E-1);
#2704=CARTESIAN_POINT('',(2.99468E1,-4.457699999982E1,0.E0));
#2705=LINE('',#2704,#2703);
#2706=DIRECTION('',(1.E0,0.E0,0.E0));
#2707=VECTOR('',#2706,3.302E-1);
#2708=CARTESIAN_POINT('',(2.99468E1,-4.313499999982E1,2.5E-1));
#2709=LINE('',#2708,#2707);
#2710=DIRECTION('',(0.E0,-5.684341886081E-14,1.E0));
#2711=VECTOR('',#2710,2.5E-1);
#2712=CARTESIAN_POINT('',(2.99468E1,-4.313499999982E1,0.E0));
#2713=LINE('',#2712,#2711);
#2714=DIRECTION('',(0.E0,1.E0,0.E0));
#2715=VECTOR('',#2714,1.098E0);
#2716=CARTESIAN_POINT('',(3.0277E1,-4.567499999982E1,0.E0));
#2717=LINE('',#2716,#2715);
#2718=DIRECTION('',(0.E0,-1.E0,0.E0));
#2719=VECTOR('',#2718,2.54E0);
#2720=CARTESIAN_POINT('',(3.0277E1,-4.313499999982E1,2.5E-1));
#2721=LINE('',#2720,#2719);
#2722=DIRECTION('',(0.E0,-5.684341886081E-14,1.E0));
#2723=VECTOR('',#2722,2.5E-1);
#2724=CARTESIAN_POINT('',(3.0277E1,-4.313499999982E1,0.E0));
#2725=LINE('',#2724,#2723);
#2726=DIRECTION('',(1.421085471520E-14,0.E0,1.E0));
#2727=VECTOR('',#2726,2.5E-1);
#2728=CARTESIAN_POINT('',(3.0277E1,-4.567499999982E1,0.E0));
#2729=LINE('',#2728,#2727);
#2730=DIRECTION('',(0.E0,1.E0,0.E0));
#2731=VECTOR('',#2730,1.372200000018E1);
#2732=CARTESIAN_POINT('',(2.9897E1,-5.9777E1,0.E0));
#2733=LINE('',#2732,#2731);
#2734=DIRECTION('',(0.E0,0.E0,-1.E0));
#2735=VECTOR('',#2734,2.5E-1);
#2736=CARTESIAN_POINT('',(2.9897E1,-5.9777E1,2.5E-1));
#2737=LINE('',#2736,#2735);
#2738=DIRECTION('',(0.E0,-1.E0,0.E0));
#2739=VECTOR('',#2738,1.372200000018E1);
#2740=CARTESIAN_POINT('',(2.9897E1,-4.605499999982E1,2.5E-1));
#2741=LINE('',#2740,#2739);
#2742=DIRECTION('',(0.E0,0.E0,1.E0));
#2743=VECTOR('',#2742,2.5E-1);
#2744=CARTESIAN_POINT('',(2.9897E1,-4.605499999982E1,0.E0));
#2745=LINE('',#2744,#2743);
#2746=DIRECTION('',(1.E0,0.E0,0.E0));
#2747=VECTOR('',#2746,5.1E-1);
#2748=CARTESIAN_POINT('',(2.9387E1,-5.9777E1,0.E0));
#2749=LINE('',#2748,#2747);
#2750=DIRECTION('',(0.E0,0.E0,1.E0));
#2751=VECTOR('',#2750,2.5E-1);
#2752=CARTESIAN_POINT('',(2.9387E1,-5.9777E1,0.E0));
#2753=LINE('',#2752,#2751);
#2754=DIRECTION('',(0.E0,-1.E0,0.E0));
#2755=VECTOR('',#2754,1.372200000018E1);
#2756=CARTESIAN_POINT('',(2.9387E1,-4.605499999982E1,0.E0));
#2757=LINE('',#2756,#2755);
#2758=DIRECTION('',(1.E0,0.E0,0.E0));
#2759=VECTOR('',#2758,5.1E-1);
#2760=CARTESIAN_POINT('',(2.9387E1,-5.9777E1,2.5E-1));
#2761=LINE('',#2760,#2759);
#2762=DIRECTION('',(0.E0,-1.E0,0.E0));
#2763=VECTOR('',#2762,1.372200000018E1);
#2764=CARTESIAN_POINT('',(2.9387E1,-4.605499999982E1,2.5E-1));
#2765=LINE('',#2764,#2763);
#2766=DIRECTION('',(7.071067811865E-1,-7.071067811865E-1,0.E0));
#2767=VECTOR('',#2766,5.374011537018E-1);
#2768=CARTESIAN_POINT('',(2.9007E1,-4.567499999982E1,2.5E-1));
#2769=LINE('',#2768,#2767);
#2770=DIRECTION('',(0.E0,-1.E0,0.E0));
#2771=VECTOR('',#2770,2.54E0);
#2772=CARTESIAN_POINT('',(2.9007E1,-4.313499999982E1,2.5E-1));
#2773=LINE('',#2772,#2771);
#2774=DIRECTION('',(-1.E0,0.E0,0.E0));
#2775=VECTOR('',#2774,3.302E-1);
#2776=CARTESIAN_POINT('',(2.93372E1,-4.313499999982E1,2.5E-1));
#2777=LINE('',#2776,#2775);
#2778=DIRECTION('',(0.E0,1.E0,0.E0));
#2779=VECTOR('',#2778,2.159E0);
#2780=CARTESIAN_POINT('',(2.93372E1,-4.529399999982E1,2.5E-1));
#2781=LINE('',#2780,#2779);
#2782=DIRECTION('',(0.E0,-1.E0,0.E0));
#2783=VECTOR('',#2782,2.159E0);
#2784=CARTESIAN_POINT('',(2.99468E1,-4.313499999982E1,2.5E-1));
#2785=LINE('',#2784,#2783);
#2786=DIRECTION('',(7.071067811865E-1,7.071067811866E-1,0.E0));
#2787=VECTOR('',#2786,5.374011537018E-1);
#2788=CARTESIAN_POINT('',(2.9897E1,-4.605499999982E1,2.5E-1));
#2789=LINE('',#2788,#2787);
#2790=DIRECTION('',(0.E0,0.E0,1.E0));
#2791=VECTOR('',#2790,2.5E-1);
#2792=CARTESIAN_POINT('',(2.9387E1,-4.605499999982E1,0.E0));
#2793=LINE('',#2792,#2791);
#2794=DIRECTION('',(0.E0,-1.E0,0.E0));
#2795=VECTOR('',#2794,9.905999999960E0);
#2796=CARTESIAN_POINT('',(3.078479999988E1,-3.467099999986E1,0.E0));
#2797=LINE('',#2796,#2795);
#2798=DIRECTION('',(0.E0,0.E0,-1.E0));
#2799=VECTOR('',#2798,1.016E0);
#2800=CARTESIAN_POINT('',(3.078479999988E1,-3.467099999986E1,0.E0));
#2801=LINE('',#2800,#2799);
#2802=DIRECTION('',(1.E0,0.E0,0.E0));
#2803=VECTOR('',#2802,9.905999999960E0);
#2804=CARTESIAN_POINT('',(2.087879999992E1,-3.467099999986E1,0.E0));
#2805=LINE('',#2804,#2803);
#2806=DIRECTION('',(0.E0,0.E0,-1.E0));
#2807=VECTOR('',#2806,1.016E0);
#2808=CARTESIAN_POINT('',(2.087879999992E1,-3.467099999986E1,0.E0));
#2809=LINE('',#2808,#2807);
#2810=DIRECTION('',(0.E0,1.E0,0.E0));
#2811=VECTOR('',#2810,9.905999999960E0);
#2812=CARTESIAN_POINT('',(2.087879999992E1,-4.457699999982E1,0.E0));
#2813=LINE('',#2812,#2811);
#2814=DIRECTION('',(0.E0,9.918563908467E-1,1.273612968548E-1));
#2815=VECTOR('',#2814,1.203604451415E-1);
#2816=CARTESIAN_POINT('',(2.17172E1,-4.469638027654E1,-1.013517827930E0));
#2817=LINE('',#2816,#2815);
#2818=CARTESIAN_POINT('',(2.17172E1,-4.473519999982E1,-7.112E-1));
#2819=DIRECTION('',(1.E0,0.E0,0.E0));
#2820=DIRECTION('',(0.E0,0.E0,-1.E0));
#2821=AXIS2_PLACEMENT_3D('',#2818,#2819,#2820);
#2823=CARTESIAN_POINT('',(2.17172E1,-4.473519999982E1,-7.112E-1));
#2824=DIRECTION('',(1.E0,0.E0,0.E0));
#2825=DIRECTION('',(0.E0,-1.E0,0.E0));
#2826=AXIS2_PLACEMENT_3D('',#2823,#2824,#2825);
#2828=CARTESIAN_POINT('',(2.17172E1,-4.554799999982E1,-2.54E-1));
#2829=DIRECTION('',(1.E0,0.E0,0.E0));
#2830=DIRECTION('',(0.E0,1.E0,-3.544845956579E-13));
#2831=AXIS2_PLACEMENT_3D('',#2828,#2829,#2830);
#2833=DIRECTION('',(0.E0,0.E0,1.E0));
#2834=VECTOR('',#2833,4.572E-1);
#2835=CARTESIAN_POINT('',(2.17172E1,-4.529399999982E1,-7.112E-1));
#2836=LINE('',#2835,#2834);
#2837=CARTESIAN_POINT('',(2.17172E1,-4.473519999982E1,-7.112E-1));
#2838=DIRECTION('',(-1.E0,0.E0,0.E0));
#2839=DIRECTION('',(0.E0,0.E0,-1.E0));
#2840=AXIS2_PLACEMENT_3D('',#2837,#2838,#2839);
#2842=CARTESIAN_POINT('',(2.17172E1,-4.473519999982E1,-7.112E-1));
#2843=DIRECTION('',(-1.E0,0.E0,0.E0));
#2844=DIRECTION('',(0.E0,1.273612968551E-1,-9.918563908467E-1));
#2845=AXIS2_PLACEMENT_3D('',#2842,#2843,#2844);
#2847=DIRECTION('',(0.E0,-9.918563908467E-1,-1.273612968548E-1));
#2848=VECTOR('',#2847,7.570205017038E-1);
#2849=CARTESIAN_POINT('',(2.17172E1,-4.391317488452E1,-1.169034238362E0));
#2850=LINE('',#2849,#2848);
#2851=CARTESIAN_POINT('',(2.17172E1,-4.389699999982E1,-1.295E0));
#2852=DIRECTION('',(1.E0,0.E0,0.E0));
#2853=DIRECTION('',(0.E0,-5.594824691024E-14,1.E0));
#2854=AXIS2_PLACEMENT_3D('',#2851,#2852,#2853);
#2856=CARTESIAN_POINT('',(2.17172E1,-4.389699999982E1,-1.295E0));
#2857=DIRECTION('',(1.E0,0.E0,0.E0));
#2858=DIRECTION('',(0.E0,7.952921829527E-1,6.062263139574E-1));
#2859=AXIS2_PLACEMENT_3D('',#2856,#2857,#2858);
#2861=DIRECTION('',(0.E0,-6.062263139585E-1,7.952921829518E-1));
#2862=VECTOR('',#2861,7.571325554943E-1);
#2863=CARTESIAN_POINT('',(2.17172E1,-4.333700421429E1,-1.820150860970E0));
#2864=LINE('',#2863,#2862);
#2865=DIRECTION('',(0.E0,-7.952921829518E-1,-6.062263139585E-1));
#2866=VECTOR('',#2865,2.54E-1);
#2867=CARTESIAN_POINT('',(2.17172E1,-4.313499999982E1,-1.666169377225E0));
#2868=LINE('',#2867,#2866);
#2869=DIRECTION('',(0.E0,6.062263139585E-1,-7.952921829518E-1));
#2870=VECTOR('',#2869,7.571325554944E-1);
#2871=CARTESIAN_POINT('',(2.17172E1,-4.359399367812E1,-1.064027774382E0));
#2872=LINE('',#2871,#2870);
#2873=CARTESIAN_POINT('',(2.17172E1,-4.389699999982E1,-1.295E0));
#2874=DIRECTION('',(-1.E0,0.E0,0.E0));
#2875=DIRECTION('',(0.E0,6.809999467855E-1,7.322834645669E-1));
#2876=AXIS2_PLACEMENT_3D('',#2873,#2874,#2875);
#2878=CARTESIAN_POINT('',(2.23268E1,-4.389699999982E1,-1.295E0));
#2879=DIRECTION('',(1.E0,0.E0,0.E0));
#2880=DIRECTION('',(0.E0,7.952921829517E-1,6.062263139587E-1));
#2881=AXIS2_PLACEMENT_3D('',#2878,#2879,#2880);
#2883=DIRECTION('',(0.E0,-6.062263139585E-1,7.952921829518E-1));
#2884=VECTOR('',#2883,7.571325554944E-1);
#2885=CARTESIAN_POINT('',(2.23268E1,-4.313499999982E1,-1.666169377225E0));
#2886=LINE('',#2885,#2884);
#2887=DIRECTION('',(1.398706172756E-14,7.952921829518E-1,6.062263139585E-1));
#2888=VECTOR('',#2887,2.54E-1);
#2889=CARTESIAN_POINT('',(2.23268E1,-4.333700421429E1,-1.820150860970E0));
#2890=LINE('',#2889,#2888);
#2891=DIRECTION('',(0.E0,6.062263139585E-1,-7.952921829518E-1));
#2892=VECTOR('',#2891,7.571325554943E-1);
#2893=CARTESIAN_POINT('',(2.23268E1,-4.379599789259E1,-1.218009258127E0));
#2894=LINE('',#2893,#2892);
#2895=CARTESIAN_POINT('',(2.23268E1,-4.389699999982E1,-1.295E0));
#2896=DIRECTION('',(-1.E0,0.E0,0.E0));
#2897=DIRECTION('',(0.E0,-5.594824691024E-14,1.E0));
#2898=AXIS2_PLACEMENT_3D('',#2895,#2896,#2897);
#2900=CARTESIAN_POINT('',(2.23268E1,-4.389699999982E1,-1.295E0));
#2901=DIRECTION('',(-1.E0,0.E0,0.E0));
#2902=DIRECTION('',(0.E0,-1.273612968539E-1,9.918563908468E-1));
#2903=AXIS2_PLACEMENT_3D('',#2900,#2901,#2902);
#2905=DIRECTION('',(0.E0,9.918563908467E-1,1.273612968548E-1));
#2906=VECTOR('',#2905,7.570205017038E-1);
#2907=CARTESIAN_POINT('',(2.23268E1,-4.466403050714E1,-1.265449351205E0));
#2908=LINE('',#2907,#2906);
#2909=CARTESIAN_POINT('',(2.23268E1,-4.473519999982E1,-7.112E-1));
#2910=DIRECTION('',(1.E0,0.E0,0.E0));
#2911=DIRECTION('',(0.E0,0.E0,-1.E0));
#2912=AXIS2_PLACEMENT_3D('',#2909,#2910,#2911);
#2914=CARTESIAN_POINT('',(2.23268E1,-4.473519999982E1,-7.112E-1));
#2915=DIRECTION('',(1.E0,0.E0,0.E0));
#2916=DIRECTION('',(0.E0,-1.E0,0.E0));
#2917=AXIS2_PLACEMENT_3D('',#2914,#2915,#2916);
#2919=DIRECTION('',(0.E0,1.554117969729E-14,-1.E0));
#2920=VECTOR('',#2919,4.572E-1);
#2921=CARTESIAN_POINT('',(2.23268E1,-4.529399999982E1,-2.54E-1));
#2922=LINE('',#2921,#2920);
#2923=CARTESIAN_POINT('',(2.23268E1,-4.554799999982E1,-2.54E-1));
#2924=DIRECTION('',(-1.E0,0.E0,0.E0));
#2925=DIRECTION('',(0.E0,-2.797412345512E-14,1.E0));
#2926=AXIS2_PLACEMENT_3D('',#2923,#2924,#2925);
#2928=DIRECTION('',(0.E0,0.E0,1.E0));
#2929=VECTOR('',#2928,7.072000000003E-1);
#2930=CARTESIAN_POINT('',(2.23268E1,-4.503999999982E1,-7.112E-1));
#2931=LINE('',#2930,#2929);
#2932=CARTESIAN_POINT('',(2.23268E1,-4.473519999982E1,-7.112E-1));
#2933=DIRECTION('',(-1.E0,0.E0,0.E0));
#2934=DIRECTION('',(0.E0,0.E0,-1.E0));
#2935=AXIS2_PLACEMENT_3D('',#2932,#2933,#2934);
#2937=CARTESIAN_POINT('',(2.23268E1,-4.473519999982E1,-7.112E-1));
#2938=DIRECTION('',(-1.E0,0.E0,0.E0));
#2939=DIRECTION('',(0.E0,1.273612968544E-1,-9.918563908468E-1));
#2940=AXIS2_PLACEMENT_3D('',#2937,#2938,#2939);
#2942=DIRECTION('',(0.E0,-9.918563908467E-1,-1.273612968548E-1));
#2943=VECTOR('',#2942,1.203604451415E-1);
#2944=CARTESIAN_POINT('',(2.23268E1,-4.457699999982E1,-9.981885655468E-1));
#2945=LINE('',#2944,#2943);
#2946=DIRECTION('',(-1.E0,0.E0,0.E0));
#2947=VECTOR('',#2946,6.096E-1);
#2948=CARTESIAN_POINT('',(2.23268E1,-4.359399367812E1,-1.064027774382E0));
#2949=LINE('',#2948,#2947);
#2950=DIRECTION('',(1.E0,-1.165588477297E-14,0.E0));
#2951=VECTOR('',#2950,6.096E-1);
#2952=CARTESIAN_POINT('',(2.17172E1,-4.313499999982E1,-1.666169377225E0));
#2953=LINE('',#2952,#2951);
#2954=DIRECTION('',(1.E0,-2.331176954593E-14,0.E0));
#2955=VECTOR('',#2954,6.096E-1);
#2956=CARTESIAN_POINT('',(2.17172E1,-4.333700421429E1,-1.820150860970E0));
#2957=LINE('',#2956,#2955);
#2958=DIRECTION('',(1.E0,0.E0,0.E0));
#2959=VECTOR('',#2958,6.096E-1);
#2960=CARTESIAN_POINT('',(2.17172E1,-4.379599789259E1,-1.218009258127E0));
#2961=LINE('',#2960,#2959);
#2962=DIRECTION('',(-1.E0,0.E0,0.E0));
#2963=VECTOR('',#2962,6.096E-1);
#2964=CARTESIAN_POINT('',(2.23268E1,-4.391317488452E1,-1.169034238362E0));
#2965=LINE('',#2964,#2963);
#2966=DIRECTION('',(1.E0,0.E0,0.E0));
#2967=VECTOR('',#2966,6.096E-1);
#2968=CARTESIAN_POINT('',(2.17172E1,-4.466403050714E1,-1.265449351205E0));
#2969=LINE('',#2968,#2967);
#2970=DIRECTION('',(-1.E0,0.E0,0.E0));
#2971=VECTOR('',#2970,6.096E-1);
#2972=CARTESIAN_POINT('',(2.23268E1,-4.529399999982E1,-7.112E-1));
#2973=LINE('',#2972,#2971);
#2974=DIRECTION('',(-1.E0,0.E0,0.E0));
#2975=VECTOR('',#2974,6.096E-1);
#2976=CARTESIAN_POINT('',(2.23268E1,-4.554799999982E1,0.E0));
#2977=LINE('',#2976,#2975);
#2978=DIRECTION('',(1.E0,1.165588477297E-14,0.E0));
#2979=VECTOR('',#2978,6.096E-1);
#2980=CARTESIAN_POINT('',(2.17172E1,-4.529399999982E1,-2.54E-1));
#2981=LINE('',#2980,#2979);
#2982=DIRECTION('',(-7.071067811865E-1,7.071067811866E-1,0.E0));
#2983=VECTOR('',#2982,5.374011537018E-1);
#2984=CARTESIAN_POINT('',(2.1767E1,-4.605499999982E1,0.E0));
#2985=LINE('',#2984,#2983);
#2986=DIRECTION('',(-7.071067811865E-1,-7.071067811866E-1,0.E0));
#2987=VECTOR('',#2986,5.374011537018E-1);
#2988=CARTESIAN_POINT('',(2.2657E1,-4.567499999982E1,0.E0));
#2989=LINE('',#2988,#2987);
#2990=DIRECTION('',(0.E0,1.E0,0.E0));
#2991=VECTOR('',#2990,5.079694862970E-1);
#2992=CARTESIAN_POINT('',(2.23268E1,-4.554799999982E1,0.E0));
#2993=LINE('',#2992,#2991);
#2994=DIRECTION('',(0.E0,-1.E0,1.525568457293E-8));
#2995=VECTOR('',#2994,5.079689930497E-1);
#2996=CARTESIAN_POINT('',(2.17172E1,-4.504003100677E1,-7.749414730794E-9));
#2997=LINE('',#2996,#2995);
#2998=DIRECTION('',(0.E0,0.E0,1.E0));
#2999=VECTOR('',#2998,2.5E-1);
#3000=CARTESIAN_POINT('',(2.1387E1,-4.567499999982E1,0.E0));
#3001=LINE('',#3000,#2999);
#3002=DIRECTION('',(0.E0,-1.E0,0.E0));
#3003=VECTOR('',#3002,1.098E0);
#3004=CARTESIAN_POINT('',(2.1387E1,-4.457699999982E1,0.E0));
#3005=LINE('',#3004,#3003);
#3006=DIRECTION('',(0.E0,0.E0,1.E0));
#3007=VECTOR('',#3006,2.5E-1);
#3008=CARTESIAN_POINT('',(2.1387E1,-4.313499999982E1,0.E0));
#3009=LINE('',#3008,#3007);
#3010=DIRECTION('',(0.E0,1.E0,1.673627600414E-8));
#3011=VECTOR('',#3010,4.630310069503E-1);
#3012=CARTESIAN_POINT('',(2.17172E1,-4.504003100677E1,-7.749414730794E-9));
#3013=LINE('',#3012,#3011);
#3014=CARTESIAN_POINT('',(2.17172E1,-4.529399999982E1,-4.E-3));
#3015=DIRECTION('',(-1.E0,0.E0,0.E0));
#3016=DIRECTION('',(0.E0,5.594824691024E-14,1.E0));
#3017=AXIS2_PLACEMENT_3D('',#3014,#3015,#3016);
#3019=DIRECTION('',(0.E0,0.E0,1.E0));
#3020=VECTOR('',#3019,2.5E-1);
#3021=CARTESIAN_POINT('',(2.17172E1,-4.313499999982E1,0.E0));
#3022=LINE('',#3021,#3020);
#3023=CARTESIAN_POINT('',(2.23268E1,-4.529399999982E1,-4.E-3));
#3024=DIRECTION('',(-1.E0,0.E0,0.E0));
#3025=DIRECTION('',(0.E0,9.998759920630E-1,1.574803149606E-2));
#3026=AXIS2_PLACEMENT_3D('',#3023,#3024,#3025);
#3028=DIRECTION('',(1.E0,-1.165588477297E-14,0.E0));
#3029=VECTOR('',#3028,6.096E-1);
#3030=CARTESIAN_POINT('',(2.17172E1,-4.529399999982E1,2.5E-1));
#3031=LINE('',#3030,#3029);
#3032=CARTESIAN_POINT('',(2.17172E1,-4.529399999982E1,-4.E-3));
#3033=DIRECTION('',(1.E0,0.E0,0.E0));
#3034=DIRECTION('',(0.E0,1.E0,3.552491716151E-12));
#3035=AXIS2_PLACEMENT_3D('',#3032,#3033,#3034);
#3037=DIRECTION('',(-1.E0,0.E0,0.E0));
#3038=VECTOR('',#3037,6.096E-1);
#3039=CARTESIAN_POINT('',(2.23268E1,-4.503999999982E1,-3.999999999699E-3));
#3040=LINE('',#3039,#3038);
#3041=CARTESIAN_POINT('',(2.23268E1,-4.529399999982E1,-4.E-3));
#3042=DIRECTION('',(1.E0,0.E0,0.E0));
#3043=DIRECTION('',(0.E0,9.998759920630E-1,1.574803149606E-2));
#3044=AXIS2_PLACEMENT_3D('',#3041,#3042,#3043);
#3046=DIRECTION('',(0.E0,-1.E0,0.E0));
#3047=VECTOR('',#3046,4.630305137030E-1);
#3048=CARTESIAN_POINT('',(2.23268E1,-4.457699999982E1,0.E0));
#3049=LINE('',#3048,#3047);
#3050=DIRECTION('',(1.E0,0.E0,0.E0));
#3051=VECTOR('',#3050,3.302E-1);
#3052=CARTESIAN_POINT('',(2.23268E1,-4.313499999982E1,2.5E-1));
#3053=LINE('',#3052,#3051);
#3054=DIRECTION('',(0.E0,-5.684341886081E-14,1.E0));
#3055=VECTOR('',#3054,2.5E-1);
#3056=CARTESIAN_POINT('',(2.23268E1,-4.313499999982E1,0.E0));
#3057=LINE('',#3056,#3055);
#3058=DIRECTION('',(0.E0,1.E0,0.E0));
#3059=VECTOR('',#3058,1.098E0);
#3060=CARTESIAN_POINT('',(2.2657E1,-4.567499999982E1,0.E0));
#3061=LINE('',#3060,#3059);
#3062=DIRECTION('',(0.E0,-1.E0,0.E0));
#3063=VECTOR('',#3062,2.54E0);
#3064=CARTESIAN_POINT('',(2.2657E1,-4.313499999982E1,2.5E-1));
#3065=LINE('',#3064,#3063);
#3066=DIRECTION('',(0.E0,-5.684341886081E-14,1.E0));
#3067=VECTOR('',#3066,2.5E-1);
#3068=CARTESIAN_POINT('',(2.2657E1,-4.313499999982E1,0.E0));
#3069=LINE('',#3068,#3067);
#3070=DIRECTION('',(0.E0,0.E0,1.E0));
#3071=VECTOR('',#3070,2.5E-1);
#3072=CARTESIAN_POINT('',(2.2657E1,-4.567499999982E1,0.E0));
#3073=LINE('',#3072,#3071);
#3074=DIRECTION('',(0.E0,1.E0,0.E0));
#3075=VECTOR('',#3074,1.372200000018E1);
#3076=CARTESIAN_POINT('',(2.2277E1,-5.9777E1,0.E0));
#3077=LINE('',#3076,#3075);
#3078=DIRECTION('',(0.E0,0.E0,-1.E0));
#3079=VECTOR('',#3078,2.5E-1);
#3080=CARTESIAN_POINT('',(2.2277E1,-5.9777E1,2.5E-1));
#3081=LINE('',#3080,#3079);
#3082=DIRECTION('',(0.E0,-1.E0,0.E0));
#3083=VECTOR('',#3082,1.372200000018E1);
#3084=CARTESIAN_POINT('',(2.2277E1,-4.605499999982E1,2.5E-1));
#3085=LINE('',#3084,#3083);
#3086=DIRECTION('',(0.E0,0.E0,1.E0));
#3087=VECTOR('',#3086,2.5E-1);
#3088=CARTESIAN_POINT('',(2.2277E1,-4.605499999982E1,0.E0));
#3089=LINE('',#3088,#3087);
#3090=DIRECTION('',(1.E0,0.E0,0.E0));
#3091=VECTOR('',#3090,5.1E-1);
#3092=CARTESIAN_POINT('',(2.1767E1,-5.9777E1,0.E0));
#3093=LINE('',#3092,#3091);
#3094=DIRECTION('',(0.E0,0.E0,1.E0));
#3095=VECTOR('',#3094,2.5E-1);
#3096=CARTESIAN_POINT('',(2.1767E1,-5.9777E1,0.E0));
#3097=LINE('',#3096,#3095);
#3098=DIRECTION('',(0.E0,-1.E0,0.E0));
#3099=VECTOR('',#3098,1.372200000018E1);
#3100=CARTESIAN_POINT('',(2.1767E1,-4.605499999982E1,0.E0));
#3101=LINE('',#3100,#3099);
#3102=DIRECTION('',(1.E0,0.E0,0.E0));
#3103=VECTOR('',#3102,5.1E-1);
#3104=CARTESIAN_POINT('',(2.1767E1,-5.9777E1,2.5E-1));
#3105=LINE('',#3104,#3103);
#3106=DIRECTION('',(0.E0,-1.E0,0.E0));
#3107=VECTOR('',#3106,1.372200000018E1);
#3108=CARTESIAN_POINT('',(2.1767E1,-4.605499999982E1,2.5E-1));
#3109=LINE('',#3108,#3107);
#3110=DIRECTION('',(7.071067811865E-1,-7.071067811866E-1,0.E0));
#3111=VECTOR('',#3110,5.374011537018E-1);
#3112=CARTESIAN_POINT('',(2.1387E1,-4.567499999982E1,2.5E-1));
#3113=LINE('',#3112,#3111);
#3114=DIRECTION('',(0.E0,-1.E0,0.E0));
#3115=VECTOR('',#3114,2.54E0);
#3116=CARTESIAN_POINT('',(2.1387E1,-4.313499999982E1,2.5E-1));
#3117=LINE('',#3116,#3115);
#3118=DIRECTION('',(-1.E0,0.E0,0.E0));
#3119=VECTOR('',#3118,3.302E-1);
#3120=CARTESIAN_POINT('',(2.17172E1,-4.313499999982E1,2.5E-1));
#3121=LINE('',#3120,#3119);
#3122=DIRECTION('',(0.E0,1.E0,0.E0));
#3123=VECTOR('',#3122,2.159E0);
#3124=CARTESIAN_POINT('',(2.17172E1,-4.529399999982E1,2.5E-1));
#3125=LINE('',#3124,#3123);
#3126=DIRECTION('',(0.E0,-1.E0,0.E0));
#3127=VECTOR('',#3126,2.159E0);
#3128=CARTESIAN_POINT('',(2.23268E1,-4.313499999982E1,2.5E-1));
#3129=LINE('',#3128,#3127);
#3130=DIRECTION('',(7.071067811865E-1,7.071067811866E-1,0.E0));
#3131=VECTOR('',#3130,5.374011537018E-1);
#3132=CARTESIAN_POINT('',(2.2277E1,-4.605499999982E1,2.5E-1));
#3133=LINE('',#3132,#3131);
#3134=DIRECTION('',(0.E0,0.E0,1.E0));
#3135=VECTOR('',#3134,2.5E-1);
#3136=CARTESIAN_POINT('',(2.1767E1,-4.605499999982E1,0.E0));
#3137=LINE('',#3136,#3135);
#3138=DIRECTION('',(0.E0,0.E0,1.E0));
#3139=VECTOR('',#3138,7.072000000003E-1);
#3140=CARTESIAN_POINT('',(2.17172E1,-4.503999999982E1,-7.112E-1));
#3141=LINE('',#3140,#3139);
#3142=DIRECTION('',(1.E0,0.E0,0.E0));
#3143=VECTOR('',#3142,6.096E-1);
#3144=CARTESIAN_POINT('',(2.17172E1,-4.503999999982E1,-7.112E-1));
#3145=LINE('',#3144,#3143);
#3146=DIRECTION('',(-1.E0,0.E0,0.E0));
#3147=VECTOR('',#3146,6.096E-1);
#3148=CARTESIAN_POINT('',(2.23268E1,-4.469638027654E1,-1.013517827930E0));
#3149=LINE('',#3148,#3147);
#3150=DIRECTION('',(-1.E0,0.E0,0.E0));
#3151=VECTOR('',#3150,6.096E-1);
#3152=CARTESIAN_POINT('',(2.48668E1,-4.359399367812E1,-1.064027774382E0));
#3153=LINE('',#3152,#3151);
#3154=DIRECTION('',(1.E0,-1.165588477297E-14,0.E0));
#3155=VECTOR('',#3154,6.096E-1);
#3156=CARTESIAN_POINT('',(2.42572E1,-4.313499999982E1,-1.666169377225E0));
#3157=LINE('',#3156,#3155);
#3158=DIRECTION('',(1.E0,-2.331176954594E-14,0.E0));
#3159=VECTOR('',#3158,6.096E-1);
#3160=CARTESIAN_POINT('',(2.42572E1,-4.333700421429E1,-1.820150860970E0));
#3161=LINE('',#3160,#3159);
#3162=DIRECTION('',(1.E0,0.E0,0.E0));
#3163=VECTOR('',#3162,6.096E-1);
#3164=CARTESIAN_POINT('',(2.42572E1,-4.379599789259E1,-1.218009258127E0));
#3165=LINE('',#3164,#3163);
#3166=DIRECTION('',(-1.E0,0.E0,0.E0));
#3167=VECTOR('',#3166,6.096E-1);
#3168=CARTESIAN_POINT('',(2.48668E1,-4.391317488452E1,-1.169034238362E0));
#3169=LINE('',#3168,#3167);
#3170=DIRECTION('',(1.E0,0.E0,0.E0));
#3171=VECTOR('',#3170,6.096E-1);
#3172=CARTESIAN_POINT('',(2.42572E1,-4.466403050714E1,-1.265449351205E0));
#3173=LINE('',#3172,#3171);
#3174=DIRECTION('',(-1.E0,0.E0,0.E0));
#3175=VECTOR('',#3174,6.096E-1);
#3176=CARTESIAN_POINT('',(2.48668E1,-4.529399999982E1,-7.112E-1));
#3177=LINE('',#3176,#3175);
#3178=DIRECTION('',(-1.E0,0.E0,0.E0));
#3179=VECTOR('',#3178,6.096E-1);
#3180=CARTESIAN_POINT('',(2.48668E1,-4.554799999982E1,0.E0));
#3181=LINE('',#3180,#3179);
#3182=DIRECTION('',(1.E0,1.165588477297E-14,0.E0));
#3183=VECTOR('',#3182,6.096E-1);
#3184=CARTESIAN_POINT('',(2.42572E1,-4.529399999982E1,-2.54E-1));
#3185=LINE('',#3184,#3183);
#3186=CARTESIAN_POINT('',(2.48668E1,-4.529399999982E1,-4.E-3));
#3187=DIRECTION('',(1.E0,0.E0,0.E0));
#3188=DIRECTION('',(0.E0,9.998759920630E-1,1.574803149606E-2));
#3189=AXIS2_PLACEMENT_3D('',#3186,#3187,#3188);
#3191=DIRECTION('',(0.E0,-1.E0,0.E0));
#3192=VECTOR('',#3191,4.630305137030E-1);
#3193=CARTESIAN_POINT('',(2.48668E1,-4.457699999982E1,0.E0));
#3194=LINE('',#3193,#3192);
#3195=DIRECTION('',(1.E0,0.E0,0.E0));
#3196=VECTOR('',#3195,3.302E-1);
#3197=CARTESIAN_POINT('',(2.48668E1,-4.313499999982E1,2.5E-1));
#3198=LINE('',#3197,#3196);
#3199=DIRECTION('',(0.E0,-5.684341886081E-14,1.E0));
#3200=VECTOR('',#3199,2.5E-1);
#3201=CARTESIAN_POINT('',(2.48668E1,-4.313499999982E1,0.E0));
#3202=LINE('',#3201,#3200);
#3203=DIRECTION('',(1.E0,0.E0,0.E0));
#3204=VECTOR('',#3203,5.1E-1);
#3205=CARTESIAN_POINT('',(2.4307E1,-5.9777E1,2.5E-1));
#3206=LINE('',#3205,#3204);
#3207=DIRECTION('',(0.E0,-1.E0,0.E0));
#3208=VECTOR('',#3207,1.372200000018E1);
#3209=CARTESIAN_POINT('',(2.4307E1,-4.605499999982E1,2.5E-1));
#3210=LINE('',#3209,#3208);
#3211=DIRECTION('',(7.071067811865E-1,-7.071067811866E-1,0.E0));
#3212=VECTOR('',#3211,5.374011537018E-1);
#3213=CARTESIAN_POINT('',(2.3927E1,-4.567499999982E1,2.5E-1));
#3214=LINE('',#3213,#3212);
#3215=DIRECTION('',(0.E0,-1.E0,0.E0));
#3216=VECTOR('',#3215,2.54E0);
#3217=CARTESIAN_POINT('',(2.3927E1,-4.313499999982E1,2.5E-1));
#3218=LINE('',#3217,#3216);
#3219=DIRECTION('',(-1.E0,0.E0,0.E0));
#3220=VECTOR('',#3219,3.302E-1);
#3221=CARTESIAN_POINT('',(2.42572E1,-4.313499999982E1,2.5E-1));
#3222=LINE('',#3221,#3220);
#3223=DIRECTION('',(0.E0,1.E0,0.E0));
#3224=VECTOR('',#3223,2.159E0);
#3225=CARTESIAN_POINT('',(2.42572E1,-4.529399999982E1,2.5E-1));
#3226=LINE('',#3225,#3224);
#3227=DIRECTION('',(0.E0,-1.E0,0.E0));
#3228=VECTOR('',#3227,2.159E0);
#3229=CARTESIAN_POINT('',(2.48668E1,-4.313499999982E1,2.5E-1));
#3230=LINE('',#3229,#3228);
#3231=DIRECTION('',(7.071067811865E-1,7.071067811866E-1,0.E0));
#3232=VECTOR('',#3231,5.374011537018E-1);
#3233=CARTESIAN_POINT('',(2.4817E1,-4.605499999982E1,2.5E-1));
#3234=LINE('',#3233,#3232);
#3235=DIRECTION('',(0.E0,1.E0,0.E0));
#3236=VECTOR('',#3235,1.372200000018E1);
#3237=CARTESIAN_POINT('',(2.4817E1,-5.9777E1,0.E0));
#3238=LINE('',#3237,#3236);
#3239=DIRECTION('',(0.E0,0.E0,-1.E0));
#3240=VECTOR('',#3239,2.5E-1);
#3241=CARTESIAN_POINT('',(2.4817E1,-5.9777E1,2.5E-1));
#3242=LINE('',#3241,#3240);
#3243=DIRECTION('',(0.E0,-1.E0,0.E0));
#3244=VECTOR('',#3243,1.372200000018E1);
#3245=CARTESIAN_POINT('',(2.4817E1,-4.605499999982E1,2.5E-1));
#3246=LINE('',#3245,#3244);
#3247=DIRECTION('',(1.421085471520E-14,0.E0,1.E0));
#3248=VECTOR('',#3247,2.5E-1);
#3249=CARTESIAN_POINT('',(2.4817E1,-4.605499999982E1,0.E0));
#3250=LINE('',#3249,#3248);
#3251=DIRECTION('',(1.E0,0.E0,0.E0));
#3252=VECTOR('',#3251,5.1E-1);
#3253=CARTESIAN_POINT('',(2.4307E1,-5.9777E1,0.E0));
#3254=LINE('',#3253,#3252);
#3255=DIRECTION('',(0.E0,0.E0,1.E0));
#3256=VECTOR('',#3255,2.5E-1);
#3257=CARTESIAN_POINT('',(2.4307E1,-5.9777E1,0.E0));
#3258=LINE('',#3257,#3256);
#3259=DIRECTION('',(0.E0,-1.E0,0.E0));
#3260=VECTOR('',#3259,1.372200000018E1);
#3261=CARTESIAN_POINT('',(2.4307E1,-4.605499999982E1,0.E0));
#3262=LINE('',#3261,#3260);
#3263=DIRECTION('',(0.E0,-2.842170943040E-14,1.E0));
#3264=VECTOR('',#3263,2.5E-1);
#3265=CARTESIAN_POINT('',(2.4307E1,-4.605499999982E1,0.E0));
#3266=LINE('',#3265,#3264);
#3267=DIRECTION('',(0.E0,0.E0,1.E0));
#3268=VECTOR('',#3267,2.5E-1);
#3269=CARTESIAN_POINT('',(2.5197E1,-4.567499999982E1,0.E0));
#3270=LINE('',#3269,#3268);
#3271=CARTESIAN_POINT('',(3.078479999988E1,-3.467099999986E1,0.E0));
#3272=CARTESIAN_POINT('',(3.078479999988E1,-4.457699999982E1,0.E0));
#3273=VERTEX_POINT('',#3271);
#3274=VERTEX_POINT('',#3272);
#3275=CARTESIAN_POINT('',(2.087879999992E1,-4.457699999982E1,0.E0));
#3276=CARTESIAN_POINT('',(2.087879999992E1,-3.467099999986E1,0.E0));
#3277=VERTEX_POINT('',#3275);
#3278=VERTEX_POINT('',#3276);
#3279=CARTESIAN_POINT('',(3.078479999988E1,-3.467099999986E1,-1.016E0));
#3280=VERTEX_POINT('',#3279);
#3281=CARTESIAN_POINT('',(3.078479999988E1,-4.457699999982E1,-1.016E0));
#3282=VERTEX_POINT('',#3281);
#3283=CARTESIAN_POINT('',(2.087879999992E1,-3.467099999986E1,-1.016E0));
#3284=VERTEX_POINT('',#3283);
#3285=CARTESIAN_POINT('',(2.087879999992E1,-4.457699999982E1,-1.016E0));
#3286=VERTEX_POINT('',#3285);
#3287=CARTESIAN_POINT('',(2.152093485520E1,-4.19196E1,3.E-2));
#3288=CARTESIAN_POINT('',(3.014266514480E1,-4.19196E1,3.E-2));
#3289=VERTEX_POINT('',#3287);
#3290=VERTEX_POINT('',#3288);
#3291=CARTESIAN_POINT('',(2.11332E1,-4.153186514480E1,3.E-2));
#3292=VERTEX_POINT('',#3291);
#3293=CARTESIAN_POINT('',(3.05304E1,-4.153186514480E1,3.E-2));
#3294=VERTEX_POINT('',#3293);
#3295=CARTESIAN_POINT('',(3.05318E1,-4.13975E1,2.999999999999E-2));
#3296=CARTESIAN_POINT('',(3.05318E1,-3.54175E1,2.999999999999E-2));
#3297=VERTEX_POINT('',#3295);
#3298=VERTEX_POINT('',#3296);
#3299=CARTESIAN_POINT('',(3.00218E1,-3.49075E1,2.999999999999E-2));
#3300=CARTESIAN_POINT('',(2.16418E1,-3.49075E1,2.999999999999E-2));
#3301=VERTEX_POINT('',#3299);
#3302=VERTEX_POINT('',#3300);
#3303=CARTESIAN_POINT('',(2.11318E1,-3.54175E1,2.999999999999E-2));
#3304=CARTESIAN_POINT('',(2.11318E1,-4.13975E1,2.999999999999E-2));
#3305=VERTEX_POINT('',#3303);
#3306=VERTEX_POINT('',#3304);
#3307=CARTESIAN_POINT('',(3.051623571319E1,-4.13975E1,1.813490615514E0));
#3308=CARTESIAN_POINT('',(3.051623568617E1,-3.694671042704E1,1.813490613963E0));
#3309=VERTEX_POINT('',#3307);
#3310=VERTEX_POINT('',#3308);
#3311=CARTESIAN_POINT('',(3.051928916752E1,-3.695154399638E1,1.463490606068E0));
#3312=VERTEX_POINT('',#3311);
#3313=VERTEX_POINT('',#818);
#3314=CARTESIAN_POINT('',(3.052408989421E1,-3.54175E1,9.134906145020E-1));
#3315=VERTEX_POINT('',#3314);
#3316=CARTESIAN_POINT('',(3.011625094398E1,-3.694671094438E1,2.21E0));
#3317=CARTESIAN_POINT('',(3.011625093989E1,-4.139749995854E1,2.21E0));
#3318=VERTEX_POINT('',#3316);
#3319=VERTEX_POINT('',#3317);
#3320=CARTESIAN_POINT('',(2.154734906011E1,-4.139749995854E1,2.21E0));
#3321=CARTESIAN_POINT('',(2.154734905639E1,-3.694671055043E1,2.21E0));
#3322=VERTEX_POINT('',#3320);
#3323=VERTEX_POINT('',#3321);
#3324=CARTESIAN_POINT('',(2.320169959635E1,-3.532304826227E1,2.21E0));
#3325=VERTEX_POINT('',#3324);
#3326=CARTESIAN_POINT('',(2.846190159966E1,-3.532304905648E1,2.21E0));
#3327=VERTEX_POINT('',#3326);
#3328=CARTESIAN_POINT('',(3.002179987563E1,-4.149195093170E1,2.21E0));
#3329=VERTEX_POINT('',#3328);
#3330=CARTESIAN_POINT('',(2.164180004146E1,-4.149195093989E1,2.21E0));
#3331=VERTEX_POINT('',#3330);
#3332=CARTESIAN_POINT('',(2.58318E1,-3.88075E1,2.21E0));
#3333=CARTESIAN_POINT('',(2.58318E1,-3.80075E1,2.21E0));
#3334=VERTEX_POINT('',#3332);
#3335=VERTEX_POINT('',#3333);
#3336=CARTESIAN_POINT('',(2.185180002700E1,-4.086736854730E1,2.21E0));
#3337=CARTESIAN_POINT('',(2.249179997300E1,-4.086763145270E1,2.21E0));
#3338=VERTEX_POINT('',#3336);
#3339=VERTEX_POINT('',#3337);
#3340=CARTESIAN_POINT('',(2.114736428680E1,-4.13975E1,1.813490614200E0));
#3341=VERTEX_POINT('',#3340);
#3342=CARTESIAN_POINT('',(2.114736431383E1,-3.694671042704E1,1.813490613964E0));
#3343=VERTEX_POINT('',#3342);
#3344=CARTESIAN_POINT('',(2.16418E1,-4.189193571320E1,1.813490614200E0));
#3345=VERTEX_POINT('',#3344);
#3346=CARTESIAN_POINT('',(3.00218E1,-4.189193571320E1,1.813490614200E0));
#3347=VERTEX_POINT('',#3346);
#3348=CARTESIAN_POINT('',(2.113951010579E1,-3.54175E1,9.134906145020E-1));
#3349=VERTEX_POINT('',#3348);
#3350=CARTESIAN_POINT('',(2.113951008233E1,-3.602975735285E1,
9.134906144040E-1));
#3351=VERTEX_POINT('',#3350);
#3352=VERTEX_POINT('',#1023);
#3353=CARTESIAN_POINT('',(2.16418E1,-3.491521010579E1,9.134906148046E-1));
#3354=VERTEX_POINT('',#3353);
#3355=CARTESIAN_POINT('',(2.16418E1,-3.531519487501E1,1.31E0));
#3356=VERTEX_POINT('',#3355);
#3357=CARTESIAN_POINT('',(2.153949486516E1,-3.541749990023E1,1.31E0));
#3358=VERTEX_POINT('',#3357);
#3359=CARTESIAN_POINT('',(2.226405754832E1,-3.491521013654E1,
9.134906139309E-1));
#3360=VERTEX_POINT('',#3359);
#3361=CARTESIAN_POINT('',(2.226405754832E1,-3.531519487501E1,1.31E0));
#3362=VERTEX_POINT('',#3361);
#3363=CARTESIAN_POINT('',(2.846190171182E1,-3.492306431552E1,1.813490613949E0));
#3364=CARTESIAN_POINT('',(2.320169828818E1,-3.492306431552E1,1.813490613949E0));
#3365=VERTEX_POINT('',#3363);
#3366=VERTEX_POINT('',#3364);
#3367=CARTESIAN_POINT('',(2.320673859905E1,-3.492001084112E1,1.463490605919E0));
#3368=VERTEX_POINT('',#3367);
#3369=CARTESIAN_POINT('',(3.00218E1,-3.491521010579E1,9.134906145020E-1));
#3370=VERTEX_POINT('',#3369);
#3371=CARTESIAN_POINT('',(2.939954245168E1,-3.491521013649E1,
9.134906139314E-1));
#3372=VERTEX_POINT('',#3371);
#3373=VERTEX_POINT('',#876);
#3374=CARTESIAN_POINT('',(2.299419511686E1,-3.498108034700E1,1.809998009200E0));
#3375=VERTEX_POINT('',#3374);
#3376=VERTEX_POINT('',#552);
#3377=CARTESIAN_POINT('',(2.120932531301E1,-3.673284142708E1,1.81E0));
#3378=VERTEX_POINT('',#3377);
#3379=VERTEX_POINT('',#536);
#3380=CARTESIAN_POINT('',(2.153949487501E1,-3.602975735285E1,1.31E0));
#3381=VERTEX_POINT('',#3380);
#3382=CARTESIAN_POINT('',(2.866940488304E1,-3.498108034694E1,1.809998002619E0));
#3383=VERTEX_POINT('',#3382);
#3384=CARTESIAN_POINT('',(2.866396687576E1,-3.497778515244E1,1.460001821454E0));
#3385=VERTEX_POINT('',#3384);
#3386=CARTESIAN_POINT('',(2.939954245168E1,-3.531519487501E1,1.31E0));
#3387=VERTEX_POINT('',#3386);
#3388=CARTESIAN_POINT('',(3.00218E1,-3.531519487501E1,1.31E0));
#3389=VERTEX_POINT('',#3388);
#3390=CARTESIAN_POINT('',(3.012410512499E1,-3.54175E1,1.31E0));
#3391=VERTEX_POINT('',#3390);
#3392=CARTESIAN_POINT('',(3.012410512499E1,-3.602975735285E1,1.31E0));
#3393=VERTEX_POINT('',#3392);
#3394=CARTESIAN_POINT('',(3.045757007411E1,-3.673805630768E1,1.460001688423E0));
#3395=VERTEX_POINT('',#3394);
#3396=CARTESIAN_POINT('',(3.045427486646E1,-3.673284134969E1,1.809998141241E0));
#3397=VERTEX_POINT('',#3396);
#3398=CARTESIAN_POINT('',(2.230206333019E1,-4.086755382499E1,2.39E0));
#3399=CARTESIAN_POINT('',(2.204153666981E1,-4.086744617501E1,2.39E0));
#3400=VERTEX_POINT('',#3398);
#3401=VERTEX_POINT('',#3399);
#3402=CARTESIAN_POINT('',(2.11332E1,-3.531313485520E1,-1.046E0));
#3403=CARTESIAN_POINT('',(2.152093485520E1,-3.49254E1,-1.046E0));
#3404=VERTEX_POINT('',#3402);
#3405=VERTEX_POINT('',#3403);
#3406=CARTESIAN_POINT('',(2.152093485520E1,-4.19096E1,-1.046E0));
#3407=CARTESIAN_POINT('',(2.11332E1,-4.152186514480E1,-1.046E0));
#3408=VERTEX_POINT('',#3406);
#3409=VERTEX_POINT('',#3407);
#3410=CARTESIAN_POINT('',(3.05304E1,-4.152186514480E1,-1.046E0));
#3411=CARTESIAN_POINT('',(3.014266514480E1,-4.19096E1,-1.046E0));
#3412=VERTEX_POINT('',#3410);
#3413=VERTEX_POINT('',#3411);
#3414=CARTESIAN_POINT('',(3.014266514480E1,-3.49254E1,-1.046E0));
#3415=CARTESIAN_POINT('',(3.05304E1,-3.531313485520E1,-1.046E0));
#3416=VERTEX_POINT('',#3414);
#3417=VERTEX_POINT('',#3415);
#3418=CARTESIAN_POINT('',(2.213177277313E1,-3.491740000015E1,
-1.045999996935E0));
#3419=CARTESIAN_POINT('',(2.953182845313E1,-3.491740000012E1,
-1.045999997282E0));
#3420=VERTEX_POINT('',#3418);
#3421=VERTEX_POINT('',#3419);
#3422=CARTESIAN_POINT('',(3.053179999983E1,-3.591737277314E1,
-1.045999998733E0));
#3423=CARTESIAN_POINT('',(3.053179999987E1,-4.091742845312E1,
-1.045999998877E0));
#3424=VERTEX_POINT('',#3422);
#3425=VERTEX_POINT('',#3423);
#3426=CARTESIAN_POINT('',(2.953182722687E1,-4.191739999985E1,
-1.045999996975E0));
#3427=CARTESIAN_POINT('',(2.213177154687E1,-4.191739999988E1,
-1.045999997317E0));
#3428=VERTEX_POINT('',#3426);
#3429=VERTEX_POINT('',#3427);
#3430=CARTESIAN_POINT('',(2.113180000017E1,-4.091742722686E1,
-1.045999998733E0));
#3431=CARTESIAN_POINT('',(2.113180000013E1,-3.591737154688E1,
-1.045999998877E0));
#3432=VERTEX_POINT('',#3430);
#3433=VERTEX_POINT('',#3431);
#3434=VERTEX_POINT('',#2086);
#3435=VERTEX_POINT('',#2102);
#3436=CARTESIAN_POINT('',(2.155049072843E1,-3.593606788237E1,-3.586E0));
#3437=VERTEX_POINT('',#3436);
#3438=CARTESIAN_POINT('',(2.215046788217E1,-3.533609461879E1,
-3.585999370462E0));
#3439=VERTEX_POINT('',#3438);
#3440=CARTESIAN_POINT('',(2.155049072843E1,-4.089873211774E1,
-3.585999790152E0));
#3441=VERTEX_POINT('',#3440);
#3442=CARTESIAN_POINT('',(2.115050664172E1,-4.089870770523E1,
-3.189490573412E0));
#3443=VERTEX_POINT('',#3442);
#3444=CARTESIAN_POINT('',(2.536998597351E1,-3.533609081977E1,
-3.586000000001E0));
#3445=CARTESIAN_POINT('',(2.536998597274E1,-4.149870918012E1,
-3.586000000001E0));
#3446=VERTEX_POINT('',#3444);
#3447=VERTEX_POINT('',#3445);
#3448=CARTESIAN_POINT('',(2.215046788220E1,-4.149870624488E1,
-3.585999985777E0));
#3449=VERTEX_POINT('',#3448);
#3450=CARTESIAN_POINT('',(2.538480371150E1,-4.139982890879E1,
-3.684254766391E0));
#3451=VERTEX_POINT('',#3450);
#3452=CARTESIAN_POINT('',(2.538480083239E1,-3.543497152273E1,
-3.684254766391E0));
#3453=VERTEX_POINT('',#3452);
#3454=VERTEX_POINT('',#1697);
#3455=VERTEX_POINT('',#1758);
#3456=VERTEX_POINT('',#1760);
#3457=CARTESIAN_POINT('',(2.215046964416E1,-4.189869258057E1,
-3.189490601451E0));
#3458=VERTEX_POINT('',#3457);
#3459=CARTESIAN_POINT('',(2.951310770523E1,-4.189869335828E1,
-3.189490573412E0));
#3460=VERTEX_POINT('',#3459);
#3461=CARTESIAN_POINT('',(2.951313594574E1,-4.149870927164E1,
-3.585999370471E0));
#3462=VERTEX_POINT('',#3461);
#3463=CARTESIAN_POINT('',(2.627879628850E1,-4.139982890879E1,
-3.684254766383E0));
#3464=VERTEX_POINT('',#3463);
#3465=CARTESIAN_POINT('',(2.629361402969E1,-3.533609081978E1,
-3.586000000001E0));
#3466=VERTEX_POINT('',#3465);
#3467=CARTESIAN_POINT('',(2.627879628850E1,-3.543497109121E1,
-3.684254766383E0));
#3468=VERTEX_POINT('',#3467);
#3469=CARTESIAN_POINT('',(3.011310624488E1,-4.089873211780E1,
-3.585999985777E0));
#3470=VERTEX_POINT('',#3469);
#3471=CARTESIAN_POINT('',(3.011310927157E1,-3.593606788226E1,
-3.585999790152E0));
#3472=VERTEX_POINT('',#3471);
#3473=CARTESIAN_POINT('',(2.951313211780E1,-3.533609375512E1,
-3.585999985777E0));
#3474=VERTEX_POINT('',#3473);
#3475=CARTESIAN_POINT('',(2.990179995979E1,-4.091723959010E1,-3.586E0));
#3476=CARTESIAN_POINT('',(2.926180004021E1,-4.091756040990E1,-3.586E0));
#3477=VERTEX_POINT('',#3475);
#3478=VERTEX_POINT('',#3476);
#3479=VERTEX_POINT('',#1597);
#3480=CARTESIAN_POINT('',(3.051309335828E1,-3.593609229477E1,
-3.189490573412E0));
#3481=VERTEX_POINT('',#3480);
#3482=VERTEX_POINT('',#1637);
#3483=VERTEX_POINT('',#1782);
#3484=VERTEX_POINT('',#1833);
#3485=CARTESIAN_POINT('',(2.580760572892E1,-3.540892206795E1,
-4.094726203703E0));
#3486=CARTESIAN_POINT('',(2.58318E1,-3.540882478399E1,-4.094726203703E0));
#3487=VERTEX_POINT('',#3485);
#3488=VERTEX_POINT('',#3486);
#3489=CARTESIAN_POINT('',(2.58318E1,-4.142597521601E1,-4.094726203703E0));
#3490=VERTEX_POINT('',#3489);
#3491=CARTESIAN_POINT('',(2.58318E1,-4.092605134938E1,-4.586E0));
#3492=CARTESIAN_POINT('',(2.58318E1,-3.590874865062E1,-4.586E0));
#3493=VERTEX_POINT('',#3491);
#3494=VERTEX_POINT('',#3492);
#3495=CARTESIAN_POINT('',(2.58318E1,-3.694139694678E1,-4.586E0));
#3496=CARTESIAN_POINT('',(2.580560350225E1,-3.989317056368E1,-4.586E0));
#3497=VERTEX_POINT('',#3495);
#3498=VERTEX_POINT('',#3496);
#3499=CARTESIAN_POINT('',(2.58318E1,-3.989340305322E1,-4.586E0));
#3500=VERTEX_POINT('',#3499);
#3501=CARTESIAN_POINT('',(2.585799649775E1,-3.694162943632E1,-4.586E0));
#3502=VERTEX_POINT('',#3501);
#3503=CARTESIAN_POINT('',(2.585599427108E1,-4.142587793205E1,
-4.094726203703E0));
#3504=VERTEX_POINT('',#3503);
#3505=CARTESIAN_POINT('',(2.58318E1,-3.704137641924E1,-4.683977293975E0));
#3506=CARTESIAN_POINT('',(2.580737796472E1,-3.979320683927E1,
-4.683977293975E0));
#3507=VERTEX_POINT('',#3505);
#3508=VERTEX_POINT('',#3506);
#3509=CARTESIAN_POINT('',(2.58318E1,-3.979342358076E1,-4.683977293975E0));
#3510=VERTEX_POINT('',#3509);
#3511=CARTESIAN_POINT('',(2.58318E1,-3.965975434276E1,-1.129105677199E1));
#3512=VERTEX_POINT('',#3511);
#3513=CARTESIAN_POINT('',(2.580882474387E1,-3.717525811978E1,
-1.129105677199E1));
#3514=CARTESIAN_POINT('',(2.58318E1,-3.717504565724E1,-1.129105677199E1));
#3515=VERTEX_POINT('',#3513);
#3516=VERTEX_POINT('',#3514);
#3517=CARTESIAN_POINT('',(2.585622203528E1,-3.704159316073E1,
-4.683977293975E0));
#3518=VERTEX_POINT('',#3517);
#3519=CARTESIAN_POINT('',(2.585477525613E1,-3.965954188022E1,
-1.129105677199E1));
#3520=VERTEX_POINT('',#3519);
#3521=CARTESIAN_POINT('',(2.58318E1,-3.742499460302E1,-1.1536E1));
#3522=CARTESIAN_POINT('',(2.58318E1,-3.940980539698E1,-1.1536E1));
#3523=VERTEX_POINT('',#3521);
#3524=VERTEX_POINT('',#3522);
#3525=CARTESIAN_POINT('',(2.58318E1,-3.77174E1,-1.1536E1));
#3526=CARTESIAN_POINT('',(2.58318E1,-3.91174E1,-1.1536E1));
#3527=VERTEX_POINT('',#3525);
#3528=VERTEX_POINT('',#3526);
#3529=CARTESIAN_POINT('',(2.946079748602E1,-4.09174E1,-3.766E0));
#3530=CARTESIAN_POINT('',(2.970280251398E1,-4.09174E1,-3.766E0));
#3531=VERTEX_POINT('',#3529);
#3532=VERTEX_POINT('',#3530);
#3533=CARTESIAN_POINT('',(2.93372E1,-4.529399999982E1,-2.54E-1));
#3534=CARTESIAN_POINT('',(2.99468E1,-4.529399999982E1,-2.54E-1));
#3535=VERTEX_POINT('',#3533);
#3536=VERTEX_POINT('',#3534);
#3537=CARTESIAN_POINT('',(2.99468E1,-4.529399999982E1,-7.112E-1));
#3538=VERTEX_POINT('',#3537);
#3539=CARTESIAN_POINT('',(2.93372E1,-4.529399999982E1,-7.112E-1));
#3540=VERTEX_POINT('',#3539);
#3541=CARTESIAN_POINT('',(2.99468E1,-4.554799999982E1,0.E0));
#3542=CARTESIAN_POINT('',(2.93372E1,-4.554799999982E1,0.E0));
#3543=VERTEX_POINT('',#3541);
#3544=VERTEX_POINT('',#3542);
#3545=CARTESIAN_POINT('',(2.9387E1,-5.9777E1,0.E0));
#3546=CARTESIAN_POINT('',(2.9897E1,-5.9777E1,0.E0));
#3547=VERTEX_POINT('',#3545);
#3548=VERTEX_POINT('',#3546);
#3549=CARTESIAN_POINT('',(2.9897E1,-4.605499999982E1,0.E0));
#3550=VERTEX_POINT('',#3549);
#3551=CARTESIAN_POINT('',(3.0277E1,-4.567499999982E1,0.E0));
#3552=VERTEX_POINT('',#3551);
#3553=CARTESIAN_POINT('',(2.99468E1,-4.504003051352E1,0.E0));
#3554=VERTEX_POINT('',#3553);
#3555=CARTESIAN_POINT('',(2.93372E1,-4.504003100677E1,-7.749414730794E-9));
#3556=VERTEX_POINT('',#3555);
#3557=CARTESIAN_POINT('',(2.9387E1,-4.605499999982E1,0.E0));
#3558=CARTESIAN_POINT('',(2.9007E1,-4.567499999982E1,0.E0));
#3559=VERTEX_POINT('',#3557);
#3560=VERTEX_POINT('',#3558);
#3561=CARTESIAN_POINT('',(2.9387E1,-5.9777E1,2.5E-1));
#3562=VERTEX_POINT('',#3561);
#3563=CARTESIAN_POINT('',(2.9897E1,-5.9777E1,2.5E-1));
#3564=VERTEX_POINT('',#3563);
#3565=CARTESIAN_POINT('',(2.9387E1,-4.605499999982E1,2.5E-1));
#3566=VERTEX_POINT('',#3565);
#3567=CARTESIAN_POINT('',(2.9007E1,-4.567499999982E1,2.5E-1));
#3568=VERTEX_POINT('',#3567);
#3569=CARTESIAN_POINT('',(2.9007E1,-4.313499999982E1,2.5E-1));
#3570=VERTEX_POINT('',#3569);
#3571=CARTESIAN_POINT('',(2.93372E1,-4.313499999982E1,2.5E-1));
#3572=VERTEX_POINT('',#3571);
#3573=CARTESIAN_POINT('',(2.93372E1,-4.529399999982E1,2.5E-1));
#3574=VERTEX_POINT('',#3573);
#3575=CARTESIAN_POINT('',(2.99468E1,-4.503999999982E1,-3.999999999699E-3));
#3576=CARTESIAN_POINT('',(2.93372E1,-4.503999999982E1,-3.999999999699E-3));
#3577=VERTEX_POINT('',#3575);
#3578=VERTEX_POINT('',#3576);
#3579=CARTESIAN_POINT('',(2.99468E1,-4.529399999982E1,2.5E-1));
#3580=VERTEX_POINT('',#3579);
#3581=CARTESIAN_POINT('',(2.93372E1,-4.503999999982E1,-7.112E-1));
#3582=VERTEX_POINT('',#3581);
#3583=CARTESIAN_POINT('',(2.99468E1,-4.503999999982E1,-7.112E-1));
#3584=VERTEX_POINT('',#3583);
#3585=CARTESIAN_POINT('',(2.93372E1,-4.466403050714E1,-1.265449351205E0));
#3586=CARTESIAN_POINT('',(2.93372E1,-4.473519999982E1,-1.27E0));
#3587=VERTEX_POINT('',#3585);
#3588=VERTEX_POINT('',#3586);
#3589=CARTESIAN_POINT('',(2.93372E1,-4.391317488452E1,-1.169034238362E0));
#3590=VERTEX_POINT('',#3589);
#3591=CARTESIAN_POINT('',(2.93372E1,-4.379599789259E1,-1.218009258127E0));
#3592=CARTESIAN_POINT('',(2.93372E1,-4.389699999982E1,-1.168E0));
#3593=VERTEX_POINT('',#3591);
#3594=VERTEX_POINT('',#3592);
#3595=CARTESIAN_POINT('',(2.93372E1,-4.333700421429E1,-1.820150860970E0));
#3596=VERTEX_POINT('',#3595);
#3597=CARTESIAN_POINT('',(2.93372E1,-4.313499999982E1,-1.666169377225E0));
#3598=VERTEX_POINT('',#3597);
#3599=CARTESIAN_POINT('',(2.93372E1,-4.359399367812E1,-1.064027774382E0));
#3600=VERTEX_POINT('',#3599);
#3601=CARTESIAN_POINT('',(2.93372E1,-4.473519999982E1,-1.016E0));
#3602=VERTEX_POINT('',#3601);
#3603=CARTESIAN_POINT('',(2.93372E1,-4.469638027654E1,-1.013517827930E0));
#3604=VERTEX_POINT('',#3603);
#3605=CARTESIAN_POINT('',(2.99468E1,-4.473519999982E1,-1.27E0));
#3606=CARTESIAN_POINT('',(2.99468E1,-4.466403050714E1,-1.265449351205E0));
#3607=VERTEX_POINT('',#3605);
#3608=VERTEX_POINT('',#3606);
#3609=CARTESIAN_POINT('',(2.99468E1,-4.469638027654E1,-1.013517827930E0));
#3610=CARTESIAN_POINT('',(2.99468E1,-4.473519999982E1,-1.016E0));
#3611=VERTEX_POINT('',#3609);
#3612=VERTEX_POINT('',#3610);
#3613=CARTESIAN_POINT('',(2.99468E1,-4.313499999982E1,-1.666169377225E0));
#3614=CARTESIAN_POINT('',(2.99468E1,-4.359399367812E1,-1.064027774382E0));
#3615=VERTEX_POINT('',#3613);
#3616=VERTEX_POINT('',#3614);
#3617=CARTESIAN_POINT('',(2.99468E1,-4.333700421429E1,-1.820150860970E0));
#3618=VERTEX_POINT('',#3617);
#3619=CARTESIAN_POINT('',(2.99468E1,-4.379599789259E1,-1.218009258127E0));
#3620=VERTEX_POINT('',#3619);
#3621=CARTESIAN_POINT('',(2.99468E1,-4.391317488452E1,-1.169034238362E0));
#3622=CARTESIAN_POINT('',(2.99468E1,-4.389699999982E1,-1.168E0));
#3623=VERTEX_POINT('',#3621);
#3624=VERTEX_POINT('',#3622);
#3625=CARTESIAN_POINT('',(2.99468E1,-4.313499999982E1,2.5E-1));
#3626=VERTEX_POINT('',#3625);
#3627=CARTESIAN_POINT('',(3.0277E1,-4.313499999982E1,2.5E-1));
#3628=VERTEX_POINT('',#3627);
#3629=CARTESIAN_POINT('',(3.0277E1,-4.567499999982E1,2.5E-1));
#3630=VERTEX_POINT('',#3629);
#3631=CARTESIAN_POINT('',(2.9897E1,-4.605499999982E1,2.5E-1));
#3632=VERTEX_POINT('',#3631);
#3633=CARTESIAN_POINT('',(2.42572E1,-4.529399999982E1,-2.54E-1));
#3634=CARTESIAN_POINT('',(2.48668E1,-4.529399999982E1,-2.54E-1));
#3635=VERTEX_POINT('',#3633);
#3636=VERTEX_POINT('',#3634);
#3637=CARTESIAN_POINT('',(2.48668E1,-4.529399999982E1,-7.112E-1));
#3638=VERTEX_POINT('',#3637);
#3639=CARTESIAN_POINT('',(2.42572E1,-4.529399999982E1,-7.112E-1));
#3640=VERTEX_POINT('',#3639);
#3641=CARTESIAN_POINT('',(2.48668E1,-4.554799999982E1,0.E0));
#3642=CARTESIAN_POINT('',(2.42572E1,-4.554799999982E1,0.E0));
#3643=VERTEX_POINT('',#3641);
#3644=VERTEX_POINT('',#3642);
#3645=CARTESIAN_POINT('',(2.4307E1,-5.9777E1,0.E0));
#3646=CARTESIAN_POINT('',(2.4817E1,-5.9777E1,0.E0));
#3647=VERTEX_POINT('',#3645);
#3648=VERTEX_POINT('',#3646);
#3649=CARTESIAN_POINT('',(2.4817E1,-4.605499999982E1,0.E0));
#3650=VERTEX_POINT('',#3649);
#3651=CARTESIAN_POINT('',(2.5197E1,-4.567499999982E1,0.E0));
#3652=VERTEX_POINT('',#3651);
#3653=CARTESIAN_POINT('',(2.48668E1,-4.504003051352E1,0.E0));
#3654=VERTEX_POINT('',#3653);
#3655=CARTESIAN_POINT('',(2.42572E1,-4.504003100677E1,-7.749414730794E-9));
#3656=VERTEX_POINT('',#3655);
#3657=CARTESIAN_POINT('',(2.4307E1,-4.605499999982E1,0.E0));
#3658=CARTESIAN_POINT('',(2.3927E1,-4.567499999982E1,0.E0));
#3659=VERTEX_POINT('',#3657);
#3660=VERTEX_POINT('',#3658);
#3661=CARTESIAN_POINT('',(2.4307E1,-5.9777E1,2.5E-1));
#3662=VERTEX_POINT('',#3661);
#3663=CARTESIAN_POINT('',(2.4817E1,-5.9777E1,2.5E-1));
#3664=VERTEX_POINT('',#3663);
#3665=CARTESIAN_POINT('',(2.4307E1,-4.605499999982E1,2.5E-1));
#3666=VERTEX_POINT('',#3665);
#3667=CARTESIAN_POINT('',(2.3927E1,-4.567499999982E1,2.5E-1));
#3668=VERTEX_POINT('',#3667);
#3669=CARTESIAN_POINT('',(2.3927E1,-4.313499999982E1,2.5E-1));
#3670=VERTEX_POINT('',#3669);
#3671=CARTESIAN_POINT('',(2.42572E1,-4.313499999982E1,2.5E-1));
#3672=VERTEX_POINT('',#3671);
#3673=CARTESIAN_POINT('',(2.42572E1,-4.529399999982E1,2.5E-1));
#3674=VERTEX_POINT('',#3673);
#3675=CARTESIAN_POINT('',(2.48668E1,-4.503999999982E1,-3.999999999699E-3));
#3676=CARTESIAN_POINT('',(2.42572E1,-4.503999999982E1,-3.999999999699E-3));
#3677=VERTEX_POINT('',#3675);
#3678=VERTEX_POINT('',#3676);
#3679=CARTESIAN_POINT('',(2.48668E1,-4.529399999982E1,2.5E-1));
#3680=VERTEX_POINT('',#3679);
#3681=CARTESIAN_POINT('',(2.42572E1,-4.503999999982E1,-7.112E-1));
#3682=VERTEX_POINT('',#3681);
#3683=CARTESIAN_POINT('',(2.48668E1,-4.503999999982E1,-7.112E-1));
#3684=VERTEX_POINT('',#3683);
#3685=CARTESIAN_POINT('',(2.42572E1,-4.466403050714E1,-1.265449351205E0));
#3686=CARTESIAN_POINT('',(2.42572E1,-4.473519999982E1,-1.27E0));
#3687=VERTEX_POINT('',#3685);
#3688=VERTEX_POINT('',#3686);
#3689=CARTESIAN_POINT('',(2.42572E1,-4.391317488452E1,-1.169034238362E0));
#3690=VERTEX_POINT('',#3689);
#3691=CARTESIAN_POINT('',(2.42572E1,-4.379599789259E1,-1.218009258127E0));
#3692=CARTESIAN_POINT('',(2.42572E1,-4.389699999982E1,-1.168E0));
#3693=VERTEX_POINT('',#3691);
#3694=VERTEX_POINT('',#3692);
#3695=CARTESIAN_POINT('',(2.42572E1,-4.333700421429E1,-1.820150860970E0));
#3696=VERTEX_POINT('',#3695);
#3697=CARTESIAN_POINT('',(2.42572E1,-4.313499999982E1,-1.666169377225E0));
#3698=VERTEX_POINT('',#3697);
#3699=CARTESIAN_POINT('',(2.42572E1,-4.359399367812E1,-1.064027774382E0));
#3700=VERTEX_POINT('',#3699);
#3701=CARTESIAN_POINT('',(2.42572E1,-4.473519999982E1,-1.016E0));
#3702=VERTEX_POINT('',#3701);
#3703=CARTESIAN_POINT('',(2.42572E1,-4.469638027654E1,-1.013517827930E0));
#3704=VERTEX_POINT('',#3703);
#3705=CARTESIAN_POINT('',(2.48668E1,-4.473519999982E1,-1.27E0));
#3706=CARTESIAN_POINT('',(2.48668E1,-4.466403050714E1,-1.265449351205E0));
#3707=VERTEX_POINT('',#3705);
#3708=VERTEX_POINT('',#3706);
#3709=CARTESIAN_POINT('',(2.48668E1,-4.469638027654E1,-1.013517827930E0));
#3710=CARTESIAN_POINT('',(2.48668E1,-4.473519999982E1,-1.016E0));
#3711=VERTEX_POINT('',#3709);
#3712=VERTEX_POINT('',#3710);
#3713=CARTESIAN_POINT('',(2.48668E1,-4.313499999982E1,-1.666169377225E0));
#3714=CARTESIAN_POINT('',(2.48668E1,-4.359399367812E1,-1.064027774382E0));
#3715=VERTEX_POINT('',#3713);
#3716=VERTEX_POINT('',#3714);
#3717=CARTESIAN_POINT('',(2.48668E1,-4.333700421429E1,-1.820150860970E0));
#3718=VERTEX_POINT('',#3717);
#3719=CARTESIAN_POINT('',(2.48668E1,-4.379599789259E1,-1.218009258127E0));
#3720=VERTEX_POINT('',#3719);
#3721=CARTESIAN_POINT('',(2.48668E1,-4.391317488452E1,-1.169034238362E0));
#3722=CARTESIAN_POINT('',(2.48668E1,-4.389699999982E1,-1.168E0));
#3723=VERTEX_POINT('',#3721);
#3724=VERTEX_POINT('',#3722);
#3725=CARTESIAN_POINT('',(2.48668E1,-4.313499999982E1,2.5E-1));
#3726=VERTEX_POINT('',#3725);
#3727=CARTESIAN_POINT('',(2.5197E1,-4.313499999982E1,2.5E-1));
#3728=VERTEX_POINT('',#3727);
#3729=CARTESIAN_POINT('',(2.5197E1,-4.567499999982E1,2.5E-1));
#3730=VERTEX_POINT('',#3729);
#3731=CARTESIAN_POINT('',(2.4817E1,-4.605499999982E1,2.5E-1));
#3732=VERTEX_POINT('',#3731);
#3733=CARTESIAN_POINT('',(2.17172E1,-4.529399999982E1,-7.112E-1));
#3734=CARTESIAN_POINT('',(2.17172E1,-4.529399999982E1,-2.54E-1));
#3735=VERTEX_POINT('',#3733);
#3736=VERTEX_POINT('',#3734);
#3737=CARTESIAN_POINT('',(2.23268E1,-4.529399999982E1,-2.54E-1));
#3738=VERTEX_POINT('',#3737);
#3739=CARTESIAN_POINT('',(2.23268E1,-4.529399999982E1,-7.112E-1));
#3740=VERTEX_POINT('',#3739);
#3741=CARTESIAN_POINT('',(2.17172E1,-4.503999999982E1,-7.112E-1));
#3742=CARTESIAN_POINT('',(2.17172E1,-4.503999999982E1,-3.999999999699E-3));
#3743=VERTEX_POINT('',#3741);
#3744=VERTEX_POINT('',#3742);
#3745=CARTESIAN_POINT('',(2.17172E1,-4.504003149784E1,0.E0));
#3746=VERTEX_POINT('',#3745);
#3747=CARTESIAN_POINT('',(2.17172E1,-4.554799999982E1,0.E0));
#3748=VERTEX_POINT('',#3747);
#3749=CARTESIAN_POINT('',(2.17172E1,-4.466403050714E1,-1.265449351205E0));
#3750=CARTESIAN_POINT('',(2.17172E1,-4.473519999982E1,-1.27E0));
#3751=VERTEX_POINT('',#3749);
#3752=VERTEX_POINT('',#3750);
#3753=CARTESIAN_POINT('',(2.17172E1,-4.391317488452E1,-1.169034238362E0));
#3754=VERTEX_POINT('',#3753);
#3755=CARTESIAN_POINT('',(2.17172E1,-4.379599789259E1,-1.218009258127E0));
#3756=CARTESIAN_POINT('',(2.17172E1,-4.389699999982E1,-1.168E0));
#3757=VERTEX_POINT('',#3755);
#3758=VERTEX_POINT('',#3756);
#3759=CARTESIAN_POINT('',(2.17172E1,-4.333700421429E1,-1.820150860970E0));
#3760=VERTEX_POINT('',#3759);
#3761=CARTESIAN_POINT('',(2.17172E1,-4.313499999982E1,-1.666169377225E0));
#3762=VERTEX_POINT('',#3761);
#3763=CARTESIAN_POINT('',(2.17172E1,-4.359399367812E1,-1.064027774382E0));
#3764=VERTEX_POINT('',#3763);
#3765=CARTESIAN_POINT('',(2.17172E1,-4.473519999982E1,-1.016E0));
#3766=VERTEX_POINT('',#3765);
#3767=CARTESIAN_POINT('',(2.17172E1,-4.469638027654E1,-1.013517827930E0));
#3768=VERTEX_POINT('',#3767);
#3769=CARTESIAN_POINT('',(2.23268E1,-4.503999999982E1,-7.112E-1));
#3770=VERTEX_POINT('',#3769);
#3771=CARTESIAN_POINT('',(2.23268E1,-4.503999999982E1,-3.999999999699E-3));
#3772=VERTEX_POINT('',#3771);
#3773=CARTESIAN_POINT('',(2.23268E1,-4.469638027654E1,-1.013517827930E0));
#3774=VERTEX_POINT('',#3773);
#3775=CARTESIAN_POINT('',(2.23268E1,-4.473519999982E1,-1.016E0));
#3776=VERTEX_POINT('',#3775);
#3777=CARTESIAN_POINT('',(2.23268E1,-4.359399367812E1,-1.064027774382E0));
#3778=VERTEX_POINT('',#3777);
#3779=CARTESIAN_POINT('',(2.23268E1,-4.313499999982E1,-1.666169377225E0));
#3780=VERTEX_POINT('',#3779);
#3781=CARTESIAN_POINT('',(2.23268E1,-4.333700421429E1,-1.820150860970E0));
#3782=VERTEX_POINT('',#3781);
#3783=CARTESIAN_POINT('',(2.23268E1,-4.379599789259E1,-1.218009258127E0));
#3784=VERTEX_POINT('',#3783);
#3785=CARTESIAN_POINT('',(2.23268E1,-4.391317488452E1,-1.169034238362E0));
#3786=VERTEX_POINT('',#3785);
#3787=CARTESIAN_POINT('',(2.23268E1,-4.389699999982E1,-1.168E0));
#3788=VERTEX_POINT('',#3787);
#3789=CARTESIAN_POINT('',(2.23268E1,-4.466403050714E1,-1.265449351205E0));
#3790=VERTEX_POINT('',#3789);
#3791=CARTESIAN_POINT('',(2.23268E1,-4.473519999982E1,-1.27E0));
#3792=VERTEX_POINT('',#3791);
#3793=CARTESIAN_POINT('',(2.23268E1,-4.554799999982E1,0.E0));
#3794=VERTEX_POINT('',#3793);
#3795=CARTESIAN_POINT('',(2.23268E1,-4.504003051352E1,0.E0));
#3796=VERTEX_POINT('',#3795);
#3797=CARTESIAN_POINT('',(2.1767E1,-5.9777E1,0.E0));
#3798=CARTESIAN_POINT('',(2.2277E1,-5.9777E1,0.E0));
#3799=VERTEX_POINT('',#3797);
#3800=VERTEX_POINT('',#3798);
#3801=CARTESIAN_POINT('',(2.2277E1,-4.605499999982E1,0.E0));
#3802=VERTEX_POINT('',#3801);
#3803=CARTESIAN_POINT('',(2.2657E1,-4.567499999982E1,0.E0));
#3804=VERTEX_POINT('',#3803);
#3805=CARTESIAN_POINT('',(2.1767E1,-4.605499999982E1,0.E0));
#3806=CARTESIAN_POINT('',(2.1387E1,-4.567499999982E1,0.E0));
#3807=VERTEX_POINT('',#3805);
#3808=VERTEX_POINT('',#3806);
#3809=CARTESIAN_POINT('',(2.1767E1,-5.9777E1,2.5E-1));
#3810=VERTEX_POINT('',#3809);
#3811=CARTESIAN_POINT('',(2.2277E1,-5.9777E1,2.5E-1));
#3812=VERTEX_POINT('',#3811);
#3813=CARTESIAN_POINT('',(2.1767E1,-4.605499999982E1,2.5E-1));
#3814=VERTEX_POINT('',#3813);
#3815=CARTESIAN_POINT('',(2.1387E1,-4.567499999982E1,2.5E-1));
#3816=VERTEX_POINT('',#3815);
#3817=CARTESIAN_POINT('',(2.1387E1,-4.313499999982E1,2.5E-1));
#3818=VERTEX_POINT('',#3817);
#3819=CARTESIAN_POINT('',(2.17172E1,-4.313499999982E1,2.5E-1));
#3820=VERTEX_POINT('',#3819);
#3821=CARTESIAN_POINT('',(2.17172E1,-4.529399999982E1,2.5E-1));
#3822=VERTEX_POINT('',#3821);
#3823=CARTESIAN_POINT('',(2.23268E1,-4.529399999982E1,2.5E-1));
#3824=VERTEX_POINT('',#3823);
#3825=CARTESIAN_POINT('',(2.23268E1,-4.313499999982E1,2.5E-1));
#3826=VERTEX_POINT('',#3825);
#3827=CARTESIAN_POINT('',(2.2657E1,-4.313499999982E1,2.5E-1));
#3828=VERTEX_POINT('',#3827);
#3829=CARTESIAN_POINT('',(2.2657E1,-4.567499999982E1,2.5E-1));
#3830=VERTEX_POINT('',#3829);
#3831=CARTESIAN_POINT('',(2.2277E1,-4.605499999982E1,2.5E-1));
#3832=VERTEX_POINT('',#3831);
#3833=CARTESIAN_POINT('',(2.67972E1,-4.529399999982E1,-2.54E-1));
#3834=CARTESIAN_POINT('',(2.74068E1,-4.529399999982E1,-2.54E-1));
#3835=VERTEX_POINT('',#3833);
#3836=VERTEX_POINT('',#3834);
#3837=CARTESIAN_POINT('',(2.74068E1,-4.529399999982E1,-7.112E-1));
#3838=VERTEX_POINT('',#3837);
#3839=CARTESIAN_POINT('',(2.67972E1,-4.529399999982E1,-7.112E-1));
#3840=VERTEX_POINT('',#3839);
#3841=CARTESIAN_POINT('',(2.74068E1,-4.554799999982E1,0.E0));
#3842=CARTESIAN_POINT('',(2.67972E1,-4.554799999982E1,0.E0));
#3843=VERTEX_POINT('',#3841);
#3844=VERTEX_POINT('',#3842);
#3845=CARTESIAN_POINT('',(2.6847E1,-5.9777E1,0.E0));
#3846=CARTESIAN_POINT('',(2.7357E1,-5.9777E1,0.E0));
#3847=VERTEX_POINT('',#3845);
#3848=VERTEX_POINT('',#3846);
#3849=CARTESIAN_POINT('',(2.7357E1,-4.605499999982E1,0.E0));
#3850=VERTEX_POINT('',#3849);
#3851=CARTESIAN_POINT('',(2.7737E1,-4.567499999982E1,0.E0));
#3852=VERTEX_POINT('',#3851);
#3853=CARTESIAN_POINT('',(2.74068E1,-4.504003051352E1,0.E0));
#3854=VERTEX_POINT('',#3853);
#3855=CARTESIAN_POINT('',(2.67972E1,-4.504003100677E1,-7.749414730794E-9));
#3856=VERTEX_POINT('',#3855);
#3857=CARTESIAN_POINT('',(2.6847E1,-4.605499999982E1,0.E0));
#3858=CARTESIAN_POINT('',(2.6467E1,-4.567499999982E1,0.E0));
#3859=VERTEX_POINT('',#3857);
#3860=VERTEX_POINT('',#3858);
#3861=CARTESIAN_POINT('',(2.6847E1,-5.9777E1,2.5E-1));
#3862=VERTEX_POINT('',#3861);
#3863=CARTESIAN_POINT('',(2.7357E1,-5.9777E1,2.5E-1));
#3864=VERTEX_POINT('',#3863);
#3865=CARTESIAN_POINT('',(2.6847E1,-4.605499999982E1,2.5E-1));
#3866=VERTEX_POINT('',#3865);
#3867=CARTESIAN_POINT('',(2.6467E1,-4.567499999982E1,2.5E-1));
#3868=VERTEX_POINT('',#3867);
#3869=CARTESIAN_POINT('',(2.6467E1,-4.313499999982E1,2.5E-1));
#3870=VERTEX_POINT('',#3869);
#3871=CARTESIAN_POINT('',(2.67972E1,-4.313499999982E1,2.5E-1));
#3872=VERTEX_POINT('',#3871);
#3873=CARTESIAN_POINT('',(2.67972E1,-4.529399999982E1,2.5E-1));
#3874=VERTEX_POINT('',#3873);
#3875=CARTESIAN_POINT('',(2.74068E1,-4.529399999982E1,2.5E-1));
#3876=VERTEX_POINT('',#3875);
#3877=CARTESIAN_POINT('',(2.67972E1,-4.503999999982E1,-3.999999999098E-3));
#3878=VERTEX_POINT('',#3877);
#3879=CARTESIAN_POINT('',(2.74068E1,-4.503999999982E1,-3.999999999699E-3));
#3880=VERTEX_POINT('',#3879);
#3881=CARTESIAN_POINT('',(2.74068E1,-4.313499999982E1,2.5E-1));
#3882=VERTEX_POINT('',#3881);
#3883=CARTESIAN_POINT('',(2.7737E1,-4.313499999982E1,2.5E-1));
#3884=VERTEX_POINT('',#3883);
#3885=CARTESIAN_POINT('',(2.7737E1,-4.567499999982E1,2.5E-1));
#3886=VERTEX_POINT('',#3885);
#3887=CARTESIAN_POINT('',(2.7357E1,-4.605499999982E1,2.5E-1));
#3888=VERTEX_POINT('',#3887);
#3889=CARTESIAN_POINT('',(2.67972E1,-4.503999999982E1,-7.112E-1));
#3890=VERTEX_POINT('',#3889);
#3891=CARTESIAN_POINT('',(2.67972E1,-4.466403050714E1,-1.265449351205E0));
#3892=CARTESIAN_POINT('',(2.67972E1,-4.473519999982E1,-1.27E0));
#3893=VERTEX_POINT('',#3891);
#3894=VERTEX_POINT('',#3892);
#3895=CARTESIAN_POINT('',(2.67972E1,-4.391317488452E1,-1.169034238362E0));
#3896=VERTEX_POINT('',#3895);
#3897=CARTESIAN_POINT('',(2.67972E1,-4.379599789259E1,-1.218009258127E0));
#3898=CARTESIAN_POINT('',(2.67972E1,-4.389699999982E1,-1.168E0));
#3899=VERTEX_POINT('',#3897);
#3900=VERTEX_POINT('',#3898);
#3901=CARTESIAN_POINT('',(2.67972E1,-4.333700421429E1,-1.820150860970E0));
#3902=VERTEX_POINT('',#3901);
#3903=CARTESIAN_POINT('',(2.67972E1,-4.313499999982E1,-1.666169377225E0));
#3904=VERTEX_POINT('',#3903);
#3905=CARTESIAN_POINT('',(2.67972E1,-4.359399367812E1,-1.064027774382E0));
#3906=VERTEX_POINT('',#3905);
#3907=CARTESIAN_POINT('',(2.67972E1,-4.473519999982E1,-1.016E0));
#3908=VERTEX_POINT('',#3907);
#3909=CARTESIAN_POINT('',(2.67972E1,-4.469638027654E1,-1.013517827930E0));
#3910=VERTEX_POINT('',#3909);
#3911=CARTESIAN_POINT('',(2.74068E1,-4.503999999982E1,-7.112E-1));
#3912=VERTEX_POINT('',#3911);
#3913=CARTESIAN_POINT('',(2.74068E1,-4.469638027654E1,-1.013517827930E0));
#3914=VERTEX_POINT('',#3913);
#3915=CARTESIAN_POINT('',(2.74068E1,-4.473519999982E1,-1.016E0));
#3916=VERTEX_POINT('',#3915);
#3917=CARTESIAN_POINT('',(2.74068E1,-4.359399367812E1,-1.064027774382E0));
#3918=VERTEX_POINT('',#3917);
#3919=CARTESIAN_POINT('',(2.74068E1,-4.313499999982E1,-1.666169377225E0));
#3920=VERTEX_POINT('',#3919);
#3921=CARTESIAN_POINT('',(2.74068E1,-4.333700421429E1,-1.820150860970E0));
#3922=VERTEX_POINT('',#3921);
#3923=CARTESIAN_POINT('',(2.74068E1,-4.379599789259E1,-1.218009258127E0));
#3924=VERTEX_POINT('',#3923);
#3925=CARTESIAN_POINT('',(2.74068E1,-4.391317488452E1,-1.169034238362E0));
#3926=VERTEX_POINT('',#3925);
#3927=CARTESIAN_POINT('',(2.74068E1,-4.389699999982E1,-1.168E0));
#3928=VERTEX_POINT('',#3927);
#3929=CARTESIAN_POINT('',(2.74068E1,-4.466403050714E1,-1.265449351205E0));
#3930=VERTEX_POINT('',#3929);
#3931=CARTESIAN_POINT('',(2.74068E1,-4.473519999982E1,-1.27E0));
#3932=VERTEX_POINT('',#3931);
#3933=CARTESIAN_POINT('',(3.014266514480E1,-4.19196E1,0.E0));
#3934=CARTESIAN_POINT('',(2.152093485520E1,-4.19196E1,0.E0));
#3935=VERTEX_POINT('',#3933);
#3936=VERTEX_POINT('',#3934);
#3937=CARTESIAN_POINT('',(2.11332E1,-4.153186514480E1,0.E0));
#3938=VERTEX_POINT('',#3937);
#3939=CARTESIAN_POINT('',(2.11332E1,-3.532313485520E1,0.E0));
#3940=VERTEX_POINT('',#3939);
#3941=CARTESIAN_POINT('',(2.152093485520E1,-3.49354E1,0.E0));
#3942=VERTEX_POINT('',#3941);
#3943=CARTESIAN_POINT('',(3.014266514480E1,-3.49354E1,0.E0));
#3944=VERTEX_POINT('',#3943);
#3945=CARTESIAN_POINT('',(3.05304E1,-3.532313485520E1,0.E0));
#3946=VERTEX_POINT('',#3945);
#3947=CARTESIAN_POINT('',(3.05304E1,-4.153186514480E1,0.E0));
#3948=VERTEX_POINT('',#3947);
#3949=CARTESIAN_POINT('',(2.11332E1,-3.532313485520E1,3.E-2));
#3950=VERTEX_POINT('',#3949);
#3951=CARTESIAN_POINT('',(3.05304E1,-3.532313485520E1,3.E-2));
#3952=VERTEX_POINT('',#3951);
#3953=CARTESIAN_POINT('',(2.11332E1,-4.143526294480E1,3.E-2));
#3954=CARTESIAN_POINT('',(2.11332E1,-3.537973705520E1,3.E-2));
#3955=VERTEX_POINT('',#3953);
#3956=VERTEX_POINT('',#3954);
#3957=CARTESIAN_POINT('',(2.152093485520E1,-3.49354E1,3.E-2));
#3958=CARTESIAN_POINT('',(2.121831958325E1,-3.513330933051E1,3.E-2));
#3959=VERTEX_POINT('',#3957);
#3960=VERTEX_POINT('',#3958);
#3961=CARTESIAN_POINT('',(3.014266514480E1,-3.49354E1,3.E-2));
#3962=VERTEX_POINT('',#3961);
#3963=CARTESIAN_POINT('',(3.044528041675E1,-3.513330933051E1,3.E-2));
#3964=VERTEX_POINT('',#3963);
#3965=CARTESIAN_POINT('',(3.05304E1,-3.537973705520E1,3.E-2));
#3966=CARTESIAN_POINT('',(3.05304E1,-4.143526294480E1,3.E-2));
#3967=VERTEX_POINT('',#3965);
#3968=VERTEX_POINT('',#3966);
#3969=CARTESIAN_POINT('',(3.00218E1,-4.19075E1,3.E-2));
#3970=VERTEX_POINT('',#3969);
#3971=CARTESIAN_POINT('',(2.16418E1,-4.19075E1,3.E-2));
#3972=VERTEX_POINT('',#3971);
#3973=CARTESIAN_POINT('',(2.152093485520E1,-3.49254E1,-1.016E0));
#3974=CARTESIAN_POINT('',(3.014266514480E1,-3.49254E1,-1.016E0));
#3975=VERTEX_POINT('',#3973);
#3976=VERTEX_POINT('',#3974);
#3977=CARTESIAN_POINT('',(3.05304E1,-3.531313485520E1,-1.016E0));
#3978=VERTEX_POINT('',#3977);
#3979=CARTESIAN_POINT('',(3.05304E1,-4.152186514480E1,-1.016E0));
#3980=VERTEX_POINT('',#3979);
#3981=CARTESIAN_POINT('',(3.014266514480E1,-4.19096E1,-1.016E0));
#3982=VERTEX_POINT('',#3981);
#3983=CARTESIAN_POINT('',(2.152093485520E1,-4.19096E1,-1.016E0));
#3984=VERTEX_POINT('',#3983);
#3985=CARTESIAN_POINT('',(2.11332E1,-4.152186514480E1,-1.016E0));
#3986=VERTEX_POINT('',#3985);
#3987=CARTESIAN_POINT('',(2.11332E1,-3.531313485520E1,-1.016E0));
#3988=VERTEX_POINT('',#3987);
#3989=VERTEX_POINT('',#1448);
#3990=VERTEX_POINT('',#1456);
#3991=VERTEX_POINT('',#1463);
#3992=VERTEX_POINT('',#1471);
#3993=VERTEX_POINT('',#1478);
#3994=VERTEX_POINT('',#1486);
#3995=VERTEX_POINT('',#1493);
#3996=VERTEX_POINT('',#1501);
#3997=CARTESIAN_POINT('',(2.9007E1,-4.457699999982E1,0.E0));
#3998=CARTESIAN_POINT('',(2.9007E1,-4.313499999982E1,0.E0));
#3999=VERTEX_POINT('',#3997);
#4000=VERTEX_POINT('',#3998);
#4001=CARTESIAN_POINT('',(2.93372E1,-4.313499999982E1,0.E0));
#4002=VERTEX_POINT('',#4001);
#4003=CARTESIAN_POINT('',(2.93372E1,-4.457699999982E1,0.E0));
#4004=VERTEX_POINT('',#4003);
#4005=CARTESIAN_POINT('',(2.99468E1,-4.457699999982E1,0.E0));
#4006=CARTESIAN_POINT('',(2.99468E1,-4.313499999982E1,0.E0));
#4007=VERTEX_POINT('',#4005);
#4008=VERTEX_POINT('',#4006);
#4009=CARTESIAN_POINT('',(3.0277E1,-4.313499999982E1,0.E0));
#4010=VERTEX_POINT('',#4009);
#4011=CARTESIAN_POINT('',(3.0277E1,-4.457699999982E1,0.E0));
#4012=VERTEX_POINT('',#4011);
#4013=CARTESIAN_POINT('',(2.93372E1,-4.457699999982E1,-1.016E0));
#4014=CARTESIAN_POINT('',(2.93372E1,-4.457699999982E1,-9.981885655468E-1));
#4015=VERTEX_POINT('',#4013);
#4016=VERTEX_POINT('',#4014);
#4017=CARTESIAN_POINT('',(2.99468E1,-4.457699999982E1,-1.016E0));
#4018=CARTESIAN_POINT('',(2.99468E1,-4.457699999982E1,-9.981885655468E-1));
#4019=VERTEX_POINT('',#4017);
#4020=VERTEX_POINT('',#4018);
#4021=CARTESIAN_POINT('',(2.93372E1,-4.363753902010E1,-1.016E0));
#4022=VERTEX_POINT('',#4021);
#4023=CARTESIAN_POINT('',(2.99468E1,-4.363753902010E1,-1.016E0));
#4024=VERTEX_POINT('',#4023);
#4025=CARTESIAN_POINT('',(2.3927E1,-4.457699999982E1,0.E0));
#4026=CARTESIAN_POINT('',(2.3927E1,-4.313499999982E1,0.E0));
#4027=VERTEX_POINT('',#4025);
#4028=VERTEX_POINT('',#4026);
#4029=CARTESIAN_POINT('',(2.42572E1,-4.313499999982E1,0.E0));
#4030=VERTEX_POINT('',#4029);
#4031=CARTESIAN_POINT('',(2.42572E1,-4.457699999982E1,0.E0));
#4032=VERTEX_POINT('',#4031);
#4033=CARTESIAN_POINT('',(2.48668E1,-4.457699999982E1,0.E0));
#4034=CARTESIAN_POINT('',(2.48668E1,-4.313499999982E1,0.E0));
#4035=VERTEX_POINT('',#4033);
#4036=VERTEX_POINT('',#4034);
#4037=CARTESIAN_POINT('',(2.5197E1,-4.313499999982E1,0.E0));
#4038=VERTEX_POINT('',#4037);
#4039=CARTESIAN_POINT('',(2.5197E1,-4.457699999982E1,0.E0));
#4040=VERTEX_POINT('',#4039);
#4041=CARTESIAN_POINT('',(2.42572E1,-4.457699999982E1,-1.016E0));
#4042=CARTESIAN_POINT('',(2.42572E1,-4.457699999982E1,-9.981885655468E-1));
#4043=VERTEX_POINT('',#4041);
#4044=VERTEX_POINT('',#4042);
#4045=CARTESIAN_POINT('',(2.48668E1,-4.457699999982E1,-1.016E0));
#4046=CARTESIAN_POINT('',(2.48668E1,-4.457699999982E1,-9.981885655468E-1));
#4047=VERTEX_POINT('',#4045);
#4048=VERTEX_POINT('',#4046);
#4049=CARTESIAN_POINT('',(2.42572E1,-4.363753902010E1,-1.016E0));
#4050=VERTEX_POINT('',#4049);
#4051=CARTESIAN_POINT('',(2.48668E1,-4.363753902010E1,-1.016E0));
#4052=VERTEX_POINT('',#4051);
#4053=CARTESIAN_POINT('',(2.1387E1,-4.457699999982E1,0.E0));
#4054=CARTESIAN_POINT('',(2.1387E1,-4.313499999982E1,0.E0));
#4055=VERTEX_POINT('',#4053);
#4056=VERTEX_POINT('',#4054);
#4057=CARTESIAN_POINT('',(2.17172E1,-4.313499999982E1,0.E0));
#4058=VERTEX_POINT('',#4057);
#4059=CARTESIAN_POINT('',(2.17172E1,-4.457699999982E1,0.E0));
#4060=VERTEX_POINT('',#4059);
#4061=CARTESIAN_POINT('',(2.23268E1,-4.457699999982E1,0.E0));
#4062=CARTESIAN_POINT('',(2.23268E1,-4.313499999982E1,0.E0));
#4063=VERTEX_POINT('',#4061);
#4064=VERTEX_POINT('',#4062);
#4065=CARTESIAN_POINT('',(2.2657E1,-4.313499999982E1,0.E0));
#4066=VERTEX_POINT('',#4065);
#4067=CARTESIAN_POINT('',(2.2657E1,-4.457699999982E1,0.E0));
#4068=VERTEX_POINT('',#4067);
#4069=CARTESIAN_POINT('',(2.17172E1,-4.457699999982E1,-1.016E0));
#4070=CARTESIAN_POINT('',(2.17172E1,-4.457699999982E1,-9.981885655468E-1));
#4071=VERTEX_POINT('',#4069);
#4072=VERTEX_POINT('',#4070);
#4073=CARTESIAN_POINT('',(2.23268E1,-4.457699999982E1,-9.981885655468E-1));
#4074=VERTEX_POINT('',#4073);
#4075=CARTESIAN_POINT('',(2.23268E1,-4.457699999982E1,-1.016E0));
#4076=VERTEX_POINT('',#4075);
#4077=CARTESIAN_POINT('',(2.17172E1,-4.363753902010E1,-1.016E0));
#4078=VERTEX_POINT('',#4077);
#4079=CARTESIAN_POINT('',(2.23268E1,-4.363753902010E1,-1.016E0));
#4080=VERTEX_POINT('',#4079);
#4081=CARTESIAN_POINT('',(2.6467E1,-4.457699999982E1,0.E0));
#4082=CARTESIAN_POINT('',(2.6467E1,-4.313499999982E1,0.E0));
#4083=VERTEX_POINT('',#4081);
#4084=VERTEX_POINT('',#4082);
#4085=CARTESIAN_POINT('',(2.67972E1,-4.313499999982E1,0.E0));
#4086=VERTEX_POINT('',#4085);
#4087=CARTESIAN_POINT('',(2.67972E1,-4.457699999982E1,0.E0));
#4088=VERTEX_POINT('',#4087);
#4089=CARTESIAN_POINT('',(2.74068E1,-4.457699999982E1,0.E0));
#4090=CARTESIAN_POINT('',(2.74068E1,-4.313499999982E1,0.E0));
#4091=VERTEX_POINT('',#4089);
#4092=VERTEX_POINT('',#4090);
#4093=CARTESIAN_POINT('',(2.7737E1,-4.313499999982E1,0.E0));
#4094=VERTEX_POINT('',#4093);
#4095=CARTESIAN_POINT('',(2.7737E1,-4.457699999982E1,0.E0));
#4096=VERTEX_POINT('',#4095);
#4097=CARTESIAN_POINT('',(2.67972E1,-4.457699999982E1,-1.016E0));
#4098=CARTESIAN_POINT('',(2.67972E1,-4.457699999982E1,-9.981885655468E-1));
#4099=VERTEX_POINT('',#4097);
#4100=VERTEX_POINT('',#4098);
#4101=CARTESIAN_POINT('',(2.74068E1,-4.457699999982E1,-9.981885655468E-1));
#4102=VERTEX_POINT('',#4101);
#4103=CARTESIAN_POINT('',(2.74068E1,-4.457699999982E1,-1.016E0));
#4104=VERTEX_POINT('',#4103);
#4105=CARTESIAN_POINT('',(2.67972E1,-4.363753902010E1,-1.016E0));
#4106=VERTEX_POINT('',#4105);
#4107=CARTESIAN_POINT('',(2.74068E1,-4.363753902010E1,-1.016E0));
#4108=VERTEX_POINT('',#4107);
#4109=CARTESIAN_POINT('',(2.58318E1,-3.769715212468E1,-1.0376E1));
#4110=CARTESIAN_POINT('',(2.58318E1,-3.913764787532E1,-1.0376E1));
#4111=VERTEX_POINT('',#4109);
#4112=VERTEX_POINT('',#4110);
#4113=CARTESIAN_POINT('',(2.58318E1,-3.80075E1,1.5E0));
#4114=CARTESIAN_POINT('',(2.58318E1,-3.88075E1,1.5E0));
#4115=VERTEX_POINT('',#4113);
#4116=VERTEX_POINT('',#4114);
#4117=CARTESIAN_POINT('',(2.42572E1,-4.394552465392E1,-9.171027150874E-1));
#4118=DIRECTION('',(0.E0,-1.273612968548E-1,9.918563908467E-1));
#4119=DIRECTION('',(0.E0,-9.918563908467E-1,-1.273612968548E-1));
#4120=AXIS2_PLACEMENT_3D('',#4117,#4118,#4119);
#4121=PLANE('',#4120);
#4123=ORIENTED_EDGE('',*,*,#4122,.T.);
#4125=ORIENTED_EDGE('',*,*,#4124,.T.);
#4127=ORIENTED_EDGE('',*,*,#4126,.T.);
#4129=ORIENTED_EDGE('',*,*,#4128,.T.);
#4130=EDGE_LOOP('',(#4123,#4125,#4127,#4129));
#4131=FACE_OUTER_BOUND('',#4130,.F.);
#4132=ADVANCED_FACE('',(#4131),#4121,.T.);
#4133=CARTESIAN_POINT('',(3.078479999988E1,-4.457699999982E1,0.E0));
#4134=DIRECTION('',(0.E0,1.E0,0.E0));
#4135=DIRECTION('',(-1.E0,0.E0,0.E0));
#4136=AXIS2_PLACEMENT_3D('',#4133,#4134,#4135);
#4137=PLANE('',#4136);
#4139=ORIENTED_EDGE('',*,*,#4138,.T.);
#4141=ORIENTED_EDGE('',*,*,#4140,.F.);
#4143=ORIENTED_EDGE('',*,*,#4142,.T.);
#4145=ORIENTED_EDGE('',*,*,#4144,.F.);
#4147=ORIENTED_EDGE('',*,*,#4146,.T.);
#4149=ORIENTED_EDGE('',*,*,#4148,.F.);
#4151=ORIENTED_EDGE('',*,*,#4150,.T.);
#4153=ORIENTED_EDGE('',*,*,#4152,.F.);
#4155=ORIENTED_EDGE('',*,*,#4154,.F.);
#4157=ORIENTED_EDGE('',*,*,#4156,.T.);
#4159=ORIENTED_EDGE('',*,*,#4158,.T.);
#4161=ORIENTED_EDGE('',*,*,#4160,.F.);
#4163=ORIENTED_EDGE('',*,*,#4162,.F.);
#4165=ORIENTED_EDGE('',*,*,#4164,.T.);
#4167=ORIENTED_EDGE('',*,*,#4166,.T.);
#4169=ORIENTED_EDGE('',*,*,#4168,.F.);
#4171=ORIENTED_EDGE('',*,*,#4170,.F.);
#4173=ORIENTED_EDGE('',*,*,#4172,.T.);
#4175=ORIENTED_EDGE('',*,*,#4174,.T.);
#4176=ORIENTED_EDGE('',*,*,#4122,.F.);
#4178=ORIENTED_EDGE('',*,*,#4177,.F.);
#4180=ORIENTED_EDGE('',*,*,#4179,.T.);
#4182=ORIENTED_EDGE('',*,*,#4181,.T.);
#4184=ORIENTED_EDGE('',*,*,#4183,.F.);
#4186=ORIENTED_EDGE('',*,*,#4185,.F.);
#4188=ORIENTED_EDGE('',*,*,#4187,.T.);
#4190=ORIENTED_EDGE('',*,*,#4189,.F.);
#4192=ORIENTED_EDGE('',*,*,#4191,.F.);
#4194=ORIENTED_EDGE('',*,*,#4193,.T.);
#4196=ORIENTED_EDGE('',*,*,#4195,.F.);
#4198=ORIENTED_EDGE('',*,*,#4197,.T.);
#4200=ORIENTED_EDGE('',*,*,#4199,.F.);
#4202=ORIENTED_EDGE('',*,*,#4201,.T.);
#4204=ORIENTED_EDGE('',*,*,#4203,.F.);
#4206=ORIENTED_EDGE('',*,*,#4205,.T.);
#4208=ORIENTED_EDGE('',*,*,#4207,.F.);
#4209=EDGE_LOOP('',(#4139,#4141,#4143,#4145,#4147,#4149,#4151,#4153,#4155,#4157,
#4159,#4161,#4163,#4165,#4167,#4169,#4171,#4173,#4175,#4176,#4178,#4180,#4182,
#4184,#4186,#4188,#4190,#4192,#4194,#4196,#4198,#4200,#4202,#4204,#4206,#4208));
#4210=FACE_OUTER_BOUND('',#4209,.F.);
#4211=ADVANCED_FACE('',(#4210),#4137,.F.);
#4212=CARTESIAN_POINT('',(2.7102E1,-6.485499999982E1,0.E0));
#4213=DIRECTION('',(0.E0,0.E0,1.E0));
#4214=DIRECTION('',(1.E0,0.E0,0.E0));
#4215=AXIS2_PLACEMENT_3D('',#4212,#4213,#4214);
#4216=PLANE('',#4215);
#4217=ORIENTED_EDGE('',*,*,#4138,.F.);
#4219=ORIENTED_EDGE('',*,*,#4218,.T.);
#4221=ORIENTED_EDGE('',*,*,#4220,.F.);
#4223=ORIENTED_EDGE('',*,*,#4222,.T.);
#4225=ORIENTED_EDGE('',*,*,#4224,.T.);
#4227=ORIENTED_EDGE('',*,*,#4226,.T.);
#4229=ORIENTED_EDGE('',*,*,#4228,.F.);
#4231=ORIENTED_EDGE('',*,*,#4230,.T.);
#4232=ORIENTED_EDGE('',*,*,#4142,.F.);
#4234=ORIENTED_EDGE('',*,*,#4233,.T.);
#4236=ORIENTED_EDGE('',*,*,#4235,.T.);
#4238=ORIENTED_EDGE('',*,*,#4237,.T.);
#4240=ORIENTED_EDGE('',*,*,#4239,.T.);
#4242=ORIENTED_EDGE('',*,*,#4241,.T.);
#4243=EDGE_LOOP('',(#4217,#4219,#4221,#4223,#4225,#4227,#4229,#4231,#4232,#4234,
#4236,#4238,#4240,#4242));
#4244=FACE_OUTER_BOUND('',#4243,.F.);
#4245=ADVANCED_FACE('',(#4244),#4216,.F.);
#4246=CARTESIAN_POINT('',(2.6467E1,-4.313499999982E1,0.E0));
#4247=DIRECTION('',(-1.E0,0.E0,0.E0));
#4248=DIRECTION('',(0.E0,-1.E0,0.E0));
#4249=AXIS2_PLACEMENT_3D('',#4246,#4247,#4248);
#4250=PLANE('',#4249);
#4252=ORIENTED_EDGE('',*,*,#4251,.T.);
#4254=ORIENTED_EDGE('',*,*,#4253,.T.);
#4256=ORIENTED_EDGE('',*,*,#4255,.T.);
#4258=ORIENTED_EDGE('',*,*,#4257,.F.);
#4259=ORIENTED_EDGE('',*,*,#4218,.F.);
#4260=EDGE_LOOP('',(#4252,#4254,#4256,#4258,#4259));
#4261=FACE_OUTER_BOUND('',#4260,.F.);
#4262=ADVANCED_FACE('',(#4261),#4250,.T.);
#4263=CARTESIAN_POINT('',(0.E0,0.E0,0.E0));
#4264=DIRECTION('',(0.E0,0.E0,1.E0));
#4265=DIRECTION('',(1.E0,0.E0,0.E0));
#4266=AXIS2_PLACEMENT_3D('',#4263,#4264,#4265);
#4267=PLANE('',#4266);
#4268=ORIENTED_EDGE('',*,*,#4251,.F.);
#4269=ORIENTED_EDGE('',*,*,#4207,.T.);
#4271=ORIENTED_EDGE('',*,*,#4270,.T.);
#4273=ORIENTED_EDGE('',*,*,#4272,.T.);
#4275=ORIENTED_EDGE('',*,*,#4274,.F.);
#4276=ORIENTED_EDGE('',*,*,#4203,.T.);
#4278=ORIENTED_EDGE('',*,*,#4277,.T.);
#4280=ORIENTED_EDGE('',*,*,#4279,.T.);
#4282=ORIENTED_EDGE('',*,*,#4281,.F.);
#4283=ORIENTED_EDGE('',*,*,#4199,.T.);
#4285=ORIENTED_EDGE('',*,*,#4284,.T.);
#4287=ORIENTED_EDGE('',*,*,#4286,.T.);
#4289=ORIENTED_EDGE('',*,*,#4288,.F.);
#4290=ORIENTED_EDGE('',*,*,#4195,.T.);
#4292=ORIENTED_EDGE('',*,*,#4291,.T.);
#4294=ORIENTED_EDGE('',*,*,#4293,.T.);
#4296=ORIENTED_EDGE('',*,*,#4295,.F.);
#4297=ORIENTED_EDGE('',*,*,#4191,.T.);
#4299=ORIENTED_EDGE('',*,*,#4298,.T.);
#4301=ORIENTED_EDGE('',*,*,#4300,.T.);
#4303=ORIENTED_EDGE('',*,*,#4302,.T.);
#4304=ORIENTED_EDGE('',*,*,#4152,.T.);
#4306=ORIENTED_EDGE('',*,*,#4305,.T.);
#4308=ORIENTED_EDGE('',*,*,#4307,.T.);
#4310=ORIENTED_EDGE('',*,*,#4309,.F.);
#4311=ORIENTED_EDGE('',*,*,#4148,.T.);
#4313=ORIENTED_EDGE('',*,*,#4312,.T.);
#4315=ORIENTED_EDGE('',*,*,#4314,.T.);
#4317=ORIENTED_EDGE('',*,*,#4316,.F.);
#4318=ORIENTED_EDGE('',*,*,#4144,.T.);
#4320=ORIENTED_EDGE('',*,*,#4319,.T.);
#4322=ORIENTED_EDGE('',*,*,#4321,.T.);
#4324=ORIENTED_EDGE('',*,*,#4323,.F.);
#4325=ORIENTED_EDGE('',*,*,#4140,.T.);
#4327=ORIENTED_EDGE('',*,*,#4326,.T.);
#4329=ORIENTED_EDGE('',*,*,#4328,.T.);
#4330=EDGE_LOOP('',(#4268,#4269,#4271,#4273,#4275,#4276,#4278,#4280,#4282,#4283,
#4285,#4287,#4289,#4290,#4292,#4294,#4296,#4297,#4299,#4301,#4303,#4304,#4306,
#4308,#4310,#4311,#4313,#4315,#4317,#4318,#4320,#4322,#4324,#4325,#4327,#4329));
#4331=FACE_OUTER_BOUND('',#4330,.F.);
#4333=ORIENTED_EDGE('',*,*,#4332,.F.);
#4335=ORIENTED_EDGE('',*,*,#4334,.T.);
#4337=ORIENTED_EDGE('',*,*,#4336,.F.);
#4339=ORIENTED_EDGE('',*,*,#4338,.T.);
#4341=ORIENTED_EDGE('',*,*,#4340,.F.);
#4343=ORIENTED_EDGE('',*,*,#4342,.T.);
#4345=ORIENTED_EDGE('',*,*,#4344,.F.);
#4347=ORIENTED_EDGE('',*,*,#4346,.T.);
#4348=EDGE_LOOP('',(#4333,#4335,#4337,#4339,#4341,#4343,#4345,#4347));
#4349=FACE_BOUND('',#4348,.F.);
#4350=ADVANCED_FACE('',(#4331,#4349),#4267,.T.);
#4351=CARTESIAN_POINT('',(3.014266514480E1,-4.19196E1,3.E-2));
#4352=DIRECTION('',(0.E0,1.E0,0.E0));
#4353=DIRECTION('',(-1.E0,0.E0,0.E0));
#4354=AXIS2_PLACEMENT_3D('',#4351,#4352,#4353);
#4355=PLANE('',#4354);
#4356=ORIENTED_EDGE('',*,*,#4332,.T.);
#4358=ORIENTED_EDGE('',*,*,#4357,.T.);
#4360=ORIENTED_EDGE('',*,*,#4359,.T.);
#4362=ORIENTED_EDGE('',*,*,#4361,.T.);
#4363=EDGE_LOOP('',(#4356,#4358,#4360,#4362));
#4364=FACE_OUTER_BOUND('',#4363,.F.);
#4365=ADVANCED_FACE('',(#4364),#4355,.F.);
#4366=FILL_AREA_STYLE_COLOUR('',#115);
#4367=FILL_AREA_STYLE('',(#4366));
#4368=SURFACE_STYLE_FILL_AREA(#4367);
#4369=SURFACE_SIDE_STYLE('',(#4368));
#4370=SURFACE_STYLE_USAGE(.BOTH.,#4369);
#4371=PRESENTATION_STYLE_ASSIGNMENT((#4370));
#4372=STYLED_ITEM('',(#4371),#4365);
#4373=CARTESIAN_POINT('',(2.162947017315E1,-4.142332982685E1,3.E-2));
#4374=DIRECTION('',(0.E0,0.E0,1.E0));
#4375=DIRECTION('',(1.E0,0.E0,0.E0));
#4376=AXIS2_PLACEMENT_3D('',#4373,#4374,#4375);
#4377=CYLINDRICAL_SURFACE('',#4376,5.08E-1);
#4378=ORIENTED_EDGE('',*,*,#4346,.F.);
#4380=ORIENTED_EDGE('',*,*,#4379,.F.);
#4382=ORIENTED_EDGE('',*,*,#4381,.T.);
#4383=ORIENTED_EDGE('',*,*,#4357,.F.);
#4384=EDGE_LOOP('',(#4378,#4380,#4382,#4383));
#4385=FACE_OUTER_BOUND('',#4384,.F.);
#4386=ADVANCED_FACE('',(#4385),#4377,.T.);
#4387=FILL_AREA_STYLE_COLOUR('',#115);
#4388=FILL_AREA_STYLE('',(#4387));
#4389=SURFACE_STYLE_FILL_AREA(#4388);
#4390=SURFACE_SIDE_STYLE('',(#4389));
#4391=SURFACE_STYLE_USAGE(.BOTH.,#4390);
#4392=PRESENTATION_STYLE_ASSIGNMENT((#4391));
#4393=STYLED_ITEM('',(#4392),#4386);
#4394=CARTESIAN_POINT('',(2.11332E1,-4.153186514480E1,3.E-2));
#4395=DIRECTION('',(1.E0,0.E0,0.E0));
#4396=DIRECTION('',(0.E0,1.E0,0.E0));
#4397=AXIS2_PLACEMENT_3D('',#4394,#4395,#4396);
#4398=PLANE('',#4397);
#4400=ORIENTED_EDGE('',*,*,#4399,.F.);
#4402=ORIENTED_EDGE('',*,*,#4401,.T.);
#4403=ORIENTED_EDGE('',*,*,#4379,.T.);
#4404=ORIENTED_EDGE('',*,*,#4344,.T.);
#4406=ORIENTED_EDGE('',*,*,#4405,.T.);
#4408=ORIENTED_EDGE('',*,*,#4407,.T.);
#4409=EDGE_LOOP('',(#4400,#4402,#4403,#4404,#4406,#4408));
#4410=FACE_OUTER_BOUND('',#4409,.F.);
#4411=ADVANCED_FACE('',(#4410),#4398,.F.);
#4412=FILL_AREA_STYLE_COLOUR('',#115);
#4413=FILL_AREA_STYLE('',(#4412));
#4414=SURFACE_STYLE_FILL_AREA(#4413);
#4415=SURFACE_SIDE_STYLE('',(#4414));
#4416=SURFACE_STYLE_USAGE(.BOTH.,#4415);
#4417=PRESENTATION_STYLE_ASSIGNMENT((#4416));
#4418=STYLED_ITEM('',(#4417),#4411);
#4419=CARTESIAN_POINT('',(2.58318E1,-3.84075E1,3.E-2));
#4420=DIRECTION('',(0.E0,0.E0,1.E0));
#4421=DIRECTION('',(1.E0,0.E0,0.E0));
#4422=AXIS2_PLACEMENT_3D('',#4419,#4420,#4421);
#4423=PLANE('',#4422);
#4424=ORIENTED_EDGE('',*,*,#4399,.T.);
#4426=ORIENTED_EDGE('',*,*,#4425,.F.);
#4428=ORIENTED_EDGE('',*,*,#4427,.T.);
#4430=ORIENTED_EDGE('',*,*,#4429,.F.);
#4431=EDGE_LOOP('',(#4424,#4426,#4428,#4430));
#4432=FACE_OUTER_BOUND('',#4431,.F.);
#4433=ADVANCED_FACE('',(#4432),#4423,.F.);
#4434=FILL_AREA_STYLE_COLOUR('',#95);
#4435=FILL_AREA_STYLE('',(#4434));
#4436=SURFACE_STYLE_FILL_AREA(#4435);
#4437=SURFACE_SIDE_STYLE('',(#4436));
#4438=SURFACE_STYLE_USAGE(.BOTH.,#4437);
#4439=PRESENTATION_STYLE_ASSIGNMENT((#4438));
#4440=STYLED_ITEM('',(#4439),#4433);
#4441=CARTESIAN_POINT('',(2.58318E1,-3.84075E1,3.E-2));
#4442=DIRECTION('',(0.E0,0.E0,1.E0));
#4443=DIRECTION('',(1.E0,0.E0,0.E0));
#4444=AXIS2_PLACEMENT_3D('',#4441,#4442,#4443);
#4445=PLANE('',#4444);
#4447=ORIENTED_EDGE('',*,*,#4446,.F.);
#4449=ORIENTED_EDGE('',*,*,#4448,.T.);
#4451=ORIENTED_EDGE('',*,*,#4450,.F.);
#4453=ORIENTED_EDGE('',*,*,#4452,.F.);
#4455=ORIENTED_EDGE('',*,*,#4454,.T.);
#4457=ORIENTED_EDGE('',*,*,#4456,.F.);
#4458=EDGE_LOOP('',(#4447,#4449,#4451,#4453,#4455,#4457));
#4459=FACE_OUTER_BOUND('',#4458,.F.);
#4460=ADVANCED_FACE('',(#4459),#4445,.F.);
#4461=FILL_AREA_STYLE_COLOUR('',#95);
#4462=FILL_AREA_STYLE('',(#4461));
#4463=SURFACE_STYLE_FILL_AREA(#4462);
#4464=SURFACE_SIDE_STYLE('',(#4463));
#4465=SURFACE_STYLE_USAGE(.POSITIVE.,#4464);
#4466=PRESENTATION_STYLE_ASSIGNMENT((#4465));
#4467=STYLED_ITEM('',(#4466),#4460);
#4468=CARTESIAN_POINT('',(2.58318E1,-3.84075E1,3.E-2));
#4469=DIRECTION('',(0.E0,0.E0,1.E0));
#4470=DIRECTION('',(1.E0,0.E0,0.E0));
#4471=AXIS2_PLACEMENT_3D('',#4468,#4469,#4470);
#4472=PLANE('',#4471);
#4474=ORIENTED_EDGE('',*,*,#4473,.T.);
#4476=ORIENTED_EDGE('',*,*,#4475,.F.);
#4478=ORIENTED_EDGE('',*,*,#4477,.T.);
#4480=ORIENTED_EDGE('',*,*,#4479,.F.);
#4481=EDGE_LOOP('',(#4474,#4476,#4478,#4480));
#4482=FACE_OUTER_BOUND('',#4481,.F.);
#4483=ADVANCED_FACE('',(#4482),#4472,.F.);
#4484=FILL_AREA_STYLE_COLOUR('',#95);
#4485=FILL_AREA_STYLE('',(#4484));
#4486=SURFACE_STYLE_FILL_AREA(#4485);
#4487=SURFACE_SIDE_STYLE('',(#4486));
#4488=SURFACE_STYLE_USAGE(.POSITIVE.,#4487);
#4489=PRESENTATION_STYLE_ASSIGNMENT((#4488));
#4490=STYLED_ITEM('',(#4489),#4483);
#4491=CARTESIAN_POINT('',(2.16418E1,-3.54175E1,4.717453074023E-1));
#4492=DIRECTION('',(0.E0,0.E0,-1.E0));
#4493=DIRECTION('',(-1.E0,0.E0,0.E0));
#4494=AXIS2_PLACEMENT_3D('',#4491,#4492,#4493);
#4495=CONICAL_SURFACE('',#4494,5.061449471051E-1,5.000000000020E-1);
#4497=ORIENTED_EDGE('',*,*,#4496,.T.);
#4498=ORIENTED_EDGE('',*,*,#4456,.T.);
#4500=ORIENTED_EDGE('',*,*,#4499,.F.);
#4502=ORIENTED_EDGE('',*,*,#4501,.T.);
#4504=ORIENTED_EDGE('',*,*,#4503,.F.);
#4505=ORIENTED_EDGE('',*,*,#4425,.T.);
#4506=EDGE_LOOP('',(#4497,#4498,#4500,#4502,#4504,#4505));
#4507=FACE_OUTER_BOUND('',#4506,.F.);
#4508=ADVANCED_FACE('',(#4507),#4495,.T.);
#4509=FILL_AREA_STYLE_COLOUR('',#95);
#4510=FILL_AREA_STYLE('',(#4509));
#4511=SURFACE_STYLE_FILL_AREA(#4510);
#4512=SURFACE_SIDE_STYLE('',(#4511));
#4513=SURFACE_STYLE_USAGE(.BOTH.,#4512);
#4514=PRESENTATION_STYLE_ASSIGNMENT((#4513));
#4515=STYLED_ITEM('',(#4514),#4508);
#4516=CARTESIAN_POINT('',(2.08788E1,-4.4587E1,3.E-2));
#4517=DIRECTION('',(0.E0,0.E0,1.E0));
#4518=DIRECTION('',(0.E0,-1.E0,0.E0));
#4519=AXIS2_PLACEMENT_3D('',#4516,#4517,#4518);
#4520=PLANE('',#4519);
#4522=ORIENTED_EDGE('',*,*,#4521,.F.);
#4524=ORIENTED_EDGE('',*,*,#4523,.F.);
#4526=ORIENTED_EDGE('',*,*,#4525,.F.);
#4527=ORIENTED_EDGE('',*,*,#4359,.F.);
#4528=ORIENTED_EDGE('',*,*,#4381,.F.);
#4529=ORIENTED_EDGE('',*,*,#4401,.F.);
#4531=ORIENTED_EDGE('',*,*,#4530,.F.);
#4533=ORIENTED_EDGE('',*,*,#4532,.F.);
#4534=EDGE_LOOP('',(#4522,#4524,#4526,#4527,#4528,#4529,#4531,#4533));
#4535=FACE_OUTER_BOUND('',#4534,.F.);
#4536=ADVANCED_FACE('',(#4535),#4520,.T.);
#4537=FILL_AREA_STYLE_COLOUR('',#115);
#4538=FILL_AREA_STYLE('',(#4537));
#4539=SURFACE_STYLE_FILL_AREA(#4538);
#4540=SURFACE_SIDE_STYLE('',(#4539));
#4541=SURFACE_STYLE_USAGE(.BOTH.,#4540);
#4542=PRESENTATION_STYLE_ASSIGNMENT((#4541));
#4543=STYLED_ITEM('',(#4542),#4536);
#4544=CARTESIAN_POINT('',(2.08788E1,-4.4587E1,3.E-2));
#4545=DIRECTION('',(0.E0,0.E0,1.E0));
#4546=DIRECTION('',(0.E0,-1.E0,0.E0));
#4547=AXIS2_PLACEMENT_3D('',#4544,#4545,#4546);
#4548=PLANE('',#4547);
#4549=ORIENTED_EDGE('',*,*,#4496,.F.);
#4550=ORIENTED_EDGE('',*,*,#4407,.F.);
#4552=ORIENTED_EDGE('',*,*,#4551,.F.);
#4553=EDGE_LOOP('',(#4549,#4550,#4552));
#4554=FACE_OUTER_BOUND('',#4553,.F.);
#4555=ADVANCED_FACE('',(#4554),#4548,.T.);
#4556=FILL_AREA_STYLE_COLOUR('',#115);
#4557=FILL_AREA_STYLE('',(#4556));
#4558=SURFACE_STYLE_FILL_AREA(#4557);
#4559=SURFACE_SIDE_STYLE('',(#4558));
#4560=SURFACE_STYLE_USAGE(.POSITIVE.,#4559);
#4561=PRESENTATION_STYLE_ASSIGNMENT((#4560));
#4562=STYLED_ITEM('',(#4561),#4555);
#4563=CARTESIAN_POINT('',(2.08788E1,-4.4587E1,3.E-2));
#4564=DIRECTION('',(0.E0,0.E0,1.E0));
#4565=DIRECTION('',(0.E0,-1.E0,0.E0));
#4566=AXIS2_PLACEMENT_3D('',#4563,#4564,#4565);
#4567=PLANE('',#4566);
#4569=ORIENTED_EDGE('',*,*,#4568,.F.);
#4571=ORIENTED_EDGE('',*,*,#4570,.F.);
#4573=ORIENTED_EDGE('',*,*,#4572,.F.);
#4574=EDGE_LOOP('',(#4569,#4571,#4573));
#4575=FACE_OUTER_BOUND('',#4574,.F.);
#4576=ADVANCED_FACE('',(#4575),#4567,.T.);
#4577=FILL_AREA_STYLE_COLOUR('',#115);
#4578=FILL_AREA_STYLE('',(#4577));
#4579=SURFACE_STYLE_FILL_AREA(#4578);
#4580=SURFACE_SIDE_STYLE('',(#4579));
#4581=SURFACE_STYLE_USAGE(.POSITIVE.,#4580);
#4582=PRESENTATION_STYLE_ASSIGNMENT((#4581));
#4583=STYLED_ITEM('',(#4582),#4576);
#4584=CARTESIAN_POINT('',(3.00218E1,-4.13975E1,9.217453084140E-1));
#4585=DIRECTION('',(0.E0,0.E0,-1.E0));
#4586=DIRECTION('',(1.E0,0.E0,0.E0));
#4587=AXIS2_PLACEMENT_3D('',#4584,#4585,#4586);
#4588=CONICAL_SURFACE('',#4587,5.022178565905E-1,5.000000000020E-1);
#4589=ORIENTED_EDGE('',*,*,#4521,.T.);
#4591=ORIENTED_EDGE('',*,*,#4590,.F.);
#4593=ORIENTED_EDGE('',*,*,#4592,.T.);
#4595=ORIENTED_EDGE('',*,*,#4594,.F.);
#4596=ORIENTED_EDGE('',*,*,#4475,.T.);
#4597=EDGE_LOOP('',(#4589,#4591,#4593,#4595,#4596));
#4598=FACE_OUTER_BOUND('',#4597,.F.);
#4599=ADVANCED_FACE('',(#4598),#4588,.T.);
#4600=FILL_AREA_STYLE_COLOUR('',#95);
#4601=FILL_AREA_STYLE('',(#4600));
#4602=SURFACE_STYLE_FILL_AREA(#4601);
#4603=SURFACE_SIDE_STYLE('',(#4602));
#4604=SURFACE_STYLE_USAGE(.BOTH.,#4603);
#4605=PRESENTATION_STYLE_ASSIGNMENT((#4604));
#4606=STYLED_ITEM('',(#4605),#4599);
#4607=CARTESIAN_POINT('',(1.997709509898E1,-4.19075E1,3.E-2));
#4608=DIRECTION('',(0.E0,-9.999619230642E-1,8.726535498374E-3));
#4609=DIRECTION('',(-1.E0,0.E0,0.E0));
#4610=AXIS2_PLACEMENT_3D('',#4607,#4608,#4609);
#4611=PLANE('',#4610);
#4612=ORIENTED_EDGE('',*,*,#4532,.T.);
#4614=ORIENTED_EDGE('',*,*,#4613,.T.);
#4616=ORIENTED_EDGE('',*,*,#4615,.T.);
#4617=ORIENTED_EDGE('',*,*,#4590,.T.);
#4618=EDGE_LOOP('',(#4612,#4614,#4616,#4617));
#4619=FACE_OUTER_BOUND('',#4618,.F.);
#4620=ADVANCED_FACE('',(#4619),#4611,.T.);
#4621=FILL_AREA_STYLE_COLOUR('',#95);
#4622=FILL_AREA_STYLE('',(#4621));
#4623=SURFACE_STYLE_FILL_AREA(#4622);
#4624=SURFACE_SIDE_STYLE('',(#4623));
#4625=SURFACE_STYLE_USAGE(.BOTH.,#4624);
#4626=PRESENTATION_STYLE_ASSIGNMENT((#4625));
#4627=STYLED_ITEM('',(#4626),#4620);
#4628=CARTESIAN_POINT('',(2.16418E1,-4.13975E1,9.217453084140E-1));
#4629=DIRECTION('',(0.E0,0.E0,-1.E0));
#4630=DIRECTION('',(0.E0,-1.E0,0.E0));
#4631=AXIS2_PLACEMENT_3D('',#4628,#4629,#4630);
#4632=CONICAL_SURFACE('',#4631,5.022178565905E-1,5.000000000020E-1);
#4633=ORIENTED_EDGE('',*,*,#4530,.T.);
#4634=ORIENTED_EDGE('',*,*,#4429,.T.);
#4636=ORIENTED_EDGE('',*,*,#4635,.F.);
#4638=ORIENTED_EDGE('',*,*,#4637,.T.);
#4639=ORIENTED_EDGE('',*,*,#4613,.F.);
#4640=EDGE_LOOP('',(#4633,#4634,#4636,#4638,#4639));
#4641=FACE_OUTER_BOUND('',#4640,.F.);
#4642=ADVANCED_FACE('',(#4641),#4632,.T.);
#4643=FILL_AREA_STYLE_COLOUR('',#95);
#4644=FILL_AREA_STYLE('',(#4643));
#4645=SURFACE_STYLE_FILL_AREA(#4644);
#4646=SURFACE_SIDE_STYLE('',(#4645));
#4647=SURFACE_STYLE_USAGE(.BOTH.,#4646);
#4648=PRESENTATION_STYLE_ASSIGNMENT((#4647));
#4649=STYLED_ITEM('',(#4648),#4642);
#4650=CARTESIAN_POINT('',(2.11318E1,-3.375279509898E1,3.E-2));
#4651=DIRECTION('',(-9.999619230642E-1,0.E0,8.726535498374E-3));
#4652=DIRECTION('',(0.E0,1.E0,0.E0));
#4653=AXIS2_PLACEMENT_3D('',#4650,#4651,#4652);
#4654=PLANE('',#4653);
#4656=ORIENTED_EDGE('',*,*,#4655,.T.);
#4658=ORIENTED_EDGE('',*,*,#4657,.T.);
#4659=ORIENTED_EDGE('',*,*,#4635,.T.);
#4660=ORIENTED_EDGE('',*,*,#4427,.F.);
#4661=ORIENTED_EDGE('',*,*,#4503,.T.);
#4663=ORIENTED_EDGE('',*,*,#4662,.T.);
#4665=ORIENTED_EDGE('',*,*,#4664,.T.);
#4666=EDGE_LOOP('',(#4656,#4658,#4659,#4660,#4661,#4663,#4665));
#4667=FACE_OUTER_BOUND('',#4666,.F.);
#4668=ADVANCED_FACE('',(#4667),#4654,.T.);
#4669=FILL_AREA_STYLE_COLOUR('',#95);
#4670=FILL_AREA_STYLE('',(#4669));
#4671=SURFACE_STYLE_FILL_AREA(#4670);
#4672=SURFACE_SIDE_STYLE('',(#4671));
#4673=SURFACE_STYLE_USAGE(.BOTH.,#4672);
#4674=PRESENTATION_STYLE_ASSIGNMENT((#4673));
#4675=STYLED_ITEM('',(#4674),#4668);
#4676=CARTESIAN_POINT('',(2.154602177595E1,-3.694881041187E1,1.657908768731E0));
#4677=DIRECTION('',(-8.725703400589E-3,-1.380926293315E-2,-9.998665742775E-1));
#4678=DIRECTION('',(-9.999619233931E-1,2.760547982830E-6,8.726497373495E-3));
#4679=AXIS2_PLACEMENT_3D('',#4676,#4677,#4678);
#4680=CYLINDRICAL_SURFACE('',#4679,3.999998918689E-1);
#4682=ORIENTED_EDGE('',*,*,#4681,.F.);
#4684=ORIENTED_EDGE('',*,*,#4683,.F.);
#4685=ORIENTED_EDGE('',*,*,#4655,.F.);
#4687=ORIENTED_EDGE('',*,*,#4686,.T.);
#4688=EDGE_LOOP('',(#4682,#4684,#4685,#4687));
#4689=FACE_OUTER_BOUND('',#4688,.F.);
#4690=ADVANCED_FACE('',(#4689),#4680,.T.);
#4691=FILL_AREA_STYLE_COLOUR('',#95);
#4692=FILL_AREA_STYLE('',(#4691));
#4693=SURFACE_STYLE_FILL_AREA(#4692);
#4694=SURFACE_SIDE_STYLE('',(#4693));
#4695=SURFACE_STYLE_USAGE(.BOTH.,#4694);
#4696=PRESENTATION_STYLE_ASSIGNMENT((#4695));
#4697=STYLED_ITEM('',(#4696),#4690);
#4698=CARTESIAN_POINT('',(2.58318E1,-3.96575E1,2.21E0));
#4699=DIRECTION('',(0.E0,0.E0,1.E0));
#4700=DIRECTION('',(1.E0,0.E0,0.E0));
#4701=AXIS2_PLACEMENT_3D('',#4698,#4699,#4700);
#4702=CYLINDRICAL_SURFACE('',#4701,5.47E0);
#4704=ORIENTED_EDGE('',*,*,#4703,.F.);
#4706=ORIENTED_EDGE('',*,*,#4705,.T.);
#4707=ORIENTED_EDGE('',*,*,#4681,.T.);
#4709=ORIENTED_EDGE('',*,*,#4708,.T.);
#4710=EDGE_LOOP('',(#4704,#4706,#4707,#4709));
#4711=FACE_OUTER_BOUND('',#4710,.F.);
#4712=ADVANCED_FACE('',(#4711),#4702,.T.);
#4713=FILL_AREA_STYLE_COLOUR('',#95);
#4714=FILL_AREA_STYLE('',(#4713));
#4715=SURFACE_STYLE_FILL_AREA(#4714);
#4716=SURFACE_SIDE_STYLE('',(#4715));
#4717=SURFACE_STYLE_USAGE(.BOTH.,#4716);
#4718=PRESENTATION_STYLE_ASSIGNMENT((#4717));
#4719=STYLED_ITEM('',(#4718),#4712);
#4720=CARTESIAN_POINT('',(2.320388807698E1,-3.532172177255E1,1.657908378657E0));
#4721=DIRECTION('',(-1.439984047909E-2,-8.725630709766E-3,9.998582439341E-1));
#4722=DIRECTION('',(-3.023065473244E-6,9.999619234395E-1,8.726491969270E-3));
#4723=AXIS2_PLACEMENT_3D('',#4720,#4721,#4722);
#4724=CYLINDRICAL_SURFACE('',#4723,3.999998851098E-1);
#4726=ORIENTED_EDGE('',*,*,#4725,.F.);
#4728=ORIENTED_EDGE('',*,*,#4727,.F.);
#4729=ORIENTED_EDGE('',*,*,#4703,.T.);
#4731=ORIENTED_EDGE('',*,*,#4730,.T.);
#4732=EDGE_LOOP('',(#4726,#4728,#4729,#4731));
#4733=FACE_OUTER_BOUND('',#4732,.F.);
#4734=ADVANCED_FACE('',(#4733),#4724,.T.);
#4735=FILL_AREA_STYLE_COLOUR('',#95);
#4736=FILL_AREA_STYLE('',(#4735));
#4737=SURFACE_STYLE_FILL_AREA(#4736);
#4738=SURFACE_SIDE_STYLE('',(#4737));
#4739=SURFACE_STYLE_USAGE(.BOTH.,#4738);
#4740=PRESENTATION_STYLE_ASSIGNMENT((#4739));
#4741=STYLED_ITEM('',(#4740),#4734);
#4742=CARTESIAN_POINT('',(3.168650490102E1,-3.49075E1,3.E-2));
#4743=DIRECTION('',(0.E0,9.999619230642E-1,8.726535498374E-3));
#4744=DIRECTION('',(1.E0,0.E0,0.E0));
#4745=AXIS2_PLACEMENT_3D('',#4742,#4743,#4744);
#4746=PLANE('',#4745);
#4748=ORIENTED_EDGE('',*,*,#4747,.T.);
#4750=ORIENTED_EDGE('',*,*,#4749,.T.);
#4751=ORIENTED_EDGE('',*,*,#4725,.T.);
#4753=ORIENTED_EDGE('',*,*,#4752,.T.);
#4755=ORIENTED_EDGE('',*,*,#4754,.T.);
#4756=ORIENTED_EDGE('',*,*,#4499,.T.);
#4757=ORIENTED_EDGE('',*,*,#4454,.F.);
#4759=ORIENTED_EDGE('',*,*,#4758,.T.);
#4761=ORIENTED_EDGE('',*,*,#4760,.T.);
#4763=ORIENTED_EDGE('',*,*,#4762,.T.);
#4764=EDGE_LOOP('',(#4748,#4750,#4751,#4753,#4755,#4756,#4757,#4759,#4761,
#4763));
#4765=FACE_OUTER_BOUND('',#4764,.F.);
#4766=ADVANCED_FACE('',(#4765),#4746,.T.);
#4767=FILL_AREA_STYLE_COLOUR('',#95);
#4768=FILL_AREA_STYLE('',(#4767));
#4769=SURFACE_STYLE_FILL_AREA(#4768);
#4770=SURFACE_SIDE_STYLE('',(#4769));
#4771=SURFACE_STYLE_USAGE(.BOTH.,#4770);
#4772=PRESENTATION_STYLE_ASSIGNMENT((#4771));
#4773=STYLED_ITEM('',(#4772),#4766);
#4774=CARTESIAN_POINT('',(2.845971192302E1,-3.532172177255E1,1.657908378664E0));
#4775=DIRECTION('',(-1.439984047936E-2,8.725630708110E-3,-9.998582439341E-1));
#4776=DIRECTION('',(3.023065761888E-6,9.999619234395E-1,8.726491967610E-3));
#4777=AXIS2_PLACEMENT_3D('',#4774,#4775,#4776);
#4778=CYLINDRICAL_SURFACE('',#4777,3.999998851103E-1);
#4780=ORIENTED_EDGE('',*,*,#4779,.T.);
#4782=ORIENTED_EDGE('',*,*,#4781,.F.);
#4783=ORIENTED_EDGE('',*,*,#4747,.F.);
#4785=ORIENTED_EDGE('',*,*,#4784,.T.);
#4786=EDGE_LOOP('',(#4780,#4782,#4783,#4785));
#4787=FACE_OUTER_BOUND('',#4786,.F.);
#4788=ADVANCED_FACE('',(#4787),#4778,.T.);
#4789=FILL_AREA_STYLE_COLOUR('',#95);
#4790=FILL_AREA_STYLE('',(#4789));
#4791=SURFACE_STYLE_FILL_AREA(#4790);
#4792=SURFACE_SIDE_STYLE('',(#4791));
#4793=SURFACE_STYLE_USAGE(.BOTH.,#4792);
#4794=PRESENTATION_STYLE_ASSIGNMENT((#4793));
#4795=STYLED_ITEM('',(#4794),#4788);
#4796=CARTESIAN_POINT('',(2.58318E1,-3.96575E1,2.21E0));
#4797=DIRECTION('',(0.E0,0.E0,1.E0));
#4798=DIRECTION('',(1.E0,0.E0,0.E0));
#4799=AXIS2_PLACEMENT_3D('',#4796,#4797,#4798);
#4800=CYLINDRICAL_SURFACE('',#4799,5.47E0);
#4802=ORIENTED_EDGE('',*,*,#4801,.F.);
#4804=ORIENTED_EDGE('',*,*,#4803,.T.);
#4805=ORIENTED_EDGE('',*,*,#4779,.F.);
#4807=ORIENTED_EDGE('',*,*,#4806,.T.);
#4808=EDGE_LOOP('',(#4802,#4804,#4805,#4807));
#4809=FACE_OUTER_BOUND('',#4808,.F.);
#4810=ADVANCED_FACE('',(#4809),#4800,.T.);
#4811=FILL_AREA_STYLE_COLOUR('',#95);
#4812=FILL_AREA_STYLE('',(#4811));
#4813=SURFACE_STYLE_FILL_AREA(#4812);
#4814=SURFACE_SIDE_STYLE('',(#4813));
#4815=SURFACE_STYLE_USAGE(.BOTH.,#4814);
#4816=PRESENTATION_STYLE_ASSIGNMENT((#4815));
#4817=STYLED_ITEM('',(#4816),#4810);
#4818=CARTESIAN_POINT('',(3.011757822405E1,-3.694881041187E1,1.657908768739E0));
#4819=DIRECTION('',(-8.725703402223E-3,1.380926293265E-2,9.998665742775E-1));
#4820=DIRECTION('',(9.999619233931E-1,2.760548185209E-6,8.726497375125E-3));
#4821=AXIS2_PLACEMENT_3D('',#4818,#4819,#4820);
#4822=CYLINDRICAL_SURFACE('',#4821,3.999998918691E-1);
#4824=ORIENTED_EDGE('',*,*,#4823,.F.);
#4826=ORIENTED_EDGE('',*,*,#4825,.T.);
#4827=ORIENTED_EDGE('',*,*,#4801,.T.);
#4829=ORIENTED_EDGE('',*,*,#4828,.F.);
#4830=EDGE_LOOP('',(#4824,#4826,#4827,#4829));
#4831=FACE_OUTER_BOUND('',#4830,.F.);
#4832=ADVANCED_FACE('',(#4831),#4822,.T.);
#4833=FILL_AREA_STYLE_COLOUR('',#95);
#4834=FILL_AREA_STYLE('',(#4833));
#4835=SURFACE_STYLE_FILL_AREA(#4834);
#4836=SURFACE_SIDE_STYLE('',(#4835));
#4837=SURFACE_STYLE_USAGE(.BOTH.,#4836);
#4838=PRESENTATION_STYLE_ASSIGNMENT((#4837));
#4839=STYLED_ITEM('',(#4838),#4832);
#4840=CARTESIAN_POINT('',(3.05318E1,-4.306220490102E1,3.E-2));
#4841=DIRECTION('',(9.999619230642E-1,0.E0,8.726535498374E-3));
#4842=DIRECTION('',(0.E0,-1.E0,0.E0));
#4843=AXIS2_PLACEMENT_3D('',#4840,#4841,#4842);
#4844=PLANE('',#4843);
#4845=ORIENTED_EDGE('',*,*,#4594,.T.);
#4847=ORIENTED_EDGE('',*,*,#4846,.T.);
#4848=ORIENTED_EDGE('',*,*,#4823,.T.);
#4850=ORIENTED_EDGE('',*,*,#4849,.T.);
#4852=ORIENTED_EDGE('',*,*,#4851,.T.);
#4854=ORIENTED_EDGE('',*,*,#4853,.T.);
#4855=ORIENTED_EDGE('',*,*,#4477,.F.);
#4856=EDGE_LOOP('',(#4845,#4847,#4848,#4850,#4852,#4854,#4855));
#4857=FACE_OUTER_BOUND('',#4856,.F.);
#4858=ADVANCED_FACE('',(#4857),#4844,.T.);
#4859=FILL_AREA_STYLE_COLOUR('',#95);
#4860=FILL_AREA_STYLE('',(#4859));
#4861=SURFACE_STYLE_FILL_AREA(#4860);
#4862=SURFACE_SIDE_STYLE('',(#4861));
#4863=SURFACE_STYLE_USAGE(.BOTH.,#4862);
#4864=PRESENTATION_STYLE_ASSIGNMENT((#4863));
#4865=STYLED_ITEM('',(#4864),#4858);
#4866=CARTESIAN_POINT('',(3.011625094398E1,-4.142565980670E1,1.81E0));
#4867=DIRECTION('',(0.E0,1.E0,0.E0));
#4868=DIRECTION('',(0.E0,0.E0,1.E0));
#4869=AXIS2_PLACEMENT_3D('',#4866,#4867,#4868);
#4870=CYLINDRICAL_SURFACE('',#4869,4.E-1);
#4872=ORIENTED_EDGE('',*,*,#4871,.T.);
#4874=ORIENTED_EDGE('',*,*,#4873,.F.);
#4876=ORIENTED_EDGE('',*,*,#4875,.T.);
#4877=ORIENTED_EDGE('',*,*,#4846,.F.);
#4878=EDGE_LOOP('',(#4872,#4874,#4876,#4877));
#4879=FACE_OUTER_BOUND('',#4878,.F.);
#4880=ADVANCED_FACE('',(#4879),#4870,.T.);
#4881=FILL_AREA_STYLE_COLOUR('',#95);
#4882=FILL_AREA_STYLE('',(#4881));
#4883=SURFACE_STYLE_FILL_AREA(#4882);
#4884=SURFACE_SIDE_STYLE('',(#4883));
#4885=SURFACE_STYLE_USAGE(.BOTH.,#4884);
#4886=PRESENTATION_STYLE_ASSIGNMENT((#4885));
#4887=STYLED_ITEM('',(#4886),#4880);
#4888=CARTESIAN_POINT('',(3.010343533261E1,-4.139025258081E1,2.209804810552E0));
#4889=CARTESIAN_POINT('',(3.034678577313E1,-4.136864842246E1,2.217439810492E0));
#4890=CARTESIAN_POINT('',(3.051969407501E1,-4.135329797425E1,2.045359734192E0));
#4891=CARTESIAN_POINT('',(3.051421289102E1,-4.135378458265E1,1.800994864345E0));
#4892=CARTESIAN_POINT('',(3.010830288073E1,-4.144508091341E1,2.209804810552E0));
#4893=CARTESIAN_POINT('',(3.036616321472E1,-4.158691700163E1,2.217439810492E0));
#4894=CARTESIAN_POINT('',(3.054938126182E1,-4.168769609663E1,2.045359734192E0));
#4895=CARTESIAN_POINT('',(3.054357325945E1,-4.168450140466E1,1.800994864345E0));
#4896=CARTESIAN_POINT('',(3.006938091341E1,-4.148400288073E1,2.209804810552E0));
#4897=CARTESIAN_POINT('',(3.021121700163E1,-4.174186321472E1,2.217439810492E0));
#4898=CARTESIAN_POINT('',(3.031199609663E1,-4.192508126182E1,2.045359734192E0));
#4899=CARTESIAN_POINT('',(3.030880140466E1,-4.191927325945E1,1.800994864345E0));
#4900=CARTESIAN_POINT('',(3.001455258081E1,-4.147913533261E1,2.209804810552E0));
#4901=CARTESIAN_POINT('',(2.999294842246E1,-4.172248577313E1,2.217439810492E0));
#4902=CARTESIAN_POINT('',(2.997759797425E1,-4.189539407501E1,2.045359734192E0));
#4903=CARTESIAN_POINT('',(2.997808458265E1,-4.188991289102E1,1.800994864345E0));
#4904=(BOUNDED_SURFACE()B_SPLINE_SURFACE(3,3,((#4888,#4889,#4890,#4891),(#4892,
#4893,#4894,#4895),(#4896,#4897,#4898,#4899),(#4900,#4901,#4902,#4903)),
.UNSPECIFIED.,.F.,.F.,.F.)B_SPLINE_SURFACE_WITH_KNOTS((4,4),(4,4),(0.E0,1.E0),(
0.E0,1.E0),.UNSPECIFIED.)GEOMETRIC_REPRESENTATION_ITEM()RATIONAL_B_SPLINE_SURFACE(((1.443459320317E0,1.143073503490E0,1.143073503490E0,1.443459320317E0),(
1.098767999416E0,8.701129078850E-1,8.701129078850E-1,1.098767999416E0),(
1.098767999416E0,8.701129078850E-1,8.701129078850E-1,1.098767999416E0),(
1.443459320317E0,1.143073503490E0,1.143073503490E0,1.443459320317E0)))REPRESENTATION_ITEM('')SURFACE());
#4906=ORIENTED_EDGE('',*,*,#4905,.F.);
#4908=ORIENTED_EDGE('',*,*,#4907,.T.);
#4909=ORIENTED_EDGE('',*,*,#4871,.F.);
#4910=ORIENTED_EDGE('',*,*,#4592,.F.);
#4911=EDGE_LOOP('',(#4906,#4908,#4909,#4910));
#4912=FACE_OUTER_BOUND('',#4911,.F.);
#4913=ADVANCED_FACE('',(#4912),#4904,.T.);
#4914=FILL_AREA_STYLE_COLOUR('',#95);
#4915=FILL_AREA_STYLE('',(#4914));
#4916=SURFACE_STYLE_FILL_AREA(#4915);
#4917=SURFACE_SIDE_STYLE('',(#4916));
#4918=SURFACE_STYLE_USAGE(.BOTH.,#4917);
#4919=PRESENTATION_STYLE_ASSIGNMENT((#4918));
#4920=STYLED_ITEM('',(#4919),#4913);
#4921=CARTESIAN_POINT('',(2.161364019330E1,-4.149195094398E1,1.81E0));
#4922=DIRECTION('',(1.E0,0.E0,0.E0));
#4923=DIRECTION('',(0.E0,0.E0,1.E0));
#4924=AXIS2_PLACEMENT_3D('',#4921,#4922,#4923);
#4925=CYLINDRICAL_SURFACE('',#4924,4.E-1);
#4927=ORIENTED_EDGE('',*,*,#4926,.T.);
#4929=ORIENTED_EDGE('',*,*,#4928,.F.);
#4930=ORIENTED_EDGE('',*,*,#4905,.T.);
#4931=ORIENTED_EDGE('',*,*,#4615,.F.);
#4932=EDGE_LOOP('',(#4927,#4929,#4930,#4931));
#4933=FACE_OUTER_BOUND('',#4932,.F.);
#4934=ADVANCED_FACE('',(#4933),#4925,.T.);
#4935=FILL_AREA_STYLE_COLOUR('',#95);
#4936=FILL_AREA_STYLE('',(#4935));
#4937=SURFACE_STYLE_FILL_AREA(#4936);
#4938=SURFACE_SIDE_STYLE('',(#4937));
#4939=SURFACE_STYLE_USAGE(.BOTH.,#4938);
#4940=PRESENTATION_STYLE_ASSIGNMENT((#4939));
#4941=STYLED_ITEM('',(#4940),#4934);
#4942=CARTESIAN_POINT('',(2.164904741919E1,-4.147913533261E1,2.209804810552E0));
#4943=CARTESIAN_POINT('',(2.167065157754E1,-4.172248577313E1,2.217439810492E0));
#4944=CARTESIAN_POINT('',(2.168600202575E1,-4.189539407501E1,2.045359734192E0));
#4945=CARTESIAN_POINT('',(2.168551541735E1,-4.188991289102E1,1.800994864345E0));
#4946=CARTESIAN_POINT('',(2.159421908659E1,-4.148400288073E1,2.209804810552E0));
#4947=CARTESIAN_POINT('',(2.145238299837E1,-4.174186321472E1,2.217439810492E0));
#4948=CARTESIAN_POINT('',(2.135160390337E1,-4.192508126182E1,2.045359734192E0));
#4949=CARTESIAN_POINT('',(2.135479859534E1,-4.191927325945E1,1.800994864345E0));
#4950=CARTESIAN_POINT('',(2.155529711927E1,-4.144508091341E1,2.209804810552E0));
#4951=CARTESIAN_POINT('',(2.129743678528E1,-4.158691700163E1,2.217439810492E0));
#4952=CARTESIAN_POINT('',(2.111421873818E1,-4.168769609663E1,2.045359734192E0));
#4953=CARTESIAN_POINT('',(2.112002674055E1,-4.168450140466E1,1.800994864345E0));
#4954=CARTESIAN_POINT('',(2.156016466739E1,-4.139025258081E1,2.209804810552E0));
#4955=CARTESIAN_POINT('',(2.131681422687E1,-4.136864842246E1,2.217439810492E0));
#4956=CARTESIAN_POINT('',(2.114390592499E1,-4.135329797425E1,2.045359734192E0));
#4957=CARTESIAN_POINT('',(2.114938710898E1,-4.135378458265E1,1.800994864345E0));
#4958=(BOUNDED_SURFACE()B_SPLINE_SURFACE(3,3,((#4942,#4943,#4944,#4945),(#4946,
#4947,#4948,#4949),(#4950,#4951,#4952,#4953),(#4954,#4955,#4956,#4957)),
.UNSPECIFIED.,.F.,.F.,.F.)B_SPLINE_SURFACE_WITH_KNOTS((4,4),(4,4),(0.E0,1.E0),(
0.E0,1.E0),.UNSPECIFIED.)GEOMETRIC_REPRESENTATION_ITEM()RATIONAL_B_SPLINE_SURFACE(((1.443459320317E0,1.143073503490E0,1.143073503490E0,1.443459320317E0),(
1.098767999416E0,8.701129078850E-1,8.701129078850E-1,1.098767999416E0),(
1.098767999416E0,8.701129078850E-1,8.701129078850E-1,1.098767999416E0),(
1.443459320317E0,1.143073503490E0,1.143073503490E0,1.443459320317E0)))REPRESENTATION_ITEM('')SURFACE());
#4960=ORIENTED_EDGE('',*,*,#4959,.F.);
#4962=ORIENTED_EDGE('',*,*,#4961,.T.);
#4963=ORIENTED_EDGE('',*,*,#4926,.F.);
#4964=ORIENTED_EDGE('',*,*,#4637,.F.);
#4965=EDGE_LOOP('',(#4960,#4962,#4963,#4964));
#4966=FACE_OUTER_BOUND('',#4965,.F.);
#4967=ADVANCED_FACE('',(#4966),#4958,.T.);
#4968=FILL_AREA_STYLE_COLOUR('',#95);
#4969=FILL_AREA_STYLE('',(#4968));
#4970=SURFACE_STYLE_FILL_AREA(#4969);
#4971=SURFACE_SIDE_STYLE('',(#4970));
#4972=SURFACE_STYLE_USAGE(.BOTH.,#4971);
#4973=PRESENTATION_STYLE_ASSIGNMENT((#4972));
#4974=STYLED_ITEM('',(#4973),#4967);
#4975=CARTESIAN_POINT('',(2.154734905602E1,-3.538934019330E1,1.81E0));
#4976=DIRECTION('',(0.E0,-1.E0,0.E0));
#4977=DIRECTION('',(0.E0,0.E0,1.E0));
#4978=AXIS2_PLACEMENT_3D('',#4975,#4976,#4977);
#4979=CYLINDRICAL_SURFACE('',#4978,4.E-1);
#4981=ORIENTED_EDGE('',*,*,#4980,.T.);
#4983=ORIENTED_EDGE('',*,*,#4982,.F.);
#4984=ORIENTED_EDGE('',*,*,#4959,.T.);
#4985=ORIENTED_EDGE('',*,*,#4657,.F.);
#4986=EDGE_LOOP('',(#4981,#4983,#4984,#4985));
#4987=FACE_OUTER_BOUND('',#4986,.F.);
#4988=ADVANCED_FACE('',(#4987),#4979,.T.);
#4989=FILL_AREA_STYLE_COLOUR('',#95);
#4990=FILL_AREA_STYLE('',(#4989));
#4991=SURFACE_STYLE_FILL_AREA(#4990);
#4992=SURFACE_SIDE_STYLE('',(#4991));
#4993=SURFACE_STYLE_USAGE(.BOTH.,#4992);
#4994=PRESENTATION_STYLE_ASSIGNMENT((#4993));
#4995=STYLED_ITEM('',(#4994),#4988);
#4996=CARTESIAN_POINT('',(2.154734905602E1,-3.694671042708E1,1.81E0));
#4997=DIRECTION('',(2.782376169026E-1,9.603843670541E-1,-1.567469484145E-2));
#4998=DIRECTION('',(-9.604726391743E-1,2.783373352408E-1,4.542819461197E-3));
#4999=AXIS2_PLACEMENT_3D('',#4996,#4997,#4998);
#5000=SPHERICAL_SURFACE('',#4999,4.E-1);
#5001=ORIENTED_EDGE('',*,*,#4980,.F.);
#5002=ORIENTED_EDGE('',*,*,#4683,.T.);
#5004=ORIENTED_EDGE('',*,*,#5003,.F.);
#5005=EDGE_LOOP('',(#5001,#5002,#5004));
#5006=FACE_OUTER_BOUND('',#5005,.F.);
#5007=ADVANCED_FACE('',(#5006),#5000,.T.);
#5008=FILL_AREA_STYLE_COLOUR('',#95);
#5009=FILL_AREA_STYLE('',(#5008));
#5010=SURFACE_STYLE_FILL_AREA(#5009);
#5011=SURFACE_SIDE_STYLE('',(#5010));
#5012=SURFACE_STYLE_USAGE(.BOTH.,#5011);
#5013=PRESENTATION_STYLE_ASSIGNMENT((#5012));
#5014=STYLED_ITEM('',(#5013),#5007);
#5015=CARTESIAN_POINT('',(2.58318E1,-3.96575E1,1.81E0));
#5016=DIRECTION('',(0.E0,0.E0,1.E0));
#5017=DIRECTION('',(-3.434474679992E-1,9.391718888068E-1,0.E0));
#5018=AXIS2_PLACEMENT_3D('',#5015,#5016,#5017);
#5019=TOROIDAL_SURFACE('',#5018,5.07E0,4.E-1);
#5021=ORIENTED_EDGE('',*,*,#5020,.T.);
#5022=ORIENTED_EDGE('',*,*,#5003,.T.);
#5023=ORIENTED_EDGE('',*,*,#4705,.F.);
#5025=ORIENTED_EDGE('',*,*,#5024,.F.);
#5026=EDGE_LOOP('',(#5021,#5022,#5023,#5025));
#5027=FACE_OUTER_BOUND('',#5026,.F.);
#5028=ADVANCED_FACE('',(#5027),#5019,.T.);
#5029=FILL_AREA_STYLE_COLOUR('',#95);
#5030=FILL_AREA_STYLE('',(#5029));
#5031=SURFACE_STYLE_FILL_AREA(#5030);
#5032=SURFACE_SIDE_STYLE('',(#5031));
#5033=SURFACE_STYLE_USAGE(.BOTH.,#5032);
#5034=PRESENTATION_STYLE_ASSIGNMENT((#5033));
#5035=STYLED_ITEM('',(#5034),#5028);
#5036=CARTESIAN_POINT('',(2.58318E1,-3.84075E1,2.21E0));
#5037=DIRECTION('',(0.E0,0.E0,1.E0));
#5038=DIRECTION('',(1.E0,0.E0,0.E0));
#5039=AXIS2_PLACEMENT_3D('',#5036,#5037,#5038);
#5040=PLANE('',#5039);
#5041=ORIENTED_EDGE('',*,*,#4961,.F.);
#5042=ORIENTED_EDGE('',*,*,#4982,.T.);
#5043=ORIENTED_EDGE('',*,*,#5020,.F.);
#5045=ORIENTED_EDGE('',*,*,#5044,.T.);
#5047=ORIENTED_EDGE('',*,*,#5046,.F.);
#5048=ORIENTED_EDGE('',*,*,#4873,.T.);
#5049=ORIENTED_EDGE('',*,*,#4907,.F.);
#5050=ORIENTED_EDGE('',*,*,#4928,.T.);
#5051=EDGE_LOOP('',(#5041,#5042,#5043,#5045,#5047,#5048,#5049,#5050));
#5052=FACE_OUTER_BOUND('',#5051,.F.);
#5054=ORIENTED_EDGE('',*,*,#5053,.F.);
#5056=ORIENTED_EDGE('',*,*,#5055,.F.);
#5057=EDGE_LOOP('',(#5054,#5056));
#5058=FACE_BOUND('',#5057,.F.);
#5060=ORIENTED_EDGE('',*,*,#5059,.F.);
#5062=ORIENTED_EDGE('',*,*,#5061,.F.);
#5063=EDGE_LOOP('',(#5060,#5062));
#5064=FACE_BOUND('',#5063,.F.);
#5065=ADVANCED_FACE('',(#5052,#5058,#5064),#5040,.T.);
#5066=FILL_AREA_STYLE_COLOUR('',#95);
#5067=FILL_AREA_STYLE('',(#5066));
#5068=SURFACE_STYLE_FILL_AREA(#5067);
#5069=SURFACE_SIDE_STYLE('',(#5068));
#5070=SURFACE_STYLE_USAGE(.BOTH.,#5069);
#5071=PRESENTATION_STYLE_ASSIGNMENT((#5070));
#5072=STYLED_ITEM('',(#5071),#5065);
#5073=CARTESIAN_POINT('',(2.185220356529E1,-4.084695286031E1,2.201641365784E0));
#5074=CARTESIAN_POINT('',(2.185319020952E1,-4.084701629254E1,2.316084116340E0));
#5075=CARTESIAN_POINT('',(2.193604774333E1,-4.085234327726E1,2.394851958566E0));
#5076=CARTESIAN_POINT('',(2.205014834796E1,-4.085967890684E1,2.389815967329E0));
#5077=CARTESIAN_POINT('',(2.183954540911E1,-4.104384165582E1,2.201641365784E0));
#5078=CARTESIAN_POINT('',(2.184057113105E1,-4.104329726153E1,2.316084116340E0));
#5079=CARTESIAN_POINT('',(2.192671037733E1,-4.099757949648E1,2.394851958566E0));
#5080=CARTESIAN_POINT('',(2.204533012897E1,-4.093462294452E1,2.389815967329E0));
#5081=CARTESIAN_POINT('',(2.197450472201E1,-4.118775625057E1,2.201641365784E0));
#5082=CARTESIAN_POINT('',(2.197511380342E1,-4.118676756939E1,2.316084116340E0));
#5083=CARTESIAN_POINT('',(2.202626393650E1,-4.110373897385E1,2.394851958566E0));
#5084=CARTESIAN_POINT('',(2.209670123825E1,-4.098940280531E1,2.389815967329E0));
#5085=CARTESIAN_POINT('',(2.21718E1,-4.118775625057E1,2.201641365784E0));
#5086=CARTESIAN_POINT('',(2.21718E1,-4.118676756939E1,2.316084116340E0));
#5087=CARTESIAN_POINT('',(2.21718E1,-4.110373897385E1,2.394851958566E0));
#5088=CARTESIAN_POINT('',(2.21718E1,-4.098940280531E1,2.389815967329E0));
#5089=CARTESIAN_POINT('',(2.236909527799E1,-4.118775625057E1,2.201641365784E0));
#5090=CARTESIAN_POINT('',(2.236848619658E1,-4.118676756939E1,2.316084116340E0));
#5091=CARTESIAN_POINT('',(2.231733606350E1,-4.110373897385E1,2.394851958566E0));
#5092=CARTESIAN_POINT('',(2.224689876175E1,-4.098940280531E1,2.389815967329E0));
#5093=CARTESIAN_POINT('',(2.250405459089E1,-4.104384165582E1,2.201641365784E0));
#5094=CARTESIAN_POINT('',(2.250302886895E1,-4.104329726153E1,2.316084116340E0));
#5095=CARTESIAN_POINT('',(2.241688962267E1,-4.099757949648E1,2.394851958566E0));
#5096=CARTESIAN_POINT('',(2.229826987103E1,-4.093462294452E1,2.389815967329E0));
#5097=CARTESIAN_POINT('',(2.249139643471E1,-4.084695286031E1,2.201641365784E0));
#5098=CARTESIAN_POINT('',(2.249040979048E1,-4.084701629254E1,2.316084116340E0));
#5099=CARTESIAN_POINT('',(2.240755225667E1,-4.085234327726E1,2.394851958566E0));
#5100=CARTESIAN_POINT('',(2.229345165204E1,-4.085967890684E1,2.389815967329E0));
#5101=(BOUNDED_SURFACE()B_SPLINE_SURFACE(3,3,((#5073,#5074,#5075,#5076),(#5077,
#5078,#5079,#5080),(#5081,#5082,#5083,#5084),(#5085,#5086,#5087,#5088),(#5089,
#5090,#5091,#5092),(#5093,#5094,#5095,#5096),(#5097,#5098,#5099,#5100)),
.UNSPECIFIED.,.F.,.F.,.F.)B_SPLINE_SURFACE_WITH_KNOTS((4,3,4),(4,4),(0.E0,1.E0,
2.E0),(0.E0,1.E0),.UNSPECIFIED.)GEOMETRIC_REPRESENTATION_ITEM()RATIONAL_B_SPLINE_SURFACE(((1.401738507695E0,1.116240577796E0,1.116240577796E0,1.401738507695E0),(
1.106483180833E0,8.811211351577E-1,8.811211351577E-1,1.106483180833E0),(
1.106483180833E0,8.811211351577E-1,8.811211351577E-1,1.106483180833E0),(
1.401738507695E0,1.116240577796E0,1.116240577796E0,1.401738507695E0),(
1.106483180833E0,8.811211351577E-1,8.811211351577E-1,1.106483180833E0),(
1.106483180833E0,8.811211351577E-1,8.811211351577E-1,1.106483180833E0),(
1.401738507695E0,1.116240577796E0,1.116240577796E0,1.401738507695E0)))REPRESENTATION_ITEM('')SURFACE());
#5103=ORIENTED_EDGE('',*,*,#5102,.F.);
#5105=ORIENTED_EDGE('',*,*,#5104,.T.);
#5107=ORIENTED_EDGE('',*,*,#5106,.F.);
#5108=ORIENTED_EDGE('',*,*,#5059,.T.);
#5109=EDGE_LOOP('',(#5103,#5105,#5107,#5108));
#5110=FACE_OUTER_BOUND('',#5109,.F.);
#5111=ADVANCED_FACE('',(#5110),#5101,.T.);
#5112=FILL_AREA_STYLE_COLOUR('',#95);
#5113=FILL_AREA_STYLE('',(#5112));
#5114=SURFACE_STYLE_FILL_AREA(#5113);
#5115=SURFACE_SIDE_STYLE('',(#5114));
#5116=SURFACE_STYLE_USAGE(.BOTH.,#5115);
#5117=PRESENTATION_STYLE_ASSIGNMENT((#5116));
#5118=STYLED_ITEM('',(#5117),#5111);
#5119=CARTESIAN_POINT('',(2.249139643471E1,-4.088804713969E1,2.201641365784E0));
#5120=CARTESIAN_POINT('',(2.249040979048E1,-4.088798370746E1,2.316084116340E0));
#5121=CARTESIAN_POINT('',(2.240755225667E1,-4.088265672274E1,2.394851958566E0));
#5122=CARTESIAN_POINT('',(2.229345165204E1,-4.087532109316E1,2.389815967329E0));
#5123=CARTESIAN_POINT('',(2.250405459089E1,-4.069115834418E1,2.201641365784E0));
#5124=CARTESIAN_POINT('',(2.250302886895E1,-4.069170273847E1,2.316084116340E0));
#5125=CARTESIAN_POINT('',(2.241688962267E1,-4.073742050352E1,2.394851958566E0));
#5126=CARTESIAN_POINT('',(2.229826987103E1,-4.080037705548E1,2.389815967329E0));
#5127=CARTESIAN_POINT('',(2.236909527799E1,-4.054724374943E1,2.201641365784E0));
#5128=CARTESIAN_POINT('',(2.236848619658E1,-4.054823243061E1,2.316084116340E0));
#5129=CARTESIAN_POINT('',(2.231733606350E1,-4.063126102615E1,2.394851958566E0));
#5130=CARTESIAN_POINT('',(2.224689876175E1,-4.074559719469E1,2.389815967329E0));
#5131=CARTESIAN_POINT('',(2.21718E1,-4.054724374943E1,2.201641365784E0));
#5132=CARTESIAN_POINT('',(2.21718E1,-4.054823243061E1,2.316084116340E0));
#5133=CARTESIAN_POINT('',(2.21718E1,-4.063126102615E1,2.394851958566E0));
#5134=CARTESIAN_POINT('',(2.21718E1,-4.074559719469E1,2.389815967329E0));
#5135=CARTESIAN_POINT('',(2.197450472201E1,-4.054724374943E1,2.201641365784E0));
#5136=CARTESIAN_POINT('',(2.197511380342E1,-4.054823243061E1,2.316084116340E0));
#5137=CARTESIAN_POINT('',(2.202626393650E1,-4.063126102615E1,2.394851958566E0));
#5138=CARTESIAN_POINT('',(2.209670123825E1,-4.074559719469E1,2.389815967329E0));
#5139=CARTESIAN_POINT('',(2.183954540911E1,-4.069115834418E1,2.201641365784E0));
#5140=CARTESIAN_POINT('',(2.184057113105E1,-4.069170273847E1,2.316084116340E0));
#5141=CARTESIAN_POINT('',(2.192671037733E1,-4.073742050352E1,2.394851958566E0));
#5142=CARTESIAN_POINT('',(2.204533012897E1,-4.080037705548E1,2.389815967329E0));
#5143=CARTESIAN_POINT('',(2.185220356529E1,-4.088804713969E1,2.201641365784E0));
#5144=CARTESIAN_POINT('',(2.185319020952E1,-4.088798370746E1,2.316084116340E0));
#5145=CARTESIAN_POINT('',(2.193604774333E1,-4.088265672274E1,2.394851958566E0));
#5146=CARTESIAN_POINT('',(2.205014834796E1,-4.087532109316E1,2.389815967329E0));
#5147=(BOUNDED_SURFACE()B_SPLINE_SURFACE(3,3,((#5119,#5120,#5121,#5122),(#5123,
#5124,#5125,#5126),(#5127,#5128,#5129,#5130),(#5131,#5132,#5133,#5134),(#5135,
#5136,#5137,#5138),(#5139,#5140,#5141,#5142),(#5143,#5144,#5145,#5146)),
.UNSPECIFIED.,.F.,.F.,.F.)B_SPLINE_SURFACE_WITH_KNOTS((4,3,4),(4,4),(0.E0,1.E0,
2.E0),(0.E0,1.E0),.UNSPECIFIED.)GEOMETRIC_REPRESENTATION_ITEM()RATIONAL_B_SPLINE_SURFACE(((1.401738507695E0,1.116240577796E0,1.116240577796E0,1.401738507695E0),(
1.106483180833E0,8.811211351577E-1,8.811211351577E-1,1.106483180833E0),(
1.106483180833E0,8.811211351577E-1,8.811211351577E-1,1.106483180833E0),(
1.401738507695E0,1.116240577796E0,1.116240577796E0,1.401738507695E0),(
1.106483180833E0,8.811211351577E-1,8.811211351577E-1,1.106483180833E0),(
1.106483180833E0,8.811211351577E-1,8.811211351577E-1,1.106483180833E0),(
1.401738507695E0,1.116240577796E0,1.116240577796E0,1.401738507695E0)))REPRESENTATION_ITEM('')SURFACE());
#5148=ORIENTED_EDGE('',*,*,#5106,.T.);
#5150=ORIENTED_EDGE('',*,*,#5149,.T.);
#5151=ORIENTED_EDGE('',*,*,#5102,.T.);
#5152=ORIENTED_EDGE('',*,*,#5061,.T.);
#5153=EDGE_LOOP('',(#5148,#5150,#5151,#5152));
#5154=FACE_OUTER_BOUND('',#5153,.F.);
#5155=ADVANCED_FACE('',(#5154),#5147,.T.);
#5156=FILL_AREA_STYLE_COLOUR('',#95);
#5157=FILL_AREA_STYLE('',(#5156));
#5158=SURFACE_STYLE_FILL_AREA(#5157);
#5159=SURFACE_SIDE_STYLE('',(#5158));
#5160=SURFACE_STYLE_USAGE(.BOTH.,#5159);
#5161=PRESENTATION_STYLE_ASSIGNMENT((#5160));
#5162=STYLED_ITEM('',(#5161),#5155);
#5163=CARTESIAN_POINT('',(2.58318E1,-3.84075E1,2.39E0));
#5164=DIRECTION('',(0.E0,0.E0,1.E0));
#5165=DIRECTION('',(1.E0,0.E0,0.E0));
#5166=AXIS2_PLACEMENT_3D('',#5163,#5164,#5165);
#5167=PLANE('',#5166);
#5168=ORIENTED_EDGE('',*,*,#5104,.F.);
#5169=ORIENTED_EDGE('',*,*,#5149,.F.);
#5170=EDGE_LOOP('',(#5168,#5169));
#5171=FACE_OUTER_BOUND('',#5170,.F.);
#5172=ADVANCED_FACE('',(#5171),#5167,.T.);
#5173=FILL_AREA_STYLE_COLOUR('',#95);
#5174=FILL_AREA_STYLE('',(#5173));
#5175=SURFACE_STYLE_FILL_AREA(#5174);
#5176=SURFACE_SIDE_STYLE('',(#5175));
#5177=SURFACE_STYLE_USAGE(.BOTH.,#5176);
#5178=PRESENTATION_STYLE_ASSIGNMENT((#5177));
#5179=STYLED_ITEM('',(#5178),#5172);
#5180=CARTESIAN_POINT('',(2.58318E1,-3.84075E1,2.21E0));
#5181=DIRECTION('',(0.E0,0.E0,1.E0));
#5182=DIRECTION('',(0.E0,1.E0,0.E0));
#5183=AXIS2_PLACEMENT_3D('',#5180,#5181,#5182);
#5184=CYLINDRICAL_SURFACE('',#5183,4.E-1);
#5186=ORIENTED_EDGE('',*,*,#5185,.T.);
#5188=ORIENTED_EDGE('',*,*,#5187,.F.);
#5189=ORIENTED_EDGE('',*,*,#5053,.T.);
#5191=ORIENTED_EDGE('',*,*,#5190,.F.);
#5192=EDGE_LOOP('',(#5186,#5188,#5189,#5191));
#5193=FACE_OUTER_BOUND('',#5192,.F.);
#5194=ADVANCED_FACE('',(#5193),#5184,.F.);
#5195=FILL_AREA_STYLE_COLOUR('',#95);
#5196=FILL_AREA_STYLE('',(#5195));
#5197=SURFACE_STYLE_FILL_AREA(#5196);
#5198=SURFACE_SIDE_STYLE('',(#5197));
#5199=SURFACE_STYLE_USAGE(.BOTH.,#5198);
#5200=PRESENTATION_STYLE_ASSIGNMENT((#5199));
#5201=STYLED_ITEM('',(#5200),#5194);
#5202=CARTESIAN_POINT('',(2.58318E1,-3.84075E1,1.5E0));
#5203=DIRECTION('',(0.E0,0.E0,1.E0));
#5204=DIRECTION('',(1.E0,0.E0,0.E0));
#5205=AXIS2_PLACEMENT_3D('',#5202,#5203,#5204);
#5206=PLANE('',#5205);
#5208=ORIENTED_EDGE('',*,*,#5207,.F.);
#5209=ORIENTED_EDGE('',*,*,#5185,.F.);
#5210=EDGE_LOOP('',(#5208,#5209));
#5211=FACE_OUTER_BOUND('',#5210,.F.);
#5212=ADVANCED_FACE('',(#5211),#5206,.T.);
#5213=CARTESIAN_POINT('',(2.58318E1,-3.84075E1,2.21E0));
#5214=DIRECTION('',(0.E0,0.E0,1.E0));
#5215=DIRECTION('',(0.E0,1.E0,0.E0));
#5216=AXIS2_PLACEMENT_3D('',#5213,#5214,#5215);
#5217=CYLINDRICAL_SURFACE('',#5216,4.E-1);
#5218=ORIENTED_EDGE('',*,*,#5207,.T.);
#5219=ORIENTED_EDGE('',*,*,#5190,.T.);
#5220=ORIENTED_EDGE('',*,*,#5055,.T.);
#5221=ORIENTED_EDGE('',*,*,#5187,.T.);
#5222=EDGE_LOOP('',(#5218,#5219,#5220,#5221));
#5223=FACE_OUTER_BOUND('',#5222,.F.);
#5224=ADVANCED_FACE('',(#5223),#5217,.F.);
#5225=FILL_AREA_STYLE_COLOUR('',#95);
#5226=FILL_AREA_STYLE('',(#5225));
#5227=SURFACE_STYLE_FILL_AREA(#5226);
#5228=SURFACE_SIDE_STYLE('',(#5227));
#5229=SURFACE_STYLE_USAGE(.BOTH.,#5228);
#5230=PRESENTATION_STYLE_ASSIGNMENT((#5229));
#5231=STYLED_ITEM('',(#5230),#5224);
#5232=CARTESIAN_POINT('',(3.004995980670E1,-3.532304905602E1,1.81E0));
#5233=DIRECTION('',(-1.E0,0.E0,0.E0));
#5234=DIRECTION('',(0.E0,0.E0,1.E0));
#5235=AXIS2_PLACEMENT_3D('',#5232,#5233,#5234);
#5236=CYLINDRICAL_SURFACE('',#5235,4.E-1);
#5238=ORIENTED_EDGE('',*,*,#5237,.T.);
#5239=ORIENTED_EDGE('',*,*,#5044,.F.);
#5241=ORIENTED_EDGE('',*,*,#5240,.T.);
#5242=ORIENTED_EDGE('',*,*,#4749,.F.);
#5243=EDGE_LOOP('',(#5238,#5239,#5241,#5242));
#5244=FACE_OUTER_BOUND('',#5243,.F.);
#5245=ADVANCED_FACE('',(#5244),#5236,.T.);
#5246=FILL_AREA_STYLE_COLOUR('',#95);
#5247=FILL_AREA_STYLE('',(#5246));
#5248=SURFACE_STYLE_FILL_AREA(#5247);
#5249=SURFACE_SIDE_STYLE('',(#5248));
#5250=SURFACE_STYLE_USAGE(.BOTH.,#5249);
#5251=PRESENTATION_STYLE_ASSIGNMENT((#5250));
#5252=STYLED_ITEM('',(#5251),#5245);
#5253=CARTESIAN_POINT('',(2.846190171177E1,-3.532304905602E1,1.81E0));
#5254=DIRECTION('',(9.629395558830E-1,-2.692304189697E-1,-1.619855602184E-2));
#5255=DIRECTION('',(2.693336735034E-1,9.630362635055E-1,4.530727367214E-3));
#5256=AXIS2_PLACEMENT_3D('',#5253,#5254,#5255);
#5257=SPHERICAL_SURFACE('',#5256,4.E-1);
#5258=ORIENTED_EDGE('',*,*,#5237,.F.);
#5259=ORIENTED_EDGE('',*,*,#4781,.T.);
#5261=ORIENTED_EDGE('',*,*,#5260,.F.);
#5262=EDGE_LOOP('',(#5258,#5259,#5261));
#5263=FACE_OUTER_BOUND('',#5262,.F.);
#5264=ADVANCED_FACE('',(#5263),#5257,.T.);
#5265=FILL_AREA_STYLE_COLOUR('',#95);
#5266=FILL_AREA_STYLE('',(#5265));
#5267=SURFACE_STYLE_FILL_AREA(#5266);
#5268=SURFACE_SIDE_STYLE('',(#5267));
#5269=SURFACE_STYLE_USAGE(.BOTH.,#5268);
#5270=PRESENTATION_STYLE_ASSIGNMENT((#5269));
#5271=STYLED_ITEM('',(#5270),#5264);
#5272=CARTESIAN_POINT('',(2.58318E1,-3.96575E1,1.81E0));
#5273=DIRECTION('',(0.E0,0.E0,1.E0));
#5274=DIRECTION('',(9.287477941497E-1,3.707121995053E-1,0.E0));
#5275=AXIS2_PLACEMENT_3D('',#5272,#5273,#5274);
#5276=TOROIDAL_SURFACE('',#5275,5.07E0,4.E-1);
#5277=ORIENTED_EDGE('',*,*,#5260,.T.);
#5278=ORIENTED_EDGE('',*,*,#4803,.F.);
#5280=ORIENTED_EDGE('',*,*,#5279,.F.);
#5281=ORIENTED_EDGE('',*,*,#5046,.T.);
#5282=EDGE_LOOP('',(#5277,#5278,#5280,#5281));
#5283=FACE_OUTER_BOUND('',#5282,.F.);
#5284=ADVANCED_FACE('',(#5283),#5276,.T.);
#5285=FILL_AREA_STYLE_COLOUR('',#95);
#5286=FILL_AREA_STYLE('',(#5285));
#5287=SURFACE_STYLE_FILL_AREA(#5286);
#5288=SURFACE_SIDE_STYLE('',(#5287));
#5289=SURFACE_STYLE_USAGE(.BOTH.,#5288);
#5290=PRESENTATION_STYLE_ASSIGNMENT((#5289));
#5291=STYLED_ITEM('',(#5290),#5284);
#5292=CARTESIAN_POINT('',(3.011625094398E1,-3.694671042708E1,1.81E0));
#5293=DIRECTION('',(5.975472023961E-1,3.780705501737E-1,-7.071067811865E-1));
#5294=DIRECTION('',(5.975472023961E-1,3.780705501737E-1,7.071067811865E-1));
#5295=AXIS2_PLACEMENT_3D('',#5292,#5293,#5294);
#5296=SPHERICAL_SURFACE('',#5295,4.E-1);
#5297=ORIENTED_EDGE('',*,*,#4825,.F.);
#5298=ORIENTED_EDGE('',*,*,#4875,.F.);
#5299=ORIENTED_EDGE('',*,*,#5279,.T.);
#5300=EDGE_LOOP('',(#5297,#5298,#5299));
#5301=FACE_OUTER_BOUND('',#5300,.F.);
#5302=ADVANCED_FACE('',(#5301),#5296,.T.);
#5303=FILL_AREA_STYLE_COLOUR('',#95);
#5304=FILL_AREA_STYLE('',(#5303));
#5305=SURFACE_STYLE_FILL_AREA(#5304);
#5306=SURFACE_SIDE_STYLE('',(#5305));
#5307=SURFACE_STYLE_USAGE(.BOTH.,#5306);
#5308=PRESENTATION_STYLE_ASSIGNMENT((#5307));
#5309=STYLED_ITEM('',(#5308),#5302);
#5310=CARTESIAN_POINT('',(2.320169828823E1,-3.532304905602E1,1.81E0));
#5311=DIRECTION('',(-3.668171115585E-1,6.045206420527E-1,-7.071067811865E-1));
#5312=DIRECTION('',(-3.668171115585E-1,6.045206420527E-1,7.071067811865E-1));
#5313=AXIS2_PLACEMENT_3D('',#5310,#5311,#5312);
#5314=SPHERICAL_SURFACE('',#5313,4.E-1);
#5315=ORIENTED_EDGE('',*,*,#5024,.T.);
#5316=ORIENTED_EDGE('',*,*,#4727,.T.);
#5317=ORIENTED_EDGE('',*,*,#5240,.F.);
#5318=EDGE_LOOP('',(#5315,#5316,#5317));
#5319=FACE_OUTER_BOUND('',#5318,.F.);
#5320=ADVANCED_FACE('',(#5319),#5314,.T.);
#5321=FILL_AREA_STYLE_COLOUR('',#95);
#5322=FILL_AREA_STYLE('',(#5321));
#5323=SURFACE_STYLE_FILL_AREA(#5322);
#5324=SURFACE_SIDE_STYLE('',(#5323));
#5325=SURFACE_STYLE_USAGE(.BOTH.,#5324);
#5326=PRESENTATION_STYLE_ASSIGNMENT((#5325));
#5327=STYLED_ITEM('',(#5326),#5320);
#5328=CARTESIAN_POINT('',(3.052410418166E1,-3.601732023568E1,
9.117560614947E-1));
#5329=CARTESIAN_POINT('',(3.052410892124E1,-3.602199091256E1,
9.100355581004E-1));
#5330=CARTESIAN_POINT('',(3.052406875192E1,-3.607606246359E1,
8.904697100968E-1));
#5331=CARTESIAN_POINT('',(3.052140344630E1,-3.617813932817E1,
8.609128223388E-1));
#5332=CARTESIAN_POINT('',(3.051157565015E1,-3.632401559734E1,
8.359252604170E-1));
#5333=CARTESIAN_POINT('',(3.049761229584E1,-3.646014000885E1,
8.269772415586E-1));
#5334=CARTESIAN_POINT('',(3.048070535034E1,-3.658670404775E1,
8.315079789894E-1));
#5335=CARTESIAN_POINT('',(3.046178866449E1,-3.670415221378E1,
8.479034444369E-1));
#5336=CARTESIAN_POINT('',(3.044161370708E1,-3.681308383263E1,
8.753594680538E-1));
#5337=CARTESIAN_POINT('',(3.042086743068E1,-3.691390045056E1,
9.137625770774E-1));
#5338=CARTESIAN_POINT('',(3.040026487932E1,-3.700659727825E1,
9.635282902338E-1));
#5339=CARTESIAN_POINT('',(3.038058241588E1,-3.709063799263E1,1.025539906893E0));
#5340=CARTESIAN_POINT('',(3.036269481746E1,-3.716465401359E1,1.101002068037E0));
#5341=CARTESIAN_POINT('',(3.034769890739E1,-3.722566446865E1,1.190346690942E0));
#5342=CARTESIAN_POINT('',(3.033686491722E1,-3.726896780528E1,1.290847661800E0));
#5343=CARTESIAN_POINT('',(3.033121118471E1,-3.729028805749E1,1.391817554171E0));
#5344=CARTESIAN_POINT('',(3.033029552707E1,-3.729205977218E1,1.457051382701E0));
#5345=CARTESIAN_POINT('',(3.033044253500E1,-3.729054798830E1,1.485866241457E0));
#5346=CARTESIAN_POINT('',(3.052309177845E1,-3.601957126644E1,1.150242298671E0));
#5347=CARTESIAN_POINT('',(3.052409635136E1,-3.602339104059E1,1.148534005536E0));
#5348=CARTESIAN_POINT('',(3.053558995244E1,-3.606768524369E1,1.128983888824E0));
#5349=CARTESIAN_POINT('',(3.055390922587E1,-3.615277578054E1,1.096863951618E0));
#5350=CARTESIAN_POINT('',(3.057237065748E1,-3.627759068400E1,1.06269751E0));
#5351=CARTESIAN_POINT('',(3.058345251661E1,-3.639650171173E1,1.040972495107E0));
#5352=CARTESIAN_POINT('',(3.058865295264E1,-3.650898837998E1,1.030187525219E0));
#5353=CARTESIAN_POINT('',(3.058915975902E1,-3.661493461445E1,1.029425318017E0));
#5354=CARTESIAN_POINT('',(3.058594656578E1,-3.671449089055E1,1.038325122369E0));
#5355=CARTESIAN_POINT('',(3.057986256010E1,-3.680771336478E1,1.057071964914E0));
#5356=CARTESIAN_POINT('',(3.057173177833E1,-3.689433007214E1,1.086308327672E0));
#5357=CARTESIAN_POINT('',(3.056240753886E1,-3.697359304607E1,1.127082684910E0));
#5358=CARTESIAN_POINT('',(3.055281586833E1,-3.704396558647E1,1.180705921149E0));
#5359=CARTESIAN_POINT('',(3.054404050294E1,-3.710235183077E1,1.247810419927E0));
#5360=CARTESIAN_POINT('',(3.053729178356E1,-3.714397581884E1,1.326200830431E0));
#5361=CARTESIAN_POINT('',(3.053359886856E1,-3.716448636746E1,1.406655313217E0));
#5362=CARTESIAN_POINT('',(3.053291594684E1,-3.716614018918E1,1.458972938193E0));
#5363=CARTESIAN_POINT('',(3.053297019139E1,-3.716465258169E1,1.482047068142E0));
#5364=CARTESIAN_POINT('',(3.035186087301E1,-3.602115187537E1,1.316256308418E0));
#5365=CARTESIAN_POINT('',(3.035356262314E1,-3.602438120996E1,1.315271248264E0));
#5366=CARTESIAN_POINT('',(3.037313800617E1,-3.606179739952E1,1.303979680558E0));
#5367=CARTESIAN_POINT('',(3.040724414809E1,-3.613311868054E1,1.285046042927E0));
#5368=CARTESIAN_POINT('',(3.044959653926E1,-3.623669770812E1,1.263953682302E0));
#5369=CARTESIAN_POINT('',(3.048403318686E1,-3.633458139072E1,1.249517525661E0));
#5370=CARTESIAN_POINT('',(3.051176725559E1,-3.642641995830E1,1.241026606616E0));
#5371=CARTESIAN_POINT('',(3.053377195253E1,-3.651210348596E1,1.238053859083E0));
#5372=CARTESIAN_POINT('',(3.055085967115E1,-3.659169741195E1,1.240456328529E0));
#5373=CARTESIAN_POINT('',(3.056370271238E1,-3.666518496659E1,1.248384960582E0));
#5374=CARTESIAN_POINT('',(3.057289839991E1,-3.673232655575E1,1.262244409313E0));
#5375=CARTESIAN_POINT('',(3.057902425874E1,-3.679259689971E1,1.282664746288E0));
#5376=CARTESIAN_POINT('',(3.058267008295E1,-3.684500901676E1,1.310418936498E0));
#5377=CARTESIAN_POINT('',(3.058444456277E1,-3.688761179277E1,1.345901889338E0));
#5378=CARTESIAN_POINT('',(3.058497926230E1,-3.691744692409E1,1.387923713807E0));
#5379=CARTESIAN_POINT('',(3.058488960800E1,-3.693195445709E1,1.431373370551E0));
#5380=CARTESIAN_POINT('',(3.058464770843E1,-3.693307984777E1,1.459690294265E0));
#5381=CARTESIAN_POINT('',(3.058452463238E1,-3.693200114815E1,1.472172651020E0));
#5382=CARTESIAN_POINT('',(3.011344109285E1,-3.602111092568E1,1.309898521990E0));
#5383=CARTESIAN_POINT('',(3.011511783501E1,-3.602436558328E1,1.309912548019E0));
#5384=CARTESIAN_POINT('',(3.013445977103E1,-3.606194196088E1,1.310153179750E0));
#5385=CARTESIAN_POINT('',(3.016965532589E1,-3.613099665538E1,1.312221094396E0));
#5386=CARTESIAN_POINT('',(3.021712415884E1,-3.622594371108E1,1.318589450250E0));
#5387=CARTESIAN_POINT('',(3.025917165658E1,-3.631163888351E1,1.327122783448E0));
#5388=CARTESIAN_POINT('',(3.029630629567E1,-3.638868310727E1,1.337155920604E0));
#5389=CARTESIAN_POINT('',(3.032894727488E1,-3.645753565136E1,1.348250492928E0));
#5390=CARTESIAN_POINT('',(3.035745936092E1,-3.651859191369E1,1.360124655517E0));
#5391=CARTESIAN_POINT('',(3.038210527393E1,-3.657207855472E1,1.372583187861E0));
#5392=CARTESIAN_POINT('',(3.040305632876E1,-3.661806843017E1,1.385471217303E0));
#5393=CARTESIAN_POINT('',(3.042042745005E1,-3.665655929491E1,1.398668581676E0));
#5394=CARTESIAN_POINT('',(3.043428702634E1,-3.668750096493E1,1.412089825408E0));
#5395=CARTESIAN_POINT('',(3.044459257856E1,-3.671065802256E1,1.425597323924E0));
#5396=CARTESIAN_POINT('',(3.045122626006E1,-3.672568820411E1,1.438876337956E0));
#5397=CARTESIAN_POINT('',(3.045421415478E1,-3.673261145286E1,1.451098318827E0));
#5398=CARTESIAN_POINT('',(3.045435619193E1,-3.673311583566E1,1.458771745576E0));
#5399=CARTESIAN_POINT('',(3.045407793530E1,-3.673258473473E1,1.462184568067E0));
#5400=(BOUNDED_SURFACE()B_SPLINE_SURFACE(3,3,((#5328,#5329,#5330,#5331,#5332,
#5333,#5334,#5335,#5336,#5337,#5338,#5339,#5340,#5341,#5342,#5343,#5344,#5345),(
#5346,#5347,#5348,#5349,#5350,#5351,#5352,#5353,#5354,#5355,#5356,#5357,#5358,
#5359,#5360,#5361,#5362,#5363),(#5364,#5365,#5366,#5367,#5368,#5369,#5370,#5371,
#5372,#5373,#5374,#5375,#5376,#5377,#5378,#5379,#5380,#5381),(#5382,#5383,#5384,
#5385,#5386,#5387,#5388,#5389,#5390,#5391,#5392,#5393,#5394,#5395,#5396,#5397,
#5398,#5399)),.UNSPECIFIED.,.F.,.F.,.F.)B_SPLINE_SURFACE_WITH_KNOTS((4,4),(4,1,
1,1,1,1,1,1,1,1,1,1,1,1,1,4),(-1.112269730017E-2,1.011058704114E0),(
1.120188772270E-1,1.222775735327E-1,2.303321897982E-1,3.268973522665E-1,
4.139430199049E-1,4.924083449949E-1,5.632499936146E-1,6.275525115554E-1,
6.858492596403E-1,7.385582364302E-1,7.863655400840E-1,8.297660057713E-1,
8.694075923677E-1,9.056624619476E-1,9.381237196010E-1,9.642813655974E-1),
.UNSPECIFIED.)GEOMETRIC_REPRESENTATION_ITEM()RATIONAL_B_SPLINE_SURFACE(((
1.177090317614E0,1.177090317614E0,1.177090317614E0,1.177090317614E0,
1.177090317614E0,1.177090317614E0,1.177090317614E0,1.177090317614E0,
1.177090317614E0,1.177090317614E0,1.177090317614E0,1.177090317614E0,
1.177090317614E0,1.177090317614E0,1.177090317614E0,1.177090317614E0,
1.177090317614E0,1.177090317614E0),(9.409846754114E-1,9.409846754115E-1,
9.409846754115E-1,9.409846754115E-1,9.409846754115E-1,9.409846754115E-1,
9.409846754115E-1,9.409846754115E-1,9.409846754115E-1,9.409846754115E-1,
9.409846754115E-1,9.409846754115E-1,9.409846754115E-1,9.409846754115E-1,
9.409846754115E-1,9.409846754115E-1,9.409846754115E-1,9.409846754115E-1),(
9.409698950539E-1,9.409698950540E-1,9.409698950540E-1,9.409698950540E-1,
9.409698950540E-1,9.409698950540E-1,9.409698950540E-1,9.409698950540E-1,
9.409698950540E-1,9.409698950540E-1,9.409698950540E-1,9.409698950540E-1,
9.409698950540E-1,9.409698950540E-1,9.409698950540E-1,9.409698950540E-1,
9.409698950540E-1,9.409698950540E-1),(1.177045976541E0,1.177045976541E0,
1.177045976541E0,1.177045976541E0,1.177045976541E0,1.177045976541E0,
1.177045976541E0,1.177045976541E0,1.177045976541E0,1.177045976541E0,
1.177045976541E0,1.177045976541E0,1.177045976541E0,1.177045976541E0,
1.177045976541E0,1.177045976541E0,1.177045976541E0,1.177045976541E0)))REPRESENTATION_ITEM('')SURFACE());
#5402=ORIENTED_EDGE('',*,*,#5401,.F.);
#5403=ORIENTED_EDGE('',*,*,#4849,.F.);
#5404=ORIENTED_EDGE('',*,*,#4828,.T.);
#5406=ORIENTED_EDGE('',*,*,#5405,.T.);
#5407=EDGE_LOOP('',(#5402,#5403,#5404,#5406));
#5408=FACE_OUTER_BOUND('',#5407,.F.);
#5409=ADVANCED_FACE('',(#5408),#5400,.T.);
#5410=FILL_AREA_STYLE_COLOUR('',#95);
#5411=FILL_AREA_STYLE('',(#5410));
#5412=SURFACE_STYLE_FILL_AREA(#5411);
#5413=SURFACE_SIDE_STYLE('',(#5412));
#5414=SURFACE_STYLE_USAGE(.BOTH.,#5413);
#5415=PRESENTATION_STYLE_ASSIGNMENT((#5414));
#5416=STYLED_ITEM('',(#5415),#5409);
#5417=CARTESIAN_POINT('',(3.012410512499E1,-3.539672086889E1,9.1E-1));
#5418=DIRECTION('',(0.E0,-1.E0,0.E0));
#5419=DIRECTION('',(9.999619230642E-1,0.E0,8.726535498374E-3));
#5420=AXIS2_PLACEMENT_3D('',#5417,#5418,#5419);
#5421=CYLINDRICAL_SURFACE('',#5420,4.E-1);
#5423=ORIENTED_EDGE('',*,*,#5422,.T.);
#5424=ORIENTED_EDGE('',*,*,#4851,.F.);
#5425=ORIENTED_EDGE('',*,*,#5401,.T.);
#5427=ORIENTED_EDGE('',*,*,#5426,.F.);
#5428=EDGE_LOOP('',(#5423,#5424,#5425,#5427));
#5429=FACE_OUTER_BOUND('',#5428,.F.);
#5430=ADVANCED_FACE('',(#5429),#5421,.T.);
#5431=FILL_AREA_STYLE_COLOUR('',#95);
#5432=FILL_AREA_STYLE('',(#5431));
#5433=SURFACE_STYLE_FILL_AREA(#5432);
#5434=SURFACE_SIDE_STYLE('',(#5433));
#5435=SURFACE_STYLE_USAGE(.BOTH.,#5434);
#5436=PRESENTATION_STYLE_ASSIGNMENT((#5435));
#5437=STYLED_ITEM('',(#5436),#5430);
#5438=CARTESIAN_POINT('',(3.001446634007E1,-3.532798931260E1,1.309804811256E0));
#5439=CARTESIAN_POINT('',(2.999451693347E1,-3.508449764317E1,1.317439797129E0));
#5440=CARTESIAN_POINT('',(2.998034223996E1,-3.491148899909E1,1.145359722598E0));
#5441=CARTESIAN_POINT('',(2.998079157708E1,-3.491697336507E1,
9.009948627237E-1));
#5442=CARTESIAN_POINT('',(3.007396965080E1,-3.532311417358E1,1.309804811256E0));
#5443=CARTESIAN_POINT('',(3.021588427281E1,-3.506636089512E1,1.317439797129E0));
#5444=CARTESIAN_POINT('',(3.031671916538E1,-3.488392945229E1,1.145359722598E0));
#5445=CARTESIAN_POINT('',(3.031352270396E1,-3.488971252056E1,
9.009948627237E-1));
#5446=CARTESIAN_POINT('',(3.011618582642E1,-3.536533034920E1,1.309804811256E0));
#5447=CARTESIAN_POINT('',(3.037293910488E1,-3.522341572719E1,1.317439797129E0));
#5448=CARTESIAN_POINT('',(3.055537054771E1,-3.512258083462E1,1.145359722598E0));
#5449=CARTESIAN_POINT('',(3.054958747944E1,-3.512577729604E1,
9.009948627237E-1));
#5450=CARTESIAN_POINT('',(3.011131068740E1,-3.542483365993E1,1.309804811256E0));
#5451=CARTESIAN_POINT('',(3.035480235683E1,-3.544478306653E1,1.317439797129E0));
#5452=CARTESIAN_POINT('',(3.052781100091E1,-3.545895776004E1,1.145359722598E0));
#5453=CARTESIAN_POINT('',(3.052232663493E1,-3.545850842292E1,
9.009948627237E-1));
#5454=(BOUNDED_SURFACE()B_SPLINE_SURFACE(3,3,((#5438,#5439,#5440,#5441),(#5442,
#5443,#5444,#5445),(#5446,#5447,#5448,#5449),(#5450,#5451,#5452,#5453)),
.UNSPECIFIED.,.F.,.F.,.F.)B_SPLINE_SURFACE_WITH_KNOTS((4,4),(4,4),(0.E0,1.E0),(
0.E0,1.E0),.UNSPECIFIED.)GEOMETRIC_REPRESENTATION_ITEM()RATIONAL_B_SPLINE_SURFACE(((1.438903537636E0,1.139465803473E0,1.139465803473E0,1.438903537636E0),(
1.100286575893E0,8.713154804739E-1,8.713154804739E-1,1.100286575893E0),(
1.100286575893E0,8.713154804739E-1,8.713154804739E-1,1.100286575893E0),(
1.438903537636E0,1.139465803473E0,1.139465803473E0,1.438903537636E0)))REPRESENTATION_ITEM('')SURFACE());
#5456=ORIENTED_EDGE('',*,*,#5455,.F.);
#5458=ORIENTED_EDGE('',*,*,#5457,.F.);
#5459=ORIENTED_EDGE('',*,*,#5422,.F.);
#5461=ORIENTED_EDGE('',*,*,#5460,.T.);
#5462=EDGE_LOOP('',(#5456,#5458,#5459,#5461));
#5463=FACE_OUTER_BOUND('',#5462,.F.);
#5464=ADVANCED_FACE('',(#5463),#5454,.T.);
#5465=FILL_AREA_STYLE_COLOUR('',#95);
#5466=FILL_AREA_STYLE('',(#5465));
#5467=SURFACE_STYLE_FILL_AREA(#5466);
#5468=SURFACE_SIDE_STYLE('',(#5467));
#5469=SURFACE_STYLE_USAGE(.BOTH.,#5468);
#5470=PRESENTATION_STYLE_ASSIGNMENT((#5469));
#5471=STYLED_ITEM('',(#5470),#5464);
#5472=CARTESIAN_POINT('',(2.162102086889E1,-3.531519487501E1,9.1E-1));
#5473=DIRECTION('',(1.E0,0.E0,0.E0));
#5474=DIRECTION('',(0.E0,9.999619230642E-1,8.726535498374E-3));
#5475=AXIS2_PLACEMENT_3D('',#5472,#5473,#5474);
#5476=CYLINDRICAL_SURFACE('',#5475,4.E-1);
#5478=ORIENTED_EDGE('',*,*,#5477,.F.);
#5479=ORIENTED_EDGE('',*,*,#4760,.F.);
#5480=ORIENTED_EDGE('',*,*,#5455,.T.);
#5482=ORIENTED_EDGE('',*,*,#5481,.F.);
#5483=EDGE_LOOP('',(#5478,#5479,#5480,#5482));
#5484=FACE_OUTER_BOUND('',#5483,.F.);
#5485=ADVANCED_FACE('',(#5484),#5476,.T.);
#5486=FILL_AREA_STYLE_COLOUR('',#95);
#5487=FILL_AREA_STYLE('',(#5486));
#5488=SURFACE_STYLE_FILL_AREA(#5487);
#5489=SURFACE_SIDE_STYLE('',(#5488));
#5490=SURFACE_STYLE_USAGE(.BOTH.,#5489);
#5491=PRESENTATION_STYLE_ASSIGNMENT((#5490));
#5492=STYLED_ITEM('',(#5491),#5485);
#5493=CARTESIAN_POINT('',(2.811397067401E1,-3.511526712290E1,1.486038913811E0));
#5494=CARTESIAN_POINT('',(2.811262099093E1,-3.511539847166E1,1.460561576198E0));
#5495=CARTESIAN_POINT('',(2.811365498732E1,-3.511468978174E1,1.400575180763E0));
#5496=CARTESIAN_POINT('',(2.813133941187E1,-3.510989157076E1,1.305821665047E0));
#5497=CARTESIAN_POINT('',(2.816969469151E1,-3.510016945176E1,1.208403876610E0));
#5498=CARTESIAN_POINT('',(2.822483110367E1,-3.508642931917E1,1.120679450652E0));
#5499=CARTESIAN_POINT('',(2.829236020796E1,-3.506979113425E1,1.045669268154E0));
#5500=CARTESIAN_POINT('',(2.836922379008E1,-3.505126970677E1,
9.832033380172E-1));
#5501=CARTESIAN_POINT('',(2.845392566786E1,-3.503165838655E1,
9.321089287183E-1));
#5502=CARTESIAN_POINT('',(2.854592267412E1,-3.501161869467E1,
8.913314791557E-1));
#5503=CARTESIAN_POINT('',(2.864510817411E1,-3.499176585661E1,
8.602767129038E-1));
#5504=CARTESIAN_POINT('',(2.875172936283E1,-3.497267741296E1,
8.387665322884E-1));
#5505=CARTESIAN_POINT('',(2.886628337432E1,-3.495493645215E1,
8.271078622382E-1));
#5506=CARTESIAN_POINT('',(2.898943154148E1,-3.493920280124E1,
8.262048466976E-1));
#5507=CARTESIAN_POINT('',(2.912163637265E1,-3.492632139448E1,
8.376672023779E-1));
#5508=CARTESIAN_POINT('',(2.926542451919E1,-3.491724594965E1,
8.643873486508E-1));
#5509=CARTESIAN_POINT('',(2.936189337944E1,-3.491512001254E1,
8.933855021314E-1));
#5510=CARTESIAN_POINT('',(2.941198933456E1,-3.491519898985E1,
9.117354229278E-1));
#5511=CARTESIAN_POINT('',(2.823604562264E1,-3.491041277864E1,1.482313749935E0));
#5512=CARTESIAN_POINT('',(2.823471370839E1,-3.491046492457E1,1.461796585263E0));
#5513=CARTESIAN_POINT('',(2.823566498310E1,-3.490991704025E1,1.413423132259E0));
#5514=CARTESIAN_POINT('',(2.825274162775E1,-3.490670007379E1,1.337388011934E0));
#5515=CARTESIAN_POINT('',(2.828977787351E1,-3.490045486331E1,1.260643841463E0));
#5516=CARTESIAN_POINT('',(2.834282959179E1,-3.489208539655E1,1.193804165557E0));
#5517=CARTESIAN_POINT('',(2.840744761427E1,-3.488266120455E1,1.139381845992E0));
#5518=CARTESIAN_POINT('',(2.848048952162E1,-3.487316731507E1,1.097003751174E0));
#5519=CARTESIAN_POINT('',(2.856033293185E1,-3.486442763895E1,1.065418773156E0));
#5520=CARTESIAN_POINT('',(2.864626907208E1,-3.485717283277E1,1.043483093153E0));
#5521=CARTESIAN_POINT('',(2.873798960209E1,-3.485210247866E1,1.030443812425E0));
#5522=CARTESIAN_POINT('',(2.883548831404E1,-3.484991176030E1,1.025915237904E0));
#5523=CARTESIAN_POINT('',(2.893893871210E1,-3.485134828210E1,1.029921117851E0));
#5524=CARTESIAN_POINT('',(2.904857980341E1,-3.485729806270E1,1.042950510934E0));
#5525=CARTESIAN_POINT('',(2.916435355764E1,-3.486885626081E1,1.065962324766E0));
#5526=CARTESIAN_POINT('',(2.928780049573E1,-3.488772505451E1,1.100996230806E0));
#5527=CARTESIAN_POINT('',(2.936854035764E1,-3.490545375645E1,1.131996934244E0));
#5528=CARTESIAN_POINT('',(2.940981038838E1,-3.491619973651E1,1.150221923168E0));
#5529=CARTESIAN_POINT('',(2.846768274729E1,-3.485449793429E1,1.472340618076E0));
#5530=CARTESIAN_POINT('',(2.846671655950E1,-3.485439566632E1,1.461220157047E0));
#5531=CARTESIAN_POINT('',(2.846735071040E1,-3.485416154049E1,1.434989316207E0));
#5532=CARTESIAN_POINT('',(2.847943336882E1,-3.485393322565E1,1.393827341996E0));
#5533=CARTESIAN_POINT('',(2.850597374882E1,-3.485408440991E1,1.352544345072E0));
#5534=CARTESIAN_POINT('',(2.854464729421E1,-3.485514681248E1,1.317014246791E0));
#5535=CARTESIAN_POINT('',(2.859271310179E1,-3.485768168155E1,1.288613721206E0));
#5536=CARTESIAN_POINT('',(2.864818963866E1,-3.486222232269E1,1.267097230260E0));
#5537=CARTESIAN_POINT('',(2.871004075398E1,-3.486927642803E1,1.251730452074E0));
#5538=CARTESIAN_POINT('',(2.877779043713E1,-3.487934170104E1,1.241839438663E0));
#5539=CARTESIAN_POINT('',(2.885118873662E1,-3.489291575428E1,1.236965834817E0));
#5540=CARTESIAN_POINT('',(2.893017746442E1,-3.491053157022E1,1.236856188297E0));
#5541=CARTESIAN_POINT('',(2.901483103888E1,-3.493280561748E1,1.241482421638E0));
#5542=CARTESIAN_POINT('',(2.910529559226E1,-3.496050432720E1,1.251065793346E0));
#5543=CARTESIAN_POINT('',(2.920151900175E1,-3.499454318863E1,1.266064196734E0));
#5544=CARTESIAN_POINT('',(2.930488225560E1,-3.503674843854E1,1.287530066503E0));
#5545=CARTESIAN_POINT('',(2.937314018846E1,-3.506924883425E1,1.305734463313E0));
#5546=CARTESIAN_POINT('',(2.940827982177E1,-3.508742069789E1,1.316244432564E0));
#5547=CARTESIAN_POINT('',(2.866950178854E1,-3.498117431244E1,1.462120473684E0));
#5548=CARTESIAN_POINT('',(2.866902922733E1,-3.498093533309E1,1.459179079670E0));
#5549=CARTESIAN_POINT('',(2.866930266818E1,-3.498097912464E1,1.452296911530E0));
#5550=CARTESIAN_POINT('',(2.867501002831E1,-3.498334854240E1,1.441179016523E0));
#5551=CARTESIAN_POINT('',(2.868819310140E1,-3.498896677679E1,1.428807041030E0));
#5552=CARTESIAN_POINT('',(2.870884639104E1,-3.499784690995E1,1.416171638539E0));
#5553=CARTESIAN_POINT('',(2.873667839500E1,-3.500988988922E1,1.403568788122E0));
#5554=CARTESIAN_POINT('',(2.877141505863E1,-3.502502715920E1,1.391134514360E0));
#5555=CARTESIAN_POINT('',(2.881296616402E1,-3.504329368058E1,1.378935497861E0));
#5556=CARTESIAN_POINT('',(2.886134678458E1,-3.506479227979E1,1.367044073108E0));
#5557=CARTESIAN_POINT('',(2.891659032718E1,-3.508965379504E1,1.355572374151E0));
#5558=CARTESIAN_POINT('',(2.897881933231E1,-3.511806675486E1,1.344659464763E0));
#5559=CARTESIAN_POINT('',(2.904829330878E1,-3.515029973814E1,1.334487987017E0));
#5560=CARTESIAN_POINT('',(2.912545086368E1,-3.518672575625E1,1.325319835123E0));
#5561=CARTESIAN_POINT('',(2.921076869338E1,-3.522775883220E1,1.317563167164E0));
#5562=CARTESIAN_POINT('',(2.930639087959E1,-3.527465018515E1,1.311742743290E0));
#5563=CARTESIAN_POINT('',(2.937292490783E1,-3.530795046900E1,1.310051410246E0));
#5564=CARTESIAN_POINT('',(2.940831865722E1,-3.532583854843E1,1.309898387701E0));
#5565=(BOUNDED_SURFACE()B_SPLINE_SURFACE(3,3,((#5493,#5494,#5495,#5496,#5497,
#5498,#5499,#5500,#5501,#5502,#5503,#5504,#5505,#5506,#5507,#5508,#5509,#5510),(
#5511,#5512,#5513,#5514,#5515,#5516,#5517,#5518,#5519,#5520,#5521,#5522,#5523,
#5524,#5525,#5526,#5527,#5528),(#5529,#5530,#5531,#5532,#5533,#5534,#5535,#5536,
#5537,#5538,#5539,#5540,#5541,#5542,#5543,#5544,#5545,#5546),(#5547,#5548,#5549,
#5550,#5551,#5552,#5553,#5554,#5555,#5556,#5557,#5558,#5559,#5560,#5561,#5562,
#5563,#5564)),.UNSPECIFIED.,.F.,.F.,.F.)B_SPLINE_SURFACE_WITH_KNOTS((4,4),(4,1,
1,1,1,1,1,1,1,1,1,1,1,1,1,4),(-1.112358749059E-2,1.011058243180E0),(
3.527187340963E-2,5.749378466690E-2,8.710989172727E-2,1.200510349115E-1,
1.560809822829E-1,1.953099565665E-1,2.382964733881E-1,2.855048900113E-1,
3.374348498592E-1,3.946262138588E-1,4.573519782840E-1,5.262812675610E-1,
6.023329006807E-1,6.863758959360E-1,7.794127015754E-1,8.877635859990E-1),
.UNSPECIFIED.)GEOMETRIC_REPRESENTATION_ITEM()RATIONAL_B_SPLINE_SURFACE(((
1.177090333165E0,1.177090333165E0,1.177090333165E0,1.177090333165E0,
1.177090333165E0,1.177090333165E0,1.177090333165E0,1.177090333165E0,
1.177090333165E0,1.177090333165E0,1.177090333165E0,1.177090333165E0,
1.177090333165E0,1.177090333165E0,1.177090333165E0,1.177090333165E0,
1.177090333165E0,1.177090333165E0),(9.409849822882E-1,9.409849822882E-1,
9.409849822882E-1,9.409849822882E-1,9.409849822882E-1,9.409849822882E-1,
9.409849822882E-1,9.409849822882E-1,9.409849822882E-1,9.409849822882E-1,
9.409849822882E-1,9.409849822882E-1,9.409849822882E-1,9.409849822882E-1,
9.409849822882E-1,9.409849822882E-1,9.409849822882E-1,9.409849822882E-1),(
9.409698899097E-1,9.409698899097E-1,9.409698899097E-1,9.409698899097E-1,
9.409698899097E-1,9.409698899097E-1,9.409698899097E-1,9.409698899097E-1,
9.409698899097E-1,9.409698899097E-1,9.409698899097E-1,9.409698899097E-1,
9.409698899097E-1,9.409698899097E-1,9.409698899097E-1,9.409698899097E-1,
9.409698899097E-1,9.409698899097E-1),(1.177045056030E0,1.177045056030E0,
1.177045056030E0,1.177045056030E0,1.177045056030E0,1.177045056030E0,
1.177045056030E0,1.177045056030E0,1.177045056030E0,1.177045056030E0,
1.177045056030E0,1.177045056030E0,1.177045056030E0,1.177045056030E0,
1.177045056030E0,1.177045056030E0,1.177045056030E0,1.177045056030E0)))REPRESENTATION_ITEM('')SURFACE());
#5566=ORIENTED_EDGE('',*,*,#4784,.F.);
#5567=ORIENTED_EDGE('',*,*,#4762,.F.);
#5568=ORIENTED_EDGE('',*,*,#5477,.T.);
#5570=ORIENTED_EDGE('',*,*,#5569,.T.);
#5571=EDGE_LOOP('',(#5566,#5567,#5568,#5570));
#5572=FACE_OUTER_BOUND('',#5571,.F.);
#5573=ADVANCED_FACE('',(#5572),#5565,.T.);
#5574=FILL_AREA_STYLE_COLOUR('',#95);
#5575=FILL_AREA_STYLE('',(#5574));
#5576=SURFACE_STYLE_FILL_AREA(#5575);
#5577=SURFACE_SIDE_STYLE('',(#5576));
#5578=SURFACE_STYLE_USAGE(.BOTH.,#5577);
#5579=PRESENTATION_STYLE_ASSIGNMENT((#5578));
#5580=STYLED_ITEM('',(#5579),#5573);
#5581=CARTESIAN_POINT('',(2.58318E1,-3.96575E1,1.46E0));
#5582=DIRECTION('',(0.E0,0.E0,1.E0));
#5583=DIRECTION('',(8.599968916395E-1,5.102992713795E-1,0.E0));
#5584=AXIS2_PLACEMENT_3D('',#5581,#5582,#5583);
#5585=TOROIDAL_SURFACE('',#5584,5.62E0,1.5E-1);
#5586=ORIENTED_EDGE('',*,*,#4806,.F.);
#5587=ORIENTED_EDGE('',*,*,#5569,.F.);
#5589=ORIENTED_EDGE('',*,*,#5588,.T.);
#5590=ORIENTED_EDGE('',*,*,#5405,.F.);
#5591=EDGE_LOOP('',(#5586,#5587,#5589,#5590));
#5592=FACE_OUTER_BOUND('',#5591,.F.);
#5593=ADVANCED_FACE('',(#5592),#5585,.F.);
#5594=FILL_AREA_STYLE_COLOUR('',#95);
#5595=FILL_AREA_STYLE('',(#5594));
#5596=SURFACE_STYLE_FILL_AREA(#5595);
#5597=SURFACE_SIDE_STYLE('',(#5596));
#5598=SURFACE_STYLE_USAGE(.BOTH.,#5597);
#5599=PRESENTATION_STYLE_ASSIGNMENT((#5598));
#5600=STYLED_ITEM('',(#5599),#5593);
#5601=CARTESIAN_POINT('',(2.58318E1,-3.84075E1,1.31E0));
#5602=DIRECTION('',(0.E0,0.E0,1.E0));
#5603=DIRECTION('',(1.E0,0.E0,0.E0));
#5604=AXIS2_PLACEMENT_3D('',#5601,#5602,#5603);
#5605=PLANE('',#5604);
#5606=ORIENTED_EDGE('',*,*,#5588,.F.);
#5607=ORIENTED_EDGE('',*,*,#5481,.T.);
#5608=ORIENTED_EDGE('',*,*,#5460,.F.);
#5609=ORIENTED_EDGE('',*,*,#5426,.T.);
#5610=EDGE_LOOP('',(#5606,#5607,#5608,#5609));
#5611=FACE_OUTER_BOUND('',#5610,.F.);
#5612=ADVANCED_FACE('',(#5611),#5605,.T.);
#5613=FILL_AREA_STYLE_COLOUR('',#95);
#5614=FILL_AREA_STYLE('',(#5613));
#5615=SURFACE_STYLE_FILL_AREA(#5614);
#5616=SURFACE_SIDE_STYLE('',(#5615));
#5617=SURFACE_STYLE_USAGE(.BOTH.,#5616);
#5618=PRESENTATION_STYLE_ASSIGNMENT((#5617));
#5619=STYLED_ITEM('',(#5618),#5612);
#5620=CARTESIAN_POINT('',(3.00218E1,-3.54175E1,4.717453074023E-1));
#5621=DIRECTION('',(0.E0,0.E0,-1.E0));
#5622=DIRECTION('',(0.E0,1.E0,0.E0));
#5623=AXIS2_PLACEMENT_3D('',#5620,#5621,#5622);
#5624=CONICAL_SURFACE('',#5623,5.061449471051E-1,5.000000000020E-1);
#5625=ORIENTED_EDGE('',*,*,#4568,.T.);
#5626=ORIENTED_EDGE('',*,*,#4479,.T.);
#5627=ORIENTED_EDGE('',*,*,#4853,.F.);
#5628=ORIENTED_EDGE('',*,*,#5457,.T.);
#5629=ORIENTED_EDGE('',*,*,#4758,.F.);
#5630=ORIENTED_EDGE('',*,*,#4452,.T.);
#5631=EDGE_LOOP('',(#5625,#5626,#5627,#5628,#5629,#5630));
#5632=FACE_OUTER_BOUND('',#5631,.F.);
#5633=ADVANCED_FACE('',(#5632),#5624,.T.);
#5634=FILL_AREA_STYLE_COLOUR('',#95);
#5635=FILL_AREA_STYLE('',(#5634));
#5636=SURFACE_STYLE_FILL_AREA(#5635);
#5637=SURFACE_SIDE_STYLE('',(#5636));
#5638=SURFACE_STYLE_USAGE(.BOTH.,#5637);
#5639=PRESENTATION_STYLE_ASSIGNMENT((#5638));
#5640=STYLED_ITEM('',(#5639),#5633);
#5641=CARTESIAN_POINT('',(2.225159112550E1,-3.491519902087E1,
9.117425777183E-1));
#5642=CARTESIAN_POINT('',(2.230167008594E1,-3.491511975096E1,
8.933979948281E-1));
#5643=CARTESIAN_POINT('',(2.239810541704E1,-3.491724365164E1,
8.644063162204E-1));
#5644=CARTESIAN_POINT('',(2.254186120332E1,-3.492631338692E1,
8.376818764423E-1));
#5645=CARTESIAN_POINT('',(2.267406186678E1,-3.493919058472E1,
8.262085716865E-1));
#5646=CARTESIAN_POINT('',(2.279722824601E1,-3.495492377703E1,
8.271025757699E-1));
#5647=CARTESIAN_POINT('',(2.291179847076E1,-3.497266528613E1,
8.387554875761E-1));
#5648=CARTESIAN_POINT('',(2.301842957504E1,-3.499175398305E1,
8.602606402186E-1));
#5649=CARTESIAN_POINT('',(2.311762423988E1,-3.501160752572E1,
8.913112937551E-1));
#5650=CARTESIAN_POINT('',(2.320963084924E1,-3.503164855965E1,
9.320861127393E-1));
#5651=CARTESIAN_POINT('',(2.329434136700E1,-3.505126143424E1,
9.831786523497E-1));
#5652=CARTESIAN_POINT('',(2.337121296548E1,-3.506978457366E1,1.045643477475E0));
#5653=CARTESIAN_POINT('',(2.343874987735E1,-3.508642459978E1,1.120653844255E0));
#5654=CARTESIAN_POINT('',(2.349389378994E1,-3.510016656366E1,1.208380338522E0));
#5655=CARTESIAN_POINT('',(2.353225555460E1,-3.510989025901E1,1.305802586695E0));
#5656=CARTESIAN_POINT('',(2.354994321263E1,-3.511468924372E1,1.400558063642E0));
#5657=CARTESIAN_POINT('',(2.355097900233E1,-3.511539833069E1,1.460544051095E0));
#5658=CARTESIAN_POINT('',(2.354963039449E1,-3.511526722607E1,1.486018872111E0));
#5659=CARTESIAN_POINT('',(2.225377351410E1,-3.491620392677E1,1.150229030727E0));
#5660=CARTESIAN_POINT('',(2.229502936820E1,-3.490546117533E1,1.132009650650E0));
#5661=CARTESIAN_POINT('',(2.237574045347E1,-3.488773695738E1,1.101017366689E0));
#5662=CARTESIAN_POINT('',(2.249915771932E1,-3.486886773399E1,1.065984269109E0));
#5663=CARTESIAN_POINT('',(2.261492596184E1,-3.485730503094E1,1.042965102081E0));
#5664=CARTESIAN_POINT('',(2.272458194821E1,-3.485135073875E1,1.029927021785E0));
#5665=CARTESIAN_POINT('',(2.282804606877E1,-3.484991137890E1,1.025914924343E0));
#5666=CARTESIAN_POINT('',(2.292555312369E1,-3.485210016413E1,1.030438388541E0));
#5667=CARTESIAN_POINT('',(2.301728155795E1,-3.485716928755E1,1.043473208871E0));
#5668=CARTESIAN_POINT('',(2.310322624095E1,-3.486442360320E1,1.065405445694E0));
#5669=CARTESIAN_POINT('',(2.318307748152E1,-3.487316330273E1,1.096987642443E0));
#5670=CARTESIAN_POINT('',(2.325612678779E1,-3.488265762827E1,1.139363644454E0));
#5671=CARTESIAN_POINT('',(2.332075214598E1,-3.489208259666E1,1.193785028510E0));
#5672=CARTESIAN_POINT('',(2.337381101529E1,-3.490045304021E1,1.260625515622E0));
#5673=CARTESIAN_POINT('',(2.341085350807E1,-3.490669920520E1,1.337372777959E0));
#5674=CARTESIAN_POINT('',(2.342793328527E1,-3.490991666941E1,1.413409346796E0));
#5675=CARTESIAN_POINT('',(2.342888630108E1,-3.491046480450E1,1.461782460338E0));
#5676=CARTESIAN_POINT('',(2.342755543244E1,-3.491041281718E1,1.482297611880E0));
#5677=CARTESIAN_POINT('',(2.225530647153E1,-3.508742778524E1,1.316248532557E0));
#5678=CARTESIAN_POINT('',(2.229043410510E1,-3.506926173471E1,1.305741843482E0));
#5679=CARTESIAN_POINT('',(2.235866796342E1,-3.503677123361E1,1.287542597551E0));
#5680=CARTESIAN_POINT('',(2.246200694739E1,-3.499457163597E1,1.266077947848E0));
#5681=CARTESIAN_POINT('',(2.255822638849E1,-3.496052982602E1,1.251075827298E0));
#5682=CARTESIAN_POINT('',(2.264870378546E1,-3.493282396347E1,1.241487484878E0));
#5683=CARTESIAN_POINT('',(2.273336910407E1,-3.491054448050E1,1.236857591904E0));
#5684=CARTESIAN_POINT('',(2.281236514312E1,-3.489292509530E1,1.236964274018E0));
#5685=CARTESIAN_POINT('',(2.288577035745E1,-3.487934816069E1,1.241835249743E0));
#5686=CARTESIAN_POINT('',(2.295352735315E1,-3.486928055052E1,1.251724154044E0));
#5687=CARTESIAN_POINT('',(2.301538506972E1,-3.486222474319E1,1.267089190885E0));
#5688=CARTESIAN_POINT('',(2.307086768271E1,-3.485768292458E1,1.288604326948E0));
#5689=CARTESIAN_POINT('',(2.311893928396E1,-3.485514731196E1,1.317004146724E0));
#5690=CARTESIAN_POINT('',(2.315761824136E1,-3.485408451879E1,1.352534527984E0));
#5691=CARTESIAN_POINT('',(2.318416317619E1,-3.485393319402E1,1.393819109052E0));
#5692=CARTESIAN_POINT('',(2.319624807056E1,-3.485416148823E1,1.434981844284E0));
#5693=CARTESIAN_POINT('',(2.319688345858E1,-3.485439559268E1,1.461212499074E0));
#5694=CARTESIAN_POINT('',(2.319591801690E1,-3.485449785100E1,1.472331871422E0));
#5695=CARTESIAN_POINT('',(2.225526753661E1,-3.532584552675E1,1.309898327961E0));
#5696=CARTESIAN_POINT('',(2.229064951214E1,-3.530796335306E1,1.310051103517E0));
#5697=CARTESIAN_POINT('',(2.235716128817E1,-3.527467400896E1,1.311741072234E0));
#5698=CARTESIAN_POINT('',(2.245276407070E1,-3.522779153281E1,1.317558189544E0));
#5699=CARTESIAN_POINT('',(2.253808143421E1,-3.518675798085E1,1.325312628612E0));
#5700=CARTESIAN_POINT('',(2.261525228138E1,-3.515032516995E1,1.334480682365E0));
#5701=CARTESIAN_POINT('',(2.268473772661E1,-3.511808650528E1,1.344652536472E0));
#5702=CARTESIAN_POINT('',(2.274697417310E1,-3.508966987502E1,1.355565564526E0));
#5703=CARTESIAN_POINT('',(2.280222450779E1,-3.506480510572E1,1.367037545232E0));
#5704=CARTESIAN_POINT('',(2.285061178116E1,-3.504330341999E1,1.378929539053E0));
#5705=CARTESIAN_POINT('',(2.289216857890E1,-3.502503431512E1,1.391129180081E0));
#5706=CARTESIAN_POINT('',(2.292691008650E1,-3.500989488744E1,1.403564118787E0));
#5707=CARTESIAN_POINT('',(2.295474619986E1,-3.499785010425E1,1.416167704587E0));
#5708=CARTESIAN_POINT('',(2.297540281927E1,-3.498896852303E1,1.428803908778E0));
#5709=CARTESIAN_POINT('',(2.298858831909E1,-3.498334923886E1,1.441176728291E0));
#5710=CARTESIAN_POINT('',(2.299429676240E1,-3.498097935160E1,1.452294935932E0));
#5711=CARTESIAN_POINT('',(2.299457078787E1,-3.498093530443E1,1.459177064140E0));
#5712=CARTESIAN_POINT('',(2.299409858358E1,-3.498117412442E1,1.462118158699E0));
#5713=(BOUNDED_SURFACE()B_SPLINE_SURFACE(3,3,((#5641,#5642,#5643,#5644,#5645,
#5646,#5647,#5648,#5649,#5650,#5651,#5652,#5653,#5654,#5655,#5656,#5657,#5658),(
#5659,#5660,#5661,#5662,#5663,#5664,#5665,#5666,#5667,#5668,#5669,#5670,#5671,
#5672,#5673,#5674,#5675,#5676),(#5677,#5678,#5679,#5680,#5681,#5682,#5683,#5684,
#5685,#5686,#5687,#5688,#5689,#5690,#5691,#5692,#5693,#5694),(#5695,#5696,#5697,
#5698,#5699,#5700,#5701,#5702,#5703,#5704,#5705,#5706,#5707,#5708,#5709,#5710,
#5711,#5712)),.UNSPECIFIED.,.F.,.F.,.F.)B_SPLINE_SURFACE_WITH_KNOTS((4,4),(4,1,
1,1,1,1,1,1,1,1,1,1,1,1,1,4),(-1.112359157010E-2,1.011058240965E0),(
1.122223111660E-1,2.205379366165E-1,3.135434433411E-1,3.975974099807E-1,
4.736685471528E-1,5.426060564199E-1,6.053368495603E-1,6.625352312836E-1,
7.144711383598E-1,7.616842712977E-1,8.046750258863E-1,8.439075928213E-1,
8.799405373164E-1,9.128844082259E-1,9.425027540562E-1,9.647223225295E-1),
.UNSPECIFIED.)GEOMETRIC_REPRESENTATION_ITEM()RATIONAL_B_SPLINE_SURFACE(((
1.177090337491E0,1.177090337491E0,1.177090337491E0,1.177090337491E0,
1.177090337491E0,1.177090337491E0,1.177090337491E0,1.177090337491E0,
1.177090337491E0,1.177090337491E0,1.177090337491E0,1.177090337491E0,
1.177090337491E0,1.177090337491E0,1.177090337491E0,1.177090337491E0,
1.177090337491E0,1.177090337491E0),(9.409849823006E-1,9.409849823006E-1,
9.409849823006E-1,9.409849823006E-1,9.409849823006E-1,9.409849823006E-1,
9.409849823006E-1,9.409849823006E-1,9.409849823006E-1,9.409849823006E-1,
9.409849823006E-1,9.409849823006E-1,9.409849823006E-1,9.409849823006E-1,
9.409849823006E-1,9.409849823006E-1,9.409849823006E-1,9.409849823006E-1),(
9.409698884680E-1,9.409698884680E-1,9.409698884680E-1,9.409698884680E-1,
9.409698884680E-1,9.409698884680E-1,9.409698884680E-1,9.409698884680E-1,
9.409698884680E-1,9.409698884680E-1,9.409698884680E-1,9.409698884680E-1,
9.409698884680E-1,9.409698884680E-1,9.409698884680E-1,9.409698884680E-1,
9.409698884680E-1,9.409698884680E-1),(1.177045055993E0,1.177045055993E0,
1.177045055993E0,1.177045055993E0,1.177045055993E0,1.177045055993E0,
1.177045055993E0,1.177045055993E0,1.177045055993E0,1.177045055993E0,
1.177045055993E0,1.177045055993E0,1.177045055993E0,1.177045055993E0,
1.177045055993E0,1.177045055993E0,1.177045055993E0,1.177045055993E0)))REPRESENTATION_ITEM('')SURFACE());
#5715=ORIENTED_EDGE('',*,*,#5714,.F.);
#5716=ORIENTED_EDGE('',*,*,#4752,.F.);
#5717=ORIENTED_EDGE('',*,*,#4730,.F.);
#5719=ORIENTED_EDGE('',*,*,#5718,.F.);
#5720=EDGE_LOOP('',(#5715,#5716,#5717,#5719));
#5721=FACE_OUTER_BOUND('',#5720,.F.);
#5722=ADVANCED_FACE('',(#5721),#5713,.T.);
#5723=FILL_AREA_STYLE_COLOUR('',#95);
#5724=FILL_AREA_STYLE('',(#5723));
#5725=SURFACE_STYLE_FILL_AREA(#5724);
#5726=SURFACE_SIDE_STYLE('',(#5725));
#5727=SURFACE_STYLE_USAGE(.BOTH.,#5726);
#5728=PRESENTATION_STYLE_ASSIGNMENT((#5727));
#5729=STYLED_ITEM('',(#5728),#5722);
#5730=CARTESIAN_POINT('',(2.162102086889E1,-3.531519487501E1,9.1E-1));
#5731=DIRECTION('',(1.E0,0.E0,0.E0));
#5732=DIRECTION('',(0.E0,9.999619230642E-1,8.726535498374E-3));
#5733=AXIS2_PLACEMENT_3D('',#5730,#5731,#5732);
#5734=CYLINDRICAL_SURFACE('',#5733,4.E-1);
#5736=ORIENTED_EDGE('',*,*,#5735,.T.);
#5737=ORIENTED_EDGE('',*,*,#4754,.F.);
#5738=ORIENTED_EDGE('',*,*,#5714,.T.);
#5740=ORIENTED_EDGE('',*,*,#5739,.F.);
#5741=EDGE_LOOP('',(#5736,#5737,#5738,#5740));
#5742=FACE_OUTER_BOUND('',#5741,.F.);
#5743=ADVANCED_FACE('',(#5742),#5734,.T.);
#5744=FILL_AREA_STYLE_COLOUR('',#95);
#5745=FILL_AREA_STYLE('',(#5744));
#5746=SURFACE_STYLE_FILL_AREA(#5745);
#5747=SURFACE_SIDE_STYLE('',(#5746));
#5748=SURFACE_STYLE_USAGE(.BOTH.,#5747);
#5749=PRESENTATION_STYLE_ASSIGNMENT((#5748));
#5750=STYLED_ITEM('',(#5749),#5743);
#5751=CARTESIAN_POINT('',(2.155228931260E1,-3.542483365993E1,1.309804811256E0));
#5752=CARTESIAN_POINT('',(2.130879764317E1,-3.544478306653E1,1.317439797129E0));
#5753=CARTESIAN_POINT('',(2.113578899909E1,-3.545895776004E1,1.145359722598E0));
#5754=CARTESIAN_POINT('',(2.114127336507E1,-3.545850842292E1,
9.009948627237E-1));
#5755=CARTESIAN_POINT('',(2.154741417358E1,-3.536533034920E1,1.309804811256E0));
#5756=CARTESIAN_POINT('',(2.129066089512E1,-3.522341572719E1,1.317439797129E0));
#5757=CARTESIAN_POINT('',(2.110822945229E1,-3.512258083462E1,1.145359722598E0));
#5758=CARTESIAN_POINT('',(2.111401252056E1,-3.512577729604E1,
9.009948627237E-1));
#5759=CARTESIAN_POINT('',(2.158963034920E1,-3.532311417358E1,1.309804811256E0));
#5760=CARTESIAN_POINT('',(2.144771572719E1,-3.506636089512E1,1.317439797129E0));
#5761=CARTESIAN_POINT('',(2.134688083462E1,-3.488392945229E1,1.145359722598E0));
#5762=CARTESIAN_POINT('',(2.135007729604E1,-3.488971252056E1,
9.009948627237E-1));
#5763=CARTESIAN_POINT('',(2.164913365993E1,-3.532798931260E1,1.309804811256E0));
#5764=CARTESIAN_POINT('',(2.166908306653E1,-3.508449764317E1,1.317439797129E0));
#5765=CARTESIAN_POINT('',(2.168325776004E1,-3.491148899909E1,1.145359722598E0));
#5766=CARTESIAN_POINT('',(2.168280842292E1,-3.491697336507E1,
9.009948627237E-1));
#5767=(BOUNDED_SURFACE()B_SPLINE_SURFACE(3,3,((#5751,#5752,#5753,#5754),(#5755,
#5756,#5757,#5758),(#5759,#5760,#5761,#5762),(#5763,#5764,#5765,#5766)),
.UNSPECIFIED.,.F.,.F.,.F.)B_SPLINE_SURFACE_WITH_KNOTS((4,4),(4,4),(0.E0,1.E0),(
0.E0,1.E0),.UNSPECIFIED.)GEOMETRIC_REPRESENTATION_ITEM()RATIONAL_B_SPLINE_SURFACE(((1.438903537636E0,1.139465803473E0,1.139465803473E0,1.438903537636E0),(
1.100286575893E0,8.713154804739E-1,8.713154804739E-1,1.100286575893E0),(
1.100286575893E0,8.713154804739E-1,8.713154804739E-1,1.100286575893E0),(
1.438903537636E0,1.139465803473E0,1.139465803473E0,1.438903537636E0)))REPRESENTATION_ITEM('')SURFACE());
#5769=ORIENTED_EDGE('',*,*,#5768,.F.);
#5770=ORIENTED_EDGE('',*,*,#4501,.F.);
#5771=ORIENTED_EDGE('',*,*,#5735,.F.);
#5773=ORIENTED_EDGE('',*,*,#5772,.T.);
#5774=EDGE_LOOP('',(#5769,#5770,#5771,#5773));
#5775=FACE_OUTER_BOUND('',#5774,.F.);
#5776=ADVANCED_FACE('',(#5775),#5767,.T.);
#5777=FILL_AREA_STYLE_COLOUR('',#95);
#5778=FILL_AREA_STYLE('',(#5777));
#5779=SURFACE_STYLE_FILL_AREA(#5778);
#5780=SURFACE_SIDE_STYLE('',(#5779));
#5781=SURFACE_STYLE_USAGE(.BOTH.,#5780);
#5782=PRESENTATION_STYLE_ASSIGNMENT((#5781));
#5783=STYLED_ITEM('',(#5782),#5776);
#5784=CARTESIAN_POINT('',(2.153949487501E1,-3.657646654628E1,9.1E-1));
#5785=DIRECTION('',(0.E0,1.E0,0.E0));
#5786=DIRECTION('',(-9.999619230642E-1,0.E0,8.726535498374E-3));
#5787=AXIS2_PLACEMENT_3D('',#5784,#5785,#5786);
#5788=CYLINDRICAL_SURFACE('',#5787,4.E-1);
#5790=ORIENTED_EDGE('',*,*,#5789,.F.);
#5791=ORIENTED_EDGE('',*,*,#4662,.F.);
#5792=ORIENTED_EDGE('',*,*,#5768,.T.);
#5794=ORIENTED_EDGE('',*,*,#5793,.F.);
#5795=EDGE_LOOP('',(#5790,#5791,#5792,#5794));
#5796=FACE_OUTER_BOUND('',#5795,.F.);
#5797=ADVANCED_FACE('',(#5796),#5788,.T.);
#5798=FILL_AREA_STYLE_COLOUR('',#95);
#5799=FILL_AREA_STYLE('',(#5798));
#5800=SURFACE_STYLE_FILL_AREA(#5799);
#5801=SURFACE_SIDE_STYLE('',(#5800));
#5802=SURFACE_STYLE_USAGE(.BOTH.,#5801);
#5803=PRESENTATION_STYLE_ASSIGNMENT((#5802));
#5804=STYLED_ITEM('',(#5803),#5797);
#5805=CARTESIAN_POINT('',(2.133315736604E1,-3.729054695754E1,1.485885769611E0));
#5806=CARTESIAN_POINT('',(2.133330463314E1,-3.729205982858E1,1.457070005646E0));
#5807=CARTESIAN_POINT('',(2.133238949302E1,-3.729029035848E1,1.391838367894E0));
#5808=CARTESIAN_POINT('',(2.132673701458E1,-3.726897534002E1,1.290873367212E0));
#5809=CARTESIAN_POINT('',(2.131590523078E1,-3.722568117211E1,1.190378025100E0));
#5810=CARTESIAN_POINT('',(2.130091182028E1,-3.716468117522E1,1.101035726928E0));
#5811=CARTESIAN_POINT('',(2.128302667885E1,-3.709067603320E1,1.025573342035E0));
#5812=CARTESIAN_POINT('',(2.126334646382E1,-3.700664667685E1,
9.635598344521E-1));
#5813=CARTESIAN_POINT('',(2.124274592915E1,-3.691396242783E1,
9.137911588079E-1));
#5814=CARTESIAN_POINT('',(2.122200103572E1,-3.681315868666E1,
8.753832806328E-1));
#5815=CARTESIAN_POINT('',(2.120182666434E1,-3.670424011722E1,
8.479207649473E-1));
#5816=CARTESIAN_POINT('',(2.118291055243E1,-3.658681060347E1,
8.315177969798E-1));
#5817=CARTESIAN_POINT('',(2.116600337290E1,-3.646027012866E1,
8.269760357019E-1));
#5818=CARTESIAN_POINT('',(2.115203561024E1,-3.632414916169E1,
8.359089908848E-1));
#5819=CARTESIAN_POINT('',(2.114220039157E1,-3.617823830102E1,
8.608877152658E-1));
#5820=CARTESIAN_POINT('',(2.113953174458E1,-3.607611678379E1,
8.904513475343E-1));
#5821=CARTESIAN_POINT('',(2.113949106838E1,-3.602201557176E1,
9.100265620888E-1));
#5822=CARTESIAN_POINT('',(2.113949582836E1,-3.601733991029E1,
9.117488187900E-1));
#5823=CARTESIAN_POINT('',(2.113062978534E1,-3.716465157367E1,1.482062704575E0));
#5824=CARTESIAN_POINT('',(2.113068419728E1,-3.716614023289E1,1.458987863340E0));
#5825=CARTESIAN_POINT('',(2.113000160028E1,-3.716448857977E1,1.406671982526E0));
#5826=CARTESIAN_POINT('',(2.112630947144E1,-3.714398307788E1,1.326221191509E0));
#5827=CARTESIAN_POINT('',(2.111956203236E1,-3.710236787216E1,1.247834530650E0));
#5828=CARTESIAN_POINT('',(2.111078790483E1,-3.704399152294E1,1.180730651470E0));
#5829=CARTESIAN_POINT('',(2.110119712241E1,-3.697362910198E1,1.127105695656E0));
#5830=CARTESIAN_POINT('',(2.109187323698E1,-3.689437648431E1,1.086328127575E0));
#5831=CARTESIAN_POINT('',(2.108374216245E1,-3.680777102153E1,1.057087580785E0));
#5832=CARTESIAN_POINT('',(2.107765693811E1,-3.671455975490E1,1.038335191793E0));
#5833=CARTESIAN_POINT('',(2.107444148257E1,-3.661501448389E1,1.029428655730E0));
#5834=CARTESIAN_POINT('',(2.107494488702E1,-3.650908389600E1,1.030182942402E0));
#5835=CARTESIAN_POINT('',(2.108013989608E1,-3.639661652996E1,1.040957042228E0));
#5836=CARTESIAN_POINT('',(2.109121533651E1,-3.627770613930E1,1.062670815987E0));
#5837=CARTESIAN_POINT('',(2.110967463181E1,-3.615285897768E1,1.096835148765E0));
#5838=CARTESIAN_POINT('',(2.112799909952E1,-3.606772999796E1,1.128965072148E0));
#5839=CARTESIAN_POINT('',(2.113949837117E1,-3.602341122637E1,1.148525029260E0));
#5840=CARTESIAN_POINT('',(2.114050401770E1,-3.601958735470E1,1.150235093558E0));
#5841=CARTESIAN_POINT('',(2.107907545814E1,-3.693200043350E1,1.472181110331E0));
#5842=CARTESIAN_POINT('',(2.107895237313E1,-3.693307988144E1,1.459698370582E0));
#5843=CARTESIAN_POINT('',(2.107871044672E1,-3.693195602694E1,1.431382386910E0));
#5844=CARTESIAN_POINT('',(2.107862072702E1,-3.691745209319E1,1.387934683279E0));
#5845=CARTESIAN_POINT('',(2.107915513467E1,-3.688762337679E1,1.345914745222E0));
#5846=CARTESIAN_POINT('',(2.108092891882E1,-3.684502811276E1,1.310431896695E0));
#5847=CARTESIAN_POINT('',(2.108457349908E1,-3.679262401110E1,1.282676490862E0));
#5848=CARTESIAN_POINT('',(2.109069743969E1,-3.673236217311E1,1.262254103196E0));
#5849=CARTESIAN_POINT('',(2.109989036993E1,-3.666523002697E1,1.248392056499E0));
#5850=CARTESIAN_POINT('',(2.111272979009E1,-3.659175208326E1,1.240460105362E0));
#5851=CARTESIAN_POINT('',(2.112981300672E1,-3.651216771931E1,1.238053711810E0));
#5852=CARTESIAN_POINT('',(2.115181128050E1,-3.642649756145E1,1.241021822467E0));
#5853=CARTESIAN_POINT('',(2.117953638974E1,-3.633467549283E1,1.249506485441E0));
#5854=CARTESIAN_POINT('',(2.121396705966E1,-3.623679315895E1,1.263936713489E0));
#5855=CARTESIAN_POINT('',(2.125632411768E1,-3.613318818238E1,1.285028850465E0));
#5856=CARTESIAN_POINT('',(2.129044281931E1,-3.606183510242E1,1.303968736702E0));
#5857=CARTESIAN_POINT('',(2.131002840462E1,-3.602439826789E1,1.315266059754E0));
#5858=CARTESIAN_POINT('',(2.131173195594E1,-3.602116548179E1,1.316252145778E0));
#5859=CARTESIAN_POINT('',(2.120952223972E1,-3.673258439527E1,1.462186882916E0));
#5860=CARTESIAN_POINT('',(2.120924381933E1,-3.673311585568E1,1.458773943112E0));
#5861=CARTESIAN_POINT('',(2.120938553089E1,-3.673261220076E1,1.451100779907E0));
#5862=CARTESIAN_POINT('',(2.121237263760E1,-3.672569071465E1,1.438879522892E0));
#5863=CARTESIAN_POINT('',(2.121900475532E1,-3.671066402477E1,1.425601670953E0));
#5864=CARTESIAN_POINT('',(2.122930817051E1,-3.668751171089E1,1.412095262984E0));
#5865=CARTESIAN_POINT('',(2.124316509121E1,-3.665657587478E1,1.398675005381E0));
#5866=CARTESIAN_POINT('',(2.126053301219E1,-3.661809193168E1,1.385478533376E0));
#5867=CARTESIAN_POINT('',(2.128148017398E1,-3.657211031537E1,1.372591345900E0));
#5868=CARTESIAN_POINT('',(2.130612170923E1,-3.651863272301E1,1.360133386590E0));
#5869=CARTESIAN_POINT('',(2.133462901092E1,-3.645758605037E1,1.348259465436E0));
#5870=CARTESIAN_POINT('',(2.136726331935E1,-3.638874669934E1,1.337165265559E0));
#5871=CARTESIAN_POINT('',(2.140438925353E1,-3.631171931781E1,1.327132169805E0));
#5872=CARTESIAN_POINT('',(2.144643340165E1,-3.622602929777E1,1.318596513108E0));
#5873=CARTESIAN_POINT('',(2.149391112884E1,-3.613106278266E1,1.312223839666E0));
#5874=CARTESIAN_POINT('',(2.152912100707E1,-3.606197936996E1,1.310153704678E0));
#5875=CARTESIAN_POINT('',(2.154847330468E1,-3.602438274115E1,1.309912641766E0));
#5876=CARTESIAN_POINT('',(2.155015181221E1,-3.602112464828E1,1.309898581589E0));
#5877=(BOUNDED_SURFACE()B_SPLINE_SURFACE(3,3,((#5805,#5806,#5807,#5808,#5809,
#5810,#5811,#5812,#5813,#5814,#5815,#5816,#5817,#5818,#5819,#5820,#5821,#5822),(
#5823,#5824,#5825,#5826,#5827,#5828,#5829,#5830,#5831,#5832,#5833,#5834,#5835,
#5836,#5837,#5838,#5839,#5840),(#5841,#5842,#5843,#5844,#5845,#5846,#5847,#5848,
#5849,#5850,#5851,#5852,#5853,#5854,#5855,#5856,#5857,#5858),(#5859,#5860,#5861,
#5862,#5863,#5864,#5865,#5866,#5867,#5868,#5869,#5870,#5871,#5872,#5873,#5874,
#5875,#5876)),.UNSPECIFIED.,.F.,.F.,.F.)B_SPLINE_SURFACE_WITH_KNOTS((4,4),(4,1,
1,1,1,1,1,1,1,1,1,1,1,1,1,4),(-1.112269344419E-2,1.011058663065E0),(
3.571274722798E-2,6.187140113447E-2,9.432940040272E-2,1.305804131359E-1,
1.702176503649E-1,2.136128489924E-1,2.614140538266E-1,3.141159097739E-1,
3.724034734934E-1,4.366977073235E-1,5.075303683854E-1,5.859747617899E-1,
6.730002986587E-1,7.695907169260E-1,8.776972398755E-1,8.879666751765E-1),
.UNSPECIFIED.)GEOMETRIC_REPRESENTATION_ITEM()RATIONAL_B_SPLINE_SURFACE(((
1.177090313411E0,1.177090313411E0,1.177090313411E0,1.177090313411E0,
1.177090313411E0,1.177090313411E0,1.177090313411E0,1.177090313411E0,
1.177090313411E0,1.177090313411E0,1.177090313411E0,1.177090313411E0,
1.177090313411E0,1.177090313411E0,1.177090313411E0,1.177090313411E0,
1.177090313411E0,1.177090313411E0),(9.409846854032E-1,9.409846854032E-1,
9.409846854032E-1,9.409846854032E-1,9.409846854032E-1,9.409846854032E-1,
9.409846854032E-1,9.409846854032E-1,9.409846854032E-1,9.409846854032E-1,
9.409846854032E-1,9.409846854032E-1,9.409846854032E-1,9.409846854032E-1,
9.409846854032E-1,9.409846854032E-1,9.409846854032E-1,9.409846854032E-1),(
9.409698964561E-1,9.409698964561E-1,9.409698964561E-1,9.409698964561E-1,
9.409698964561E-1,9.409698964561E-1,9.409698964561E-1,9.409698964561E-1,
9.409698964561E-1,9.409698964561E-1,9.409698964561E-1,9.409698964561E-1,
9.409698964561E-1,9.409698964561E-1,9.409698964561E-1,9.409698964561E-1,
9.409698964561E-1,9.409698964561E-1),(1.177045946570E0,1.177045946570E0,
1.177045946570E0,1.177045946570E0,1.177045946570E0,1.177045946570E0,
1.177045946570E0,1.177045946570E0,1.177045946570E0,1.177045946570E0,
1.177045946570E0,1.177045946570E0,1.177045946570E0,1.177045946570E0,
1.177045946570E0,1.177045946570E0,1.177045946570E0,1.177045946570E0)))REPRESENTATION_ITEM('')SURFACE());
#5878=ORIENTED_EDGE('',*,*,#4686,.F.);
#5879=ORIENTED_EDGE('',*,*,#4664,.F.);
#5880=ORIENTED_EDGE('',*,*,#5789,.T.);
#5882=ORIENTED_EDGE('',*,*,#5881,.T.);
#5883=EDGE_LOOP('',(#5878,#5879,#5880,#5882));
#5884=FACE_OUTER_BOUND('',#5883,.F.);
#5885=ADVANCED_FACE('',(#5884),#5877,.T.);
#5886=FILL_AREA_STYLE_COLOUR('',#95);
#5887=FILL_AREA_STYLE('',(#5886));
#5888=SURFACE_STYLE_FILL_AREA(#5887);
#5889=SURFACE_SIDE_STYLE('',(#5888));
#5890=SURFACE_STYLE_USAGE(.BOTH.,#5889);
#5891=PRESENTATION_STYLE_ASSIGNMENT((#5890));
#5892=STYLED_ITEM('',(#5891),#5885);
#5893=CARTESIAN_POINT('',(2.58318E1,-3.96575E1,1.46E0));
#5894=DIRECTION('',(0.E0,0.E0,1.E0));
#5895=DIRECTION('',(8.599968916395E-1,5.102992713795E-1,0.E0));
#5896=AXIS2_PLACEMENT_3D('',#5893,#5894,#5895);
#5897=TOROIDAL_SURFACE('',#5896,5.62E0,1.5E-1);
#5899=ORIENTED_EDGE('',*,*,#5898,.T.);
#5900=ORIENTED_EDGE('',*,*,#5718,.T.);
#5901=ORIENTED_EDGE('',*,*,#4708,.F.);
#5902=ORIENTED_EDGE('',*,*,#5881,.F.);
#5903=EDGE_LOOP('',(#5899,#5900,#5901,#5902));
#5904=FACE_OUTER_BOUND('',#5903,.F.);
#5905=ADVANCED_FACE('',(#5904),#5897,.F.);
#5906=FILL_AREA_STYLE_COLOUR('',#95);
#5907=FILL_AREA_STYLE('',(#5906));
#5908=SURFACE_STYLE_FILL_AREA(#5907);
#5909=SURFACE_SIDE_STYLE('',(#5908));
#5910=SURFACE_STYLE_USAGE(.BOTH.,#5909);
#5911=PRESENTATION_STYLE_ASSIGNMENT((#5910));
#5912=STYLED_ITEM('',(#5911),#5905);
#5913=CARTESIAN_POINT('',(2.58318E1,-3.84075E1,1.31E0));
#5914=DIRECTION('',(0.E0,0.E0,1.E0));
#5915=DIRECTION('',(1.E0,0.E0,0.E0));
#5916=AXIS2_PLACEMENT_3D('',#5913,#5914,#5915);
#5917=PLANE('',#5916);
#5918=ORIENTED_EDGE('',*,*,#5772,.F.);
#5919=ORIENTED_EDGE('',*,*,#5739,.T.);
#5920=ORIENTED_EDGE('',*,*,#5898,.F.);
#5921=ORIENTED_EDGE('',*,*,#5793,.T.);
#5922=EDGE_LOOP('',(#5918,#5919,#5920,#5921));
#5923=FACE_OUTER_BOUND('',#5922,.F.);
#5924=ADVANCED_FACE('',(#5923),#5917,.T.);
#5925=FILL_AREA_STYLE_COLOUR('',#95);
#5926=FILL_AREA_STYLE('',(#5925));
#5927=SURFACE_STYLE_FILL_AREA(#5926);
#5928=SURFACE_SIDE_STYLE('',(#5927));
#5929=SURFACE_STYLE_USAGE(.BOTH.,#5928);
#5930=PRESENTATION_STYLE_ASSIGNMENT((#5929));
#5931=STYLED_ITEM('',(#5930),#5924);
#5932=CARTESIAN_POINT('',(3.05304E1,-3.532313485520E1,3.E-2));
#5933=DIRECTION('',(-1.E0,0.E0,0.E0));
#5934=DIRECTION('',(0.E0,-1.E0,0.E0));
#5935=AXIS2_PLACEMENT_3D('',#5932,#5933,#5934);
#5936=PLANE('',#5935);
#5937=ORIENTED_EDGE('',*,*,#4473,.F.);
#5938=ORIENTED_EDGE('',*,*,#4572,.T.);
#5940=ORIENTED_EDGE('',*,*,#5939,.T.);
#5941=ORIENTED_EDGE('',*,*,#4336,.T.);
#5943=ORIENTED_EDGE('',*,*,#5942,.T.);
#5944=ORIENTED_EDGE('',*,*,#4523,.T.);
#5945=EDGE_LOOP('',(#5937,#5938,#5940,#5941,#5943,#5944));
#5946=FACE_OUTER_BOUND('',#5945,.F.);
#5947=ADVANCED_FACE('',(#5946),#5936,.F.);
#5948=FILL_AREA_STYLE_COLOUR('',#115);
#5949=FILL_AREA_STYLE('',(#5948));
#5950=SURFACE_STYLE_FILL_AREA(#5949);
#5951=SURFACE_SIDE_STYLE('',(#5950));
#5952=SURFACE_STYLE_USAGE(.BOTH.,#5951);
#5953=PRESENTATION_STYLE_ASSIGNMENT((#5952));
#5954=STYLED_ITEM('',(#5953),#5947);
#5955=CARTESIAN_POINT('',(3.003412982685E1,-3.543167017315E1,3.E-2));
#5956=DIRECTION('',(0.E0,0.E0,1.E0));
#5957=DIRECTION('',(1.E0,0.E0,0.E0));
#5958=AXIS2_PLACEMENT_3D('',#5955,#5956,#5957);
#5959=CYLINDRICAL_SURFACE('',#5958,5.08E-1);
#5960=ORIENTED_EDGE('',*,*,#4450,.T.);
#5962=ORIENTED_EDGE('',*,*,#5961,.F.);
#5963=ORIENTED_EDGE('',*,*,#4338,.F.);
#5964=ORIENTED_EDGE('',*,*,#5939,.F.);
#5965=ORIENTED_EDGE('',*,*,#4570,.T.);
#5966=EDGE_LOOP('',(#5960,#5962,#5963,#5964,#5965));
#5967=FACE_OUTER_BOUND('',#5966,.F.);
#5968=ADVANCED_FACE('',(#5967),#5959,.T.);
#5969=FILL_AREA_STYLE_COLOUR('',#115);
#5970=FILL_AREA_STYLE('',(#5969));
#5971=SURFACE_STYLE_FILL_AREA(#5970);
#5972=SURFACE_SIDE_STYLE('',(#5971));
#5973=SURFACE_STYLE_USAGE(.BOTH.,#5972);
#5974=PRESENTATION_STYLE_ASSIGNMENT((#5973));
#5975=STYLED_ITEM('',(#5974),#5968);
#5976=CARTESIAN_POINT('',(2.152093485520E1,-3.49354E1,3.E-2));
#5977=DIRECTION('',(0.E0,-1.E0,0.E0));
#5978=DIRECTION('',(1.E0,0.E0,0.E0));
#5979=AXIS2_PLACEMENT_3D('',#5976,#5977,#5978);
#5980=PLANE('',#5979);
#5981=ORIENTED_EDGE('',*,*,#4448,.F.);
#5983=ORIENTED_EDGE('',*,*,#5982,.T.);
#5984=ORIENTED_EDGE('',*,*,#4340,.T.);
#5985=ORIENTED_EDGE('',*,*,#5961,.T.);
#5986=EDGE_LOOP('',(#5981,#5983,#5984,#5985));
#5987=FACE_OUTER_BOUND('',#5986,.F.);
#5988=ADVANCED_FACE('',(#5987),#5980,.F.);
#5989=FILL_AREA_STYLE_COLOUR('',#115);
#5990=FILL_AREA_STYLE('',(#5989));
#5991=SURFACE_STYLE_FILL_AREA(#5990);
#5992=SURFACE_SIDE_STYLE('',(#5991));
#5993=SURFACE_STYLE_USAGE(.BOTH.,#5992);
#5994=PRESENTATION_STYLE_ASSIGNMENT((#5993));
#5995=STYLED_ITEM('',(#5994),#5988);
#5996=CARTESIAN_POINT('',(2.162947017315E1,-3.543167017315E1,3.E-2));
#5997=DIRECTION('',(0.E0,0.E0,1.E0));
#5998=DIRECTION('',(1.E0,0.E0,0.E0));
#5999=AXIS2_PLACEMENT_3D('',#5996,#5997,#5998);
#6000=CYLINDRICAL_SURFACE('',#5999,5.08E-1);
#6001=ORIENTED_EDGE('',*,*,#4446,.T.);
#6002=ORIENTED_EDGE('',*,*,#4551,.T.);
#6003=ORIENTED_EDGE('',*,*,#4405,.F.);
#6004=ORIENTED_EDGE('',*,*,#4342,.F.);
#6005=ORIENTED_EDGE('',*,*,#5982,.F.);
#6006=EDGE_LOOP('',(#6001,#6002,#6003,#6004,#6005));
#6007=FACE_OUTER_BOUND('',#6006,.F.);
#6008=ADVANCED_FACE('',(#6007),#6000,.T.);
#6009=FILL_AREA_STYLE_COLOUR('',#115);
#6010=FILL_AREA_STYLE('',(#6009));
#6011=SURFACE_STYLE_FILL_AREA(#6010);
#6012=SURFACE_SIDE_STYLE('',(#6011));
#6013=SURFACE_STYLE_USAGE(.BOTH.,#6012);
#6014=PRESENTATION_STYLE_ASSIGNMENT((#6013));
#6015=STYLED_ITEM('',(#6014),#6008);
#6016=CARTESIAN_POINT('',(3.003412982685E1,-4.142332982685E1,3.E-2));
#6017=DIRECTION('',(0.E0,0.E0,1.E0));
#6018=DIRECTION('',(1.E0,0.E0,0.E0));
#6019=AXIS2_PLACEMENT_3D('',#6016,#6017,#6018);
#6020=CYLINDRICAL_SURFACE('',#6019,5.08E-1);
#6021=ORIENTED_EDGE('',*,*,#4334,.F.);
#6022=ORIENTED_EDGE('',*,*,#4361,.F.);
#6023=ORIENTED_EDGE('',*,*,#4525,.T.);
#6024=ORIENTED_EDGE('',*,*,#5942,.F.);
#6025=EDGE_LOOP('',(#6021,#6022,#6023,#6024));
#6026=FACE_OUTER_BOUND('',#6025,.F.);
#6027=ADVANCED_FACE('',(#6026),#6020,.T.);
#6028=FILL_AREA_STYLE_COLOUR('',#115);
#6029=FILL_AREA_STYLE('',(#6028));
#6030=SURFACE_STYLE_FILL_AREA(#6029);
#6031=SURFACE_SIDE_STYLE('',(#6030));
#6032=SURFACE_STYLE_USAGE(.BOTH.,#6031);
#6033=PRESENTATION_STYLE_ASSIGNMENT((#6032));
#6034=STYLED_ITEM('',(#6033),#6027);
#6035=CARTESIAN_POINT('',(2.5197E1,-4.567499999982E1,0.E0));
#6036=DIRECTION('',(1.E0,0.E0,0.E0));
#6037=DIRECTION('',(0.E0,1.E0,0.E0));
#6038=AXIS2_PLACEMENT_3D('',#6035,#6036,#6037);
#6039=PLANE('',#6038);
#6040=ORIENTED_EDGE('',*,*,#4270,.F.);
#6042=ORIENTED_EDGE('',*,*,#6041,.F.);
#6044=ORIENTED_EDGE('',*,*,#6043,.T.);
#6046=ORIENTED_EDGE('',*,*,#6045,.F.);
#6048=ORIENTED_EDGE('',*,*,#6047,.F.);
#6049=EDGE_LOOP('',(#6040,#6042,#6044,#6046,#6048));
#6050=FACE_OUTER_BOUND('',#6049,.F.);
#6051=ADVANCED_FACE('',(#6050),#6039,.T.);
#6052=CARTESIAN_POINT('',(2.7102E1,-6.485499999982E1,0.E0));
#6053=DIRECTION('',(0.E0,0.E0,1.E0));
#6054=DIRECTION('',(1.E0,0.E0,0.E0));
#6055=AXIS2_PLACEMENT_3D('',#6052,#6053,#6054);
#6056=PLANE('',#6055);
#6057=ORIENTED_EDGE('',*,*,#4201,.F.);
#6059=ORIENTED_EDGE('',*,*,#6058,.T.);
#6061=ORIENTED_EDGE('',*,*,#6060,.F.);
#6063=ORIENTED_EDGE('',*,*,#6062,.T.);
#6065=ORIENTED_EDGE('',*,*,#6064,.T.);
#6067=ORIENTED_EDGE('',*,*,#6066,.T.);
#6069=ORIENTED_EDGE('',*,*,#6068,.F.);
#6070=ORIENTED_EDGE('',*,*,#6041,.T.);
#6071=ORIENTED_EDGE('',*,*,#4205,.F.);
#6073=ORIENTED_EDGE('',*,*,#6072,.T.);
#6075=ORIENTED_EDGE('',*,*,#6074,.T.);
#6077=ORIENTED_EDGE('',*,*,#6076,.T.);
#6079=ORIENTED_EDGE('',*,*,#6078,.T.);
#6081=ORIENTED_EDGE('',*,*,#6080,.T.);
#6082=EDGE_LOOP('',(#6057,#6059,#6061,#6063,#6065,#6067,#6069,#6070,#6071,#6073,
#6075,#6077,#6079,#6081));
#6083=FACE_OUTER_BOUND('',#6082,.F.);
#6084=ADVANCED_FACE('',(#6083),#6056,.F.);
#6085=CARTESIAN_POINT('',(2.3927E1,-4.313499999982E1,0.E0));
#6086=DIRECTION('',(-1.E0,0.E0,0.E0));
#6087=DIRECTION('',(0.E0,-1.E0,0.E0));
#6088=AXIS2_PLACEMENT_3D('',#6085,#6086,#6087);
#6089=PLANE('',#6088);
#6090=ORIENTED_EDGE('',*,*,#4281,.T.);
#6092=ORIENTED_EDGE('',*,*,#6091,.T.);
#6094=ORIENTED_EDGE('',*,*,#6093,.T.);
#6096=ORIENTED_EDGE('',*,*,#6095,.F.);
#6097=ORIENTED_EDGE('',*,*,#6058,.F.);
#6098=EDGE_LOOP('',(#6090,#6092,#6094,#6096,#6097));
#6099=FACE_OUTER_BOUND('',#6098,.F.);
#6100=ADVANCED_FACE('',(#6099),#6089,.T.);
#6101=CARTESIAN_POINT('',(2.5197E1,-4.313499999982E1,0.E0));
#6102=DIRECTION('',(0.E0,1.E0,0.E0));
#6103=DIRECTION('',(-1.E0,0.E0,0.E0));
#6104=AXIS2_PLACEMENT_3D('',#6101,#6102,#6103);
#6105=PLANE('',#6104);
#6106=ORIENTED_EDGE('',*,*,#4279,.F.);
#6108=ORIENTED_EDGE('',*,*,#6107,.T.);
#6110=ORIENTED_EDGE('',*,*,#6109,.T.);
#6111=ORIENTED_EDGE('',*,*,#6091,.F.);
#6112=EDGE_LOOP('',(#6106,#6108,#6110,#6111));
#6113=FACE_OUTER_BOUND('',#6112,.F.);
#6114=ADVANCED_FACE('',(#6113),#6105,.T.);
#6115=CARTESIAN_POINT('',(2.42572E1,-4.313499999982E1,2.5E-1));
#6116=DIRECTION('',(-1.E0,0.E0,0.E0));
#6117=DIRECTION('',(0.E0,-1.E0,0.E0));
#6118=AXIS2_PLACEMENT_3D('',#6115,#6116,#6117);
#6119=PLANE('',#6118);
#6120=ORIENTED_EDGE('',*,*,#4277,.F.);
#6121=ORIENTED_EDGE('',*,*,#6080,.F.);
#6123=ORIENTED_EDGE('',*,*,#6122,.F.);
#6125=ORIENTED_EDGE('',*,*,#6124,.T.);
#6126=ORIENTED_EDGE('',*,*,#6107,.F.);
#6127=EDGE_LOOP('',(#6120,#6121,#6123,#6125,#6126));
#6128=FACE_OUTER_BOUND('',#6127,.F.);
#6129=ADVANCED_FACE('',(#6128),#6119,.F.);
#6130=CARTESIAN_POINT('',(3.465891647074E1,-4.529399999982E1,-4.E-3));
#6131=DIRECTION('',(-1.E0,0.E0,0.E0));
#6132=DIRECTION('',(0.E0,0.E0,1.E0));
#6133=AXIS2_PLACEMENT_3D('',#6130,#6131,#6132);
#6134=CYLINDRICAL_SURFACE('',#6133,2.54E-1);
#6136=ORIENTED_EDGE('',*,*,#6135,.F.);
#6138=ORIENTED_EDGE('',*,*,#6137,.F.);
#6140=ORIENTED_EDGE('',*,*,#6139,.F.);
#6142=ORIENTED_EDGE('',*,*,#6141,.T.);
#6144=ORIENTED_EDGE('',*,*,#6143,.F.);
#6145=ORIENTED_EDGE('',*,*,#6122,.T.);
#6146=EDGE_LOOP('',(#6136,#6138,#6140,#6142,#6144,#6145));
#6147=FACE_OUTER_BOUND('',#6146,.F.);
#6148=ADVANCED_FACE('',(#6147),#6134,.T.);
#6149=CARTESIAN_POINT('',(2.42572E1,-6.485499999982E1,0.E0));
#6150=DIRECTION('',(1.E0,0.E0,0.E0));
#6151=DIRECTION('',(0.E0,0.E0,-1.E0));
#6152=AXIS2_PLACEMENT_3D('',#6149,#6150,#6151);
#6153=PLANE('',#6152);
#6154=ORIENTED_EDGE('',*,*,#4177,.T.);
#6155=ORIENTED_EDGE('',*,*,#4128,.F.);
#6157=ORIENTED_EDGE('',*,*,#6156,.F.);
#6159=ORIENTED_EDGE('',*,*,#6158,.F.);
#6161=ORIENTED_EDGE('',*,*,#6160,.F.);
#6162=ORIENTED_EDGE('',*,*,#6135,.T.);
#6163=ORIENTED_EDGE('',*,*,#6078,.F.);
#6165=ORIENTED_EDGE('',*,*,#6164,.F.);
#6167=ORIENTED_EDGE('',*,*,#6166,.F.);
#6169=ORIENTED_EDGE('',*,*,#6168,.F.);
#6171=ORIENTED_EDGE('',*,*,#6170,.F.);
#6173=ORIENTED_EDGE('',*,*,#6172,.F.);
#6175=ORIENTED_EDGE('',*,*,#6174,.F.);
#6177=ORIENTED_EDGE('',*,*,#6176,.F.);
#6179=ORIENTED_EDGE('',*,*,#6178,.F.);
#6181=ORIENTED_EDGE('',*,*,#6180,.F.);
#6183=ORIENTED_EDGE('',*,*,#6182,.F.);
#6185=ORIENTED_EDGE('',*,*,#6184,.F.);
#6187=ORIENTED_EDGE('',*,*,#6186,.F.);
#6188=EDGE_LOOP('',(#6154,#6155,#6157,#6159,#6161,#6162,#6163,#6165,#6167,#6169,
#6171,#6173,#6175,#6177,#6179,#6181,#6183,#6185,#6187));
#6189=FACE_OUTER_BOUND('',#6188,.F.);
#6190=ADVANCED_FACE('',(#6189),#6153,.F.);
#6191=CARTESIAN_POINT('',(2.42572E1,-4.473519999982E1,-7.112E-1));
#6192=DIRECTION('',(1.E0,0.E0,0.E0));
#6193=DIRECTION('',(0.E0,0.E0,-1.E0));
#6194=AXIS2_PLACEMENT_3D('',#6191,#6192,#6193);
#6195=CYLINDRICAL_SURFACE('',#6194,3.048E-1);
#6197=ORIENTED_EDGE('',*,*,#6196,.F.);
#6198=ORIENTED_EDGE('',*,*,#6158,.T.);
#6199=ORIENTED_EDGE('',*,*,#6156,.T.);
#6200=ORIENTED_EDGE('',*,*,#4126,.F.);
#6202=ORIENTED_EDGE('',*,*,#6201,.T.);
#6204=ORIENTED_EDGE('',*,*,#6203,.T.);
#6205=EDGE_LOOP('',(#6197,#6198,#6199,#6200,#6202,#6204));
#6206=FACE_OUTER_BOUND('',#6205,.F.);
#6207=ADVANCED_FACE('',(#6206),#6195,.F.);
#6208=CARTESIAN_POINT('',(2.42572E1,-4.503999999982E1,2.5E-1));
#6209=DIRECTION('',(0.E0,-1.E0,0.E0));
#6210=DIRECTION('',(1.E0,0.E0,0.E0));
#6211=AXIS2_PLACEMENT_3D('',#6208,#6209,#6210);
#6212=PLANE('',#6211);
#6214=ORIENTED_EDGE('',*,*,#6213,.T.);
#6215=ORIENTED_EDGE('',*,*,#6137,.T.);
#6216=ORIENTED_EDGE('',*,*,#6160,.T.);
#6217=ORIENTED_EDGE('',*,*,#6196,.T.);
#6218=EDGE_LOOP('',(#6214,#6215,#6216,#6217));
#6219=FACE_OUTER_BOUND('',#6218,.F.);
#6220=ADVANCED_FACE('',(#6219),#6212,.F.);
#6221=CARTESIAN_POINT('',(2.48668E1,-6.485499999982E1,0.E0));
#6222=DIRECTION('',(1.E0,0.E0,0.E0));
#6223=DIRECTION('',(0.E0,0.E0,-1.E0));
#6224=AXIS2_PLACEMENT_3D('',#6221,#6222,#6223);
#6225=PLANE('',#6224);
#6226=ORIENTED_EDGE('',*,*,#4174,.F.);
#6228=ORIENTED_EDGE('',*,*,#6227,.T.);
#6230=ORIENTED_EDGE('',*,*,#6229,.F.);
#6232=ORIENTED_EDGE('',*,*,#6231,.F.);
#6234=ORIENTED_EDGE('',*,*,#6233,.F.);
#6236=ORIENTED_EDGE('',*,*,#6235,.F.);
#6238=ORIENTED_EDGE('',*,*,#6237,.F.);
#6240=ORIENTED_EDGE('',*,*,#6239,.F.);
#6242=ORIENTED_EDGE('',*,*,#6241,.F.);
#6244=ORIENTED_EDGE('',*,*,#6243,.F.);
#6246=ORIENTED_EDGE('',*,*,#6245,.F.);
#6248=ORIENTED_EDGE('',*,*,#6247,.F.);
#6250=ORIENTED_EDGE('',*,*,#6249,.F.);
#6251=ORIENTED_EDGE('',*,*,#6074,.F.);
#6252=ORIENTED_EDGE('',*,*,#6139,.T.);
#6253=ORIENTED_EDGE('',*,*,#6213,.F.);
#6254=ORIENTED_EDGE('',*,*,#6203,.F.);
#6255=ORIENTED_EDGE('',*,*,#6201,.F.);
#6256=ORIENTED_EDGE('',*,*,#4124,.F.);
#6257=EDGE_LOOP('',(#6226,#6228,#6230,#6232,#6234,#6236,#6238,#6240,#6242,#6244,
#6246,#6248,#6250,#6251,#6252,#6253,#6254,#6255,#6256));
#6258=FACE_OUTER_BOUND('',#6257,.F.);
#6259=ADVANCED_FACE('',(#6258),#6225,.T.);
#6260=CARTESIAN_POINT('',(0.E0,0.E0,-1.016E0));
#6261=DIRECTION('',(0.E0,0.E0,1.E0));
#6262=DIRECTION('',(1.E0,0.E0,0.E0));
#6263=AXIS2_PLACEMENT_3D('',#6260,#6261,#6262);
#6264=PLANE('',#6263);
#6266=ORIENTED_EDGE('',*,*,#6265,.T.);
#6268=ORIENTED_EDGE('',*,*,#6267,.T.);
#6270=ORIENTED_EDGE('',*,*,#6269,.F.);
#6271=ORIENTED_EDGE('',*,*,#4164,.F.);
#6273=ORIENTED_EDGE('',*,*,#6272,.T.);
#6275=ORIENTED_EDGE('',*,*,#6274,.T.);
#6277=ORIENTED_EDGE('',*,*,#6276,.F.);
#6278=ORIENTED_EDGE('',*,*,#4156,.F.);
#6280=ORIENTED_EDGE('',*,*,#6279,.F.);
#6282=ORIENTED_EDGE('',*,*,#6281,.F.);
#6284=ORIENTED_EDGE('',*,*,#6283,.F.);
#6285=ORIENTED_EDGE('',*,*,#4187,.F.);
#6287=ORIENTED_EDGE('',*,*,#6286,.T.);
#6289=ORIENTED_EDGE('',*,*,#6288,.T.);
#6291=ORIENTED_EDGE('',*,*,#6290,.F.);
#6292=ORIENTED_EDGE('',*,*,#4179,.F.);
#6293=ORIENTED_EDGE('',*,*,#6186,.T.);
#6295=ORIENTED_EDGE('',*,*,#6294,.T.);
#6296=ORIENTED_EDGE('',*,*,#6227,.F.);
#6297=ORIENTED_EDGE('',*,*,#4172,.F.);
#6298=EDGE_LOOP('',(#6266,#6268,#6270,#6271,#6273,#6275,#6277,#6278,#6280,#6282,
#6284,#6285,#6287,#6289,#6291,#6292,#6293,#6295,#6296,#6297));
#6299=FACE_OUTER_BOUND('',#6298,.F.);
#6301=ORIENTED_EDGE('',*,*,#6300,.T.);
#6303=ORIENTED_EDGE('',*,*,#6302,.F.);
#6305=ORIENTED_EDGE('',*,*,#6304,.T.);
#6307=ORIENTED_EDGE('',*,*,#6306,.F.);
#6309=ORIENTED_EDGE('',*,*,#6308,.T.);
#6311=ORIENTED_EDGE('',*,*,#6310,.F.);
#6313=ORIENTED_EDGE('',*,*,#6312,.T.);
#6315=ORIENTED_EDGE('',*,*,#6314,.F.);
#6316=EDGE_LOOP('',(#6301,#6303,#6305,#6307,#6309,#6311,#6313,#6315));
#6317=FACE_BOUND('',#6316,.F.);
#6318=ADVANCED_FACE('',(#6299,#6317),#6264,.F.);
#6319=CARTESIAN_POINT('',(2.152093485520E1,-3.49254E1,-1.016E0));
#6320=DIRECTION('',(0.E0,-1.E0,0.E0));
#6321=DIRECTION('',(1.E0,0.E0,0.E0));
#6322=AXIS2_PLACEMENT_3D('',#6319,#6320,#6321);
#6323=PLANE('',#6322);
#6325=ORIENTED_EDGE('',*,*,#6324,.T.);
#6327=ORIENTED_EDGE('',*,*,#6326,.F.);
#6329=ORIENTED_EDGE('',*,*,#6328,.T.);
#6330=ORIENTED_EDGE('',*,*,#6300,.F.);
#6332=ORIENTED_EDGE('',*,*,#6331,.T.);
#6334=ORIENTED_EDGE('',*,*,#6333,.F.);
#6335=EDGE_LOOP('',(#6325,#6327,#6329,#6330,#6332,#6334));
#6336=FACE_OUTER_BOUND('',#6335,.F.);
#6337=ADVANCED_FACE('',(#6336),#6323,.F.);
#6338=FILL_AREA_STYLE_COLOUR('',#115);
#6339=FILL_AREA_STYLE('',(#6338));
#6340=SURFACE_STYLE_FILL_AREA(#6339);
#6341=SURFACE_SIDE_STYLE('',(#6340));
#6342=SURFACE_STYLE_USAGE(.BOTH.,#6341);
#6343=PRESENTATION_STYLE_ASSIGNMENT((#6342));
#6344=STYLED_ITEM('',(#6343),#6337);
#6345=CARTESIAN_POINT('',(2.58318E1,-3.84174E1,-1.046E0));
#6346=DIRECTION('',(0.E0,0.E0,1.E0));
#6347=DIRECTION('',(-1.E0,0.E0,0.E0));
#6348=AXIS2_PLACEMENT_3D('',#6345,#6346,#6347);
#6349=PLANE('',#6348);
#6350=ORIENTED_EDGE('',*,*,#6324,.F.);
#6352=ORIENTED_EDGE('',*,*,#6351,.T.);
#6354=ORIENTED_EDGE('',*,*,#6353,.T.);
#6356=ORIENTED_EDGE('',*,*,#6355,.T.);
#6357=EDGE_LOOP('',(#6350,#6352,#6354,#6356));
#6358=FACE_OUTER_BOUND('',#6357,.F.);
#6359=ADVANCED_FACE('',(#6358),#6349,.T.);
#6360=FILL_AREA_STYLE_COLOUR('',#32);
#6361=FILL_AREA_STYLE('',(#6360));
#6362=SURFACE_STYLE_FILL_AREA(#6361);
#6363=SURFACE_SIDE_STYLE('',(#6362));
#6364=SURFACE_STYLE_USAGE(.BOTH.,#6363);
#6365=PRESENTATION_STYLE_ASSIGNMENT((#6364));
#6366=STYLED_ITEM('',(#6365),#6359);
#6367=CARTESIAN_POINT('',(2.58318E1,-3.84174E1,-1.046E0));
#6368=DIRECTION('',(0.E0,0.E0,1.E0));
#6369=DIRECTION('',(-1.E0,0.E0,0.E0));
#6370=AXIS2_PLACEMENT_3D('',#6367,#6368,#6369);
#6371=PLANE('',#6370);
#6373=ORIENTED_EDGE('',*,*,#6372,.F.);
#6375=ORIENTED_EDGE('',*,*,#6374,.T.);
#6377=ORIENTED_EDGE('',*,*,#6376,.T.);
#6379=ORIENTED_EDGE('',*,*,#6378,.T.);
#6380=EDGE_LOOP('',(#6373,#6375,#6377,#6379));
#6381=FACE_OUTER_BOUND('',#6380,.F.);
#6382=ADVANCED_FACE('',(#6381),#6371,.T.);
#6383=FILL_AREA_STYLE_COLOUR('',#32);
#6384=FILL_AREA_STYLE('',(#6383));
#6385=SURFACE_STYLE_FILL_AREA(#6384);
#6386=SURFACE_SIDE_STYLE('',(#6385));
#6387=SURFACE_STYLE_USAGE(.POSITIVE.,#6386);
#6388=PRESENTATION_STYLE_ASSIGNMENT((#6387));
#6389=STYLED_ITEM('',(#6388),#6382);
#6390=CARTESIAN_POINT('',(2.58318E1,-3.84174E1,-1.046E0));
#6391=DIRECTION('',(0.E0,0.E0,1.E0));
#6392=DIRECTION('',(-1.E0,0.E0,0.E0));
#6393=AXIS2_PLACEMENT_3D('',#6390,#6391,#6392);
#6394=PLANE('',#6393);
#6396=ORIENTED_EDGE('',*,*,#6395,.F.);
#6398=ORIENTED_EDGE('',*,*,#6397,.T.);
#6400=ORIENTED_EDGE('',*,*,#6399,.T.);
#6402=ORIENTED_EDGE('',*,*,#6401,.T.);
#6403=EDGE_LOOP('',(#6396,#6398,#6400,#6402));
#6404=FACE_OUTER_BOUND('',#6403,.F.);
#6405=ADVANCED_FACE('',(#6404),#6394,.T.);
#6406=FILL_AREA_STYLE_COLOUR('',#32);
#6407=FILL_AREA_STYLE('',(#6406));
#6408=SURFACE_STYLE_FILL_AREA(#6407);
#6409=SURFACE_SIDE_STYLE('',(#6408));
#6410=SURFACE_STYLE_USAGE(.POSITIVE.,#6409);
#6411=PRESENTATION_STYLE_ASSIGNMENT((#6410));
#6412=STYLED_ITEM('',(#6411),#6405);
#6413=CARTESIAN_POINT('',(2.58318E1,-3.84174E1,-1.046E0));
#6414=DIRECTION('',(0.E0,0.E0,1.E0));
#6415=DIRECTION('',(-1.E0,0.E0,0.E0));
#6416=AXIS2_PLACEMENT_3D('',#6413,#6414,#6415);
#6417=PLANE('',#6416);
#6419=ORIENTED_EDGE('',*,*,#6418,.F.);
#6421=ORIENTED_EDGE('',*,*,#6420,.T.);
#6423=ORIENTED_EDGE('',*,*,#6422,.T.);
#6425=ORIENTED_EDGE('',*,*,#6424,.T.);
#6426=EDGE_LOOP('',(#6419,#6421,#6423,#6425));
#6427=FACE_OUTER_BOUND('',#6426,.F.);
#6428=ADVANCED_FACE('',(#6427),#6417,.T.);
#6429=FILL_AREA_STYLE_COLOUR('',#32);
#6430=FILL_AREA_STYLE('',(#6429));
#6431=SURFACE_STYLE_FILL_AREA(#6430);
#6432=SURFACE_SIDE_STYLE('',(#6431));
#6433=SURFACE_STYLE_USAGE(.POSITIVE.,#6432);
#6434=PRESENTATION_STYLE_ASSIGNMENT((#6433));
#6435=STYLED_ITEM('',(#6434),#6428);
#6436=CARTESIAN_POINT('',(2.213154712345E1,-3.591714712345E1,
-1.012659866902E0));
#6437=DIRECTION('',(8.726203243945E-3,-8.726203243944E-3,-9.999238504776E-1));
#6438=DIRECTION('',(-9.999619230642E-1,0.E0,-8.726535498374E-3));
#6439=AXIS2_PLACEMENT_3D('',#6436,#6437,#6438);
#6440=CYLINDRICAL_SURFACE('',#6439,1.E0);
#6442=ORIENTED_EDGE('',*,*,#6441,.F.);
#6443=ORIENTED_EDGE('',*,*,#6424,.F.);
#6445=ORIENTED_EDGE('',*,*,#6444,.T.);
#6447=ORIENTED_EDGE('',*,*,#6446,.T.);
#6449=ORIENTED_EDGE('',*,*,#6448,.T.);
#6450=ORIENTED_EDGE('',*,*,#6351,.F.);
#6451=EDGE_LOOP('',(#6442,#6443,#6445,#6447,#6449,#6450));
#6452=FACE_OUTER_BOUND('',#6451,.F.);
#6453=ADVANCED_FACE('',(#6452),#6440,.T.);
#6454=FILL_AREA_STYLE_COLOUR('',#32);
#6455=FILL_AREA_STYLE('',(#6454));
#6456=SURFACE_STYLE_FILL_AREA(#6455);
#6457=SURFACE_SIDE_STYLE('',(#6456));
#6458=SURFACE_STYLE_USAGE(.BOTH.,#6457);
#6459=PRESENTATION_STYLE_ASSIGNMENT((#6458));
#6460=STYLED_ITEM('',(#6459),#6453);
#6461=CARTESIAN_POINT('',(3.07848E1,-3.2258E1,-1.046E0));
#6462=DIRECTION('',(0.E0,0.E0,1.E0));
#6463=DIRECTION('',(0.E0,1.E0,0.E0));
#6464=AXIS2_PLACEMENT_3D('',#6461,#6462,#6463);
#6465=PLANE('',#6464);
#6466=ORIENTED_EDGE('',*,*,#6441,.T.);
#6467=ORIENTED_EDGE('',*,*,#6333,.T.);
#6469=ORIENTED_EDGE('',*,*,#6468,.F.);
#6471=ORIENTED_EDGE('',*,*,#6470,.T.);
#6472=EDGE_LOOP('',(#6466,#6467,#6469,#6471));
#6473=FACE_OUTER_BOUND('',#6472,.F.);
#6474=ADVANCED_FACE('',(#6473),#6465,.F.);
#6475=FILL_AREA_STYLE_COLOUR('',#115);
#6476=FILL_AREA_STYLE('',(#6475));
#6477=SURFACE_STYLE_FILL_AREA(#6476);
#6478=SURFACE_SIDE_STYLE('',(#6477));
#6479=SURFACE_STYLE_USAGE(.BOTH.,#6478);
#6480=PRESENTATION_STYLE_ASSIGNMENT((#6479));
#6481=STYLED_ITEM('',(#6480),#6474);
#6482=CARTESIAN_POINT('',(3.07848E1,-3.2258E1,-1.046E0));
#6483=DIRECTION('',(0.E0,0.E0,1.E0));
#6484=DIRECTION('',(0.E0,1.E0,0.E0));
#6485=AXIS2_PLACEMENT_3D('',#6482,#6483,#6484);
#6486=PLANE('',#6485);
#6488=ORIENTED_EDGE('',*,*,#6487,.T.);
#6490=ORIENTED_EDGE('',*,*,#6489,.T.);
#6492=ORIENTED_EDGE('',*,*,#6491,.F.);
#6494=ORIENTED_EDGE('',*,*,#6493,.T.);
#6495=EDGE_LOOP('',(#6488,#6490,#6492,#6494));
#6496=FACE_OUTER_BOUND('',#6495,.F.);
#6497=ADVANCED_FACE('',(#6496),#6486,.F.);
#6498=FILL_AREA_STYLE_COLOUR('',#115);
#6499=FILL_AREA_STYLE('',(#6498));
#6500=SURFACE_STYLE_FILL_AREA(#6499);
#6501=SURFACE_SIDE_STYLE('',(#6500));
#6502=SURFACE_STYLE_USAGE(.POSITIVE.,#6501);
#6503=PRESENTATION_STYLE_ASSIGNMENT((#6502));
#6504=STYLED_ITEM('',(#6503),#6497);
#6505=CARTESIAN_POINT('',(3.07848E1,-3.2258E1,-1.046E0));
#6506=DIRECTION('',(0.E0,0.E0,1.E0));
#6507=DIRECTION('',(0.E0,1.E0,0.E0));
#6508=AXIS2_PLACEMENT_3D('',#6505,#6506,#6507);
#6509=PLANE('',#6508);
#6511=ORIENTED_EDGE('',*,*,#6510,.T.);
#6513=ORIENTED_EDGE('',*,*,#6512,.T.);
#6515=ORIENTED_EDGE('',*,*,#6514,.F.);
#6517=ORIENTED_EDGE('',*,*,#6516,.T.);
#6518=EDGE_LOOP('',(#6511,#6513,#6515,#6517));
#6519=FACE_OUTER_BOUND('',#6518,.F.);
#6520=ADVANCED_FACE('',(#6519),#6509,.F.);
#6521=FILL_AREA_STYLE_COLOUR('',#115);
#6522=FILL_AREA_STYLE('',(#6521));
#6523=SURFACE_STYLE_FILL_AREA(#6522);
#6524=SURFACE_SIDE_STYLE('',(#6523));
#6525=SURFACE_STYLE_USAGE(.POSITIVE.,#6524);
#6526=PRESENTATION_STYLE_ASSIGNMENT((#6525));
#6527=STYLED_ITEM('',(#6526),#6520);
#6528=CARTESIAN_POINT('',(3.07848E1,-3.2258E1,-1.046E0));
#6529=DIRECTION('',(0.E0,0.E0,1.E0));
#6530=DIRECTION('',(0.E0,1.E0,0.E0));
#6531=AXIS2_PLACEMENT_3D('',#6528,#6529,#6530);
#6532=PLANE('',#6531);
#6534=ORIENTED_EDGE('',*,*,#6533,.T.);
#6536=ORIENTED_EDGE('',*,*,#6535,.T.);
#6538=ORIENTED_EDGE('',*,*,#6537,.F.);
#6539=ORIENTED_EDGE('',*,*,#6326,.T.);
#6540=EDGE_LOOP('',(#6534,#6536,#6538,#6539));
#6541=FACE_OUTER_BOUND('',#6540,.F.);
#6542=ADVANCED_FACE('',(#6541),#6532,.F.);
#6543=FILL_AREA_STYLE_COLOUR('',#115);
#6544=FILL_AREA_STYLE('',(#6543));
#6545=SURFACE_STYLE_FILL_AREA(#6544);
#6546=SURFACE_SIDE_STYLE('',(#6545));
#6547=SURFACE_STYLE_USAGE(.POSITIVE.,#6546);
#6548=PRESENTATION_STYLE_ASSIGNMENT((#6547));
#6549=STYLED_ITEM('',(#6548),#6542);
#6550=CARTESIAN_POINT('',(2.162947017315E1,-3.542167017315E1,-1.016E0));
#6551=DIRECTION('',(0.E0,0.E0,1.E0));
#6552=DIRECTION('',(-1.E0,0.E0,0.E0));
#6553=AXIS2_PLACEMENT_3D('',#6550,#6551,#6552);
#6554=CYLINDRICAL_SURFACE('',#6553,5.08E-1);
#6555=ORIENTED_EDGE('',*,*,#6314,.T.);
#6557=ORIENTED_EDGE('',*,*,#6556,.F.);
#6558=ORIENTED_EDGE('',*,*,#6468,.T.);
#6559=ORIENTED_EDGE('',*,*,#6331,.F.);
#6560=EDGE_LOOP('',(#6555,#6557,#6558,#6559));
#6561=FACE_OUTER_BOUND('',#6560,.F.);
#6562=ADVANCED_FACE('',(#6561),#6554,.T.);
#6563=FILL_AREA_STYLE_COLOUR('',#115);
#6564=FILL_AREA_STYLE('',(#6563));
#6565=SURFACE_STYLE_FILL_AREA(#6564);
#6566=SURFACE_SIDE_STYLE('',(#6565));
#6567=SURFACE_STYLE_USAGE(.BOTH.,#6566);
#6568=PRESENTATION_STYLE_ASSIGNMENT((#6567));
#6569=STYLED_ITEM('',(#6568),#6562);
#6570=CARTESIAN_POINT('',(2.11332E1,-4.152186514480E1,-1.016E0));
#6571=DIRECTION('',(1.E0,0.E0,0.E0));
#6572=DIRECTION('',(0.E0,1.E0,0.E0));
#6573=AXIS2_PLACEMENT_3D('',#6570,#6571,#6572);
#6574=PLANE('',#6573);
#6575=ORIENTED_EDGE('',*,*,#6418,.T.);
#6576=ORIENTED_EDGE('',*,*,#6470,.F.);
#6577=ORIENTED_EDGE('',*,*,#6556,.T.);
#6578=ORIENTED_EDGE('',*,*,#6312,.F.);
#6580=ORIENTED_EDGE('',*,*,#6579,.T.);
#6581=ORIENTED_EDGE('',*,*,#6512,.F.);
#6582=EDGE_LOOP('',(#6575,#6576,#6577,#6578,#6580,#6581));
#6583=FACE_OUTER_BOUND('',#6582,.F.);
#6584=ADVANCED_FACE('',(#6583),#6574,.F.);
#6585=FILL_AREA_STYLE_COLOUR('',#115);
#6586=FILL_AREA_STYLE('',(#6585));
#6587=SURFACE_STYLE_FILL_AREA(#6586);
#6588=SURFACE_SIDE_STYLE('',(#6587));
#6589=SURFACE_STYLE_USAGE(.BOTH.,#6588);
#6590=PRESENTATION_STYLE_ASSIGNMENT((#6589));
#6591=STYLED_ITEM('',(#6590),#6584);
#6592=CARTESIAN_POINT('',(2.162947017315E1,-4.141332982685E1,-1.016E0));
#6593=DIRECTION('',(0.E0,0.E0,1.E0));
#6594=DIRECTION('',(-1.E0,0.E0,0.E0));
#6595=AXIS2_PLACEMENT_3D('',#6592,#6593,#6594);
#6596=CYLINDRICAL_SURFACE('',#6595,5.08E-1);
#6597=ORIENTED_EDGE('',*,*,#6310,.T.);
#6599=ORIENTED_EDGE('',*,*,#6598,.F.);
#6600=ORIENTED_EDGE('',*,*,#6514,.T.);
#6601=ORIENTED_EDGE('',*,*,#6579,.F.);
#6602=EDGE_LOOP('',(#6597,#6599,#6600,#6601));
#6603=FACE_OUTER_BOUND('',#6602,.F.);
#6604=ADVANCED_FACE('',(#6603),#6596,.T.);
#6605=FILL_AREA_STYLE_COLOUR('',#115);
#6606=FILL_AREA_STYLE('',(#6605));
#6607=SURFACE_STYLE_FILL_AREA(#6606);
#6608=SURFACE_SIDE_STYLE('',(#6607));
#6609=SURFACE_STYLE_USAGE(.BOTH.,#6608);
#6610=PRESENTATION_STYLE_ASSIGNMENT((#6609));
#6611=STYLED_ITEM('',(#6610),#6604);
#6612=CARTESIAN_POINT('',(3.014266514480E1,-4.19096E1,-1.016E0));
#6613=DIRECTION('',(0.E0,1.E0,0.E0));
#6614=DIRECTION('',(-1.E0,0.E0,0.E0));
#6615=AXIS2_PLACEMENT_3D('',#6612,#6613,#6614);
#6616=PLANE('',#6615);
#6617=ORIENTED_EDGE('',*,*,#6395,.T.);
#6618=ORIENTED_EDGE('',*,*,#6516,.F.);
#6619=ORIENTED_EDGE('',*,*,#6598,.T.);
#6620=ORIENTED_EDGE('',*,*,#6308,.F.);
#6622=ORIENTED_EDGE('',*,*,#6621,.T.);
#6623=ORIENTED_EDGE('',*,*,#6489,.F.);
#6624=EDGE_LOOP('',(#6617,#6618,#6619,#6620,#6622,#6623));
#6625=FACE_OUTER_BOUND('',#6624,.F.);
#6626=ADVANCED_FACE('',(#6625),#6616,.F.);
#6627=FILL_AREA_STYLE_COLOUR('',#115);
#6628=FILL_AREA_STYLE('',(#6627));
#6629=SURFACE_STYLE_FILL_AREA(#6628);
#6630=SURFACE_SIDE_STYLE('',(#6629));
#6631=SURFACE_STYLE_USAGE(.BOTH.,#6630);
#6632=PRESENTATION_STYLE_ASSIGNMENT((#6631));
#6633=STYLED_ITEM('',(#6632),#6626);
#6634=CARTESIAN_POINT('',(3.003412982685E1,-4.141332982685E1,-1.016E0));
#6635=DIRECTION('',(0.E0,0.E0,1.E0));
#6636=DIRECTION('',(-1.E0,0.E0,0.E0));
#6637=AXIS2_PLACEMENT_3D('',#6634,#6635,#6636);
#6638=CYLINDRICAL_SURFACE('',#6637,5.08E-1);
#6639=ORIENTED_EDGE('',*,*,#6306,.T.);
#6641=ORIENTED_EDGE('',*,*,#6640,.F.);
#6642=ORIENTED_EDGE('',*,*,#6491,.T.);
#6643=ORIENTED_EDGE('',*,*,#6621,.F.);
#6644=EDGE_LOOP('',(#6639,#6641,#6642,#6643));
#6645=FACE_OUTER_BOUND('',#6644,.F.);
#6646=ADVANCED_FACE('',(#6645),#6638,.T.);
#6647=FILL_AREA_STYLE_COLOUR('',#115);
#6648=FILL_AREA_STYLE('',(#6647));
#6649=SURFACE_STYLE_FILL_AREA(#6648);
#6650=SURFACE_SIDE_STYLE('',(#6649));
#6651=SURFACE_STYLE_USAGE(.BOTH.,#6650);
#6652=PRESENTATION_STYLE_ASSIGNMENT((#6651));
#6653=STYLED_ITEM('',(#6652),#6646);
#6654=CARTESIAN_POINT('',(3.05304E1,-3.531313485520E1,-1.016E0));
#6655=DIRECTION('',(-1.E0,0.E0,0.E0));
#6656=DIRECTION('',(0.E0,-1.E0,0.E0));
#6657=AXIS2_PLACEMENT_3D('',#6654,#6655,#6656);
#6658=PLANE('',#6657);
#6659=ORIENTED_EDGE('',*,*,#6372,.T.);
#6660=ORIENTED_EDGE('',*,*,#6493,.F.);
#6661=ORIENTED_EDGE('',*,*,#6640,.T.);
#6662=ORIENTED_EDGE('',*,*,#6304,.F.);
#6664=ORIENTED_EDGE('',*,*,#6663,.T.);
#6665=ORIENTED_EDGE('',*,*,#6535,.F.);
#6666=EDGE_LOOP('',(#6659,#6660,#6661,#6662,#6664,#6665));
#6667=FACE_OUTER_BOUND('',#6666,.F.);
#6668=ADVANCED_FACE('',(#6667),#6658,.F.);
#6669=FILL_AREA_STYLE_COLOUR('',#115);
#6670=FILL_AREA_STYLE('',(#6669));
#6671=SURFACE_STYLE_FILL_AREA(#6670);
#6672=SURFACE_SIDE_STYLE('',(#6671));
#6673=SURFACE_STYLE_USAGE(.BOTH.,#6672);
#6674=PRESENTATION_STYLE_ASSIGNMENT((#6673));
#6675=STYLED_ITEM('',(#6674),#6668);
#6676=CARTESIAN_POINT('',(3.003412982685E1,-3.542167017315E1,-1.016E0));
#6677=DIRECTION('',(0.E0,0.E0,1.E0));
#6678=DIRECTION('',(-1.E0,0.E0,0.E0));
#6679=AXIS2_PLACEMENT_3D('',#6676,#6677,#6678);
#6680=CYLINDRICAL_SURFACE('',#6679,5.08E-1);
#6681=ORIENTED_EDGE('',*,*,#6302,.T.);
#6682=ORIENTED_EDGE('',*,*,#6328,.F.);
#6683=ORIENTED_EDGE('',*,*,#6537,.T.);
#6684=ORIENTED_EDGE('',*,*,#6663,.F.);
#6685=EDGE_LOOP('',(#6681,#6682,#6683,#6684));
#6686=FACE_OUTER_BOUND('',#6685,.F.);
#6687=ADVANCED_FACE('',(#6686),#6680,.T.);
#6688=FILL_AREA_STYLE_COLOUR('',#115);
#6689=FILL_AREA_STYLE('',(#6688));
#6690=SURFACE_STYLE_FILL_AREA(#6689);
#6691=SURFACE_SIDE_STYLE('',(#6690));
#6692=SURFACE_STYLE_USAGE(.BOTH.,#6691);
#6693=PRESENTATION_STYLE_ASSIGNMENT((#6692));
#6694=STYLED_ITEM('',(#6693),#6687);
#6695=CARTESIAN_POINT('',(2.953205287655E1,-4.091765287655E1,
-1.012659866902E0));
#6696=DIRECTION('',(-8.726203243945E-3,8.726203243944E-3,-9.999238504776E-1));
#6697=DIRECTION('',(9.999619230642E-1,0.E0,-8.726535498374E-3));
#6698=AXIS2_PLACEMENT_3D('',#6695,#6696,#6697);
#6699=CYLINDRICAL_SURFACE('',#6698,1.E0);
#6700=ORIENTED_EDGE('',*,*,#6487,.F.);
#6701=ORIENTED_EDGE('',*,*,#6378,.F.);
#6703=ORIENTED_EDGE('',*,*,#6702,.T.);
#6705=ORIENTED_EDGE('',*,*,#6704,.F.);
#6707=ORIENTED_EDGE('',*,*,#6706,.T.);
#6708=ORIENTED_EDGE('',*,*,#6397,.F.);
#6709=EDGE_LOOP('',(#6700,#6701,#6703,#6705,#6707,#6708));
#6710=FACE_OUTER_BOUND('',#6709,.F.);
#6711=ADVANCED_FACE('',(#6710),#6699,.T.);
#6712=FILL_AREA_STYLE_COLOUR('',#32);
#6713=FILL_AREA_STYLE('',(#6712));
#6714=SURFACE_STYLE_FILL_AREA(#6713);
#6715=SURFACE_SIDE_STYLE('',(#6714));
#6716=SURFACE_STYLE_USAGE(.BOTH.,#6715);
#6717=PRESENTATION_STYLE_ASSIGNMENT((#6716));
#6718=STYLED_ITEM('',(#6717),#6711);
#6719=CARTESIAN_POINT('',(3.05318E1,-4.310614748846E1,-1.046E0));
#6720=DIRECTION('',(9.999619230642E-1,0.E0,-8.726535498374E-3));
#6721=DIRECTION('',(0.E0,1.E0,0.E0));
#6722=AXIS2_PLACEMENT_3D('',#6719,#6720,#6721);
#6723=PLANE('',#6722);
#6725=ORIENTED_EDGE('',*,*,#6724,.F.);
#6727=ORIENTED_EDGE('',*,*,#6726,.T.);
#6728=ORIENTED_EDGE('',*,*,#6702,.F.);
#6729=ORIENTED_EDGE('',*,*,#6376,.F.);
#6730=EDGE_LOOP('',(#6725,#6727,#6728,#6729));
#6731=FACE_OUTER_BOUND('',#6730,.F.);
#6732=ADVANCED_FACE('',(#6731),#6723,.T.);
#6733=FILL_AREA_STYLE_COLOUR('',#32);
#6734=FILL_AREA_STYLE('',(#6733));
#6735=SURFACE_STYLE_FILL_AREA(#6734);
#6736=SURFACE_SIDE_STYLE('',(#6735));
#6737=SURFACE_STYLE_USAGE(.BOTH.,#6736);
#6738=PRESENTATION_STYLE_ASSIGNMENT((#6737));
#6739=STYLED_ITEM('',(#6738),#6732);
#6740=CARTESIAN_POINT('',(2.953205287655E1,-3.591714712345E1,
-1.012659866902E0));
#6741=DIRECTION('',(-8.726203243945E-3,-8.726203243944E-3,-9.999238504776E-1));
#6742=DIRECTION('',(0.E0,9.999619230642E-1,-8.726535498374E-3));
#6743=AXIS2_PLACEMENT_3D('',#6740,#6741,#6742);
#6744=CYLINDRICAL_SURFACE('',#6743,1.E0);
#6745=ORIENTED_EDGE('',*,*,#6533,.F.);
#6746=ORIENTED_EDGE('',*,*,#6355,.F.);
#6748=ORIENTED_EDGE('',*,*,#6747,.T.);
#6750=ORIENTED_EDGE('',*,*,#6749,.F.);
#6751=ORIENTED_EDGE('',*,*,#6724,.T.);
#6752=ORIENTED_EDGE('',*,*,#6374,.F.);
#6753=EDGE_LOOP('',(#6745,#6746,#6748,#6750,#6751,#6752));
#6754=FACE_OUTER_BOUND('',#6753,.F.);
#6755=ADVANCED_FACE('',(#6754),#6744,.T.);
#6756=FILL_AREA_STYLE_COLOUR('',#32);
#6757=FILL_AREA_STYLE('',(#6756));
#6758=SURFACE_STYLE_FILL_AREA(#6757);
#6759=SURFACE_SIDE_STYLE('',(#6758));
#6760=SURFACE_STYLE_USAGE(.BOTH.,#6759);
#6761=PRESENTATION_STYLE_ASSIGNMENT((#6760));
#6762=STYLED_ITEM('',(#6761),#6755);
#6763=CARTESIAN_POINT('',(3.172054748846E1,-3.49174E1,-1.046E0));
#6764=DIRECTION('',(0.E0,9.999619230642E-1,-8.726535498374E-3));
#6765=DIRECTION('',(-1.E0,0.E0,0.E0));
#6766=AXIS2_PLACEMENT_3D('',#6763,#6764,#6765);
#6767=PLANE('',#6766);
#6768=ORIENTED_EDGE('',*,*,#6448,.F.);
#6770=ORIENTED_EDGE('',*,*,#6769,.T.);
#6771=ORIENTED_EDGE('',*,*,#6747,.F.);
#6772=ORIENTED_EDGE('',*,*,#6353,.F.);
#6773=EDGE_LOOP('',(#6768,#6770,#6771,#6772));
#6774=FACE_OUTER_BOUND('',#6773,.F.);
#6775=ADVANCED_FACE('',(#6774),#6767,.T.);
#6776=FILL_AREA_STYLE_COLOUR('',#32);
#6777=FILL_AREA_STYLE('',(#6776));
#6778=SURFACE_STYLE_FILL_AREA(#6777);
#6779=SURFACE_SIDE_STYLE('',(#6778));
#6780=SURFACE_STYLE_USAGE(.BOTH.,#6779);
#6781=PRESENTATION_STYLE_ASSIGNMENT((#6780));
#6782=STYLED_ITEM('',(#6781),#6775);
#6783=CARTESIAN_POINT('',(2.209740018298E1,-3.533609072843E1,-3.186E0));
#6784=DIRECTION('',(1.E0,0.E0,0.E0));
#6785=DIRECTION('',(0.E0,0.E0,-1.E0));
#6786=AXIS2_PLACEMENT_3D('',#6783,#6784,#6785);
#6787=CYLINDRICAL_SURFACE('',#6786,4.E-1);
#6789=ORIENTED_EDGE('',*,*,#6788,.F.);
#6791=ORIENTED_EDGE('',*,*,#6790,.T.);
#6793=ORIENTED_EDGE('',*,*,#6792,.T.);
#6795=ORIENTED_EDGE('',*,*,#6794,.F.);
#6797=ORIENTED_EDGE('',*,*,#6796,.F.);
#6798=ORIENTED_EDGE('',*,*,#6769,.F.);
#6800=ORIENTED_EDGE('',*,*,#6799,.F.);
#6801=EDGE_LOOP('',(#6789,#6791,#6793,#6795,#6797,#6798,#6800));
#6802=FACE_OUTER_BOUND('',#6801,.F.);
#6803=ADVANCED_FACE('',(#6802),#6787,.T.);
#6804=FILL_AREA_STYLE_COLOUR('',#32);
#6805=FILL_AREA_STYLE('',(#6804));
#6806=SURFACE_STYLE_FILL_AREA(#6805);
#6807=SURFACE_SIDE_STYLE('',(#6806));
#6808=SURFACE_STYLE_USAGE(.BOTH.,#6807);
#6809=PRESENTATION_STYLE_ASSIGNMENT((#6808));
#6810=STYLED_ITEM('',(#6809),#6803);
#6811=CARTESIAN_POINT('',(2.58318E1,-3.84174E1,-3.586E0));
#6812=DIRECTION('',(0.E0,0.E0,1.E0));
#6813=DIRECTION('',(-1.E0,0.E0,0.E0));
#6814=AXIS2_PLACEMENT_3D('',#6811,#6812,#6813);
#6815=PLANE('',#6814);
#6817=ORIENTED_EDGE('',*,*,#6816,.T.);
#6819=ORIENTED_EDGE('',*,*,#6818,.F.);
#6820=ORIENTED_EDGE('',*,*,#6788,.T.);
#6822=ORIENTED_EDGE('',*,*,#6821,.F.);
#6824=ORIENTED_EDGE('',*,*,#6823,.T.);
#6826=ORIENTED_EDGE('',*,*,#6825,.T.);
#6827=EDGE_LOOP('',(#6817,#6819,#6820,#6822,#6824,#6826));
#6828=FACE_OUTER_BOUND('',#6827,.F.);
#6829=ADVANCED_FACE('',(#6828),#6815,.F.);
#6830=FILL_AREA_STYLE_COLOUR('',#32);
#6831=FILL_AREA_STYLE('',(#6830));
#6832=SURFACE_STYLE_FILL_AREA(#6831);
#6833=SURFACE_SIDE_STYLE('',(#6832));
#6834=SURFACE_STYLE_USAGE(.BOTH.,#6833);
#6835=PRESENTATION_STYLE_ASSIGNMENT((#6834));
#6836=STYLED_ITEM('',(#6835),#6829);
#6837=CARTESIAN_POINT('',(2.956619981702E1,-4.149870927157E1,-3.186E0));
#6838=DIRECTION('',(-1.E0,0.E0,0.E0));
#6839=DIRECTION('',(0.E0,0.E0,-1.E0));
#6840=AXIS2_PLACEMENT_3D('',#6837,#6838,#6839);
#6841=CYLINDRICAL_SURFACE('',#6840,4.E-1);
#6843=ORIENTED_EDGE('',*,*,#6842,.F.);
#6845=ORIENTED_EDGE('',*,*,#6844,.T.);
#6847=ORIENTED_EDGE('',*,*,#6846,.F.);
#6848=ORIENTED_EDGE('',*,*,#6816,.F.);
#6850=ORIENTED_EDGE('',*,*,#6849,.T.);
#6852=ORIENTED_EDGE('',*,*,#6851,.F.);
#6854=ORIENTED_EDGE('',*,*,#6853,.T.);
#6855=EDGE_LOOP('',(#6843,#6845,#6847,#6848,#6850,#6852,#6854));
#6856=FACE_OUTER_BOUND('',#6855,.F.);
#6857=ADVANCED_FACE('',(#6856),#6841,.T.);
#6858=FILL_AREA_STYLE_COLOUR('',#32);
#6859=FILL_AREA_STYLE('',(#6858));
#6860=SURFACE_STYLE_FILL_AREA(#6859);
#6861=SURFACE_SIDE_STYLE('',(#6860));
#6862=SURFACE_STYLE_USAGE(.BOTH.,#6861);
#6863=PRESENTATION_STYLE_ASSIGNMENT((#6862));
#6864=STYLED_ITEM('',(#6863),#6857);
#6865=CARTESIAN_POINT('',(2.58318E1,-3.84174E1,-3.586E0));
#6866=DIRECTION('',(0.E0,0.E0,1.E0));
#6867=DIRECTION('',(-1.E0,0.E0,0.E0));
#6868=AXIS2_PLACEMENT_3D('',#6865,#6866,#6867);
#6869=PLANE('',#6868);
#6870=ORIENTED_EDGE('',*,*,#6794,.T.);
#6872=ORIENTED_EDGE('',*,*,#6871,.F.);
#6873=ORIENTED_EDGE('',*,*,#6842,.T.);
#6875=ORIENTED_EDGE('',*,*,#6874,.T.);
#6877=ORIENTED_EDGE('',*,*,#6876,.T.);
#6879=ORIENTED_EDGE('',*,*,#6878,.T.);
#6880=EDGE_LOOP('',(#6870,#6872,#6873,#6875,#6877,#6879));
#6881=FACE_OUTER_BOUND('',#6880,.F.);
#6883=ORIENTED_EDGE('',*,*,#6882,.F.);
#6885=ORIENTED_EDGE('',*,*,#6884,.F.);
#6886=EDGE_LOOP('',(#6883,#6885));
#6887=FACE_BOUND('',#6886,.F.);
#6888=ADVANCED_FACE('',(#6881,#6887),#6869,.F.);
#6889=FILL_AREA_STYLE_COLOUR('',#32);
#6890=FILL_AREA_STYLE('',(#6889));
#6891=SURFACE_STYLE_FILL_AREA(#6890);
#6892=SURFACE_SIDE_STYLE('',(#6891));
#6893=SURFACE_STYLE_USAGE(.BOTH.,#6892);
#6894=PRESENTATION_STYLE_ASSIGNMENT((#6893));
#6895=STYLED_ITEM('',(#6894),#6888);
#6896=CARTESIAN_POINT('',(2.990169651752E1,-4.089525468760E1,
-3.577663626383E0));
#6897=CARTESIAN_POINT('',(2.989496946483E1,-4.089572037783E1,
-3.693093866384E0));
#6898=CARTESIAN_POINT('',(2.980942290118E1,-4.090164246599E1,
-3.770658837422E0));
#6899=CARTESIAN_POINT('',(2.969417277414E1,-4.090962082751E1,
-3.765825166230E0));
#6900=CARTESIAN_POINT('',(2.991539137788E1,-4.109308157114E1,
-3.577663626383E0));
#6901=CARTESIAN_POINT('',(2.990837633816E1,-4.108938719149E1,
-3.693093866384E0));
#6902=CARTESIAN_POINT('',(2.981916750194E1,-4.104240651528E1,
-3.770658837422E0));
#6903=CARTESIAN_POINT('',(2.969898348438E1,-4.097911316171E1,
-3.765825166230E0));
#6904=CARTESIAN_POINT('',(2.978010034052E1,-4.123806212246E1,
-3.577663626383E0));
#6905=CARTESIAN_POINT('',(2.977593031439E1,-4.123131896999E1,
-3.693093866384E0));
#6906=CARTESIAN_POINT('',(2.972290093841E1,-4.114556766866E1,
-3.770658837422E0));
#6907=CARTESIAN_POINT('',(2.965145864946E1,-4.103004171471E1,
-3.765825166230E0));
#6908=CARTESIAN_POINT('',(2.95818E1,-4.123806212246E1,-3.577663626383E0));
#6909=CARTESIAN_POINT('',(2.95818E1,-4.123131896999E1,-3.693093866384E0));
#6910=CARTESIAN_POINT('',(2.95818E1,-4.114556766866E1,-3.770658837422E0));
#6911=CARTESIAN_POINT('',(2.95818E1,-4.103004171471E1,-3.765825166230E0));
#6912=CARTESIAN_POINT('',(2.938349965948E1,-4.123806212246E1,
-3.577663626383E0));
#6913=CARTESIAN_POINT('',(2.938766968561E1,-4.123131896999E1,
-3.693093866384E0));
#6914=CARTESIAN_POINT('',(2.944069906159E1,-4.114556766866E1,
-3.770658837422E0));
#6915=CARTESIAN_POINT('',(2.951214135054E1,-4.103004171471E1,
-3.765825166230E0));
#6916=CARTESIAN_POINT('',(2.924820862212E1,-4.109308157114E1,
-3.577663626383E0));
#6917=CARTESIAN_POINT('',(2.925522366184E1,-4.108938719149E1,
-3.693093866384E0));
#6918=CARTESIAN_POINT('',(2.934443249806E1,-4.104240651528E1,
-3.770658837422E0));
#6919=CARTESIAN_POINT('',(2.946461651562E1,-4.097911316171E1,
-3.765825166230E0));
#6920=CARTESIAN_POINT('',(2.926190348248E1,-4.089525468760E1,
-3.577663626383E0));
#6921=CARTESIAN_POINT('',(2.926863053517E1,-4.089572037783E1,
-3.693093866384E0));
#6922=CARTESIAN_POINT('',(2.935417709882E1,-4.090164246599E1,
-3.770658837422E0));
#6923=CARTESIAN_POINT('',(2.946942722586E1,-4.090962082751E1,
-3.765825166230E0));
#6924=(BOUNDED_SURFACE()B_SPLINE_SURFACE(3,3,((#6896,#6897,#6898,#6899),(#6900,
#6901,#6902,#6903),(#6904,#6905,#6906,#6907),(#6908,#6909,#6910,#6911),(#6912,
#6913,#6914,#6915),(#6916,#6917,#6918,#6919),(#6920,#6921,#6922,#6923)),
.UNSPECIFIED.,.F.,.F.,.F.)B_SPLINE_SURFACE_WITH_KNOTS((4,3,4),(4,4),(0.E0,1.E0,
2.E0),(0.E0,1.E0),.UNSPECIFIED.)GEOMETRIC_REPRESENTATION_ITEM()RATIONAL_B_SPLINE_SURFACE(((1.388127568168E0,1.122466397044E0,1.122466397044E0,1.388127568168E0),(
1.094078818532E0,8.846929761226E-1,8.846929761226E-1,1.094078818532E0),(
1.094078818533E0,8.846929761226E-1,8.846929761226E-1,1.094078818533E0),(
1.388127568168E0,1.122466397044E0,1.122466397044E0,1.388127568168E0),(
1.094078818533E0,8.846929761226E-1,8.846929761226E-1,1.094078818533E0),(
1.094078818532E0,8.846929761226E-1,8.846929761226E-1,1.094078818532E0),(
1.388127568168E0,1.122466397044E0,1.122466397044E0,1.388127568168E0)))REPRESENTATION_ITEM('')SURFACE());
#6926=ORIENTED_EDGE('',*,*,#6925,.F.);
#6928=ORIENTED_EDGE('',*,*,#6927,.T.);
#6930=ORIENTED_EDGE('',*,*,#6929,.F.);
#6931=ORIENTED_EDGE('',*,*,#6882,.T.);
#6932=EDGE_LOOP('',(#6926,#6928,#6930,#6931));
#6933=FACE_OUTER_BOUND('',#6932,.F.);
#6934=ADVANCED_FACE('',(#6933),#6924,.T.);
#6935=FILL_AREA_STYLE_COLOUR('',#32);
#6936=FILL_AREA_STYLE('',(#6935));
#6937=SURFACE_STYLE_FILL_AREA(#6936);
#6938=SURFACE_SIDE_STYLE('',(#6937));
#6939=SURFACE_STYLE_USAGE(.BOTH.,#6938);
#6940=PRESENTATION_STYLE_ASSIGNMENT((#6939));
#6941=STYLED_ITEM('',(#6940),#6934);
#6942=CARTESIAN_POINT('',(2.926190348248E1,-4.093954531240E1,
-3.577663626383E0));
#6943=CARTESIAN_POINT('',(2.926863053517E1,-4.093907962217E1,
-3.693093866384E0));
#6944=CARTESIAN_POINT('',(2.935417709882E1,-4.093315753401E1,
-3.770658837422E0));
#6945=CARTESIAN_POINT('',(2.946942722586E1,-4.092517917249E1,
-3.765825166230E0));
#6946=CARTESIAN_POINT('',(2.924820862212E1,-4.074171842886E1,
-3.577663626383E0));
#6947=CARTESIAN_POINT('',(2.925522366184E1,-4.074541280851E1,
-3.693093866384E0));
#6948=CARTESIAN_POINT('',(2.934443249806E1,-4.079239348472E1,
-3.770658837422E0));
#6949=CARTESIAN_POINT('',(2.946461651562E1,-4.085568683829E1,
-3.765825166230E0));
#6950=CARTESIAN_POINT('',(2.938349965948E1,-4.059673787754E1,
-3.577663626383E0));
#6951=CARTESIAN_POINT('',(2.938766968561E1,-4.060348103001E1,
-3.693093866384E0));
#6952=CARTESIAN_POINT('',(2.944069906159E1,-4.068923233134E1,
-3.770658837422E0));
#6953=CARTESIAN_POINT('',(2.951214135054E1,-4.080475828529E1,
-3.765825166230E0));
#6954=CARTESIAN_POINT('',(2.95818E1,-4.059673787754E1,-3.577663626383E0));
#6955=CARTESIAN_POINT('',(2.95818E1,-4.060348103001E1,-3.693093866384E0));
#6956=CARTESIAN_POINT('',(2.95818E1,-4.068923233134E1,-3.770658837422E0));
#6957=CARTESIAN_POINT('',(2.95818E1,-4.080475828529E1,-3.765825166230E0));
#6958=CARTESIAN_POINT('',(2.978010034052E1,-4.059673787754E1,
-3.577663626383E0));
#6959=CARTESIAN_POINT('',(2.977593031438E1,-4.060348103001E1,
-3.693093866384E0));
#6960=CARTESIAN_POINT('',(2.972290093841E1,-4.068923233134E1,
-3.770658837422E0));
#6961=CARTESIAN_POINT('',(2.965145864946E1,-4.080475828529E1,
-3.765825166230E0));
#6962=CARTESIAN_POINT('',(2.991539137788E1,-4.074171842886E1,
-3.577663626383E0));
#6963=CARTESIAN_POINT('',(2.990837633816E1,-4.074541280851E1,
-3.693093866384E0));
#6964=CARTESIAN_POINT('',(2.981916750194E1,-4.079239348472E1,
-3.770658837422E0));
#6965=CARTESIAN_POINT('',(2.969898348438E1,-4.085568683829E1,
-3.765825166230E0));
#6966=CARTESIAN_POINT('',(2.990169651752E1,-4.093954531240E1,
-3.577663626383E0));
#6967=CARTESIAN_POINT('',(2.989496946483E1,-4.093907962217E1,
-3.693093866384E0));
#6968=CARTESIAN_POINT('',(2.980942290118E1,-4.093315753401E1,
-3.770658837422E0));
#6969=CARTESIAN_POINT('',(2.969417277414E1,-4.092517917249E1,
-3.765825166230E0));
#6970=(BOUNDED_SURFACE()B_SPLINE_SURFACE(3,3,((#6942,#6943,#6944,#6945),(#6946,
#6947,#6948,#6949),(#6950,#6951,#6952,#6953),(#6954,#6955,#6956,#6957),(#6958,
#6959,#6960,#6961),(#6962,#6963,#6964,#6965),(#6966,#6967,#6968,#6969)),
.UNSPECIFIED.,.F.,.F.,.F.)B_SPLINE_SURFACE_WITH_KNOTS((4,3,4),(4,4),(0.E0,1.E0,
2.E0),(0.E0,1.E0),.UNSPECIFIED.)GEOMETRIC_REPRESENTATION_ITEM()RATIONAL_B_SPLINE_SURFACE(((1.388127568168E0,1.122466397044E0,1.122466397044E0,1.388127568168E0),(
1.094078818532E0,8.846929761226E-1,8.846929761226E-1,1.094078818532E0),(
1.094078818533E0,8.846929761226E-1,8.846929761226E-1,1.094078818533E0),(
1.388127568168E0,1.122466397044E0,1.122466397044E0,1.388127568168E0),(
1.094078818533E0,8.846929761226E-1,8.846929761226E-1,1.094078818533E0),(
1.094078818532E0,8.846929761226E-1,8.846929761226E-1,1.094078818532E0),(
1.388127568168E0,1.122466397044E0,1.122466397044E0,1.388127568168E0)))REPRESENTATION_ITEM('')SURFACE());
#6971=ORIENTED_EDGE('',*,*,#6929,.T.);
#6973=ORIENTED_EDGE('',*,*,#6972,.T.);
#6974=ORIENTED_EDGE('',*,*,#6925,.T.);
#6975=ORIENTED_EDGE('',*,*,#6884,.T.);
#6976=EDGE_LOOP('',(#6971,#6973,#6974,#6975));
#6977=FACE_OUTER_BOUND('',#6976,.F.);
#6978=ADVANCED_FACE('',(#6977),#6970,.T.);
#6979=FILL_AREA_STYLE_COLOUR('',#32);
#6980=FILL_AREA_STYLE('',(#6979));
#6981=SURFACE_STYLE_FILL_AREA(#6980);
#6982=SURFACE_SIDE_STYLE('',(#6981));
#6983=SURFACE_STYLE_USAGE(.BOTH.,#6982);
#6984=PRESENTATION_STYLE_ASSIGNMENT((#6983));
#6985=STYLED_ITEM('',(#6984),#6978);
#6986=CARTESIAN_POINT('',(2.58318E1,-3.84174E1,-3.766E0));
#6987=DIRECTION('',(0.E0,0.E0,-1.E0));
#6988=DIRECTION('',(-1.E0,0.E0,0.E0));
#6989=AXIS2_PLACEMENT_3D('',#6986,#6987,#6988);
#6990=PLANE('',#6989);
#6991=ORIENTED_EDGE('',*,*,#6927,.F.);
#6992=ORIENTED_EDGE('',*,*,#6972,.F.);
#6993=EDGE_LOOP('',(#6991,#6992));
#6994=FACE_OUTER_BOUND('',#6993,.F.);
#6995=ADVANCED_FACE('',(#6994),#6990,.T.);
#6996=FILL_AREA_STYLE_COLOUR('',#32);
#6997=FILL_AREA_STYLE('',(#6996));
#6998=SURFACE_STYLE_FILL_AREA(#6997);
#6999=SURFACE_SIDE_STYLE('',(#6998));
#7000=SURFACE_STYLE_USAGE(.BOTH.,#6999);
#7001=PRESENTATION_STYLE_ASSIGNMENT((#7000));
#7002=STYLED_ITEM('',(#7001),#6995);
#7003=CARTESIAN_POINT('',(2.58318E1,-3.84174E1,-3.686E0));
#7004=DIRECTION('',(0.E0,0.E0,-1.E0));
#7005=DIRECTION('',(8.277686733813E-2,9.965681061692E-1,0.E0));
#7006=AXIS2_PLACEMENT_3D('',#7003,#7004,#7005);
#7007=TOROIDAL_SURFACE('',#7006,3.115724791240E0,1.E-1);
#7009=ORIENTED_EDGE('',*,*,#7008,.F.);
#7010=ORIENTED_EDGE('',*,*,#6871,.T.);
#7012=ORIENTED_EDGE('',*,*,#7011,.T.);
#7014=ORIENTED_EDGE('',*,*,#7013,.F.);
#7015=EDGE_LOOP('',(#7009,#7010,#7012,#7014));
#7016=FACE_OUTER_BOUND('',#7015,.F.);
#7017=ADVANCED_FACE('',(#7016),#7007,.F.);
#7018=FILL_AREA_STYLE_COLOUR('',#32);
#7019=FILL_AREA_STYLE('',(#7018));
#7020=SURFACE_STYLE_FILL_AREA(#7019);
#7021=SURFACE_SIDE_STYLE('',(#7020));
#7022=SURFACE_STYLE_USAGE(.BOTH.,#7021);
#7023=PRESENTATION_STYLE_ASSIGNMENT((#7022));
#7024=STYLED_ITEM('',(#7023),#7017);
#7025=CARTESIAN_POINT('',(2.629887247448E1,-4.150259966269E1,
-3.586108533498E0));
#7026=CARTESIAN_POINT('',(2.628229543013E1,-4.150510931796E1,
-3.586111135080E0));
#7027=CARTESIAN_POINT('',(2.619096995407E1,-4.151818624944E1,
-3.586020201330E0));
#7028=CARTESIAN_POINT('',(2.603384207870E1,-4.153362845976E1,
-3.585227631788E0));
#7029=CARTESIAN_POINT('',(2.589256676842E1,-4.153786938687E1,
-3.584917959268E0));
#7030=CARTESIAN_POINT('',(2.582715796926E1,-4.153777223138E1,
-3.584921198120E0));
#7031=CARTESIAN_POINT('',(2.628958815300E1,-4.144127821142E1,
-3.583233735917E0));
#7032=CARTESIAN_POINT('',(2.627334343624E1,-4.144373754882E1,
-3.583236338488E0));
#7033=CARTESIAN_POINT('',(2.618384634029E1,-4.145655284477E1,
-3.583145420344E0));
#7034=CARTESIAN_POINT('',(2.602984332964E1,-4.147168965653E1,
-3.582352853538E0));
#7035=CARTESIAN_POINT('',(2.589136404600E1,-4.147584722770E1,
-3.582043166315E0));
#7036=CARTESIAN_POINT('',(2.582724984559E1,-4.147575198330E1,
-3.582046404334E0));
#7037=CARTESIAN_POINT('',(2.628296422268E1,-4.139746573283E1,
-3.626730685662E0));
#7038=CARTESIAN_POINT('',(2.626692269063E1,-4.139989436237E1,
-3.626733263780E0));
#7039=CARTESIAN_POINT('',(2.617857297109E1,-4.141254381183E1,
-3.626641960166E0));
#7040=CARTESIAN_POINT('',(2.602678127121E1,-4.142744728665E1,
-3.625849325773E0));
#7041=CARTESIAN_POINT('',(2.589044362179E1,-4.143153531224E1,
-3.625540001723E0));
#7042=CARTESIAN_POINT('',(2.582732016578E1,-4.143144166042E1,
-3.625543260336E0));
#7043=CARTESIAN_POINT('',(2.628323723455E1,-4.139918389660E1,
-3.688803047812E0));
#7044=CARTESIAN_POINT('',(2.626713977338E1,-4.140162107117E1,
-3.688805591659E0));
#7045=CARTESIAN_POINT('',(2.617852250321E1,-4.141430654650E1,
-3.688713747835E0));
#7046=CARTESIAN_POINT('',(2.602661423474E1,-4.142919797628E1,
-3.687921018724E0));
#7047=CARTESIAN_POINT('',(2.589039415092E1,-4.143327474159E1,
-3.687612203637E0));
#7048=CARTESIAN_POINT('',(2.582732395671E1,-4.143318134536E1,
-3.687615491111E0));
#7049=(BOUNDED_SURFACE()B_SPLINE_SURFACE(3,3,((#7025,#7026,#7027,#7028,#7029,
#7030),(#7031,#7032,#7033,#7034,#7035,#7036),(#7037,#7038,#7039,#7040,#7041,
#7042),(#7043,#7044,#7045,#7046,#7047,#7048)),.UNSPECIFIED.,.F.,.F.,.F.)B_SPLINE_SURFACE_WITH_KNOTS((4,4),(4,1,1,4),(-3.336201904485E-2,1.032746725214E0),(
2.573297835710E-1,3.316345038481E-1,6.659553106026E-1,9.543323468575E-1),
.UNSPECIFIED.)GEOMETRIC_REPRESENTATION_ITEM()RATIONAL_B_SPLINE_SURFACE(((
1.190453722096E0,1.190453722096E0,1.190453722096E0,1.190453722096E0,
1.190453722096E0,1.190453722096E0),(9.366618993402E-1,9.366618993402E-1,
9.366618993402E-1,9.366618993402E-1,9.366618993402E-1,9.366618993402E-1),(
9.365155104548E-1,9.365155104548E-1,9.365155104548E-1,9.365155104548E-1,
9.365155104548E-1,9.365155104548E-1),(1.190014555440E0,1.190014555440E0,
1.190014555440E0,1.190014555440E0,1.190014555440E0,1.190014555440E0)))REPRESENTATION_ITEM('')SURFACE());
#7051=ORIENTED_EDGE('',*,*,#7050,.F.);
#7052=ORIENTED_EDGE('',*,*,#6844,.F.);
#7053=ORIENTED_EDGE('',*,*,#7008,.T.);
#7055=ORIENTED_EDGE('',*,*,#7054,.T.);
#7056=EDGE_LOOP('',(#7051,#7052,#7053,#7055));
#7057=FACE_OUTER_BOUND('',#7056,.F.);
#7058=ADVANCED_FACE('',(#7057),#7049,.F.);
#7059=FILL_AREA_STYLE_COLOUR('',#32);
#7060=FILL_AREA_STYLE('',(#7059));
#7061=SURFACE_STYLE_FILL_AREA(#7060);
#7062=SURFACE_SIDE_STYLE('',(#7061));
#7063=SURFACE_STYLE_USAGE(.BOTH.,#7062);
#7064=PRESENTATION_STYLE_ASSIGNMENT((#7063));
#7065=STYLED_ITEM('',(#7064),#7058);
#7066=CARTESIAN_POINT('',(2.583644206693E1,-4.153777221099E1,
-3.584920675279E0));
#7067=CARTESIAN_POINT('',(2.576867631611E1,-4.153787296133E1,
-3.584916437597E0));
#7068=CARTESIAN_POINT('',(2.562621178691E1,-4.153343385490E1,
-3.585245923516E0));
#7069=CARTESIAN_POINT('',(2.546912669736E1,-4.151772633212E1,
-3.586029774129E0));
#7070=CARTESIAN_POINT('',(2.538013583749E1,-4.150493234461E1,
-3.586110743293E0));
#7071=CARTESIAN_POINT('',(2.536472741798E1,-4.150259961221E1,
-3.586108288906E0));
#7072=CARTESIAN_POINT('',(2.583635018978E1,-4.147575202227E1,
-3.582045928413E0));
#7073=CARTESIAN_POINT('',(2.576992568639E1,-4.147585079143E1,
-3.582041691274E0));
#7074=CARTESIAN_POINT('',(2.563028071608E1,-4.147149891931E1,
-3.582371193623E0));
#7075=CARTESIAN_POINT('',(2.547632030602E1,-4.145610215495E1,
-3.583155039008E0));
#7076=CARTESIAN_POINT('',(2.538911125345E1,-4.144356418202E1,
-3.583235994097E0));
#7077=CARTESIAN_POINT('',(2.537401173323E1,-4.144127822018E1,
-3.583233538818E0));
#7078=CARTESIAN_POINT('',(2.583627987109E1,-4.143144174870E1,
-3.625542747216E0));
#7079=CARTESIAN_POINT('',(2.577088181078E1,-4.143153886298E1,
-3.625538496631E0));
#7080=CARTESIAN_POINT('',(2.563339651891E1,-4.142725995415E1,
-3.625867593154E0));
#7081=CARTESIAN_POINT('',(2.548163924402E1,-4.141209934739E1,
-3.626651567651E0));
#7082=CARTESIAN_POINT('',(2.539554631126E1,-4.139972320869E1,
-3.626732870435E0));
#7083=CARTESIAN_POINT('',(2.538063565178E1,-4.139746578993E1,
-3.626730437193E0));
#7084=CARTESIAN_POINT('',(2.583627608295E1,-4.143318139319E1,
-3.687614918177E0));
#7085=CARTESIAN_POINT('',(2.577093320322E1,-4.143327823719E1,
-3.687610648749E0));
#7086=CARTESIAN_POINT('',(2.563356649531E1,-4.142901136019E1,
-3.687939176534E0));
#7087=CARTESIAN_POINT('',(2.548168171309E1,-4.141386127565E1,
-3.688723331972E0));
#7088=CARTESIAN_POINT('',(2.539532528277E1,-4.140144927388E1,
-3.688805122026E0));
#7089=CARTESIAN_POINT('',(2.538036263734E1,-4.139918391257E1,
-3.688802719670E0));
#7090=(BOUNDED_SURFACE()B_SPLINE_SURFACE(3,3,((#7066,#7067,#7068,#7069,#7070,
#7071),(#7072,#7073,#7074,#7075,#7076,#7077),(#7078,#7079,#7080,#7081,#7082,
#7083),(#7084,#7085,#7086,#7087,#7088,#7089)),.UNSPECIFIED.,.F.,.F.,.F.)B_SPLINE_SURFACE_WITH_KNOTS((4,4),(4,1,1,4),(-3.336178502534E-2,1.032746740227E0),(
3.060374984730E-2,3.340930363921E-1,6.684526383204E-1,7.386093693342E-1),
.UNSPECIFIED.)GEOMETRIC_REPRESENTATION_ITEM()RATIONAL_B_SPLINE_SURFACE(((
1.190453285883E0,1.190453285883E0,1.190453285883E0,1.190453285883E0,
1.190453285883E0,1.190453285883E0),(9.366619851902E-1,9.366619851902E-1,
9.366619851902E-1,9.366619851902E-1,9.366619851902E-1,9.366619851902E-1),(
9.365156557907E-1,9.365156557907E-1,9.365156557907E-1,9.365156557907E-1,
9.365156557907E-1,9.365156557907E-1),(1.190014297685E0,1.190014297685E0,
1.190014297685E0,1.190014297685E0,1.190014297685E0,1.190014297685E0)))REPRESENTATION_ITEM('')SURFACE());
#7092=ORIENTED_EDGE('',*,*,#7091,.F.);
#7093=ORIENTED_EDGE('',*,*,#6846,.T.);
#7094=ORIENTED_EDGE('',*,*,#7050,.T.);
#7096=ORIENTED_EDGE('',*,*,#7095,.T.);
#7097=EDGE_LOOP('',(#7092,#7093,#7094,#7096));
#7098=FACE_OUTER_BOUND('',#7097,.F.);
#7099=ADVANCED_FACE('',(#7098),#7090,.F.);
#7100=FILL_AREA_STYLE_COLOUR('',#32);
#7101=FILL_AREA_STYLE('',(#7100));
#7102=SURFACE_STYLE_FILL_AREA(#7101);
#7103=SURFACE_SIDE_STYLE('',(#7102));
#7104=SURFACE_STYLE_USAGE(.BOTH.,#7103);
#7105=PRESENTATION_STYLE_ASSIGNMENT((#7104));
#7106=STYLED_ITEM('',(#7105),#7099);
#7107=CARTESIAN_POINT('',(2.58318E1,-3.84174E1,-3.686E0));
#7108=DIRECTION('',(0.E0,0.E0,-1.E0));
#7109=DIRECTION('',(-7.925118278328E-2,-9.968546784900E-1,0.E0));
#7110=AXIS2_PLACEMENT_3D('',#7107,#7108,#7109);
#7111=TOROIDAL_SURFACE('',#7110,3.115724791240E0,1.E-1);
#7113=ORIENTED_EDGE('',*,*,#7112,.T.);
#7114=ORIENTED_EDGE('',*,*,#6818,.T.);
#7115=ORIENTED_EDGE('',*,*,#7091,.T.);
#7117=ORIENTED_EDGE('',*,*,#7116,.F.);
#7118=EDGE_LOOP('',(#7113,#7114,#7115,#7117));
#7119=FACE_OUTER_BOUND('',#7118,.F.);
#7120=ADVANCED_FACE('',(#7119),#7111,.F.);
#7121=FILL_AREA_STYLE_COLOUR('',#32);
#7122=FILL_AREA_STYLE('',(#7121));
#7123=SURFACE_STYLE_FILL_AREA(#7122);
#7124=SURFACE_SIDE_STYLE('',(#7123));
#7125=SURFACE_STYLE_USAGE(.BOTH.,#7124);
#7126=PRESENTATION_STYLE_ASSIGNMENT((#7125));
#7127=STYLED_ITEM('',(#7126),#7120);
#7128=CARTESIAN_POINT('',(2.536472752552E1,-3.533220033731E1,
-3.586108533498E0));
#7129=CARTESIAN_POINT('',(2.538130456987E1,-3.532969068204E1,
-3.586111135080E0));
#7130=CARTESIAN_POINT('',(2.547263004593E1,-3.531661375056E1,
-3.586020201330E0));
#7131=CARTESIAN_POINT('',(2.562975792130E1,-3.530117154024E1,
-3.585227631788E0));
#7132=CARTESIAN_POINT('',(2.577103323158E1,-3.529693061313E1,
-3.584917959268E0));
#7133=CARTESIAN_POINT('',(2.583644203074E1,-3.529702776862E1,
-3.584921198120E0));
#7134=CARTESIAN_POINT('',(2.537401184700E1,-3.539352178858E1,
-3.583233735917E0));
#7135=CARTESIAN_POINT('',(2.539025656376E1,-3.539106245118E1,
-3.583236338488E0));
#7136=CARTESIAN_POINT('',(2.547975365971E1,-3.537824715523E1,
-3.583145420344E0));
#7137=CARTESIAN_POINT('',(2.563375667036E1,-3.536311034347E1,
-3.582352853538E0));
#7138=CARTESIAN_POINT('',(2.577223595400E1,-3.535895277230E1,
-3.582043166315E0));
#7139=CARTESIAN_POINT('',(2.583635015441E1,-3.535904801670E1,
-3.582046404334E0));
#7140=CARTESIAN_POINT('',(2.538063577732E1,-3.543733426717E1,
-3.626730685662E0));
#7141=CARTESIAN_POINT('',(2.539667730937E1,-3.543490563763E1,
-3.626733263780E0));
#7142=CARTESIAN_POINT('',(2.548502702891E1,-3.542225618817E1,
-3.626641960166E0));
#7143=CARTESIAN_POINT('',(2.563681872879E1,-3.540735271335E1,
-3.625849325773E0));
#7144=CARTESIAN_POINT('',(2.577315637821E1,-3.540326468776E1,
-3.625540001723E0));
#7145=CARTESIAN_POINT('',(2.583627983422E1,-3.540335833958E1,
-3.625543260336E0));
#7146=CARTESIAN_POINT('',(2.538036276545E1,-3.543561610340E1,
-3.688803047812E0));
#7147=CARTESIAN_POINT('',(2.539646022662E1,-3.543317892883E1,
-3.688805591659E0));
#7148=CARTESIAN_POINT('',(2.548507749679E1,-3.542049345350E1,
-3.688713747835E0));
#7149=CARTESIAN_POINT('',(2.563698576526E1,-3.540560202372E1,
-3.687921018724E0));
#7150=CARTESIAN_POINT('',(2.577320584908E1,-3.540152525841E1,
-3.687612203637E0));
#7151=CARTESIAN_POINT('',(2.583627604329E1,-3.540161865464E1,
-3.687615491111E0));
#7152=(BOUNDED_SURFACE()B_SPLINE_SURFACE(3,3,((#7128,#7129,#7130,#7131,#7132,
#7133),(#7134,#7135,#7136,#7137,#7138,#7139),(#7140,#7141,#7142,#7143,#7144,
#7145),(#7146,#7147,#7148,#7149,#7150,#7151)),.UNSPECIFIED.,.F.,.F.,.F.)B_SPLINE_SURFACE_WITH_KNOTS((4,4),(4,1,1,4),(-3.336201904482E-2,1.032746725214E0),(
2.573297835710E-1,3.316345038482E-1,6.659553106026E-1,9.543323468574E-1),
.UNSPECIFIED.)GEOMETRIC_REPRESENTATION_ITEM()RATIONAL_B_SPLINE_SURFACE(((
1.190453722096E0,1.190453722096E0,1.190453722096E0,1.190453722096E0,
1.190453722096E0,1.190453722096E0),(9.366618993402E-1,9.366618993402E-1,
9.366618993402E-1,9.366618993402E-1,9.366618993402E-1,9.366618993402E-1),(
9.365155104548E-1,9.365155104548E-1,9.365155104548E-1,9.365155104548E-1,
9.365155104548E-1,9.365155104548E-1),(1.190014555440E0,1.190014555440E0,
1.190014555440E0,1.190014555440E0,1.190014555440E0,1.190014555440E0)))REPRESENTATION_ITEM('')SURFACE());
#7154=ORIENTED_EDGE('',*,*,#7153,.T.);
#7155=ORIENTED_EDGE('',*,*,#6790,.F.);
#7156=ORIENTED_EDGE('',*,*,#7112,.F.);
#7158=ORIENTED_EDGE('',*,*,#7157,.T.);
#7159=EDGE_LOOP('',(#7154,#7155,#7156,#7158));
#7160=FACE_OUTER_BOUND('',#7159,.F.);
#7161=ADVANCED_FACE('',(#7160),#7152,.F.);
#7162=FILL_AREA_STYLE_COLOUR('',#32);
#7163=FILL_AREA_STYLE('',(#7162));
#7164=SURFACE_STYLE_FILL_AREA(#7163);
#7165=SURFACE_SIDE_STYLE('',(#7164));
#7166=SURFACE_STYLE_USAGE(.BOTH.,#7165);
#7167=PRESENTATION_STYLE_ASSIGNMENT((#7166));
#7168=STYLED_ITEM('',(#7167),#7161);
#7169=CARTESIAN_POINT('',(2.582715793307E1,-3.529702778901E1,
-3.584920675279E0));
#7170=CARTESIAN_POINT('',(2.589492368389E1,-3.529692703867E1,
-3.584916437596E0));
#7171=CARTESIAN_POINT('',(2.603738821309E1,-3.530136614511E1,
-3.585245923516E0));
#7172=CARTESIAN_POINT('',(2.619447330264E1,-3.531707366789E1,
-3.586029774128E0));
#7173=CARTESIAN_POINT('',(2.628346416251E1,-3.532986765539E1,
-3.586110743293E0));
#7174=CARTESIAN_POINT('',(2.629887258202E1,-3.533220038779E1,
-3.586108288906E0));
#7175=CARTESIAN_POINT('',(2.582724981022E1,-3.535904797758E1,
-3.582045928423E0));
#7176=CARTESIAN_POINT('',(2.589367431361E1,-3.535894920842E1,
-3.582041691285E0));
#7177=CARTESIAN_POINT('',(2.603331928393E1,-3.536330108054E1,
-3.582371193633E0));
#7178=CARTESIAN_POINT('',(2.618727969400E1,-3.537869784490E1,
-3.583155039019E0));
#7179=CARTESIAN_POINT('',(2.627448874657E1,-3.539123581783E1,
-3.583235994108E0));
#7180=CARTESIAN_POINT('',(2.628958826680E1,-3.539352177967E1,
-3.583233538828E0));
#7181=CARTESIAN_POINT('',(2.582732012891E1,-3.540335825112E1,
-3.625542747046E0));
#7182=CARTESIAN_POINT('',(2.589271818922E1,-3.540326113684E1,
-3.625538496462E0));
#7183=CARTESIAN_POINT('',(2.603020348111E1,-3.540754004568E1,
-3.625867592985E0));
#7184=CARTESIAN_POINT('',(2.618196075600E1,-3.542270065243E1,
-3.626651567481E0));
#7185=CARTESIAN_POINT('',(2.626805368877E1,-3.543507679113E1,
-3.626732870265E0));
#7186=CARTESIAN_POINT('',(2.628296434825E1,-3.543733420990E1,
-3.626730437024E0));
#7187=CARTESIAN_POINT('',(2.582732391705E1,-3.540161860682E1,
-3.687614917887E0));
#7188=CARTESIAN_POINT('',(2.589266679678E1,-3.540152176282E1,
-3.687610648458E0));
#7189=CARTESIAN_POINT('',(2.603003350469E1,-3.540578863982E1,
-3.687939176244E0));
#7190=CARTESIAN_POINT('',(2.618191828691E1,-3.542093872436E1,
-3.688723331681E0));
#7191=CARTESIAN_POINT('',(2.626827471723E1,-3.543335072613E1,
-3.688805121736E0));
#7192=CARTESIAN_POINT('',(2.628323736266E1,-3.543561608744E1,
-3.688802719379E0));
#7193=(BOUNDED_SURFACE()B_SPLINE_SURFACE(3,3,((#7169,#7170,#7171,#7172,#7173,
#7174),(#7175,#7176,#7177,#7178,#7179,#7180),(#7181,#7182,#7183,#7184,#7185,
#7186),(#7187,#7188,#7189,#7190,#7191,#7192)),.UNSPECIFIED.,.F.,.F.,.F.)B_SPLINE_SURFACE_WITH_KNOTS((4,4),(4,1,1,4),(-3.336178498589E-2,1.032746738115E0),(
3.060374984730E-2,3.340930363920E-1,6.684526383203E-1,7.386093693346E-1),
.UNSPECIFIED.)GEOMETRIC_REPRESENTATION_ITEM()RATIONAL_B_SPLINE_SURFACE(((
1.190453285855E0,1.190453285855E0,1.190453285855E0,1.190453285855E0,
1.190453285855E0,1.190453285855E0),(9.366619856930E-1,9.366619856930E-1,
9.366619856930E-1,9.366619856930E-1,9.366619856930E-1,9.366619856930E-1),(
9.365156558006E-1,9.365156558006E-1,9.365156558006E-1,9.365156558006E-1,
9.365156558006E-1,9.365156558006E-1),(1.190014296178E0,1.190014296178E0,
1.190014296178E0,1.190014296178E0,1.190014296178E0,1.190014296178E0)))REPRESENTATION_ITEM('')SURFACE());
#7194=ORIENTED_EDGE('',*,*,#7011,.F.);
#7195=ORIENTED_EDGE('',*,*,#6792,.F.);
#7196=ORIENTED_EDGE('',*,*,#7153,.F.);
#7198=ORIENTED_EDGE('',*,*,#7197,.F.);
#7199=EDGE_LOOP('',(#7194,#7195,#7196,#7198));
#7200=FACE_OUTER_BOUND('',#7199,.F.);
#7201=ADVANCED_FACE('',(#7200),#7193,.F.);
#7202=FILL_AREA_STYLE_COLOUR('',#32);
#7203=FILL_AREA_STYLE('',(#7202));
#7204=SURFACE_STYLE_FILL_AREA(#7203);
#7205=SURFACE_SIDE_STYLE('',(#7204));
#7206=SURFACE_STYLE_USAGE(.BOTH.,#7205);
#7207=PRESENTATION_STYLE_ASSIGNMENT((#7206));
#7208=STYLED_ITEM('',(#7207),#7201);
#7209=CARTESIAN_POINT('',(2.58318E1,-3.84174E1,-3.888896849300E0));
#7210=DIRECTION('',(0.E0,0.E0,1.E0));
#7211=DIRECTION('',(0.E0,-1.E0,0.E0));
#7212=AXIS2_PLACEMENT_3D('',#7209,#7210,#7211);
#7213=CONICAL_SURFACE('',#7212,3.012167980757E0,1.000000000001E0);
#7215=ORIENTED_EDGE('',*,*,#7214,.F.);
#7217=ORIENTED_EDGE('',*,*,#7216,.T.);
#7219=ORIENTED_EDGE('',*,*,#7218,.T.);
#7221=ORIENTED_EDGE('',*,*,#7220,.F.);
#7222=ORIENTED_EDGE('',*,*,#7054,.F.);
#7223=ORIENTED_EDGE('',*,*,#7013,.T.);
#7224=ORIENTED_EDGE('',*,*,#7197,.T.);
#7225=EDGE_LOOP('',(#7215,#7217,#7219,#7221,#7222,#7223,#7224));
#7226=FACE_OUTER_BOUND('',#7225,.F.);
#7227=ADVANCED_FACE('',(#7226),#7213,.T.);
#7228=FILL_AREA_STYLE_COLOUR('',#32);
#7229=FILL_AREA_STYLE('',(#7228));
#7230=SURFACE_STYLE_FILL_AREA(#7229);
#7231=SURFACE_SIDE_STYLE('',(#7230));
#7232=SURFACE_STYLE_USAGE(.BOTH.,#7231);
#7233=PRESENTATION_STYLE_ASSIGNMENT((#7232));
#7234=STYLED_ITEM('',(#7233),#7227);
#7235=CARTESIAN_POINT('',(2.58318E1,-3.84174E1,-3.888896849300E0));
#7236=DIRECTION('',(0.E0,0.E0,1.E0));
#7237=DIRECTION('',(0.E0,-1.E0,0.E0));
#7238=AXIS2_PLACEMENT_3D('',#7235,#7236,#7237);
#7239=CONICAL_SURFACE('',#7238,3.012167980757E0,1.000000000001E0);
#7240=ORIENTED_EDGE('',*,*,#7220,.T.);
#7242=ORIENTED_EDGE('',*,*,#7241,.T.);
#7244=ORIENTED_EDGE('',*,*,#7243,.T.);
#7245=ORIENTED_EDGE('',*,*,#7214,.T.);
#7246=ORIENTED_EDGE('',*,*,#7157,.F.);
#7247=ORIENTED_EDGE('',*,*,#7116,.T.);
#7248=ORIENTED_EDGE('',*,*,#7095,.F.);
#7249=EDGE_LOOP('',(#7240,#7242,#7244,#7245,#7246,#7247,#7248));
#7250=FACE_OUTER_BOUND('',#7249,.F.);
#7251=ADVANCED_FACE('',(#7250),#7239,.T.);
#7252=FILL_AREA_STYLE_COLOUR('',#32);
#7253=FILL_AREA_STYLE('',(#7252));
#7254=SURFACE_STYLE_FILL_AREA(#7253);
#7255=SURFACE_SIDE_STYLE('',(#7254));
#7256=SURFACE_STYLE_USAGE(.BOTH.,#7255);
#7257=PRESENTATION_STYLE_ASSIGNMENT((#7256));
#7258=STYLED_ITEM('',(#7257),#7251);
#7259=CARTESIAN_POINT('',(2.58318E1,-3.84174E1,-4.086E0));
#7260=DIRECTION('',(0.E0,0.E0,-1.E0));
#7261=DIRECTION('',(8.041770387807E-3,-9.999676644417E-1,0.E0));
#7262=AXIS2_PLACEMENT_3D('',#7259,#7260,#7261);
#7263=TOROIDAL_SURFACE('',#7262,2.508651368442E0,5.E-1);
#7265=ORIENTED_EDGE('',*,*,#7264,.T.);
#7267=ORIENTED_EDGE('',*,*,#7266,.T.);
#7269=ORIENTED_EDGE('',*,*,#7268,.T.);
#7270=ORIENTED_EDGE('',*,*,#7243,.F.);
#7271=ORIENTED_EDGE('',*,*,#7241,.F.);
#7272=EDGE_LOOP('',(#7265,#7267,#7269,#7270,#7271));
#7273=FACE_OUTER_BOUND('',#7272,.F.);
#7274=ADVANCED_FACE('',(#7273),#7263,.T.);
#7275=FILL_AREA_STYLE_COLOUR('',#32);
#7276=FILL_AREA_STYLE('',(#7275));
#7277=SURFACE_STYLE_FILL_AREA(#7276);
#7278=SURFACE_SIDE_STYLE('',(#7277));
#7279=SURFACE_STYLE_USAGE(.BOTH.,#7278);
#7280=PRESENTATION_STYLE_ASSIGNMENT((#7279));
#7281=STYLED_ITEM('',(#7280),#7274);
#7282=CARTESIAN_POINT('',(2.58318E1,-3.84174E1,-4.086E0));
#7283=DIRECTION('',(0.E0,0.E0,-1.E0));
#7284=DIRECTION('',(-8.041770387808E-3,9.999676644417E-1,0.E0));
#7285=AXIS2_PLACEMENT_3D('',#7282,#7283,#7284);
#7286=TOROIDAL_SURFACE('',#7285,2.508651368442E0,5.E-1);
#7287=ORIENTED_EDGE('',*,*,#7268,.F.);
#7289=ORIENTED_EDGE('',*,*,#7288,.T.);
#7290=ORIENTED_EDGE('',*,*,#7264,.F.);
#7291=ORIENTED_EDGE('',*,*,#7218,.F.);
#7292=ORIENTED_EDGE('',*,*,#7216,.F.);
#7293=EDGE_LOOP('',(#7287,#7289,#7290,#7291,#7292));
#7294=FACE_OUTER_BOUND('',#7293,.F.);
#7295=ADVANCED_FACE('',(#7294),#7286,.T.);
#7296=FILL_AREA_STYLE_COLOUR('',#32);
#7297=FILL_AREA_STYLE('',(#7296));
#7298=SURFACE_STYLE_FILL_AREA(#7297);
#7299=SURFACE_SIDE_STYLE('',(#7298));
#7300=SURFACE_STYLE_USAGE(.BOTH.,#7299);
#7301=PRESENTATION_STYLE_ASSIGNMENT((#7300));
#7302=STYLED_ITEM('',(#7301),#7295);
#7303=CARTESIAN_POINT('',(2.58318E1,-3.84174E1,-4.586E0));
#7304=DIRECTION('',(0.E0,0.E0,-1.E0));
#7305=DIRECTION('',(0.E0,1.E0,0.E0));
#7306=AXIS2_PLACEMENT_3D('',#7303,#7304,#7305);
#7307=PLANE('',#7306);
#7308=ORIENTED_EDGE('',*,*,#7266,.F.);
#7309=ORIENTED_EDGE('',*,*,#7288,.F.);
#7310=EDGE_LOOP('',(#7308,#7309));
#7311=FACE_OUTER_BOUND('',#7310,.F.);
#7313=ORIENTED_EDGE('',*,*,#7312,.F.);
#7315=ORIENTED_EDGE('',*,*,#7314,.T.);
#7317=ORIENTED_EDGE('',*,*,#7316,.F.);
#7319=ORIENTED_EDGE('',*,*,#7318,.T.);
#7320=EDGE_LOOP('',(#7313,#7315,#7317,#7319));
#7321=FACE_BOUND('',#7320,.F.);
#7322=ADVANCED_FACE('',(#7311,#7321),#7307,.T.);
#7323=FILL_AREA_STYLE_COLOUR('',#32);
#7324=FILL_AREA_STYLE('',(#7323));
#7325=SURFACE_STYLE_FILL_AREA(#7324);
#7326=SURFACE_SIDE_STYLE('',(#7325));
#7327=SURFACE_STYLE_USAGE(.BOTH.,#7326);
#7328=PRESENTATION_STYLE_ASSIGNMENT((#7327));
#7329=STYLED_ITEM('',(#7328),#7322);
#7330=CARTESIAN_POINT('',(2.58318E1,-3.84174E1,-4.686E0));
#7331=DIRECTION('',(0.E0,0.E0,-1.E0));
#7332=DIRECTION('',(-1.774826799621E-2,-9.998424870864E-1,0.E0));
#7333=AXIS2_PLACEMENT_3D('',#7330,#7331,#7332);
#7334=TOROIDAL_SURFACE('',#7333,1.476003121967E0,1.E-1);
#7336=ORIENTED_EDGE('',*,*,#7335,.F.);
#7338=ORIENTED_EDGE('',*,*,#7337,.F.);
#7340=ORIENTED_EDGE('',*,*,#7339,.F.);
#7342=ORIENTED_EDGE('',*,*,#7341,.F.);
#7343=ORIENTED_EDGE('',*,*,#7312,.T.);
#7344=ORIENTED_EDGE('',*,*,#7318,.F.);
#7345=EDGE_LOOP('',(#7336,#7338,#7340,#7342,#7343,#7344));
#7346=FACE_OUTER_BOUND('',#7345,.F.);
#7347=ADVANCED_FACE('',(#7346),#7334,.F.);
#7348=FILL_AREA_STYLE_COLOUR('',#32);
#7349=FILL_AREA_STYLE('',(#7348));
#7350=SURFACE_STYLE_FILL_AREA(#7349);
#7351=SURFACE_SIDE_STYLE('',(#7350));
#7352=SURFACE_STYLE_USAGE(.BOTH.,#7351);
#7353=PRESENTATION_STYLE_ASSIGNMENT((#7352));
#7354=STYLED_ITEM('',(#7353),#7347);
#7355=CARTESIAN_POINT('',(2.58318E1,-3.84174E1,-4.686E0));
#7356=DIRECTION('',(0.E0,0.E0,-1.E0));
#7357=DIRECTION('',(1.774826799621E-2,9.998424870864E-1,0.E0));
#7358=AXIS2_PLACEMENT_3D('',#7355,#7356,#7357);
#7359=TOROIDAL_SURFACE('',#7358,1.476003121967E0,1.E-1);
#7360=ORIENTED_EDGE('',*,*,#7341,.T.);
#7362=ORIENTED_EDGE('',*,*,#7361,.F.);
#7364=ORIENTED_EDGE('',*,*,#7363,.F.);
#7365=ORIENTED_EDGE('',*,*,#7335,.T.);
#7366=ORIENTED_EDGE('',*,*,#7316,.T.);
#7367=ORIENTED_EDGE('',*,*,#7314,.F.);
#7368=EDGE_LOOP('',(#7360,#7362,#7364,#7365,#7366,#7367));
#7369=FACE_OUTER_BOUND('',#7368,.F.);
#7370=ADVANCED_FACE('',(#7369),#7359,.F.);
#7371=FILL_AREA_STYLE_COLOUR('',#32);
#7372=FILL_AREA_STYLE('',(#7371));
#7373=SURFACE_STYLE_FILL_AREA(#7372);
#7374=SURFACE_SIDE_STYLE('',(#7373));
#7375=SURFACE_STYLE_USAGE(.BOTH.,#7374);
#7376=PRESENTATION_STYLE_ASSIGNMENT((#7375));
#7377=STYLED_ITEM('',(#7376),#7370);
#7378=CARTESIAN_POINT('',(2.58318E1,-3.84174E1,-7.987517032984E0));
#7379=DIRECTION('',(0.E0,0.E0,1.E0));
#7380=DIRECTION('',(0.E0,-1.E0,0.E0));
#7381=AXIS2_PLACEMENT_3D('',#7378,#7379,#7380);
#7382=CONICAL_SURFACE('',#7381,1.309188961760E0,1.159005058893E0);
#7384=ORIENTED_EDGE('',*,*,#7383,.T.);
#7385=ORIENTED_EDGE('',*,*,#7363,.T.);
#7386=ORIENTED_EDGE('',*,*,#7361,.T.);
#7388=ORIENTED_EDGE('',*,*,#7387,.T.);
#7390=ORIENTED_EDGE('',*,*,#7389,.T.);
#7392=ORIENTED_EDGE('',*,*,#7391,.T.);
#7393=EDGE_LOOP('',(#7384,#7385,#7386,#7388,#7390,#7392));
#7394=FACE_OUTER_BOUND('',#7393,.F.);
#7395=ADVANCED_FACE('',(#7394),#7382,.T.);
#7396=FILL_AREA_STYLE_COLOUR('',#32);
#7397=FILL_AREA_STYLE('',(#7396));
#7398=SURFACE_STYLE_FILL_AREA(#7397);
#7399=SURFACE_SIDE_STYLE('',(#7398));
#7400=SURFACE_STYLE_USAGE(.BOTH.,#7399);
#7401=PRESENTATION_STYLE_ASSIGNMENT((#7400));
#7402=STYLED_ITEM('',(#7401),#7395);
#7403=CARTESIAN_POINT('',(2.58318E1,-3.84174E1,-7.987517032984E0));
#7404=DIRECTION('',(0.E0,0.E0,1.E0));
#7405=DIRECTION('',(0.E0,-1.E0,0.E0));
#7406=AXIS2_PLACEMENT_3D('',#7403,#7404,#7405);
#7407=CONICAL_SURFACE('',#7406,1.309188961760E0,1.159005058893E0);
#7408=ORIENTED_EDGE('',*,*,#7387,.F.);
#7409=ORIENTED_EDGE('',*,*,#7339,.T.);
#7410=ORIENTED_EDGE('',*,*,#7337,.T.);
#7411=ORIENTED_EDGE('',*,*,#7383,.F.);
#7413=ORIENTED_EDGE('',*,*,#7412,.T.);
#7415=ORIENTED_EDGE('',*,*,#7414,.T.);
#7416=EDGE_LOOP('',(#7408,#7409,#7410,#7411,#7413,#7415));
#7417=FACE_OUTER_BOUND('',#7416,.F.);
#7418=ADVANCED_FACE('',(#7417),#7407,.T.);
#7419=FILL_AREA_STYLE_COLOUR('',#32);
#7420=FILL_AREA_STYLE('',(#7419));
#7421=SURFACE_STYLE_FILL_AREA(#7420);
#7422=SURFACE_SIDE_STYLE('',(#7421));
#7423=SURFACE_STYLE_USAGE(.BOTH.,#7422);
#7424=PRESENTATION_STYLE_ASSIGNMENT((#7423));
#7425=STYLED_ITEM('',(#7424),#7418);
#7426=CARTESIAN_POINT('',(2.58318E1,-3.84174E1,-1.1286E1));
#7427=DIRECTION('',(0.E0,0.E0,-1.E0));
#7428=DIRECTION('',(-1.849331977525E-2,9.998289839386E-1,0.E0));
#7429=AXIS2_PLACEMENT_3D('',#7426,#7427,#7428);
#7430=TOROIDAL_SURFACE('',#7429,9.924054898812E-1,2.5E-1);
#7432=ORIENTED_EDGE('',*,*,#7431,.T.);
#7434=ORIENTED_EDGE('',*,*,#7433,.T.);
#7436=ORIENTED_EDGE('',*,*,#7435,.T.);
#7437=ORIENTED_EDGE('',*,*,#7414,.F.);
#7438=ORIENTED_EDGE('',*,*,#7412,.F.);
#7439=EDGE_LOOP('',(#7432,#7434,#7436,#7437,#7438));
#7440=FACE_OUTER_BOUND('',#7439,.F.);
#7441=ADVANCED_FACE('',(#7440),#7430,.T.);
#7442=FILL_AREA_STYLE_COLOUR('',#32);
#7443=FILL_AREA_STYLE('',(#7442));
#7444=SURFACE_STYLE_FILL_AREA(#7443);
#7445=SURFACE_SIDE_STYLE('',(#7444));
#7446=SURFACE_STYLE_USAGE(.BOTH.,#7445);
#7447=PRESENTATION_STYLE_ASSIGNMENT((#7446));
#7448=STYLED_ITEM('',(#7447),#7441);
#7449=CARTESIAN_POINT('',(2.58318E1,-3.84174E1,-1.1286E1));
#7450=DIRECTION('',(0.E0,0.E0,-1.E0));
#7451=DIRECTION('',(1.849331977525E-2,-9.998289839386E-1,0.E0));
#7452=AXIS2_PLACEMENT_3D('',#7449,#7450,#7451);
#7453=TOROIDAL_SURFACE('',#7452,9.924054898812E-1,2.5E-1);
#7454=ORIENTED_EDGE('',*,*,#7435,.F.);
#7456=ORIENTED_EDGE('',*,*,#7455,.T.);
#7457=ORIENTED_EDGE('',*,*,#7431,.F.);
#7458=ORIENTED_EDGE('',*,*,#7391,.F.);
#7459=ORIENTED_EDGE('',*,*,#7389,.F.);
#7460=EDGE_LOOP('',(#7454,#7456,#7457,#7458,#7459));
#7461=FACE_OUTER_BOUND('',#7460,.F.);
#7462=ADVANCED_FACE('',(#7461),#7453,.T.);
#7463=FILL_AREA_STYLE_COLOUR('',#32);
#7464=FILL_AREA_STYLE('',(#7463));
#7465=SURFACE_STYLE_FILL_AREA(#7464);
#7466=SURFACE_SIDE_STYLE('',(#7465));
#7467=SURFACE_STYLE_USAGE(.BOTH.,#7466);
#7468=PRESENTATION_STYLE_ASSIGNMENT((#7467));
#7469=STYLED_ITEM('',(#7468),#7462);
#7470=CARTESIAN_POINT('',(2.58318E1,-3.84174E1,-1.1536E1));
#7471=DIRECTION('',(0.E0,0.E0,-1.E0));
#7472=DIRECTION('',(0.E0,1.E0,0.E0));
#7473=AXIS2_PLACEMENT_3D('',#7470,#7471,#7472);
#7474=PLANE('',#7473);
#7475=ORIENTED_EDGE('',*,*,#7433,.F.);
#7476=ORIENTED_EDGE('',*,*,#7455,.F.);
#7477=EDGE_LOOP('',(#7475,#7476));
#7478=FACE_OUTER_BOUND('',#7477,.F.);
#7480=ORIENTED_EDGE('',*,*,#7479,.F.);
#7482=ORIENTED_EDGE('',*,*,#7481,.F.);
#7483=EDGE_LOOP('',(#7480,#7482));
#7484=FACE_BOUND('',#7483,.F.);
#7485=ADVANCED_FACE('',(#7478,#7484),#7474,.T.);
#7486=FILL_AREA_STYLE_COLOUR('',#32);
#7487=FILL_AREA_STYLE('',(#7486));
#7488=SURFACE_STYLE_FILL_AREA(#7487);
#7489=SURFACE_SIDE_STYLE('',(#7488));
#7490=SURFACE_STYLE_USAGE(.BOTH.,#7489);
#7491=PRESENTATION_STYLE_ASSIGNMENT((#7490));
#7492=STYLED_ITEM('',(#7491),#7485);
#7493=CARTESIAN_POINT('',(2.58318E1,-3.84174E1,-1.0956E1));
#7494=DIRECTION('',(0.E0,0.E0,1.E0));
#7495=DIRECTION('',(0.E0,-1.E0,0.E0));
#7496=AXIS2_PLACEMENT_3D('',#7493,#7494,#7495);
#7497=CONICAL_SURFACE('',#7496,7.101239376583E-1,1.000000000001E0);
#7499=ORIENTED_EDGE('',*,*,#7498,.F.);
#7501=ORIENTED_EDGE('',*,*,#7500,.F.);
#7502=ORIENTED_EDGE('',*,*,#7479,.T.);
#7504=ORIENTED_EDGE('',*,*,#7503,.F.);
#7505=EDGE_LOOP('',(#7499,#7501,#7502,#7504));
#7506=FACE_OUTER_BOUND('',#7505,.F.);
#7507=ADVANCED_FACE('',(#7506),#7497,.F.);
#7508=FILL_AREA_STYLE_COLOUR('',#32);
#7509=FILL_AREA_STYLE('',(#7508));
#7510=SURFACE_STYLE_FILL_AREA(#7509);
#7511=SURFACE_SIDE_STYLE('',(#7510));
#7512=SURFACE_STYLE_USAGE(.BOTH.,#7511);
#7513=PRESENTATION_STYLE_ASSIGNMENT((#7512));
#7514=STYLED_ITEM('',(#7513),#7507);
#7515=CARTESIAN_POINT('',(0.E0,0.E0,-1.0376E1));
#7516=DIRECTION('',(0.E0,0.E0,-1.E0));
#7517=DIRECTION('',(-1.E0,0.E0,0.E0));
#7518=AXIS2_PLACEMENT_3D('',#7515,#7516,#7517);
#7519=PLANE('',#7518);
#7521=ORIENTED_EDGE('',*,*,#7520,.T.);
#7522=ORIENTED_EDGE('',*,*,#7498,.T.);
#7523=EDGE_LOOP('',(#7521,#7522));
#7524=FACE_OUTER_BOUND('',#7523,.F.);
#7525=ADVANCED_FACE('',(#7524),#7519,.T.);
#7526=CARTESIAN_POINT('',(2.58318E1,-3.84174E1,-1.0956E1));
#7527=DIRECTION('',(0.E0,0.E0,1.E0));
#7528=DIRECTION('',(0.E0,-1.E0,0.E0));
#7529=AXIS2_PLACEMENT_3D('',#7526,#7527,#7528);
#7530=CONICAL_SURFACE('',#7529,7.101239376583E-1,1.000000000001E0);
#7531=ORIENTED_EDGE('',*,*,#7520,.F.);
#7532=ORIENTED_EDGE('',*,*,#7503,.T.);
#7533=ORIENTED_EDGE('',*,*,#7481,.T.);
#7534=ORIENTED_EDGE('',*,*,#7500,.T.);
#7535=EDGE_LOOP('',(#7531,#7532,#7533,#7534));
#7536=FACE_OUTER_BOUND('',#7535,.F.);
#7537=ADVANCED_FACE('',(#7536),#7530,.F.);
#7538=FILL_AREA_STYLE_COLOUR('',#32);
#7539=FILL_AREA_STYLE('',(#7538));
#7540=SURFACE_STYLE_FILL_AREA(#7539);
#7541=SURFACE_SIDE_STYLE('',(#7540));
#7542=SURFACE_STYLE_USAGE(.BOTH.,#7541);
#7543=PRESENTATION_STYLE_ASSIGNMENT((#7542));
#7544=STYLED_ITEM('',(#7543),#7537);
#7545=CARTESIAN_POINT('',(2.951314828768E1,-4.089874702241E1,
-3.185997507140E0));
#7546=DIRECTION('',(4.244266426005E-6,-3.218701919195E-6,9.999999999858E-1));
#7547=DIRECTION('',(9.999999998650E-1,1.587571679352E-5,-4.244215326281E-6));
#7548=AXIS2_PLACEMENT_3D('',#7545,#7546,#7547);
#7549=TOROIDAL_SURFACE('',#7548,5.999595909344E-1,3.999999322973E-1);
#7550=ORIENTED_EDGE('',*,*,#6853,.F.);
#7551=ORIENTED_EDGE('',*,*,#6704,.T.);
#7553=ORIENTED_EDGE('',*,*,#7552,.T.);
#7554=ORIENTED_EDGE('',*,*,#6874,.F.);
#7555=EDGE_LOOP('',(#7550,#7551,#7553,#7554));
#7556=FACE_OUTER_BOUND('',#7555,.F.);
#7557=ADVANCED_FACE('',(#7556),#7549,.T.);
#7558=FILL_AREA_STYLE_COLOUR('',#32);
#7559=FILL_AREA_STYLE('',(#7558));
#7560=SURFACE_STYLE_FILL_AREA(#7559);
#7561=SURFACE_SIDE_STYLE('',(#7560));
#7562=SURFACE_STYLE_USAGE(.BOTH.,#7561);
#7563=PRESENTATION_STYLE_ASSIGNMENT((#7562));
#7564=STYLED_ITEM('',(#7563),#7557);
#7565=CARTESIAN_POINT('',(3.011310927157E1,-3.588300018298E1,-3.186E0));
#7566=DIRECTION('',(0.E0,-1.E0,0.E0));
#7567=DIRECTION('',(0.E0,0.E0,-1.E0));
#7568=AXIS2_PLACEMENT_3D('',#7565,#7566,#7567);
#7569=CYLINDRICAL_SURFACE('',#7568,4.E-1);
#7571=ORIENTED_EDGE('',*,*,#7570,.T.);
#7572=ORIENTED_EDGE('',*,*,#6876,.F.);
#7573=ORIENTED_EDGE('',*,*,#7552,.F.);
#7574=ORIENTED_EDGE('',*,*,#6726,.F.);
#7575=EDGE_LOOP('',(#7571,#7572,#7573,#7574));
#7576=FACE_OUTER_BOUND('',#7575,.F.);
#7577=ADVANCED_FACE('',(#7576),#7569,.T.);
#7578=FILL_AREA_STYLE_COLOUR('',#32);
#7579=FILL_AREA_STYLE('',(#7578));
#7580=SURFACE_STYLE_FILL_AREA(#7579);
#7581=SURFACE_SIDE_STYLE('',(#7580));
#7582=SURFACE_STYLE_USAGE(.BOTH.,#7581);
#7583=PRESENTATION_STYLE_ASSIGNMENT((#7582));
#7584=STYLED_ITEM('',(#7583),#7577);
#7585=CARTESIAN_POINT('',(2.951314702241E1,-3.593605171232E1,
-3.185997507140E0));
#7586=DIRECTION('',(3.218702015445E-6,4.244266951003E-6,9.999999999858E-1));
#7587=DIRECTION('',(-1.587571678453E-5,9.999999998650E-1,-4.244215851276E-6));
#7588=AXIS2_PLACEMENT_3D('',#7585,#7586,#7587);
#7589=TOROIDAL_SURFACE('',#7588,5.999595909345E-1,3.999999322973E-1);
#7590=ORIENTED_EDGE('',*,*,#7570,.F.);
#7591=ORIENTED_EDGE('',*,*,#6749,.T.);
#7592=ORIENTED_EDGE('',*,*,#6796,.T.);
#7593=ORIENTED_EDGE('',*,*,#6878,.F.);
#7594=EDGE_LOOP('',(#7590,#7591,#7592,#7593));
#7595=FACE_OUTER_BOUND('',#7594,.F.);
#7596=ADVANCED_FACE('',(#7595),#7589,.T.);
#7597=FILL_AREA_STYLE_COLOUR('',#32);
#7598=FILL_AREA_STYLE('',(#7597));
#7599=SURFACE_STYLE_FILL_AREA(#7598);
#7600=SURFACE_SIDE_STYLE('',(#7599));
#7601=SURFACE_STYLE_USAGE(.BOTH.,#7600);
#7602=PRESENTATION_STYLE_ASSIGNMENT((#7601));
#7603=STYLED_ITEM('',(#7602),#7596);
#7604=CARTESIAN_POINT('',(2.215045297759E1,-4.089874828768E1,
-3.185997507141E0));
#7605=DIRECTION('',(-3.218701884196E-6,-4.244266811004E-6,9.999999999858E-1));
#7606=DIRECTION('',(1.587571673776E-5,-9.999999998650E-1,-4.244215711288E-6));
#7607=AXIS2_PLACEMENT_3D('',#7604,#7605,#7606);
#7608=TOROIDAL_SURFACE('',#7607,5.999595909345E-1,3.999999322972E-1);
#7610=ORIENTED_EDGE('',*,*,#7609,.F.);
#7612=ORIENTED_EDGE('',*,*,#7611,.F.);
#7613=ORIENTED_EDGE('',*,*,#6849,.F.);
#7614=ORIENTED_EDGE('',*,*,#6825,.F.);
#7615=EDGE_LOOP('',(#7610,#7612,#7613,#7614));
#7616=FACE_OUTER_BOUND('',#7615,.F.);
#7617=ADVANCED_FACE('',(#7616),#7608,.T.);
#7618=FILL_AREA_STYLE_COLOUR('',#32);
#7619=FILL_AREA_STYLE('',(#7618));
#7620=SURFACE_STYLE_FILL_AREA(#7619);
#7621=SURFACE_SIDE_STYLE('',(#7620));
#7622=SURFACE_STYLE_USAGE(.BOTH.,#7621);
#7623=PRESENTATION_STYLE_ASSIGNMENT((#7622));
#7624=STYLED_ITEM('',(#7623),#7617);
#7625=CARTESIAN_POINT('',(2.155049072843E1,-4.095179981702E1,-3.186E0));
#7626=DIRECTION('',(0.E0,1.E0,0.E0));
#7627=DIRECTION('',(0.E0,0.E0,-1.E0));
#7628=AXIS2_PLACEMENT_3D('',#7625,#7626,#7627);
#7629=CYLINDRICAL_SURFACE('',#7628,4.E-1);
#7630=ORIENTED_EDGE('',*,*,#7609,.T.);
#7631=ORIENTED_EDGE('',*,*,#6823,.F.);
#7633=ORIENTED_EDGE('',*,*,#7632,.F.);
#7635=ORIENTED_EDGE('',*,*,#7634,.F.);
#7636=EDGE_LOOP('',(#7630,#7631,#7633,#7635));
#7637=FACE_OUTER_BOUND('',#7636,.F.);
#7638=ADVANCED_FACE('',(#7637),#7629,.T.);
#7639=FILL_AREA_STYLE_COLOUR('',#32);
#7640=FILL_AREA_STYLE('',(#7639));
#7641=SURFACE_STYLE_FILL_AREA(#7640);
#7642=SURFACE_SIDE_STYLE('',(#7641));
#7643=SURFACE_STYLE_USAGE(.BOTH.,#7642);
#7644=PRESENTATION_STYLE_ASSIGNMENT((#7643));
#7645=STYLED_ITEM('',(#7644),#7638);
#7646=CARTESIAN_POINT('',(2.215045171232E1,-3.593605297759E1,
-3.185997507141E0));
#7647=DIRECTION('',(-4.244266618504E-6,3.218701919195E-6,9.999999999858E-1));
#7648=DIRECTION('',(-9.999999998650E-1,-1.587571675417E-5,-4.244215518784E-6));
#7649=AXIS2_PLACEMENT_3D('',#7646,#7647,#7648);
#7650=TOROIDAL_SURFACE('',#7649,5.999595909346E-1,3.999999322971E-1);
#7651=ORIENTED_EDGE('',*,*,#6799,.T.);
#7652=ORIENTED_EDGE('',*,*,#6446,.F.);
#7653=ORIENTED_EDGE('',*,*,#7632,.T.);
#7654=ORIENTED_EDGE('',*,*,#6821,.T.);
#7655=EDGE_LOOP('',(#7651,#7652,#7653,#7654));
#7656=FACE_OUTER_BOUND('',#7655,.F.);
#7657=ADVANCED_FACE('',(#7656),#7650,.T.);
#7658=FILL_AREA_STYLE_COLOUR('',#32);
#7659=FILL_AREA_STYLE('',(#7658));
#7660=SURFACE_STYLE_FILL_AREA(#7659);
#7661=SURFACE_SIDE_STYLE('',(#7660));
#7662=SURFACE_STYLE_USAGE(.BOTH.,#7661);
#7663=PRESENTATION_STYLE_ASSIGNMENT((#7662));
#7664=STYLED_ITEM('',(#7663),#7657);
#7665=CARTESIAN_POINT('',(2.11318E1,-3.372865251154E1,-1.046E0));
#7666=DIRECTION('',(-9.999619230642E-1,0.E0,-8.726535498374E-3));
#7667=DIRECTION('',(0.E0,-1.E0,0.E0));
#7668=AXIS2_PLACEMENT_3D('',#7665,#7666,#7667);
#7669=PLANE('',#7668);
#7671=ORIENTED_EDGE('',*,*,#7670,.F.);
#7672=ORIENTED_EDGE('',*,*,#7634,.T.);
#7673=ORIENTED_EDGE('',*,*,#6444,.F.);
#7674=ORIENTED_EDGE('',*,*,#6422,.F.);
#7675=EDGE_LOOP('',(#7671,#7672,#7673,#7674));
#7676=FACE_OUTER_BOUND('',#7675,.F.);
#7677=ADVANCED_FACE('',(#7676),#7669,.T.);
#7678=FILL_AREA_STYLE_COLOUR('',#32);
#7679=FILL_AREA_STYLE('',(#7678));
#7680=SURFACE_STYLE_FILL_AREA(#7679);
#7681=SURFACE_SIDE_STYLE('',(#7680));
#7682=SURFACE_STYLE_USAGE(.BOTH.,#7681);
#7683=PRESENTATION_STYLE_ASSIGNMENT((#7682));
#7684=STYLED_ITEM('',(#7683),#7677);
#7685=CARTESIAN_POINT('',(2.213154712345E1,-4.091765287655E1,
-1.012659866902E0));
#7686=DIRECTION('',(8.726203243945E-3,8.726203243944E-3,-9.999238504776E-1));
#7687=DIRECTION('',(0.E0,-9.999619230642E-1,-8.726535498374E-3));
#7688=AXIS2_PLACEMENT_3D('',#7685,#7686,#7687);
#7689=CYLINDRICAL_SURFACE('',#7688,1.E0);
#7690=ORIENTED_EDGE('',*,*,#6510,.F.);
#7691=ORIENTED_EDGE('',*,*,#6401,.F.);
#7693=ORIENTED_EDGE('',*,*,#7692,.T.);
#7694=ORIENTED_EDGE('',*,*,#7611,.T.);
#7695=ORIENTED_EDGE('',*,*,#7670,.T.);
#7696=ORIENTED_EDGE('',*,*,#6420,.F.);
#7697=EDGE_LOOP('',(#7690,#7691,#7693,#7694,#7695,#7696));
#7698=FACE_OUTER_BOUND('',#7697,.F.);
#7699=ADVANCED_FACE('',(#7698),#7689,.T.);
#7700=FILL_AREA_STYLE_COLOUR('',#32);
#7701=FILL_AREA_STYLE('',(#7700));
#7702=SURFACE_STYLE_FILL_AREA(#7701);
#7703=SURFACE_SIDE_STYLE('',(#7702));
#7704=SURFACE_STYLE_USAGE(.BOTH.,#7703);
#7705=PRESENTATION_STYLE_ASSIGNMENT((#7704));
#7706=STYLED_ITEM('',(#7705),#7699);
#7707=CARTESIAN_POINT('',(1.994305251154E1,-4.19174E1,-1.046E0));
#7708=DIRECTION('',(0.E0,-9.999619230642E-1,-8.726535498374E-3));
#7709=DIRECTION('',(1.E0,0.E0,0.E0));
#7710=AXIS2_PLACEMENT_3D('',#7707,#7708,#7709);
#7711=PLANE('',#7710);
#7712=ORIENTED_EDGE('',*,*,#6706,.F.);
#7713=ORIENTED_EDGE('',*,*,#6851,.T.);
#7714=ORIENTED_EDGE('',*,*,#7692,.F.);
#7715=ORIENTED_EDGE('',*,*,#6399,.F.);
#7716=EDGE_LOOP('',(#7712,#7713,#7714,#7715));
#7717=FACE_OUTER_BOUND('',#7716,.F.);
#7718=ADVANCED_FACE('',(#7717),#7711,.T.);
#7719=FILL_AREA_STYLE_COLOUR('',#32);
#7720=FILL_AREA_STYLE('',(#7719));
#7721=SURFACE_STYLE_FILL_AREA(#7720);
#7722=SURFACE_SIDE_STYLE('',(#7721));
#7723=SURFACE_STYLE_USAGE(.BOTH.,#7722);
#7724=PRESENTATION_STYLE_ASSIGNMENT((#7723));
#7725=STYLED_ITEM('',(#7724),#7718);
#7726=CARTESIAN_POINT('',(2.67972E1,-6.485499999982E1,0.E0));
#7727=DIRECTION('',(1.E0,0.E0,0.E0));
#7728=DIRECTION('',(0.E0,0.E0,-1.E0));
#7729=AXIS2_PLACEMENT_3D('',#7726,#7727,#7728);
#7730=PLANE('',#7729);
#7731=ORIENTED_EDGE('',*,*,#4170,.T.);
#7733=ORIENTED_EDGE('',*,*,#7732,.F.);
#7735=ORIENTED_EDGE('',*,*,#7734,.F.);
#7737=ORIENTED_EDGE('',*,*,#7736,.F.);
#7739=ORIENTED_EDGE('',*,*,#7738,.T.);
#7741=ORIENTED_EDGE('',*,*,#7740,.T.);
#7742=ORIENTED_EDGE('',*,*,#4239,.F.);
#7744=ORIENTED_EDGE('',*,*,#7743,.F.);
#7746=ORIENTED_EDGE('',*,*,#7745,.F.);
#7748=ORIENTED_EDGE('',*,*,#7747,.F.);
#7750=ORIENTED_EDGE('',*,*,#7749,.F.);
#7752=ORIENTED_EDGE('',*,*,#7751,.F.);
#7754=ORIENTED_EDGE('',*,*,#7753,.F.);
#7756=ORIENTED_EDGE('',*,*,#7755,.F.);
#7758=ORIENTED_EDGE('',*,*,#7757,.F.);
#7760=ORIENTED_EDGE('',*,*,#7759,.F.);
#7762=ORIENTED_EDGE('',*,*,#7761,.F.);
#7764=ORIENTED_EDGE('',*,*,#7763,.F.);
#7765=ORIENTED_EDGE('',*,*,#6265,.F.);
#7766=EDGE_LOOP('',(#7731,#7733,#7735,#7737,#7739,#7741,#7742,#7744,#7746,#7748,
#7750,#7752,#7754,#7756,#7758,#7760,#7762,#7764,#7765));
#7767=FACE_OUTER_BOUND('',#7766,.F.);
#7768=ADVANCED_FACE('',(#7767),#7730,.F.);
#7769=CARTESIAN_POINT('',(2.67972E1,-4.394552465392E1,-9.171027150874E-1));
#7770=DIRECTION('',(0.E0,-1.273612968548E-1,9.918563908467E-1));
#7771=DIRECTION('',(0.E0,-9.918563908467E-1,-1.273612968548E-1));
#7772=AXIS2_PLACEMENT_3D('',#7769,#7770,#7771);
#7773=PLANE('',#7772);
#7774=ORIENTED_EDGE('',*,*,#4168,.T.);
#7776=ORIENTED_EDGE('',*,*,#7775,.T.);
#7778=ORIENTED_EDGE('',*,*,#7777,.T.);
#7779=ORIENTED_EDGE('',*,*,#7732,.T.);
#7780=EDGE_LOOP('',(#7774,#7776,#7778,#7779));
#7781=FACE_OUTER_BOUND('',#7780,.F.);
#7782=ADVANCED_FACE('',(#7781),#7773,.T.);
#7783=CARTESIAN_POINT('',(2.74068E1,-6.485499999982E1,0.E0));
#7784=DIRECTION('',(1.E0,0.E0,0.E0));
#7785=DIRECTION('',(0.E0,0.E0,-1.E0));
#7786=AXIS2_PLACEMENT_3D('',#7783,#7784,#7785);
#7787=PLANE('',#7786);
#7788=ORIENTED_EDGE('',*,*,#4166,.F.);
#7789=ORIENTED_EDGE('',*,*,#6269,.T.);
#7791=ORIENTED_EDGE('',*,*,#7790,.F.);
#7793=ORIENTED_EDGE('',*,*,#7792,.F.);
#7795=ORIENTED_EDGE('',*,*,#7794,.F.);
#7797=ORIENTED_EDGE('',*,*,#7796,.F.);
#7799=ORIENTED_EDGE('',*,*,#7798,.F.);
#7801=ORIENTED_EDGE('',*,*,#7800,.F.);
#7803=ORIENTED_EDGE('',*,*,#7802,.F.);
#7805=ORIENTED_EDGE('',*,*,#7804,.F.);
#7807=ORIENTED_EDGE('',*,*,#7806,.F.);
#7809=ORIENTED_EDGE('',*,*,#7808,.F.);
#7811=ORIENTED_EDGE('',*,*,#7810,.F.);
#7812=ORIENTED_EDGE('',*,*,#4235,.F.);
#7814=ORIENTED_EDGE('',*,*,#7813,.T.);
#7816=ORIENTED_EDGE('',*,*,#7815,.F.);
#7818=ORIENTED_EDGE('',*,*,#7817,.F.);
#7820=ORIENTED_EDGE('',*,*,#7819,.F.);
#7821=ORIENTED_EDGE('',*,*,#7775,.F.);
#7822=EDGE_LOOP('',(#7788,#7789,#7791,#7793,#7795,#7797,#7799,#7801,#7803,#7805,
#7807,#7809,#7811,#7812,#7814,#7816,#7818,#7820,#7821));
#7823=FACE_OUTER_BOUND('',#7822,.F.);
#7824=ADVANCED_FACE('',(#7823),#7787,.T.);
#7825=CARTESIAN_POINT('',(2.67972E1,-4.389699999982E1,-1.295E0));
#7826=DIRECTION('',(1.E0,0.E0,0.E0));
#7827=DIRECTION('',(0.E0,0.E0,-1.E0));
#7828=AXIS2_PLACEMENT_3D('',#7825,#7826,#7827);
#7829=CYLINDRICAL_SURFACE('',#7828,3.81E-1);
#7830=ORIENTED_EDGE('',*,*,#6267,.F.);
#7831=ORIENTED_EDGE('',*,*,#7763,.T.);
#7833=ORIENTED_EDGE('',*,*,#7832,.F.);
#7834=ORIENTED_EDGE('',*,*,#7790,.T.);
#7835=EDGE_LOOP('',(#7830,#7831,#7833,#7834));
#7836=FACE_OUTER_BOUND('',#7835,.F.);
#7837=ADVANCED_FACE('',(#7836),#7829,.T.);
#7838=CARTESIAN_POINT('',(2.67972E1,-4.313499999982E1,-1.666169377225E0));
#7839=DIRECTION('',(0.E0,7.952921829518E-1,6.062263139585E-1));
#7840=DIRECTION('',(0.E0,-6.062263139585E-1,7.952921829518E-1));
#7841=AXIS2_PLACEMENT_3D('',#7838,#7839,#7840);
#7842=PLANE('',#7841);
#7843=ORIENTED_EDGE('',*,*,#7832,.T.);
#7844=ORIENTED_EDGE('',*,*,#7761,.T.);
#7846=ORIENTED_EDGE('',*,*,#7845,.T.);
#7847=ORIENTED_EDGE('',*,*,#7792,.T.);
#7848=EDGE_LOOP('',(#7843,#7844,#7846,#7847));
#7849=FACE_OUTER_BOUND('',#7848,.F.);
#7850=ADVANCED_FACE('',(#7849),#7842,.T.);
#7851=CARTESIAN_POINT('',(2.67972E1,-4.333700421429E1,-1.820150860970E0));
#7852=DIRECTION('',(0.E0,6.062263139585E-1,-7.952921829518E-1));
#7853=DIRECTION('',(0.E0,7.952921829518E-1,6.062263139585E-1));
#7854=AXIS2_PLACEMENT_3D('',#7851,#7852,#7853);
#7855=PLANE('',#7854);
#7856=ORIENTED_EDGE('',*,*,#7845,.F.);
#7857=ORIENTED_EDGE('',*,*,#7759,.T.);
#7859=ORIENTED_EDGE('',*,*,#7858,.T.);
#7860=ORIENTED_EDGE('',*,*,#7794,.T.);
#7861=EDGE_LOOP('',(#7856,#7857,#7859,#7860));
#7862=FACE_OUTER_BOUND('',#7861,.F.);
#7863=ADVANCED_FACE('',(#7862),#7855,.T.);
#7864=CARTESIAN_POINT('',(2.67972E1,-4.379599789259E1,-1.218009258127E0));
#7865=DIRECTION('',(0.E0,-7.952921829518E-1,-6.062263139585E-1));
#7866=DIRECTION('',(0.E0,6.062263139585E-1,-7.952921829518E-1));
#7867=AXIS2_PLACEMENT_3D('',#7864,#7865,#7866);
#7868=PLANE('',#7867);
#7869=ORIENTED_EDGE('',*,*,#7858,.F.);
#7870=ORIENTED_EDGE('',*,*,#7757,.T.);
#7872=ORIENTED_EDGE('',*,*,#7871,.T.);
#7873=ORIENTED_EDGE('',*,*,#7796,.T.);
#7874=EDGE_LOOP('',(#7869,#7870,#7872,#7873));
#7875=FACE_OUTER_BOUND('',#7874,.F.);
#7876=ADVANCED_FACE('',(#7875),#7868,.T.);
#7877=CARTESIAN_POINT('',(2.67972E1,-4.389699999982E1,-1.295E0));
#7878=DIRECTION('',(1.E0,0.E0,0.E0));
#7879=DIRECTION('',(0.E0,0.E0,-1.E0));
#7880=AXIS2_PLACEMENT_3D('',#7877,#7878,#7879);
#7881=CYLINDRICAL_SURFACE('',#7880,1.27E-1);
#7882=ORIENTED_EDGE('',*,*,#7871,.F.);
#7883=ORIENTED_EDGE('',*,*,#7755,.T.);
#7884=ORIENTED_EDGE('',*,*,#7753,.T.);
#7886=ORIENTED_EDGE('',*,*,#7885,.F.);
#7887=ORIENTED_EDGE('',*,*,#7800,.T.);
#7888=ORIENTED_EDGE('',*,*,#7798,.T.);
#7889=EDGE_LOOP('',(#7882,#7883,#7884,#7886,#7887,#7888));
#7890=FACE_OUTER_BOUND('',#7889,.F.);
#7891=ADVANCED_FACE('',(#7890),#7881,.F.);
#7892=CARTESIAN_POINT('',(2.67972E1,-4.466403050714E1,-1.265449351205E0));
#7893=DIRECTION('',(0.E0,1.273612968548E-1,-9.918563908467E-1));
#7894=DIRECTION('',(0.E0,9.918563908467E-1,1.273612968548E-1));
#7895=AXIS2_PLACEMENT_3D('',#7892,#7893,#7894);
#7896=PLANE('',#7895);
#7897=ORIENTED_EDGE('',*,*,#7885,.T.);
#7898=ORIENTED_EDGE('',*,*,#7751,.T.);
#7900=ORIENTED_EDGE('',*,*,#7899,.T.);
#7901=ORIENTED_EDGE('',*,*,#7802,.T.);
#7902=EDGE_LOOP('',(#7897,#7898,#7900,#7901));
#7903=FACE_OUTER_BOUND('',#7902,.F.);
#7904=ADVANCED_FACE('',(#7903),#7896,.T.);
#7905=CARTESIAN_POINT('',(2.67972E1,-4.473519999982E1,-7.112E-1));
#7906=DIRECTION('',(1.E0,0.E0,0.E0));
#7907=DIRECTION('',(0.E0,0.E0,-1.E0));
#7908=AXIS2_PLACEMENT_3D('',#7905,#7906,#7907);
#7909=CYLINDRICAL_SURFACE('',#7908,5.588E-1);
#7910=ORIENTED_EDGE('',*,*,#7899,.F.);
#7911=ORIENTED_EDGE('',*,*,#7749,.T.);
#7912=ORIENTED_EDGE('',*,*,#7747,.T.);
#7914=ORIENTED_EDGE('',*,*,#7913,.F.);
#7915=ORIENTED_EDGE('',*,*,#7806,.T.);
#7916=ORIENTED_EDGE('',*,*,#7804,.T.);
#7917=EDGE_LOOP('',(#7910,#7911,#7912,#7914,#7915,#7916));
#7918=FACE_OUTER_BOUND('',#7917,.F.);
#7919=ADVANCED_FACE('',(#7918),#7909,.T.);
#7920=CARTESIAN_POINT('',(2.67972E1,-4.529399999982E1,2.5E-1));
#7921=DIRECTION('',(0.E0,-1.E0,0.E0));
#7922=DIRECTION('',(0.E0,0.E0,-1.E0));
#7923=AXIS2_PLACEMENT_3D('',#7920,#7921,#7922);
#7924=PLANE('',#7923);
#7925=ORIENTED_EDGE('',*,*,#7745,.T.);
#7927=ORIENTED_EDGE('',*,*,#7926,.T.);
#7928=ORIENTED_EDGE('',*,*,#7808,.T.);
#7929=ORIENTED_EDGE('',*,*,#7913,.T.);
#7930=EDGE_LOOP('',(#7925,#7927,#7928,#7929));
#7931=FACE_OUTER_BOUND('',#7930,.F.);
#7932=ADVANCED_FACE('',(#7931),#7924,.T.);
#7933=CARTESIAN_POINT('',(3.465891647074E1,-4.554799999982E1,-2.54E-1));
#7934=DIRECTION('',(-1.E0,0.E0,0.E0));
#7935=DIRECTION('',(0.E0,0.E0,1.E0));
#7936=AXIS2_PLACEMENT_3D('',#7933,#7934,#7935);
#7937=CYLINDRICAL_SURFACE('',#7936,2.54E-1);
#7938=ORIENTED_EDGE('',*,*,#7743,.T.);
#7939=ORIENTED_EDGE('',*,*,#4237,.F.);
#7940=ORIENTED_EDGE('',*,*,#7810,.T.);
#7941=ORIENTED_EDGE('',*,*,#7926,.F.);
#7942=EDGE_LOOP('',(#7938,#7939,#7940,#7941));
#7943=FACE_OUTER_BOUND('',#7942,.F.);
#7944=ADVANCED_FACE('',(#7943),#7937,.F.);
#7945=CARTESIAN_POINT('',(3.465891647074E1,-4.529399999982E1,-4.E-3));
#7946=DIRECTION('',(-1.E0,0.E0,0.E0));
#7947=DIRECTION('',(0.E0,0.E0,1.E0));
#7948=AXIS2_PLACEMENT_3D('',#7945,#7946,#7947);
#7949=CYLINDRICAL_SURFACE('',#7948,2.54E-1);
#7950=ORIENTED_EDGE('',*,*,#7813,.F.);
#7952=ORIENTED_EDGE('',*,*,#7951,.T.);
#7954=ORIENTED_EDGE('',*,*,#7953,.F.);
#7956=ORIENTED_EDGE('',*,*,#7955,.T.);
#7957=ORIENTED_EDGE('',*,*,#7740,.F.);
#7959=ORIENTED_EDGE('',*,*,#7958,.F.);
#7960=EDGE_LOOP('',(#7950,#7952,#7954,#7956,#7957,#7959));
#7961=FACE_OUTER_BOUND('',#7960,.F.);
#7962=ADVANCED_FACE('',(#7961),#7949,.T.);
#7963=CARTESIAN_POINT('',(2.74068E1,-4.503999999982E1,2.5E-1));
#7964=DIRECTION('',(1.E0,0.E0,0.E0));
#7965=DIRECTION('',(0.E0,1.E0,0.E0));
#7966=AXIS2_PLACEMENT_3D('',#7963,#7964,#7965);
#7967=PLANE('',#7966);
#7968=ORIENTED_EDGE('',*,*,#4323,.T.);
#7970=ORIENTED_EDGE('',*,*,#7969,.T.);
#7972=ORIENTED_EDGE('',*,*,#7971,.T.);
#7973=ORIENTED_EDGE('',*,*,#7951,.F.);
#7974=ORIENTED_EDGE('',*,*,#4233,.F.);
#7975=EDGE_LOOP('',(#7968,#7970,#7972,#7973,#7974));
#7976=FACE_OUTER_BOUND('',#7975,.F.);
#7977=ADVANCED_FACE('',(#7976),#7967,.F.);
#7978=CARTESIAN_POINT('',(2.7737E1,-4.313499999982E1,0.E0));
#7979=DIRECTION('',(0.E0,1.E0,0.E0));
#7980=DIRECTION('',(-1.E0,0.E0,0.E0));
#7981=AXIS2_PLACEMENT_3D('',#7978,#7979,#7980);
#7982=PLANE('',#7981);
#7983=ORIENTED_EDGE('',*,*,#4321,.F.);
#7985=ORIENTED_EDGE('',*,*,#7984,.T.);
#7987=ORIENTED_EDGE('',*,*,#7986,.F.);
#7988=ORIENTED_EDGE('',*,*,#7969,.F.);
#7989=EDGE_LOOP('',(#7983,#7985,#7987,#7988));
#7990=FACE_OUTER_BOUND('',#7989,.F.);
#7991=ADVANCED_FACE('',(#7990),#7982,.T.);
#7992=CARTESIAN_POINT('',(2.7737E1,-4.567499999982E1,0.E0));
#7993=DIRECTION('',(1.E0,0.E0,0.E0));
#7994=DIRECTION('',(0.E0,1.E0,0.E0));
#7995=AXIS2_PLACEMENT_3D('',#7992,#7993,#7994);
#7996=PLANE('',#7995);
#7997=ORIENTED_EDGE('',*,*,#4319,.F.);
#7998=ORIENTED_EDGE('',*,*,#4230,.F.);
#8000=ORIENTED_EDGE('',*,*,#7999,.T.);
#8002=ORIENTED_EDGE('',*,*,#8001,.F.);
#8003=ORIENTED_EDGE('',*,*,#7984,.F.);
#8004=EDGE_LOOP('',(#7997,#7998,#8000,#8002,#8003));
#8005=FACE_OUTER_BOUND('',#8004,.F.);
#8006=ADVANCED_FACE('',(#8005),#7996,.T.);
#8007=CARTESIAN_POINT('',(2.7357E1,-4.605499999982E1,0.E0));
#8008=DIRECTION('',(7.071067811866E-1,-7.071067811865E-1,0.E0));
#8009=DIRECTION('',(7.071067811865E-1,7.071067811866E-1,0.E0));
#8010=AXIS2_PLACEMENT_3D('',#8007,#8008,#8009);
#8011=PLANE('',#8010);
#8012=ORIENTED_EDGE('',*,*,#7999,.F.);
#8013=ORIENTED_EDGE('',*,*,#4228,.T.);
#8015=ORIENTED_EDGE('',*,*,#8014,.T.);
#8017=ORIENTED_EDGE('',*,*,#8016,.T.);
#8018=EDGE_LOOP('',(#8012,#8013,#8015,#8017));
#8019=FACE_OUTER_BOUND('',#8018,.F.);
#8020=ADVANCED_FACE('',(#8019),#8011,.T.);
#8021=CARTESIAN_POINT('',(2.7357E1,-6.231499999982E1,0.E0));
#8022=DIRECTION('',(1.E0,0.E0,0.E0));
#8023=DIRECTION('',(0.E0,1.E0,0.E0));
#8024=AXIS2_PLACEMENT_3D('',#8021,#8022,#8023);
#8025=PLANE('',#8024);
#8026=ORIENTED_EDGE('',*,*,#4226,.F.);
#8028=ORIENTED_EDGE('',*,*,#8027,.F.);
#8030=ORIENTED_EDGE('',*,*,#8029,.F.);
#8031=ORIENTED_EDGE('',*,*,#8014,.F.);
#8032=EDGE_LOOP('',(#8026,#8028,#8030,#8031));
#8033=FACE_OUTER_BOUND('',#8032,.F.);
#8034=ADVANCED_FACE('',(#8033),#8025,.T.);
#8035=CARTESIAN_POINT('',(3.103E1,-5.9777E1,-2.875E0));
#8036=DIRECTION('',(0.E0,1.E0,0.E0));
#8037=DIRECTION('',(-1.E0,0.E0,0.E0));
#8038=AXIS2_PLACEMENT_3D('',#8035,#8036,#8037);
#8039=PLANE('',#8038);
#8040=ORIENTED_EDGE('',*,*,#8027,.T.);
#8041=ORIENTED_EDGE('',*,*,#4224,.F.);
#8043=ORIENTED_EDGE('',*,*,#8042,.T.);
#8045=ORIENTED_EDGE('',*,*,#8044,.T.);
#8046=EDGE_LOOP('',(#8040,#8041,#8043,#8045));
#8047=FACE_OUTER_BOUND('',#8046,.F.);
#8048=ADVANCED_FACE('',(#8047),#8039,.F.);
#8049=CARTESIAN_POINT('',(2.6847E1,-4.605499999982E1,0.E0));
#8050=DIRECTION('',(-1.E0,0.E0,0.E0));
#8051=DIRECTION('',(0.E0,-1.E0,0.E0));
#8052=AXIS2_PLACEMENT_3D('',#8049,#8050,#8051);
#8053=PLANE('',#8052);
#8055=ORIENTED_EDGE('',*,*,#8054,.T.);
#8056=ORIENTED_EDGE('',*,*,#8042,.F.);
#8057=ORIENTED_EDGE('',*,*,#4222,.F.);
#8059=ORIENTED_EDGE('',*,*,#8058,.T.);
#8060=EDGE_LOOP('',(#8055,#8056,#8057,#8059));
#8061=FACE_OUTER_BOUND('',#8060,.F.);
#8062=ADVANCED_FACE('',(#8061),#8053,.T.);
#8063=CARTESIAN_POINT('',(2.7102E1,-6.485499999982E1,2.5E-1));
#8064=DIRECTION('',(0.E0,0.E0,1.E0));
#8065=DIRECTION('',(1.E0,0.E0,0.E0));
#8066=AXIS2_PLACEMENT_3D('',#8063,#8064,#8065);
#8067=PLANE('',#8066);
#8068=ORIENTED_EDGE('',*,*,#8029,.T.);
#8069=ORIENTED_EDGE('',*,*,#8044,.F.);
#8070=ORIENTED_EDGE('',*,*,#8054,.F.);
#8072=ORIENTED_EDGE('',*,*,#8071,.F.);
#8073=ORIENTED_EDGE('',*,*,#4255,.F.);
#8075=ORIENTED_EDGE('',*,*,#8074,.F.);
#8077=ORIENTED_EDGE('',*,*,#8076,.F.);
#8078=ORIENTED_EDGE('',*,*,#7953,.T.);
#8079=ORIENTED_EDGE('',*,*,#7971,.F.);
#8080=ORIENTED_EDGE('',*,*,#7986,.T.);
#8081=ORIENTED_EDGE('',*,*,#8001,.T.);
#8082=ORIENTED_EDGE('',*,*,#8016,.F.);
#8083=EDGE_LOOP('',(#8068,#8069,#8070,#8072,#8073,#8075,#8077,#8078,#8079,#8080,
#8081,#8082));
#8084=FACE_OUTER_BOUND('',#8083,.F.);
#8085=ADVANCED_FACE('',(#8084),#8067,.T.);
#8086=CARTESIAN_POINT('',(2.6467E1,-4.567499999982E1,0.E0));
#8087=DIRECTION('',(-7.071067811866E-1,-7.071067811865E-1,0.E0));
#8088=DIRECTION('',(7.071067811865E-1,-7.071067811866E-1,0.E0));
#8089=AXIS2_PLACEMENT_3D('',#8086,#8087,#8088);
#8090=PLANE('',#8089);
#8091=ORIENTED_EDGE('',*,*,#8058,.F.);
#8092=ORIENTED_EDGE('',*,*,#4220,.T.);
#8093=ORIENTED_EDGE('',*,*,#4257,.T.);
#8094=ORIENTED_EDGE('',*,*,#8071,.T.);
#8095=EDGE_LOOP('',(#8091,#8092,#8093,#8094));
#8096=FACE_OUTER_BOUND('',#8095,.F.);
#8097=ADVANCED_FACE('',(#8096),#8090,.T.);
#8098=CARTESIAN_POINT('',(2.7737E1,-4.313499999982E1,0.E0));
#8099=DIRECTION('',(0.E0,1.E0,0.E0));
#8100=DIRECTION('',(-1.E0,0.E0,0.E0));
#8101=AXIS2_PLACEMENT_3D('',#8098,#8099,#8100);
#8102=PLANE('',#8101);
#8103=ORIENTED_EDGE('',*,*,#4328,.F.);
#8105=ORIENTED_EDGE('',*,*,#8104,.T.);
#8106=ORIENTED_EDGE('',*,*,#8074,.T.);
#8107=ORIENTED_EDGE('',*,*,#4253,.F.);
#8108=EDGE_LOOP('',(#8103,#8105,#8106,#8107));
#8109=FACE_OUTER_BOUND('',#8108,.F.);
#8110=ADVANCED_FACE('',(#8109),#8102,.T.);
#8111=CARTESIAN_POINT('',(2.67972E1,-4.313499999982E1,2.5E-1));
#8112=DIRECTION('',(-1.E0,0.E0,0.E0));
#8113=DIRECTION('',(0.E0,-1.E0,0.E0));
#8114=AXIS2_PLACEMENT_3D('',#8111,#8112,#8113);
#8115=PLANE('',#8114);
#8116=ORIENTED_EDGE('',*,*,#4326,.F.);
#8117=ORIENTED_EDGE('',*,*,#4241,.F.);
#8118=ORIENTED_EDGE('',*,*,#7955,.F.);
#8119=ORIENTED_EDGE('',*,*,#8076,.T.);
#8120=ORIENTED_EDGE('',*,*,#8104,.F.);
#8121=EDGE_LOOP('',(#8116,#8117,#8118,#8119,#8120));
#8122=FACE_OUTER_BOUND('',#8121,.F.);
#8123=ADVANCED_FACE('',(#8122),#8115,.F.);
#8124=CARTESIAN_POINT('',(2.67972E1,-4.503999999982E1,2.5E-1));
#8125=DIRECTION('',(0.E0,-1.E0,0.E0));
#8126=DIRECTION('',(1.E0,0.E0,0.E0));
#8127=AXIS2_PLACEMENT_3D('',#8124,#8125,#8126);
#8128=PLANE('',#8127);
#8129=ORIENTED_EDGE('',*,*,#7958,.T.);
#8130=ORIENTED_EDGE('',*,*,#7738,.F.);
#8132=ORIENTED_EDGE('',*,*,#8131,.T.);
#8133=ORIENTED_EDGE('',*,*,#7815,.T.);
#8134=EDGE_LOOP('',(#8129,#8130,#8132,#8133));
#8135=FACE_OUTER_BOUND('',#8134,.F.);
#8136=ADVANCED_FACE('',(#8135),#8128,.F.);
#8137=CARTESIAN_POINT('',(2.67972E1,-4.473519999982E1,-7.112E-1));
#8138=DIRECTION('',(1.E0,0.E0,0.E0));
#8139=DIRECTION('',(0.E0,0.E0,-1.E0));
#8140=AXIS2_PLACEMENT_3D('',#8137,#8138,#8139);
#8141=CYLINDRICAL_SURFACE('',#8140,3.048E-1);
#8142=ORIENTED_EDGE('',*,*,#8131,.F.);
#8143=ORIENTED_EDGE('',*,*,#7736,.T.);
#8144=ORIENTED_EDGE('',*,*,#7734,.T.);
#8145=ORIENTED_EDGE('',*,*,#7777,.F.);
#8146=ORIENTED_EDGE('',*,*,#7819,.T.);
#8147=ORIENTED_EDGE('',*,*,#7817,.T.);
#8148=EDGE_LOOP('',(#8142,#8143,#8144,#8145,#8146,#8147));
#8149=FACE_OUTER_BOUND('',#8148,.F.);
#8150=ADVANCED_FACE('',(#8149),#8141,.F.);
#8151=CARTESIAN_POINT('',(2.93372E1,-6.485499999982E1,0.E0));
#8152=DIRECTION('',(1.E0,0.E0,0.E0));
#8153=DIRECTION('',(0.E0,0.E0,-1.E0));
#8154=AXIS2_PLACEMENT_3D('',#8151,#8152,#8153);
#8155=PLANE('',#8154);
#8156=ORIENTED_EDGE('',*,*,#4162,.T.);
#8158=ORIENTED_EDGE('',*,*,#8157,.F.);
#8160=ORIENTED_EDGE('',*,*,#8159,.F.);
#8162=ORIENTED_EDGE('',*,*,#8161,.F.);
#8164=ORIENTED_EDGE('',*,*,#8163,.F.);
#8166=ORIENTED_EDGE('',*,*,#8165,.T.);
#8168=ORIENTED_EDGE('',*,*,#8167,.F.);
#8170=ORIENTED_EDGE('',*,*,#8169,.F.);
#8172=ORIENTED_EDGE('',*,*,#8171,.F.);
#8174=ORIENTED_EDGE('',*,*,#8173,.F.);
#8176=ORIENTED_EDGE('',*,*,#8175,.F.);
#8178=ORIENTED_EDGE('',*,*,#8177,.F.);
#8180=ORIENTED_EDGE('',*,*,#8179,.F.);
#8182=ORIENTED_EDGE('',*,*,#8181,.F.);
#8184=ORIENTED_EDGE('',*,*,#8183,.F.);
#8186=ORIENTED_EDGE('',*,*,#8185,.F.);
#8188=ORIENTED_EDGE('',*,*,#8187,.F.);
#8190=ORIENTED_EDGE('',*,*,#8189,.F.);
#8191=ORIENTED_EDGE('',*,*,#6272,.F.);
#8192=EDGE_LOOP('',(#8156,#8158,#8160,#8162,#8164,#8166,#8168,#8170,#8172,#8174,
#8176,#8178,#8180,#8182,#8184,#8186,#8188,#8190,#8191));
#8193=FACE_OUTER_BOUND('',#8192,.F.);
#8194=ADVANCED_FACE('',(#8193),#8155,.F.);
#8195=CARTESIAN_POINT('',(2.93372E1,-4.394552465392E1,-9.171027150874E-1));
#8196=DIRECTION('',(0.E0,-1.273612968548E-1,9.918563908467E-1));
#8197=DIRECTION('',(0.E0,-9.918563908467E-1,-1.273612968548E-1));
#8198=AXIS2_PLACEMENT_3D('',#8195,#8196,#8197);
#8199=PLANE('',#8198);
#8200=ORIENTED_EDGE('',*,*,#4160,.T.);
#8202=ORIENTED_EDGE('',*,*,#8201,.T.);
#8204=ORIENTED_EDGE('',*,*,#8203,.T.);
#8205=ORIENTED_EDGE('',*,*,#8157,.T.);
#8206=EDGE_LOOP('',(#8200,#8202,#8204,#8205));
#8207=FACE_OUTER_BOUND('',#8206,.F.);
#8208=ADVANCED_FACE('',(#8207),#8199,.T.);
#8209=CARTESIAN_POINT('',(2.99468E1,-6.485499999982E1,0.E0));
#8210=DIRECTION('',(1.E0,0.E0,0.E0));
#8211=DIRECTION('',(0.E0,0.E0,-1.E0));
#8212=AXIS2_PLACEMENT_3D('',#8209,#8210,#8211);
#8213=PLANE('',#8212);
#8214=ORIENTED_EDGE('',*,*,#4158,.F.);
#8215=ORIENTED_EDGE('',*,*,#6276,.T.);
#8217=ORIENTED_EDGE('',*,*,#8216,.F.);
#8219=ORIENTED_EDGE('',*,*,#8218,.F.);
#8221=ORIENTED_EDGE('',*,*,#8220,.F.);
#8223=ORIENTED_EDGE('',*,*,#8222,.F.);
#8225=ORIENTED_EDGE('',*,*,#8224,.F.);
#8227=ORIENTED_EDGE('',*,*,#8226,.F.);
#8229=ORIENTED_EDGE('',*,*,#8228,.F.);
#8231=ORIENTED_EDGE('',*,*,#8230,.F.);
#8233=ORIENTED_EDGE('',*,*,#8232,.F.);
#8235=ORIENTED_EDGE('',*,*,#8234,.F.);
#8237=ORIENTED_EDGE('',*,*,#8236,.F.);
#8239=ORIENTED_EDGE('',*,*,#8238,.F.);
#8241=ORIENTED_EDGE('',*,*,#8240,.T.);
#8243=ORIENTED_EDGE('',*,*,#8242,.F.);
#8245=ORIENTED_EDGE('',*,*,#8244,.F.);
#8247=ORIENTED_EDGE('',*,*,#8246,.F.);
#8248=ORIENTED_EDGE('',*,*,#8201,.F.);
#8249=EDGE_LOOP('',(#8214,#8215,#8217,#8219,#8221,#8223,#8225,#8227,#8229,#8231,
#8233,#8235,#8237,#8239,#8241,#8243,#8245,#8247,#8248));
#8250=FACE_OUTER_BOUND('',#8249,.F.);
#8251=ADVANCED_FACE('',(#8250),#8213,.T.);
#8252=CARTESIAN_POINT('',(2.93372E1,-4.389699999982E1,-1.295E0));
#8253=DIRECTION('',(1.E0,0.E0,0.E0));
#8254=DIRECTION('',(0.E0,0.E0,-1.E0));
#8255=AXIS2_PLACEMENT_3D('',#8252,#8253,#8254);
#8256=CYLINDRICAL_SURFACE('',#8255,3.81E-1);
#8257=ORIENTED_EDGE('',*,*,#6274,.F.);
#8258=ORIENTED_EDGE('',*,*,#8189,.T.);
#8260=ORIENTED_EDGE('',*,*,#8259,.F.);
#8261=ORIENTED_EDGE('',*,*,#8216,.T.);
#8262=EDGE_LOOP('',(#8257,#8258,#8260,#8261));
#8263=FACE_OUTER_BOUND('',#8262,.F.);
#8264=ADVANCED_FACE('',(#8263),#8256,.T.);
#8265=CARTESIAN_POINT('',(2.93372E1,-4.313499999982E1,-1.666169377225E0));
#8266=DIRECTION('',(0.E0,7.952921829518E-1,6.062263139585E-1));
#8267=DIRECTION('',(0.E0,-6.062263139585E-1,7.952921829518E-1));
#8268=AXIS2_PLACEMENT_3D('',#8265,#8266,#8267);
#8269=PLANE('',#8268);
#8270=ORIENTED_EDGE('',*,*,#8259,.T.);
#8271=ORIENTED_EDGE('',*,*,#8187,.T.);
#8273=ORIENTED_EDGE('',*,*,#8272,.T.);
#8274=ORIENTED_EDGE('',*,*,#8218,.T.);
#8275=EDGE_LOOP('',(#8270,#8271,#8273,#8274));
#8276=FACE_OUTER_BOUND('',#8275,.F.);
#8277=ADVANCED_FACE('',(#8276),#8269,.T.);
#8278=CARTESIAN_POINT('',(2.93372E1,-4.333700421429E1,-1.820150860970E0));
#8279=DIRECTION('',(0.E0,6.062263139585E-1,-7.952921829518E-1));
#8280=DIRECTION('',(0.E0,7.952921829518E-1,6.062263139585E-1));
#8281=AXIS2_PLACEMENT_3D('',#8278,#8279,#8280);
#8282=PLANE('',#8281);
#8283=ORIENTED_EDGE('',*,*,#8272,.F.);
#8284=ORIENTED_EDGE('',*,*,#8185,.T.);
#8286=ORIENTED_EDGE('',*,*,#8285,.T.);
#8287=ORIENTED_EDGE('',*,*,#8220,.T.);
#8288=EDGE_LOOP('',(#8283,#8284,#8286,#8287));
#8289=FACE_OUTER_BOUND('',#8288,.F.);
#8290=ADVANCED_FACE('',(#8289),#8282,.T.);
#8291=CARTESIAN_POINT('',(2.93372E1,-4.379599789259E1,-1.218009258127E0));
#8292=DIRECTION('',(0.E0,-7.952921829518E-1,-6.062263139585E-1));
#8293=DIRECTION('',(0.E0,6.062263139585E-1,-7.952921829518E-1));
#8294=AXIS2_PLACEMENT_3D('',#8291,#8292,#8293);
#8295=PLANE('',#8294);
#8296=ORIENTED_EDGE('',*,*,#8285,.F.);
#8297=ORIENTED_EDGE('',*,*,#8183,.T.);
#8299=ORIENTED_EDGE('',*,*,#8298,.T.);
#8300=ORIENTED_EDGE('',*,*,#8222,.T.);
#8301=EDGE_LOOP('',(#8296,#8297,#8299,#8300));
#8302=FACE_OUTER_BOUND('',#8301,.F.);
#8303=ADVANCED_FACE('',(#8302),#8295,.T.);
#8304=CARTESIAN_POINT('',(2.93372E1,-4.389699999982E1,-1.295E0));
#8305=DIRECTION('',(1.E0,0.E0,0.E0));
#8306=DIRECTION('',(0.E0,0.E0,-1.E0));
#8307=AXIS2_PLACEMENT_3D('',#8304,#8305,#8306);
#8308=CYLINDRICAL_SURFACE('',#8307,1.27E-1);
#8309=ORIENTED_EDGE('',*,*,#8298,.F.);
#8310=ORIENTED_EDGE('',*,*,#8181,.T.);
#8311=ORIENTED_EDGE('',*,*,#8179,.T.);
#8313=ORIENTED_EDGE('',*,*,#8312,.F.);
#8314=ORIENTED_EDGE('',*,*,#8226,.T.);
#8315=ORIENTED_EDGE('',*,*,#8224,.T.);
#8316=EDGE_LOOP('',(#8309,#8310,#8311,#8313,#8314,#8315));
#8317=FACE_OUTER_BOUND('',#8316,.F.);
#8318=ADVANCED_FACE('',(#8317),#8308,.F.);
#8319=CARTESIAN_POINT('',(2.93372E1,-4.466403050714E1,-1.265449351205E0));
#8320=DIRECTION('',(0.E0,1.273612968548E-1,-9.918563908467E-1));
#8321=DIRECTION('',(0.E0,9.918563908467E-1,1.273612968548E-1));
#8322=AXIS2_PLACEMENT_3D('',#8319,#8320,#8321);
#8323=PLANE('',#8322);
#8324=ORIENTED_EDGE('',*,*,#8312,.T.);
#8325=ORIENTED_EDGE('',*,*,#8177,.T.);
#8327=ORIENTED_EDGE('',*,*,#8326,.T.);
#8328=ORIENTED_EDGE('',*,*,#8228,.T.);
#8329=EDGE_LOOP('',(#8324,#8325,#8327,#8328));
#8330=FACE_OUTER_BOUND('',#8329,.F.);
#8331=ADVANCED_FACE('',(#8330),#8323,.T.);
#8332=CARTESIAN_POINT('',(2.93372E1,-4.473519999982E1,-7.112E-1));
#8333=DIRECTION('',(1.E0,0.E0,0.E0));
#8334=DIRECTION('',(0.E0,0.E0,-1.E0));
#8335=AXIS2_PLACEMENT_3D('',#8332,#8333,#8334);
#8336=CYLINDRICAL_SURFACE('',#8335,5.588E-1);
#8337=ORIENTED_EDGE('',*,*,#8326,.F.);
#8338=ORIENTED_EDGE('',*,*,#8175,.T.);
#8339=ORIENTED_EDGE('',*,*,#8173,.T.);
#8341=ORIENTED_EDGE('',*,*,#8340,.F.);
#8342=ORIENTED_EDGE('',*,*,#8232,.T.);
#8343=ORIENTED_EDGE('',*,*,#8230,.T.);
#8344=EDGE_LOOP('',(#8337,#8338,#8339,#8341,#8342,#8343));
#8345=FACE_OUTER_BOUND('',#8344,.F.);
#8346=ADVANCED_FACE('',(#8345),#8336,.T.);
#8347=CARTESIAN_POINT('',(2.93372E1,-4.529399999982E1,2.5E-1));
#8348=DIRECTION('',(0.E0,-1.E0,0.E0));
#8349=DIRECTION('',(0.E0,0.E0,-1.E0));
#8350=AXIS2_PLACEMENT_3D('',#8347,#8348,#8349);
#8351=PLANE('',#8350);
#8352=ORIENTED_EDGE('',*,*,#8171,.T.);
#8354=ORIENTED_EDGE('',*,*,#8353,.T.);
#8355=ORIENTED_EDGE('',*,*,#8234,.T.);
#8356=ORIENTED_EDGE('',*,*,#8340,.T.);
#8357=EDGE_LOOP('',(#8352,#8354,#8355,#8356));
#8358=FACE_OUTER_BOUND('',#8357,.F.);
#8359=ADVANCED_FACE('',(#8358),#8351,.T.);
#8360=CARTESIAN_POINT('',(3.465891647074E1,-4.554799999982E1,-2.54E-1));
#8361=DIRECTION('',(-1.E0,0.E0,0.E0));
#8362=DIRECTION('',(0.E0,0.E0,1.E0));
#8363=AXIS2_PLACEMENT_3D('',#8360,#8361,#8362);
#8364=CYLINDRICAL_SURFACE('',#8363,2.54E-1);
#8365=ORIENTED_EDGE('',*,*,#8169,.T.);
#8367=ORIENTED_EDGE('',*,*,#8366,.F.);
#8368=ORIENTED_EDGE('',*,*,#8236,.T.);
#8369=ORIENTED_EDGE('',*,*,#8353,.F.);
#8370=EDGE_LOOP('',(#8365,#8367,#8368,#8369));
#8371=FACE_OUTER_BOUND('',#8370,.F.);
#8372=ADVANCED_FACE('',(#8371),#8364,.F.);
#8373=CARTESIAN_POINT('',(2.7102E1,-6.485499999982E1,0.E0));
#8374=DIRECTION('',(0.E0,0.E0,1.E0));
#8375=DIRECTION('',(1.E0,0.E0,0.E0));
#8376=AXIS2_PLACEMENT_3D('',#8373,#8374,#8375);
#8377=PLANE('',#8376);
#8378=ORIENTED_EDGE('',*,*,#4146,.F.);
#8380=ORIENTED_EDGE('',*,*,#8379,.T.);
#8382=ORIENTED_EDGE('',*,*,#8381,.F.);
#8384=ORIENTED_EDGE('',*,*,#8383,.T.);
#8386=ORIENTED_EDGE('',*,*,#8385,.T.);
#8388=ORIENTED_EDGE('',*,*,#8387,.T.);
#8390=ORIENTED_EDGE('',*,*,#8389,.F.);
#8392=ORIENTED_EDGE('',*,*,#8391,.T.);
#8393=ORIENTED_EDGE('',*,*,#4150,.F.);
#8395=ORIENTED_EDGE('',*,*,#8394,.T.);
#8396=ORIENTED_EDGE('',*,*,#8238,.T.);
#8397=ORIENTED_EDGE('',*,*,#8366,.T.);
#8398=ORIENTED_EDGE('',*,*,#8167,.T.);
#8400=ORIENTED_EDGE('',*,*,#8399,.T.);
#8401=EDGE_LOOP('',(#8378,#8380,#8382,#8384,#8386,#8388,#8390,#8392,#8393,#8395,
#8396,#8397,#8398,#8400));
#8402=FACE_OUTER_BOUND('',#8401,.F.);
#8403=ADVANCED_FACE('',(#8402),#8377,.F.);
#8404=CARTESIAN_POINT('',(2.9007E1,-4.313499999982E1,0.E0));
#8405=DIRECTION('',(-1.E0,0.E0,0.E0));
#8406=DIRECTION('',(0.E0,-1.E0,0.E0));
#8407=AXIS2_PLACEMENT_3D('',#8404,#8405,#8406);
#8408=PLANE('',#8407);
#8409=ORIENTED_EDGE('',*,*,#4316,.T.);
#8411=ORIENTED_EDGE('',*,*,#8410,.T.);
#8413=ORIENTED_EDGE('',*,*,#8412,.T.);
#8415=ORIENTED_EDGE('',*,*,#8414,.F.);
#8416=ORIENTED_EDGE('',*,*,#8379,.F.);
#8417=EDGE_LOOP('',(#8409,#8411,#8413,#8415,#8416));
#8418=FACE_OUTER_BOUND('',#8417,.F.);
#8419=ADVANCED_FACE('',(#8418),#8408,.T.);
#8420=CARTESIAN_POINT('',(3.0277E1,-4.313499999982E1,0.E0));
#8421=DIRECTION('',(0.E0,1.E0,0.E0));
#8422=DIRECTION('',(-1.E0,0.E0,0.E0));
#8423=AXIS2_PLACEMENT_3D('',#8420,#8421,#8422);
#8424=PLANE('',#8423);
#8425=ORIENTED_EDGE('',*,*,#4314,.F.);
#8427=ORIENTED_EDGE('',*,*,#8426,.T.);
#8429=ORIENTED_EDGE('',*,*,#8428,.T.);
#8430=ORIENTED_EDGE('',*,*,#8410,.F.);
#8431=EDGE_LOOP('',(#8425,#8427,#8429,#8430));
#8432=FACE_OUTER_BOUND('',#8431,.F.);
#8433=ADVANCED_FACE('',(#8432),#8424,.T.);
#8434=CARTESIAN_POINT('',(2.93372E1,-4.313499999982E1,2.5E-1));
#8435=DIRECTION('',(-1.E0,0.E0,0.E0));
#8436=DIRECTION('',(0.E0,-1.E0,0.E0));
#8437=AXIS2_PLACEMENT_3D('',#8434,#8435,#8436);
#8438=PLANE('',#8437);
#8439=ORIENTED_EDGE('',*,*,#4312,.F.);
#8440=ORIENTED_EDGE('',*,*,#8399,.F.);
#8442=ORIENTED_EDGE('',*,*,#8441,.F.);
#8444=ORIENTED_EDGE('',*,*,#8443,.T.);
#8445=ORIENTED_EDGE('',*,*,#8426,.F.);
#8446=EDGE_LOOP('',(#8439,#8440,#8442,#8444,#8445));
#8447=FACE_OUTER_BOUND('',#8446,.F.);
#8448=ADVANCED_FACE('',(#8447),#8438,.F.);
#8449=CARTESIAN_POINT('',(3.465891647074E1,-4.529399999982E1,-4.E-3));
#8450=DIRECTION('',(-1.E0,0.E0,0.E0));
#8451=DIRECTION('',(0.E0,0.E0,1.E0));
#8452=AXIS2_PLACEMENT_3D('',#8449,#8450,#8451);
#8453=CYLINDRICAL_SURFACE('',#8452,2.54E-1);
#8454=ORIENTED_EDGE('',*,*,#8165,.F.);
#8456=ORIENTED_EDGE('',*,*,#8455,.F.);
#8457=ORIENTED_EDGE('',*,*,#8240,.F.);
#8459=ORIENTED_EDGE('',*,*,#8458,.T.);
#8461=ORIENTED_EDGE('',*,*,#8460,.F.);
#8462=ORIENTED_EDGE('',*,*,#8441,.T.);
#8463=EDGE_LOOP('',(#8454,#8456,#8457,#8459,#8461,#8462));
#8464=FACE_OUTER_BOUND('',#8463,.F.);
#8465=ADVANCED_FACE('',(#8464),#8453,.T.);
#8466=CARTESIAN_POINT('',(2.93372E1,-4.503999999982E1,2.5E-1));
#8467=DIRECTION('',(0.E0,-1.E0,0.E0));
#8468=DIRECTION('',(1.E0,0.E0,0.E0));
#8469=AXIS2_PLACEMENT_3D('',#8466,#8467,#8468);
#8470=PLANE('',#8469);
#8471=ORIENTED_EDGE('',*,*,#8242,.T.);
#8472=ORIENTED_EDGE('',*,*,#8455,.T.);
#8473=ORIENTED_EDGE('',*,*,#8163,.T.);
#8475=ORIENTED_EDGE('',*,*,#8474,.T.);
#8476=EDGE_LOOP('',(#8471,#8472,#8473,#8475));
#8477=FACE_OUTER_BOUND('',#8476,.F.);
#8478=ADVANCED_FACE('',(#8477),#8470,.F.);
#8479=CARTESIAN_POINT('',(2.93372E1,-4.473519999982E1,-7.112E-1));
#8480=DIRECTION('',(1.E0,0.E0,0.E0));
#8481=DIRECTION('',(0.E0,0.E0,-1.E0));
#8482=AXIS2_PLACEMENT_3D('',#8479,#8480,#8481);
#8483=CYLINDRICAL_SURFACE('',#8482,3.048E-1);
#8484=ORIENTED_EDGE('',*,*,#8474,.F.);
#8485=ORIENTED_EDGE('',*,*,#8161,.T.);
#8486=ORIENTED_EDGE('',*,*,#8159,.T.);
#8487=ORIENTED_EDGE('',*,*,#8203,.F.);
#8488=ORIENTED_EDGE('',*,*,#8246,.T.);
#8489=ORIENTED_EDGE('',*,*,#8244,.T.);
#8490=EDGE_LOOP('',(#8484,#8485,#8486,#8487,#8488,#8489));
#8491=FACE_OUTER_BOUND('',#8490,.F.);
#8492=ADVANCED_FACE('',(#8491),#8483,.F.);
#8493=CARTESIAN_POINT('',(2.99468E1,-4.503999999982E1,2.5E-1));
#8494=DIRECTION('',(1.E0,0.E0,0.E0));
#8495=DIRECTION('',(0.E0,1.E0,0.E0));
#8496=AXIS2_PLACEMENT_3D('',#8493,#8494,#8495);
#8497=PLANE('',#8496);
#8498=ORIENTED_EDGE('',*,*,#4309,.T.);
#8500=ORIENTED_EDGE('',*,*,#8499,.T.);
#8502=ORIENTED_EDGE('',*,*,#8501,.T.);
#8503=ORIENTED_EDGE('',*,*,#8458,.F.);
#8504=ORIENTED_EDGE('',*,*,#8394,.F.);
#8505=EDGE_LOOP('',(#8498,#8500,#8502,#8503,#8504));
#8506=FACE_OUTER_BOUND('',#8505,.F.);
#8507=ADVANCED_FACE('',(#8506),#8497,.F.);
#8508=CARTESIAN_POINT('',(3.0277E1,-4.313499999982E1,0.E0));
#8509=DIRECTION('',(0.E0,1.E0,0.E0));
#8510=DIRECTION('',(-1.E0,0.E0,0.E0));
#8511=AXIS2_PLACEMENT_3D('',#8508,#8509,#8510);
#8512=PLANE('',#8511);
#8513=ORIENTED_EDGE('',*,*,#4307,.F.);
#8515=ORIENTED_EDGE('',*,*,#8514,.T.);
#8517=ORIENTED_EDGE('',*,*,#8516,.F.);
#8518=ORIENTED_EDGE('',*,*,#8499,.F.);
#8519=EDGE_LOOP('',(#8513,#8515,#8517,#8518));
#8520=FACE_OUTER_BOUND('',#8519,.F.);
#8521=ADVANCED_FACE('',(#8520),#8512,.T.);
#8522=CARTESIAN_POINT('',(3.0277E1,-4.567499999982E1,0.E0));
#8523=DIRECTION('',(1.E0,0.E0,0.E0));
#8524=DIRECTION('',(0.E0,1.E0,0.E0));
#8525=AXIS2_PLACEMENT_3D('',#8522,#8523,#8524);
#8526=PLANE('',#8525);
#8527=ORIENTED_EDGE('',*,*,#4305,.F.);
#8528=ORIENTED_EDGE('',*,*,#8391,.F.);
#8530=ORIENTED_EDGE('',*,*,#8529,.T.);
#8532=ORIENTED_EDGE('',*,*,#8531,.F.);
#8533=ORIENTED_EDGE('',*,*,#8514,.F.);
#8534=EDGE_LOOP('',(#8527,#8528,#8530,#8532,#8533));
#8535=FACE_OUTER_BOUND('',#8534,.F.);
#8536=ADVANCED_FACE('',(#8535),#8526,.T.);
#8537=CARTESIAN_POINT('',(2.9897E1,-4.605499999982E1,0.E0));
#8538=DIRECTION('',(7.071067811866E-1,-7.071067811865E-1,0.E0));
#8539=DIRECTION('',(7.071067811865E-1,7.071067811866E-1,0.E0));
#8540=AXIS2_PLACEMENT_3D('',#8537,#8538,#8539);
#8541=PLANE('',#8540);
#8542=ORIENTED_EDGE('',*,*,#8529,.F.);
#8543=ORIENTED_EDGE('',*,*,#8389,.T.);
#8545=ORIENTED_EDGE('',*,*,#8544,.T.);
#8547=ORIENTED_EDGE('',*,*,#8546,.T.);
#8548=EDGE_LOOP('',(#8542,#8543,#8545,#8547));
#8549=FACE_OUTER_BOUND('',#8548,.F.);
#8550=ADVANCED_FACE('',(#8549),#8541,.T.);
#8551=CARTESIAN_POINT('',(2.9897E1,-6.231499999982E1,0.E0));
#8552=DIRECTION('',(1.E0,0.E0,0.E0));
#8553=DIRECTION('',(0.E0,1.E0,0.E0));
#8554=AXIS2_PLACEMENT_3D('',#8551,#8552,#8553);
#8555=PLANE('',#8554);
#8556=ORIENTED_EDGE('',*,*,#8387,.F.);
#8558=ORIENTED_EDGE('',*,*,#8557,.F.);
#8560=ORIENTED_EDGE('',*,*,#8559,.F.);
#8561=ORIENTED_EDGE('',*,*,#8544,.F.);
#8562=EDGE_LOOP('',(#8556,#8558,#8560,#8561));
#8563=FACE_OUTER_BOUND('',#8562,.F.);
#8564=ADVANCED_FACE('',(#8563),#8555,.T.);
#8565=CARTESIAN_POINT('',(3.103E1,-5.9777E1,-2.875E0));
#8566=DIRECTION('',(0.E0,1.E0,0.E0));
#8567=DIRECTION('',(-1.E0,0.E0,0.E0));
#8568=AXIS2_PLACEMENT_3D('',#8565,#8566,#8567);
#8569=PLANE('',#8568);
#8570=ORIENTED_EDGE('',*,*,#8557,.T.);
#8571=ORIENTED_EDGE('',*,*,#8385,.F.);
#8573=ORIENTED_EDGE('',*,*,#8572,.T.);
#8575=ORIENTED_EDGE('',*,*,#8574,.T.);
#8576=EDGE_LOOP('',(#8570,#8571,#8573,#8575));
#8577=FACE_OUTER_BOUND('',#8576,.F.);
#8578=ADVANCED_FACE('',(#8577),#8569,.F.);
#8579=CARTESIAN_POINT('',(2.9387E1,-4.605499999982E1,0.E0));
#8580=DIRECTION('',(-1.E0,0.E0,0.E0));
#8581=DIRECTION('',(0.E0,-1.E0,0.E0));
#8582=AXIS2_PLACEMENT_3D('',#8579,#8580,#8581);
#8583=PLANE('',#8582);
#8585=ORIENTED_EDGE('',*,*,#8584,.T.);
#8586=ORIENTED_EDGE('',*,*,#8572,.F.);
#8587=ORIENTED_EDGE('',*,*,#8383,.F.);
#8589=ORIENTED_EDGE('',*,*,#8588,.T.);
#8590=EDGE_LOOP('',(#8585,#8586,#8587,#8589));
#8591=FACE_OUTER_BOUND('',#8590,.F.);
#8592=ADVANCED_FACE('',(#8591),#8583,.T.);
#8593=CARTESIAN_POINT('',(2.7102E1,-6.485499999982E1,2.5E-1));
#8594=DIRECTION('',(0.E0,0.E0,1.E0));
#8595=DIRECTION('',(1.E0,0.E0,0.E0));
#8596=AXIS2_PLACEMENT_3D('',#8593,#8594,#8595);
#8597=PLANE('',#8596);
#8598=ORIENTED_EDGE('',*,*,#8559,.T.);
#8599=ORIENTED_EDGE('',*,*,#8574,.F.);
#8600=ORIENTED_EDGE('',*,*,#8584,.F.);
#8602=ORIENTED_EDGE('',*,*,#8601,.F.);
#8603=ORIENTED_EDGE('',*,*,#8412,.F.);
#8604=ORIENTED_EDGE('',*,*,#8428,.F.);
#8605=ORIENTED_EDGE('',*,*,#8443,.F.);
#8606=ORIENTED_EDGE('',*,*,#8460,.T.);
#8607=ORIENTED_EDGE('',*,*,#8501,.F.);
#8608=ORIENTED_EDGE('',*,*,#8516,.T.);
#8609=ORIENTED_EDGE('',*,*,#8531,.T.);
#8610=ORIENTED_EDGE('',*,*,#8546,.F.);
#8611=EDGE_LOOP('',(#8598,#8599,#8600,#8602,#8603,#8604,#8605,#8606,#8607,#8608,
#8609,#8610));
#8612=FACE_OUTER_BOUND('',#8611,.F.);
#8613=ADVANCED_FACE('',(#8612),#8597,.T.);
#8614=CARTESIAN_POINT('',(2.9007E1,-4.567499999982E1,0.E0));
#8615=DIRECTION('',(-7.071067811866E-1,-7.071067811865E-1,0.E0));
#8616=DIRECTION('',(7.071067811865E-1,-7.071067811866E-1,0.E0));
#8617=AXIS2_PLACEMENT_3D('',#8614,#8615,#8616);
#8618=PLANE('',#8617);
#8619=ORIENTED_EDGE('',*,*,#8588,.F.);
#8620=ORIENTED_EDGE('',*,*,#8381,.T.);
#8621=ORIENTED_EDGE('',*,*,#8414,.T.);
#8622=ORIENTED_EDGE('',*,*,#8601,.T.);
#8623=EDGE_LOOP('',(#8619,#8620,#8621,#8622));
#8624=FACE_OUTER_BOUND('',#8623,.F.);
#8625=ADVANCED_FACE('',(#8624),#8618,.T.);
#8626=CARTESIAN_POINT('',(3.078479999988E1,-3.467099999986E1,0.E0));
#8627=DIRECTION('',(-1.E0,0.E0,0.E0));
#8628=DIRECTION('',(0.E0,-1.E0,0.E0));
#8629=AXIS2_PLACEMENT_3D('',#8626,#8627,#8628);
#8630=PLANE('',#8629);
#8631=ORIENTED_EDGE('',*,*,#4154,.T.);
#8632=ORIENTED_EDGE('',*,*,#4302,.F.);
#8634=ORIENTED_EDGE('',*,*,#8633,.T.);
#8635=ORIENTED_EDGE('',*,*,#6279,.T.);
#8636=EDGE_LOOP('',(#8631,#8632,#8634,#8635));
#8637=FACE_OUTER_BOUND('',#8636,.F.);
#8638=ADVANCED_FACE('',(#8637),#8630,.F.);
#8639=CARTESIAN_POINT('',(2.087879999992E1,-3.467099999986E1,0.E0));
#8640=DIRECTION('',(0.E0,-1.E0,0.E0));
#8641=DIRECTION('',(1.E0,0.E0,0.E0));
#8642=AXIS2_PLACEMENT_3D('',#8639,#8640,#8641);
#8643=PLANE('',#8642);
#8644=ORIENTED_EDGE('',*,*,#8633,.F.);
#8645=ORIENTED_EDGE('',*,*,#4300,.F.);
#8647=ORIENTED_EDGE('',*,*,#8646,.T.);
#8648=ORIENTED_EDGE('',*,*,#6281,.T.);
#8649=EDGE_LOOP('',(#8644,#8645,#8647,#8648));
#8650=FACE_OUTER_BOUND('',#8649,.F.);
#8651=ADVANCED_FACE('',(#8650),#8643,.F.);
#8652=CARTESIAN_POINT('',(2.087879999992E1,-4.457699999982E1,0.E0));
#8653=DIRECTION('',(1.E0,0.E0,0.E0));
#8654=DIRECTION('',(0.E0,1.E0,0.E0));
#8655=AXIS2_PLACEMENT_3D('',#8652,#8653,#8654);
#8656=PLANE('',#8655);
#8657=ORIENTED_EDGE('',*,*,#8646,.F.);
#8658=ORIENTED_EDGE('',*,*,#4298,.F.);
#8659=ORIENTED_EDGE('',*,*,#4189,.T.);
#8660=ORIENTED_EDGE('',*,*,#6283,.T.);
#8661=EDGE_LOOP('',(#8657,#8658,#8659,#8660));
#8662=FACE_OUTER_BOUND('',#8661,.F.);
#8663=ADVANCED_FACE('',(#8662),#8656,.F.);
#8664=CARTESIAN_POINT('',(2.17172E1,-6.485499999982E1,0.E0));
#8665=DIRECTION('',(1.E0,0.E0,0.E0));
#8666=DIRECTION('',(0.E0,0.E0,-1.E0));
#8667=AXIS2_PLACEMENT_3D('',#8664,#8665,#8666);
#8668=PLANE('',#8667);
#8669=ORIENTED_EDGE('',*,*,#4185,.T.);
#8671=ORIENTED_EDGE('',*,*,#8670,.F.);
#8673=ORIENTED_EDGE('',*,*,#8672,.F.);
#8675=ORIENTED_EDGE('',*,*,#8674,.F.);
#8677=ORIENTED_EDGE('',*,*,#8676,.T.);
#8679=ORIENTED_EDGE('',*,*,#8678,.T.);
#8681=ORIENTED_EDGE('',*,*,#8680,.T.);
#8683=ORIENTED_EDGE('',*,*,#8682,.F.);
#8685=ORIENTED_EDGE('',*,*,#8684,.F.);
#8687=ORIENTED_EDGE('',*,*,#8686,.F.);
#8689=ORIENTED_EDGE('',*,*,#8688,.F.);
#8691=ORIENTED_EDGE('',*,*,#8690,.F.);
#8693=ORIENTED_EDGE('',*,*,#8692,.F.);
#8695=ORIENTED_EDGE('',*,*,#8694,.F.);
#8697=ORIENTED_EDGE('',*,*,#8696,.F.);
#8699=ORIENTED_EDGE('',*,*,#8698,.F.);
#8701=ORIENTED_EDGE('',*,*,#8700,.F.);
#8703=ORIENTED_EDGE('',*,*,#8702,.F.);
#8704=ORIENTED_EDGE('',*,*,#6286,.F.);
#8705=EDGE_LOOP('',(#8669,#8671,#8673,#8675,#8677,#8679,#8681,#8683,#8685,#8687,
#8689,#8691,#8693,#8695,#8697,#8699,#8701,#8703,#8704));
#8706=FACE_OUTER_BOUND('',#8705,.F.);
#8707=ADVANCED_FACE('',(#8706),#8668,.F.);
#8708=CARTESIAN_POINT('',(2.17172E1,-4.394552465392E1,-9.171027150874E-1));
#8709=DIRECTION('',(0.E0,-1.273612968548E-1,9.918563908467E-1));
#8710=DIRECTION('',(0.E0,-9.918563908467E-1,-1.273612968548E-1));
#8711=AXIS2_PLACEMENT_3D('',#8708,#8709,#8710);
#8712=PLANE('',#8711);
#8713=ORIENTED_EDGE('',*,*,#4183,.T.);
#8715=ORIENTED_EDGE('',*,*,#8714,.T.);
#8717=ORIENTED_EDGE('',*,*,#8716,.T.);
#8718=ORIENTED_EDGE('',*,*,#8670,.T.);
#8719=EDGE_LOOP('',(#8713,#8715,#8717,#8718));
#8720=FACE_OUTER_BOUND('',#8719,.F.);
#8721=ADVANCED_FACE('',(#8720),#8712,.T.);
#8722=CARTESIAN_POINT('',(2.23268E1,-6.485499999982E1,0.E0));
#8723=DIRECTION('',(1.E0,0.E0,0.E0));
#8724=DIRECTION('',(0.E0,0.E0,-1.E0));
#8725=AXIS2_PLACEMENT_3D('',#8722,#8723,#8724);
#8726=PLANE('',#8725);
#8727=ORIENTED_EDGE('',*,*,#4181,.F.);
#8728=ORIENTED_EDGE('',*,*,#6290,.T.);
#8730=ORIENTED_EDGE('',*,*,#8729,.F.);
#8732=ORIENTED_EDGE('',*,*,#8731,.F.);
#8734=ORIENTED_EDGE('',*,*,#8733,.F.);
#8736=ORIENTED_EDGE('',*,*,#8735,.F.);
#8738=ORIENTED_EDGE('',*,*,#8737,.F.);
#8740=ORIENTED_EDGE('',*,*,#8739,.F.);
#8742=ORIENTED_EDGE('',*,*,#8741,.F.);
#8744=ORIENTED_EDGE('',*,*,#8743,.F.);
#8746=ORIENTED_EDGE('',*,*,#8745,.F.);
#8748=ORIENTED_EDGE('',*,*,#8747,.F.);
#8750=ORIENTED_EDGE('',*,*,#8749,.F.);
#8752=ORIENTED_EDGE('',*,*,#8751,.T.);
#8754=ORIENTED_EDGE('',*,*,#8753,.T.);
#8756=ORIENTED_EDGE('',*,*,#8755,.F.);
#8758=ORIENTED_EDGE('',*,*,#8757,.F.);
#8760=ORIENTED_EDGE('',*,*,#8759,.F.);
#8761=ORIENTED_EDGE('',*,*,#8714,.F.);
#8762=EDGE_LOOP('',(#8727,#8728,#8730,#8732,#8734,#8736,#8738,#8740,#8742,#8744,
#8746,#8748,#8750,#8752,#8754,#8756,#8758,#8760,#8761));
#8763=FACE_OUTER_BOUND('',#8762,.F.);
#8764=ADVANCED_FACE('',(#8763),#8726,.T.);
#8765=CARTESIAN_POINT('',(2.17172E1,-4.389699999982E1,-1.295E0));
#8766=DIRECTION('',(1.E0,0.E0,0.E0));
#8767=DIRECTION('',(0.E0,0.E0,-1.E0));
#8768=AXIS2_PLACEMENT_3D('',#8765,#8766,#8767);
#8769=CYLINDRICAL_SURFACE('',#8768,3.81E-1);
#8770=ORIENTED_EDGE('',*,*,#6288,.F.);
#8771=ORIENTED_EDGE('',*,*,#8702,.T.);
#8773=ORIENTED_EDGE('',*,*,#8772,.F.);
#8774=ORIENTED_EDGE('',*,*,#8729,.T.);
#8775=EDGE_LOOP('',(#8770,#8771,#8773,#8774));
#8776=FACE_OUTER_BOUND('',#8775,.F.);
#8777=ADVANCED_FACE('',(#8776),#8769,.T.);
#8778=CARTESIAN_POINT('',(2.17172E1,-4.313499999982E1,-1.666169377225E0));
#8779=DIRECTION('',(0.E0,7.952921829518E-1,6.062263139585E-1));
#8780=DIRECTION('',(0.E0,-6.062263139585E-1,7.952921829518E-1));
#8781=AXIS2_PLACEMENT_3D('',#8778,#8779,#8780);
#8782=PLANE('',#8781);
#8783=ORIENTED_EDGE('',*,*,#8772,.T.);
#8784=ORIENTED_EDGE('',*,*,#8700,.T.);
#8786=ORIENTED_EDGE('',*,*,#8785,.T.);
#8787=ORIENTED_EDGE('',*,*,#8731,.T.);
#8788=EDGE_LOOP('',(#8783,#8784,#8786,#8787));
#8789=FACE_OUTER_BOUND('',#8788,.F.);
#8790=ADVANCED_FACE('',(#8789),#8782,.T.);
#8791=CARTESIAN_POINT('',(2.17172E1,-4.333700421429E1,-1.820150860970E0));
#8792=DIRECTION('',(0.E0,6.062263139585E-1,-7.952921829518E-1));
#8793=DIRECTION('',(0.E0,7.952921829518E-1,6.062263139585E-1));
#8794=AXIS2_PLACEMENT_3D('',#8791,#8792,#8793);
#8795=PLANE('',#8794);
#8796=ORIENTED_EDGE('',*,*,#8785,.F.);
#8797=ORIENTED_EDGE('',*,*,#8698,.T.);
#8799=ORIENTED_EDGE('',*,*,#8798,.T.);
#8800=ORIENTED_EDGE('',*,*,#8733,.T.);
#8801=EDGE_LOOP('',(#8796,#8797,#8799,#8800));
#8802=FACE_OUTER_BOUND('',#8801,.F.);
#8803=ADVANCED_FACE('',(#8802),#8795,.T.);
#8804=CARTESIAN_POINT('',(2.17172E1,-4.379599789259E1,-1.218009258127E0));
#8805=DIRECTION('',(0.E0,-7.952921829518E-1,-6.062263139585E-1));
#8806=DIRECTION('',(0.E0,6.062263139585E-1,-7.952921829518E-1));
#8807=AXIS2_PLACEMENT_3D('',#8804,#8805,#8806);
#8808=PLANE('',#8807);
#8809=ORIENTED_EDGE('',*,*,#8798,.F.);
#8810=ORIENTED_EDGE('',*,*,#8696,.T.);
#8812=ORIENTED_EDGE('',*,*,#8811,.T.);
#8813=ORIENTED_EDGE('',*,*,#8735,.T.);
#8814=EDGE_LOOP('',(#8809,#8810,#8812,#8813));
#8815=FACE_OUTER_BOUND('',#8814,.F.);
#8816=ADVANCED_FACE('',(#8815),#8808,.T.);
#8817=CARTESIAN_POINT('',(2.17172E1,-4.389699999982E1,-1.295E0));
#8818=DIRECTION('',(1.E0,0.E0,0.E0));
#8819=DIRECTION('',(0.E0,0.E0,-1.E0));
#8820=AXIS2_PLACEMENT_3D('',#8817,#8818,#8819);
#8821=CYLINDRICAL_SURFACE('',#8820,1.27E-1);
#8822=ORIENTED_EDGE('',*,*,#8811,.F.);
#8823=ORIENTED_EDGE('',*,*,#8694,.T.);
#8824=ORIENTED_EDGE('',*,*,#8692,.T.);
#8826=ORIENTED_EDGE('',*,*,#8825,.F.);
#8827=ORIENTED_EDGE('',*,*,#8739,.T.);
#8828=ORIENTED_EDGE('',*,*,#8737,.T.);
#8829=EDGE_LOOP('',(#8822,#8823,#8824,#8826,#8827,#8828));
#8830=FACE_OUTER_BOUND('',#8829,.F.);
#8831=ADVANCED_FACE('',(#8830),#8821,.F.);
#8832=CARTESIAN_POINT('',(2.17172E1,-4.466403050714E1,-1.265449351205E0));
#8833=DIRECTION('',(0.E0,1.273612968548E-1,-9.918563908467E-1));
#8834=DIRECTION('',(0.E0,9.918563908467E-1,1.273612968548E-1));
#8835=AXIS2_PLACEMENT_3D('',#8832,#8833,#8834);
#8836=PLANE('',#8835);
#8837=ORIENTED_EDGE('',*,*,#8825,.T.);
#8838=ORIENTED_EDGE('',*,*,#8690,.T.);
#8840=ORIENTED_EDGE('',*,*,#8839,.T.);
#8841=ORIENTED_EDGE('',*,*,#8741,.T.);
#8842=EDGE_LOOP('',(#8837,#8838,#8840,#8841));
#8843=FACE_OUTER_BOUND('',#8842,.F.);
#8844=ADVANCED_FACE('',(#8843),#8836,.T.);
#8845=CARTESIAN_POINT('',(2.17172E1,-4.473519999982E1,-7.112E-1));
#8846=DIRECTION('',(1.E0,0.E0,0.E0));
#8847=DIRECTION('',(0.E0,0.E0,-1.E0));
#8848=AXIS2_PLACEMENT_3D('',#8845,#8846,#8847);
#8849=CYLINDRICAL_SURFACE('',#8848,5.588E-1);
#8850=ORIENTED_EDGE('',*,*,#8839,.F.);
#8851=ORIENTED_EDGE('',*,*,#8688,.T.);
#8852=ORIENTED_EDGE('',*,*,#8686,.T.);
#8854=ORIENTED_EDGE('',*,*,#8853,.F.);
#8855=ORIENTED_EDGE('',*,*,#8745,.T.);
#8856=ORIENTED_EDGE('',*,*,#8743,.T.);
#8857=EDGE_LOOP('',(#8850,#8851,#8852,#8854,#8855,#8856));
#8858=FACE_OUTER_BOUND('',#8857,.F.);
#8859=ADVANCED_FACE('',(#8858),#8849,.T.);
#8860=CARTESIAN_POINT('',(2.17172E1,-4.529399999982E1,2.5E-1));
#8861=DIRECTION('',(0.E0,-1.E0,0.E0));
#8862=DIRECTION('',(0.E0,0.E0,-1.E0));
#8863=AXIS2_PLACEMENT_3D('',#8860,#8861,#8862);
#8864=PLANE('',#8863);
#8865=ORIENTED_EDGE('',*,*,#8853,.T.);
#8866=ORIENTED_EDGE('',*,*,#8684,.T.);
#8868=ORIENTED_EDGE('',*,*,#8867,.T.);
#8869=ORIENTED_EDGE('',*,*,#8747,.T.);
#8870=EDGE_LOOP('',(#8865,#8866,#8868,#8869));
#8871=FACE_OUTER_BOUND('',#8870,.F.);
#8872=ADVANCED_FACE('',(#8871),#8864,.T.);
#8873=CARTESIAN_POINT('',(3.465891647074E1,-4.554799999982E1,-2.54E-1));
#8874=DIRECTION('',(-1.E0,0.E0,0.E0));
#8875=DIRECTION('',(0.E0,0.E0,1.E0));
#8876=AXIS2_PLACEMENT_3D('',#8873,#8874,#8875);
#8877=CYLINDRICAL_SURFACE('',#8876,2.54E-1);
#8879=ORIENTED_EDGE('',*,*,#8878,.F.);
#8880=ORIENTED_EDGE('',*,*,#8749,.T.);
#8881=ORIENTED_EDGE('',*,*,#8867,.F.);
#8882=ORIENTED_EDGE('',*,*,#8682,.T.);
#8883=EDGE_LOOP('',(#8879,#8880,#8881,#8882));
#8884=FACE_OUTER_BOUND('',#8883,.F.);
#8885=ADVANCED_FACE('',(#8884),#8877,.F.);
#8886=CARTESIAN_POINT('',(2.7102E1,-6.485499999982E1,0.E0));
#8887=DIRECTION('',(0.E0,0.E0,1.E0));
#8888=DIRECTION('',(1.E0,0.E0,0.E0));
#8889=AXIS2_PLACEMENT_3D('',#8886,#8887,#8888);
#8890=PLANE('',#8889);
#8891=ORIENTED_EDGE('',*,*,#4193,.F.);
#8893=ORIENTED_EDGE('',*,*,#8892,.T.);
#8895=ORIENTED_EDGE('',*,*,#8894,.F.);
#8897=ORIENTED_EDGE('',*,*,#8896,.T.);
#8899=ORIENTED_EDGE('',*,*,#8898,.T.);
#8901=ORIENTED_EDGE('',*,*,#8900,.T.);
#8903=ORIENTED_EDGE('',*,*,#8902,.F.);
#8905=ORIENTED_EDGE('',*,*,#8904,.T.);
#8906=ORIENTED_EDGE('',*,*,#4197,.F.);
#8908=ORIENTED_EDGE('',*,*,#8907,.T.);
#8909=ORIENTED_EDGE('',*,*,#8751,.F.);
#8910=ORIENTED_EDGE('',*,*,#8878,.T.);
#8911=ORIENTED_EDGE('',*,*,#8680,.F.);
#8913=ORIENTED_EDGE('',*,*,#8912,.T.);
#8914=EDGE_LOOP('',(#8891,#8893,#8895,#8897,#8899,#8901,#8903,#8905,#8906,#8908,
#8909,#8910,#8911,#8913));
#8915=FACE_OUTER_BOUND('',#8914,.F.);
#8916=ADVANCED_FACE('',(#8915),#8890,.F.);
#8917=CARTESIAN_POINT('',(2.1387E1,-4.313499999982E1,0.E0));
#8918=DIRECTION('',(-1.E0,0.E0,0.E0));
#8919=DIRECTION('',(0.E0,-1.E0,0.E0));
#8920=AXIS2_PLACEMENT_3D('',#8917,#8918,#8919);
#8921=PLANE('',#8920);
#8922=ORIENTED_EDGE('',*,*,#4295,.T.);
#8924=ORIENTED_EDGE('',*,*,#8923,.T.);
#8926=ORIENTED_EDGE('',*,*,#8925,.T.);
#8928=ORIENTED_EDGE('',*,*,#8927,.F.);
#8929=ORIENTED_EDGE('',*,*,#8892,.F.);
#8930=EDGE_LOOP('',(#8922,#8924,#8926,#8928,#8929));
#8931=FACE_OUTER_BOUND('',#8930,.F.);
#8932=ADVANCED_FACE('',(#8931),#8921,.T.);
#8933=CARTESIAN_POINT('',(2.2657E1,-4.313499999982E1,0.E0));
#8934=DIRECTION('',(0.E0,1.E0,0.E0));
#8935=DIRECTION('',(-1.E0,0.E0,0.E0));
#8936=AXIS2_PLACEMENT_3D('',#8933,#8934,#8935);
#8937=PLANE('',#8936);
#8938=ORIENTED_EDGE('',*,*,#4293,.F.);
#8940=ORIENTED_EDGE('',*,*,#8939,.T.);
#8942=ORIENTED_EDGE('',*,*,#8941,.T.);
#8943=ORIENTED_EDGE('',*,*,#8923,.F.);
#8944=EDGE_LOOP('',(#8938,#8940,#8942,#8943));
#8945=FACE_OUTER_BOUND('',#8944,.F.);
#8946=ADVANCED_FACE('',(#8945),#8937,.T.);
#8947=CARTESIAN_POINT('',(2.17172E1,-4.313499999982E1,2.5E-1));
#8948=DIRECTION('',(-1.E0,0.E0,0.E0));
#8949=DIRECTION('',(0.E0,-1.E0,0.E0));
#8950=AXIS2_PLACEMENT_3D('',#8947,#8948,#8949);
#8951=PLANE('',#8950);
#8952=ORIENTED_EDGE('',*,*,#4291,.F.);
#8953=ORIENTED_EDGE('',*,*,#8912,.F.);
#8955=ORIENTED_EDGE('',*,*,#8954,.F.);
#8957=ORIENTED_EDGE('',*,*,#8956,.T.);
#8958=ORIENTED_EDGE('',*,*,#8939,.F.);
#8959=EDGE_LOOP('',(#8952,#8953,#8955,#8957,#8958));
#8960=FACE_OUTER_BOUND('',#8959,.F.);
#8961=ADVANCED_FACE('',(#8960),#8951,.F.);
#8962=CARTESIAN_POINT('',(3.465891647074E1,-4.529399999982E1,-4.E-3));
#8963=DIRECTION('',(-1.E0,0.E0,0.E0));
#8964=DIRECTION('',(0.E0,0.E0,1.E0));
#8965=AXIS2_PLACEMENT_3D('',#8962,#8963,#8964);
#8966=CYLINDRICAL_SURFACE('',#8965,2.54E-1);
#8967=ORIENTED_EDGE('',*,*,#8753,.F.);
#8969=ORIENTED_EDGE('',*,*,#8968,.T.);
#8971=ORIENTED_EDGE('',*,*,#8970,.F.);
#8972=ORIENTED_EDGE('',*,*,#8954,.T.);
#8973=ORIENTED_EDGE('',*,*,#8678,.F.);
#8975=ORIENTED_EDGE('',*,*,#8974,.F.);
#8976=EDGE_LOOP('',(#8967,#8969,#8971,#8972,#8973,#8975));
#8977=FACE_OUTER_BOUND('',#8976,.F.);
#8978=ADVANCED_FACE('',(#8977),#8966,.T.);
#8979=CARTESIAN_POINT('',(2.23268E1,-4.503999999982E1,2.5E-1));
#8980=DIRECTION('',(1.E0,0.E0,0.E0));
#8981=DIRECTION('',(0.E0,1.E0,0.E0));
#8982=AXIS2_PLACEMENT_3D('',#8979,#8980,#8981);
#8983=PLANE('',#8982);
#8984=ORIENTED_EDGE('',*,*,#4288,.T.);
#8986=ORIENTED_EDGE('',*,*,#8985,.T.);
#8988=ORIENTED_EDGE('',*,*,#8987,.T.);
#8989=ORIENTED_EDGE('',*,*,#8968,.F.);
#8990=ORIENTED_EDGE('',*,*,#8907,.F.);
#8991=EDGE_LOOP('',(#8984,#8986,#8988,#8989,#8990));
#8992=FACE_OUTER_BOUND('',#8991,.F.);
#8993=ADVANCED_FACE('',(#8992),#8983,.F.);
#8994=CARTESIAN_POINT('',(2.2657E1,-4.313499999982E1,0.E0));
#8995=DIRECTION('',(0.E0,1.E0,0.E0));
#8996=DIRECTION('',(-1.E0,0.E0,0.E0));
#8997=AXIS2_PLACEMENT_3D('',#8994,#8995,#8996);
#8998=PLANE('',#8997);
#8999=ORIENTED_EDGE('',*,*,#4286,.F.);
#9001=ORIENTED_EDGE('',*,*,#9000,.T.);
#9003=ORIENTED_EDGE('',*,*,#9002,.F.);
#9004=ORIENTED_EDGE('',*,*,#8985,.F.);
#9005=EDGE_LOOP('',(#8999,#9001,#9003,#9004));
#9006=FACE_OUTER_BOUND('',#9005,.F.);
#9007=ADVANCED_FACE('',(#9006),#8998,.T.);
#9008=CARTESIAN_POINT('',(2.2657E1,-4.567499999982E1,0.E0));
#9009=DIRECTION('',(1.E0,0.E0,0.E0));
#9010=DIRECTION('',(0.E0,1.E0,0.E0));
#9011=AXIS2_PLACEMENT_3D('',#9008,#9009,#9010);
#9012=PLANE('',#9011);
#9013=ORIENTED_EDGE('',*,*,#4284,.F.);
#9014=ORIENTED_EDGE('',*,*,#8904,.F.);
#9016=ORIENTED_EDGE('',*,*,#9015,.T.);
#9018=ORIENTED_EDGE('',*,*,#9017,.F.);
#9019=ORIENTED_EDGE('',*,*,#9000,.F.);
#9020=EDGE_LOOP('',(#9013,#9014,#9016,#9018,#9019));
#9021=FACE_OUTER_BOUND('',#9020,.F.);
#9022=ADVANCED_FACE('',(#9021),#9012,.T.);
#9023=CARTESIAN_POINT('',(2.2277E1,-4.605499999982E1,0.E0));
#9024=DIRECTION('',(7.071067811866E-1,-7.071067811865E-1,0.E0));
#9025=DIRECTION('',(7.071067811865E-1,7.071067811866E-1,0.E0));
#9026=AXIS2_PLACEMENT_3D('',#9023,#9024,#9025);
#9027=PLANE('',#9026);
#9028=ORIENTED_EDGE('',*,*,#9015,.F.);
#9029=ORIENTED_EDGE('',*,*,#8902,.T.);
#9031=ORIENTED_EDGE('',*,*,#9030,.T.);
#9033=ORIENTED_EDGE('',*,*,#9032,.T.);
#9034=EDGE_LOOP('',(#9028,#9029,#9031,#9033));
#9035=FACE_OUTER_BOUND('',#9034,.F.);
#9036=ADVANCED_FACE('',(#9035),#9027,.T.);
#9037=CARTESIAN_POINT('',(2.2277E1,-6.231499999982E1,0.E0));
#9038=DIRECTION('',(1.E0,0.E0,0.E0));
#9039=DIRECTION('',(0.E0,1.E0,0.E0));
#9040=AXIS2_PLACEMENT_3D('',#9037,#9038,#9039);
#9041=PLANE('',#9040);
#9042=ORIENTED_EDGE('',*,*,#8900,.F.);
#9044=ORIENTED_EDGE('',*,*,#9043,.F.);
#9046=ORIENTED_EDGE('',*,*,#9045,.F.);
#9047=ORIENTED_EDGE('',*,*,#9030,.F.);
#9048=EDGE_LOOP('',(#9042,#9044,#9046,#9047));
#9049=FACE_OUTER_BOUND('',#9048,.F.);
#9050=ADVANCED_FACE('',(#9049),#9041,.T.);
#9051=CARTESIAN_POINT('',(3.103E1,-5.9777E1,-2.875E0));
#9052=DIRECTION('',(0.E0,1.E0,0.E0));
#9053=DIRECTION('',(-1.E0,0.E0,0.E0));
#9054=AXIS2_PLACEMENT_3D('',#9051,#9052,#9053);
#9055=PLANE('',#9054);
#9056=ORIENTED_EDGE('',*,*,#9043,.T.);
#9057=ORIENTED_EDGE('',*,*,#8898,.F.);
#9059=ORIENTED_EDGE('',*,*,#9058,.T.);
#9061=ORIENTED_EDGE('',*,*,#9060,.T.);
#9062=EDGE_LOOP('',(#9056,#9057,#9059,#9061));
#9063=FACE_OUTER_BOUND('',#9062,.F.);
#9064=ADVANCED_FACE('',(#9063),#9055,.F.);
#9065=CARTESIAN_POINT('',(2.1767E1,-4.605499999982E1,0.E0));
#9066=DIRECTION('',(-1.E0,0.E0,0.E0));
#9067=DIRECTION('',(0.E0,-1.E0,0.E0));
#9068=AXIS2_PLACEMENT_3D('',#9065,#9066,#9067);
#9069=PLANE('',#9068);
#9071=ORIENTED_EDGE('',*,*,#9070,.T.);
#9072=ORIENTED_EDGE('',*,*,#9058,.F.);
#9073=ORIENTED_EDGE('',*,*,#8896,.F.);
#9075=ORIENTED_EDGE('',*,*,#9074,.T.);
#9076=EDGE_LOOP('',(#9071,#9072,#9073,#9075));
#9077=FACE_OUTER_BOUND('',#9076,.F.);
#9078=ADVANCED_FACE('',(#9077),#9069,.T.);
#9079=CARTESIAN_POINT('',(2.7102E1,-6.485499999982E1,2.5E-1));
#9080=DIRECTION('',(0.E0,0.E0,1.E0));
#9081=DIRECTION('',(1.E0,0.E0,0.E0));
#9082=AXIS2_PLACEMENT_3D('',#9079,#9080,#9081);
#9083=PLANE('',#9082);
#9084=ORIENTED_EDGE('',*,*,#9045,.T.);
#9085=ORIENTED_EDGE('',*,*,#9060,.F.);
#9086=ORIENTED_EDGE('',*,*,#9070,.F.);
#9088=ORIENTED_EDGE('',*,*,#9087,.F.);
#9089=ORIENTED_EDGE('',*,*,#8925,.F.);
#9090=ORIENTED_EDGE('',*,*,#8941,.F.);
#9091=ORIENTED_EDGE('',*,*,#8956,.F.);
#9092=ORIENTED_EDGE('',*,*,#8970,.T.);
#9093=ORIENTED_EDGE('',*,*,#8987,.F.);
#9094=ORIENTED_EDGE('',*,*,#9002,.T.);
#9095=ORIENTED_EDGE('',*,*,#9017,.T.);
#9096=ORIENTED_EDGE('',*,*,#9032,.F.);
#9097=EDGE_LOOP('',(#9084,#9085,#9086,#9088,#9089,#9090,#9091,#9092,#9093,#9094,
#9095,#9096));
#9098=FACE_OUTER_BOUND('',#9097,.F.);
#9099=ADVANCED_FACE('',(#9098),#9083,.T.);
#9100=CARTESIAN_POINT('',(2.1387E1,-4.567499999982E1,0.E0));
#9101=DIRECTION('',(-7.071067811866E-1,-7.071067811865E-1,0.E0));
#9102=DIRECTION('',(7.071067811865E-1,-7.071067811866E-1,0.E0));
#9103=AXIS2_PLACEMENT_3D('',#9100,#9101,#9102);
#9104=PLANE('',#9103);
#9105=ORIENTED_EDGE('',*,*,#9074,.F.);
#9106=ORIENTED_EDGE('',*,*,#8894,.T.);
#9107=ORIENTED_EDGE('',*,*,#8927,.T.);
#9108=ORIENTED_EDGE('',*,*,#9087,.T.);
#9109=EDGE_LOOP('',(#9105,#9106,#9107,#9108));
#9110=FACE_OUTER_BOUND('',#9109,.F.);
#9111=ADVANCED_FACE('',(#9110),#9104,.T.);
#9112=CARTESIAN_POINT('',(2.17172E1,-4.503999999982E1,2.5E-1));
#9113=DIRECTION('',(0.E0,-1.E0,0.E0));
#9114=DIRECTION('',(1.E0,0.E0,0.E0));
#9115=AXIS2_PLACEMENT_3D('',#9112,#9113,#9114);
#9116=PLANE('',#9115);
#9117=ORIENTED_EDGE('',*,*,#8974,.T.);
#9118=ORIENTED_EDGE('',*,*,#8676,.F.);
#9120=ORIENTED_EDGE('',*,*,#9119,.T.);
#9121=ORIENTED_EDGE('',*,*,#8755,.T.);
#9122=EDGE_LOOP('',(#9117,#9118,#9120,#9121));
#9123=FACE_OUTER_BOUND('',#9122,.F.);
#9124=ADVANCED_FACE('',(#9123),#9116,.F.);
#9125=CARTESIAN_POINT('',(2.17172E1,-4.473519999982E1,-7.112E-1));
#9126=DIRECTION('',(1.E0,0.E0,0.E0));
#9127=DIRECTION('',(0.E0,0.E0,-1.E0));
#9128=AXIS2_PLACEMENT_3D('',#9125,#9126,#9127);
#9129=CYLINDRICAL_SURFACE('',#9128,3.048E-1);
#9130=ORIENTED_EDGE('',*,*,#9119,.F.);
#9131=ORIENTED_EDGE('',*,*,#8674,.T.);
#9132=ORIENTED_EDGE('',*,*,#8672,.T.);
#9133=ORIENTED_EDGE('',*,*,#8716,.F.);
#9134=ORIENTED_EDGE('',*,*,#8759,.T.);
#9135=ORIENTED_EDGE('',*,*,#8757,.T.);
#9136=EDGE_LOOP('',(#9130,#9131,#9132,#9133,#9134,#9135));
#9137=FACE_OUTER_BOUND('',#9136,.F.);
#9138=ADVANCED_FACE('',(#9137),#9129,.F.);
#9139=CARTESIAN_POINT('',(2.42572E1,-4.389699999982E1,-1.295E0));
#9140=DIRECTION('',(1.E0,0.E0,0.E0));
#9141=DIRECTION('',(0.E0,0.E0,-1.E0));
#9142=AXIS2_PLACEMENT_3D('',#9139,#9140,#9141);
#9143=CYLINDRICAL_SURFACE('',#9142,3.81E-1);
#9144=ORIENTED_EDGE('',*,*,#6294,.F.);
#9145=ORIENTED_EDGE('',*,*,#6184,.T.);
#9147=ORIENTED_EDGE('',*,*,#9146,.F.);
#9148=ORIENTED_EDGE('',*,*,#6229,.T.);
#9149=EDGE_LOOP('',(#9144,#9145,#9147,#9148));
#9150=FACE_OUTER_BOUND('',#9149,.F.);
#9151=ADVANCED_FACE('',(#9150),#9143,.T.);
#9152=CARTESIAN_POINT('',(2.42572E1,-4.313499999982E1,-1.666169377225E0));
#9153=DIRECTION('',(0.E0,7.952921829518E-1,6.062263139585E-1));
#9154=DIRECTION('',(0.E0,-6.062263139585E-1,7.952921829518E-1));
#9155=AXIS2_PLACEMENT_3D('',#9152,#9153,#9154);
#9156=PLANE('',#9155);
#9157=ORIENTED_EDGE('',*,*,#9146,.T.);
#9158=ORIENTED_EDGE('',*,*,#6182,.T.);
#9160=ORIENTED_EDGE('',*,*,#9159,.T.);
#9161=ORIENTED_EDGE('',*,*,#6231,.T.);
#9162=EDGE_LOOP('',(#9157,#9158,#9160,#9161));
#9163=FACE_OUTER_BOUND('',#9162,.F.);
#9164=ADVANCED_FACE('',(#9163),#9156,.T.);
#9165=CARTESIAN_POINT('',(2.42572E1,-4.333700421429E1,-1.820150860970E0));
#9166=DIRECTION('',(0.E0,6.062263139585E-1,-7.952921829518E-1));
#9167=DIRECTION('',(0.E0,7.952921829518E-1,6.062263139585E-1));
#9168=AXIS2_PLACEMENT_3D('',#9165,#9166,#9167);
#9169=PLANE('',#9168);
#9170=ORIENTED_EDGE('',*,*,#9159,.F.);
#9171=ORIENTED_EDGE('',*,*,#6180,.T.);
#9173=ORIENTED_EDGE('',*,*,#9172,.T.);
#9174=ORIENTED_EDGE('',*,*,#6233,.T.);
#9175=EDGE_LOOP('',(#9170,#9171,#9173,#9174));
#9176=FACE_OUTER_BOUND('',#9175,.F.);
#9177=ADVANCED_FACE('',(#9176),#9169,.T.);
#9178=CARTESIAN_POINT('',(2.42572E1,-4.379599789259E1,-1.218009258127E0));
#9179=DIRECTION('',(0.E0,-7.952921829518E-1,-6.062263139585E-1));
#9180=DIRECTION('',(0.E0,6.062263139585E-1,-7.952921829518E-1));
#9181=AXIS2_PLACEMENT_3D('',#9178,#9179,#9180);
#9182=PLANE('',#9181);
#9183=ORIENTED_EDGE('',*,*,#9172,.F.);
#9184=ORIENTED_EDGE('',*,*,#6178,.T.);
#9186=ORIENTED_EDGE('',*,*,#9185,.T.);
#9187=ORIENTED_EDGE('',*,*,#6235,.T.);
#9188=EDGE_LOOP('',(#9183,#9184,#9186,#9187));
#9189=FACE_OUTER_BOUND('',#9188,.F.);
#9190=ADVANCED_FACE('',(#9189),#9182,.T.);
#9191=CARTESIAN_POINT('',(2.42572E1,-4.389699999982E1,-1.295E0));
#9192=DIRECTION('',(1.E0,0.E0,0.E0));
#9193=DIRECTION('',(0.E0,0.E0,-1.E0));
#9194=AXIS2_PLACEMENT_3D('',#9191,#9192,#9193);
#9195=CYLINDRICAL_SURFACE('',#9194,1.27E-1);
#9196=ORIENTED_EDGE('',*,*,#9185,.F.);
#9197=ORIENTED_EDGE('',*,*,#6176,.T.);
#9198=ORIENTED_EDGE('',*,*,#6174,.T.);
#9200=ORIENTED_EDGE('',*,*,#9199,.F.);
#9201=ORIENTED_EDGE('',*,*,#6239,.T.);
#9202=ORIENTED_EDGE('',*,*,#6237,.T.);
#9203=EDGE_LOOP('',(#9196,#9197,#9198,#9200,#9201,#9202));
#9204=FACE_OUTER_BOUND('',#9203,.F.);
#9205=ADVANCED_FACE('',(#9204),#9195,.F.);
#9206=CARTESIAN_POINT('',(2.42572E1,-4.466403050714E1,-1.265449351205E0));
#9207=DIRECTION('',(0.E0,1.273612968548E-1,-9.918563908467E-1));
#9208=DIRECTION('',(0.E0,9.918563908467E-1,1.273612968548E-1));
#9209=AXIS2_PLACEMENT_3D('',#9206,#9207,#9208);
#9210=PLANE('',#9209);
#9211=ORIENTED_EDGE('',*,*,#9199,.T.);
#9212=ORIENTED_EDGE('',*,*,#6172,.T.);
#9214=ORIENTED_EDGE('',*,*,#9213,.T.);
#9215=ORIENTED_EDGE('',*,*,#6241,.T.);
#9216=EDGE_LOOP('',(#9211,#9212,#9214,#9215));
#9217=FACE_OUTER_BOUND('',#9216,.F.);
#9218=ADVANCED_FACE('',(#9217),#9210,.T.);
#9219=CARTESIAN_POINT('',(2.42572E1,-4.473519999982E1,-7.112E-1));
#9220=DIRECTION('',(1.E0,0.E0,0.E0));
#9221=DIRECTION('',(0.E0,0.E0,-1.E0));
#9222=AXIS2_PLACEMENT_3D('',#9219,#9220,#9221);
#9223=CYLINDRICAL_SURFACE('',#9222,5.588E-1);
#9224=ORIENTED_EDGE('',*,*,#9213,.F.);
#9225=ORIENTED_EDGE('',*,*,#6170,.T.);
#9226=ORIENTED_EDGE('',*,*,#6168,.T.);
#9228=ORIENTED_EDGE('',*,*,#9227,.F.);
#9229=ORIENTED_EDGE('',*,*,#6245,.T.);
#9230=ORIENTED_EDGE('',*,*,#6243,.T.);
#9231=EDGE_LOOP('',(#9224,#9225,#9226,#9228,#9229,#9230));
#9232=FACE_OUTER_BOUND('',#9231,.F.);
#9233=ADVANCED_FACE('',(#9232),#9223,.T.);
#9234=CARTESIAN_POINT('',(2.42572E1,-4.529399999982E1,2.5E-1));
#9235=DIRECTION('',(0.E0,-1.E0,0.E0));
#9236=DIRECTION('',(0.E0,0.E0,-1.E0));
#9237=AXIS2_PLACEMENT_3D('',#9234,#9235,#9236);
#9238=PLANE('',#9237);
#9239=ORIENTED_EDGE('',*,*,#6166,.T.);
#9241=ORIENTED_EDGE('',*,*,#9240,.T.);
#9242=ORIENTED_EDGE('',*,*,#6247,.T.);
#9243=ORIENTED_EDGE('',*,*,#9227,.T.);
#9244=EDGE_LOOP('',(#9239,#9241,#9242,#9243));
#9245=FACE_OUTER_BOUND('',#9244,.F.);
#9246=ADVANCED_FACE('',(#9245),#9238,.T.);
#9247=CARTESIAN_POINT('',(3.465891647074E1,-4.554799999982E1,-2.54E-1));
#9248=DIRECTION('',(-1.E0,0.E0,0.E0));
#9249=DIRECTION('',(0.E0,0.E0,1.E0));
#9250=AXIS2_PLACEMENT_3D('',#9247,#9248,#9249);
#9251=CYLINDRICAL_SURFACE('',#9250,2.54E-1);
#9252=ORIENTED_EDGE('',*,*,#6164,.T.);
#9253=ORIENTED_EDGE('',*,*,#6076,.F.);
#9254=ORIENTED_EDGE('',*,*,#6249,.T.);
#9255=ORIENTED_EDGE('',*,*,#9240,.F.);
#9256=EDGE_LOOP('',(#9252,#9253,#9254,#9255));
#9257=FACE_OUTER_BOUND('',#9256,.F.);
#9258=ADVANCED_FACE('',(#9257),#9251,.F.);
#9259=CARTESIAN_POINT('',(2.48668E1,-4.503999999982E1,2.5E-1));
#9260=DIRECTION('',(1.E0,0.E0,0.E0));
#9261=DIRECTION('',(0.E0,1.E0,0.E0));
#9262=AXIS2_PLACEMENT_3D('',#9259,#9260,#9261);
#9263=PLANE('',#9262);
#9264=ORIENTED_EDGE('',*,*,#4274,.T.);
#9266=ORIENTED_EDGE('',*,*,#9265,.T.);
#9268=ORIENTED_EDGE('',*,*,#9267,.T.);
#9269=ORIENTED_EDGE('',*,*,#6141,.F.);
#9270=ORIENTED_EDGE('',*,*,#6072,.F.);
#9271=EDGE_LOOP('',(#9264,#9266,#9268,#9269,#9270));
#9272=FACE_OUTER_BOUND('',#9271,.F.);
#9273=ADVANCED_FACE('',(#9272),#9263,.F.);
#9274=CARTESIAN_POINT('',(2.5197E1,-4.313499999982E1,0.E0));
#9275=DIRECTION('',(0.E0,1.E0,0.E0));
#9276=DIRECTION('',(-1.E0,0.E0,0.E0));
#9277=AXIS2_PLACEMENT_3D('',#9274,#9275,#9276);
#9278=PLANE('',#9277);
#9279=ORIENTED_EDGE('',*,*,#4272,.F.);
#9280=ORIENTED_EDGE('',*,*,#6047,.T.);
#9282=ORIENTED_EDGE('',*,*,#9281,.F.);
#9283=ORIENTED_EDGE('',*,*,#9265,.F.);
#9284=EDGE_LOOP('',(#9279,#9280,#9282,#9283));
#9285=FACE_OUTER_BOUND('',#9284,.F.);
#9286=ADVANCED_FACE('',(#9285),#9278,.T.);
#9287=CARTESIAN_POINT('',(2.7102E1,-6.485499999982E1,2.5E-1));
#9288=DIRECTION('',(0.E0,0.E0,1.E0));
#9289=DIRECTION('',(1.E0,0.E0,0.E0));
#9290=AXIS2_PLACEMENT_3D('',#9287,#9288,#9289);
#9291=PLANE('',#9290);
#9293=ORIENTED_EDGE('',*,*,#9292,.T.);
#9295=ORIENTED_EDGE('',*,*,#9294,.F.);
#9297=ORIENTED_EDGE('',*,*,#9296,.F.);
#9299=ORIENTED_EDGE('',*,*,#9298,.F.);
#9300=ORIENTED_EDGE('',*,*,#6093,.F.);
#9301=ORIENTED_EDGE('',*,*,#6109,.F.);
#9302=ORIENTED_EDGE('',*,*,#6124,.F.);
#9303=ORIENTED_EDGE('',*,*,#6143,.T.);
#9304=ORIENTED_EDGE('',*,*,#9267,.F.);
#9305=ORIENTED_EDGE('',*,*,#9281,.T.);
#9306=ORIENTED_EDGE('',*,*,#6045,.T.);
#9308=ORIENTED_EDGE('',*,*,#9307,.F.);
#9309=EDGE_LOOP('',(#9293,#9295,#9297,#9299,#9300,#9301,#9302,#9303,#9304,#9305,
#9306,#9308));
#9310=FACE_OUTER_BOUND('',#9309,.F.);
#9311=ADVANCED_FACE('',(#9310),#9291,.T.);
#9312=CARTESIAN_POINT('',(2.4817E1,-6.231499999982E1,0.E0));
#9313=DIRECTION('',(1.E0,0.E0,0.E0));
#9314=DIRECTION('',(0.E0,1.E0,0.E0));
#9315=AXIS2_PLACEMENT_3D('',#9312,#9313,#9314);
#9316=PLANE('',#9315);
#9317=ORIENTED_EDGE('',*,*,#6066,.F.);
#9319=ORIENTED_EDGE('',*,*,#9318,.F.);
#9320=ORIENTED_EDGE('',*,*,#9292,.F.);
#9322=ORIENTED_EDGE('',*,*,#9321,.F.);
#9323=EDGE_LOOP('',(#9317,#9319,#9320,#9322));
#9324=FACE_OUTER_BOUND('',#9323,.F.);
#9325=ADVANCED_FACE('',(#9324),#9316,.T.);
#9326=CARTESIAN_POINT('',(3.103E1,-5.9777E1,-2.875E0));
#9327=DIRECTION('',(0.E0,1.E0,0.E0));
#9328=DIRECTION('',(-1.E0,0.E0,0.E0));
#9329=AXIS2_PLACEMENT_3D('',#9326,#9327,#9328);
#9330=PLANE('',#9329);
#9331=ORIENTED_EDGE('',*,*,#9318,.T.);
#9332=ORIENTED_EDGE('',*,*,#6064,.F.);
#9334=ORIENTED_EDGE('',*,*,#9333,.T.);
#9335=ORIENTED_EDGE('',*,*,#9294,.T.);
#9336=EDGE_LOOP('',(#9331,#9332,#9334,#9335));
#9337=FACE_OUTER_BOUND('',#9336,.F.);
#9338=ADVANCED_FACE('',(#9337),#9330,.F.);
#9339=CARTESIAN_POINT('',(2.4307E1,-4.605499999982E1,0.E0));
#9340=DIRECTION('',(-1.E0,0.E0,0.E0));
#9341=DIRECTION('',(0.E0,-1.E0,0.E0));
#9342=AXIS2_PLACEMENT_3D('',#9339,#9340,#9341);
#9343=PLANE('',#9342);
#9344=ORIENTED_EDGE('',*,*,#9296,.T.);
#9345=ORIENTED_EDGE('',*,*,#9333,.F.);
#9346=ORIENTED_EDGE('',*,*,#6062,.F.);
#9348=ORIENTED_EDGE('',*,*,#9347,.T.);
#9349=EDGE_LOOP('',(#9344,#9345,#9346,#9348));
#9350=FACE_OUTER_BOUND('',#9349,.F.);
#9351=ADVANCED_FACE('',(#9350),#9343,.T.);
#9352=CARTESIAN_POINT('',(2.3927E1,-4.567499999982E1,0.E0));
#9353=DIRECTION('',(-7.071067811866E-1,-7.071067811865E-1,0.E0));
#9354=DIRECTION('',(7.071067811865E-1,-7.071067811866E-1,0.E0));
#9355=AXIS2_PLACEMENT_3D('',#9352,#9353,#9354);
#9356=PLANE('',#9355);
#9357=ORIENTED_EDGE('',*,*,#9347,.F.);
#9358=ORIENTED_EDGE('',*,*,#6060,.T.);
#9359=ORIENTED_EDGE('',*,*,#6095,.T.);
#9360=ORIENTED_EDGE('',*,*,#9298,.T.);
#9361=EDGE_LOOP('',(#9357,#9358,#9359,#9360));
#9362=FACE_OUTER_BOUND('',#9361,.F.);
#9363=ADVANCED_FACE('',(#9362),#9356,.T.);
#9364=CARTESIAN_POINT('',(2.4817E1,-4.605499999982E1,0.E0));
#9365=DIRECTION('',(7.071067811866E-1,-7.071067811865E-1,0.E0));
#9366=DIRECTION('',(7.071067811865E-1,7.071067811866E-1,0.E0));
#9367=AXIS2_PLACEMENT_3D('',#9364,#9365,#9366);
#9368=PLANE('',#9367);
#9369=ORIENTED_EDGE('',*,*,#6043,.F.);
#9370=ORIENTED_EDGE('',*,*,#6068,.T.);
#9371=ORIENTED_EDGE('',*,*,#9321,.T.);
#9372=ORIENTED_EDGE('',*,*,#9307,.T.);
#9373=EDGE_LOOP('',(#9369,#9370,#9371,#9372));
#9374=FACE_OUTER_BOUND('',#9373,.F.);
#9375=ADVANCED_FACE('',(#9374),#9368,.T.);
#9376=CLOSED_SHELL('',(#4132,#4211,#4245,#4262,#4350,#4365,#4386,#4411,#4433,
#4460,#4483,#4508,#4536,#4555,#4576,#4599,#4620,#4642,#4668,#4690,#4712,#4734,
#4766,#4788,#4810,#4832,#4858,#4880,#4913,#4934,#4967,#4988,#5007,#5028,#5065,
#5111,#5155,#5172,#5194,#5212,#5224,#5245,#5264,#5284,#5302,#5320,#5409,#5430,
#5464,#5485,#5573,#5593,#5612,#5633,#5722,#5743,#5776,#5797,#5885,#5905,#5924,
#5947,#5968,#5988,#6008,#6027,#6051,#6084,#6100,#6114,#6129,#6148,#6190,#6207,
#6220,#6259,#6318,#6337,#6359,#6382,#6405,#6428,#6453,#6474,#6497,#6520,#6542,
#6562,#6584,#6604,#6626,#6646,#6668,#6687,#6711,#6732,#6755,#6775,#6803,#6829,
#6857,#6888,#6934,#6978,#6995,#7017,#7058,#7099,#7120,#7161,#7201,#7227,#7251,
#7274,#7295,#7322,#7347,#7370,#7395,#7418,#7441,#7462,#7485,#7507,#7525,#7537,
#7557,#7577,#7596,#7617,#7638,#7657,#7677,#7699,#7718,#7768,#7782,#7824,#7837,
#7850,#7863,#7876,#7891,#7904,#7919,#7932,#7944,#7962,#7977,#7991,#8006,#8020,
#8034,#8048,#8062,#8085,#8097,#8110,#8123,#8136,#8150,#8194,#8208,#8251,#8264,
#8277,#8290,#8303,#8318,#8331,#8346,#8359,#8372,#8403,#8419,#8433,#8448,#8465,
#8478,#8492,#8507,#8521,#8536,#8550,#8564,#8578,#8592,#8613,#8625,#8638,#8651,
#8663,#8707,#8721,#8764,#8777,#8790,#8803,#8816,#8831,#8844,#8859,#8872,#8885,
#8916,#8932,#8946,#8961,#8978,#8993,#9007,#9022,#9036,#9050,#9064,#9078,#9099,
#9111,#9124,#9138,#9151,#9164,#9177,#9190,#9205,#9218,#9233,#9246,#9258,#9273,
#9286,#9311,#9325,#9338,#9351,#9363,#9375));
#9377=CARTESIAN_POINT('',(3.004644196828E1,-3.588337359180E1,3.E-2));
#9378=CARTESIAN_POINT('',(3.004668065643E1,-3.588974035181E1,3.E-2));
#9379=CARTESIAN_POINT('',(3.00468E1,-3.589610934814E1,3.E-2));
#9380=CARTESIAN_POINT('',(3.00468E1,-3.590248058076E1,3.E-2));
#9382=DIRECTION('',(-7.280856967197E-1,6.854861181907E-1,0.E0));
#9383=VECTOR('',#9382,3.661635054879E-2);
#9384=CARTESIAN_POINT('',(2.891211220150E1,-3.54176E1,3.E-2));
#9385=LINE('',#9384,#9383);
#9386=CARTESIAN_POINT('',(2.95402E1,-3.59256E1,3.E-2));
#9387=DIRECTION('',(0.E0,0.E0,-1.E0));
#9388=DIRECTION('',(-6.294177777403E-13,1.E0,0.E0));
#9389=AXIS2_PLACEMENT_3D('',#9386,#9387,#9388);
#9391=CARTESIAN_POINT('',(2.953681941924E1,-3.53925E1,3.E-2));
#9392=CARTESIAN_POINT('',(2.957775434653E1,-3.53925E1,3.E-2));
#9393=CARTESIAN_POINT('',(2.965059813325E1,-3.540187079351E1,3.E-2));
#9394=CARTESIAN_POINT('',(2.977424595369E1,-3.544349388083E1,3.E-2));
#9395=CARTESIAN_POINT('',(2.989740971102E1,-3.552811784214E1,3.E-2));
#9396=CARTESIAN_POINT('',(2.998658876924E1,-3.564802445399E1,3.E-2));
#9397=CARTESIAN_POINT('',(3.003281514175E1,-3.577002588695E1,3.E-2));
#9398=CARTESIAN_POINT('',(3.004490840598E1,-3.584246740084E1,3.E-2));
#9399=CARTESIAN_POINT('',(3.004644196828E1,-3.588337359180E1,3.E-2));
#9401=DIRECTION('',(1.E0,1.090848433492E-14,0.E0));
#9402=VECTOR('',#9401,6.513670588365E-1);
#9403=CARTESIAN_POINT('',(2.888545236040E1,-3.53925E1,3.E-2));
#9404=LINE('',#9403,#9402);
#9405=DIRECTION('',(0.E0,-2.368475785867E-13,1.E0));
#9406=VECTOR('',#9405,3.E-2);
#9407=CARTESIAN_POINT('',(3.00482E1,-3.648721641799E1,0.E0));
#9408=LINE('',#9407,#9406);
#9409=DIRECTION('',(0.E0,-1.E0,0.E0));
#9410=VECTOR('',#9409,5.616164179919E-1);
#9411=CARTESIAN_POINT('',(3.00482E1,-3.59256E1,3.E-2));
#9412=LINE('',#9411,#9410);
#9413=DIRECTION('',(-7.280856967192E-1,6.854861181913E-1,0.E0));
#9414=VECTOR('',#9413,1.922850574201E-3);
#9415=CARTESIAN_POINT('',(3.00482E1,-3.648721641799E1,3.E-2));
#9416=LINE('',#9415,#9414);
#9417=DIRECTION('',(-8.726240984442E-3,8.215677200835E-3,-9.999281751038E-1));
#9418=VECTOR('',#9417,4.187210942746E-1);
#9419=CARTESIAN_POINT('',(3.005045386117E1,-3.648933840796E1,
4.486910196754E-1));
#9420=LINE('',#9419,#9418);
#9421=DIRECTION('',(2.187558370418E-7,9.999999887468E-1,1.500210024527E-4));
#9422=VECTOR('',#9421,5.904856321911E-1);
#9423=CARTESIAN_POINT('',(3.005045386117E1,-3.648933840796E1,
4.486910196754E-1));
#9424=LINE('',#9423,#9422);
#9425=DIRECTION('',(-8.724670776678E-3,-8.662131862862E-3,-9.999244209396E-1));
#9426=VECTOR('',#9425,4.188112582833E-1);
#9427=CARTESIAN_POINT('',(3.005045399035E1,-3.589885278242E1,
4.487796049219E-1));
#9428=LINE('',#9427,#9426);
#9429=DIRECTION('',(0.E0,-1.E0,0.E0));
#9430=VECTOR('',#9429,5.834177498536E-1);
#9431=CARTESIAN_POINT('',(3.00468E1,-3.590248058076E1,3.E-2));
#9432=LINE('',#9431,#9430);
#9433=CARTESIAN_POINT('',(3.005045386117E1,-3.648933840796E1,
4.486910196754E-1));
#9434=CARTESIAN_POINT('',(3.005048347879E1,-3.648936629268E1,
4.520848617676E-1));
#9435=CARTESIAN_POINT('',(3.005031194113E1,-3.648920481521E1,
4.588838029927E-1));
#9436=CARTESIAN_POINT('',(3.004967844905E1,-3.648860831707E1,
4.656703304780E-1));
#9437=CARTESIAN_POINT('',(3.004924211978E1,-3.648819751700E1,
4.690747575611E-1));
#9439=CARTESIAN_POINT('',(3.004924211978E1,-3.648819751700E1,
4.690747575611E-1));
#9440=CARTESIAN_POINT('',(3.004844167480E1,-3.647151251503E1,
4.753201707029E-1));
#9441=CARTESIAN_POINT('',(3.004610205679E1,-3.643964208152E1,
4.873063077016E-1));
#9442=CARTESIAN_POINT('',(3.004090985540E1,-3.639651639976E1,
5.035192218839E-1));
#9443=CARTESIAN_POINT('',(3.003436378533E1,-3.635752050122E1,
5.182006486192E-1));
#9444=CARTESIAN_POINT('',(3.002671661307E1,-3.632236931194E1,
5.314476290211E-1));
#9445=CARTESIAN_POINT('',(3.001814708027E1,-3.629075178786E1,
5.433755912364E-1));
#9446=CARTESIAN_POINT('',(3.000878360403E1,-3.626244142718E1,
5.540741886357E-1));
#9447=CARTESIAN_POINT('',(2.999871530429E1,-3.623724499176E1,
5.636159083593E-1));
#9448=CARTESIAN_POINT('',(2.998801505760E1,-3.621500555554E1,
5.720456872988E-1));
#9449=CARTESIAN_POINT('',(2.997669378949E1,-3.619565590879E1,
5.794177500095E-1));
#9450=CARTESIAN_POINT('',(2.996479209284E1,-3.617916552941E1,
5.857257903532E-1));
#9451=CARTESIAN_POINT('',(2.995241262912E1,-3.616548414895E1,
5.909295850398E-1));
#9452=CARTESIAN_POINT('',(2.993956488576E1,-3.615485455845E1,
5.950222103754E-1));
#9453=CARTESIAN_POINT('',(2.992648867778E1,-3.614737563805E1,
5.979206045002E-1));
#9454=CARTESIAN_POINT('',(2.991373013083E1,-3.614322975503E1,
5.995854836789E-1));
#9455=CARTESIAN_POINT('',(2.990567944656E1,-3.614240440857E1,
5.999601645586E-1));
#9456=CARTESIAN_POINT('',(2.990176855309E1,-3.61425E1,5.999942944088E-1));
#9458=CARTESIAN_POINT('',(2.990045957271E1,-3.61425E1,4.5E-1));
#9459=DIRECTION('',(0.E0,-1.E0,0.E0));
#9460=DIRECTION('',(8.726535498387E-3,0.E0,9.999619230642E-1));
#9461=AXIS2_PLACEMENT_3D('',#9458,#9459,#9460);
#9463=DIRECTION('',(-4.957140438498E-12,9.999999999998E-1,-6.547023192070E-7));
#9464=VECTOR('',#9463,2.436732761112E-1);
#9465=CARTESIAN_POINT('',(2.990045957271E1,-3.61425E1,6.E-1));
#9466=LINE('',#9465,#9464);
#9467=CARTESIAN_POINT('',(3.003659008182E1,-3.647628578119E1,
6.254000640715E-1));
#9468=CARTESIAN_POINT('',(3.003648100462E1,-3.647618308599E1,
6.186682353705E-1));
#9469=CARTESIAN_POINT('',(3.003663728368E1,-3.647633022660E1,
6.046482969421E-1));
#9470=CARTESIAN_POINT('',(3.003774374190E1,-3.647737194441E1,
5.818321380242E-1));
#9471=CARTESIAN_POINT('',(3.003958810035E1,-3.647910839382E1,
5.570977954251E-1));
#9472=CARTESIAN_POINT('',(3.004210403029E1,-3.648147711156E1,
5.302436539436E-1));
#9473=CARTESIAN_POINT('',(3.004527164617E1,-3.648445942126E1,
5.011077091469E-1));
#9474=CARTESIAN_POINT('',(3.004784026665E1,-3.648687768492E1,
4.800134380971E-1));
#9475=CARTESIAN_POINT('',(3.004924211978E1,-3.648819751700E1,
4.690747575611E-1));
#9477=CARTESIAN_POINT('',(2.990273568491E1,-3.635026307688E1,
7.109414516547E-1));
#9478=CARTESIAN_POINT('',(2.990548577331E1,-3.635285226031E1,
7.147878041954E-1));
#9479=CARTESIAN_POINT('',(2.991109190222E1,-3.635813038030E1,
7.220089565280E-1));
#9480=CARTESIAN_POINT('',(2.991885375037E1,-3.636543809037E1,
7.310952854065E-1));
#9481=CARTESIAN_POINT('',(2.992767209905E1,-3.637374048577E1,
7.411292778966E-1));
#9482=CARTESIAN_POINT('',(2.993715236493E1,-3.638266607202E1,
7.525418848795E-1));
#9483=CARTESIAN_POINT('',(2.994530523907E1,-3.639034192422E1,
7.643941983167E-1));
#9484=CARTESIAN_POINT('',(2.995170863066E1,-3.639637067940E1,
7.772424532007E-1));
#9485=CARTESIAN_POINT('',(2.995598984633E1,-3.640040133171E1,
7.910770080085E-1));
#9486=CARTESIAN_POINT('',(2.995829511575E1,-3.640257199689E1,
8.057791664473E-1));
#9487=CARTESIAN_POINT('',(2.995872061723E1,-3.640297191897E1,
8.162810411330E-1));
#9488=CARTESIAN_POINT('',(2.995868588761E1,-3.640293922134E1,
8.216758423678E-1));
#9490=CARTESIAN_POINT('',(2.990394959741E1,-3.61425E1,8.499847743698E-1));
#9491=DIRECTION('',(9.999619359244E-1,0.E0,-8.725061732044E-3));
#9492=DIRECTION('',(-4.852792173963E-3,-8.310551561268E-1,-5.561688393673E-1));
#9493=AXIS2_PLACEMENT_3D('',#9490,#9491,#9492);
#9495=CARTESIAN_POINT('',(3.004221023570E1,-3.648157710891E1,
9.856622941094E-1));
#9496=CARTESIAN_POINT('',(3.004160448829E1,-3.648100680319E1,
9.452975278321E-1));
#9497=CARTESIAN_POINT('',(3.004038172268E1,-3.647985557992E1,
8.647897141236E-1));
#9498=CARTESIAN_POINT('',(3.003850999577E1,-3.647809336804E1,
7.447006731955E-1));
#9499=CARTESIAN_POINT('',(3.003723507560E1,-3.647689303701E1,
6.650749906601E-1));
#9500=CARTESIAN_POINT('',(3.003659008182E1,-3.647628578119E1,
6.254000640715E-1));
#9502=CARTESIAN_POINT('',(2.995868588761E1,-3.640293922134E1,
8.216758423678E-1));
#9503=CARTESIAN_POINT('',(2.995851407866E1,-3.640277746477E1,
8.490403848157E-1));
#9504=CARTESIAN_POINT('',(2.995817725229E1,-3.640246104627E1,
9.038297922478E-1));
#9505=CARTESIAN_POINT('',(2.995785407609E1,-3.640215654529E1,
9.588491030938E-1));
#9506=CARTESIAN_POINT('',(2.995769558835E1,-3.640200733051E1,
9.863998422634E-1));
#9508=CARTESIAN_POINT('',(2.995868588761E1,-3.640293922134E1,
8.216758423678E-1));
#9509=CARTESIAN_POINT('',(2.996278102865E1,-3.640456756496E1,
8.172784749359E-1));
#9510=CARTESIAN_POINT('',(2.997080863193E1,-3.640818927348E1,
8.075880705517E-1));
#9511=CARTESIAN_POINT('',(2.998223466353E1,-3.641463777124E1,
7.902663474474E-1));
#9512=CARTESIAN_POINT('',(2.999307684793E1,-3.642211694853E1,
7.702328736861E-1));
#9513=CARTESIAN_POINT('',(3.000329463547E1,-3.643063387948E1,
7.474282414978E-1));
#9514=CARTESIAN_POINT('',(3.001285150078E1,-3.644022365160E1,
7.217658955264E-1));
#9515=CARTESIAN_POINT('',(3.002168715819E1,-3.645094421504E1,
6.930995285401E-1));
#9516=CARTESIAN_POINT('',(3.002970174894E1,-3.646285098241E1,
6.612621509170E-1));
#9517=CARTESIAN_POINT('',(3.003442755493E1,-3.647167138882E1,
6.377353391552E-1));
#9518=CARTESIAN_POINT('',(3.003659008182E1,-3.647628578119E1,
6.254000640715E-1));
#9520=CARTESIAN_POINT('',(2.995769558835E1,-3.640200733051E1,
9.863998422634E-1));
#9521=CARTESIAN_POINT('',(2.995765193215E1,-3.640196622860E1,
9.939888227677E-1));
#9522=CARTESIAN_POINT('',(2.995784286407E1,-3.640214598928E1,1.008376813870E0));
#9523=CARTESIAN_POINT('',(2.995874258698E1,-3.640299307029E1,1.027378688773E0));
#9524=CARTESIAN_POINT('',(2.996018196151E1,-3.640434822843E1,1.044424930474E0));
#9525=CARTESIAN_POINT('',(2.996214169915E1,-3.640619330374E1,1.059617697463E0));
#9526=CARTESIAN_POINT('',(2.996463123867E1,-3.640853718275E1,1.073073197107E0));
#9527=CARTESIAN_POINT('',(2.996771124359E1,-3.641143697961E1,1.084994220813E0));
#9528=CARTESIAN_POINT('',(2.997156898478E1,-3.641506900815E1,1.095507219439E0));
#9529=CARTESIAN_POINT('',(2.997597880635E1,-3.641922081541E1,1.103744247862E0));
#9530=CARTESIAN_POINT('',(2.998097448897E1,-3.642392420554E1,1.109826012469E0));
#9531=CARTESIAN_POINT('',(2.998645608081E1,-3.642908507483E1,1.113632377545E0));
#9532=CARTESIAN_POINT('',(2.999281406351E1,-3.643507105821E1,1.115159402874E0));
#9533=CARTESIAN_POINT('',(2.999997024827E1,-3.644180854164E1,1.113616496939E0));
#9534=CARTESIAN_POINT('',(3.000686557601E1,-3.644830043052E1,1.109187772680E0));
#9535=CARTESIAN_POINT('',(3.001345851987E1,-3.645450762772E1,1.102350693259E0));
#9536=CARTESIAN_POINT('',(3.001992414645E1,-3.646059495684E1,1.092865739752E0));
#9537=CARTESIAN_POINT('',(3.002608591037E1,-3.646639620201E1,1.080574172563E0));
#9538=CARTESIAN_POINT('',(3.003154198126E1,-3.647153304356E1,1.065954953010E0));
#9539=CARTESIAN_POINT('',(3.003620324527E1,-3.647592158159E1,1.048823015030E0));
#9540=CARTESIAN_POINT('',(3.003976402989E1,-3.647927402820E1,1.029443954290E0));
#9541=CARTESIAN_POINT('',(3.004194190669E1,-3.648132447957E1,1.008287686437E0));
#9542=CARTESIAN_POINT('',(3.004232576113E1,-3.648168587506E1,
9.933604815396E-1));
#9543=CARTESIAN_POINT('',(3.004221023570E1,-3.648157710891E1,
9.856622941094E-1));
#9545=CARTESIAN_POINT('',(2.990514466541E1,-3.65425E1,9.868584472206E-1));
#9546=DIRECTION('',(-8.726535498374E-3,0.E0,-9.999619230642E-1));
#9547=DIRECTION('',(3.503394862652E-1,9.366177965821E-1,-3.057366378519E-3));
#9548=AXIS2_PLACEMENT_3D('',#9545,#9546,#9547);
#9550=CARTESIAN_POINT('',(2.990045957271E1,-3.634812013790E1,
7.078016916809E-1));
#9551=CARTESIAN_POINT('',(2.990084291198E1,-3.634848104837E1,
7.083235717257E-1));
#9552=CARTESIAN_POINT('',(2.990160461927E1,-3.634919818898E1,
7.093673553548E-1));
#9553=CARTESIAN_POINT('',(2.990236084702E1,-3.634991017039E1,
7.104173918726E-1));
#9554=CARTESIAN_POINT('',(2.990273568491E1,-3.635026307688E1,
7.109414516547E-1));
#9556=CARTESIAN_POINT('',(2.990045957271E1,-3.61425E1,8.5E-1));
#9557=DIRECTION('',(1.E0,0.E0,0.E0));
#9558=DIRECTION('',(0.E0,-8.224805516114E-1,-5.687932332764E-1));
#9559=AXIS2_PLACEMENT_3D('',#9556,#9557,#9558);
#9561=CARTESIAN_POINT('',(2.990045957271E1,-3.634812013790E1,
7.078016916809E-1));
#9562=CARTESIAN_POINT('',(2.988562152188E1,-3.633415024684E1,
6.876010932332E-1));
#9563=CARTESIAN_POINT('',(2.985338733039E1,-3.630380204622E1,
6.557352838404E-1));
#9564=CARTESIAN_POINT('',(2.978259617641E1,-3.623715281307E1,
6.131003833948E-1));
#9565=CARTESIAN_POINT('',(2.972384566045E1,-3.618183973207E1,6.E-1));
#9566=CARTESIAN_POINT('',(2.968206115823E1,-3.61425E1,6.E-1));
#9568=DIRECTION('',(1.E0,-3.253424423590E-14,0.E0));
#9569=VECTOR('',#9568,2.183984144854E-1);
#9570=CARTESIAN_POINT('',(2.968206115823E1,-3.61425E1,6.E-1));
#9571=LINE('',#9570,#9569);
#9572=DIRECTION('',(7.280856967197E-1,-6.854861181907E-1,0.E0));
#9573=VECTOR('',#9572,5.291425995108E-1);
#9574=CARTESIAN_POINT('',(2.92968E1,-3.577978009349E1,6.E-1));
#9575=LINE('',#9574,#9573);
#9576=CARTESIAN_POINT('',(2.954048490379E1,-3.589881536605E1,
5.999963545859E-1));
#9577=DIRECTION('',(8.797685939430E-6,8.238961936052E-6,-9.999999999274E-1));
#9578=DIRECTION('',(-3.228939506708E-5,9.999999994448E-1,8.238677860257E-6));
#9579=AXIS2_PLACEMENT_3D('',#9576,#9577,#9578);
#9581=CARTESIAN_POINT('',(2.90468E1,-3.554440734778E1,8.500000000001E-1));
#9582=CARTESIAN_POINT('',(2.90468E1,-3.554440734778E1,8.252764094182E-1));
#9583=CARTESIAN_POINT('',(2.905339729737E1,-3.555061864376E1,
7.848903832739E-1));
#9584=CARTESIAN_POINT('',(2.907222152879E1,-3.556834148791E1,
7.365740288229E-1));
#9585=CARTESIAN_POINT('',(2.909738834708E1,-3.559203582039E1,
6.969689934935E-1));
#9586=CARTESIAN_POINT('',(2.913763870470E1,-3.562993116915E1,
6.533570763620E-1));
#9587=CARTESIAN_POINT('',(2.919922256140E1,-3.568791181492E1,
6.143223764596E-1));
#9588=CARTESIAN_POINT('',(2.926079821465E1,-3.574588473722E1,6.E-1));
#9589=CARTESIAN_POINT('',(2.92968E1,-3.577978009349E1,6.E-1));
#9591=DIRECTION('',(1.914548796052E-12,9.999999907140E-1,-1.362793691382E-4));
#9592=VECTOR('',#9591,5.566920549835E-3);
#9593=CARTESIAN_POINT('',(2.90468E1,-3.554440734778E1,8.5E-1));
#9594=LINE('',#9593,#9592);
#9595=DIRECTION('',(1.474524197174E-14,-1.E0,0.E0));
#9596=VECTOR('',#9595,2.409396662063E-1);
#9597=CARTESIAN_POINT('',(2.92968E1,-3.553884042729E1,6.E-1));
#9598=LINE('',#9597,#9596);
#9599=DIRECTION('',(7.772148148255E-12,3.160642891078E-7,-1.E0));
#9600=VECTOR('',#9599,2.253544078469E-1);
#9601=CARTESIAN_POINT('',(2.90468E1,-3.554440741901E1,1.075354407847E0));
#9602=LINE('',#9601,#9600);
#9603=CARTESIAN_POINT('',(2.90468E1,-3.589414162690E1,9.9E-1));
#9604=DIRECTION('',(-1.E0,0.E0,0.E0));
#9605=DIRECTION('',(0.E0,9.714874968135E-1,2.370907917552E-1));
#9606=AXIS2_PLACEMENT_3D('',#9603,#9604,#9605);
#9608=CARTESIAN_POINT('',(2.88968E1,-3.540318370036E1,1.128059097379E0));
#9609=CARTESIAN_POINT('',(2.890010523165E1,-3.540629554615E1,1.139125266783E0));
#9610=CARTESIAN_POINT('',(2.890729237616E1,-3.541306217790E1,1.159494721199E0));
#9611=CARTESIAN_POINT('',(2.891912564983E1,-3.542420309836E1,1.184826750856E0));
#9612=CARTESIAN_POINT('',(2.893198838906E1,-3.543631325136E1,1.205907004699E0));
#9613=CARTESIAN_POINT('',(2.894522257456E1,-3.544877311767E1,1.222304211201E0));
#9614=CARTESIAN_POINT('',(2.895866404947E1,-3.546142814509E1,1.234457339240E0));
#9615=CARTESIAN_POINT('',(2.897205536734E1,-3.547403595012E1,1.242388066199E0));
#9616=CARTESIAN_POINT('',(2.898457832723E1,-3.548582620394E1,1.246034525713E0));
#9617=CARTESIAN_POINT('',(2.899588739410E1,-3.549647358842E1,1.245944646956E0));
#9618=CARTESIAN_POINT('',(2.900602205687E1,-3.550601528203E1,1.242703847106E0));
#9619=CARTESIAN_POINT('',(2.901556922542E1,-3.551500385514E1,1.236127546171E0));
#9620=CARTESIAN_POINT('',(2.902407010024E1,-3.552300735211E1,1.226060879838E0));
#9621=CARTESIAN_POINT('',(2.903109133563E1,-3.552961778197E1,1.213064136678E0));
#9622=CARTESIAN_POINT('',(2.903677845008E1,-3.553497214873E1,1.197015893850E0));
#9623=CARTESIAN_POINT('',(2.904107094422E1,-3.553901349406E1,1.178077641509E0));
#9624=CARTESIAN_POINT('',(2.904404418722E1,-3.554181277253E1,1.156371261099E0));
#9625=CARTESIAN_POINT('',(2.904583917151E1,-3.554350274529E1,1.132012636201E0));
#9626=CARTESIAN_POINT('',(2.904668074445E1,-3.554429503670E1,1.105244213676E0));
#9627=CARTESIAN_POINT('',(2.904680002034E1,-3.554440743816E1,1.085604319916E0));
#9628=CARTESIAN_POINT('',(2.90468E1,-3.554440741901E1,1.075354407847E0));
#9630=CARTESIAN_POINT('',(2.88968E1,-3.589414162690E1,9.9E-1));
#9631=DIRECTION('',(-1.E0,0.E0,0.E0));
#9632=DIRECTION('',(0.E0,9.626626010560E-1,2.707041125070E-1));
#9633=AXIS2_PLACEMENT_3D('',#9630,#9631,#9632);
#9635=CARTESIAN_POINT('',(2.88968E1,-3.553415533459E1,9.868584472206E-1));
#9636=DIRECTION('',(0.E0,-8.726535498373E-3,-9.999619230642E-1));
#9637=DIRECTION('',(0.E0,9.999619230642E-1,-8.726535498373E-3));
#9638=AXIS2_PLACEMENT_3D('',#9635,#9636,#9637);
#9640=CARTESIAN_POINT('',(2.88968E1,-3.540318370036E1,1.128059097379E0));
#9641=CARTESIAN_POINT('',(2.888315212668E1,-3.539033435070E1,1.082364969379E0));
#9642=CARTESIAN_POINT('',(2.887613741760E1,-3.538373006535E1,1.034934973616E0));
#9643=CARTESIAN_POINT('',(2.887659518172E1,-3.538416104613E1,
9.855494668958E-1));
#9645=DIRECTION('',(1.E0,0.E0,9.453218171229E-13));
#9646=VECTOR('',#9645,2.020035471272E-2);
#9647=CARTESIAN_POINT('',(2.887659518172E1,-3.538416104613E1,
9.855494668958E-1));
#9648=LINE('',#9647,#9646);
#9649=DIRECTION('',(9.268448478740E-3,-8.726160667578E-3,-9.999189717086E-1));
#9650=VECTOR('',#9649,9.556268997107E-1);
#9651=CARTESIAN_POINT('',(2.887659518172E1,-3.538416104613E1,
9.855494668958E-1));
#9652=LINE('',#9651,#9650);
#9653=DIRECTION('',(8.662904740216E-3,8.724734969415E-3,9.999244136839E-1));
#9654=VECTOR('',#9653,4.187227243016E-1);
#9655=CARTESIAN_POINT('',(2.953681941924E1,-3.53925E1,3.E-2));
#9656=LINE('',#9655,#9654);
#9657=DIRECTION('',(1.663152843172E-5,8.726537477329E-3,9.999619229086E-1));
#9658=VECTOR('',#9657,5.369263615821E-1);
#9659=CARTESIAN_POINT('',(2.889678660652E1,-3.538884655415E1,
4.486435499078E-1));
#9660=LINE('',#9659,#9658);
#9661=DIRECTION('',(9.999999972741E-1,-3.123589575367E-7,7.383505738901E-5));
#9662=VECTOR('',#9661,6.436601695424E-1);
#9663=CARTESIAN_POINT('',(2.889678660652E1,-3.538884655415E1,
4.486435499078E-1));
#9664=LINE('',#9663,#9662);
#9665=CARTESIAN_POINT('',(2.954047328041E1,-3.553884042729E1,4.5E-1));
#9666=DIRECTION('',(1.E0,0.E0,0.E0));
#9667=DIRECTION('',(0.E0,9.999619230642E-1,-8.726535498374E-3));
#9668=AXIS2_PLACEMENT_3D('',#9665,#9666,#9667);
#9670=DIRECTION('',(-9.999999999996E-1,1.481310175470E-11,9.298509383997E-7));
#9671=VECTOR('',#9670,2.436732804131E-1);
#9672=CARTESIAN_POINT('',(2.954047328041E1,-3.553884042729E1,
5.999997734202E-1));
#9673=LINE('',#9672,#9671);
#9674=CARTESIAN_POINT('',(2.889678660652E1,-3.538884655415E1,
4.486435499078E-1));
#9675=CARTESIAN_POINT('',(2.891581028262E1,-3.538878455103E1,
4.557484038068E-1));
#9676=CARTESIAN_POINT('',(2.895207948443E1,-3.538968149249E1,
4.694697587207E-1));
#9677=CARTESIAN_POINT('',(2.900072265310E1,-3.539328830835E1,
4.876912089019E-1));
#9678=CARTESIAN_POINT('',(2.904464265382E1,-3.539864683301E1,
5.042234526440E-1));
#9679=CARTESIAN_POINT('',(2.908413241230E1,-3.540538305724E1,
5.190861999125E-1));
#9680=CARTESIAN_POINT('',(2.911959616851E1,-3.541322999280E1,
5.324526326201E-1));
#9681=CARTESIAN_POINT('',(2.915134767358E1,-3.542199394468E1,
5.444328509752E-1));
#9682=CARTESIAN_POINT('',(2.917965213517E1,-3.543153845914E1,
5.551320208737E-1));
#9683=CARTESIAN_POINT('',(2.920471362316E1,-3.544175842216E1,
5.646227550169E-1));
#9684=CARTESIAN_POINT('',(2.922670920017E1,-3.545257927240E1,
5.729646789412E-1));
#9685=CARTESIAN_POINT('',(2.924572414759E1,-3.546397390595E1,
5.802125545539E-1));
#9686=CARTESIAN_POINT('',(2.926182641806E1,-3.547589021639E1,
5.863700455543E-1));
#9687=CARTESIAN_POINT('',(2.927507620758E1,-3.548823098104E1,
5.914132586505E-1));
#9688=CARTESIAN_POINT('',(2.928525475863E1,-3.550093503512E1,
5.953334686246E-1));
#9689=CARTESIAN_POINT('',(2.929234164946E1,-3.551380171763E1,
5.980849243057E-1));
#9690=CARTESIAN_POINT('',(2.929617433695E1,-3.552628961238E1,
5.996352996357E-1));
#9691=CARTESIAN_POINT('',(2.929691372072E1,-3.553389150526E1,
5.999625099666E-1));
#9692=CARTESIAN_POINT('',(2.92968E1,-3.553753144708E1,5.999942752576E-1));
#9694=CARTESIAN_POINT('',(2.92968E1,-3.553534981309E1,8.499847692257E-1));
#9695=DIRECTION('',(0.E0,9.999619230642E-1,-8.726535497213E-3));
#9696=DIRECTION('',(0.E0,-8.726535497203E-3,-9.999619230642E-1));
#9697=AXIS2_PLACEMENT_3D('',#9694,#9695,#9696);
#9699=CARTESIAN_POINT('',(2.92968E1,-3.553884042729E1,4.5E-1));
#9700=DIRECTION('',(1.E0,0.E0,0.E0));
#9701=DIRECTION('',(0.E0,8.726535498387E-3,9.999619230642E-1));
#9702=AXIS2_PLACEMENT_3D('',#9699,#9700,#9701);
#9704=CARTESIAN_POINT('',(2.92968E1,-3.553884042729E1,8.5E-1));
#9705=DIRECTION('',(0.E0,1.E0,0.E0));
#9706=DIRECTION('',(0.E0,0.E0,-1.E0));
#9707=AXIS2_PLACEMENT_3D('',#9704,#9705,#9706);
#9709=CARTESIAN_POINT('',(2.90468E1,-3.553884042729E1,4.5E-1));
#9710=DIRECTION('',(-1.E0,0.E0,0.E0));
#9711=DIRECTION('',(0.E0,-4.973800417018E-13,1.E0));
#9712=AXIS2_PLACEMENT_3D('',#9709,#9710,#9711);
#9714=DIRECTION('',(6.795220740804E-8,8.716722781501E-3,9.999620086503E-1));
#9715=VECTOR('',#9714,1.368762523798E-1);
#9716=CARTESIAN_POINT('',(2.904679999069E1,-3.553534738897E1,
8.499872653104E-1));
#9717=LINE('',#9716,#9715);
#9718=CARTESIAN_POINT('',(2.889678660652E1,-3.538884655415E1,
4.486435499078E-1));
#9719=CARTESIAN_POINT('',(2.890368862108E1,-3.538868324978E1,
4.671680345244E-1));
#9720=CARTESIAN_POINT('',(2.891693455678E1,-3.538933245256E1,
5.023216217240E-1));
#9721=CARTESIAN_POINT('',(2.893478162876E1,-3.539249764828E1,
5.500317135288E-1));
#9722=CARTESIAN_POINT('',(2.895098834546E1,-3.539738994343E1,
5.932641863178E-1));
#9723=CARTESIAN_POINT('',(2.896563353558E1,-3.540366418028E1,
6.323789443620E-1));
#9724=CARTESIAN_POINT('',(2.897885184189E1,-3.541106997553E1,
6.676948218210E-1));
#9725=CARTESIAN_POINT('',(2.899075070807E1,-3.541942894872E1,
6.995034572678E-1));
#9726=CARTESIAN_POINT('',(2.900141780393E1,-3.542861008529E1,
7.280283883484E-1));
#9727=CARTESIAN_POINT('',(2.901092126611E1,-3.543851898691E1,
7.534599316920E-1));
#9728=CARTESIAN_POINT('',(2.901931289312E1,-3.544909064593E1,
7.759446100974E-1));
#9729=CARTESIAN_POINT('',(2.902663377081E1,-3.546029775201E1,
7.955606234916E-1));
#9730=CARTESIAN_POINT('',(2.903288689065E1,-3.547210700731E1,
8.123345507098E-1));
#9731=CARTESIAN_POINT('',(2.903805253438E1,-3.548447758973E1,
8.262434835634E-1));
#9732=CARTESIAN_POINT('',(2.904209104302E1,-3.549735422587E1,
8.370680217457E-1));
#9733=CARTESIAN_POINT('',(2.904491697525E1,-3.551048977720E1,
8.447171828204E-1));
#9734=CARTESIAN_POINT('',(2.904649147705E1,-3.552331231151E1,
8.490454105250E-1));
#9735=CARTESIAN_POINT('',(2.904679990665E1,-3.553141173415E1,
8.500118554985E-1));
#9736=CARTESIAN_POINT('',(2.904679999069E1,-3.553534738897E1,
8.499872653104E-1));
#9738=CARTESIAN_POINT('',(2.990045756524E1,-3.589882343392E1,
4.499996299264E-1));
#9739=DIRECTION('',(-2.584561965401E-5,-9.999999996321E-1,-8.239189315264E-6));
#9740=DIRECTION('',(9.999619452762E-1,-2.577275781915E-5,-8.723951809030E-3));
#9741=AXIS2_PLACEMENT_3D('',#9738,#9739,#9740);
#9743=CARTESIAN_POINT('',(2.954044677431E1,-3.538884675520E1,
4.486910745934E-1));
#9744=CARTESIAN_POINT('',(2.956270751163E1,-3.538884493246E1,
4.486347948035E-1));
#9745=CARTESIAN_POINT('',(2.960719311372E1,-3.539175778906E1,
4.485273538513E-1));
#9746=CARTESIAN_POINT('',(2.967290634471E1,-3.540483060100E1,
4.483920598864E-1));
#9747=CARTESIAN_POINT('',(2.973624418712E1,-3.542634460788E1,
4.482847247047E-1));
#9748=CARTESIAN_POINT('',(2.979622680819E1,-3.545593116595E1,
4.482067912626E-1));
#9749=CARTESIAN_POINT('',(2.985184555119E1,-3.549310022064E1,
4.481594635037E-1));
#9750=CARTESIAN_POINT('',(2.990214838957E1,-3.553722155968E1,
4.481435976524E-1));
#9751=CARTESIAN_POINT('',(2.994626139027E1,-3.558753448012E1,
4.481593155208E-1));
#9752=CARTESIAN_POINT('',(2.998342183655E1,-3.564316454130E1,
4.482076806144E-1));
#9753=CARTESIAN_POINT('',(3.001299555211E1,-3.570315388461E1,
4.482819309705E-1));
#9754=CARTESIAN_POINT('',(3.003448924955E1,-3.576647369297E1,
4.484032307649E-1));
#9755=CARTESIAN_POINT('',(3.004754508346E1,-3.583214554942E1,
4.484863536488E-1));
#9756=CARTESIAN_POINT('',(3.005045577035E1,-3.587660574825E1,
4.487233717360E-1));
#9757=CARTESIAN_POINT('',(3.005045399035E1,-3.589885278242E1,
4.487796049219E-1));
#9759=CARTESIAN_POINT('',(2.95402E1,-3.59256E1,3.E-2));
#9760=DIRECTION('',(0.E0,0.E0,1.E0));
#9761=DIRECTION('',(1.E0,-1.342757925846E-12,0.E0));
#9762=AXIS2_PLACEMENT_3D('',#9759,#9760,#9761);
#9764=DIRECTION('',(0.E0,0.E0,-1.E0));
#9765=VECTOR('',#9764,3.E-2);
#9766=CARTESIAN_POINT('',(2.95402E1,-3.54176E1,3.E-2));
#9767=LINE('',#9766,#9765);
#9768=DIRECTION('',(0.E0,-5.210646728907E-12,1.E0));
#9769=VECTOR('',#9768,3.E-2);
#9770=CARTESIAN_POINT('',(3.00482E1,-3.59256E1,0.E0));
#9771=LINE('',#9770,#9769);
#9772=DIRECTION('',(0.E0,2.368475785867E-13,1.E0));
#9773=VECTOR('',#9772,3.E-2);
#9774=CARTESIAN_POINT('',(2.891211220150E1,-3.54176E1,0.E0));
#9775=LINE('',#9774,#9773);
#9776=DIRECTION('',(-1.E0,2.262558634187E-14,0.E0));
#9777=VECTOR('',#9776,6.280877984984E-1);
#9778=CARTESIAN_POINT('',(2.95402E1,-3.54176E1,3.E-2));
#9779=LINE('',#9778,#9777);
#9780=DIRECTION('',(-7.280856967197E-1,6.854861181907E-1,0.E0));
#9781=VECTOR('',#9780,1.560376482627E0);
#9782=CARTESIAN_POINT('',(3.00482E1,-3.648721641799E1,0.E0));
#9783=LINE('',#9782,#9781);
#9784=DIRECTION('',(1.265174437565E-14,-1.E0,0.E0));
#9785=VECTOR('',#9784,5.616164179920E-1);
#9786=CARTESIAN_POINT('',(3.00482E1,-3.59256E1,0.E0));
#9787=LINE('',#9786,#9785);
#9788=CARTESIAN_POINT('',(2.95402E1,-3.59256E1,0.E0));
#9789=DIRECTION('',(0.E0,0.E0,1.E0));
#9790=DIRECTION('',(1.E0,-4.335989135544E-13,0.E0));
#9791=AXIS2_PLACEMENT_3D('',#9788,#9789,#9790);
#9793=DIRECTION('',(1.E0,0.E0,0.E0));
#9794=VECTOR('',#9793,6.280877984984E-1);
#9795=CARTESIAN_POINT('',(2.891211220150E1,-3.54176E1,0.E0));
#9796=LINE('',#9795,#9794);
#9797=CARTESIAN_POINT('',(2.88968E1,-3.538416104613E1,9.855494668958E-1));
#9798=CARTESIAN_POINT('',(2.904679999997E1,-3.553415213156E1,
9.868584192681E-1));
#9799=VERTEX_POINT('',#9797);
#9800=VERTEX_POINT('',#9798);
#9801=CARTESIAN_POINT('',(2.90468E1,-3.553884042729E1,8.499998981304E-1));
#9802=CARTESIAN_POINT('',(2.90468E1,-3.553534340861E1,8.499846114099E-1));
#9803=VERTEX_POINT('',#9801);
#9804=VERTEX_POINT('',#9802);
#9805=CARTESIAN_POINT('',(2.92968E1,-3.553884042729E1,6.E-1));
#9806=VERTEX_POINT('',#9805);
#9807=CARTESIAN_POINT('',(2.990176855304E1,-3.61425E1,5.999942884596E-1));
#9808=CARTESIAN_POINT('',(2.990045957271E1,-3.61425E1,6.E-1));
#9809=VERTEX_POINT('',#9807);
#9810=VERTEX_POINT('',#9808);
#9811=CARTESIAN_POINT('',(3.005045174855E1,-3.589882729983E1,
4.486910381015E-1));
#9812=CARTESIAN_POINT('',(2.990045957276E1,-3.589882466985E1,
5.999995214166E-1));
#9813=VERTEX_POINT('',#9811);
#9814=VERTEX_POINT('',#9812);
#9815=CARTESIAN_POINT('',(3.00468E1,-3.590248058076E1,3.E-2));
#9816=VERTEX_POINT('',#9815);
#9817=VERTEX_POINT('',#9743);
#9818=CARTESIAN_POINT('',(2.954047328041E1,-3.553884042729E1,6.E-1));
#9819=VERTEX_POINT('',#9818);
#9820=CARTESIAN_POINT('',(2.92968E1,-3.553753144696E1,5.999942884596E-1));
#9821=VERTEX_POINT('',#9820);
#9822=CARTESIAN_POINT('',(2.889678660652E1,-3.538884655415E1,
4.486435499078E-1));
#9823=VERTEX_POINT('',#9822);
#9824=CARTESIAN_POINT('',(3.00482E1,-3.59256E1,0.E0));
#9825=CARTESIAN_POINT('',(2.95402E1,-3.54176E1,0.E0));
#9826=VERTEX_POINT('',#9824);
#9827=VERTEX_POINT('',#9825);
#9828=CARTESIAN_POINT('',(2.95402E1,-3.54176E1,3.E-2));
#9829=VERTEX_POINT('',#9828);
#9830=VERTEX_POINT('',#9391);
#9831=VERTEX_POINT('',#9399);
#9832=CARTESIAN_POINT('',(3.00482E1,-3.59256E1,3.E-2));
#9833=VERTEX_POINT('',#9832);
#9834=CARTESIAN_POINT('',(3.00482E1,-3.648721641799E1,0.E0));
#9835=CARTESIAN_POINT('',(2.891211220150E1,-3.54176E1,0.E0));
#9836=VERTEX_POINT('',#9834);
#9837=VERTEX_POINT('',#9835);
#9838=CARTESIAN_POINT('',(2.891211220150E1,-3.54176E1,3.E-2));
#9839=CARTESIAN_POINT('',(2.888545236040E1,-3.53925E1,3.E-2));
#9840=VERTEX_POINT('',#9838);
#9841=VERTEX_POINT('',#9839);
#9842=CARTESIAN_POINT('',(3.00482E1,-3.648721641799E1,3.E-2));
#9843=VERTEX_POINT('',#9842);
#9844=CARTESIAN_POINT('',(3.00468E1,-3.648589833062E1,3.E-2));
#9845=VERTEX_POINT('',#9844);
#9846=VERTEX_POINT('',#9520);
#9847=VERTEX_POINT('',#9543);
#9848=VERTEX_POINT('',#9640);
#9849=VERTEX_POINT('',#9643);
#9850=VERTEX_POINT('',#9628);
#9851=CARTESIAN_POINT('',(2.90468E1,-3.554440734778E1,8.5E-1));
#9852=VERTEX_POINT('',#9851);
#9853=VERTEX_POINT('',#9589);
#9854=VERTEX_POINT('',#9550);
#9855=VERTEX_POINT('',#9554);
#9856=VERTEX_POINT('',#9467);
#9857=VERTEX_POINT('',#9475);
#9858=VERTEX_POINT('',#9488);
#9859=VERTEX_POINT('',#9433);
#9860=CARTESIAN_POINT('',(2.968206115823E1,-3.61425E1,6.E-1));
#9861=VERTEX_POINT('',#9860);
#9862=CARTESIAN_POINT('',(2.954979833009E1,-3.588950166991E1,1.521686407373E0));
#9863=DIRECTION('',(-8.726203243944E-3,-8.726203243944E-3,-9.999238504776E-1));
#9864=DIRECTION('',(0.E0,9.999619230642E-1,-8.726535498374E-3));
#9865=AXIS2_PLACEMENT_3D('',#9862,#9863,#9864);
#9866=CYLINDRICAL_SURFACE('',#9865,5.1E-1);
#9868=ORIENTED_EDGE('',*,*,#9867,.T.);
#9870=ORIENTED_EDGE('',*,*,#9869,.T.);
#9872=ORIENTED_EDGE('',*,*,#9871,.F.);
#9874=ORIENTED_EDGE('',*,*,#9873,.F.);
#9876=ORIENTED_EDGE('',*,*,#9875,.F.);
#9877=EDGE_LOOP('',(#9868,#9870,#9872,#9874,#9876));
#9878=FACE_OUTER_BOUND('',#9877,.F.);
#9879=ADVANCED_FACE('',(#9878),#9866,.T.);
#9880=FILL_AREA_STYLE_COLOUR('',#95);
#9881=FILL_AREA_STYLE('',(#9880));
#9882=SURFACE_STYLE_FILL_AREA(#9881);
#9883=SURFACE_SIDE_STYLE('',(#9882));
#9884=SURFACE_STYLE_USAGE(.BOTH.,#9883);
#9885=PRESENTATION_STYLE_ASSIGNMENT((#9884));
#9886=STYLED_ITEM('',(#9885),#9879);
#9887=CARTESIAN_POINT('',(2.08788E1,-4.4587E1,3.E-2));
#9888=DIRECTION('',(0.E0,0.E0,1.E0));
#9889=DIRECTION('',(0.E0,-1.E0,0.E0));
#9890=AXIS2_PLACEMENT_3D('',#9887,#9888,#9889);
#9891=PLANE('',#9890);
#9893=ORIENTED_EDGE('',*,*,#9892,.F.);
#9895=ORIENTED_EDGE('',*,*,#9894,.F.);
#9897=ORIENTED_EDGE('',*,*,#9896,.T.);
#9898=ORIENTED_EDGE('',*,*,#9867,.F.);
#9900=ORIENTED_EDGE('',*,*,#9899,.F.);
#9901=EDGE_LOOP('',(#9893,#9895,#9897,#9898,#9900));
#9902=FACE_OUTER_BOUND('',#9901,.F.);
#9903=ADVANCED_FACE('',(#9902),#9891,.F.);
#9904=FILL_AREA_STYLE_COLOUR('',#115);
#9905=FILL_AREA_STYLE('',(#9904));
#9906=SURFACE_STYLE_FILL_AREA(#9905);
#9907=SURFACE_SIDE_STYLE('',(#9906));
#9908=SURFACE_STYLE_USAGE(.BOTH.,#9907);
#9909=PRESENTATION_STYLE_ASSIGNMENT((#9908));
#9910=STYLED_ITEM('',(#9909),#9903);
#9911=CARTESIAN_POINT('',(3.028401647671E1,-3.670923550442E1,0.E0));
#9912=DIRECTION('',(6.854861181907E-1,7.280856967197E-1,0.E0));
#9913=DIRECTION('',(-7.280856967197E-1,6.854861181907E-1,0.E0));
#9914=AXIS2_PLACEMENT_3D('',#9911,#9912,#9913);
#9915=PLANE('',#9914);
#9917=ORIENTED_EDGE('',*,*,#9916,.F.);
#9919=ORIENTED_EDGE('',*,*,#9918,.T.);
#9921=ORIENTED_EDGE('',*,*,#9920,.T.);
#9922=ORIENTED_EDGE('',*,*,#9892,.T.);
#9924=ORIENTED_EDGE('',*,*,#9923,.F.);
#9926=ORIENTED_EDGE('',*,*,#9925,.F.);
#9928=ORIENTED_EDGE('',*,*,#9927,.T.);
#9930=ORIENTED_EDGE('',*,*,#9929,.T.);
#9932=ORIENTED_EDGE('',*,*,#9931,.T.);
#9934=ORIENTED_EDGE('',*,*,#9933,.T.);
#9936=ORIENTED_EDGE('',*,*,#9935,.F.);
#9938=ORIENTED_EDGE('',*,*,#9937,.T.);
#9940=ORIENTED_EDGE('',*,*,#9939,.T.);
#9942=ORIENTED_EDGE('',*,*,#9941,.T.);
#9944=ORIENTED_EDGE('',*,*,#9943,.T.);
#9946=ORIENTED_EDGE('',*,*,#9945,.T.);
#9948=ORIENTED_EDGE('',*,*,#9947,.T.);
#9950=ORIENTED_EDGE('',*,*,#9949,.F.);
#9952=ORIENTED_EDGE('',*,*,#9951,.T.);
#9954=ORIENTED_EDGE('',*,*,#9953,.F.);
#9955=EDGE_LOOP('',(#9917,#9919,#9921,#9922,#9924,#9926,#9928,#9930,#9932,#9934,
#9936,#9938,#9940,#9942,#9944,#9946,#9948,#9950,#9952,#9954));
#9956=FACE_OUTER_BOUND('',#9955,.F.);
#9957=ADVANCED_FACE('',(#9956),#9915,.F.);
#9958=CARTESIAN_POINT('',(3.00482E1,-3.59256E1,0.E0));
#9959=DIRECTION('',(-1.E0,0.E0,0.E0));
#9960=DIRECTION('',(0.E0,-1.E0,0.E0));
#9961=AXIS2_PLACEMENT_3D('',#9958,#9959,#9960);
#9962=PLANE('',#9961);
#9963=ORIENTED_EDGE('',*,*,#9916,.T.);
#9965=ORIENTED_EDGE('',*,*,#9964,.F.);
#9967=ORIENTED_EDGE('',*,*,#9966,.F.);
#9969=ORIENTED_EDGE('',*,*,#9968,.T.);
#9970=EDGE_LOOP('',(#9963,#9965,#9967,#9969));
#9971=FACE_OUTER_BOUND('',#9970,.F.);
#9972=ADVANCED_FACE('',(#9971),#9962,.F.);
#9973=FILL_AREA_STYLE_COLOUR('',#115);
#9974=FILL_AREA_STYLE('',(#9973));
#9975=SURFACE_STYLE_FILL_AREA(#9974);
#9976=SURFACE_SIDE_STYLE('',(#9975));
#9977=SURFACE_STYLE_USAGE(.BOTH.,#9976);
#9978=PRESENTATION_STYLE_ASSIGNMENT((#9977));
#9979=STYLED_ITEM('',(#9978),#9972);
#9980=CARTESIAN_POINT('',(2.58318E1,-3.84075E1,3.E-2));
#9981=DIRECTION('',(0.E0,0.E0,1.E0));
#9982=DIRECTION('',(1.E0,0.E0,0.E0));
#9983=AXIS2_PLACEMENT_3D('',#9980,#9981,#9982);
#9984=PLANE('',#9983);
#9985=ORIENTED_EDGE('',*,*,#9953,.T.);
#9987=ORIENTED_EDGE('',*,*,#9986,.F.);
#9988=ORIENTED_EDGE('',*,*,#9869,.F.);
#9990=ORIENTED_EDGE('',*,*,#9989,.F.);
#9991=ORIENTED_EDGE('',*,*,#9964,.T.);
#9992=EDGE_LOOP('',(#9985,#9987,#9988,#9990,#9991));
#9993=FACE_OUTER_BOUND('',#9992,.F.);
#9994=ADVANCED_FACE('',(#9993),#9984,.T.);
#9995=FILL_AREA_STYLE_COLOUR('',#95);
#9996=FILL_AREA_STYLE('',(#9995));
#9997=SURFACE_STYLE_FILL_AREA(#9996);
#9998=SURFACE_SIDE_STYLE('',(#9997));
#9999=SURFACE_STYLE_USAGE(.BOTH.,#9998);
#10000=PRESENTATION_STYLE_ASSIGNMENT((#9999));
#10001=STYLED_ITEM('',(#10000),#9994);
#10002=CARTESIAN_POINT('',(3.00468E1,-4.306220490102E1,3.E-2));
#10003=DIRECTION('',(9.999619230642E-1,0.E0,-8.726535498374E-3));
#10004=DIRECTION('',(0.E0,-1.E0,0.E0));
#10005=AXIS2_PLACEMENT_3D('',#10002,#10003,#10004);
#10006=PLANE('',#10005);
#10007=ORIENTED_EDGE('',*,*,#9951,.F.);
#10009=ORIENTED_EDGE('',*,*,#10008,.T.);
#10010=ORIENTED_EDGE('',*,*,#9871,.T.);
#10011=ORIENTED_EDGE('',*,*,#9986,.T.);
#10012=EDGE_LOOP('',(#10007,#10009,#10010,#10011));
#10013=FACE_OUTER_BOUND('',#10012,.F.);
#10014=ADVANCED_FACE('',(#10013),#10006,.T.);
#10015=FILL_AREA_STYLE_COLOUR('',#95);
#10016=FILL_AREA_STYLE('',(#10015));
#10017=SURFACE_STYLE_FILL_AREA(#10016);
#10018=SURFACE_SIDE_STYLE('',(#10017));
#10019=SURFACE_STYLE_USAGE(.BOTH.,#10018);
#10020=PRESENTATION_STYLE_ASSIGNMENT((#10019));
#10021=STYLED_ITEM('',(#10020),#10014);
#10022=CARTESIAN_POINT('',(2.990045957271E1,-3.586800714578E1,4.5E-1));
#10023=DIRECTION('',(0.E0,-1.E0,0.E0));
#10024=DIRECTION('',(9.999619230642E-1,0.E0,-8.726535498374E-3));
#10025=AXIS2_PLACEMENT_3D('',#10022,#10023,#10024);
#10026=CYLINDRICAL_SURFACE('',#10025,1.5E-1);
#10027=ORIENTED_EDGE('',*,*,#9949,.T.);
#10029=ORIENTED_EDGE('',*,*,#10028,.T.);
#10031=ORIENTED_EDGE('',*,*,#10030,.T.);
#10033=ORIENTED_EDGE('',*,*,#10032,.T.);
#10035=ORIENTED_EDGE('',*,*,#10034,.F.);
#10036=ORIENTED_EDGE('',*,*,#10008,.F.);
#10037=EDGE_LOOP('',(#10027,#10029,#10031,#10033,#10035,#10036));
#10038=FACE_OUTER_BOUND('',#10037,.F.);
#10039=ADVANCED_FACE('',(#10038),#10026,.T.);
#10040=FILL_AREA_STYLE_COLOUR('',#95);
#10041=FILL_AREA_STYLE('',(#10040));
#10042=SURFACE_STYLE_FILL_AREA(#10041);
#10043=SURFACE_SIDE_STYLE('',(#10042));
#10044=SURFACE_STYLE_USAGE(.BOTH.,#10043);
#10045=PRESENTATION_STYLE_ASSIGNMENT((#10044));
#10046=STYLED_ITEM('',(#10045),#10039);
#10047=CARTESIAN_POINT('',(2.989792660609E1,-3.639257979004E1,
8.543682380998E-1));
#10048=CARTESIAN_POINT('',(2.990031542053E1,-3.639248375356E1,
8.545940990357E-1));
#10049=CARTESIAN_POINT('',(2.991026662684E1,-3.639231534339E1,
8.549346526084E-1));
#10050=CARTESIAN_POINT('',(2.992848597125E1,-3.639385674053E1,
8.508632733089E-1));
#10051=CARTESIAN_POINT('',(2.995138382769E1,-3.639952246960E1,
8.362398500236E-1));
#10052=CARTESIAN_POINT('',(2.997295412508E1,-3.640873624700E1,
8.124715668823E-1));
#10053=CARTESIAN_POINT('',(2.999240383574E1,-3.642099265841E1,
7.807424999702E-1));
#10054=CARTESIAN_POINT('',(3.000944163752E1,-3.643588992092E1,
7.420003825165E-1));
#10055=CARTESIAN_POINT('',(3.002391633079E1,-3.645316022371E1,
6.968761774494E-1));
#10056=CARTESIAN_POINT('',(3.003571425833E1,-3.647271820827E1,
6.455433842393E-1));
#10057=CARTESIAN_POINT('',(3.004460189485E1,-3.649463733133E1,
5.877622338099E-1));
#10058=CARTESIAN_POINT('',(3.005014560614E1,-3.651928373899E1,
5.225105013889E-1));
#10059=CARTESIAN_POINT('',(3.005093792947E1,-3.653661036788E1,
4.764313788043E-1));
#10060=CARTESIAN_POINT('',(3.005052569625E1,-3.654578504060E1,
4.519755584664E-1));
#10061=CARTESIAN_POINT('',(2.990261532763E1,-3.639517228849E1,
7.037100546910E-1));
#10062=CARTESIAN_POINT('',(2.990264820942E1,-3.639523321988E1,
7.038451447608E-1));
#10063=CARTESIAN_POINT('',(2.990271708449E1,-3.639539150155E1,
7.041092814056E-1));
#10064=CARTESIAN_POINT('',(2.990290824915E1,-3.639395174147E1,
7.016788788542E-1));
#10065=CARTESIAN_POINT('',(2.990614490063E1,-3.638935712477E1,
6.922091641716E-1));
#10066=CARTESIAN_POINT('',(2.991421927309E1,-3.638387951461E1,
6.753632274896E-1));
#10067=CARTESIAN_POINT('',(2.992704606297E1,-3.637963083915E1,
6.508876562761E-1));
#10068=CARTESIAN_POINT('',(2.994366347649E1,-3.637807590074E1,
6.188642022036E-1));
#10069=CARTESIAN_POINT('',(2.996293788508E1,-3.638013646853E1,
5.795092430261E-1));
#10070=CARTESIAN_POINT('',(2.998389543201E1,-3.638645762531E1,
5.328461314466E-1));
#10071=CARTESIAN_POINT('',(3.000570496345E1,-3.639769913275E1,
4.785643779646E-1));
#10072=CARTESIAN_POINT('',(3.002764599157E1,-3.641486256732E1,
4.155489908366E-1));
#10073=CARTESIAN_POINT('',(3.004068834569E1,-3.643018846794E1,
3.699235436463E-1));
#10074=CARTESIAN_POINT('',(3.004679374194E1,-3.643918944337E1,
3.454084705233E-1));
#10075=CARTESIAN_POINT('',(2.990167662612E1,-3.628850534955E1,
5.971835050098E-1));
#10076=CARTESIAN_POINT('',(2.990171875779E1,-3.628861126956E1,
5.972397677688E-1));
#10077=CARTESIAN_POINT('',(2.990178021047E1,-3.628888597021E1,
5.973889172694E-1));
#10078=CARTESIAN_POINT('',(2.990203457717E1,-3.628638718850E1,
5.960073778574E-1));
#10079=CARTESIAN_POINT('',(2.990759640333E1,-3.627840885407E1,
5.900413349079E-1));
#10080=CARTESIAN_POINT('',(2.992159056794E1,-3.626888364954E1,
5.779567511489E-1));
#10081=CARTESIAN_POINT('',(2.994386675112E1,-3.626146723637E1,
5.584883842435E-1));
#10082=CARTESIAN_POINT('',(2.997275720709E1,-3.625869541087E1,
5.311074811321E-1));
#10083=CARTESIAN_POINT('',(3.000629811031E1,-3.626216397884E1,
4.957383555888E-1));
#10084=CARTESIAN_POINT('',(3.004280461177E1,-3.627298917074E1,
4.522990533544E-1));
#10085=CARTESIAN_POINT('',(3.008084195114E1,-3.629231172829E1,
4.004306415080E-1));
#10086=CARTESIAN_POINT('',(3.011917284507E1,-3.632186199061E1,
3.389552516329E-1));
#10087=CARTESIAN_POINT('',(3.014201800318E1,-3.634827444895E1,
2.936407664790E-1));
#10088=CARTESIAN_POINT('',(3.015273494974E1,-3.636379214835E1,
2.690837695780E-1));
#10089=CARTESIAN_POINT('',(2.989568478129E1,-3.613787245391E1,
6.000067338529E-1));
#10090=CARTESIAN_POINT('',(2.989809584627E1,-3.613788383372E1,
6.000443714212E-1));
#10091=CARTESIAN_POINT('',(2.990803001238E1,-3.613799339475E1,
6.001103555251E-1));
#10092=CARTESIAN_POINT('',(2.992640152224E1,-3.613700618837E1,
5.985434152175E-1));
#10093=CARTESIAN_POINT('',(2.995485296161E1,-3.613459273725E1,
5.922859603428E-1));
#10094=CARTESIAN_POINT('',(2.999055990732E1,-3.613414238748E1,
5.798867068627E-1));
#10095=CARTESIAN_POINT('',(3.003257403192E1,-3.613883578359E1,
5.601137087145E-1));
#10096=CARTESIAN_POINT('',(3.007891833560E1,-3.615082841165E1,
5.324569509539E-1));
#10097=CARTESIAN_POINT('',(3.012745928137E1,-3.617146189278E1,
4.968500133482E-1));
#10098=CARTESIAN_POINT('',(3.017638551182E1,-3.620177585902E1,
4.532149460479E-1));
#10099=CARTESIAN_POINT('',(3.022402220706E1,-3.624299224606E1,
4.011963081087E-1));
#10100=CARTESIAN_POINT('',(3.026870171043E1,-3.629721734903E1,
3.396217396338E-1));
#10101=CARTESIAN_POINT('',(3.029290104229E1,-3.634101741368E1,
2.942851236753E-1));
#10102=CARTESIAN_POINT('',(3.030350015704E1,-3.636575321088E1,
2.697291987573E-1));
#10103=(BOUNDED_SURFACE()B_SPLINE_SURFACE(3,3,((#10047,#10048,#10049,#10050,
#10051,#10052,#10053,#10054,#10055,#10056,#10057,#10058,#10059,#10060),(#10061,
#10062,#10063,#10064,#10065,#10066,#10067,#10068,#10069,#10070,#10071,#10072,
#10073,#10074),(#10075,#10076,#10077,#10078,#10079,#10080,#10081,#10082,#10083,
#10084,#10085,#10086,#10087,#10088),(#10089,#10090,#10091,#10092,#10093,#10094,
#10095,#10096,#10097,#10098,#10099,#10100,#10101,#10102)),.UNSPECIFIED.,.F.,.F.,
.F.)B_SPLINE_SURFACE_WITH_KNOTS((4,4),(4,1,1,1,1,1,1,1,1,1,1,4),(
-1.317230300276E-2,1.013056355465E0),(3.694034476273E-2,5.626925785303E-2,
1.172355169241E-1,1.847553043783E-1,2.584574302672E-1,3.386712837530E-1,
4.260776394461E-1,5.209489942203E-1,6.236541091307E-1,7.361687504894E-1,
8.601896351769E-1,1.E0),.UNSPECIFIED.)GEOMETRIC_REPRESENTATION_ITEM()RATIONAL_B_SPLINE_SURFACE(((1.180739190218E0,1.180739190218E0,1.180739190218E0,
1.180739190218E0,1.180739190218E0,1.180739190218E0,1.180739190218E0,
1.180739190218E0,1.180739190218E0,1.180739190218E0,1.180739190218E0,
1.180739190218E0,1.180739190218E0,1.180739190218E0),(9.397808277282E-1,
9.397808277283E-1,9.397808277283E-1,9.397808277283E-1,9.397808277283E-1,
9.397808277283E-1,9.397808277283E-1,9.397808277283E-1,9.397808277283E-1,
9.397808277283E-1,9.397808277283E-1,9.397808277283E-1,9.397808277283E-1,
9.397808277283E-1),(9.397536063362E-1,9.397536063362E-1,9.397536063362E-1,
9.397536063362E-1,9.397536063362E-1,9.397536063362E-1,9.397536063362E-1,
9.397536063362E-1,9.397536063362E-1,9.397536063362E-1,9.397536063362E-1,
9.397536063362E-1,9.397536063362E-1,9.397536063362E-1),(1.180657526042E0,
1.180657526042E0,1.180657526042E0,1.180657526042E0,1.180657526042E0,
1.180657526042E0,1.180657526042E0,1.180657526042E0,1.180657526042E0,
1.180657526042E0,1.180657526042E0,1.180657526042E0,1.180657526042E0,
1.180657526042E0)))REPRESENTATION_ITEM('')SURFACE());
#10104=ORIENTED_EDGE('',*,*,#9947,.F.);
#10106=ORIENTED_EDGE('',*,*,#10105,.F.);
#10107=ORIENTED_EDGE('',*,*,#9939,.F.);
#10109=ORIENTED_EDGE('',*,*,#10108,.T.);
#10110=ORIENTED_EDGE('',*,*,#10028,.F.);
#10111=EDGE_LOOP('',(#10104,#10106,#10107,#10109,#10110));
#10112=FACE_OUTER_BOUND('',#10111,.F.);
#10113=ADVANCED_FACE('',(#10112),#10103,.F.);
#10114=FILL_AREA_STYLE_COLOUR('',#95);
#10115=FILL_AREA_STYLE('',(#10114));
#10116=SURFACE_STYLE_FILL_AREA(#10115);
#10117=SURFACE_SIDE_STYLE('',(#10116));
#10118=SURFACE_STYLE_USAGE(.BOTH.,#10117);
#10119=PRESENTATION_STYLE_ASSIGNMENT((#10118));
#10120=STYLED_ITEM('',(#10119),#10113);
#10121=CARTESIAN_POINT('',(2.989661670748E1,-3.65425E1,9.651259932137E-3));
#10122=DIRECTION('',(8.726535498374E-3,0.E0,9.999619230642E-1));
#10123=DIRECTION('',(9.999619230642E-1,0.E0,-8.726535498374E-3));
#10124=AXIS2_PLACEMENT_3D('',#10121,#10122,#10123);
#10125=CYLINDRICAL_SURFACE('',#10124,1.5E-1);
#10126=ORIENTED_EDGE('',*,*,#9945,.F.);
#10128=ORIENTED_EDGE('',*,*,#10127,.F.);
#10129=ORIENTED_EDGE('',*,*,#9941,.F.);
#10130=ORIENTED_EDGE('',*,*,#10105,.T.);
#10131=EDGE_LOOP('',(#10126,#10128,#10129,#10130));
#10132=FACE_OUTER_BOUND('',#10131,.F.);
#10133=ADVANCED_FACE('',(#10132),#10125,.T.);
#10134=FILL_AREA_STYLE_COLOUR('',#95);
#10135=FILL_AREA_STYLE('',(#10134));
#10136=SURFACE_STYLE_FILL_AREA(#10135);
#10137=SURFACE_SIDE_STYLE('',(#10136));
#10138=SURFACE_STYLE_USAGE(.BOTH.,#10137);
#10139=PRESENTATION_STYLE_ASSIGNMENT((#10138));
#10140=STYLED_ITEM('',(#10139),#10133);
#10141=CARTESIAN_POINT('',(2.954515837310E1,-3.65425E1,9.9E-1));
#10142=DIRECTION('',(0.E0,1.E0,0.E0));
#10143=DIRECTION('',(9.989375815484E-1,0.E0,-4.608370829437E-2));
#10144=AXIS2_PLACEMENT_3D('',#10141,#10142,#10143);
#10145=TOROIDAL_SURFACE('',#10144,3.6E-1,1.5E-1);
#10146=ORIENTED_EDGE('',*,*,#9943,.F.);
#10147=ORIENTED_EDGE('',*,*,#10127,.T.);
#10148=EDGE_LOOP('',(#10146,#10147));
#10149=FACE_OUTER_BOUND('',#10148,.F.);
#10150=ADVANCED_FACE('',(#10149),#10145,.T.);
#10151=FILL_AREA_STYLE_COLOUR('',#95);
#10152=FILL_AREA_STYLE('',(#10151));
#10153=SURFACE_STYLE_FILL_AREA(#10152);
#10154=SURFACE_SIDE_STYLE('',(#10153));
#10155=SURFACE_STYLE_USAGE(.BOTH.,#10154);
#10156=PRESENTATION_STYLE_ASSIGNMENT((#10155));
#10157=STYLED_ITEM('',(#10156),#10150);
#10158=CARTESIAN_POINT('',(2.990045957271E1,-3.61425E1,4.5E-1));
#10159=DIRECTION('',(0.E0,-1.E0,0.E0));
#10160=DIRECTION('',(-1.866312694053E-1,0.E0,9.824300327658E-1));
#10161=AXIS2_PLACEMENT_3D('',#10158,#10159,#10160);
#10162=TOROIDAL_SURFACE('',#10161,4.E-1,2.5E-1);
#10163=ORIENTED_EDGE('',*,*,#9937,.F.);
#10165=ORIENTED_EDGE('',*,*,#10164,.T.);
#10166=ORIENTED_EDGE('',*,*,#10030,.F.);
#10167=ORIENTED_EDGE('',*,*,#10108,.F.);
#10168=EDGE_LOOP('',(#10163,#10165,#10166,#10167));
#10169=FACE_OUTER_BOUND('',#10168,.F.);
#10170=ADVANCED_FACE('',(#10169),#10162,.F.);
#10171=FILL_AREA_STYLE_COLOUR('',#95);
#10172=FILL_AREA_STYLE('',(#10171));
#10173=SURFACE_STYLE_FILL_AREA(#10172);
#10174=SURFACE_SIDE_STYLE('',(#10173));
#10175=SURFACE_STYLE_USAGE(.BOTH.,#10174);
#10176=PRESENTATION_STYLE_ASSIGNMENT((#10175));
#10177=STYLED_ITEM('',(#10176),#10170);
#10178=CARTESIAN_POINT('',(2.927773957159E1,-3.61425E1,8.5E-1));
#10179=DIRECTION('',(1.E0,0.E0,0.E0));
#10180=DIRECTION('',(0.E0,-1.E0,0.E0));
#10181=AXIS2_PLACEMENT_3D('',#10178,#10179,#10180);
#10182=CYLINDRICAL_SURFACE('',#10181,2.5E-1);
#10183=ORIENTED_EDGE('',*,*,#9935,.T.);
#10185=ORIENTED_EDGE('',*,*,#10184,.T.);
#10186=ORIENTED_EDGE('',*,*,#10164,.F.);
#10187=EDGE_LOOP('',(#10183,#10185,#10186));
#10188=FACE_OUTER_BOUND('',#10187,.F.);
#10189=ADVANCED_FACE('',(#10188),#10182,.F.);
#10190=FILL_AREA_STYLE_COLOUR('',#95);
#10191=FILL_AREA_STYLE('',(#10190));
#10192=SURFACE_STYLE_FILL_AREA(#10191);
#10193=SURFACE_SIDE_STYLE('',(#10192));
#10194=SURFACE_STYLE_USAGE(.BOTH.,#10193);
#10195=PRESENTATION_STYLE_ASSIGNMENT((#10194));
#10196=STYLED_ITEM('',(#10195),#10189);
#10197=CARTESIAN_POINT('',(2.58318E1,-3.84075E1,6.E-1));
#10198=DIRECTION('',(0.E0,0.E0,-1.E0));
#10199=DIRECTION('',(1.E0,0.E0,0.E0));
#10200=AXIS2_PLACEMENT_3D('',#10197,#10198,#10199);
#10201=PLANE('',#10200);
#10202=ORIENTED_EDGE('',*,*,#9933,.F.);
#10204=ORIENTED_EDGE('',*,*,#10203,.F.);
#10206=ORIENTED_EDGE('',*,*,#10205,.F.);
#10208=ORIENTED_EDGE('',*,*,#10207,.T.);
#10209=ORIENTED_EDGE('',*,*,#10032,.F.);
#10210=ORIENTED_EDGE('',*,*,#10184,.F.);
#10211=EDGE_LOOP('',(#10202,#10204,#10206,#10208,#10209,#10210));
#10212=FACE_OUTER_BOUND('',#10211,.F.);
#10213=ADVANCED_FACE('',(#10212),#10201,.F.);
#10214=FILL_AREA_STYLE_COLOUR('',#95);
#10215=FILL_AREA_STYLE('',(#10214));
#10216=SURFACE_STYLE_FILL_AREA(#10215);
#10217=SURFACE_SIDE_STYLE('',(#10216));
#10218=SURFACE_STYLE_USAGE(.BOTH.,#10217);
#10219=PRESENTATION_STYLE_ASSIGNMENT((#10218));
#10220=STYLED_ITEM('',(#10219),#10213);
#10221=CARTESIAN_POINT('',(2.92968E1,-3.552160389670E1,8.5E-1));
#10222=DIRECTION('',(0.E0,-1.E0,0.E0));
#10223=DIRECTION('',(-1.E0,0.E0,0.E0));
#10224=AXIS2_PLACEMENT_3D('',#10221,#10222,#10223);
#10225=CYLINDRICAL_SURFACE('',#10224,2.5E-1);
#10226=ORIENTED_EDGE('',*,*,#9931,.F.);
#10228=ORIENTED_EDGE('',*,*,#10227,.T.);
#10230=ORIENTED_EDGE('',*,*,#10229,.F.);
#10231=ORIENTED_EDGE('',*,*,#10203,.T.);
#10232=EDGE_LOOP('',(#10226,#10228,#10230,#10231));
#10233=FACE_OUTER_BOUND('',#10232,.F.);
#10234=ADVANCED_FACE('',(#10233),#10225,.F.);
#10235=FILL_AREA_STYLE_COLOUR('',#95);
#10236=FILL_AREA_STYLE('',(#10235));
#10237=SURFACE_STYLE_FILL_AREA(#10236);
#10238=SURFACE_SIDE_STYLE('',(#10237));
#10239=SURFACE_STYLE_USAGE(.BOTH.,#10238);
#10240=PRESENTATION_STYLE_ASSIGNMENT((#10239));
#10241=STYLED_ITEM('',(#10240),#10234);
#10242=CARTESIAN_POINT('',(2.90468E1,-3.61425E1,1.5E0));
#10243=DIRECTION('',(-1.E0,0.E0,0.E0));
#10244=DIRECTION('',(0.E0,1.E0,0.E0));
#10245=AXIS2_PLACEMENT_3D('',#10242,#10243,#10244);
#10246=PLANE('',#10245);
#10247=ORIENTED_EDGE('',*,*,#9929,.F.);
#10249=ORIENTED_EDGE('',*,*,#10248,.T.);
#10251=ORIENTED_EDGE('',*,*,#10250,.F.);
#10253=ORIENTED_EDGE('',*,*,#10252,.F.);
#10254=ORIENTED_EDGE('',*,*,#10227,.F.);
#10255=EDGE_LOOP('',(#10247,#10249,#10251,#10253,#10254));
#10256=FACE_OUTER_BOUND('',#10255,.F.);
#10257=ADVANCED_FACE('',(#10256),#10246,.F.);
#10258=FILL_AREA_STYLE_COLOUR('',#95);
#10259=FILL_AREA_STYLE('',(#10258));
#10260=SURFACE_STYLE_FILL_AREA(#10259);
#10261=SURFACE_SIDE_STYLE('',(#10260));
#10262=SURFACE_STYLE_USAGE(.BOTH.,#10261);
#10263=PRESENTATION_STYLE_ASSIGNMENT((#10262));
#10264=STYLED_ITEM('',(#10263),#10257);
#10265=CARTESIAN_POINT('',(2.88968E1,-3.589414162690E1,9.9E-1));
#10266=DIRECTION('',(-1.E0,0.E0,0.E0));
#10267=DIRECTION('',(0.E0,-4.073212275913E-2,9.991701027230E-1));
#10268=AXIS2_PLACEMENT_3D('',#10265,#10266,#10267);
#10269=TOROIDAL_SURFACE('',#10268,3.6E-1,1.5E-1);
#10270=ORIENTED_EDGE('',*,*,#9927,.F.);
#10272=ORIENTED_EDGE('',*,*,#10271,.T.);
#10274=ORIENTED_EDGE('',*,*,#10273,.T.);
#10275=ORIENTED_EDGE('',*,*,#10248,.F.);
#10276=EDGE_LOOP('',(#10270,#10272,#10274,#10275));
#10277=FACE_OUTER_BOUND('',#10276,.F.);
#10278=ADVANCED_FACE('',(#10277),#10269,.T.);
#10279=FILL_AREA_STYLE_COLOUR('',#95);
#10280=FILL_AREA_STYLE('',(#10279));
#10281=SURFACE_STYLE_FILL_AREA(#10280);
#10282=SURFACE_SIDE_STYLE('',(#10281));
#10283=SURFACE_STYLE_USAGE(.BOTH.,#10282);
#10284=PRESENTATION_STYLE_ASSIGNMENT((#10283));
#10285=STYLED_ITEM('',(#10284),#10278);
#10286=CARTESIAN_POINT('',(3.007868892406E1,-3.589414162690E1,9.9E-1));
#10287=DIRECTION('',(-1.E0,0.E0,0.E0));
#10288=DIRECTION('',(0.E0,0.E0,1.E0));
#10289=AXIS2_PLACEMENT_3D('',#10286,#10287,#10288);
#10290=CYLINDRICAL_SURFACE('',#10289,5.1E-1);
#10291=ORIENTED_EDGE('',*,*,#9925,.T.);
#10293=ORIENTED_EDGE('',*,*,#10292,.T.);
#10294=ORIENTED_EDGE('',*,*,#10271,.F.);
#10295=EDGE_LOOP('',(#10291,#10293,#10294));
#10296=FACE_OUTER_BOUND('',#10295,.F.);
#10297=ADVANCED_FACE('',(#10296),#10290,.T.);
#10298=FILL_AREA_STYLE_COLOUR('',#95);
#10299=FILL_AREA_STYLE('',(#10298));
#10300=SURFACE_STYLE_FILL_AREA(#10299);
#10301=SURFACE_SIDE_STYLE('',(#10300));
#10302=SURFACE_STYLE_USAGE(.BOTH.,#10301);
#10303=PRESENTATION_STYLE_ASSIGNMENT((#10302));
#10304=STYLED_ITEM('',(#10303),#10297);
#10305=CARTESIAN_POINT('',(3.168650490102E1,-3.53925E1,3.E-2));
#10306=DIRECTION('',(0.E0,9.999619230642E-1,-8.726535498374E-3));
#10307=DIRECTION('',(1.E0,0.E0,0.E0));
#10308=AXIS2_PLACEMENT_3D('',#10305,#10306,#10307);
#10309=PLANE('',#10308);
#10310=ORIENTED_EDGE('',*,*,#9923,.T.);
#10311=ORIENTED_EDGE('',*,*,#9899,.T.);
#10312=ORIENTED_EDGE('',*,*,#9875,.T.);
#10314=ORIENTED_EDGE('',*,*,#10313,.F.);
#10316=ORIENTED_EDGE('',*,*,#10315,.T.);
#10317=ORIENTED_EDGE('',*,*,#10292,.F.);
#10318=EDGE_LOOP('',(#10310,#10311,#10312,#10314,#10316,#10317));
#10319=FACE_OUTER_BOUND('',#10318,.F.);
#10320=ADVANCED_FACE('',(#10319),#10309,.T.);
#10321=FILL_AREA_STYLE_COLOUR('',#95);
#10322=FILL_AREA_STYLE('',(#10321));
#10323=SURFACE_STYLE_FILL_AREA(#10322);
#10324=SURFACE_SIDE_STYLE('',(#10323));
#10325=SURFACE_STYLE_USAGE(.BOTH.,#10324);
#10326=PRESENTATION_STYLE_ASSIGNMENT((#10325));
#10327=STYLED_ITEM('',(#10326),#10320);
#10328=CARTESIAN_POINT('',(2.209766249579E1,-3.553884042729E1,4.5E-1));
#10329=DIRECTION('',(1.E0,0.E0,0.E0));
#10330=DIRECTION('',(0.E0,9.999619230642E-1,-8.726535498374E-3));
#10331=AXIS2_PLACEMENT_3D('',#10328,#10329,#10330);
#10332=CYLINDRICAL_SURFACE('',#10331,1.5E-1);
#10334=ORIENTED_EDGE('',*,*,#10333,.F.);
#10335=ORIENTED_EDGE('',*,*,#10313,.T.);
#10337=ORIENTED_EDGE('',*,*,#10336,.T.);
#10338=ORIENTED_EDGE('',*,*,#10205,.T.);
#10340=ORIENTED_EDGE('',*,*,#10339,.F.);
#10341=EDGE_LOOP('',(#10334,#10335,#10337,#10338,#10340));
#10342=FACE_OUTER_BOUND('',#10341,.F.);
#10343=ADVANCED_FACE('',(#10342),#10332,.T.);
#10344=FILL_AREA_STYLE_COLOUR('',#95);
#10345=FILL_AREA_STYLE('',(#10344));
#10346=SURFACE_STYLE_FILL_AREA(#10345);
#10347=SURFACE_SIDE_STYLE('',(#10346));
#10348=SURFACE_STYLE_USAGE(.BOTH.,#10347);
#10349=PRESENTATION_STYLE_ASSIGNMENT((#10348));
#10350=STYLED_ITEM('',(#10349),#10343);
#10351=CARTESIAN_POINT('',(2.889190399630E1,-3.538885552346E1,
4.476665323089E-1));
#10352=CARTESIAN_POINT('',(2.890184390048E1,-3.538830363221E1,
4.741693134461E-1));
#10353=CARTESIAN_POINT('',(2.892017033502E1,-3.538908086281E1,
5.229115301889E-1));
#10354=CARTESIAN_POINT('',(2.894589155128E1,-3.539505484308E1,
5.909971741090E-1));
#10355=CARTESIAN_POINT('',(2.896806284066E1,-3.540432520713E1,
6.494268703482E-1));
#10356=CARTESIAN_POINT('',(2.898753313236E1,-3.541639687756E1,
7.005128660017E-1));
#10357=CARTESIAN_POINT('',(2.900452648568E1,-3.543098020753E1,
7.448993320762E-1));
#10358=CARTESIAN_POINT('',(2.901910220433E1,-3.544799585431E1,
7.827951296491E-1));
#10359=CARTESIAN_POINT('',(2.903106395737E1,-3.546733770950E1,
8.137558860333E-1));
#10360=CARTESIAN_POINT('',(2.904003252743E1,-3.548873181939E1,
8.368908842823E-1));
#10361=CARTESIAN_POINT('',(2.904551956006E1,-3.551137830506E1,
8.510564572429E-1));
#10362=CARTESIAN_POINT('',(2.904698612283E1,-3.552930422220E1,
8.549355000978E-1));
#10363=CARTESIAN_POINT('',(2.904681282458E1,-3.553906974951E1,
8.545809026981E-1));
#10364=CARTESIAN_POINT('',(2.904672028659E1,-3.554137572158E1,
8.543626302162E-1));
#10365=CARTESIAN_POINT('',(2.899852836048E1,-3.539143685615E1,
3.410785222705E-1));
#10366=CARTESIAN_POINT('',(2.900839288441E1,-3.539795000289E1,
3.676835124895E-1));
#10367=CARTESIAN_POINT('',(2.902466677177E1,-3.541170793042E1,
4.159683193719E-1));
#10368=CARTESIAN_POINT('',(2.904238281950E1,-3.543474109170E1,
4.816509940595E-1));
#10369=CARTESIAN_POINT('',(2.905347458693E1,-3.545694169793E1,
5.364313159697E-1));
#10370=CARTESIAN_POINT('',(2.905946705979E1,-3.547789996874E1,
5.827355754292E-1));
#10371=CARTESIAN_POINT('',(2.906122051933E1,-3.549689465812E1,
6.213089116878E-1));
#10372=CARTESIAN_POINT('',(2.905947758937E1,-3.551312125618E1,
6.525080101954E-1));
#10373=CARTESIAN_POINT('',(2.905517434974E1,-3.552556427721E1,
6.762932750616E-1));
#10374=CARTESIAN_POINT('',(2.904975603187E1,-3.553333560253E1,
6.926310959497E-1));
#10375=CARTESIAN_POINT('',(2.904528081321E1,-3.553641233694E1,
7.017837694826E-1));
#10376=CARTESIAN_POINT('',(2.904391012459E1,-3.553658386399E1,
7.040962064219E-1));
#10377=CARTESIAN_POINT('',(2.904407288440E1,-3.553665256476E1,
7.038237434790E-1));
#10378=CARTESIAN_POINT('',(2.904412531163E1,-3.553668466697E1,
7.036977290871E-1));
#10379=CARTESIAN_POINT('',(2.907277059100E1,-3.528467580197E1,
2.647453968953E-1));
#10380=CARTESIAN_POINT('',(2.908977846653E1,-3.529611109796E1,
2.914220239041E-1));
#10381=CARTESIAN_POINT('',(2.911782667528E1,-3.532020982614E1,
3.393934465314E-1));
#10382=CARTESIAN_POINT('',(2.914832950868E1,-3.536044423122E1,
4.034214164954E-1));
#10383=CARTESIAN_POINT('',(2.916739435649E1,-3.539915957205E1,
4.556849938634E-1));
#10384=CARTESIAN_POINT('',(2.917765420491E1,-3.543566442971E1,
4.986881429597E-1));
#10385=CARTESIAN_POINT('',(2.918059575193E1,-3.546871703358E1,
5.332455352514E-1));
#10386=CARTESIAN_POINT('',(2.917750308480E1,-3.549692772306E1,
5.598177758700E-1));
#10387=CARTESIAN_POINT('',(2.916999625388E1,-3.551853801151E1,
5.786506803783E-1));
#10388=CARTESIAN_POINT('',(2.916057689388E1,-3.553200787638E1,
5.903149378540E-1));
#10389=CARTESIAN_POINT('',(2.915280734594E1,-3.553729509868E1,
5.960622634371E-1));
#10390=CARTESIAN_POINT('',(2.915042880444E1,-3.553751886161E1,
5.973767406566E-1));
#10391=CARTESIAN_POINT('',(2.915071123527E1,-3.553758255534E1,
5.972221749477E-1));
#10392=CARTESIAN_POINT('',(2.915080240724E1,-3.553762422406E1,
5.971755292685E-1));
#10393=CARTESIAN_POINT('',(2.906917645076E1,-3.513393300895E1,
2.654014693659E-1));
#10394=CARTESIAN_POINT('',(2.909617314559E1,-3.514513401733E1,
2.920753018094E-1));
#10395=CARTESIAN_POINT('',(2.914261416986E1,-3.517060260977E1,
3.400692330377E-1));
#10396=CARTESIAN_POINT('',(2.919886763719E1,-3.521764913824E1,
4.042038435918E-1));
#10397=CARTESIAN_POINT('',(2.924007714236E1,-3.526635289317E1,
4.566241644468E-1));
#10398=CARTESIAN_POINT('',(2.926973726874E1,-3.531554630316E1,
4.998279093334E-1));
#10399=CARTESIAN_POINT('',(2.928956781201E1,-3.536369682868E1,
5.346252753213E-1));
#10400=CARTESIAN_POINT('',(2.930092096116E1,-3.540932792671E1,
5.614732585303E-1));
#10401=CARTESIAN_POINT('',(2.930523353824E1,-3.545055937965E1,
5.806089797551E-1));
#10402=CARTESIAN_POINT('',(2.930464875501E1,-3.548556063917E1,
5.925846428098E-1));
#10403=CARTESIAN_POINT('',(2.930226982799E1,-3.551348567039E1,
5.986190724701E-1));
#10404=CARTESIAN_POINT('',(2.930132990898E1,-3.553153665608E1,
6.001152319192E-1));
#10405=CARTESIAN_POINT('',(2.930144235299E1,-3.554129041360E1,
6.000421462150E-1));
#10406=CARTESIAN_POINT('',(2.930144232619E1,-3.554361927219E1,
6.000133874013E-1));
#10407=(BOUNDED_SURFACE()B_SPLINE_SURFACE(3,3,((#10351,#10352,#10353,#10354,
#10355,#10356,#10357,#10358,#10359,#10360,#10361,#10362,#10363,#10364),(#10365,
#10366,#10367,#10368,#10369,#10370,#10371,#10372,#10373,#10374,#10375,#10376,
#10377,#10378),(#10379,#10380,#10381,#10382,#10383,#10384,#10385,#10386,#10387,
#10388,#10389,#10390,#10391,#10392),(#10393,#10394,#10395,#10396,#10397,#10398,
#10399,#10400,#10401,#10402,#10403,#10404,#10405,#10406)),.UNSPECIFIED.,.F.,.F.,
.F.)B_SPLINE_SURFACE_WITH_KNOTS((4,4),(4,1,1,1,1,1,1,1,1,1,1,4),(
-1.315748387014E-2,1.013125337898E0),(-8.202157797896E-3,1.432639444991E-1,
2.708172646306E-1,3.846477318278E-1,4.868201934643E-1,5.802841183157E-1,
6.661688007412E-1,7.451072548155E-1,8.177034834536E-1,8.842515532506E-1,
9.444045988786E-1,9.630653890872E-1),.UNSPECIFIED.)GEOMETRIC_REPRESENTATION_ITEM()RATIONAL_B_SPLINE_SURFACE(((1.180728360997E0,1.180728360997E0,1.180728360997E0,
1.180728360997E0,1.180728360997E0,1.180728360997E0,1.180728360997E0,
1.180728360997E0,1.180728360997E0,1.180728360997E0,1.180728360997E0,
1.180728360997E0,1.180728360997E0,1.180728360997E0),(9.397647606370E-1,
9.397647606370E-1,9.397647606370E-1,9.397647606370E-1,9.397647606370E-1,
9.397647606370E-1,9.397647606370E-1,9.397647606370E-1,9.397647606370E-1,
9.397647606370E-1,9.397647606370E-1,9.397647606370E-1,9.397647606370E-1,
9.397647606370E-1),(9.397572132374E-1,9.397572132374E-1,9.397572132374E-1,
9.397572132374E-1,9.397572132374E-1,9.397572132374E-1,9.397572132374E-1,
9.397572132374E-1,9.397572132374E-1,9.397572132374E-1,9.397572132374E-1,
9.397572132374E-1,9.397572132374E-1,9.397572132374E-1),(1.180705718798E0,
1.180705718798E0,1.180705718798E0,1.180705718798E0,1.180705718798E0,
1.180705718798E0,1.180705718798E0,1.180705718798E0,1.180705718798E0,
1.180705718798E0,1.180705718798E0,1.180705718798E0,1.180705718798E0,
1.180705718798E0)))REPRESENTATION_ITEM('')SURFACE());
#10408=ORIENTED_EDGE('',*,*,#10333,.T.);
#10410=ORIENTED_EDGE('',*,*,#10409,.T.);
#10412=ORIENTED_EDGE('',*,*,#10411,.F.);
#10413=EDGE_LOOP('',(#10408,#10410,#10412));
#10414=FACE_OUTER_BOUND('',#10413,.F.);
#10415=ADVANCED_FACE('',(#10414),#10407,.F.);
#10416=FILL_AREA_STYLE_COLOUR('',#95);
#10417=FILL_AREA_STYLE('',(#10416));
#10418=SURFACE_STYLE_FILL_AREA(#10417);
#10419=SURFACE_SIDE_STYLE('',(#10418));
#10420=SURFACE_STYLE_USAGE(.BOTH.,#10419);
#10421=PRESENTATION_STYLE_ASSIGNMENT((#10420));
#10422=STYLED_ITEM('',(#10421),#10415);
#10423=CARTESIAN_POINT('',(2.92968E1,-3.553884042729E1,4.5E-1));
#10424=DIRECTION('',(1.E0,0.E0,0.E0));
#10425=DIRECTION('',(0.E0,5.936380274610E-2,9.982364143446E-1));
#10426=AXIS2_PLACEMENT_3D('',#10423,#10424,#10425);
#10427=TOROIDAL_SURFACE('',#10426,4.E-1,2.5E-1);
#10428=ORIENTED_EDGE('',*,*,#10409,.F.);
#10429=ORIENTED_EDGE('',*,*,#10339,.T.);
#10430=ORIENTED_EDGE('',*,*,#10229,.T.);
#10431=ORIENTED_EDGE('',*,*,#10252,.T.);
#10432=EDGE_LOOP('',(#10428,#10429,#10430,#10431));
#10433=FACE_OUTER_BOUND('',#10432,.F.);
#10434=ADVANCED_FACE('',(#10433),#10427,.F.);
#10435=FILL_AREA_STYLE_COLOUR('',#95);
#10436=FILL_AREA_STYLE('',(#10435));
#10437=SURFACE_STYLE_FILL_AREA(#10436);
#10438=SURFACE_SIDE_STYLE('',(#10437));
#10439=SURFACE_STYLE_USAGE(.BOTH.,#10438);
#10440=PRESENTATION_STYLE_ASSIGNMENT((#10439));
#10441=STYLED_ITEM('',(#10440),#10434);
#10442=CARTESIAN_POINT('',(2.88968E1,-3.553397610297E1,1.007396357517E0));
#10443=DIRECTION('',(0.E0,-8.726535498374E-3,-9.999619230642E-1));
#10444=DIRECTION('',(0.E0,9.999619230642E-1,-8.726535498374E-3));
#10445=AXIS2_PLACEMENT_3D('',#10442,#10443,#10444);
#10446=CYLINDRICAL_SURFACE('',#10445,1.5E-1);
#10447=ORIENTED_EDGE('',*,*,#10250,.T.);
#10448=ORIENTED_EDGE('',*,*,#10273,.F.);
#10449=ORIENTED_EDGE('',*,*,#10315,.F.);
#10450=ORIENTED_EDGE('',*,*,#10411,.T.);
#10451=EDGE_LOOP('',(#10447,#10448,#10449,#10450));
#10452=FACE_OUTER_BOUND('',#10451,.F.);
#10453=ADVANCED_FACE('',(#10452),#10446,.T.);
#10454=FILL_AREA_STYLE_COLOUR('',#95);
#10455=FILL_AREA_STYLE('',(#10454));
#10456=SURFACE_STYLE_FILL_AREA(#10455);
#10457=SURFACE_SIDE_STYLE('',(#10456));
#10458=SURFACE_STYLE_USAGE(.BOTH.,#10457);
#10459=PRESENTATION_STYLE_ASSIGNMENT((#10458));
#10460=STYLED_ITEM('',(#10459),#10453);
#10461=CARTESIAN_POINT('',(2.954048622344E1,-3.589881413021E1,
4.499964630882E-1));
#10462=DIRECTION('',(-8.797685939430E-6,-8.238961936052E-6,9.999999999274E-1));
#10463=DIRECTION('',(-2.575823044725E-5,9.999999996343E-1,8.238735320811E-6));
#10464=AXIS2_PLACEMENT_3D('',#10461,#10462,#10463);
#10465=TOROIDAL_SURFACE('',#10464,3.599713419338E-1,1.499998915088E-1);
#10466=ORIENTED_EDGE('',*,*,#10034,.T.);
#10467=ORIENTED_EDGE('',*,*,#10207,.F.);
#10468=ORIENTED_EDGE('',*,*,#10336,.F.);
#10469=ORIENTED_EDGE('',*,*,#9873,.T.);
#10470=EDGE_LOOP('',(#10466,#10467,#10468,#10469));
#10471=FACE_OUTER_BOUND('',#10470,.F.);
#10472=ADVANCED_FACE('',(#10471),#10465,.T.);
#10473=FILL_AREA_STYLE_COLOUR('',#95);
#10474=FILL_AREA_STYLE('',(#10473));
#10475=SURFACE_STYLE_FILL_AREA(#10474);
#10476=SURFACE_SIDE_STYLE('',(#10475));
#10477=SURFACE_STYLE_USAGE(.BOTH.,#10476);
#10478=PRESENTATION_STYLE_ASSIGNMENT((#10477));
#10479=STYLED_ITEM('',(#10478),#10472);
#10480=CARTESIAN_POINT('',(2.95402E1,-3.59256E1,0.E0));
#10481=DIRECTION('',(0.E0,0.E0,1.E0));
#10482=DIRECTION('',(0.E0,-1.E0,0.E0));
#10483=AXIS2_PLACEMENT_3D('',#10480,#10481,#10482);
#10484=CYLINDRICAL_SURFACE('',#10483,5.08E-1);
#10485=ORIENTED_EDGE('',*,*,#9989,.T.);
#10486=ORIENTED_EDGE('',*,*,#9896,.F.);
#10488=ORIENTED_EDGE('',*,*,#10487,.T.);
#10490=ORIENTED_EDGE('',*,*,#10489,.F.);
#10491=ORIENTED_EDGE('',*,*,#9966,.T.);
#10492=EDGE_LOOP('',(#10485,#10486,#10488,#10490,#10491));
#10493=FACE_OUTER_BOUND('',#10492,.F.);
#10494=ADVANCED_FACE('',(#10493),#10484,.T.);
#10495=FILL_AREA_STYLE_COLOUR('',#115);
#10496=FILL_AREA_STYLE('',(#10495));
#10497=SURFACE_STYLE_FILL_AREA(#10496);
#10498=SURFACE_SIDE_STYLE('',(#10497));
#10499=SURFACE_STYLE_USAGE(.BOTH.,#10498);
#10500=PRESENTATION_STYLE_ASSIGNMENT((#10499));
#10501=STYLED_ITEM('',(#10500),#10494);
#10502=CARTESIAN_POINT('',(2.21234E1,-3.54176E1,0.E0));
#10503=DIRECTION('',(0.E0,-1.E0,0.E0));
#10504=DIRECTION('',(1.E0,0.E0,0.E0));
#10505=AXIS2_PLACEMENT_3D('',#10502,#10503,#10504);
#10506=PLANE('',#10505);
#10507=ORIENTED_EDGE('',*,*,#9920,.F.);
#10509=ORIENTED_EDGE('',*,*,#10508,.T.);
#10510=ORIENTED_EDGE('',*,*,#10487,.F.);
#10511=ORIENTED_EDGE('',*,*,#9894,.T.);
#10512=EDGE_LOOP('',(#10507,#10509,#10510,#10511));
#10513=FACE_OUTER_BOUND('',#10512,.F.);
#10514=ADVANCED_FACE('',(#10513),#10506,.F.);
#10515=FILL_AREA_STYLE_COLOUR('',#115);
#10516=FILL_AREA_STYLE('',(#10515));
#10517=SURFACE_STYLE_FILL_AREA(#10516);
#10518=SURFACE_SIDE_STYLE('',(#10517));
#10519=SURFACE_STYLE_USAGE(.BOTH.,#10518);
#10520=PRESENTATION_STYLE_ASSIGNMENT((#10519));
#10521=STYLED_ITEM('',(#10520),#10514);
#10522=CARTESIAN_POINT('',(0.E0,0.E0,0.E0));
#10523=DIRECTION('',(0.E0,0.E0,1.E0));
#10524=DIRECTION('',(1.E0,0.E0,0.E0));
#10525=AXIS2_PLACEMENT_3D('',#10522,#10523,#10524);
#10526=PLANE('',#10525);
#10527=ORIENTED_EDGE('',*,*,#9918,.F.);
#10528=ORIENTED_EDGE('',*,*,#9968,.F.);
#10529=ORIENTED_EDGE('',*,*,#10489,.T.);
#10530=ORIENTED_EDGE('',*,*,#10508,.F.);
#10531=EDGE_LOOP('',(#10527,#10528,#10529,#10530));
#10532=FACE_OUTER_BOUND('',#10531,.F.);
#10533=ADVANCED_FACE('',(#10532),#10526,.F.);
#10534=CLOSED_SHELL('',(#9879,#9903,#9957,#9972,#9994,#10014,#10039,#10113,
#10133,#10150,#10170,#10189,#10213,#10234,#10257,#10278,#10297,#10320,#10343,
#10415,#10434,#10453,#10472,#10494,#10514,#10533));
#10535=CARTESIAN_POINT('',(2.161314613883E1,-3.646670526212E1,
4.486910196754E-1));
#10536=CARTESIAN_POINT('',(2.161310342994E1,-3.646674499875E1,
4.535849728942E-1));
#10537=CARTESIAN_POINT('',(2.161349549859E1,-3.646638019435E1,
4.633705877567E-1));
#10538=CARTESIAN_POINT('',(2.161485676352E1,-3.646511372798E1,
4.731684136892E-1));
#10539=CARTESIAN_POINT('',(2.161578868256E1,-3.646424666438E1,
4.780616245402E-1));
#10541=DIRECTION('',(1.085456533034E-6,9.999999999994E-1,9.670789506062E-8));
#10542=VECTOR('',#10541,5.678520364347E-1);
#10543=CARTESIAN_POINT('',(2.161314613883E1,-3.646670526212E1,
4.486910196754E-1));
#10544=LINE('',#10543,#10542);
#10545=CARTESIAN_POINT('',(2.176314042729E1,-3.589882671959E1,4.5E-1));
#10546=DIRECTION('',(0.E0,1.E0,0.E0));
#10547=DIRECTION('',(-9.999619230642E-1,0.E0,-8.726535498374E-3));
#10548=AXIS2_PLACEMENT_3D('',#10545,#10546,#10547);
#10550=DIRECTION('',(-1.475478245646E-11,-9.999999999996E-1,9.298509338439E-7));
#10551=VECTOR('',#10550,2.436732804130E-1);
#10552=CARTESIAN_POINT('',(2.176314042729E1,-3.589882671959E1,
5.999997734202E-1));
#10553=LINE('',#10552,#10551);
#10554=CARTESIAN_POINT('',(2.176314042729E1,-3.61425E1,4.5E-1));
#10555=DIRECTION('',(0.E0,-1.E0,0.E0));
#10556=DIRECTION('',(0.E0,0.E0,1.E0));
#10557=AXIS2_PLACEMENT_3D('',#10554,#10555,#10556);
#10559=CARTESIAN_POINT('',(2.176183144708E1,-3.61425E1,5.999942752576E-1));
#10560=CARTESIAN_POINT('',(2.175807495312E1,-3.614240449052E1,
5.999614928315E-1));
#10561=CARTESIAN_POINT('',(2.175031940996E1,-3.614316980785E1,
5.996137055140E-1));
#10562=CARTESIAN_POINT('',(2.173792547550E1,-3.614704860785E1,
5.980506186320E-1));
#10563=CARTESIAN_POINT('',(2.172521435941E1,-3.615407278653E1,
5.953226761630E-1));
#10564=CARTESIAN_POINT('',(2.171271849113E1,-3.616407152503E1,
5.914720879701E-1));
#10565=CARTESIAN_POINT('',(2.170064663607E1,-3.617695068311E1,
5.865690116946E-1));
#10566=CARTESIAN_POINT('',(2.168902931915E1,-3.619248286263E1,
5.806305070039E-1));
#10567=CARTESIAN_POINT('',(2.167795282334E1,-3.621067517450E1,
5.736938918975E-1));
#10568=CARTESIAN_POINT('',(2.166745769972E1,-3.623155296329E1,
5.657717497342E-1));
#10569=CARTESIAN_POINT('',(2.165755670864E1,-3.625516313945E1,
5.568293663810E-1));
#10570=CARTESIAN_POINT('',(2.164829907872E1,-3.628162145557E1,
5.468244887008E-1));
#10571=CARTESIAN_POINT('',(2.163975907526E1,-3.631108911664E1,
5.357012492050E-1));
#10572=CARTESIAN_POINT('',(2.163203930899E1,-3.634375179218E1,
5.233883133083E-1));
#10573=CARTESIAN_POINT('',(2.162527901518E1,-3.637986059570E1,
5.097881133999E-1));
#10574=CARTESIAN_POINT('',(2.161967725966E1,-3.641965903906E1,
4.948212181895E-1));
#10575=CARTESIAN_POINT('',(2.161688107421E1,-3.644894192281E1,
4.837974260604E-1));
#10576=CARTESIAN_POINT('',(2.161578868256E1,-3.646424666438E1,
4.780616245402E-1));
#10578=DIRECTION('',(0.E0,2.368475785867E-13,1.E0));
#10579=VECTOR('',#10578,3.E-2);
#10580=CARTESIAN_POINT('',(2.274072336565E1,-3.54176E1,0.E0));
#10581=LINE('',#10580,#10579);
#10582=DIRECTION('',(-1.E0,-1.150999021012E-14,0.E0));
#10583=VECTOR('',#10582,6.173269679548E-1);
#10584=CARTESIAN_POINT('',(2.274072336565E1,-3.54176E1,3.E-2));
#10585=LINE('',#10584,#10583);
#10586=DIRECTION('',(-7.321232014549E-1,-6.811722380510E-1,0.E0));
#10587=VECTOR('',#10586,3.684824277603E-2);
#10588=CARTESIAN_POINT('',(2.276770081912E1,-3.53925E1,3.E-2));
#10589=LINE('',#10588,#10587);
#10590=DIRECTION('',(1.E0,-1.108628957614E-14,0.E0));
#10591=VECTOR('',#10590,6.409202383540E-1);
#10592=CARTESIAN_POINT('',(2.212678058076E1,-3.53925E1,3.E-2));
#10593=LINE('',#10592,#10591);
#10594=CARTESIAN_POINT('',(2.161715803172E1,-3.588337359180E1,3.E-2));
#10595=CARTESIAN_POINT('',(2.161869159402E1,-3.584246740084E1,3.E-2));
#10596=CARTESIAN_POINT('',(2.163078485825E1,-3.577002588695E1,3.E-2));
#10597=CARTESIAN_POINT('',(2.167701123076E1,-3.564802445399E1,3.E-2));
#10598=CARTESIAN_POINT('',(2.176619028898E1,-3.552811784214E1,3.E-2));
#10599=CARTESIAN_POINT('',(2.188935404631E1,-3.544349388083E1,3.E-2));
#10600=CARTESIAN_POINT('',(2.201300186675E1,-3.540187079351E1,3.E-2));
#10601=CARTESIAN_POINT('',(2.208584565347E1,-3.53925E1,3.E-2));
#10602=CARTESIAN_POINT('',(2.212678058076E1,-3.53925E1,3.E-2));
#10604=CARTESIAN_POINT('',(2.21234E1,-3.59256E1,3.E-2));
#10605=DIRECTION('',(0.E0,0.E0,-1.E0));
#10606=DIRECTION('',(-9.965393076422E-1,8.312285079292E-2,0.E0));
#10607=AXIS2_PLACEMENT_3D('',#10604,#10605,#10606);
#10609=DIRECTION('',(-9.378858606237E-3,-8.726151683859E-3,-9.999179422773E-1));
#10610=VECTOR('',#10609,9.556278835437E-1);
#10611=CARTESIAN_POINT('',(2.277666351792E1,-3.538416104613E1,
9.855494668958E-1));
#10612=LINE('',#10611,#10610);
#10613=DIRECTION('',(8.662132181368E-3,-8.724670776388E-3,-9.999244209369E-1));
#10614=VECTOR('',#10613,4.188112582939E-1);
#10615=CARTESIAN_POINT('',(2.212315278228E1,-3.538884600965E1,
4.487796049314E-1));
#10616=LINE('',#10615,#10614);
#10617=CARTESIAN_POINT('',(2.27668E1,-3.539333812803E1,1.086415017078E0));
#10618=CARTESIAN_POINT('',(2.277362502547E1,-3.538698807948E1,
1.053431290817E0));
#10619=CARTESIAN_POINT('',(2.277698498577E1,-3.538386195033E1,
1.019822451699E0));
#10620=CARTESIAN_POINT('',(2.277666351792E1,-3.538416104613E1,
9.855494668958E-1));
#10622=DIRECTION('',(1.E0,-7.203745578097E-13,-2.251170493155E-14));
#10623=VECTOR('',#10622,9.863517916575E-3);
#10624=CARTESIAN_POINT('',(2.27668E1,-3.538416104613E1,9.855494668958E-1));
#10625=LINE('',#10624,#10623);
#10626=CARTESIAN_POINT('',(2.261680530220E1,-3.553289418061E1,
9.868474412974E-1));
#10627=CARTESIAN_POINT('',(2.261680435550E1,-3.553289506142E1,
9.996486209288E-1));
#10628=CARTESIAN_POINT('',(2.261680678118E1,-3.553289280455E1,
1.024051246010E0));
#10629=CARTESIAN_POINT('',(2.261692765528E1,-3.553278034250E1,
1.056891756547E0));
#10630=CARTESIAN_POINT('',(2.261739461421E1,-3.553234588084E1,
1.086462182258E0));
#10631=CARTESIAN_POINT('',(2.261844470911E1,-3.553136886564E1,
1.112947563651E0));
#10632=CARTESIAN_POINT('',(2.262027399982E1,-3.552966688154E1,
1.136618064440E0));
#10633=CARTESIAN_POINT('',(2.262313981582E1,-3.552700050750E1,
1.158125616675E0));
#10634=CARTESIAN_POINT('',(2.262714624021E1,-3.552327290392E1,
1.176886884798E0));
#10635=CARTESIAN_POINT('',(2.263239144210E1,-3.551839273361E1,
1.192978966838E0));
#10636=CARTESIAN_POINT('',(2.263897348343E1,-3.551226875910E1,
1.206385698350E0));
#10637=CARTESIAN_POINT('',(2.264701807316E1,-3.550478401995E1,
1.216960906517E0));
#10638=CARTESIAN_POINT('',(2.265619011610E1,-3.549625029092E1,
1.224074105923E0));
#10639=CARTESIAN_POINT('',(2.266583187018E1,-3.548727953956E1,
1.227689902705E0));
#10640=CARTESIAN_POINT('',(2.267636771397E1,-3.547747692126E1,
1.228228459540E0));
#10641=CARTESIAN_POINT('',(2.268816930132E1,-3.546649664683E1,
1.225167035846E0));
#10642=CARTESIAN_POINT('',(2.270063405747E1,-3.545489935579E1,
1.218065628457E0));
#10643=CARTESIAN_POINT('',(2.271327935916E1,-3.544313408399E1,
1.206874045226E0));
#10644=CARTESIAN_POINT('',(2.272581298455E1,-3.543147271656E1,
1.191432185439E0));
#10645=CARTESIAN_POINT('',(2.273763121220E1,-3.542047695989E1,
1.172126704660E0));
#10646=CARTESIAN_POINT('',(2.274865498495E1,-3.541022036928E1,
1.148682058540E0));
#10647=CARTESIAN_POINT('',(2.275869312446E1,-3.540088081831E1,
1.120410284235E0));
#10648=CARTESIAN_POINT('',(2.276433670376E1,-3.539562999504E1,
1.098319542479E0));
#10649=CARTESIAN_POINT('',(2.27668E1,-3.539333812803E1,1.086415017078E0));
#10651=CARTESIAN_POINT('',(2.27668E1,-3.553415533459E1,9.868584472206E-1));
#10652=DIRECTION('',(0.E0,-8.726535498374E-3,-9.999619230642E-1));
#10653=DIRECTION('',(-9.999646520307E-1,8.407693236402E-3,-7.337282729910E-5));
#10654=AXIS2_PLACEMENT_3D('',#10651,#10652,#10653);
#10656=CARTESIAN_POINT('',(2.27668E1,-3.589414162690E1,9.9E-1));
#10657=DIRECTION('',(1.E0,0.E0,0.E0));
#10658=DIRECTION('',(0.E0,9.999619230642E-1,-8.726535498373E-3));
#10659=AXIS2_PLACEMENT_3D('',#10656,#10657,#10658);
#10661=CARTESIAN_POINT('',(2.261682039034E1,-3.553287924565E1,
8.499125196055E-1));
#10662=CARTESIAN_POINT('',(2.261681705883E1,-3.553288234531E1,
8.727390698209E-1));
#10663=CARTESIAN_POINT('',(2.261681115913E1,-3.553288917970E1,
9.183246460715E-1));
#10664=CARTESIAN_POINT('',(2.261680699088E1,-3.553289260944E1,
9.640131523869E-1));
#10665=CARTESIAN_POINT('',(2.261680530220E1,-3.553289418061E1,
9.868474412974E-1));
#10667=DIRECTION('',(-8.417257471462E-5,8.726537261757E-3,9.999619195061E-1));
#10668=VECTOR('',#10667,5.368916410939E-1);
#10669=CARTESIAN_POINT('',(2.276684519155E1,-3.538884625105E1,
4.486782709008E-1));
#10670=LINE('',#10669,#10668);
#10671=CARTESIAN_POINT('',(2.261380399292E1,-3.553568661807E1,
8.113980893476E-1));
#10672=CARTESIAN_POINT('',(2.261473037937E1,-3.553482470202E1,
8.173215194557E-1));
#10673=CARTESIAN_POINT('',(2.261623687252E1,-3.553342349995E1,
8.296044734608E-1));
#10674=CARTESIAN_POINT('',(2.261682212390E1,-3.553287763274E1,
8.430020928454E-1));
#10675=CARTESIAN_POINT('',(2.261682039034E1,-3.553287924565E1,
8.499125196055E-1));
#10677=CARTESIAN_POINT('',(2.276684519155E1,-3.538884625105E1,
4.486782709008E-1));
#10678=CARTESIAN_POINT('',(2.275962812925E1,-3.538867755845E1,
4.680085280574E-1));
#10679=CARTESIAN_POINT('',(2.274569176623E1,-3.538940463530E1,
5.048871474572E-1));
#10680=CARTESIAN_POINT('',(2.272716810107E1,-3.539287291649E1,
5.544447858205E-1));
#10681=CARTESIAN_POINT('',(2.271037681816E1,-3.539819525325E1,
5.992305303409E-1));
#10682=CARTESIAN_POINT('',(2.269529202681E1,-3.540499014273E1,
6.395272499408E-1));
#10683=CARTESIAN_POINT('',(2.268173521159E1,-3.541299180375E1,
6.757456813784E-1));
#10684=CARTESIAN_POINT('',(2.266960291517E1,-3.542200591795E1,
7.081811646794E-1));
#10685=CARTESIAN_POINT('',(2.265879936491E1,-3.543189369711E1,
7.370838349372E-1));
#10686=CARTESIAN_POINT('',(2.264924368124E1,-3.544257015787E1,
7.626646488736E-1));
#10687=CARTESIAN_POINT('',(2.264088561762E1,-3.545397988894E1,
7.850523203618E-1));
#10688=CARTESIAN_POINT('',(2.263370671381E1,-3.546607910136E1,
8.043085279891E-1));
#10689=CARTESIAN_POINT('',(2.262770653595E1,-3.547885262587E1,
8.204359370489E-1));
#10690=CARTESIAN_POINT('',(2.262292712256E1,-3.549225409452E1,
8.332638843272E-1));
#10691=CARTESIAN_POINT('',(2.261945898106E1,-3.550612108697E1,
8.425927981416E-1));
#10692=CARTESIAN_POINT('',(2.261740081144E1,-3.551983718886E1,
8.482204357623E-1));
#10693=CARTESIAN_POINT('',(2.261689093195E1,-3.552859733205E1,
8.497189341343E-1));
#10694=CARTESIAN_POINT('',(2.261682039034E1,-3.553287924565E1,
8.499125196055E-1));
#10696=CARTESIAN_POINT('',(2.261041428255E1,-3.553884042729E1,
7.938566002418E-1));
#10697=CARTESIAN_POINT('',(2.261108077347E1,-3.553822031976E1,
7.967486001255E-1));
#10698=CARTESIAN_POINT('',(2.261231334703E1,-3.553707352542E1,
8.025643462871E-1));
#10699=CARTESIAN_POINT('',(2.261334163915E1,-3.553611679505E1,
8.084422046777E-1));
#10700=CARTESIAN_POINT('',(2.261380399292E1,-3.553568661807E1,
8.113980893476E-1));
#10702=CARTESIAN_POINT('',(2.23668E1,-3.553884042729E1,8.5E-1));
#10703=DIRECTION('',(0.E0,1.E0,0.E0));
#10704=DIRECTION('',(9.744571302102E-1,0.E0,-2.245735990328E-1));
#10705=AXIS2_PLACEMENT_3D('',#10702,#10703,#10704);
#10707=CARTESIAN_POINT('',(2.23668E1,-3.553884042729E1,4.5E-1));
#10708=DIRECTION('',(-1.E0,0.E0,0.E0));
#10709=DIRECTION('',(0.E0,0.E0,1.E0));
#10710=AXIS2_PLACEMENT_3D('',#10707,#10708,#10709);
#10712=CARTESIAN_POINT('',(2.23668E1,-3.553535033839E1,8.499847738096E-1));
#10713=DIRECTION('',(0.E0,-9.999619345241E-1,8.725222227032E-3));
#10714=DIRECTION('',(0.E0,-8.725222227042E-3,-9.999619345241E-1));
#10715=AXIS2_PLACEMENT_3D('',#10712,#10713,#10714);
#10717=CARTESIAN_POINT('',(2.261041428255E1,-3.553884042729E1,
7.938566002418E-1));
#10718=CARTESIAN_POINT('',(2.260606390371E1,-3.554288804835E1,
7.749796810502E-1));
#10719=CARTESIAN_POINT('',(2.259431772014E1,-3.555381677474E1,
7.428961936756E-1));
#10720=CARTESIAN_POINT('',(2.256390270853E1,-3.558211510143E1,
6.916186556079E-1));
#10721=CARTESIAN_POINT('',(2.251650736350E1,-3.562621204192E1,
6.449802116653E-1));
#10722=CARTESIAN_POINT('',(2.244856521521E1,-3.568942586319E1,
6.096213570149E-1));
#10723=CARTESIAN_POINT('',(2.239577754769E1,-3.573853985597E1,6.E-1));
#10724=CARTESIAN_POINT('',(2.23668E1,-3.576550075677E1,6.E-1));
#10726=DIRECTION('',(-3.134835007808E-14,1.E0,0.E0));
#10727=VECTOR('',#10726,2.266603294879E-1);
#10728=CARTESIAN_POINT('',(2.23668E1,-3.576550075677E1,6.E-1));
#10729=LINE('',#10728,#10727);
#10730=DIRECTION('',(-7.321232014549E-1,-6.811722380511E-1,0.E0));
#10731=VECTOR('',#10730,5.534565593939E-1);
#10732=CARTESIAN_POINT('',(2.23668E1,-3.576550075677E1,6.E-1));
#10733=LINE('',#10732,#10731);
#10734=CARTESIAN_POINT('',(2.212311536605E1,-3.589881509621E1,
5.999963545859E-1));
#10735=DIRECTION('',(-8.238961890358E-6,8.797685893736E-6,-9.999999999274E-1));
#10736=DIRECTION('',(-9.999999994448E-1,-3.228939481049E-5,8.238677814306E-6));
#10737=AXIS2_PLACEMENT_3D('',#10734,#10735,#10736);
#10739=CARTESIAN_POINT('',(2.176314042729E1,-3.632714959040E1,
6.814635684320E-1));
#10740=CARTESIAN_POINT('',(2.179229390195E1,-3.630002500598E1,
6.517457005729E-1));
#10741=CARTESIAN_POINT('',(2.185572246436E1,-3.624101065467E1,
6.133799969350E-1));
#10742=CARTESIAN_POINT('',(2.192522444527E1,-3.617634555487E1,6.E-1));
#10743=CARTESIAN_POINT('',(2.196160161187E1,-3.61425E1,6.E-1));
#10745=DIRECTION('',(1.E0,-3.580260478879E-14,0.E0));
#10746=VECTOR('',#10745,1.984611845847E-1);
#10747=CARTESIAN_POINT('',(2.176314042729E1,-3.61425E1,6.E-1));
#10748=LINE('',#10747,#10746);
#10749=CARTESIAN_POINT('',(2.176110273173E1,-3.632904547573E1,
6.835555439168E-1));
#10750=CARTESIAN_POINT('',(2.176143947856E1,-3.632873216427E1,
6.832072992199E-1));
#10751=CARTESIAN_POINT('',(2.176211723003E1,-3.632810157986E1,
6.825090390249E-1));
#10752=CARTESIAN_POINT('',(2.176279829619E1,-3.632746791142E1,
6.818123229745E-1));
#10753=CARTESIAN_POINT('',(2.176314042729E1,-3.632714959040E1,
6.814635684319E-1));
#10755=CARTESIAN_POINT('',(2.175964981309E1,-3.61425E1,8.499847692257E-1));
#10756=DIRECTION('',(9.999619230642E-1,0.E0,8.726535497270E-3));
#10757=DIRECTION('',(5.809603371134E-3,-7.461838305534E-1,-6.657146081687E-1));
#10758=AXIS2_PLACEMENT_3D('',#10755,#10756,#10757);
#10760=CARTESIAN_POINT('',(2.176314042729E1,-3.61425E1,8.5E-1));
#10761=DIRECTION('',(-1.E0,0.E0,0.E0));
#10762=DIRECTION('',(1.421085471520E-14,0.E0,-1.E0));
#10763=AXIS2_PLACEMENT_3D('',#10760,#10761,#10762);
#10765=CARTESIAN_POINT('',(2.161578868256E1,-3.646424666438E1,
4.780616245402E-1));
#10766=CARTESIAN_POINT('',(2.161801249129E1,-3.646217761812E1,
4.897390701531E-1));
#10767=CARTESIAN_POINT('',(2.162227883198E1,-3.645820812476E1,
5.121867447751E-1));
#10768=CARTESIAN_POINT('',(2.162823154409E1,-3.645266970719E1,
5.429684073511E-1));
#10769=CARTESIAN_POINT('',(2.163391719183E1,-3.644737973649E1,
5.712655868983E-1));
#10770=CARTESIAN_POINT('',(2.163946264659E1,-3.644222021073E1,
5.971610401702E-1));
#10771=CARTESIAN_POINT('',(2.164498129292E1,-3.643708562543E1,
6.206319724294E-1));
#10772=CARTESIAN_POINT('',(2.165070804683E1,-3.643175741609E1,
6.419868873601E-1));
#10773=CARTESIAN_POINT('',(2.165687959911E1,-3.642601536326E1,
6.610700879688E-1));
#10774=CARTESIAN_POINT('',(2.166374940938E1,-3.641962364665E1,
6.774688666381E-1));
#10775=CARTESIAN_POINT('',(2.167181193515E1,-3.641212221968E1,
6.909740394016E-1));
#10776=CARTESIAN_POINT('',(2.168162893468E1,-3.640298841880E1,
7.009140390418E-1));
#10777=CARTESIAN_POINT('',(2.169243824530E1,-3.639293136516E1,
7.063466534531E-1));
#10778=CARTESIAN_POINT('',(2.170267750032E1,-3.638340469500E1,
7.082241911197E-1));
#10779=CARTESIAN_POINT('',(2.171186532775E1,-3.637485627998E1,
7.080705771534E-1));
#10780=CARTESIAN_POINT('',(2.172018386459E1,-3.636711665863E1,
7.067298792516E-1));
#10781=CARTESIAN_POINT('',(2.172754942356E1,-3.636026369416E1,
7.046697053366E-1));
#10782=CARTESIAN_POINT('',(2.173391049573E1,-3.635434531081E1,
7.022482431292E-1));
#10783=CARTESIAN_POINT('',(2.173962278725E1,-3.634903055724E1,
6.995691949530E-1));
#10784=CARTESIAN_POINT('',(2.174516235883E1,-3.634387650344E1,
6.964695154422E-1));
#10785=CARTESIAN_POINT('',(2.175071229333E1,-3.633871280791E1,
6.927560007495E-1));
#10786=CARTESIAN_POINT('',(2.175610096295E1,-3.633369915428E1,
6.884727791451E-1));
#10787=CARTESIAN_POINT('',(2.175946326427E1,-3.633057084703E1,
6.852515295729E-1));
#10788=CARTESIAN_POINT('',(2.176110273173E1,-3.632904547573E1,
6.835555439168E-1));
#10790=CARTESIAN_POINT('',(2.212312343372E1,-3.553884243476E1,
4.499996299264E-1));
#10791=DIRECTION('',(9.999999996321E-1,-2.584506891610E-5,-8.239189264723E-6));
#10792=DIRECTION('',(2.577220710077E-5,9.999619452762E-1,-8.723951809147E-3));
#10793=AXIS2_PLACEMENT_3D('',#10790,#10791,#10792);
#10795=DIRECTION('',(-9.999999999998E-1,-5.336215880504E-12,
-6.547023115133E-7));
#10796=VECTOR('',#10795,2.436732762615E-1);
#10797=CARTESIAN_POINT('',(2.23668E1,-3.553884042729E1,6.E-1));
#10798=LINE('',#10797,#10796);
#10799=DIRECTION('',(9.999999876084E-1,-3.750120951694E-7,-1.574261679722E-4));
#10800=VECTOR('',#10799,6.436924172439E-1);
#10801=CARTESIAN_POINT('',(2.212315278228E1,-3.538884600965E1,
4.487796049314E-1));
#10802=LINE('',#10801,#10800);
#10803=CARTESIAN_POINT('',(2.276684519155E1,-3.538884625105E1,
4.486782709008E-1));
#10804=CARTESIAN_POINT('',(2.274821876489E1,-3.538878411590E1,
4.556179870662E-1));
#10805=CARTESIAN_POINT('',(2.271288242901E1,-3.538963451781E1,
4.689419168289E-1));
#10806=CARTESIAN_POINT('',(2.266500715549E1,-3.539309384715E1,
4.868944401983E-1));
#10807=CARTESIAN_POINT('',(2.262168173453E1,-3.539826415294E1,
5.031963613542E-1));
#10808=CARTESIAN_POINT('',(2.258254884579E1,-3.540479538350E1,
5.179253914037E-1));
#10809=CARTESIAN_POINT('',(2.254726832513E1,-3.541243644418E1,
5.312219069792E-1));
#10810=CARTESIAN_POINT('',(2.251554082599E1,-3.542100536E1,5.431908326312E-1));
#10811=CARTESIAN_POINT('',(2.248713399989E1,-3.543037263869E1,
5.539256454985E-1));
#10812=CARTESIAN_POINT('',(2.246185410780E1,-3.544044819206E1,
5.634987417578E-1));
#10813=CARTESIAN_POINT('',(2.243954234012E1,-3.545115832772E1,
5.719556281443E-1));
#10814=CARTESIAN_POINT('',(2.242013042718E1,-3.546249176596E1,
5.793510526541E-1));
#10815=CARTESIAN_POINT('',(2.240358749798E1,-3.547440818940E1,
5.856792123191E-1));
#10816=CARTESIAN_POINT('',(2.238986213109E1,-3.548680446858E1,
5.908996926496E-1));
#10817=CARTESIAN_POINT('',(2.237919729767E1,-3.549967128532E1,
5.950056904536E-1));
#10818=CARTESIAN_POINT('',(2.237169291250E1,-3.551276913492E1,
5.979138698077E-1));
#10819=CARTESIAN_POINT('',(2.236753253732E1,-3.552554989806E1,
5.995843126376E-1));
#10820=CARTESIAN_POINT('',(2.236670418958E1,-3.553361409253E1,
5.999601081751E-1));
#10821=CARTESIAN_POINT('',(2.23668E1,-3.553753144691E1,5.999942944088E-1));
#10823=CARTESIAN_POINT('',(2.212315278228E1,-3.538884600965E1,
4.487796049314E-1));
#10824=CARTESIAN_POINT('',(2.210090419041E1,-3.538884422946E1,
4.487233751998E-1));
#10825=CARTESIAN_POINT('',(2.205643437129E1,-3.539175496052E1,
4.484863214327E-1));
#10826=CARTESIAN_POINT('',(2.199071816433E1,-3.540482335821E1,
4.484031205720E-1));
#10827=CARTESIAN_POINT('',(2.192736337676E1,-3.542634073586E1,
4.482817907220E-1));
#10828=CARTESIAN_POINT('',(2.186737146268E1,-3.545593192176E1,
4.482075791559E-1));
#10829=CARTESIAN_POINT('',(2.181175323467E1,-3.549310139637E1,
4.481592677771E-1));
#10830=CARTESIAN_POINT('',(2.176145709436E1,-3.553721694636E1,
4.481435999054E-1));
#10831=CARTESIAN_POINT('',(2.171735266684E1,-3.558751697274E1,
4.481595022255E-1));
#10832=CARTESIAN_POINT('',(2.168018944695E1,-3.564314403484E1,
4.482068663651E-1));
#10833=CARTESIAN_POINT('',(2.165060374568E1,-3.570315208991E1,
4.482848681524E-1));
#10834=CARTESIAN_POINT('',(2.162910804017E1,-3.576648745953E1,
4.483922429659E-1));
#10835=CARTESIAN_POINT('',(2.161605862860E1,-3.583212151220E1,
4.485273988196E-1));
#10836=CARTESIAN_POINT('',(2.161314493278E1,-3.587659521682E1,
4.486347909596E-1));
#10837=CARTESIAN_POINT('',(2.161314675520E1,-3.589885322569E1,
4.486910745911E-1));
#10839=CARTESIAN_POINT('',(2.16168E1,-3.590248058076E1,3.E-2));
#10840=CARTESIAN_POINT('',(2.16168E1,-3.589610934814E1,3.E-2));
#10841=CARTESIAN_POINT('',(2.161691934357E1,-3.588974035181E1,3.E-2));
#10842=CARTESIAN_POINT('',(2.161715803172E1,-3.588337359180E1,3.E-2));
#10844=DIRECTION('',(8.726247878038E-3,8.118958373494E-3,-9.999289650335E-1));
#10845=VECTOR('',#10844,4.187207634908E-1);
#10846=CARTESIAN_POINT('',(2.161314613883E1,-3.646670526212E1,
4.486910196754E-1));
#10847=LINE('',#10846,#10845);
#10848=DIRECTION('',(-1.266959573557E-14,1.E0,0.E0));
#10849=VECTOR('',#10848,5.608251049124E-1);
#10850=CARTESIAN_POINT('',(2.16168E1,-3.646330568568E1,3.E-2));
#10851=LINE('',#10850,#10849);
#10852=DIRECTION('',(-8.724734969445E-3,8.662904740153E-3,9.999244136839E-1));
#10853=VECTOR('',#10852,4.187227242993E-1);
#10854=CARTESIAN_POINT('',(2.16168E1,-3.590248058076E1,3.E-2));
#10855=LINE('',#10854,#10853);
#10856=DIRECTION('',(-7.321232014544E-1,-6.811722380516E-1,0.E0));
#10857=VECTOR('',#10856,1.912246459638E-3);
#10858=CARTESIAN_POINT('',(2.16168E1,-3.646330568568E1,3.E-2));
#10859=LINE('',#10858,#10857);
#10860=DIRECTION('',(0.E0,0.E0,1.E0));
#10861=VECTOR('',#10860,3.E-2);
#10862=CARTESIAN_POINT('',(2.16154E1,-3.646460825488E1,0.E0));
#10863=LINE('',#10862,#10861);
#10864=DIRECTION('',(0.E0,1.E0,0.E0));
#10865=VECTOR('',#10864,5.390082548755E-1);
#10866=CARTESIAN_POINT('',(2.16154E1,-3.646460825488E1,3.E-2));
#10867=LINE('',#10866,#10865);
#10868=DIRECTION('',(-7.321232014549E-1,-6.811722380511E-1,0.E0));
#10869=VECTOR('',#10868,1.537068301361E0);
#10870=CARTESIAN_POINT('',(2.274072336565E1,-3.54176E1,0.E0));
#10871=LINE('',#10870,#10869);
#10872=DIRECTION('',(1.E0,1.151005737512E-14,0.E0));
#10873=VECTOR('',#10872,6.173233656474E-1);
#10874=CARTESIAN_POINT('',(2.21234E1,-3.54176E1,0.E0));
#10875=LINE('',#10874,#10873);
#10876=CARTESIAN_POINT('',(2.21234E1,-3.59256E1,0.E0));
#10877=DIRECTION('',(0.E0,0.E0,1.E0));
#10878=DIRECTION('',(4.266053826906E-13,1.E0,0.E0));
#10879=AXIS2_PLACEMENT_3D('',#10876,#10877,#10878);
#10881=DIRECTION('',(0.E0,1.E0,0.E0));
#10882=VECTOR('',#10881,5.390082548756E-1);
#10883=CARTESIAN_POINT('',(2.16154E1,-3.646460825488E1,0.E0));
#10884=LINE('',#10883,#10882);
#10885=CARTESIAN_POINT('',(2.21234E1,-3.59256E1,3.E-2));
#10886=DIRECTION('',(0.E0,0.E0,1.E0));
#10887=DIRECTION('',(-9.965393076422E-1,8.312285079286E-2,0.E0));
#10888=AXIS2_PLACEMENT_3D('',#10885,#10886,#10887);
#10890=DIRECTION('',(0.E0,4.026408835974E-12,-1.E0));
#10891=VECTOR('',#10890,3.E-2);
#10892=CARTESIAN_POINT('',(2.16154E1,-3.59256E1,3.E-2));
#10893=LINE('',#10892,#10891);
#10894=DIRECTION('',(-1.200769115772E-4,0.E0,9.999999927908E-1));
#10895=VECTOR('',#10894,3.000000021628E-2);
#10896=CARTESIAN_POINT('',(2.21234E1,-3.54176E1,0.E0));
#10897=LINE('',#10896,#10895);
#10898=CARTESIAN_POINT('',(2.276684519155E1,-3.538884625105E1,
4.486782709008E-1));
#10899=CARTESIAN_POINT('',(2.27668E1,-3.538416104613E1,9.855494668958E-1));
#10900=VERTEX_POINT('',#10898);
#10901=VERTEX_POINT('',#10899);
#10902=CARTESIAN_POINT('',(2.212315278228E1,-3.538884600965E1,
4.487796049314E-1));
#10903=VERTEX_POINT('',#10902);
#10904=VERTEX_POINT('',#10821);
#10905=CARTESIAN_POINT('',(2.212312466965E1,-3.553884042724E1,
5.999995214166E-1));
#10906=VERTEX_POINT('',#10905);
#10907=CARTESIAN_POINT('',(2.23668E1,-3.553884042729E1,6.E-1));
#10908=VERTEX_POINT('',#10907);
#10909=VERTEX_POINT('',#10837);
#10910=CARTESIAN_POINT('',(2.176314042729E1,-3.589882671959E1,6.E-1));
#10911=VERTEX_POINT('',#10910);
#10912=CARTESIAN_POINT('',(2.16168E1,-3.590248058076E1,3.E-2));
#10913=VERTEX_POINT('',#10912);
#10914=CARTESIAN_POINT('',(2.176314042729E1,-3.61425E1,6.E-1));
#10915=CARTESIAN_POINT('',(2.176183144696E1,-3.61425E1,5.999942884596E-1));
#10916=VERTEX_POINT('',#10914);
#10917=VERTEX_POINT('',#10915);
#10918=CARTESIAN_POINT('',(2.21234E1,-3.54176E1,0.E0));
#10919=CARTESIAN_POINT('',(2.16154E1,-3.59256E1,0.E0));
#10920=VERTEX_POINT('',#10918);
#10921=VERTEX_POINT('',#10919);
#10922=CARTESIAN_POINT('',(2.212339639769E1,-3.54176E1,3.E-2));
#10923=VERTEX_POINT('',#10922);
#10924=VERTEX_POINT('',#10594);
#10925=VERTEX_POINT('',#10602);
#10926=CARTESIAN_POINT('',(2.16154E1,-3.59256E1,3.E-2));
#10927=VERTEX_POINT('',#10926);
#10928=CARTESIAN_POINT('',(2.274072336565E1,-3.54176E1,0.E0));
#10929=CARTESIAN_POINT('',(2.16154E1,-3.646460825488E1,0.E0));
#10930=VERTEX_POINT('',#10928);
#10931=VERTEX_POINT('',#10929);
#10932=CARTESIAN_POINT('',(2.276770081912E1,-3.53925E1,3.E-2));
#10933=CARTESIAN_POINT('',(2.274072336565E1,-3.54176E1,3.E-2));
#10934=VERTEX_POINT('',#10932);
#10935=VERTEX_POINT('',#10933);
#10936=CARTESIAN_POINT('',(2.16154E1,-3.646460825488E1,3.E-2));
#10937=VERTEX_POINT('',#10936);
#10938=CARTESIAN_POINT('',(2.16168E1,-3.646330568568E1,3.E-2));
#10939=VERTEX_POINT('',#10938);
#10940=VERTEX_POINT('',#10626);
#10941=VERTEX_POINT('',#10649);
#10942=VERTEX_POINT('',#10620);
#10943=VERTEX_POINT('',#10661);
#10944=VERTEX_POINT('',#10671);
#10945=CARTESIAN_POINT('',(2.161314613883E1,-3.646670526212E1,
4.486910196754E-1));
#10946=VERTEX_POINT('',#10945);
#10947=VERTEX_POINT('',#10765);
#10948=VERTEX_POINT('',#10788);
#10949=VERTEX_POINT('',#10753);
#10950=VERTEX_POINT('',#10743);
#10951=VERTEX_POINT('',#10696);
#10952=VERTEX_POINT('',#10724);
#10953=CARTESIAN_POINT('',(2.176314042729E1,-4.094699285422E1,4.5E-1));
#10954=DIRECTION('',(0.E0,1.E0,0.E0));
#10955=DIRECTION('',(-9.999619230642E-1,0.E0,-8.726535498374E-3));
#10956=AXIS2_PLACEMENT_3D('',#10953,#10954,#10955);
#10957=CYLINDRICAL_SURFACE('',#10956,1.5E-1);
#10959=ORIENTED_EDGE('',*,*,#10958,.F.);
#10961=ORIENTED_EDGE('',*,*,#10960,.T.);
#10963=ORIENTED_EDGE('',*,*,#10962,.T.);
#10965=ORIENTED_EDGE('',*,*,#10964,.T.);
#10967=ORIENTED_EDGE('',*,*,#10966,.T.);
#10969=ORIENTED_EDGE('',*,*,#10968,.T.);
#10970=EDGE_LOOP('',(#10959,#10961,#10963,#10965,#10967,#10969));
#10971=FACE_OUTER_BOUND('',#10970,.F.);
#10972=ADVANCED_FACE('',(#10971),#10957,.T.);
#10973=FILL_AREA_STYLE_COLOUR('',#95);
#10974=FILL_AREA_STYLE('',(#10973));
#10975=SURFACE_STYLE_FILL_AREA(#10974);
#10976=SURFACE_SIDE_STYLE('',(#10975));
#10977=SURFACE_STYLE_USAGE(.BOTH.,#10976);
#10978=PRESENTATION_STYLE_ASSIGNMENT((#10977));
#10979=STYLED_ITEM('',(#10978),#10972);
#10980=CARTESIAN_POINT('',(2.294673474305E1,-3.522592566058E1,0.E0));
#10981=DIRECTION('',(-6.811722380511E-1,7.321232014549E-1,0.E0));
#10982=DIRECTION('',(-7.321232014549E-1,-6.811722380511E-1,0.E0));
#10983=AXIS2_PLACEMENT_3D('',#10980,#10981,#10982);
#10984=PLANE('',#10983);
#10986=ORIENTED_EDGE('',*,*,#10985,.F.);
#10988=ORIENTED_EDGE('',*,*,#10987,.T.);
#10990=ORIENTED_EDGE('',*,*,#10989,.T.);
#10992=ORIENTED_EDGE('',*,*,#10991,.F.);
#10994=ORIENTED_EDGE('',*,*,#10993,.F.);
#10995=ORIENTED_EDGE('',*,*,#10958,.T.);
#10997=ORIENTED_EDGE('',*,*,#10996,.T.);
#10999=ORIENTED_EDGE('',*,*,#10998,.T.);
#11001=ORIENTED_EDGE('',*,*,#11000,.T.);
#11003=ORIENTED_EDGE('',*,*,#11002,.F.);
#11005=ORIENTED_EDGE('',*,*,#11004,.F.);
#11007=ORIENTED_EDGE('',*,*,#11006,.T.);
#11009=ORIENTED_EDGE('',*,*,#11008,.T.);
#11011=ORIENTED_EDGE('',*,*,#11010,.T.);
#11013=ORIENTED_EDGE('',*,*,#11012,.T.);
#11015=ORIENTED_EDGE('',*,*,#11014,.T.);
#11017=ORIENTED_EDGE('',*,*,#11016,.T.);
#11019=ORIENTED_EDGE('',*,*,#11018,.T.);
#11020=EDGE_LOOP('',(#10986,#10988,#10990,#10992,#10994,#10995,#10997,#10999,
#11001,#11003,#11005,#11007,#11009,#11011,#11013,#11015,#11017,#11019));
#11021=FACE_OUTER_BOUND('',#11020,.F.);
#11022=ADVANCED_FACE('',(#11021),#10984,.F.);
#11023=CARTESIAN_POINT('',(2.21234E1,-3.54176E1,0.E0));
#11024=DIRECTION('',(0.E0,-1.E0,0.E0));
#11025=DIRECTION('',(1.E0,0.E0,0.E0));
#11026=AXIS2_PLACEMENT_3D('',#11023,#11024,#11025);
#11027=PLANE('',#11026);
#11028=ORIENTED_EDGE('',*,*,#10985,.T.);
#11030=ORIENTED_EDGE('',*,*,#11029,.T.);
#11032=ORIENTED_EDGE('',*,*,#11031,.F.);
#11034=ORIENTED_EDGE('',*,*,#11033,.T.);
#11035=EDGE_LOOP('',(#11028,#11030,#11032,#11034));
#11036=FACE_OUTER_BOUND('',#11035,.F.);
#11037=ADVANCED_FACE('',(#11036),#11027,.F.);
#11038=FILL_AREA_STYLE_COLOUR('',#115);
#11039=FILL_AREA_STYLE('',(#11038));
#11040=SURFACE_STYLE_FILL_AREA(#11039);
#11041=SURFACE_SIDE_STYLE('',(#11040));
#11042=SURFACE_STYLE_USAGE(.BOTH.,#11041);
#11043=PRESENTATION_STYLE_ASSIGNMENT((#11042));
#11044=STYLED_ITEM('',(#11043),#11037);
#11045=CARTESIAN_POINT('',(2.08788E1,-4.4587E1,3.E-2));
#11046=DIRECTION('',(0.E0,0.E0,1.E0));
#11047=DIRECTION('',(0.E0,-1.E0,0.E0));
#11048=AXIS2_PLACEMENT_3D('',#11045,#11046,#11047);
#11049=PLANE('',#11048);
#11050=ORIENTED_EDGE('',*,*,#11018,.F.);
#11052=ORIENTED_EDGE('',*,*,#11051,.F.);
#11054=ORIENTED_EDGE('',*,*,#11053,.F.);
#11056=ORIENTED_EDGE('',*,*,#11055,.T.);
#11057=ORIENTED_EDGE('',*,*,#11029,.F.);
#11058=EDGE_LOOP('',(#11050,#11052,#11054,#11056,#11057));
#11059=FACE_OUTER_BOUND('',#11058,.F.);
#11060=ADVANCED_FACE('',(#11059),#11049,.F.);
#11061=FILL_AREA_STYLE_COLOUR('',#115);
#11062=FILL_AREA_STYLE('',(#11061));
#11063=SURFACE_STYLE_FILL_AREA(#11062);
#11064=SURFACE_SIDE_STYLE('',(#11063));
#11065=SURFACE_STYLE_USAGE(.BOTH.,#11064);
#11066=PRESENTATION_STYLE_ASSIGNMENT((#11065));
#11067=STYLED_ITEM('',(#11066),#11060);
#11068=CARTESIAN_POINT('',(3.168650490102E1,-3.53925E1,3.E-2));
#11069=DIRECTION('',(0.E0,9.999619230642E-1,-8.726535498374E-3));
#11070=DIRECTION('',(1.E0,0.E0,0.E0));
#11071=AXIS2_PLACEMENT_3D('',#11068,#11069,#11070);
#11072=PLANE('',#11071);
#11073=ORIENTED_EDGE('',*,*,#11016,.F.);
#11075=ORIENTED_EDGE('',*,*,#11074,.F.);
#11077=ORIENTED_EDGE('',*,*,#11076,.F.);
#11079=ORIENTED_EDGE('',*,*,#11078,.F.);
#11081=ORIENTED_EDGE('',*,*,#11080,.T.);
#11082=ORIENTED_EDGE('',*,*,#11051,.T.);
#11083=EDGE_LOOP('',(#11073,#11075,#11077,#11079,#11081,#11082));
#11084=FACE_OUTER_BOUND('',#11083,.F.);
#11085=ADVANCED_FACE('',(#11084),#11072,.T.);
#11086=FILL_AREA_STYLE_COLOUR('',#95);
#11087=FILL_AREA_STYLE('',(#11086));
#11088=SURFACE_STYLE_FILL_AREA(#11087);
#11089=SURFACE_SIDE_STYLE('',(#11088));
#11090=SURFACE_STYLE_USAGE(.BOTH.,#11089);
#11091=PRESENTATION_STYLE_ASSIGNMENT((#11090));
#11092=STYLED_ITEM('',(#11091),#11085);
#11093=CARTESIAN_POINT('',(3.007868892406E1,-3.589414162690E1,9.9E-1));
#11094=DIRECTION('',(-1.E0,0.E0,0.E0));
#11095=DIRECTION('',(0.E0,0.E0,1.E0));
#11096=AXIS2_PLACEMENT_3D('',#11093,#11094,#11095);
#11097=CYLINDRICAL_SURFACE('',#11096,5.1E-1);
#11098=ORIENTED_EDGE('',*,*,#11014,.F.);
#11100=ORIENTED_EDGE('',*,*,#11099,.F.);
#11101=ORIENTED_EDGE('',*,*,#11074,.T.);
#11102=EDGE_LOOP('',(#11098,#11100,#11101));
#11103=FACE_OUTER_BOUND('',#11102,.F.);
#11104=ADVANCED_FACE('',(#11103),#11097,.T.);
#11105=FILL_AREA_STYLE_COLOUR('',#95);
#11106=FILL_AREA_STYLE('',(#11105));
#11107=SURFACE_STYLE_FILL_AREA(#11106);
#11108=SURFACE_SIDE_STYLE('',(#11107));
#11109=SURFACE_STYLE_USAGE(.BOTH.,#11108);
#11110=PRESENTATION_STYLE_ASSIGNMENT((#11109));
#11111=STYLED_ITEM('',(#11110),#11104);
#11112=CARTESIAN_POINT('',(2.27668E1,-3.589414162690E1,9.9E-1));
#11113=DIRECTION('',(-1.E0,0.E0,0.E0));
#11114=DIRECTION('',(0.E0,9.989375815484E-1,-4.608370829437E-2));
#11115=AXIS2_PLACEMENT_3D('',#11112,#11113,#11114);
#11116=TOROIDAL_SURFACE('',#11115,3.6E-1,1.5E-1);
#11117=ORIENTED_EDGE('',*,*,#11012,.F.);
#11119=ORIENTED_EDGE('',*,*,#11118,.T.);
#11120=ORIENTED_EDGE('',*,*,#11099,.T.);
#11121=EDGE_LOOP('',(#11117,#11119,#11120));
#11122=FACE_OUTER_BOUND('',#11121,.F.);
#11123=ADVANCED_FACE('',(#11122),#11116,.T.);
#11124=FILL_AREA_STYLE_COLOUR('',#95);
#11125=FILL_AREA_STYLE('',(#11124));
#11126=SURFACE_STYLE_FILL_AREA(#11125);
#11127=SURFACE_SIDE_STYLE('',(#11126));
#11128=SURFACE_STYLE_USAGE(.BOTH.,#11127);
#11129=PRESENTATION_STYLE_ASSIGNMENT((#11128));
#11130=STYLED_ITEM('',(#11129),#11123);
#11131=CARTESIAN_POINT('',(2.27668E1,-3.554268329252E1,9.651259932137E-3));
#11132=DIRECTION('',(0.E0,8.726535498374E-3,9.999619230642E-1));
#11133=DIRECTION('',(0.E0,9.999619230642E-1,-8.726535498374E-3));
#11134=AXIS2_PLACEMENT_3D('',#11131,#11132,#11133);
#11135=CYLINDRICAL_SURFACE('',#11134,1.5E-1);
#11136=ORIENTED_EDGE('',*,*,#11010,.F.);
#11138=ORIENTED_EDGE('',*,*,#11137,.F.);
#11139=ORIENTED_EDGE('',*,*,#11076,.T.);
#11140=ORIENTED_EDGE('',*,*,#11118,.F.);
#11141=EDGE_LOOP('',(#11136,#11138,#11139,#11140));
#11142=FACE_OUTER_BOUND('',#11141,.F.);
#11143=ADVANCED_FACE('',(#11142),#11135,.T.);
#11144=FILL_AREA_STYLE_COLOUR('',#95);
#11145=FILL_AREA_STYLE('',(#11144));
#11146=SURFACE_STYLE_FILL_AREA(#11145);
#11147=SURFACE_SIDE_STYLE('',(#11146));
#11148=SURFACE_STYLE_USAGE(.BOTH.,#11147);
#11149=PRESENTATION_STYLE_ASSIGNMENT((#11148));
#11150=STYLED_ITEM('',(#11149),#11143);
#11151=CARTESIAN_POINT('',(2.261687954880E1,-3.554137349924E1,
8.543815466310E-1));
#11152=CARTESIAN_POINT('',(2.261678350738E1,-3.553898457923E1,
8.546073934989E-1));
#11153=CARTESIAN_POINT('',(2.261661508056E1,-3.552903260534E1,
8.549479238870E-1));
#11154=CARTESIAN_POINT('',(2.261815673181E1,-3.551081177421E1,
8.508764228225E-1));
#11155=CARTESIAN_POINT('',(2.262382336527E1,-3.548791218472E1,
8.362525452750E-1));
#11156=CARTESIAN_POINT('',(2.263303843762E1,-3.546634069771E1,
8.124836519790E-1));
#11157=CARTESIAN_POINT('',(2.264529630386E1,-3.544689040324E1,
7.807539457238E-1));
#11158=CARTESIAN_POINT('',(2.266019501655E1,-3.542985256437E1,
7.420112360687E-1));
#11159=CARTESIAN_POINT('',(2.267746666E1,-3.541537829412E1,6.968865224845E-1));
#11160=CARTESIAN_POINT('',(2.269702581133E1,-3.540358117391E1,
6.455533176758E-1));
#11161=CARTESIAN_POINT('',(2.271894587560E1,-3.539469467633E1,
5.877718587999E-1));
#11162=CARTESIAN_POINT('',(2.274413150867E1,-3.538903130567E1,
5.210941021574E-1));
#11163=CARTESIAN_POINT('',(2.276199994237E1,-3.538831484696E1,
4.735678814343E-1));
#11164=CARTESIAN_POINT('',(2.277171330899E1,-3.538885544700E1,
4.476691387478E-1));
#11165=CARTESIAN_POINT('',(2.261948017188E1,-3.553668459743E1,
7.037178912367E-1));
#11166=CARTESIAN_POINT('',(2.261954109541E1,-3.553665171984E1,
7.038529751495E-1));
#11167=CARTESIAN_POINT('',(2.261969935722E1,-3.553658284754E1,
7.041171011410E-1));
#11168=CARTESIAN_POINT('',(2.261825968252E1,-3.553639169404E1,
7.016866353050E-1));
#11169=CARTESIAN_POINT('',(2.261366531255E1,-3.553315522011E1,
6.922166635098E-1));
#11170=CARTESIAN_POINT('',(2.260818799679E1,-3.552508128874E1,
6.753703773974E-1));
#11171=CARTESIAN_POINT('',(2.260393955023E1,-3.551225519846E1,
6.508944387027E-1));
#11172=CARTESIAN_POINT('',(2.260238469671E1,-3.549563869113E1,
6.188706439092E-1));
#11173=CARTESIAN_POINT('',(2.260444515599E1,-3.547636533434E1,
5.795153922081E-1));
#11174=CARTESIAN_POINT('',(2.261076597627E1,-3.545540893257E1,
5.328520440316E-1));
#11175=CARTESIAN_POINT('',(2.262200688392E1,-3.543360059527E1,
4.785701134343E-1));
#11176=CARTESIAN_POINT('',(2.263954442184E1,-3.541118136272E1,
4.141776546481E-1));
#11177=CARTESIAN_POINT('',(2.265545304364E1,-3.539780839944E1,
3.670834586299E-1));
#11178=CARTESIAN_POINT('',(2.266509230922E1,-3.539144518716E1,
3.410846966426E-1));
#11179=CARTESIAN_POINT('',(2.251281229796E1,-3.553762309103E1,
5.971833300974E-1));
#11180=CARTESIAN_POINT('',(2.251291821441E1,-3.553758107337E1,
5.972395895157E-1));
#11181=CARTESIAN_POINT('',(2.251319290305E1,-3.553752007841E1,
5.973887319708E-1));
#11182=CARTESIAN_POINT('',(2.251069406476E1,-3.553726655334E1,
5.960072094236E-1));
#11183=CARTESIAN_POINT('',(2.250271547062E1,-3.553170578764E1,
5.900411816742E-1));
#11184=CARTESIAN_POINT('',(2.249318984327E1,-3.551771262717E1,
5.779566147986E-1));
#11185=CARTESIAN_POINT('',(2.248577286695E1,-3.549543735485E1,
5.584882644294E-1));
#11186=CARTESIAN_POINT('',(2.248300035611E1,-3.546654770246E1,
5.311073763441E-1));
#11187=CARTESIAN_POINT('',(2.248646812869E1,-3.543300748804E1,
4.957382637469E-1));
#11188=CARTESIAN_POINT('',(2.249729241890E1,-3.539650155511E1,
4.522989721420E-1));
#11189=CARTESIAN_POINT('',(2.251661396495E1,-3.535846465314E1,
4.004305684233E-1));
#11190=CARTESIAN_POINT('',(2.254680877002E1,-3.531929647943E1,
3.376118784858E-1));
#11191=CARTESIAN_POINT('',(2.257422677462E1,-3.529586870137E1,
2.908136552044E-1));
#11192=CARTESIAN_POINT('',(2.259084594813E1,-3.528469536530E1,
2.647447842017E-1));
#11193=CARTESIAN_POINT('',(2.236217236892E1,-3.554361491137E1,
6.000067403248E-1));
#11194=CARTESIAN_POINT('',(2.236218374945E1,-3.554120395032E1,
6.000443743963E-1));
#11195=CARTESIAN_POINT('',(2.236229330257E1,-3.553126988081E1,
6.001103482839E-1));
#11196=CARTESIAN_POINT('',(2.236130610261E1,-3.551289846377E1,
5.985434166735E-1));
#11197=CARTESIAN_POINT('',(2.235889265468E1,-3.548444701126E1,
5.922859616315E-1));
#11198=CARTESIAN_POINT('',(2.235844231012E1,-3.544874005309E1,
5.798867079708E-1));
#11199=CARTESIAN_POINT('',(2.236313571319E1,-3.540672591716E1,
5.601137096476E-1));
#11200=CARTESIAN_POINT('',(2.237512834972E1,-3.536038160345E1,
5.324569517287E-1));
#11201=CARTESIAN_POINT('',(2.239576184071E1,-3.531184064907E1,
4.968500139864E-1));
#11202=CARTESIAN_POINT('',(2.242607581813E1,-3.526291441149E1,
4.532149465737E-1));
#11203=CARTESIAN_POINT('',(2.246729221774E1,-3.521527771074E1,
4.011963085483E-1));
#11204=CARTESIAN_POINT('',(2.252270221390E1,-3.516962190689E1,
3.382762673332E-1));
#11205=CARTESIAN_POINT('',(2.256805351324E1,-3.514489721280E1,
2.914567456893E-1));
#11206=CARTESIAN_POINT('',(2.259443386367E1,-3.513395258865E1,
2.653906023160E-1));
#11207=(BOUNDED_SURFACE()B_SPLINE_SURFACE(3,3,((#11151,#11152,#11153,#11154,
#11155,#11156,#11157,#11158,#11159,#11160,#11161,#11162,#11163,#11164),(#11165,
#11166,#11167,#11168,#11169,#11170,#11171,#11172,#11173,#11174,#11175,#11176,
#11177,#11178),(#11179,#11180,#11181,#11182,#11183,#11184,#11185,#11186,#11187,
#11188,#11189,#11190,#11191,#11192),(#11193,#11194,#11195,#11196,#11197,#11198,
#11199,#11200,#11201,#11202,#11203,#11204,#11205,#11206)),.UNSPECIFIED.,.F.,.F.,
.F.)B_SPLINE_SURFACE_WITH_KNOTS((4,4),(4,1,1,1,1,1,1,1,1,1,1,4),(
-1.321018577153E-2,1.013056602203E0),(3.694117524825E-2,5.626925785303E-2,
1.172355169241E-1,1.847553043783E-1,2.584574302672E-1,3.386712837530E-1,
4.260776394461E-1,5.209489942203E-1,6.236541091307E-1,7.361687504894E-1,
8.601896351770E-1,1.008223575539E0),.UNSPECIFIED.)GEOMETRIC_REPRESENTATION_ITEM(
)RATIONAL_B_SPLINE_SURFACE(((1.180765875811E0,1.180765875811E0,1.180765875811E0,
1.180765875811E0,1.180765875811E0,1.180765875811E0,1.180765875811E0,
1.180765875811E0,1.180765875811E0,1.180765875811E0,1.180765875811E0,
1.180765875811E0,1.180765875811E0,1.180765875811E0),(9.397807721279E-1,
9.397807721279E-1,9.397807721279E-1,9.397807721279E-1,9.397807721279E-1,
9.397807721279E-1,9.397807721279E-1,9.397807721279E-1,9.397807721279E-1,
9.397807721279E-1,9.397807721279E-1,9.397807721279E-1,9.397807721279E-1,
9.397807721279E-1),(9.397447134592E-1,9.397447134592E-1,9.397447134592E-1,
9.397447134592E-1,9.397447134592E-1,9.397447134592E-1,9.397447134592E-1,
9.397447134592E-1,9.397447134592E-1,9.397447134592E-1,9.397447134592E-1,
9.397447134592E-1,9.397447134592E-1,9.397447134592E-1),(1.180657699805E0,
1.180657699805E0,1.180657699805E0,1.180657699805E0,1.180657699805E0,
1.180657699805E0,1.180657699805E0,1.180657699805E0,1.180657699805E0,
1.180657699805E0,1.180657699805E0,1.180657699805E0,1.180657699805E0,
1.180657699805E0)))REPRESENTATION_ITEM('')SURFACE());
#11208=ORIENTED_EDGE('',*,*,#11008,.F.);
#11210=ORIENTED_EDGE('',*,*,#11209,.F.);
#11212=ORIENTED_EDGE('',*,*,#11211,.F.);
#11213=ORIENTED_EDGE('',*,*,#11137,.T.);
#11214=EDGE_LOOP('',(#11208,#11210,#11212,#11213));
#11215=FACE_OUTER_BOUND('',#11214,.F.);
#11216=ADVANCED_FACE('',(#11215),#11207,.F.);
#11217=FILL_AREA_STYLE_COLOUR('',#95);
#11218=FILL_AREA_STYLE('',(#11217));
#11219=SURFACE_STYLE_FILL_AREA(#11218);
#11220=SURFACE_SIDE_STYLE('',(#11219));
#11221=SURFACE_STYLE_USAGE(.BOTH.,#11220);
#11222=PRESENTATION_STYLE_ASSIGNMENT((#11221));
#11223=STYLED_ITEM('',(#11222),#11216);
#11224=CARTESIAN_POINT('',(2.23668E1,-3.553884042729E1,4.5E-1));
#11225=DIRECTION('',(1.E0,0.E0,0.E0));
#11226=DIRECTION('',(0.E0,-1.866312694053E-1,9.824300327658E-1));
#11227=AXIS2_PLACEMENT_3D('',#11224,#11225,#11226);
#11228=TOROIDAL_SURFACE('',#11227,4.E-1,2.5E-1);
#11229=ORIENTED_EDGE('',*,*,#11006,.F.);
#11231=ORIENTED_EDGE('',*,*,#11230,.T.);
#11233=ORIENTED_EDGE('',*,*,#11232,.T.);
#11234=ORIENTED_EDGE('',*,*,#11209,.T.);
#11235=EDGE_LOOP('',(#11229,#11231,#11233,#11234));
#11236=FACE_OUTER_BOUND('',#11235,.F.);
#11237=ADVANCED_FACE('',(#11236),#11228,.F.);
#11238=FILL_AREA_STYLE_COLOUR('',#95);
#11239=FILL_AREA_STYLE('',(#11238));
#11240=SURFACE_STYLE_FILL_AREA(#11239);
#11241=SURFACE_SIDE_STYLE('',(#11240));
#11242=SURFACE_STYLE_USAGE(.BOTH.,#11241);
#11243=PRESENTATION_STYLE_ASSIGNMENT((#11242));
#11244=STYLED_ITEM('',(#11243),#11237);
#11245=CARTESIAN_POINT('',(2.23668E1,-3.616156042841E1,8.5E-1));
#11246=DIRECTION('',(0.E0,1.E0,0.E0));
#11247=DIRECTION('',(1.E0,0.E0,0.E0));
#11248=AXIS2_PLACEMENT_3D('',#11245,#11246,#11247);
#11249=CYLINDRICAL_SURFACE('',#11248,2.5E-1);
#11250=ORIENTED_EDGE('',*,*,#11004,.T.);
#11252=ORIENTED_EDGE('',*,*,#11251,.T.);
#11253=ORIENTED_EDGE('',*,*,#11230,.F.);
#11254=EDGE_LOOP('',(#11250,#11252,#11253));
#11255=FACE_OUTER_BOUND('',#11254,.F.);
#11256=ADVANCED_FACE('',(#11255),#11249,.F.);
#11257=FILL_AREA_STYLE_COLOUR('',#95);
#11258=FILL_AREA_STYLE('',(#11257));
#11259=SURFACE_STYLE_FILL_AREA(#11258);
#11260=SURFACE_SIDE_STYLE('',(#11259));
#11261=SURFACE_STYLE_USAGE(.BOTH.,#11260);
#11262=PRESENTATION_STYLE_ASSIGNMENT((#11261));
#11263=STYLED_ITEM('',(#11262),#11256);
#11264=CARTESIAN_POINT('',(2.58318E1,-3.84075E1,6.E-1));
#11265=DIRECTION('',(0.E0,0.E0,-1.E0));
#11266=DIRECTION('',(1.E0,0.E0,0.E0));
#11267=AXIS2_PLACEMENT_3D('',#11264,#11265,#11266);
#11268=PLANE('',#11267);
#11269=ORIENTED_EDGE('',*,*,#11002,.T.);
#11271=ORIENTED_EDGE('',*,*,#11270,.F.);
#11272=ORIENTED_EDGE('',*,*,#10964,.F.);
#11274=ORIENTED_EDGE('',*,*,#11273,.T.);
#11276=ORIENTED_EDGE('',*,*,#11275,.F.);
#11277=ORIENTED_EDGE('',*,*,#11251,.F.);
#11278=EDGE_LOOP('',(#11269,#11271,#11272,#11274,#11276,#11277));
#11279=FACE_OUTER_BOUND('',#11278,.F.);
#11280=ADVANCED_FACE('',(#11279),#11268,.F.);
#11281=FILL_AREA_STYLE_COLOUR('',#95);
#11282=FILL_AREA_STYLE('',(#11281));
#11283=SURFACE_STYLE_FILL_AREA(#11282);
#11284=SURFACE_SIDE_STYLE('',(#11283));
#11285=SURFACE_STYLE_USAGE(.BOTH.,#11284);
#11286=PRESENTATION_STYLE_ASSIGNMENT((#11285));
#11287=STYLED_ITEM('',(#11286),#11280);
#11288=CARTESIAN_POINT('',(2.174331733422E1,-3.61425E1,8.5E-1));
#11289=DIRECTION('',(1.E0,0.E0,0.E0));
#11290=DIRECTION('',(0.E0,-1.E0,0.E0));
#11291=AXIS2_PLACEMENT_3D('',#11288,#11289,#11290);
#11292=CYLINDRICAL_SURFACE('',#11291,2.5E-1);
#11293=ORIENTED_EDGE('',*,*,#11000,.F.);
#11295=ORIENTED_EDGE('',*,*,#11294,.F.);
#11296=ORIENTED_EDGE('',*,*,#11270,.T.);
#11297=EDGE_LOOP('',(#11293,#11295,#11296));
#11298=FACE_OUTER_BOUND('',#11297,.F.);
#11299=ADVANCED_FACE('',(#11298),#11292,.F.);
#11300=FILL_AREA_STYLE_COLOUR('',#95);
#11301=FILL_AREA_STYLE('',(#11300));
#11302=SURFACE_STYLE_FILL_AREA(#11301);
#11303=SURFACE_SIDE_STYLE('',(#11302));
#11304=SURFACE_STYLE_USAGE(.BOTH.,#11303);
#11305=PRESENTATION_STYLE_ASSIGNMENT((#11304));
#11306=STYLED_ITEM('',(#11305),#11299);
#11307=CARTESIAN_POINT('',(2.176314042729E1,-3.61425E1,4.5E-1));
#11308=DIRECTION('',(0.E0,1.E0,0.E0));
#11309=DIRECTION('',(-5.936380274610E-2,0.E0,9.982364143446E-1));
#11310=AXIS2_PLACEMENT_3D('',#11307,#11308,#11309);
#11311=TOROIDAL_SURFACE('',#11310,4.E-1,2.5E-1);
#11312=ORIENTED_EDGE('',*,*,#10998,.F.);
#11314=ORIENTED_EDGE('',*,*,#11313,.T.);
#11315=ORIENTED_EDGE('',*,*,#10966,.F.);
#11316=ORIENTED_EDGE('',*,*,#11294,.T.);
#11317=EDGE_LOOP('',(#11312,#11314,#11315,#11316));
#11318=FACE_OUTER_BOUND('',#11317,.F.);
#11319=ADVANCED_FACE('',(#11318),#11311,.F.);
#11320=FILL_AREA_STYLE_COLOUR('',#95);
#11321=FILL_AREA_STYLE('',(#11320));
#11322=SURFACE_STYLE_FILL_AREA(#11321);
#11323=SURFACE_SIDE_STYLE('',(#11322));
#11324=SURFACE_STYLE_USAGE(.BOTH.,#11323);
#11325=PRESENTATION_STYLE_ASSIGNMENT((#11324));
#11326=STYLED_ITEM('',(#11325),#11319);
#11327=CARTESIAN_POINT('',(2.161314609827E1,-3.654250463739E1,
4.486956568859E-1));
#11328=CARTESIAN_POINT('',(2.161292929221E1,-3.653310495752E1,
4.737605318814E-1));
#11329=CARTESIAN_POINT('',(2.161416951705E1,-3.651537825260E1,
5.210441891526E-1));
#11330=CARTESIAN_POINT('',(2.162053413462E1,-3.649042782137E1,
5.876360025139E-1));
#11331=CARTESIAN_POINT('',(2.163020483207E1,-3.646859081455E1,
6.459535585548E-1));
#11332=CARTESIAN_POINT('',(2.164255330047E1,-3.644952931326E1,
6.968926167409E-1));
#11333=CARTESIAN_POINT('',(2.165727654238E1,-3.643299963376E1,
7.411004506537E-1));
#11334=CARTESIAN_POINT('',(2.167427289807E1,-3.641892144711E1,
7.787904645887E-1));
#11335=CARTESIAN_POINT('',(2.169340826938E1,-3.640745632518E1,
8.095307265642E-1));
#11336=CARTESIAN_POINT('',(2.171438973987E1,-3.639892750238E1,
8.324568625513E-1));
#11337=CARTESIAN_POINT('',(2.173644108665E1,-3.639374518146E1,
8.464684165455E-1));
#11338=CARTESIAN_POINT('',(2.175454547528E1,-3.639230835182E1,
8.504578270492E-1));
#11339=CARTESIAN_POINT('',(2.176474183796E1,-3.639255862285E1,
8.498794426761E-1));
#11340=CARTESIAN_POINT('',(2.176769349470E1,-3.639271709698E1,
8.494826060320E-1));
#11341=CARTESIAN_POINT('',(2.161406838513E1,-3.643726439705E1,
3.434594578410E-1));
#11342=CARTESIAN_POINT('',(2.162044613740E1,-3.642786735518E1,
3.685842760981E-1));
#11343=CARTESIAN_POINT('',(2.163413047481E1,-3.641188367164E1,
4.153947211511E-1));
#11344=CARTESIAN_POINT('',(2.165711234354E1,-3.639421215475E1,
4.796649273232E-1));
#11345=CARTESIAN_POINT('',(2.167973522846E1,-3.638291138529E1,
5.343813939311E-1));
#11346=CARTESIAN_POINT('',(2.170109199601E1,-3.637680481362E1,
5.806018955346E-1));
#11347=CARTESIAN_POINT('',(2.172044809758E1,-3.637501618433E1,
6.190733355248E-1));
#11348=CARTESIAN_POINT('',(2.173698414021E1,-3.637678910533E1,
6.501550368694E-1));
#11349=CARTESIAN_POINT('',(2.174966573685E1,-3.638117018461E1,
6.738146478796E-1));
#11350=CARTESIAN_POINT('',(2.175758813048E1,-3.638668747418E1,
6.900338962872E-1));
#11351=CARTESIAN_POINT('',(2.176072769715E1,-3.639124474095E1,
6.991001909343E-1));
#11352=CARTESIAN_POINT('',(2.176091320083E1,-3.639269833574E1,
7.014819556877E-1));
#11353=CARTESIAN_POINT('',(2.176098803182E1,-3.639244418317E1,
7.010679951484E-1));
#11354=CARTESIAN_POINT('',(2.176104782593E1,-3.639236670719E1,
7.008561026820E-1));
#11355=CARTESIAN_POINT('',(2.150844297704E1,-3.636382460749E1,
2.690950928397E-1));
#11356=CARTESIAN_POINT('',(2.151942418390E1,-3.634776985533E1,
2.942617550387E-1));
#11357=CARTESIAN_POINT('',(2.154296372672E1,-3.632044341823E1,
3.407522004952E-1));
#11358=CARTESIAN_POINT('',(2.158246273170E1,-3.629017451601E1,
4.034452656573E-1));
#11359=CARTESIAN_POINT('',(2.162133602854E1,-3.627075534122E1,
4.557117223423E-1));
#11360=CARTESIAN_POINT('',(2.165804232594E1,-3.626018468525E1,
4.987185678866E-1));
#11361=CARTESIAN_POINT('',(2.169133526082E1,-3.625697219871E1,
5.332803918978E-1));
#11362=CARTESIAN_POINT('',(2.171982386236E1,-3.625983277930E1,
5.598577265772E-1));
#11363=CARTESIAN_POINT('',(2.174174779705E1,-3.626714941661E1,
5.786962067274E-1));
#11364=CARTESIAN_POINT('',(2.175556247273E1,-3.627642638200E1,
5.903661374849E-1));
#11365=CARTESIAN_POINT('',(2.176121276994E1,-3.628410892149E1,
5.961185632346E-1));
#11366=CARTESIAN_POINT('',(2.176174379141E1,-3.628656165603E1,
5.974906036263E-1));
#11367=CARTESIAN_POINT('',(2.176197506349E1,-3.628613279960E1,
5.972543870076E-1));
#11368=CARTESIAN_POINT('',(2.176210533687E1,-3.628600294014E1,
5.971897802553E-1));
#11369=CARTESIAN_POINT('',(2.136010211679E1,-3.636575318131E1,
2.697291890303E-1));
#11370=CARTESIAN_POINT('',(2.137096467295E1,-3.634040337546E1,
2.948947719198E-1));
#11371=CARTESIAN_POINT('',(2.139591104632E1,-3.629551577152E1,
3.414081565317E-1));
#11372=CARTESIAN_POINT('',(2.144197414086E1,-3.624044121278E1,
4.042037076037E-1));
#11373=CARTESIAN_POINT('',(2.149067614673E1,-3.619923558496E1,
4.566240010472E-1));
#11374=CARTESIAN_POINT('',(2.153986733491E1,-3.616957885539E1,
4.998277108542E-1));
#11375=CARTESIAN_POINT('',(2.158801521679E1,-3.614975126919E1,
5.346250348770E-1));
#11376=CARTESIAN_POINT('',(2.163364326456E1,-3.613840064931E1,
5.614729698661E-1));
#11377=CARTESIAN_POINT('',(2.167487128197E1,-3.613409014162E1,
5.806086381348E-1));
#11378=CARTESIAN_POINT('',(2.170986877153E1,-3.613467647162E1,
5.925842467262E-1));
#11379=CARTESIAN_POINT('',(2.173778983912E1,-3.613705634243E1,
5.986186261618E-1));
#11380=CARTESIAN_POINT('',(2.175658429110E1,-3.613803540546E1,
6.001766442601E-1));
#11381=CARTESIAN_POINT('',(2.176707766151E1,-3.613786325485E1,
6.000253518047E-1));
#11382=CARTESIAN_POINT('',(2.177017594418E1,-3.613789441846E1,
5.999827948161E-1));
#11383=(BOUNDED_SURFACE()B_SPLINE_SURFACE(3,3,((#11327,#11328,#11329,#11330,
#11331,#11332,#11333,#11334,#11335,#11336,#11337,#11338,#11339,#11340),(#11341,
#11342,#11343,#11344,#11345,#11346,#11347,#11348,#11349,#11350,#11351,#11352,
#11353,#11354),(#11355,#11356,#11357,#11358,#11359,#11360,#11361,#11362,#11363,
#11364,#11365,#11366,#11367,#11368),(#11369,#11370,#11371,#11372,#11373,#11374,
#11375,#11376,#11377,#11378,#11379,#11380,#11381,#11382)),.UNSPECIFIED.,.F.,.F.,
.F.)B_SPLINE_SURFACE_WITH_KNOTS((4,4),(4,1,1,1,1,1,1,1,1,1,1,4),(0.E0,
1.013050082123E0),(0.E0,1.432639445005E-1,2.708172646325E-1,3.846477318299E-1,
4.868201934661E-1,5.802841183172E-1,6.661688007424E-1,7.451072548163E-1,
8.177034834541E-1,8.842515532510E-1,9.444045988787E-1,9.690785880919E-1),
.UNSPECIFIED.)GEOMETRIC_REPRESENTATION_ITEM()RATIONAL_B_SPLINE_SURFACE(((
1.171579336740E0,1.171579336740E0,1.171579336740E0,1.171579336740E0,
1.171579336740E0,1.171579336740E0,1.171579336740E0,1.171579336740E0,
1.171579336740E0,1.171579336740E0,1.171579336740E0,1.171579336740E0,
1.171579336740E0,1.171579336740E0),(9.398213885066E-1,9.398213885066E-1,
9.398213885066E-1,9.398213885066E-1,9.398213885066E-1,9.398213885066E-1,
9.398213885066E-1,9.398213885066E-1,9.398213885066E-1,9.398213885066E-1,
9.398213885066E-1,9.398213885066E-1,9.398213885066E-1,9.398213885065E-1),(
9.428458487638E-1,9.428458487638E-1,9.428458487638E-1,9.428458487638E-1,
9.428458487638E-1,9.428458487638E-1,9.428458487638E-1,9.428458487638E-1,
9.428458487638E-1,9.428458487638E-1,9.428458487638E-1,9.428458487638E-1,
9.428458487638E-1,9.428458487637E-1),(1.180652717511E0,1.180652717511E0,
1.180652717511E0,1.180652717511E0,1.180652717511E0,1.180652717511E0,
1.180652717511E0,1.180652717511E0,1.180652717511E0,1.180652717511E0,
1.180652717511E0,1.180652717511E0,1.180652717511E0,1.180652717511E0)))REPRESENTATION_ITEM('')SURFACE());
#11384=ORIENTED_EDGE('',*,*,#10996,.F.);
#11385=ORIENTED_EDGE('',*,*,#10968,.F.);
#11386=ORIENTED_EDGE('',*,*,#11313,.F.);
#11387=EDGE_LOOP('',(#11384,#11385,#11386));
#11388=FACE_OUTER_BOUND('',#11387,.F.);
#11389=ADVANCED_FACE('',(#11388),#11383,.F.);
#11390=FILL_AREA_STYLE_COLOUR('',#95);
#11391=FILL_AREA_STYLE('',(#11390));
#11392=SURFACE_STYLE_FILL_AREA(#11391);
#11393=SURFACE_SIDE_STYLE('',(#11392));
#11394=SURFACE_STYLE_USAGE(.BOTH.,#11393);
#11395=PRESENTATION_STYLE_ASSIGNMENT((#11394));
#11396=STYLED_ITEM('',(#11395),#11389);
#11397=CARTESIAN_POINT('',(2.212311413021E1,-3.589881377656E1,
4.499964630882E-1));
#11398=DIRECTION('',(8.238961890358E-6,-8.797685893736E-6,9.999999999274E-1));
#11399=DIRECTION('',(-9.999999996343E-1,-2.575823037599E-5,8.238735275121E-6));
#11400=AXIS2_PLACEMENT_3D('',#11397,#11398,#11399);
#11401=TOROIDAL_SURFACE('',#11400,3.599713419336E-1,1.499998915088E-1);
#11403=ORIENTED_EDGE('',*,*,#11402,.T.);
#11404=ORIENTED_EDGE('',*,*,#11273,.F.);
#11405=ORIENTED_EDGE('',*,*,#10962,.F.);
#11407=ORIENTED_EDGE('',*,*,#11406,.F.);
#11408=EDGE_LOOP('',(#11403,#11404,#11405,#11407));
#11409=FACE_OUTER_BOUND('',#11408,.F.);
#11410=ADVANCED_FACE('',(#11409),#11401,.T.);
#11411=FILL_AREA_STYLE_COLOUR('',#95);
#11412=FILL_AREA_STYLE('',(#11411));
#11413=SURFACE_STYLE_FILL_AREA(#11412);
#11414=SURFACE_SIDE_STYLE('',(#11413));
#11415=SURFACE_STYLE_USAGE(.BOTH.,#11414);
#11416=PRESENTATION_STYLE_ASSIGNMENT((#11415));
#11417=STYLED_ITEM('',(#11416),#11410);
#11418=CARTESIAN_POINT('',(2.209766249579E1,-3.553884042729E1,4.5E-1));
#11419=DIRECTION('',(1.E0,0.E0,0.E0));
#11420=DIRECTION('',(0.E0,9.999619230642E-1,-8.726535498374E-3));
#11421=AXIS2_PLACEMENT_3D('',#11418,#11419,#11420);
#11422=CYLINDRICAL_SURFACE('',#11421,1.5E-1);
#11423=ORIENTED_EDGE('',*,*,#11232,.F.);
#11424=ORIENTED_EDGE('',*,*,#11275,.T.);
#11425=ORIENTED_EDGE('',*,*,#11402,.F.);
#11426=ORIENTED_EDGE('',*,*,#11078,.T.);
#11427=ORIENTED_EDGE('',*,*,#11211,.T.);
#11428=EDGE_LOOP('',(#11423,#11424,#11425,#11426,#11427));
#11429=FACE_OUTER_BOUND('',#11428,.F.);
#11430=ADVANCED_FACE('',(#11429),#11422,.T.);
#11431=FILL_AREA_STYLE_COLOUR('',#95);
#11432=FILL_AREA_STYLE('',(#11431));
#11433=SURFACE_STYLE_FILL_AREA(#11432);
#11434=SURFACE_SIDE_STYLE('',(#11433));
#11435=SURFACE_STYLE_USAGE(.BOTH.,#11434);
#11436=PRESENTATION_STYLE_ASSIGNMENT((#11435));
#11437=STYLED_ITEM('',(#11436),#11430);
#11438=CARTESIAN_POINT('',(2.211380166991E1,-3.588950166991E1,
1.521686407373E0));
#11439=DIRECTION('',(8.726203243944E-3,-8.726203243944E-3,-9.999238504776E-1));
#11440=DIRECTION('',(-9.999619230642E-1,0.E0,-8.726535498374E-3));
#11441=AXIS2_PLACEMENT_3D('',#11438,#11439,#11440);
#11442=CYLINDRICAL_SURFACE('',#11441,5.1E-1);
#11443=ORIENTED_EDGE('',*,*,#11053,.T.);
#11444=ORIENTED_EDGE('',*,*,#11080,.F.);
#11445=ORIENTED_EDGE('',*,*,#11406,.T.);
#11447=ORIENTED_EDGE('',*,*,#11446,.F.);
#11449=ORIENTED_EDGE('',*,*,#11448,.T.);
#11450=EDGE_LOOP('',(#11443,#11444,#11445,#11447,#11449));
#11451=FACE_OUTER_BOUND('',#11450,.F.);
#11452=ADVANCED_FACE('',(#11451),#11442,.T.);
#11453=FILL_AREA_STYLE_COLOUR('',#95);
#11454=FILL_AREA_STYLE('',(#11453));
#11455=SURFACE_STYLE_FILL_AREA(#11454);
#11456=SURFACE_SIDE_STYLE('',(#11455));
#11457=SURFACE_STYLE_USAGE(.BOTH.,#11456);
#11458=PRESENTATION_STYLE_ASSIGNMENT((#11457));
#11459=STYLED_ITEM('',(#11458),#11452);
#11460=CARTESIAN_POINT('',(2.16168E1,-3.375279509898E1,3.E-2));
#11461=DIRECTION('',(-9.999619230642E-1,0.E0,-8.726535498374E-3));
#11462=DIRECTION('',(0.E0,1.E0,0.E0));
#11463=AXIS2_PLACEMENT_3D('',#11460,#11461,#11462);
#11464=PLANE('',#11463);
#11465=ORIENTED_EDGE('',*,*,#10993,.T.);
#11467=ORIENTED_EDGE('',*,*,#11466,.T.);
#11468=ORIENTED_EDGE('',*,*,#11446,.T.);
#11469=ORIENTED_EDGE('',*,*,#10960,.F.);
#11470=EDGE_LOOP('',(#11465,#11467,#11468,#11469));
#11471=FACE_OUTER_BOUND('',#11470,.F.);
#11472=ADVANCED_FACE('',(#11471),#11464,.T.);
#11473=FILL_AREA_STYLE_COLOUR('',#95);
#11474=FILL_AREA_STYLE('',(#11473));
#11475=SURFACE_STYLE_FILL_AREA(#11474);
#11476=SURFACE_SIDE_STYLE('',(#11475));
#11477=SURFACE_STYLE_USAGE(.BOTH.,#11476);
#11478=PRESENTATION_STYLE_ASSIGNMENT((#11477));
#11479=STYLED_ITEM('',(#11478),#11472);
#11480=CARTESIAN_POINT('',(2.58318E1,-3.84075E1,3.E-2));
#11481=DIRECTION('',(0.E0,0.E0,1.E0));
#11482=DIRECTION('',(1.E0,0.E0,0.E0));
#11483=AXIS2_PLACEMENT_3D('',#11480,#11481,#11482);
#11484=PLANE('',#11483);
#11485=ORIENTED_EDGE('',*,*,#10991,.T.);
#11487=ORIENTED_EDGE('',*,*,#11486,.T.);
#11489=ORIENTED_EDGE('',*,*,#11488,.F.);
#11490=ORIENTED_EDGE('',*,*,#11448,.F.);
#11491=ORIENTED_EDGE('',*,*,#11466,.F.);
#11492=EDGE_LOOP('',(#11485,#11487,#11489,#11490,#11491));
#11493=FACE_OUTER_BOUND('',#11492,.F.);
#11494=ADVANCED_FACE('',(#11493),#11484,.T.);
#11495=FILL_AREA_STYLE_COLOUR('',#95);
#11496=FILL_AREA_STYLE('',(#11495));
#11497=SURFACE_STYLE_FILL_AREA(#11496);
#11498=SURFACE_SIDE_STYLE('',(#11497));
#11499=SURFACE_STYLE_USAGE(.BOTH.,#11498);
#11500=PRESENTATION_STYLE_ASSIGNMENT((#11499));
#11501=STYLED_ITEM('',(#11500),#11494);
#11502=CARTESIAN_POINT('',(2.16154E1,-3.742039E1,0.E0));
#11503=DIRECTION('',(1.E0,0.E0,0.E0));
#11504=DIRECTION('',(0.E0,1.E0,0.E0));
#11505=AXIS2_PLACEMENT_3D('',#11502,#11503,#11504);
#11506=PLANE('',#11505);
#11507=ORIENTED_EDGE('',*,*,#10989,.F.);
#11509=ORIENTED_EDGE('',*,*,#11508,.T.);
#11511=ORIENTED_EDGE('',*,*,#11510,.F.);
#11512=ORIENTED_EDGE('',*,*,#11486,.F.);
#11513=EDGE_LOOP('',(#11507,#11509,#11511,#11512));
#11514=FACE_OUTER_BOUND('',#11513,.F.);
#11515=ADVANCED_FACE('',(#11514),#11506,.F.);
#11516=FILL_AREA_STYLE_COLOUR('',#115);
#11517=FILL_AREA_STYLE('',(#11516));
#11518=SURFACE_STYLE_FILL_AREA(#11517);
#11519=SURFACE_SIDE_STYLE('',(#11518));
#11520=SURFACE_STYLE_USAGE(.BOTH.,#11519);
#11521=PRESENTATION_STYLE_ASSIGNMENT((#11520));
#11522=STYLED_ITEM('',(#11521),#11515);
#11523=CARTESIAN_POINT('',(0.E0,0.E0,0.E0));
#11524=DIRECTION('',(0.E0,0.E0,1.E0));
#11525=DIRECTION('',(1.E0,0.E0,0.E0));
#11526=AXIS2_PLACEMENT_3D('',#11523,#11524,#11525);
#11527=PLANE('',#11526);
#11528=ORIENTED_EDGE('',*,*,#10987,.F.);
#11529=ORIENTED_EDGE('',*,*,#11033,.F.);
#11531=ORIENTED_EDGE('',*,*,#11530,.T.);
#11532=ORIENTED_EDGE('',*,*,#11508,.F.);
#11533=EDGE_LOOP('',(#11528,#11529,#11531,#11532));
#11534=FACE_OUTER_BOUND('',#11533,.F.);
#11535=ADVANCED_FACE('',(#11534),#11527,.F.);
#11536=CARTESIAN_POINT('',(2.21234E1,-3.59256E1,0.E0));
#11537=DIRECTION('',(0.E0,0.E0,1.E0));
#11538=DIRECTION('',(0.E0,-1.E0,0.E0));
#11539=AXIS2_PLACEMENT_3D('',#11536,#11537,#11538);
#11540=CYLINDRICAL_SURFACE('',#11539,5.08E-1);
#11541=ORIENTED_EDGE('',*,*,#11488,.T.);
#11542=ORIENTED_EDGE('',*,*,#11510,.T.);
#11543=ORIENTED_EDGE('',*,*,#11530,.F.);
#11544=ORIENTED_EDGE('',*,*,#11031,.T.);
#11545=ORIENTED_EDGE('',*,*,#11055,.F.);
#11546=EDGE_LOOP('',(#11541,#11542,#11543,#11544,#11545));
#11547=FACE_OUTER_BOUND('',#11546,.F.);
#11548=ADVANCED_FACE('',(#11547),#11540,.T.);
#11549=FILL_AREA_STYLE_COLOUR('',#115);
#11550=FILL_AREA_STYLE('',(#11549));
#11551=SURFACE_STYLE_FILL_AREA(#11550);
#11552=SURFACE_SIDE_STYLE('',(#11551));
#11553=SURFACE_STYLE_USAGE(.BOTH.,#11552);
#11554=PRESENTATION_STYLE_ASSIGNMENT((#11553));
#11555=STYLED_ITEM('',(#11554),#11548);
#11556=CLOSED_SHELL('',(#10972,#11022,#11037,#11060,#11085,#11104,#11123,#11143,
#11216,#11237,#11256,#11280,#11299,#11319,#11389,#11410,#11430,#11452,#11472,
#11494,#11515,#11535,#11548));
#11557=CARTESIAN_POINT('',(2.15138E1,-3.84048E1,-1.016E0));
#11558=DIRECTION('',(0.E0,0.E0,-1.E0));
#11559=DIRECTION('',(-1.E0,0.E0,0.E0));
#11560=AXIS2_PLACEMENT_3D('',#11557,#11558,#11559);
#11562=CARTESIAN_POINT('',(2.15138E1,-3.84048E1,-1.016E0));
#11563=DIRECTION('',(0.E0,0.E0,-1.E0));
#11564=DIRECTION('',(1.E0,0.E0,0.E0));
#11565=AXIS2_PLACEMENT_3D('',#11562,#11563,#11564);
#11567=DIRECTION('',(0.E0,0.E0,1.E0));
#11568=VECTOR('',#11567,1.016E0);
#11569=CARTESIAN_POINT('',(2.16281E1,-3.84048E1,-1.016E0));
#11570=LINE('',#11569,#11568);
#11571=CARTESIAN_POINT('',(2.15138E1,-3.84048E1,0.E0));
#11572=DIRECTION('',(0.E0,0.E0,1.E0));
#11573=DIRECTION('',(1.E0,0.E0,0.E0));
#11574=AXIS2_PLACEMENT_3D('',#11571,#11572,#11573);
#11576=DIRECTION('',(0.E0,0.E0,-1.E0));
#11577=VECTOR('',#11576,1.016E0);
#11578=CARTESIAN_POINT('',(2.13995E1,-3.84048E1,0.E0));
#11579=LINE('',#11578,#11577);
#11580=CARTESIAN_POINT('',(2.15138E1,-3.84048E1,0.E0));
#11581=DIRECTION('',(0.E0,0.E0,1.E0));
#11582=DIRECTION('',(-1.E0,0.E0,0.E0));
#11583=AXIS2_PLACEMENT_3D('',#11580,#11581,#11582);
#11585=CARTESIAN_POINT('',(2.13995E1,-3.84048E1,0.E0));
#11586=CARTESIAN_POINT('',(2.16281E1,-3.84048E1,0.E0));
#11587=VERTEX_POINT('',#11585);
#11588=VERTEX_POINT('',#11586);
#11589=CARTESIAN_POINT('',(2.13995E1,-3.84048E1,-1.016E0));
#11590=VERTEX_POINT('',#11589);
#11591=CARTESIAN_POINT('',(2.16281E1,-3.84048E1,-1.016E0));
#11592=VERTEX_POINT('',#11591);
#11593=CARTESIAN_POINT('',(3.07848E1,-3.2258E1,-1.016E0));
#11594=DIRECTION('',(0.E0,0.E0,1.E0));
#11595=DIRECTION('',(0.E0,1.E0,0.E0));
#11596=AXIS2_PLACEMENT_3D('',#11593,#11594,#11595);
#11597=PLANE('',#11596);
#11599=ORIENTED_EDGE('',*,*,#11598,.F.);
#11601=ORIENTED_EDGE('',*,*,#11600,.F.);
#11602=EDGE_LOOP('',(#11599,#11601));
#11603=FACE_OUTER_BOUND('',#11602,.F.);
#11604=ADVANCED_FACE('',(#11603),#11597,.F.);
#11605=FILL_AREA_STYLE_COLOUR('',#115);
#11606=FILL_AREA_STYLE('',(#11605));
#11607=SURFACE_STYLE_FILL_AREA(#11606);
#11608=SURFACE_SIDE_STYLE('',(#11607));
#11609=SURFACE_STYLE_USAGE(.BOTH.,#11608);
#11610=PRESENTATION_STYLE_ASSIGNMENT((#11609));
#11611=STYLED_ITEM('',(#11610),#11604);
#11612=CARTESIAN_POINT('',(2.15138E1,-3.84048E1,0.E0));
#11613=DIRECTION('',(0.E0,0.E0,1.E0));
#11614=DIRECTION('',(1.E0,0.E0,0.E0));
#11615=AXIS2_PLACEMENT_3D('',#11612,#11613,#11614);
#11616=CYLINDRICAL_SURFACE('',#11615,1.143E-1);
#11617=ORIENTED_EDGE('',*,*,#11598,.T.);
#11619=ORIENTED_EDGE('',*,*,#11618,.T.);
#11621=ORIENTED_EDGE('',*,*,#11620,.T.);
#11623=ORIENTED_EDGE('',*,*,#11622,.T.);
#11624=EDGE_LOOP('',(#11617,#11619,#11621,#11623));
#11625=FACE_OUTER_BOUND('',#11624,.F.);
#11626=ADVANCED_FACE('',(#11625),#11616,.T.);
#11627=CARTESIAN_POINT('',(2.15138E1,-3.84048E1,0.E0));
#11628=DIRECTION('',(0.E0,0.E0,1.E0));
#11629=DIRECTION('',(1.E0,0.E0,0.E0));
#11630=AXIS2_PLACEMENT_3D('',#11627,#11628,#11629);
#11631=CYLINDRICAL_SURFACE('',#11630,1.143E-1);
#11632=ORIENTED_EDGE('',*,*,#11600,.T.);
#11633=ORIENTED_EDGE('',*,*,#11622,.F.);
#11635=ORIENTED_EDGE('',*,*,#11634,.T.);
#11636=ORIENTED_EDGE('',*,*,#11618,.F.);
#11637=EDGE_LOOP('',(#11632,#11633,#11635,#11636));
#11638=FACE_OUTER_BOUND('',#11637,.F.);
#11639=ADVANCED_FACE('',(#11638),#11631,.T.);
#11640=CARTESIAN_POINT('',(2.08788E1,-4.4587E1,0.E0));
#11641=DIRECTION('',(0.E0,0.E0,1.E0));
#11642=DIRECTION('',(0.E0,-1.E0,0.E0));
#11643=AXIS2_PLACEMENT_3D('',#11640,#11641,#11642);
#11644=PLANE('',#11643);
#11645=ORIENTED_EDGE('',*,*,#11634,.F.);
#11646=ORIENTED_EDGE('',*,*,#11620,.F.);
#11647=EDGE_LOOP('',(#11645,#11646));
#11648=FACE_OUTER_BOUND('',#11647,.F.);
#11649=ADVANCED_FACE('',(#11648),#11644,.T.);
#11650=FILL_AREA_STYLE_COLOUR('',#115);
#11651=FILL_AREA_STYLE('',(#11650));
#11652=SURFACE_STYLE_FILL_AREA(#11651);
#11653=SURFACE_SIDE_STYLE('',(#11652));
#11654=SURFACE_STYLE_USAGE(.BOTH.,#11653);
#11655=PRESENTATION_STYLE_ASSIGNMENT((#11654));
#11656=STYLED_ITEM('',(#11655),#11649);
#11657=CLOSED_SHELL('',(#11604,#11626,#11639,#11649));
#11658=CARTESIAN_POINT('',(2.22758E1,-4.1656E1,-1.016E0));
#11659=DIRECTION('',(0.E0,0.E0,1.E0));
#11660=DIRECTION('',(1.E0,0.E0,0.E0));
#11661=AXIS2_PLACEMENT_3D('',#11658,#11659,#11660);
#11663=DIRECTION('',(0.E0,0.E0,1.E0));
#11664=VECTOR('',#11663,1.016E0);
#11665=CARTESIAN_POINT('',(2.23901E1,-4.1656E1,-1.016E0));
#11666=LINE('',#11665,#11664);
#11667=CARTESIAN_POINT('',(2.22758E1,-4.1656E1,0.E0));
#11668=DIRECTION('',(0.E0,0.E0,1.E0));
#11669=DIRECTION('',(1.E0,0.E0,0.E0));
#11670=AXIS2_PLACEMENT_3D('',#11667,#11668,#11669);
#11672=DIRECTION('',(0.E0,0.E0,-1.E0));
#11673=VECTOR('',#11672,1.016E0);
#11674=CARTESIAN_POINT('',(2.21615E1,-4.1656E1,0.E0));
#11675=LINE('',#11674,#11673);
#11676=CARTESIAN_POINT('',(2.22758E1,-4.1656E1,-1.016E0));
#11677=DIRECTION('',(0.E0,0.E0,1.E0));
#11678=DIRECTION('',(-1.E0,0.E0,0.E0));
#11679=AXIS2_PLACEMENT_3D('',#11676,#11677,#11678);
#11681=CARTESIAN_POINT('',(2.22758E1,-4.1656E1,0.E0));
#11682=DIRECTION('',(0.E0,0.E0,1.E0));
#11683=DIRECTION('',(-1.E0,0.E0,0.E0));
#11684=AXIS2_PLACEMENT_3D('',#11681,#11682,#11683);
#11686=CARTESIAN_POINT('',(2.21615E1,-4.1656E1,0.E0));
#11687=CARTESIAN_POINT('',(2.23901E1,-4.1656E1,0.E0));
#11688=VERTEX_POINT('',#11686);
#11689=VERTEX_POINT('',#11687);
#11690=CARTESIAN_POINT('',(2.21615E1,-4.1656E1,-1.016E0));
#11691=CARTESIAN_POINT('',(2.23901E1,-4.1656E1,-1.016E0));
#11692=VERTEX_POINT('',#11690);
#11693=VERTEX_POINT('',#11691);
#11694=CARTESIAN_POINT('',(2.22758E1,-4.1656E1,0.E0));
#11695=DIRECTION('',(0.E0,0.E0,1.E0));
#11696=DIRECTION('',(1.E0,0.E0,0.E0));
#11697=AXIS2_PLACEMENT_3D('',#11694,#11695,#11696);
#11698=CYLINDRICAL_SURFACE('',#11697,1.143E-1);
#11700=ORIENTED_EDGE('',*,*,#11699,.F.);
#11702=ORIENTED_EDGE('',*,*,#11701,.T.);
#11704=ORIENTED_EDGE('',*,*,#11703,.T.);
#11706=ORIENTED_EDGE('',*,*,#11705,.T.);
#11707=EDGE_LOOP('',(#11700,#11702,#11704,#11706));
#11708=FACE_OUTER_BOUND('',#11707,.F.);
#11709=ADVANCED_FACE('',(#11708),#11698,.T.);
#11710=CARTESIAN_POINT('',(3.07848E1,-3.2258E1,-1.016E0));
#11711=DIRECTION('',(0.E0,0.E0,1.E0));
#11712=DIRECTION('',(0.E0,1.E0,0.E0));
#11713=AXIS2_PLACEMENT_3D('',#11710,#11711,#11712);
#11714=PLANE('',#11713);
#11716=ORIENTED_EDGE('',*,*,#11715,.T.);
#11717=ORIENTED_EDGE('',*,*,#11699,.T.);
#11718=EDGE_LOOP('',(#11716,#11717));
#11719=FACE_OUTER_BOUND('',#11718,.F.);
#11720=ADVANCED_FACE('',(#11719),#11714,.F.);
#11721=FILL_AREA_STYLE_COLOUR('',#115);
#11722=FILL_AREA_STYLE('',(#11721));
#11723=SURFACE_STYLE_FILL_AREA(#11722);
#11724=SURFACE_SIDE_STYLE('',(#11723));
#11725=SURFACE_STYLE_USAGE(.BOTH.,#11724);
#11726=PRESENTATION_STYLE_ASSIGNMENT((#11725));
#11727=STYLED_ITEM('',(#11726),#11720);
#11728=CARTESIAN_POINT('',(2.22758E1,-4.1656E1,0.E0));
#11729=DIRECTION('',(0.E0,0.E0,1.E0));
#11730=DIRECTION('',(1.E0,0.E0,0.E0));
#11731=AXIS2_PLACEMENT_3D('',#11728,#11729,#11730);
#11732=CYLINDRICAL_SURFACE('',#11731,1.143E-1);
#11733=ORIENTED_EDGE('',*,*,#11715,.F.);
#11734=ORIENTED_EDGE('',*,*,#11705,.F.);
#11736=ORIENTED_EDGE('',*,*,#11735,.T.);
#11737=ORIENTED_EDGE('',*,*,#11701,.F.);
#11738=EDGE_LOOP('',(#11733,#11734,#11736,#11737));
#11739=FACE_OUTER_BOUND('',#11738,.F.);
#11740=ADVANCED_FACE('',(#11739),#11732,.T.);
#11741=CARTESIAN_POINT('',(2.08788E1,-4.4587E1,0.E0));
#11742=DIRECTION('',(0.E0,0.E0,1.E0));
#11743=DIRECTION('',(0.E0,-1.E0,0.E0));
#11744=AXIS2_PLACEMENT_3D('',#11741,#11742,#11743);
#11745=PLANE('',#11744);
#11746=ORIENTED_EDGE('',*,*,#11735,.F.);
#11747=ORIENTED_EDGE('',*,*,#11703,.F.);
#11748=EDGE_LOOP('',(#11746,#11747));
#11749=FACE_OUTER_BOUND('',#11748,.F.);
#11750=ADVANCED_FACE('',(#11749),#11745,.T.);
#11751=FILL_AREA_STYLE_COLOUR('',#115);
#11752=FILL_AREA_STYLE('',(#11751));
#11753=SURFACE_STYLE_FILL_AREA(#11752);
#11754=SURFACE_SIDE_STYLE('',(#11753));
#11755=SURFACE_STYLE_USAGE(.BOTH.,#11754);
#11756=PRESENTATION_STYLE_ASSIGNMENT((#11755));
#11757=STYLED_ITEM('',(#11756),#11750);
#11758=CLOSED_SHELL('',(#11709,#11720,#11740,#11750));
#11759=ORIENTED_CLOSED_SHELL('',*,#10534,.F.);
#11760=ORIENTED_CLOSED_SHELL('',*,#11556,.F.);
#11761=ORIENTED_CLOSED_SHELL('',*,#11657,.F.);
#11762=ORIENTED_CLOSED_SHELL('',*,#11758,.F.);
#11763=BREP_WITH_VOIDS('',#9376,(#11759,#11760,#11761,#11762));
#11764=PRESENTATION_LAYER_ASSIGNMENT('SHELL','',(#11763));
#11765=PRESENTATION_LAYER_ASSIGNMENT('INTFCLR_319','',(#11763));
#11766=PRESENTATION_LAYER_ASSIGNMENT('INTFCLR_603','',(#11763));
#11767=PRESENTATION_LAYER_ASSIGNMENT('INTFCLR_867','',(#11763));
#11768=PRESENTATION_LAYER_ASSIGNMENT('INTFCLR_1880','',(#11763));
#11769=PRESENTATION_LAYER_ASSIGNMENT('INTFCLR_2830','',(#11763));
#11770=PRESENTATION_LAYER_ASSIGNMENT('INTFCLR_8089','',(#11763));
#11771=PRESENTATION_LAYER_ASSIGNMENT('INTFCLR_19981','',(#11763));
#11772=PRESENTATION_LAYER_ASSIGNMENT('INTF_RED','',(#11763));
#11773=PRESENTATION_LAYER_ASSIGNMENT('INTFCLR_24591','',(#11763));
#11774=PRESENTATION_LAYER_ASSIGNMENT('INTFCLR_25655','',(#11763));
#11776=DIMENSIONAL_EXPONENTS(0.E0,0.E0,0.E0,0.E0,0.E0,0.E0,0.E0);
#11778=PLANE_ANGLE_MEASURE_WITH_UNIT(PLANE_ANGLE_MEASURE(1.745329251994E-2),
#11777);
#11779=(CONVERSION_BASED_UNIT('DEGREE',#11778)NAMED_UNIT(*)PLANE_ANGLE_UNIT());
#11781=UNCERTAINTY_MEASURE_WITH_UNIT(LENGTH_MEASURE(6.969084866610E-4),#11775,
'closure',
'Maximum model space distance between geometric entities at asserted connectivities');
#11782=(GEOMETRIC_REPRESENTATION_CONTEXT(3)GLOBAL_UNCERTAINTY_ASSIGNED_CONTEXT((
#11781))GLOBAL_UNIT_ASSIGNED_CONTEXT((#11775,#11779,#11780))REPRESENTATION_CONTEXT('ID1','3'));
#11784=MECHANICAL_DESIGN_GEOMETRIC_PRESENTATION_REPRESENTATION('',(#4372,#4393,
#4418,#4440,#4467,#4490,#4515,#4543,#4562,#4583,#4606,#4627,#4649,#4675,#4697,
#4719,#4741,#4773,#4795,#4817,#4839,#4865,#4887,#4920,#4941,#4974,#4995,#5014,
#5035,#5072,#5118,#5162,#5179,#5201,#5231,#5252,#5271,#5291,#5309,#5327,#5416,
#5437,#5471,#5492,#5580,#5600,#5619,#5640,#5729,#5750,#5783,#5804,#5892,#5912,
#5931,#5954,#5975,#5995,#6015,#6034,#6344,#6366,#6389,#6412,#6435,#6460,#6481,
#6504,#6527,#6549,#6569,#6591,#6611,#6633,#6653,#6675,#6694,#6718,#6739,#6762,
#6782,#6810,#6836,#6864,#6895,#6941,#6985,#7002,#7024,#7065,#7106,#7127,#7168,
#7208,#7234,#7258,#7281,#7302,#7329,#7354,#7377,#7402,#7425,#7448,#7469,#7492,
#7514,#7544,#7564,#7584,#7603,#7624,#7645,#7664,#7684,#7706,#7725,#9886,#9910,
#9979,#10001,#10021,#10046,#10120,#10140,#10157,#10177,#10196,#10220,#10241,
#10264,#10285,#10304,#10327,#10350,#10422,#10441,#10460,#10479,#10501,#10521,
#10979,#11044,#11067,#11092,#11111,#11130,#11150,#11223,#11244,#11263,#11287,
#11306,#11326,#11396,#11417,#11437,#11459,#11479,#11501,#11522,#11555,#11611,
#11656,#11727,#11757),#11782);
#11785=APPLICATION_CONTEXT(
'CONFIGURATION CONTROLLED 3D DESIGNS OF MECHANICAL PARTS AND ASSEMBLIES');
#11786=APPLICATION_PROTOCOL_DEFINITION('international standard',
'config_control_design',1994,#11785);
#11787=DESIGN_CONTEXT('',#11785,'design');
#11788=MECHANICAL_CONTEXT('',#11785,'mechanical');
#11789=PRODUCT('PRT0001','PRT0001','NOT SPECIFIED',(#11788));
#11790=PRODUCT_DEFINITION_FORMATION_WITH_SPECIFIED_SOURCE('1','LAST_VERSION',
#11789,.MADE.);
#11794=PRODUCT_CATEGORY('part','');
#11795=PRODUCT_RELATED_PRODUCT_CATEGORY('detail','',(#11789));
#11796=PRODUCT_CATEGORY_RELATIONSHIP('','',#11794,#11795);
#11797=SECURITY_CLASSIFICATION_LEVEL('unclassified');
#11798=SECURITY_CLASSIFICATION('','',#11797);
#11799=CC_DESIGN_SECURITY_CLASSIFICATION(#11798,(#11790));
#11800=APPROVAL_STATUS('approved');
#11801=APPROVAL(#11800,'');
#11802=CC_DESIGN_APPROVAL(#11801,(#11798,#11790,#11791));
#11803=CALENDAR_DATE(114,5,6);
#11804=COORDINATED_UNIVERSAL_TIME_OFFSET(5,30,.AHEAD.);
#11805=LOCAL_TIME(9,12,1.E0,#11804);
#11806=DATE_AND_TIME(#11803,#11805);
#11807=APPROVAL_DATE_TIME(#11806,#11801);
#11808=DATE_TIME_ROLE('creation_date');
#11809=CC_DESIGN_DATE_AND_TIME_ASSIGNMENT(#11806,#11808,(#11791));
#11810=DATE_TIME_ROLE('classification_date');
#11811=CC_DESIGN_DATE_AND_TIME_ASSIGNMENT(#11806,#11810,(#11798));
#11812=PERSON('UNSPECIFIED','UNSPECIFIED',$,$,$,$);
#11813=ORGANIZATION('UNSPECIFIED','UNSPECIFIED','UNSPECIFIED');
#11814=PERSON_AND_ORGANIZATION(#11812,#11813);
#11815=APPROVAL_ROLE('approver');
#11816=APPROVAL_PERSON_ORGANIZATION(#11814,#11801,#11815);
#11817=PERSON_AND_ORGANIZATION_ROLE('creator');
#11818=CC_DESIGN_PERSON_AND_ORGANIZATION_ASSIGNMENT(#11814,#11817,(#11790,
#11791));
#11819=PERSON_AND_ORGANIZATION_ROLE('design_supplier');
#11820=CC_DESIGN_PERSON_AND_ORGANIZATION_ASSIGNMENT(#11814,#11819,(#11790));
#11821=PERSON_AND_ORGANIZATION_ROLE('classification_officer');
#11822=CC_DESIGN_PERSON_AND_ORGANIZATION_ASSIGNMENT(#11814,#11821,(#11798));
#11823=PERSON_AND_ORGANIZATION_ROLE('design_owner');
#11824=CC_DESIGN_PERSON_AND_ORGANIZATION_ASSIGNMENT(#11814,#11823,(#11789));
#1=COLOUR_RGB('',0.E0,0.E0,4.7E-1);
#2=COLOUR_RGB('',0.E0,0.E0,6.E-1);
#3=COLOUR_RGB('',0.E0,0.E0,8.E-1);
#4=DRAUGHTING_PRE_DEFINED_COLOUR('blue');
#5=COLOUR_RGB('',0.E0,2.E-1,1.E0);
#6=COLOUR_RGB('',0.E0,3.3E-1,0.E0);
#7=COLOUR_RGB('',0.E0,3.3E-1,3.3E-1);
#8=COLOUR_RGB('',0.E0,4.E-1,0.E0);
#9=COLOUR_RGB('',0.E0,4.E-1,4.E-1);
#10=COLOUR_RGB('',0.E0,4.E-1,1.E0);
#11=COLOUR_RGB('',0.E0,5.3E-1,5.3E-1);
#12=COLOUR_RGB('',0.E0,6.E-1,0.E0);
#13=COLOUR_RGB('',0.E0,6.E-1,6.E-1);
#14=COLOUR_RGB('',0.E0,6.E-1,1.E0);
#15=COLOUR_RGB('',0.E0,8.E-1,0.E0);
#16=COLOUR_RGB('',0.E0,8.E-1,8.E-1);
#17=COLOUR_RGB('',0.E0,8.E-1,1.E0);
#18=COLOUR_RGB('',0.E0,9.3E-1,0.E0);
#19=COLOUR_RGB('',0.E0,9.3E-1,9.3E-1);
#20=DRAUGHTING_PRE_DEFINED_COLOUR('green');
#21=DRAUGHTING_PRE_DEFINED_COLOUR('green');
#22=COLOUR_RGB('',0.E0,1.E0,2.E-1);
#23=COLOUR_RGB('',0.E0,1.E0,4.E-1);
#24=COLOUR_RGB('',0.E0,1.E0,6.E-1);
#25=COLOUR_RGB('',0.E0,1.E0,8.E-1);
#26=DRAUGHTING_PRE_DEFINED_COLOUR('cyan');
#27=COLOUR_RGB('',7.E-2,7.E-2,1.E0);
#28=COLOUR_RGB('',1.89587E-1,1.E0,6.92992E-1);
#29=COLOUR_RGB('',2.E-1,1.E0,0.E0);
#30=COLOUR_RGB('',2.E-1,1.E0,2.E-1);
#31=COLOUR_RGB('',2.E-1,1.E0,1.E0);
#32=COLOUR_RGB('',2.3E-1,2.3E-1,2.4E-1);
#33=COLOUR_RGB('',2.509803921569E-1,0.E0,1.E0);
#34=COLOUR_RGB('',2.7E-1,0.E0,4.E-1);
#35=COLOUR_RGB('',2.7E-1,2.7E-1,0.E0);
#36=COLOUR_RGB('',2.7E-1,2.7E-1,1.E0);
#37=COLOUR_RGB('',3.3E-1,0.E0,0.E0);
#38=COLOUR_RGB('',3.3E-1,0.E0,3.3E-1);
#39=COLOUR_RGB('',3.3E-1,0.E0,5.3E-1);
#40=COLOUR_RGB('',3.92E-1,1.2E-2,1.2E-2);
#41=COLOUR_RGB('',4.E-1,0.E0,4.E-1);
#42=COLOUR_RGB('',4.E-1,0.E0,6.7E-1);
#43=COLOUR_RGB('',4.E-1,1.3E-1,0.E0);
#44=COLOUR_RGB('',4.E-1,4.E-1,0.E0);
#45=COLOUR_RGB('',4.E-1,4.E-1,1.E0);
#46=COLOUR_RGB('',4.E-1,1.E0,0.E0);
#47=COLOUR_RGB('',4.E-1,1.E0,4.E-1);
#48=COLOUR_RGB('',4.E-1,1.E0,1.E0);
#49=COLOUR_RGB('',4.7E-1,0.E0,0.E0);
#50=COLOUR_RGB('',4.7E-1,0.E0,8.E-1);
#51=COLOUR_RGB('',4.7E-1,0.E0,8.7E-1);
#52=COLOUR_RGB('',4.7E-1,2.E-1,7.E-2);
#53=COLOUR_RGB('',4.7E-1,4.7E-1,4.7E-1);
#54=COLOUR_RGB('',5.3E-1,0.E0,9.3E-1);
#55=COLOUR_RGB('',5.3E-1,2.7E-1,1.3E-1);
#56=COLOUR_RGB('',5.3E-1,5.3E-1,1.E0);
#57=COLOUR_RGB('',6.E-1,0.E0,6.E-1);
#58=COLOUR_RGB('',6.E-1,2.E-1,1.E0);
#59=COLOUR_RGB('',6.E-1,3.3E-1,2.E-1);
#60=COLOUR_RGB('',6.E-1,6.E-1,0.E0);
#61=COLOUR_RGB('',6.E-1,6.E-1,1.E0);
#62=COLOUR_RGB('',6.E-1,7.7E-1,8.E-1);
#63=COLOUR_RGB('',6.E-1,1.E0,6.E-1);
#64=COLOUR_RGB('',6.E-1,1.E0,1.E0);
#65=COLOUR_RGB('',6.7E-1,0.E0,0.E0);
#66=COLOUR_RGB('',6.7E-1,0.E0,5.3E-1);
#67=COLOUR_RGB('',6.7E-1,4.E-1,2.7E-1);
#68=COLOUR_RGB('',6.7E-1,4.E-1,1.E0);
#69=COLOUR_RGB('',6.7E-1,6.7E-1,1.E0);
#70=COLOUR_RGB('',6.7E-1,1.E0,0.E0);
#71=COLOUR_RGB('',6.952E-1,7.426E-1,7.9E-1);
#72=COLOUR_RGB('',7.3E-1,2.7E-1,1.E0);
#73=COLOUR_RGB('',7.3E-1,4.E-1,0.E0);
#74=COLOUR_RGB('',7.3E-1,4.7E-1,3.3E-1);
#75=COLOUR_RGB('',7.3E-1,7.3E-1,7.3E-1);
#76=COLOUR_RGB('',7.57535E-1,1.E0,6.31348E-1);
#77=COLOUR_RGB('',8.E-1,0.E0,8.E-1);
#78=COLOUR_RGB('',8.E-1,5.3E-1,4.E-1);
#79=COLOUR_RGB('',8.E-1,6.E-1,0.E0);
#80=COLOUR_RGB('',8.E-1,6.E-1,1.E0);
#81=COLOUR_RGB('',8.E-1,8.E-1,0.E0);
#82=COLOUR_RGB('',8.E-1,8.E-1,1.E0);
#83=COLOUR_RGB('',8.E-1,1.E0,8.E-1);
#84=COLOUR_RGB('',8.E-1,1.E0,1.E0);
#85=COLOUR_RGB('',8.7E-1,0.E0,0.E0);
#86=COLOUR_RGB('',8.7E-1,6.E-1,4.7E-1);
#87=COLOUR_RGB('',9.3E-1,0.E0,9.3E-1);
#88=COLOUR_RGB('',9.3E-1,6.7E-1,5.3E-1);
#89=COLOUR_RGB('',9.3E-1,8.E-1,1.E0);
#90=COLOUR_RGB('',9.3E-1,9.3E-1,0.E0);
#91=COLOUR_RGB('',9.3E-1,1.E0,9.3E-1);
#92=COLOUR_RGB('',9.3E-1,1.E0,1.E0);
#93=COLOUR_RGB('',9.6E-1,9.6E-1,9.6E-1);
#94=COLOUR_RGB('',9.8E-1,6.27E-1,0.E0);
#95=DRAUGHTING_PRE_DEFINED_COLOUR('red');
#96=COLOUR_RGB('',1.E0,0.E0,2.7E-1);
#97=COLOUR_RGB('',1.E0,0.E0,4.7E-1);
#98=DRAUGHTING_PRE_DEFINED_COLOUR('magenta');
#99=COLOUR_RGB('',1.E0,7.E-2,7.E-2);
#100=COLOUR_RGB('',1.E0,2.E-1,1.E0);
#101=COLOUR_RGB('',1.E0,2.7E-1,0.E0);
#102=COLOUR_RGB('',1.E0,2.7E-1,2.7E-1);
#103=COLOUR_RGB('',1.E0,4.E-1,1.E0);
#104=COLOUR_RGB('',1.E0,4.23888E-1,4.43184E-1);
#105=COLOUR_RGB('',1.E0,4.7E-1,0.E0);
#106=COLOUR_RGB('',1.E0,4.7E-1,4.7E-1);
#107=COLOUR_RGB('',1.E0,4.7E-1,5.3E-1);
#108=COLOUR_RGB('',1.E0,6.E-1,1.E0);
#109=COLOUR_RGB('',1.E0,6.7E-1,0.E0);
#110=COLOUR_RGB('',1.E0,6.7E-1,6.7E-1);
#111=COLOUR_RGB('',1.E0,7.3E-1,5.3E-1);
#112=COLOUR_RGB('',1.E0,7.3E-1,6.E-1);
#113=COLOUR_RGB('',1.E0,8.E-1,8.E-1);
#114=COLOUR_RGB('',1.E0,8.E-1,1.E0);
#115=COLOUR_RGB('',1.E0,8.2858E-1,3.14321E-1);
#116=COLOUR_RGB('',1.E0,8.7E-1,0.E0);
#117=COLOUR_RGB('',1.E0,9.3E-1,9.3E-1);
#118=COLOUR_RGB('',1.E0,9.3E-1,1.E0);
#119=DRAUGHTING_PRE_DEFINED_COLOUR('yellow');
#120=COLOUR_RGB('',1.E0,1.E0,1.3E-1);
#121=COLOUR_RGB('',1.E0,1.E0,3.3E-1);
#122=COLOUR_RGB('',1.E0,1.E0,5.3E-1);
#123=COLOUR_RGB('',1.E0,1.E0,7.3E-1);
#124=COLOUR_RGB('',1.E0,1.E0,9.3E-1);
#273=CIRCLE('',#272,5.08E-1);
#282=CIRCLE('',#281,5.08E-1);
#291=CIRCLE('',#290,5.08E-1);
#300=CIRCLE('',#299,5.08E-1);
#413=CIRCLE('',#412,5.1E-1);
#418=CIRCLE('',#417,5.100000000001E-1);
#423=CIRCLE('',#422,5.1E-1);
#428=CIRCLE('',#427,5.1E-1);
#433=CIRCLE('',#432,5.100000000001E-1);
#438=CIRCLE('',#437,5.1E-1);
#451=CIRCLE('',#450,5.100000000001E-1);
#460=CIRCLE('',#459,5.08E-1);
#469=CIRCLE('',#468,5.08E-1);
#478=CIRCLE('',#477,5.100000000001E-1);
#487=CIRCLE('',#486,5.1E-1);
#496=CIRCLE('',#495,5.08E-1);
#501=CIRCLE('',#500,5.1E-1);
#506=CIRCLE('',#505,5.08E-1);
#537=B_SPLINE_CURVE_WITH_KNOTS('',3,(#531,#532,#533,#534,#535,#536),
.UNSPECIFIED.,.F.,.F.,(4,1,1,4),(0.E0,3.333333333333E-1,6.666666666667E-1,1.E0),
.UNSPECIFIED.);
#542=CIRCLE('',#541,3.999998918689E-1);
#553=B_SPLINE_CURVE_WITH_KNOTS('',3,(#547,#548,#549,#550,#551,#552),
.UNSPECIFIED.,.F.,.F.,(4,1,1,4),(0.E0,3.333333333333E-1,6.666666666667E-1,1.E0),
.UNSPECIFIED.);
#562=CIRCLE('',#561,3.999998851098E-1);
#571=CIRCLE('',#570,3.999998851103E-1);
#582=B_SPLINE_CURVE_WITH_KNOTS('',3,(#576,#577,#578,#579,#580,#581),
.UNSPECIFIED.,.F.,.F.,(4,1,1,4),(0.E0,3.333333333333E-1,6.666666666667E-1,1.E0),
.UNSPECIFIED.);
#589=B_SPLINE_CURVE_WITH_KNOTS('',3,(#583,#584,#585,#586,#587,#588),
.UNSPECIFIED.,.F.,.F.,(4,1,1,4),(0.E0,3.333333333333E-1,6.666666666667E-1,1.E0),
.UNSPECIFIED.);
#598=CIRCLE('',#597,3.999998918691E-1);
#615=CIRCLE('',#614,4.E-1);
#620=CIRCLE('',#619,4.E-1);
#625=CIRCLE('',#624,4.944357131809E-1);
#638=CIRCLE('',#637,4.E-1);
#643=CIRCLE('',#642,4.E-1);
#648=CIRCLE('',#647,4.944357131809E-1);
#661=CIRCLE('',#660,4.E-1);
#666=CIRCLE('',#665,4.E-1);
#671=CIRCLE('',#670,5.47E0);
#676=CIRCLE('',#675,4.E-1);
#681=CIRCLE('',#680,3.2E-1);
#686=CIRCLE('',#685,3.2E-1);
#691=CIRCLE('',#690,4.E-1);
#696=CIRCLE('',#695,4.E-1);
#701=CIRCLE('',#700,9.445093170455E-2);
#706=CIRCLE('',#705,5.07E0);
#711=CIRCLE('',#710,5.07E0);
#716=CIRCLE('',#715,9.445093170455E-2);
#721=CIRCLE('',#720,1.9E-1);
#726=CIRCLE('',#725,1.9E-1);
#731=CIRCLE('',#730,1.302633413135E-1);
#736=CIRCLE('',#735,1.302633413135E-1);
#741=CIRCLE('',#740,4.E-1);
#754=CIRCLE('',#753,4.E-1);
#767=CIRCLE('',#766,4.E-1);
#772=CIRCLE('',#771,4.E-1);
#777=CIRCLE('',#776,5.47E0);
#782=CIRCLE('',#781,4.E-1);
#787=CIRCLE('',#786,3.999998918691E-1);
#792=CIRCLE('',#791,4.E-1);
#797=CIRCLE('',#796,4.E-1);
#802=CIRCLE('',#801,4.E-1);
#819=B_SPLINE_CURVE_WITH_KNOTS('',3,(#803,#804,#805,#806,#807,#808,#809,#810,
#811,#812,#813,#814,#815,#816,#817,#818),.UNSPECIFIED.,.F.,.F.,(4,1,1,1,1,1,1,1,
1,1,1,1,1,4),(0.E0,7.692307692308E-2,1.538461538462E-1,2.307692307692E-1,
3.076923076923E-1,3.846153846154E-1,4.615384615385E-1,5.384615384615E-1,
6.153846153846E-1,6.923076923077E-1,7.692307692308E-1,8.461538461538E-1,
9.230769230769E-1,1.E0),.UNSPECIFIED.);
#832=CIRCLE('',#831,4.E-1);
#837=CIRCLE('',#836,5.022898942102E-1);
#842=CIRCLE('',#841,4.E-1);
#847=CIRCLE('',#846,4.E-1);
#860=CIRCLE('',#859,3.999998851103E-1);
#877=B_SPLINE_CURVE_WITH_KNOTS('',3,(#861,#862,#863,#864,#865,#866,#867,#868,
#869,#870,#871,#872,#873,#874,#875,#876),.UNSPECIFIED.,.F.,.F.,(4,1,1,1,1,1,1,1,
1,1,1,1,1,4),(0.E0,7.692307692308E-2,1.538461538462E-1,2.307692307692E-1,
3.076923076923E-1,3.846153846154E-1,4.615384615385E-1,5.384615384615E-1,
6.153846153846E-1,6.923076923077E-1,7.692307692308E-1,8.461538461538E-1,
9.230769230769E-1,1.E0),.UNSPECIFIED.);
#882=CIRCLE('',#881,5.47E0);
#895=B_SPLINE_CURVE_WITH_KNOTS('',3,(#883,#884,#885,#886,#887,#888,#889,#890,
#891,#892,#893,#894),.UNSPECIFIED.,.F.,.F.,(4,1,1,1,1,1,1,1,1,4),(0.E0,2.5E-1,
3.75E-1,5.E-1,6.25E-1,7.5E-1,8.125E-1,8.75E-1,9.375E-1,1.E0),.UNSPECIFIED.);
#908=B_SPLINE_CURVE_WITH_KNOTS('',3,(#896,#897,#898,#899,#900,#901,#902,#903,
#904,#905,#906,#907),.UNSPECIFIED.,.F.,.F.,(4,1,1,1,1,1,1,1,1,4),(0.E0,6.25E-2,
1.25E-1,1.875E-1,2.5E-1,3.75E-1,5.E-1,6.25E-1,7.5E-1,1.E0),.UNSPECIFIED.);
#913=CIRCLE('',#912,5.62E0);
#918=CIRCLE('',#917,1.023051348356E-1);
#931=CIRCLE('',#930,4.E-1);
#948=B_SPLINE_CURVE_WITH_KNOTS('',3,(#932,#933,#934,#935,#936,#937,#938,#939,
#940,#941,#942,#943,#944,#945,#946,#947),.UNSPECIFIED.,.F.,.F.,(4,1,1,1,1,1,1,1,
1,1,1,1,1,4),(0.E0,7.692307692308E-2,1.538461538462E-1,2.307692307692E-1,
3.076923076923E-1,3.846153846154E-1,4.615384615385E-1,5.384615384615E-1,
6.153846153846E-1,6.923076923077E-1,7.692307692308E-1,8.461538461538E-1,
9.230769230769E-1,1.E0),.UNSPECIFIED.);
#953=CIRCLE('',#952,3.999998851098E-1);
#966=B_SPLINE_CURVE_WITH_KNOTS('',3,(#954,#955,#956,#957,#958,#959,#960,#961,
#962,#963,#964,#965),.UNSPECIFIED.,.F.,.F.,(4,1,1,1,1,1,1,1,1,4),(0.E0,2.5E-1,
3.75E-1,5.E-1,6.25E-1,7.5E-1,8.125E-1,8.75E-1,9.375E-1,1.E0),.UNSPECIFIED.);
#979=CIRCLE('',#978,4.E-1);
#984=CIRCLE('',#983,5.022898942102E-1);
#989=CIRCLE('',#988,4.E-1);
#994=CIRCLE('',#993,4.E-1);
#1007=CIRCLE('',#1006,3.999998918689E-1);
#1024=B_SPLINE_CURVE_WITH_KNOTS('',3,(#1008,#1009,#1010,#1011,#1012,#1013,#1014,
#1015,#1016,#1017,#1018,#1019,#1020,#1021,#1022,#1023),.UNSPECIFIED.,.F.,.F.,(4,
1,1,1,1,1,1,1,1,1,1,1,1,4),(0.E0,7.692307692308E-2,1.538461538462E-1,
2.307692307692E-1,3.076923076923E-1,3.846153846154E-1,4.615384615385E-1,
5.384615384615E-1,6.153846153846E-1,6.923076923077E-1,7.692307692308E-1,
8.461538461538E-1,9.230769230769E-1,1.E0),.UNSPECIFIED.);
#1029=CIRCLE('',#1028,5.47E0);
#1042=B_SPLINE_CURVE_WITH_KNOTS('',3,(#1030,#1031,#1032,#1033,#1034,#1035,#1036,
#1037,#1038,#1039,#1040,#1041),.UNSPECIFIED.,.F.,.F.,(4,1,1,1,1,1,1,1,1,4),
(0.E0,2.5E-1,3.75E-1,5.E-1,6.25E-1,7.5E-1,8.125E-1,8.75E-1,9.375E-1,1.E0),
.UNSPECIFIED.);
#1047=CIRCLE('',#1046,1.023051348356E-1);
#1052=CIRCLE('',#1051,5.62E0);
#1061=CIRCLE('',#1060,5.08E-1);
#1078=CIRCLE('',#1077,5.08E-1);
#1135=CIRCLE('',#1134,2.54E-1);
#1144=CIRCLE('',#1143,2.54E-1);
#1153=CIRCLE('',#1152,2.54E-1);
#1166=CIRCLE('',#1165,3.048E-1);
#1171=CIRCLE('',#1170,3.048E-1);
#1184=CIRCLE('',#1183,2.54E-1);
#1193=CIRCLE('',#1192,5.588E-1);
#1198=CIRCLE('',#1197,5.588E-1);
#1207=CIRCLE('',#1206,1.27E-1);
#1212=CIRCLE('',#1211,1.27E-1);
#1229=CIRCLE('',#1228,3.81E-1);
#1242=CIRCLE('',#1241,3.81E-1);
#1259=CIRCLE('',#1258,1.27E-1);
#1264=CIRCLE('',#1263,1.27E-1);
#1273=CIRCLE('',#1272,5.588E-1);
#1278=CIRCLE('',#1277,5.588E-1);
#1287=CIRCLE('',#1286,2.54E-1);
#1300=CIRCLE('',#1299,3.048E-1);
#1305=CIRCLE('',#1304,3.048E-1);
#1318=CIRCLE('',#1317,5.08E-1);
#1327=CIRCLE('',#1326,5.08E-1);
#1336=CIRCLE('',#1335,5.08E-1);
#1345=CIRCLE('',#1344,5.08E-1);
#1442=B_SPLINE_CURVE_WITH_KNOTS('',3,(#1438,#1439,#1440,#1441),.UNSPECIFIED.,
.F.,.F.,(4,4),(0.E0,1.E0),.UNSPECIFIED.);
#1447=B_SPLINE_CURVE_WITH_KNOTS('',3,(#1443,#1444,#1445,#1446),.UNSPECIFIED.,
.F.,.F.,(4,4),(0.E0,1.E0),.UNSPECIFIED.);
#1457=B_SPLINE_CURVE_WITH_KNOTS('',3,(#1448,#1449,#1450,#1451,#1452,#1453,#1454,
#1455,#1456),.UNSPECIFIED.,.F.,.F.,(4,1,1,1,1,1,4),(0.E0,1.25E-1,2.5E-1,5.E-1,
7.5E-1,8.75E-1,1.E0),.UNSPECIFIED.);
#1462=CIRCLE('',#1461,5.08E-1);
#1472=B_SPLINE_CURVE_WITH_KNOTS('',3,(#1463,#1464,#1465,#1466,#1467,#1468,#1469,
#1470,#1471),.UNSPECIFIED.,.F.,.F.,(4,1,1,1,1,1,4),(0.E0,1.25E-1,2.5E-1,5.E-1,
7.5E-1,8.75E-1,1.E0),.UNSPECIFIED.);
#1477=CIRCLE('',#1476,5.08E-1);
#1487=B_SPLINE_CURVE_WITH_KNOTS('',3,(#1478,#1479,#1480,#1481,#1482,#1483,#1484,
#1485,#1486),.UNSPECIFIED.,.F.,.F.,(4,1,1,1,1,1,4),(0.E0,1.25E-1,2.5E-1,5.E-1,
7.5E-1,8.75E-1,1.E0),.UNSPECIFIED.);
#1492=CIRCLE('',#1491,5.08E-1);
#1502=B_SPLINE_CURVE_WITH_KNOTS('',3,(#1493,#1494,#1495,#1496,#1497,#1498,#1499,
#1500,#1501),.UNSPECIFIED.,.F.,.F.,(4,1,1,1,1,1,4),(0.E0,1.25E-1,2.5E-1,5.E-1,
7.5E-1,8.75E-1,1.E0),.UNSPECIFIED.);
#1507=CIRCLE('',#1506,5.08E-1);
#1580=B_SPLINE_CURVE_WITH_KNOTS('',3,(#1576,#1577,#1578,#1579),.UNSPECIFIED.,
.F.,.F.,(4,4),(0.E0,1.E0),.UNSPECIFIED.);
#1598=B_SPLINE_CURVE_WITH_KNOTS('',3,(#1581,#1582,#1583,#1584,#1585,#1586,#1587,
#1588,#1589,#1590,#1591,#1592,#1593,#1594,#1595,#1596,#1597),.UNSPECIFIED.,.F.,
.F.,(4,1,1,1,1,1,1,1,1,1,1,1,1,1,4),(0.E0,7.142857142857E-2,1.428571428571E-1,
2.142857142857E-1,2.857142857143E-1,3.571428571429E-1,4.285714285714E-1,5.E-1,
5.714285714286E-1,6.428571428571E-1,7.142857142857E-1,7.857142857143E-1,
8.571428571429E-1,9.285714285714E-1,1.E0),.UNSPECIFIED.);
#1603=B_SPLINE_CURVE_WITH_KNOTS('',3,(#1599,#1600,#1601,#1602),.UNSPECIFIED.,
.F.,.F.,(4,4),(0.E0,1.E0),.UNSPECIFIED.);
#1620=B_SPLINE_CURVE_WITH_KNOTS('',3,(#1616,#1617,#1618,#1619),.UNSPECIFIED.,
.F.,.F.,(4,4),(0.E0,1.E0),.UNSPECIFIED.);
#1638=B_SPLINE_CURVE_WITH_KNOTS('',3,(#1621,#1622,#1623,#1624,#1625,#1626,#1627,
#1628,#1629,#1630,#1631,#1632,#1633,#1634,#1635,#1636,#1637),.UNSPECIFIED.,.F.,
.F.,(4,1,1,1,1,1,1,1,1,1,1,1,1,1,4),(0.E0,7.142857142857E-2,1.428571428571E-1,
2.142857142857E-1,2.857142857143E-1,3.571428571429E-1,4.285714285714E-1,5.E-1,
5.714285714286E-1,6.428571428571E-1,7.142857142857E-1,7.857142857143E-1,
8.571428571429E-1,9.285714285714E-1,1.E0),.UNSPECIFIED.);
#1643=B_SPLINE_CURVE_WITH_KNOTS('',3,(#1639,#1640,#1641,#1642),.UNSPECIFIED.,
.F.,.F.,(4,4),(0.E0,1.E0),.UNSPECIFIED.);
#1668=CIRCLE('',#1667,4.E-1);
#1677=CIRCLE('',#1676,4.E-1);
#1682=CIRCLE('',#1681,3.115724387562E0);
#1687=CIRCLE('',#1686,5.999596464619E-1);
#1698=B_SPLINE_CURVE_WITH_KNOTS('',3,(#1692,#1693,#1694,#1695,#1696,#1697),
.UNSPECIFIED.,.F.,.F.,(4,1,1,4),(0.E0,3.333333333333E-1,6.666666666667E-1,1.E0),
.UNSPECIFIED.);
#1711=CIRCLE('',#1710,3.2E-1);
#1716=CIRCLE('',#1715,3.2E-1);
#1721=CIRCLE('',#1720,3.115724388026E0);
#1726=CIRCLE('',#1725,2.E-1);
#1731=CIRCLE('',#1730,2.E-1);
#1736=CIRCLE('',#1735,1.210025139797E-1);
#1741=CIRCLE('',#1740,1.210025139797E-1);
#1746=CIRCLE('',#1745,1.E-1);
#1751=CIRCLE('',#1750,3.015740021602E0);
#1759=B_SPLINE_CURVE_WITH_KNOTS('',3,(#1752,#1753,#1754,#1755,#1756,#1757,
#1758),.UNSPECIFIED.,.F.,.F.,(4,1,1,1,4),(0.E0,2.5E-1,5.E-1,7.5E-1,1.E0),
.UNSPECIFIED.);
#1766=B_SPLINE_CURVE_WITH_KNOTS('',3,(#1760,#1761,#1762,#1763,#1764,#1765),
.UNSPECIFIED.,.F.,.F.,(4,1,1,4),(0.E0,3.333333333333E-1,6.666666666667E-1,1.E0),
.UNSPECIFIED.);
#1771=CIRCLE('',#1770,1.E-1);
#1776=CIRCLE('',#1775,3.015740021601E0);
#1783=B_SPLINE_CURVE_WITH_KNOTS('',3,(#1777,#1778,#1779,#1780,#1781,#1782),
.UNSPECIFIED.,.F.,.F.,(4,1,1,4),(0.E0,3.333333333333E-1,6.666666666667E-1,1.E0),
.UNSPECIFIED.);
#1788=CIRCLE('',#1787,1.E-1);
#1793=CIRCLE('',#1792,1.E-1);
#1800=B_SPLINE_CURVE_WITH_KNOTS('',3,(#1794,#1795,#1796,#1797,#1798,#1799),
.UNSPECIFIED.,.F.,.F.,(4,1,1,4),(0.E0,3.333333333333E-1,6.666666666667E-1,1.E0),
.UNSPECIFIED.);
#1808=B_SPLINE_CURVE_WITH_KNOTS('',3,(#1801,#1802,#1803,#1804,#1805,#1806,
#1807),.UNSPECIFIED.,.F.,.F.,(4,1,1,1,4),(0.E0,2.5E-1,5.E-1,7.5E-1,1.E0),
.UNSPECIFIED.);
#1814=B_SPLINE_CURVE_WITH_KNOTS('',3,(#1809,#1810,#1811,#1812,#1813),
.UNSPECIFIED.,.F.,.F.,(4,1,4),(0.E0,5.E-1,1.E0),.UNSPECIFIED.);
#1828=B_SPLINE_CURVE_WITH_KNOTS('',3,(#1823,#1824,#1825,#1826,#1827),
.UNSPECIFIED.,.F.,.F.,(4,1,4),(0.E0,5.E-1,1.E0),.UNSPECIFIED.);
#1834=B_SPLINE_CURVE_WITH_KNOTS('',3,(#1829,#1830,#1831,#1832,#1833),
.UNSPECIFIED.,.F.,.F.,(4,1,4),(0.E0,5.E-1,1.E0),.UNSPECIFIED.);
#1840=B_SPLINE_CURVE_WITH_KNOTS('',3,(#1835,#1836,#1837,#1838,#1839),
.UNSPECIFIED.,.F.,.F.,(4,1,4),(0.E0,5.E-1,1.E0),.UNSPECIFIED.);
#1845=CIRCLE('',#1844,3.008575216012E0);
#1850=CIRCLE('',#1849,3.008575216012E0);
#1855=CIRCLE('',#1854,5.E-1);
#1860=CIRCLE('',#1859,5.E-1);
#1865=CIRCLE('',#1864,3.008575216012E0);
#1870=CIRCLE('',#1869,3.008575216012E0);
#1875=CIRCLE('',#1874,1.476003053224E0);
#1880=CIRCLE('',#1879,1.476003053224E0);
#1885=CIRCLE('',#1884,2.508651349381E0);
#1890=CIRCLE('',#1889,2.508651349381E0);
#1895=CIRCLE('',#1894,1.E-1);
#1900=CIRCLE('',#1899,1.376023580758E0);
#1905=CIRCLE('',#1904,1.376023580758E0);
#1910=CIRCLE('',#1909,1.E-1);
#1915=CIRCLE('',#1914,1.476003053224E0);
#1920=CIRCLE('',#1919,1.376023580758E0);
#1925=CIRCLE('',#1924,1.376023580758E0);
#1930=CIRCLE('',#1929,1.476003053224E0);
#1943=CIRCLE('',#1942,1.242354342763E0);
#1948=CIRCLE('',#1947,1.242354342763E0);
#1953=CIRCLE('',#1952,2.5E-1);
#1958=CIRCLE('',#1957,2.5E-1);
#1963=CIRCLE('',#1962,1.242354342763E0);
#1968=CIRCLE('',#1967,1.242354342763E0);
#1973=CIRCLE('',#1972,7.E-1);
#1978=CIRCLE('',#1977,7.E-1);
#1983=CIRCLE('',#1982,9.924053969755E-1);
#1988=CIRCLE('',#1987,9.924053969755E-1);
#1993=CIRCLE('',#1992,7.202478753167E-1);
#2006=CIRCLE('',#2005,7.202478753167E-1);
#2011=CIRCLE('',#2010,3.999999322973E-1);
#2016=CIRCLE('',#2015,5.999596550681E-1);
#2025=CIRCLE('',#2024,4.E-1);
#2034=CIRCLE('',#2033,3.999999322973E-1);
#2039=CIRCLE('',#2038,5.999596550682E-1);
#2044=CIRCLE('',#2043,3.999999322972E-1);
#2062=B_SPLINE_CURVE_WITH_KNOTS('',3,(#2045,#2046,#2047,#2048,#2049,#2050,#2051,
#2052,#2053,#2054,#2055,#2056,#2057,#2058,#2059,#2060,#2061),.UNSPECIFIED.,.F.,
.F.,(4,1,1,1,1,1,1,1,1,1,1,1,1,1,4),(0.E0,7.142857142857E-2,1.428571428571E-1,
2.142857142857E-1,2.857142857143E-1,3.571428571429E-1,4.285714285714E-1,5.E-1,
5.714285714286E-1,6.428571428571E-1,7.142857142857E-1,7.857142857143E-1,
8.571428571429E-1,9.285714285714E-1,1.E0),.UNSPECIFIED.);
#2067=CIRCLE('',#2066,3.999999322972E-1);
#2072=CIRCLE('',#2071,5.999596550681E-1);
#2081=CIRCLE('',#2080,4.E-1);
#2103=B_SPLINE_CURVE_WITH_KNOTS('',3,(#2086,#2087,#2088,#2089,#2090,#2091,#2092,
#2093,#2094,#2095,#2096,#2097,#2098,#2099,#2100,#2101,#2102),.UNSPECIFIED.,.F.,
.F.,(4,1,1,1,1,1,1,1,1,1,1,1,1,1,4),(0.E0,7.142857142857E-2,1.428571428571E-1,
2.142857142857E-1,2.857142857143E-1,3.571428571429E-1,4.285714285714E-1,5.E-1,
5.714285714286E-1,6.428571428571E-1,7.142857142857E-1,7.857142857143E-1,
8.571428571429E-1,9.285714285714E-1,1.E0),.UNSPECIFIED.);
#2120=B_SPLINE_CURVE_WITH_KNOTS('',3,(#2116,#2117,#2118,#2119),.UNSPECIFIED.,
.F.,.F.,(4,4),(0.E0,1.E0),.UNSPECIFIED.);
#2125=B_SPLINE_CURVE_WITH_KNOTS('',3,(#2121,#2122,#2123,#2124),.UNSPECIFIED.,
.F.,.F.,(4,4),(0.E0,1.E0),.UNSPECIFIED.);
#2146=CIRCLE('',#2145,3.048E-1);
#2151=CIRCLE('',#2150,3.048E-1);
#2160=CIRCLE('',#2159,2.54E-1);
#2169=CIRCLE('',#2168,5.588E-1);
#2174=CIRCLE('',#2173,5.588E-1);
#2183=CIRCLE('',#2182,1.27E-1);
#2188=CIRCLE('',#2187,1.27E-1);
#2205=CIRCLE('',#2204,3.81E-1);
#2210=CIRCLE('',#2209,3.81E-1);
#2227=CIRCLE('',#2226,1.27E-1);
#2232=CIRCLE('',#2231,1.27E-1);
#2241=CIRCLE('',#2240,5.588E-1);
#2246=CIRCLE('',#2245,5.588E-1);
#2255=CIRCLE('',#2254,2.54E-1);
#2268=CIRCLE('',#2267,3.048E-1);
#2273=CIRCLE('',#2272,3.048E-1);
#2318=CIRCLE('',#2317,2.54E-1);
#2327=CIRCLE('',#2326,2.54E-1);
#2336=CIRCLE('',#2335,2.54E-1);
#2441=CIRCLE('',#2440,2.54E-1);
#2466=CIRCLE('',#2465,3.048E-1);
#2471=CIRCLE('',#2470,3.048E-1);
#2484=CIRCLE('',#2483,2.54E-1);
#2493=CIRCLE('',#2492,5.588E-1);
#2498=CIRCLE('',#2497,5.588E-1);
#2507=CIRCLE('',#2506,1.27E-1);
#2512=CIRCLE('',#2511,1.27E-1);
#2529=CIRCLE('',#2528,3.81E-1);
#2534=CIRCLE('',#2533,3.81E-1);
#2551=CIRCLE('',#2550,1.27E-1);
#2556=CIRCLE('',#2555,1.27E-1);
#2565=CIRCLE('',#2564,5.588E-1);
#2570=CIRCLE('',#2569,5.588E-1);
#2579=CIRCLE('',#2578,2.54E-1);
#2592=CIRCLE('',#2591,3.048E-1);
#2597=CIRCLE('',#2596,3.048E-1);
#2666=CIRCLE('',#2665,2.54E-1);
#2675=CIRCLE('',#2674,2.54E-1);
#2684=CIRCLE('',#2683,2.54E-1);
#2701=CIRCLE('',#2700,2.54E-1);
#2822=CIRCLE('',#2821,3.048E-1);
#2827=CIRCLE('',#2826,3.048E-1);
#2832=CIRCLE('',#2831,2.54E-1);
#2841=CIRCLE('',#2840,5.588E-1);
#2846=CIRCLE('',#2845,5.588E-1);
#2855=CIRCLE('',#2854,1.27E-1);
#2860=CIRCLE('',#2859,1.27E-1);
#2877=CIRCLE('',#2876,3.81E-1);
#2882=CIRCLE('',#2881,3.81E-1);
#2899=CIRCLE('',#2898,1.27E-1);
#2904=CIRCLE('',#2903,1.27E-1);
#2913=CIRCLE('',#2912,5.588E-1);
#2918=CIRCLE('',#2917,5.588E-1);
#2927=CIRCLE('',#2926,2.54E-1);
#2936=CIRCLE('',#2935,3.048E-1);
#2941=CIRCLE('',#2940,3.048E-1);
#3018=CIRCLE('',#3017,2.54E-1);
#3027=CIRCLE('',#3026,2.54E-1);
#3036=CIRCLE('',#3035,2.54E-1);
#3045=CIRCLE('',#3044,2.54E-1);
#3190=CIRCLE('',#3189,2.54E-1);
#4122=EDGE_CURVE('',#4044,#4048,#192,.T.);
#4124=EDGE_CURVE('',#4048,#3711,#1309,.T.);
#4126=EDGE_CURVE('',#3711,#3704,#1237,.T.);
#4128=EDGE_CURVE('',#3704,#4044,#1161,.T.);
#4138=EDGE_CURVE('',#4083,#4088,#128,.T.);
#4140=EDGE_CURVE('',#4091,#4088,#132,.T.);
#4142=EDGE_CURVE('',#4091,#4096,#136,.T.);
#4144=EDGE_CURVE('',#3999,#4096,#140,.T.);
#4146=EDGE_CURVE('',#3999,#4004,#144,.T.);
#4148=EDGE_CURVE('',#4007,#4004,#148,.T.);
#4150=EDGE_CURVE('',#4007,#4012,#152,.T.);
#4152=EDGE_CURVE('',#3274,#4012,#156,.T.);
#4154=EDGE_CURVE('',#3282,#3274,#160,.T.);
#4156=EDGE_CURVE('',#3282,#4019,#1377,.T.);
#4158=EDGE_CURVE('',#4019,#4020,#164,.T.);
#4160=EDGE_CURVE('',#4016,#4020,#168,.T.);
#4162=EDGE_CURVE('',#4015,#4016,#172,.T.);
#4164=EDGE_CURVE('',#4015,#4104,#1361,.T.);
#4166=EDGE_CURVE('',#4104,#4102,#176,.T.);
#4168=EDGE_CURVE('',#4100,#4102,#180,.T.);
#4170=EDGE_CURVE('',#4099,#4100,#184,.T.);
#4172=EDGE_CURVE('',#4099,#4047,#1425,.T.);
#4174=EDGE_CURVE('',#4047,#4048,#188,.T.);
#4177=EDGE_CURVE('',#4043,#4044,#196,.T.);
#4179=EDGE_CURVE('',#4043,#4076,#1409,.T.);
#4181=EDGE_CURVE('',#4076,#4074,#200,.T.);
#4183=EDGE_CURVE('',#4072,#4074,#204,.T.);
#4185=EDGE_CURVE('',#4071,#4072,#208,.T.);
#4187=EDGE_CURVE('',#4071,#3286,#1393,.T.);
#4189=EDGE_CURVE('',#3277,#3286,#212,.T.);
#4191=EDGE_CURVE('',#4055,#3277,#216,.T.);
#4193=EDGE_CURVE('',#4055,#4060,#220,.T.);
#4195=EDGE_CURVE('',#4063,#4060,#224,.T.);
#4197=EDGE_CURVE('',#4063,#4068,#228,.T.);
#4199=EDGE_CURVE('',#4027,#4068,#232,.T.);
#4201=EDGE_CURVE('',#4027,#4032,#236,.T.);
#4203=EDGE_CURVE('',#4035,#4032,#240,.T.);
#4205=EDGE_CURVE('',#4035,#4040,#244,.T.);
#4207=EDGE_CURVE('',#4083,#4040,#248,.T.);
#4218=EDGE_CURVE('',#4083,#3860,#264,.T.);
#4220=EDGE_CURVE('',#3859,#3860,#252,.T.);
#4222=EDGE_CURVE('',#3859,#3847,#2392,.T.);
#4224=EDGE_CURVE('',#3847,#3848,#2384,.T.);
#4226=EDGE_CURVE('',#3848,#3850,#2368,.T.);
#4228=EDGE_CURVE('',#3852,#3850,#256,.T.);
#4230=EDGE_CURVE('',#3852,#4096,#2352,.T.);
#4233=EDGE_CURVE('',#4091,#3854,#2340,.T.);
#4235=EDGE_CURVE('',#3854,#3843,#2259,.T.);
#4237=EDGE_CURVE('',#3843,#3844,#2309,.T.);
#4239=EDGE_CURVE('',#3844,#3856,#2155,.T.);
#4241=EDGE_CURVE('',#3856,#4088,#2436,.T.);
#4251=EDGE_CURVE('',#4083,#4084,#304,.T.);
#4253=EDGE_CURVE('',#4084,#3870,#2432,.T.);
#4255=EDGE_CURVE('',#3870,#3868,#2408,.T.);
#4257=EDGE_CURVE('',#3860,#3868,#260,.T.);
#4270=EDGE_CURVE('',#4040,#4038,#308,.T.);
#4272=EDGE_CURVE('',#4038,#4036,#312,.T.);
#4274=EDGE_CURVE('',#4035,#4036,#316,.T.);
#4277=EDGE_CURVE('',#4032,#4030,#320,.T.);
#4279=EDGE_CURVE('',#4030,#4028,#324,.T.);
#4281=EDGE_CURVE('',#4027,#4028,#328,.T.);
#4284=EDGE_CURVE('',#4068,#4066,#332,.T.);
#4286=EDGE_CURVE('',#4066,#4064,#336,.T.);
#4288=EDGE_CURVE('',#4063,#4064,#340,.T.);
#4291=EDGE_CURVE('',#4060,#4058,#344,.T.);
#4293=EDGE_CURVE('',#4058,#4056,#348,.T.);
#4295=EDGE_CURVE('',#4055,#4056,#352,.T.);
#4298=EDGE_CURVE('',#3277,#3278,#2813,.T.);
#4300=EDGE_CURVE('',#3278,#3273,#2805,.T.);
#4302=EDGE_CURVE('',#3273,#3274,#2797,.T.);
#4305=EDGE_CURVE('',#4012,#4010,#356,.T.);
#4307=EDGE_CURVE('',#4010,#4008,#360,.T.);
#4309=EDGE_CURVE('',#4007,#4008,#364,.T.);
#4312=EDGE_CURVE('',#4004,#4002,#368,.T.);
#4314=EDGE_CURVE('',#4002,#4000,#372,.T.);
#4316=EDGE_CURVE('',#3999,#4000,#376,.T.);
#4319=EDGE_CURVE('',#4096,#4094,#380,.T.);
#4321=EDGE_CURVE('',#4094,#4092,#384,.T.);
#4323=EDGE_CURVE('',#4091,#4092,#388,.T.);
#4326=EDGE_CURVE('',#4088,#4086,#392,.T.);
#4328=EDGE_CURVE('',#4086,#4084,#396,.T.);
#4332=EDGE_CURVE('',#3935,#3936,#268,.T.);
#4334=EDGE_CURVE('',#3935,#3948,#273,.T.);
#4336=EDGE_CURVE('',#3946,#3948,#277,.T.);
#4338=EDGE_CURVE('',#3946,#3944,#282,.T.);
#4340=EDGE_CURVE('',#3942,#3944,#286,.T.);
#4342=EDGE_CURVE('',#3942,#3940,#291,.T.);
#4344=EDGE_CURVE('',#3938,#3940,#295,.T.);
#4346=EDGE_CURVE('',#3938,#3936,#300,.T.);
#4357=EDGE_CURVE('',#3936,#3289,#404,.T.);
#4359=EDGE_CURVE('',#3289,#3290,#464,.T.);
#4361=EDGE_CURVE('',#3290,#3935,#1090,.T.);
#4379=EDGE_CURVE('',#3292,#3938,#400,.T.);
#4381=EDGE_CURVE('',#3292,#3289,#469,.T.);
#4399=EDGE_CURVE('',#3955,#3956,#408,.T.);
#4401=EDGE_CURVE('',#3955,#3292,#473,.T.);
#4405=EDGE_CURVE('',#3940,#3950,#1082,.T.);
#4407=EDGE_CURVE('',#3950,#3956,#491,.T.);
#4425=EDGE_CURVE('',#3305,#3956,#413,.T.);
#4427=EDGE_CURVE('',#3305,#3306,#530,.T.);
#4429=EDGE_CURVE('',#3955,#3306,#418,.T.);
#4446=EDGE_CURVE('',#3959,#3960,#1078,.T.);
#4448=EDGE_CURVE('',#3959,#3962,#1073,.T.);
#4450=EDGE_CURVE('',#3964,#3962,#1061,.T.);
#4452=EDGE_CURVE('',#3301,#3964,#423,.T.);
#4454=EDGE_CURVE('',#3301,#3302,#566,.T.);
#4456=EDGE_CURVE('',#3960,#3302,#428,.T.);
#4473=EDGE_CURVE('',#3967,#3968,#1056,.T.);
#4475=EDGE_CURVE('',#3297,#3968,#433,.T.);
#4477=EDGE_CURVE('',#3297,#3298,#602,.T.);
#4479=EDGE_CURVE('',#3967,#3298,#438,.T.);
#4496=EDGE_CURVE('',#3956,#3960,#487,.T.);
#4499=EDGE_CURVE('',#3354,#3302,#442,.T.);
#4501=EDGE_CURVE('',#3354,#3349,#984,.T.);
#4503=EDGE_CURVE('',#3305,#3349,#446,.T.);
#4521=EDGE_CURVE('',#3968,#3970,#451,.T.);
#4523=EDGE_CURVE('',#3294,#3968,#455,.T.);
#4525=EDGE_CURVE('',#3290,#3294,#460,.T.);
#4530=EDGE_CURVE('',#3972,#3955,#478,.T.);
#4532=EDGE_CURVE('',#3970,#3972,#482,.T.);
#4551=EDGE_CURVE('',#3960,#3950,#496,.T.);
#4568=EDGE_CURVE('',#3964,#3967,#501,.T.);
#4570=EDGE_CURVE('',#3952,#3964,#506,.T.);
#4572=EDGE_CURVE('',#3967,#3952,#510,.T.);
#4590=EDGE_CURVE('',#3347,#3970,#514,.T.);
#4592=EDGE_CURVE('',#3347,#3309,#625,.T.);
#4594=EDGE_CURVE('',#3297,#3309,#518,.T.);
#4613=EDGE_CURVE('',#3972,#3345,#526,.T.);
#4615=EDGE_CURVE('',#3345,#3347,#633,.T.);
#4635=EDGE_CURVE('',#3341,#3306,#522,.T.);
#4637=EDGE_CURVE('',#3341,#3345,#648,.T.);
#4655=EDGE_CURVE('',#3352,#3343,#546,.T.);
#4657=EDGE_CURVE('',#3343,#3341,#656,.T.);
#4662=EDGE_CURVE('',#3349,#3351,#998,.T.);
#4664=EDGE_CURVE('',#3351,#3352,#1024,.T.);
#4681=EDGE_CURVE('',#3378,#3379,#537,.T.);
#4683=EDGE_CURVE('',#3343,#3378,#542,.T.);
#4686=EDGE_CURVE('',#3352,#3379,#1007,.T.);
#4703=EDGE_CURVE('',#3375,#3376,#553,.T.);
#4705=EDGE_CURVE('',#3375,#3378,#671,.T.);
#4708=EDGE_CURVE('',#3379,#3376,#1029,.T.);
#4725=EDGE_CURVE('',#3366,#3368,#557,.T.);
#4727=EDGE_CURVE('',#3375,#3366,#562,.T.);
#4730=EDGE_CURVE('',#3376,#3368,#953,.T.);
#4747=EDGE_CURVE('',#3373,#3365,#575,.T.);
#4749=EDGE_CURVE('',#3365,#3366,#762,.T.);
#4752=EDGE_CURVE('',#3368,#3360,#948,.T.);
#4754=EDGE_CURVE('',#3360,#3354,#970,.T.);
#4758=EDGE_CURVE('',#3301,#3370,#926,.T.);
#4760=EDGE_CURVE('',#3370,#3372,#851,.T.);
#4762=EDGE_CURVE('',#3372,#3373,#877,.T.);
#4779=EDGE_CURVE('',#3385,#3383,#589,.T.);
#4781=EDGE_CURVE('',#3365,#3383,#571,.T.);
#4784=EDGE_CURVE('',#3373,#3385,#860,.T.);
#4801=EDGE_CURVE('',#3397,#3395,#582,.T.);
#4803=EDGE_CURVE('',#3397,#3383,#777,.T.);
#4806=EDGE_CURVE('',#3385,#3395,#882,.T.);
#4823=EDGE_CURVE('',#3310,#3312,#593,.T.);
#4825=EDGE_CURVE('',#3310,#3397,#787,.T.);
#4828=EDGE_CURVE('',#3312,#3395,#598,.T.);
#4846=EDGE_CURVE('',#3309,#3310,#610,.T.);
#4849=EDGE_CURVE('',#3312,#3313,#819,.T.);
#4851=EDGE_CURVE('',#3313,#3315,#823,.T.);
#4853=EDGE_CURVE('',#3315,#3298,#922,.T.);
#4871=EDGE_CURVE('',#3309,#3319,#620,.T.);
#4873=EDGE_CURVE('',#3318,#3319,#606,.T.);
#4875=EDGE_CURVE('',#3318,#3310,#792,.T.);
#4905=EDGE_CURVE('',#3329,#3347,#615,.T.);
#4907=EDGE_CURVE('',#3329,#3319,#716,.T.);
#4926=EDGE_CURVE('',#3345,#3331,#643,.T.);
#4928=EDGE_CURVE('',#3329,#3331,#629,.T.);
#4959=EDGE_CURVE('',#3322,#3341,#638,.T.);
#4961=EDGE_CURVE('',#3322,#3331,#701,.T.);
#4980=EDGE_CURVE('',#3343,#3323,#661,.T.);
#4982=EDGE_CURVE('',#3322,#3323,#652,.T.);
#5003=EDGE_CURVE('',#3323,#3378,#666,.T.);
#5020=EDGE_CURVE('',#3325,#3323,#706,.T.);
#5024=EDGE_CURVE('',#3325,#3375,#676,.T.);
#5044=EDGE_CURVE('',#3325,#3327,#758,.T.);
#5046=EDGE_CURVE('',#3318,#3327,#711,.T.);
#5053=EDGE_CURVE('',#3335,#3334,#691,.T.);
#5055=EDGE_CURVE('',#3334,#3335,#696,.T.);
#5059=EDGE_CURVE('',#3339,#3338,#681,.T.);
#5061=EDGE_CURVE('',#3338,#3339,#686,.T.);
#5102=EDGE_CURVE('',#3401,#3338,#721,.T.);
#5104=EDGE_CURVE('',#3401,#3400,#731,.T.);
#5106=EDGE_CURVE('',#3339,#3400,#726,.T.);
#5149=EDGE_CURVE('',#3400,#3401,#736,.T.);
#5185=EDGE_CURVE('',#4116,#4115,#741,.T.);
#5187=EDGE_CURVE('',#3335,#4115,#745,.T.);
#5190=EDGE_CURVE('',#4116,#3334,#749,.T.);
#5207=EDGE_CURVE('',#4115,#4116,#754,.T.);
#5237=EDGE_CURVE('',#3365,#3327,#767,.T.);
#5240=EDGE_CURVE('',#3325,#3366,#797,.T.);
#5260=EDGE_CURVE('',#3327,#3383,#772,.T.);
#5279=EDGE_CURVE('',#3318,#3397,#782,.T.);
#5401=EDGE_CURVE('',#3313,#3393,#802,.T.);
#5405=EDGE_CURVE('',#3395,#3393,#908,.T.);
#5422=EDGE_CURVE('',#3391,#3315,#842,.T.);
#5426=EDGE_CURVE('',#3391,#3393,#827,.T.);
#5455=EDGE_CURVE('',#3370,#3389,#832,.T.);
#5457=EDGE_CURVE('',#3315,#3370,#837,.T.);
#5460=EDGE_CURVE('',#3391,#3389,#918,.T.);
#5477=EDGE_CURVE('',#3372,#3387,#847,.T.);
#5481=EDGE_CURVE('',#3387,#3389,#855,.T.);
#5569=EDGE_CURVE('',#3387,#3385,#895,.T.);
#5588=EDGE_CURVE('',#3387,#3393,#913,.T.);
#5714=EDGE_CURVE('',#3360,#3362,#931,.T.);
#5718=EDGE_CURVE('',#3362,#3376,#966,.T.);
#5735=EDGE_CURVE('',#3356,#3354,#989,.T.);
#5739=EDGE_CURVE('',#3356,#3362,#974,.T.);
#5768=EDGE_CURVE('',#3349,#3358,#979,.T.);
#5772=EDGE_CURVE('',#3356,#3358,#1047,.T.);
#5789=EDGE_CURVE('',#3351,#3381,#994,.T.);
#5793=EDGE_CURVE('',#3381,#3358,#1002,.T.);
#5881=EDGE_CURVE('',#3381,#3379,#1042,.T.);
#5898=EDGE_CURVE('',#3381,#3362,#1052,.T.);
#5939=EDGE_CURVE('',#3952,#3946,#1069,.T.);
#5942=EDGE_CURVE('',#3948,#3294,#1094,.T.);
#5961=EDGE_CURVE('',#3944,#3962,#1065,.T.);
#5982=EDGE_CURVE('',#3959,#3942,#1086,.T.);
#6041=EDGE_CURVE('',#3652,#4040,#1098,.T.);
#6043=EDGE_CURVE('',#3652,#3730,#3270,.T.);
#6045=EDGE_CURVE('',#3728,#3730,#1102,.T.);
#6047=EDGE_CURVE('',#4038,#3728,#1106,.T.);
#6058=EDGE_CURVE('',#4027,#3660,#1122,.T.);
#6060=EDGE_CURVE('',#3659,#3660,#1110,.T.);
#6062=EDGE_CURVE('',#3659,#3647,#3262,.T.);
#6064=EDGE_CURVE('',#3647,#3648,#3254,.T.);
#6066=EDGE_CURVE('',#3648,#3650,#3238,.T.);
#6068=EDGE_CURVE('',#3652,#3650,#1114,.T.);
#6072=EDGE_CURVE('',#4035,#3654,#3194,.T.);
#6074=EDGE_CURVE('',#3654,#3643,#1291,.T.);
#6076=EDGE_CURVE('',#3643,#3644,#3181,.T.);
#6078=EDGE_CURVE('',#3644,#3656,#1179,.T.);
#6080=EDGE_CURVE('',#3656,#4032,#1130,.T.);
#6091=EDGE_CURVE('',#4028,#3670,#1126,.T.);
#6093=EDGE_CURVE('',#3670,#3668,#3218,.T.);
#6095=EDGE_CURVE('',#3660,#3668,#1118,.T.);
#6107=EDGE_CURVE('',#4030,#3672,#1139,.T.);
#6109=EDGE_CURVE('',#3672,#3670,#3222,.T.);
#6122=EDGE_CURVE('',#3674,#3656,#1135,.T.);
#6124=EDGE_CURVE('',#3674,#3672,#3226,.T.);
#6135=EDGE_CURVE('',#3678,#3656,#1144,.T.);
#6137=EDGE_CURVE('',#3677,#3678,#1148,.T.);
#6139=EDGE_CURVE('',#3654,#3677,#1153,.T.);
#6141=EDGE_CURVE('',#3654,#3680,#3190,.T.);
#6143=EDGE_CURVE('',#3674,#3680,#1157,.T.);
#6156=EDGE_CURVE('',#3702,#3704,#1166,.T.);
#6158=EDGE_CURVE('',#3682,#3702,#1171,.T.);
#6160=EDGE_CURVE('',#3678,#3682,#1175,.T.);
#6164=EDGE_CURVE('',#3635,#3644,#1184,.T.);
#6166=EDGE_CURVE('',#3640,#3635,#1188,.T.);
#6168=EDGE_CURVE('',#3688,#3640,#1193,.T.);
#6170=EDGE_CURVE('',#3687,#3688,#1198,.T.);
#6172=EDGE_CURVE('',#3690,#3687,#1202,.T.);
#6174=EDGE_CURVE('',#3694,#3690,#1207,.T.);
#6176=EDGE_CURVE('',#3693,#3694,#1212,.T.);
#6178=EDGE_CURVE('',#3696,#3693,#1216,.T.);
#6180=EDGE_CURVE('',#3698,#3696,#1220,.T.);
#6182=EDGE_CURVE('',#3700,#3698,#1224,.T.);
#6184=EDGE_CURVE('',#4050,#3700,#1229,.T.);
#6186=EDGE_CURVE('',#4043,#4050,#1413,.T.);
#6196=EDGE_CURVE('',#3682,#3684,#1233,.T.);
#6201=EDGE_CURVE('',#3711,#3712,#1305,.T.);
#6203=EDGE_CURVE('',#3712,#3684,#1300,.T.);
#6213=EDGE_CURVE('',#3684,#3677,#1295,.T.);
#6227=EDGE_CURVE('',#4047,#4052,#1421,.T.);
#6229=EDGE_CURVE('',#3716,#4052,#1242,.T.);
#6231=EDGE_CURVE('',#3715,#3716,#1246,.T.);
#6233=EDGE_CURVE('',#3718,#3715,#1250,.T.);
#6235=EDGE_CURVE('',#3720,#3718,#1254,.T.);
#6237=EDGE_CURVE('',#3724,#3720,#1259,.T.);
#6239=EDGE_CURVE('',#3723,#3724,#1264,.T.);
#6241=EDGE_CURVE('',#3708,#3723,#1268,.T.);
#6243=EDGE_CURVE('',#3707,#3708,#1273,.T.);
#6245=EDGE_CURVE('',#3638,#3707,#1278,.T.);
#6247=EDGE_CURVE('',#3636,#3638,#1282,.T.);
#6249=EDGE_CURVE('',#3643,#3636,#1287,.T.);
#6265=EDGE_CURVE('',#4099,#4106,#1349,.T.);
#6267=EDGE_CURVE('',#4106,#4108,#1353,.T.);
#6269=EDGE_CURVE('',#4104,#4108,#1357,.T.);
#6272=EDGE_CURVE('',#4015,#4022,#1365,.T.);
#6274=EDGE_CURVE('',#4022,#4024,#1369,.T.);
#6276=EDGE_CURVE('',#4019,#4024,#1373,.T.);
#6279=EDGE_CURVE('',#3280,#3282,#1381,.T.);
#6281=EDGE_CURVE('',#3284,#3280,#1385,.T.);
#6283=EDGE_CURVE('',#3286,#3284,#1389,.T.);
#6286=EDGE_CURVE('',#4071,#4078,#1397,.T.);
#6288=EDGE_CURVE('',#4078,#4080,#1401,.T.);
#6290=EDGE_CURVE('',#4076,#4080,#1405,.T.);
#6294=EDGE_CURVE('',#4050,#4052,#1417,.T.);
#6300=EDGE_CURVE('',#3975,#3976,#1313,.T.);
#6302=EDGE_CURVE('',#3978,#3976,#1318,.T.);
#6304=EDGE_CURVE('',#3978,#3980,#1322,.T.);
#6306=EDGE_CURVE('',#3982,#3980,#1327,.T.);
#6308=EDGE_CURVE('',#3982,#3984,#1331,.T.);
#6310=EDGE_CURVE('',#3986,#3984,#1336,.T.);
#6312=EDGE_CURVE('',#3986,#3988,#1340,.T.);
#6314=EDGE_CURVE('',#3975,#3988,#1345,.T.);
#6324=EDGE_CURVE('',#3990,#3995,#1429,.T.);
#6326=EDGE_CURVE('',#3416,#3995,#1433,.T.);
#6328=EDGE_CURVE('',#3416,#3976,#1571,.T.);
#6331=EDGE_CURVE('',#3975,#3405,#1515,.T.);
#6333=EDGE_CURVE('',#3990,#3405,#1437,.T.);
#6351=EDGE_CURVE('',#3990,#3420,#1447,.T.);
#6353=EDGE_CURVE('',#3420,#3421,#1655,.T.);
#6355=EDGE_CURVE('',#3421,#3995,#1620,.T.);
#6372=EDGE_CURVE('',#3996,#3991,#1559,.T.);
#6374=EDGE_CURVE('',#3996,#3424,#1643,.T.);
#6376=EDGE_CURVE('',#3424,#3425,#1615,.T.);
#6378=EDGE_CURVE('',#3425,#3991,#1580,.T.);
#6395=EDGE_CURVE('',#3992,#3993,#1539,.T.);
#6397=EDGE_CURVE('',#3992,#3428,#1603,.T.);
#6399=EDGE_CURVE('',#3428,#3429,#2137,.T.);
#6401=EDGE_CURVE('',#3429,#3993,#2120,.T.);
#6418=EDGE_CURVE('',#3994,#3989,#1519,.T.);
#6420=EDGE_CURVE('',#3994,#3432,#2125,.T.);
#6422=EDGE_CURVE('',#3432,#3433,#2115,.T.);
#6424=EDGE_CURVE('',#3433,#3989,#1442,.T.);
#6441=EDGE_CURVE('',#3989,#3990,#1457,.T.);
#6444=EDGE_CURVE('',#3433,#3434,#2111,.T.);
#6446=EDGE_CURVE('',#3434,#3435,#2103,.T.);
#6448=EDGE_CURVE('',#3435,#3420,#1647,.T.);
#6468=EDGE_CURVE('',#3404,#3405,#1462,.T.);
#6470=EDGE_CURVE('',#3404,#3989,#1523,.T.);
#6487=EDGE_CURVE('',#3991,#3992,#1472,.T.);
#6489=EDGE_CURVE('',#3992,#3413,#1547,.T.);
#6491=EDGE_CURVE('',#3412,#3413,#1477,.T.);
#6493=EDGE_CURVE('',#3412,#3991,#1563,.T.);
#6510=EDGE_CURVE('',#3993,#3994,#1487,.T.);
#6512=EDGE_CURVE('',#3994,#3409,#1527,.T.);
#6514=EDGE_CURVE('',#3408,#3409,#1492,.T.);
#6516=EDGE_CURVE('',#3408,#3993,#1543,.T.);
#6533=EDGE_CURVE('',#3995,#3996,#1502,.T.);
#6535=EDGE_CURVE('',#3996,#3417,#1567,.T.);
#6537=EDGE_CURVE('',#3416,#3417,#1507,.T.);
#6556=EDGE_CURVE('',#3404,#3988,#1511,.T.);
#6579=EDGE_CURVE('',#3986,#3409,#1535,.T.);
#6598=EDGE_CURVE('',#3408,#3984,#1531,.T.);
#6621=EDGE_CURVE('',#3982,#3413,#1555,.T.);
#6640=EDGE_CURVE('',#3412,#3980,#1551,.T.);
#6663=EDGE_CURVE('',#3978,#3417,#1575,.T.);
#6702=EDGE_CURVE('',#3425,#3479,#1611,.T.);
#6704=EDGE_CURVE('',#3460,#3479,#1598,.T.);
#6706=EDGE_CURVE('',#3460,#3428,#2129,.T.);
#6724=EDGE_CURVE('',#3481,#3424,#1607,.T.);
#6726=EDGE_CURVE('',#3481,#3479,#2029,.T.);
#6747=EDGE_CURVE('',#3421,#3482,#1651,.T.);
#6749=EDGE_CURVE('',#3481,#3482,#1638,.T.);
#6769=EDGE_CURVE('',#3435,#3482,#1672,.T.);
#6788=EDGE_CURVE('',#3446,#3439,#1659,.T.);
#6790=EDGE_CURVE('',#3446,#3483,#1783,.T.);
#6792=EDGE_CURVE('',#3483,#3466,#1800,.T.);
#6794=EDGE_CURVE('',#3474,#3466,#1663,.T.);
#6796=EDGE_CURVE('',#3482,#3474,#1668,.T.);
#6799=EDGE_CURVE('',#3439,#3435,#1677,.T.);
#6816=EDGE_CURVE('',#3449,#3447,#1702,.T.);
#6818=EDGE_CURVE('',#3446,#3447,#1682,.T.);
#6821=EDGE_CURVE('',#3437,#3439,#1687,.T.);
#6823=EDGE_CURVE('',#3437,#3441,#2076,.T.);
#6825=EDGE_CURVE('',#3441,#3449,#2072,.T.);
#6842=EDGE_CURVE('',#3456,#3462,#1691,.T.);
#6844=EDGE_CURVE('',#3456,#3454,#1766,.T.);
#6846=EDGE_CURVE('',#3447,#3454,#1698,.T.);
#6849=EDGE_CURVE('',#3449,#3458,#2067,.T.);
#6851=EDGE_CURVE('',#3460,#3458,#1706,.T.);
#6853=EDGE_CURVE('',#3460,#3462,#2011,.T.);
#6871=EDGE_CURVE('',#3456,#3466,#1721,.T.);
#6874=EDGE_CURVE('',#3462,#3470,#2016,.T.);
#6876=EDGE_CURVE('',#3470,#3472,#2020,.T.);
#6878=EDGE_CURVE('',#3472,#3474,#2039,.T.);
#6882=EDGE_CURVE('',#3478,#3477,#1711,.T.);
#6884=EDGE_CURVE('',#3477,#3478,#1716,.T.);
#6925=EDGE_CURVE('',#3532,#3477,#1726,.T.);
#6927=EDGE_CURVE('',#3532,#3531,#1736,.T.);
#6929=EDGE_CURVE('',#3478,#3531,#1731,.T.);
#6972=EDGE_CURVE('',#3531,#3532,#1741,.T.);
#7008=EDGE_CURVE('',#3456,#3464,#1746,.T.);
#7011=EDGE_CURVE('',#3466,#3468,#1793,.T.);
#7013=EDGE_CURVE('',#3464,#3468,#1751,.T.);
#7050=EDGE_CURVE('',#3454,#3455,#1759,.T.);
#7054=EDGE_CURVE('',#3464,#3455,#1828,.T.);
#7091=EDGE_CURVE('',#3447,#3451,#1771,.T.);
#7095=EDGE_CURVE('',#3455,#3451,#1840,.T.);
#7112=EDGE_CURVE('',#3453,#3446,#1788,.T.);
#7116=EDGE_CURVE('',#3453,#3451,#1776,.T.);
#7153=EDGE_CURVE('',#3484,#3483,#1808,.T.);
#7157=EDGE_CURVE('',#3453,#3484,#1834,.T.);
#7197=EDGE_CURVE('',#3468,#3484,#1814,.T.);
#7214=EDGE_CURVE('',#3488,#3484,#1818,.T.);
#7216=EDGE_CURVE('',#3488,#3504,#1870,.T.);
#7218=EDGE_CURVE('',#3504,#3490,#1865,.T.);
#7220=EDGE_CURVE('',#3455,#3490,#1822,.T.);
#7241=EDGE_CURVE('',#3490,#3487,#1850,.T.);
#7243=EDGE_CURVE('',#3487,#3488,#1845,.T.);
#7264=EDGE_CURVE('',#3490,#3493,#1860,.T.);
#7266=EDGE_CURVE('',#3493,#3494,#1885,.T.);
#7268=EDGE_CURVE('',#3494,#3488,#1855,.T.);
#7288=EDGE_CURVE('',#3494,#3493,#1890,.T.);
#7312=EDGE_CURVE('',#3500,#3502,#1875,.T.);
#7314=EDGE_CURVE('',#3500,#3498,#1930,.T.);
#7316=EDGE_CURVE('',#3497,#3498,#1880,.T.);
#7318=EDGE_CURVE('',#3497,#3502,#1915,.T.);
#7335=EDGE_CURVE('',#3507,#3497,#1895,.T.);
#7337=EDGE_CURVE('',#3518,#3507,#1900,.T.);
#7339=EDGE_CURVE('',#3510,#3518,#1905,.T.);
#7341=EDGE_CURVE('',#3500,#3510,#1910,.T.);
#7361=EDGE_CURVE('',#3508,#3510,#1920,.T.);
#7363=EDGE_CURVE('',#3507,#3508,#1925,.T.);
#7383=EDGE_CURVE('',#3516,#3507,#1938,.T.);
#7387=EDGE_CURVE('',#3510,#3512,#1934,.T.);
#7389=EDGE_CURVE('',#3512,#3515,#1968,.T.);
#7391=EDGE_CURVE('',#3515,#3516,#1963,.T.);
#7412=EDGE_CURVE('',#3516,#3520,#1948,.T.);
#7414=EDGE_CURVE('',#3520,#3512,#1943,.T.);
#7431=EDGE_CURVE('',#3516,#3523,#1958,.T.);
#7433=EDGE_CURVE('',#3523,#3524,#1983,.T.);
#7435=EDGE_CURVE('',#3524,#3512,#1953,.T.);
#7455=EDGE_CURVE('',#3524,#3523,#1988,.T.);
#7479=EDGE_CURVE('',#3528,#3527,#1973,.T.);
#7481=EDGE_CURVE('',#3527,#3528,#1978,.T.);
#7498=EDGE_CURVE('',#4112,#4111,#1993,.T.);
#7500=EDGE_CURVE('',#3528,#4112,#1997,.T.);
#7503=EDGE_CURVE('',#4111,#3527,#2001,.T.);
#7520=EDGE_CURVE('',#4111,#4112,#2006,.T.);
#7552=EDGE_CURVE('',#3479,#3470,#2025,.T.);
#7570=EDGE_CURVE('',#3481,#3472,#2034,.T.);
#7609=EDGE_CURVE('',#3443,#3441,#2044,.T.);
#7611=EDGE_CURVE('',#3458,#3443,#2062,.T.);
#7632=EDGE_CURVE('',#3434,#3437,#2081,.T.);
#7634=EDGE_CURVE('',#3443,#3434,#2085,.T.);
#7670=EDGE_CURVE('',#3443,#3432,#2107,.T.);
#7692=EDGE_CURVE('',#3429,#3458,#2133,.T.);
#7732=EDGE_CURVE('',#3910,#4100,#2141,.T.);
#7734=EDGE_CURVE('',#3908,#3910,#2146,.T.);
#7736=EDGE_CURVE('',#3890,#3908,#2151,.T.);
#7738=EDGE_CURVE('',#3890,#3878,#2449,.T.);
#7740=EDGE_CURVE('',#3878,#3856,#2327,.T.);
#7743=EDGE_CURVE('',#3835,#3844,#2160,.T.);
#7745=EDGE_CURVE('',#3840,#3835,#2164,.T.);
#7747=EDGE_CURVE('',#3894,#3840,#2169,.T.);
#7749=EDGE_CURVE('',#3893,#3894,#2174,.T.);
#7751=EDGE_CURVE('',#3896,#3893,#2178,.T.);
#7753=EDGE_CURVE('',#3900,#3896,#2183,.T.);
#7755=EDGE_CURVE('',#3899,#3900,#2188,.T.);
#7757=EDGE_CURVE('',#3902,#3899,#2192,.T.);
#7759=EDGE_CURVE('',#3904,#3902,#2196,.T.);
#7761=EDGE_CURVE('',#3906,#3904,#2200,.T.);
#7763=EDGE_CURVE('',#4106,#3906,#2205,.T.);
#7775=EDGE_CURVE('',#4102,#3914,#2277,.T.);
#7777=EDGE_CURVE('',#3914,#3910,#2457,.T.);
#7790=EDGE_CURVE('',#3918,#4108,#2210,.T.);
#7792=EDGE_CURVE('',#3920,#3918,#2214,.T.);
#7794=EDGE_CURVE('',#3922,#3920,#2218,.T.);
#7796=EDGE_CURVE('',#3924,#3922,#2222,.T.);
#7798=EDGE_CURVE('',#3928,#3924,#2227,.T.);
#7800=EDGE_CURVE('',#3926,#3928,#2232,.T.);
#7802=EDGE_CURVE('',#3930,#3926,#2236,.T.);
#7804=EDGE_CURVE('',#3932,#3930,#2241,.T.);
#7806=EDGE_CURVE('',#3838,#3932,#2246,.T.);
#7808=EDGE_CURVE('',#3836,#3838,#2250,.T.);
#7810=EDGE_CURVE('',#3843,#3836,#2255,.T.);
#7813=EDGE_CURVE('',#3854,#3880,#2318,.T.);
#7815=EDGE_CURVE('',#3912,#3880,#2263,.T.);
#7817=EDGE_CURVE('',#3916,#3912,#2268,.T.);
#7819=EDGE_CURVE('',#3914,#3916,#2273,.T.);
#7832=EDGE_CURVE('',#3918,#3906,#2281,.T.);
#7845=EDGE_CURVE('',#3904,#3920,#2285,.T.);
#7858=EDGE_CURVE('',#3902,#3922,#2289,.T.);
#7871=EDGE_CURVE('',#3899,#3924,#2293,.T.);
#7885=EDGE_CURVE('',#3926,#3896,#2297,.T.);
#7899=EDGE_CURVE('',#3893,#3930,#2301,.T.);
#7913=EDGE_CURVE('',#3838,#3840,#2305,.T.);
#7926=EDGE_CURVE('',#3835,#3836,#2313,.T.);
#7951=EDGE_CURVE('',#3854,#3876,#2336,.T.);
#7953=EDGE_CURVE('',#3874,#3876,#2322,.T.);
#7955=EDGE_CURVE('',#3874,#3856,#2441,.T.);
#7958=EDGE_CURVE('',#3880,#3878,#2331,.T.);
#7969=EDGE_CURVE('',#4092,#3882,#2348,.T.);
#7971=EDGE_CURVE('',#3882,#3876,#2420,.T.);
#7984=EDGE_CURVE('',#4094,#3884,#2360,.T.);
#7986=EDGE_CURVE('',#3882,#3884,#2344,.T.);
#7999=EDGE_CURVE('',#3852,#3886,#2364,.T.);
#8001=EDGE_CURVE('',#3884,#3886,#2356,.T.);
#8014=EDGE_CURVE('',#3850,#3888,#2380,.T.);
#8016=EDGE_CURVE('',#3888,#3886,#2424,.T.);
#8027=EDGE_CURVE('',#3864,#3848,#2372,.T.);
#8029=EDGE_CURVE('',#3888,#3864,#2376,.T.);
#8042=EDGE_CURVE('',#3847,#3862,#2388,.T.);
#8044=EDGE_CURVE('',#3862,#3864,#2396,.T.);
#8054=EDGE_CURVE('',#3866,#3862,#2400,.T.);
#8058=EDGE_CURVE('',#3859,#3866,#2428,.T.);
#8071=EDGE_CURVE('',#3868,#3866,#2404,.T.);
#8074=EDGE_CURVE('',#3872,#3870,#2412,.T.);
#8076=EDGE_CURVE('',#3874,#3872,#2416,.T.);
#8104=EDGE_CURVE('',#4086,#3872,#2445,.T.);
#8131=EDGE_CURVE('',#3890,#3912,#2453,.T.);
#8157=EDGE_CURVE('',#3604,#4016,#2461,.T.);
#8159=EDGE_CURVE('',#3602,#3604,#2466,.T.);
#8161=EDGE_CURVE('',#3582,#3602,#2471,.T.);
#8163=EDGE_CURVE('',#3578,#3582,#2475,.T.);
#8165=EDGE_CURVE('',#3578,#3556,#2675,.T.);
#8167=EDGE_CURVE('',#3544,#3556,#2479,.T.);
#8169=EDGE_CURVE('',#3535,#3544,#2484,.T.);
#8171=EDGE_CURVE('',#3540,#3535,#2488,.T.);
#8173=EDGE_CURVE('',#3588,#3540,#2493,.T.);
#8175=EDGE_CURVE('',#3587,#3588,#2498,.T.);
#8177=EDGE_CURVE('',#3590,#3587,#2502,.T.);
#8179=EDGE_CURVE('',#3594,#3590,#2507,.T.);
#8181=EDGE_CURVE('',#3593,#3594,#2512,.T.);
#8183=EDGE_CURVE('',#3596,#3593,#2516,.T.);
#8185=EDGE_CURVE('',#3598,#3596,#2520,.T.);
#8187=EDGE_CURVE('',#3600,#3598,#2524,.T.);
#8189=EDGE_CURVE('',#4022,#3600,#2529,.T.);
#8201=EDGE_CURVE('',#4020,#3611,#2601,.T.);
#8203=EDGE_CURVE('',#3611,#3604,#2696,.T.);
#8216=EDGE_CURVE('',#3616,#4024,#2534,.T.);
#8218=EDGE_CURVE('',#3615,#3616,#2538,.T.);
#8220=EDGE_CURVE('',#3618,#3615,#2542,.T.);
#8222=EDGE_CURVE('',#3620,#3618,#2546,.T.);
#8224=EDGE_CURVE('',#3624,#3620,#2551,.T.);
#8226=EDGE_CURVE('',#3623,#3624,#2556,.T.);
#8228=EDGE_CURVE('',#3608,#3623,#2560,.T.);
#8230=EDGE_CURVE('',#3607,#3608,#2565,.T.);
#8232=EDGE_CURVE('',#3538,#3607,#2570,.T.);
#8234=EDGE_CURVE('',#3536,#3538,#2574,.T.);
#8236=EDGE_CURVE('',#3543,#3536,#2579,.T.);
#8238=EDGE_CURVE('',#3554,#3543,#2583,.T.);
#8240=EDGE_CURVE('',#3554,#3577,#2684,.T.);
#8242=EDGE_CURVE('',#3584,#3577,#2587,.T.);
#8244=EDGE_CURVE('',#3612,#3584,#2592,.T.);
#8246=EDGE_CURVE('',#3611,#3612,#2597,.T.);
#8259=EDGE_CURVE('',#3616,#3600,#2605,.T.);
#8272=EDGE_CURVE('',#3598,#3615,#2609,.T.);
#8285=EDGE_CURVE('',#3596,#3618,#2613,.T.);
#8298=EDGE_CURVE('',#3593,#3620,#2617,.T.);
#8312=EDGE_CURVE('',#3623,#3590,#2621,.T.);
#8326=EDGE_CURVE('',#3587,#3608,#2625,.T.);
#8340=EDGE_CURVE('',#3538,#3540,#2629,.T.);
#8353=EDGE_CURVE('',#3535,#3536,#2637,.T.);
#8366=EDGE_CURVE('',#3543,#3544,#2633,.T.);
#8379=EDGE_CURVE('',#3999,#3560,#2653,.T.);
#8381=EDGE_CURVE('',#3559,#3560,#2641,.T.);
#8383=EDGE_CURVE('',#3559,#3547,#2757,.T.);
#8385=EDGE_CURVE('',#3547,#3548,#2749,.T.);
#8387=EDGE_CURVE('',#3548,#3550,#2733,.T.);
#8389=EDGE_CURVE('',#3552,#3550,#2645,.T.);
#8391=EDGE_CURVE('',#3552,#4012,#2717,.T.);
#8394=EDGE_CURVE('',#4007,#3554,#2705,.T.);
#8399=EDGE_CURVE('',#3556,#4004,#2661,.T.);
#8410=EDGE_CURVE('',#4000,#3570,#2657,.T.);
#8412=EDGE_CURVE('',#3570,#3568,#2773,.T.);
#8414=EDGE_CURVE('',#3560,#3568,#2649,.T.);
#8426=EDGE_CURVE('',#4002,#3572,#2670,.T.);
#8428=EDGE_CURVE('',#3572,#3570,#2777,.T.);
#8441=EDGE_CURVE('',#3574,#3556,#2666,.T.);
#8443=EDGE_CURVE('',#3574,#3572,#2781,.T.);
#8455=EDGE_CURVE('',#3577,#3578,#2679,.T.);
#8458=EDGE_CURVE('',#3554,#3580,#2701,.T.);
#8460=EDGE_CURVE('',#3574,#3580,#2688,.T.);
#8474=EDGE_CURVE('',#3582,#3584,#2692,.T.);
#8499=EDGE_CURVE('',#4008,#3626,#2713,.T.);
#8501=EDGE_CURVE('',#3626,#3580,#2785,.T.);
#8514=EDGE_CURVE('',#4010,#3628,#2725,.T.);
#8516=EDGE_CURVE('',#3626,#3628,#2709,.T.);
#8529=EDGE_CURVE('',#3552,#3630,#2729,.T.);
#8531=EDGE_CURVE('',#3628,#3630,#2721,.T.);
#8544=EDGE_CURVE('',#3550,#3632,#2745,.T.);
#8546=EDGE_CURVE('',#3632,#3630,#2789,.T.);
#8557=EDGE_CURVE('',#3564,#3548,#2737,.T.);
#8559=EDGE_CURVE('',#3632,#3564,#2741,.T.);
#8572=EDGE_CURVE('',#3547,#3562,#2753,.T.);
#8574=EDGE_CURVE('',#3562,#3564,#2761,.T.);
#8584=EDGE_CURVE('',#3566,#3562,#2765,.T.);
#8588=EDGE_CURVE('',#3559,#3566,#2793,.T.);
#8601=EDGE_CURVE('',#3568,#3566,#2769,.T.);
#8633=EDGE_CURVE('',#3273,#3280,#2801,.T.);
#8646=EDGE_CURVE('',#3278,#3284,#2809,.T.);
#8670=EDGE_CURVE('',#3768,#4072,#2817,.T.);
#8672=EDGE_CURVE('',#3766,#3768,#2822,.T.);
#8674=EDGE_CURVE('',#3743,#3766,#2827,.T.);
#8676=EDGE_CURVE('',#3743,#3744,#3141,.T.);
#8678=EDGE_CURVE('',#3744,#3746,#3036,.T.);
#8680=EDGE_CURVE('',#3746,#3748,#2997,.T.);
#8682=EDGE_CURVE('',#3736,#3748,#2832,.T.);
#8684=EDGE_CURVE('',#3735,#3736,#2836,.T.);
#8686=EDGE_CURVE('',#3752,#3735,#2841,.T.);
#8688=EDGE_CURVE('',#3751,#3752,#2846,.T.);
#8690=EDGE_CURVE('',#3754,#3751,#2850,.T.);
#8692=EDGE_CURVE('',#3758,#3754,#2855,.T.);
#8694=EDGE_CURVE('',#3757,#3758,#2860,.T.);
#8696=EDGE_CURVE('',#3760,#3757,#2864,.T.);
#8698=EDGE_CURVE('',#3762,#3760,#2868,.T.);
#8700=EDGE_CURVE('',#3764,#3762,#2872,.T.);
#8702=EDGE_CURVE('',#4078,#3764,#2877,.T.);
#8714=EDGE_CURVE('',#4074,#3774,#2945,.T.);
#8716=EDGE_CURVE('',#3774,#3768,#3149,.T.);
#8729=EDGE_CURVE('',#3778,#4080,#2882,.T.);
#8731=EDGE_CURVE('',#3780,#3778,#2886,.T.);
#8733=EDGE_CURVE('',#3782,#3780,#2890,.T.);
#8735=EDGE_CURVE('',#3784,#3782,#2894,.T.);
#8737=EDGE_CURVE('',#3788,#3784,#2899,.T.);
#8739=EDGE_CURVE('',#3786,#3788,#2904,.T.);
#8741=EDGE_CURVE('',#3790,#3786,#2908,.T.);
#8743=EDGE_CURVE('',#3792,#3790,#2913,.T.);
#8745=EDGE_CURVE('',#3740,#3792,#2918,.T.);
#8747=EDGE_CURVE('',#3738,#3740,#2922,.T.);
#8749=EDGE_CURVE('',#3794,#3738,#2927,.T.);
#8751=EDGE_CURVE('',#3794,#3796,#2993,.T.);
#8753=EDGE_CURVE('',#3796,#3772,#3027,.T.);
#8755=EDGE_CURVE('',#3770,#3772,#2931,.T.);
#8757=EDGE_CURVE('',#3776,#3770,#2936,.T.);
#8759=EDGE_CURVE('',#3774,#3776,#2941,.T.);
#8772=EDGE_CURVE('',#3778,#3764,#2949,.T.);
#8785=EDGE_CURVE('',#3762,#3780,#2953,.T.);
#8798=EDGE_CURVE('',#3760,#3782,#2957,.T.);
#8811=EDGE_CURVE('',#3757,#3784,#2961,.T.);
#8825=EDGE_CURVE('',#3786,#3754,#2965,.T.);
#8839=EDGE_CURVE('',#3751,#3790,#2969,.T.);
#8853=EDGE_CURVE('',#3740,#3735,#2973,.T.);
#8867=EDGE_CURVE('',#3736,#3738,#2981,.T.);
#8878=EDGE_CURVE('',#3794,#3748,#2977,.T.);
#8892=EDGE_CURVE('',#4055,#3808,#3005,.T.);
#8894=EDGE_CURVE('',#3807,#3808,#2985,.T.);
#8896=EDGE_CURVE('',#3807,#3799,#3101,.T.);
#8898=EDGE_CURVE('',#3799,#3800,#3093,.T.);
#8900=EDGE_CURVE('',#3800,#3802,#3077,.T.);
#8902=EDGE_CURVE('',#3804,#3802,#2989,.T.);
#8904=EDGE_CURVE('',#3804,#4068,#3061,.T.);
#8907=EDGE_CURVE('',#4063,#3796,#3049,.T.);
#8912=EDGE_CURVE('',#3746,#4060,#3013,.T.);
#8923=EDGE_CURVE('',#4056,#3818,#3009,.T.);
#8925=EDGE_CURVE('',#3818,#3816,#3117,.T.);
#8927=EDGE_CURVE('',#3808,#3816,#3001,.T.);
#8939=EDGE_CURVE('',#4058,#3820,#3022,.T.);
#8941=EDGE_CURVE('',#3820,#3818,#3121,.T.);
#8954=EDGE_CURVE('',#3822,#3746,#3018,.T.);
#8956=EDGE_CURVE('',#3822,#3820,#3125,.T.);
#8968=EDGE_CURVE('',#3796,#3824,#3045,.T.);
#8970=EDGE_CURVE('',#3822,#3824,#3031,.T.);
#8974=EDGE_CURVE('',#3772,#3744,#3040,.T.);
#8985=EDGE_CURVE('',#4064,#3826,#3057,.T.);
#8987=EDGE_CURVE('',#3826,#3824,#3129,.T.);
#9000=EDGE_CURVE('',#4066,#3828,#3069,.T.);
#9002=EDGE_CURVE('',#3826,#3828,#3053,.T.);
#9015=EDGE_CURVE('',#3804,#3830,#3073,.T.);
#9017=EDGE_CURVE('',#3828,#3830,#3065,.T.);
#9030=EDGE_CURVE('',#3802,#3832,#3089,.T.);
#9032=EDGE_CURVE('',#3832,#3830,#3133,.T.);
#9043=EDGE_CURVE('',#3812,#3800,#3081,.T.);
#9045=EDGE_CURVE('',#3832,#3812,#3085,.T.);
#9058=EDGE_CURVE('',#3799,#3810,#3097,.T.);
#9060=EDGE_CURVE('',#3810,#3812,#3105,.T.);
#9070=EDGE_CURVE('',#3814,#3810,#3109,.T.);
#9074=EDGE_CURVE('',#3807,#3814,#3137,.T.);
#9087=EDGE_CURVE('',#3816,#3814,#3113,.T.);
#9119=EDGE_CURVE('',#3743,#3770,#3145,.T.);
#9146=EDGE_CURVE('',#3716,#3700,#3153,.T.);
#9159=EDGE_CURVE('',#3698,#3715,#3157,.T.);
#9172=EDGE_CURVE('',#3696,#3718,#3161,.T.);
#9185=EDGE_CURVE('',#3693,#3720,#3165,.T.);
#9199=EDGE_CURVE('',#3723,#3690,#3169,.T.);
#9213=EDGE_CURVE('',#3687,#3708,#3173,.T.);
#9227=EDGE_CURVE('',#3638,#3640,#3177,.T.);
#9240=EDGE_CURVE('',#3635,#3636,#3185,.T.);
#9265=EDGE_CURVE('',#4036,#3726,#3202,.T.);
#9267=EDGE_CURVE('',#3726,#3680,#3230,.T.);
#9281=EDGE_CURVE('',#3726,#3728,#3198,.T.);
#9292=EDGE_CURVE('',#3732,#3664,#3246,.T.);
#9294=EDGE_CURVE('',#3662,#3664,#3206,.T.);
#9296=EDGE_CURVE('',#3666,#3662,#3210,.T.);
#9298=EDGE_CURVE('',#3668,#3666,#3214,.T.);
#9307=EDGE_CURVE('',#3732,#3730,#3234,.T.);
#9318=EDGE_CURVE('',#3664,#3648,#3242,.T.);
#9321=EDGE_CURVE('',#3650,#3732,#3250,.T.);
#9333=EDGE_CURVE('',#3647,#3662,#3258,.T.);
#9347=EDGE_CURVE('',#3659,#3666,#3266,.T.);
#9381=B_SPLINE_CURVE_WITH_KNOTS('',3,(#9377,#9378,#9379,#9380),.UNSPECIFIED.,
.F.,.F.,(4,4),(0.E0,1.E0),.UNSPECIFIED.);
#9390=CIRCLE('',#9389,5.08E-1);
#9400=B_SPLINE_CURVE_WITH_KNOTS('',3,(#9391,#9392,#9393,#9394,#9395,#9396,#9397,
#9398,#9399),.UNSPECIFIED.,.F.,.F.,(4,1,1,1,1,1,4),(0.E0,1.25E-1,2.5E-1,5.E-1,
7.5E-1,8.75E-1,1.E0),.UNSPECIFIED.);
#9438=B_SPLINE_CURVE_WITH_KNOTS('',3,(#9433,#9434,#9435,#9436,#9437),
.UNSPECIFIED.,.F.,.F.,(4,1,4),(0.E0,5.E-1,1.E0),.UNSPECIFIED.);
#9457=B_SPLINE_CURVE_WITH_KNOTS('',3,(#9439,#9440,#9441,#9442,#9443,#9444,#9445,
#9446,#9447,#9448,#9449,#9450,#9451,#9452,#9453,#9454,#9455,#9456),
.UNSPECIFIED.,.F.,.F.,(4,1,1,1,1,1,1,1,1,1,1,1,1,1,1,4),(0.E0,6.666666666667E-2,
1.333333333333E-1,2.E-1,2.666666666667E-1,3.333333333333E-1,4.E-1,
4.666666666667E-1,5.333333333333E-1,6.E-1,6.666666666667E-1,7.333333333333E-1,
8.E-1,8.666666666667E-1,9.333333333333E-1,1.E0),.UNSPECIFIED.);
#9462=CIRCLE('',#9461,1.5E-1);
#9476=B_SPLINE_CURVE_WITH_KNOTS('',3,(#9467,#9468,#9469,#9470,#9471,#9472,#9473,
#9474,#9475),.UNSPECIFIED.,.F.,.F.,(4,1,1,1,1,1,4),(0.E0,1.666666666667E-1,
3.333333333333E-1,5.E-1,6.666666666667E-1,8.333333333333E-1,1.E0),
.UNSPECIFIED.);
#9489=B_SPLINE_CURVE_WITH_KNOTS('',3,(#9477,#9478,#9479,#9480,#9481,#9482,#9483,
#9484,#9485,#9486,#9487,#9488),.UNSPECIFIED.,.F.,.F.,(4,1,1,1,1,1,1,1,1,4),
(0.E0,1.111111111111E-1,2.222222222222E-1,3.333333333333E-1,4.444444444444E-1,
5.555555555556E-1,6.666666666667E-1,7.777777777778E-1,8.888888888889E-1,1.E0),
.UNSPECIFIED.);
#9494=CIRCLE('',#9493,2.5E-1);
#9501=B_SPLINE_CURVE_WITH_KNOTS('',3,(#9495,#9496,#9497,#9498,#9499,#9500),
.UNSPECIFIED.,.F.,.F.,(4,1,1,4),(0.E0,3.333333333333E-1,6.666666666667E-1,1.E0),
.UNSPECIFIED.);
#9507=B_SPLINE_CURVE_WITH_KNOTS('',3,(#9502,#9503,#9504,#9505,#9506),
.UNSPECIFIED.,.F.,.F.,(4,1,4),(0.E0,5.E-1,1.E0),.UNSPECIFIED.);
#9519=B_SPLINE_CURVE_WITH_KNOTS('',3,(#9508,#9509,#9510,#9511,#9512,#9513,#9514,
#9515,#9516,#9517,#9518),.UNSPECIFIED.,.F.,.F.,(4,1,1,1,1,1,1,1,4),(0.E0,
1.25E-1,2.5E-1,3.75E-1,5.E-1,6.25E-1,7.5E-1,8.75E-1,1.E0),.UNSPECIFIED.);
#9544=B_SPLINE_CURVE_WITH_KNOTS('',3,(#9520,#9521,#9522,#9523,#9524,#9525,#9526,
#9527,#9528,#9529,#9530,#9531,#9532,#9533,#9534,#9535,#9536,#9537,#9538,#9539,
#9540,#9541,#9542,#9543),.UNSPECIFIED.,.F.,.F.,(4,1,1,1,1,1,1,1,1,1,1,1,1,1,1,1,
1,1,1,1,1,4),(0.E0,4.761904761905E-2,9.523809523810E-2,1.428571428571E-1,
1.904761904762E-1,2.380952380952E-1,2.857142857143E-1,3.333333333333E-1,
3.809523809524E-1,4.285714285714E-1,4.761904761905E-1,5.238095238095E-1,
5.714285714286E-1,6.190476190476E-1,6.666666666667E-1,7.142857142857E-1,
7.619047619048E-1,8.095238095238E-1,8.571428571429E-1,9.047619047619E-1,
9.523809523810E-1,1.E0),.UNSPECIFIED.);
#9549=CIRCLE('',#9548,1.5E-1);
#9555=B_SPLINE_CURVE_WITH_KNOTS('',3,(#9550,#9551,#9552,#9553,#9554),
.UNSPECIFIED.,.F.,.F.,(4,1,4),(0.E0,5.E-1,1.E0),.UNSPECIFIED.);
#9560=CIRCLE('',#9559,2.5E-1);
#9567=B_SPLINE_CURVE_WITH_KNOTS('',3,(#9561,#9562,#9563,#9564,#9565,#9566),
.UNSPECIFIED.,.F.,.F.,(4,1,1,4),(0.E0,2.5E-1,5.E-1,1.E0),.UNSPECIFIED.);
#9580=CIRCLE('',#9579,3.599710823249E-1);
#9590=B_SPLINE_CURVE_WITH_KNOTS('',3,(#9581,#9582,#9583,#9584,#9585,#9586,#9587,
#9588,#9589),.UNSPECIFIED.,.F.,.F.,(4,1,1,1,1,1,4),(0.E0,1.25E-1,2.5E-1,3.75E-1,
5.E-1,7.5E-1,1.E0),.UNSPECIFIED.);
#9607=CIRCLE('',#9606,3.599992396197E-1);
#9629=B_SPLINE_CURVE_WITH_KNOTS('',3,(#9608,#9609,#9610,#9611,#9612,#9613,#9614,
#9615,#9616,#9617,#9618,#9619,#9620,#9621,#9622,#9623,#9624,#9625,#9626,#9627,
#9628),.UNSPECIFIED.,.F.,.F.,(4,1,1,1,1,1,1,1,1,1,1,1,1,1,1,1,1,1,4),(0.E0,
5.555555555556E-2,1.111111111111E-1,1.666666666667E-1,2.222222222222E-1,
2.777777777778E-1,3.333333333333E-1,3.888888888889E-1,4.444444444444E-1,5.E-1,
5.555555555556E-1,6.111111111111E-1,6.666666666667E-1,7.222222222222E-1,
7.777777777778E-1,8.333333333333E-1,8.888888888889E-1,9.444444444444E-1,1.E0),
.UNSPECIFIED.);
#9634=CIRCLE('',#9633,5.1E-1);
#9639=CIRCLE('',#9638,1.5E-1);
#9644=B_SPLINE_CURVE_WITH_KNOTS('',3,(#9640,#9641,#9642,#9643),.UNSPECIFIED.,
.F.,.F.,(4,4),(0.E0,1.E0),.UNSPECIFIED.);
#9669=CIRCLE('',#9668,1.5E-1);
#9693=B_SPLINE_CURVE_WITH_KNOTS('',3,(#9674,#9675,#9676,#9677,#9678,#9679,#9680,
#9681,#9682,#9683,#9684,#9685,#9686,#9687,#9688,#9689,#9690,#9691,#9692),
.UNSPECIFIED.,.F.,.F.,(4,1,1,1,1,1,1,1,1,1,1,1,1,1,1,1,4),(0.E0,6.25E-2,1.25E-1,
1.875E-1,2.5E-1,3.125E-1,3.75E-1,4.375E-1,5.E-1,5.625E-1,6.25E-1,6.875E-1,
7.5E-1,8.125E-1,8.75E-1,9.375E-1,1.E0),.UNSPECIFIED.);
#9698=CIRCLE('',#9697,2.5E-1);
#9703=CIRCLE('',#9702,1.5E-1);
#9708=CIRCLE('',#9707,2.5E-1);
#9713=CIRCLE('',#9712,3.999998981304E-1);
#9737=B_SPLINE_CURVE_WITH_KNOTS('',3,(#9718,#9719,#9720,#9721,#9722,#9723,#9724,
#9725,#9726,#9727,#9728,#9729,#9730,#9731,#9732,#9733,#9734,#9735,#9736),
.UNSPECIFIED.,.F.,.F.,(4,1,1,1,1,1,1,1,1,1,1,1,1,1,1,1,4),(0.E0,6.25E-2,1.25E-1,
1.875E-1,2.5E-1,3.125E-1,3.75E-1,4.375E-1,5.E-1,5.625E-1,6.25E-1,6.875E-1,
7.5E-1,8.125E-1,8.75E-1,9.375E-1,1.E0),.UNSPECIFIED.);
#9742=CIRCLE('',#9741,1.499998915088E-1);
#9758=B_SPLINE_CURVE_WITH_KNOTS('',3,(#9743,#9744,#9745,#9746,#9747,#9748,#9749,
#9750,#9751,#9752,#9753,#9754,#9755,#9756,#9757),.UNSPECIFIED.,.F.,.F.,(4,1,1,1,
1,1,1,1,1,1,1,1,4),(0.E0,8.333333333333E-2,1.666666666667E-1,2.5E-1,
3.333333333333E-1,4.166666666667E-1,5.E-1,5.833333333333E-1,6.666666666667E-1,
7.5E-1,8.333333333333E-1,9.166666666667E-1,1.E0),.UNSPECIFIED.);
#9763=CIRCLE('',#9762,5.08E-1);
#9792=CIRCLE('',#9791,5.08E-1);
#9867=EDGE_CURVE('',#9830,#9831,#9400,.T.);
#9869=EDGE_CURVE('',#9831,#9816,#9381,.T.);
#9871=EDGE_CURVE('',#9813,#9816,#9428,.T.);
#9873=EDGE_CURVE('',#9817,#9813,#9758,.T.);
#9875=EDGE_CURVE('',#9830,#9817,#9656,.T.);
#9892=EDGE_CURVE('',#9840,#9841,#9385,.T.);
#9894=EDGE_CURVE('',#9829,#9840,#9779,.T.);
#9896=EDGE_CURVE('',#9829,#9831,#9390,.T.);
#9899=EDGE_CURVE('',#9841,#9830,#9404,.T.);
#9916=EDGE_CURVE('',#9836,#9843,#9408,.T.);
#9918=EDGE_CURVE('',#9836,#9837,#9783,.T.);
#9920=EDGE_CURVE('',#9837,#9840,#9775,.T.);
#9923=EDGE_CURVE('',#9849,#9841,#9652,.T.);
#9925=EDGE_CURVE('',#9848,#9849,#9644,.T.);
#9927=EDGE_CURVE('',#9848,#9850,#9629,.T.);
#9929=EDGE_CURVE('',#9850,#9852,#9602,.T.);
#9931=EDGE_CURVE('',#9852,#9853,#9590,.T.);
#9933=EDGE_CURVE('',#9853,#9861,#9575,.T.);
#9935=EDGE_CURVE('',#9854,#9861,#9567,.T.);
#9937=EDGE_CURVE('',#9854,#9855,#9555,.T.);
#9939=EDGE_CURVE('',#9855,#9858,#9489,.T.);
#9941=EDGE_CURVE('',#9858,#9846,#9507,.T.);
#9943=EDGE_CURVE('',#9846,#9847,#9544,.T.);
#9945=EDGE_CURVE('',#9847,#9856,#9501,.T.);
#9947=EDGE_CURVE('',#9856,#9857,#9476,.T.);
#9949=EDGE_CURVE('',#9859,#9857,#9438,.T.);
#9951=EDGE_CURVE('',#9859,#9845,#9420,.T.);
#9953=EDGE_CURVE('',#9843,#9845,#9416,.T.);
#9964=EDGE_CURVE('',#9833,#9843,#9412,.T.);
#9966=EDGE_CURVE('',#9826,#9833,#9771,.T.);
#9968=EDGE_CURVE('',#9826,#9836,#9787,.T.);
#9986=EDGE_CURVE('',#9816,#9845,#9432,.T.);
#9989=EDGE_CURVE('',#9833,#9831,#9763,.T.);
#10008=EDGE_CURVE('',#9859,#9813,#9424,.T.);
#10028=EDGE_CURVE('',#9857,#9809,#9457,.T.);
#10030=EDGE_CURVE('',#9809,#9810,#9462,.T.);
#10032=EDGE_CURVE('',#9810,#9814,#9466,.T.);
#10034=EDGE_CURVE('',#9813,#9814,#9742,.T.);
#10105=EDGE_CURVE('',#9858,#9856,#9519,.T.);
#10108=EDGE_CURVE('',#9855,#9809,#9494,.T.);
#10127=EDGE_CURVE('',#9846,#9847,#9549,.T.);
#10164=EDGE_CURVE('',#9854,#9810,#9560,.T.);
#10184=EDGE_CURVE('',#9861,#9810,#9571,.T.);
#10203=EDGE_CURVE('',#9806,#9853,#9598,.T.);
#10205=EDGE_CURVE('',#9819,#9806,#9673,.T.);
#10207=EDGE_CURVE('',#9819,#9814,#9580,.T.);
#10227=EDGE_CURVE('',#9852,#9803,#9594,.T.);
#10229=EDGE_CURVE('',#9806,#9803,#9708,.T.);
#10248=EDGE_CURVE('',#9850,#9800,#9607,.T.);
#10250=EDGE_CURVE('',#9804,#9800,#9717,.T.);
#10252=EDGE_CURVE('',#9803,#9804,#9713,.T.);
#10271=EDGE_CURVE('',#9848,#9799,#9634,.T.);
#10273=EDGE_CURVE('',#9799,#9800,#9639,.T.);
#10292=EDGE_CURVE('',#9849,#9799,#9648,.T.);
#10313=EDGE_CURVE('',#9823,#9817,#9664,.T.);
#10315=EDGE_CURVE('',#9823,#9799,#9660,.T.);
#10333=EDGE_CURVE('',#9823,#9821,#9693,.T.);
#10336=EDGE_CURVE('',#9817,#9819,#9669,.T.);
#10339=EDGE_CURVE('',#9821,#9806,#9703,.T.);
#10409=EDGE_CURVE('',#9821,#9804,#9698,.T.);
#10411=EDGE_CURVE('',#9823,#9804,#9737,.T.);
#10487=EDGE_CURVE('',#9829,#9827,#9767,.T.);
#10489=EDGE_CURVE('',#9826,#9827,#9792,.T.);
#10508=EDGE_CURVE('',#9837,#9827,#9796,.T.);
#10540=B_SPLINE_CURVE_WITH_KNOTS('',3,(#10535,#10536,#10537,#10538,#10539),
.UNSPECIFIED.,.F.,.F.,(4,1,4),(0.E0,5.E-1,1.E0),.UNSPECIFIED.);
#10549=CIRCLE('',#10548,1.5E-1);
#10558=CIRCLE('',#10557,1.5E-1);
#10577=B_SPLINE_CURVE_WITH_KNOTS('',3,(#10559,#10560,#10561,#10562,#10563,
#10564,#10565,#10566,#10567,#10568,#10569,#10570,#10571,#10572,#10573,#10574,
#10575,#10576),.UNSPECIFIED.,.F.,.F.,(4,1,1,1,1,1,1,1,1,1,1,1,1,1,1,4),(0.E0,
6.666666666667E-2,1.333333333333E-1,2.E-1,2.666666666667E-1,3.333333333333E-1,
4.E-1,4.666666666667E-1,5.333333333333E-1,6.E-1,6.666666666667E-1,
7.333333333333E-1,8.E-1,8.666666666667E-1,9.333333333333E-1,1.E0),
.UNSPECIFIED.);
#10603=B_SPLINE_CURVE_WITH_KNOTS('',3,(#10594,#10595,#10596,#10597,#10598,
#10599,#10600,#10601,#10602),.UNSPECIFIED.,.F.,.F.,(4,1,1,1,1,1,4),(0.E0,
1.25E-1,2.5E-1,5.E-1,7.5E-1,8.75E-1,1.E0),.UNSPECIFIED.);
#10608=CIRCLE('',#10607,5.08E-1);
#10621=B_SPLINE_CURVE_WITH_KNOTS('',3,(#10617,#10618,#10619,#10620),
.UNSPECIFIED.,.F.,.F.,(4,4),(0.E0,1.E0),.UNSPECIFIED.);
#10650=B_SPLINE_CURVE_WITH_KNOTS('',3,(#10626,#10627,#10628,#10629,#10630,
#10631,#10632,#10633,#10634,#10635,#10636,#10637,#10638,#10639,#10640,#10641,
#10642,#10643,#10644,#10645,#10646,#10647,#10648,#10649),.UNSPECIFIED.,.F.,.F.,(
4,1,1,1,1,1,1,1,1,1,1,1,1,1,1,1,1,1,1,1,1,4),(0.E0,4.761904761905E-2,
9.523809523810E-2,1.428571428571E-1,1.904761904762E-1,2.380952380952E-1,
2.857142857143E-1,3.333333333333E-1,3.809523809524E-1,4.285714285714E-1,
4.761904761905E-1,5.238095238095E-1,5.714285714286E-1,6.190476190476E-1,
6.666666666667E-1,7.142857142857E-1,7.619047619048E-1,8.095238095238E-1,
8.571428571429E-1,9.047619047619E-1,9.523809523810E-1,1.E0),.UNSPECIFIED.);
#10655=CIRCLE('',#10654,1.5E-1);
#10660=CIRCLE('',#10659,5.1E-1);
#10666=B_SPLINE_CURVE_WITH_KNOTS('',3,(#10661,#10662,#10663,#10664,#10665),
.UNSPECIFIED.,.F.,.F.,(4,1,4),(0.E0,5.E-1,1.E0),.UNSPECIFIED.);
#10676=B_SPLINE_CURVE_WITH_KNOTS('',3,(#10671,#10672,#10673,#10674,#10675),
.UNSPECIFIED.,.F.,.F.,(4,1,4),(0.E0,5.E-1,1.E0),.UNSPECIFIED.);
#10695=B_SPLINE_CURVE_WITH_KNOTS('',3,(#10677,#10678,#10679,#10680,#10681,
#10682,#10683,#10684,#10685,#10686,#10687,#10688,#10689,#10690,#10691,#10692,
#10693,#10694),.UNSPECIFIED.,.F.,.F.,(4,1,1,1,1,1,1,1,1,1,1,1,1,1,1,4),(0.E0,
6.666666666667E-2,1.333333333333E-1,2.E-1,2.666666666667E-1,3.333333333333E-1,
4.E-1,4.666666666667E-1,5.333333333333E-1,6.E-1,6.666666666667E-1,
7.333333333333E-1,8.E-1,8.666666666667E-1,9.333333333333E-1,1.E0),
.UNSPECIFIED.);
#10701=B_SPLINE_CURVE_WITH_KNOTS('',3,(#10696,#10697,#10698,#10699,#10700),
.UNSPECIFIED.,.F.,.F.,(4,1,4),(0.E0,5.E-1,1.E0),.UNSPECIFIED.);
#10706=CIRCLE('',#10705,2.5E-1);
#10711=CIRCLE('',#10710,1.5E-1);
#10716=CIRCLE('',#10715,2.5E-1);
#10725=B_SPLINE_CURVE_WITH_KNOTS('',3,(#10717,#10718,#10719,#10720,#10721,
#10722,#10723,#10724),.UNSPECIFIED.,.F.,.F.,(4,1,1,1,1,4),(0.E0,1.25E-1,2.5E-1,
5.E-1,7.5E-1,1.E0),.UNSPECIFIED.);
#10738=CIRCLE('',#10737,3.599710823247E-1);
#10744=B_SPLINE_CURVE_WITH_KNOTS('',3,(#10739,#10740,#10741,#10742,#10743),
.UNSPECIFIED.,.F.,.F.,(4,1,4),(0.E0,5.E-1,1.E0),.UNSPECIFIED.);
#10754=B_SPLINE_CURVE_WITH_KNOTS('',3,(#10749,#10750,#10751,#10752,#10753),
.UNSPECIFIED.,.F.,.F.,(4,1,4),(0.E0,5.E-1,1.E0),.UNSPECIFIED.);
#10759=CIRCLE('',#10758,2.5E-1);
#10764=CIRCLE('',#10763,2.5E-1);
#10789=B_SPLINE_CURVE_WITH_KNOTS('',3,(#10765,#10766,#10767,#10768,#10769,
#10770,#10771,#10772,#10773,#10774,#10775,#10776,#10777,#10778,#10779,#10780,
#10781,#10782,#10783,#10784,#10785,#10786,#10787,#10788),.UNSPECIFIED.,.F.,.F.,(
4,1,1,1,1,1,1,1,1,1,1,1,1,1,1,1,1,1,1,1,1,4),(0.E0,4.761904761905E-2,
9.523809523810E-2,1.428571428571E-1,1.904761904762E-1,2.380952380952E-1,
2.857142857143E-1,3.333333333333E-1,3.809523809524E-1,4.285714285714E-1,
4.761904761905E-1,5.238095238095E-1,5.714285714286E-1,6.190476190476E-1,
6.666666666667E-1,7.142857142857E-1,7.619047619048E-1,8.095238095238E-1,
8.571428571429E-1,9.047619047619E-1,9.523809523810E-1,1.E0),.UNSPECIFIED.);
#10794=CIRCLE('',#10793,1.499998915088E-1);
#10822=B_SPLINE_CURVE_WITH_KNOTS('',3,(#10803,#10804,#10805,#10806,#10807,
#10808,#10809,#10810,#10811,#10812,#10813,#10814,#10815,#10816,#10817,#10818,
#10819,#10820,#10821),.UNSPECIFIED.,.F.,.F.,(4,1,1,1,1,1,1,1,1,1,1,1,1,1,1,1,4),
(0.E0,6.25E-2,1.25E-1,1.875E-1,2.5E-1,3.125E-1,3.75E-1,4.375E-1,5.E-1,5.625E-1,
6.25E-1,6.875E-1,7.5E-1,8.125E-1,8.75E-1,9.375E-1,1.E0),.UNSPECIFIED.);
#10838=B_SPLINE_CURVE_WITH_KNOTS('',3,(#10823,#10824,#10825,#10826,#10827,
#10828,#10829,#10830,#10831,#10832,#10833,#10834,#10835,#10836,#10837),
.UNSPECIFIED.,.F.,.F.,(4,1,1,1,1,1,1,1,1,1,1,1,4),(0.E0,8.333333333333E-2,
1.666666666667E-1,2.5E-1,3.333333333333E-1,4.166666666667E-1,5.E-1,
5.833333333333E-1,6.666666666667E-1,7.5E-1,8.333333333333E-1,9.166666666667E-1,
1.E0),.UNSPECIFIED.);
#10843=B_SPLINE_CURVE_WITH_KNOTS('',3,(#10839,#10840,#10841,#10842),
.UNSPECIFIED.,.F.,.F.,(4,4),(0.E0,1.E0),.UNSPECIFIED.);
#10880=CIRCLE('',#10879,5.08E-1);
#10889=CIRCLE('',#10888,5.08E-1);
#10958=EDGE_CURVE('',#10946,#10947,#10540,.T.);
#10960=EDGE_CURVE('',#10946,#10909,#10544,.T.);
#10962=EDGE_CURVE('',#10909,#10911,#10549,.T.);
#10964=EDGE_CURVE('',#10911,#10916,#10553,.T.);
#10966=EDGE_CURVE('',#10916,#10917,#10558,.T.);
#10968=EDGE_CURVE('',#10917,#10947,#10577,.T.);
#10985=EDGE_CURVE('',#10930,#10935,#10581,.T.);
#10987=EDGE_CURVE('',#10930,#10931,#10871,.T.);
#10989=EDGE_CURVE('',#10931,#10937,#10863,.T.);
#10991=EDGE_CURVE('',#10939,#10937,#10859,.T.);
#10993=EDGE_CURVE('',#10946,#10939,#10847,.T.);
#10996=EDGE_CURVE('',#10947,#10948,#10789,.T.);
#10998=EDGE_CURVE('',#10948,#10949,#10754,.T.);
#11000=EDGE_CURVE('',#10949,#10950,#10744,.T.);
#11002=EDGE_CURVE('',#10952,#10950,#10733,.T.);
#11004=EDGE_CURVE('',#10951,#10952,#10725,.T.);
#11006=EDGE_CURVE('',#10951,#10944,#10701,.T.);
#11008=EDGE_CURVE('',#10944,#10943,#10676,.T.);
#11010=EDGE_CURVE('',#10943,#10940,#10666,.T.);
#11012=EDGE_CURVE('',#10940,#10941,#10650,.T.);
#11014=EDGE_CURVE('',#10941,#10942,#10621,.T.);
#11016=EDGE_CURVE('',#10942,#10934,#10612,.T.);
#11018=EDGE_CURVE('',#10934,#10935,#10589,.T.);
#11029=EDGE_CURVE('',#10935,#10923,#10585,.T.);
#11031=EDGE_CURVE('',#10920,#10923,#10897,.T.);
#11033=EDGE_CURVE('',#10920,#10930,#10875,.T.);
#11051=EDGE_CURVE('',#10925,#10934,#10593,.T.);
#11053=EDGE_CURVE('',#10924,#10925,#10603,.T.);
#11055=EDGE_CURVE('',#10924,#10923,#10608,.T.);
#11074=EDGE_CURVE('',#10901,#10942,#10625,.T.);
#11076=EDGE_CURVE('',#10900,#10901,#10670,.T.);
#11078=EDGE_CURVE('',#10903,#10900,#10802,.T.);
#11080=EDGE_CURVE('',#10903,#10925,#10616,.T.);
#11099=EDGE_CURVE('',#10901,#10941,#10660,.T.);
#11118=EDGE_CURVE('',#10940,#10901,#10655,.T.);
#11137=EDGE_CURVE('',#10900,#10943,#10695,.T.);
#11209=EDGE_CURVE('',#10904,#10944,#10716,.T.);
#11211=EDGE_CURVE('',#10900,#10904,#10822,.T.);
#11230=EDGE_CURVE('',#10951,#10908,#10706,.T.);
#11232=EDGE_CURVE('',#10908,#10904,#10711,.T.);
#11251=EDGE_CURVE('',#10952,#10908,#10729,.T.);
#11270=EDGE_CURVE('',#10916,#10950,#10748,.T.);
#11273=EDGE_CURVE('',#10911,#10906,#10738,.T.);
#11275=EDGE_CURVE('',#10908,#10906,#10798,.T.);
#11294=EDGE_CURVE('',#10916,#10949,#10764,.T.);
#11313=EDGE_CURVE('',#10948,#10917,#10759,.T.);
#11402=EDGE_CURVE('',#10903,#10906,#10794,.T.);
#11406=EDGE_CURVE('',#10903,#10909,#10838,.T.);
#11446=EDGE_CURVE('',#10913,#10909,#10855,.T.);
#11448=EDGE_CURVE('',#10913,#10924,#10843,.T.);
#11466=EDGE_CURVE('',#10939,#10913,#10851,.T.);
#11486=EDGE_CURVE('',#10937,#10927,#10867,.T.);
#11488=EDGE_CURVE('',#10924,#10927,#10889,.T.);
#11508=EDGE_CURVE('',#10931,#10921,#10884,.T.);
#11510=EDGE_CURVE('',#10927,#10921,#10893,.T.);
#11530=EDGE_CURVE('',#10920,#10921,#10880,.T.);
#11561=CIRCLE('',#11560,1.143E-1);
#11566=CIRCLE('',#11565,1.143E-1);
#11575=CIRCLE('',#11574,1.143E-1);
#11584=CIRCLE('',#11583,1.143E-1);
#11598=EDGE_CURVE('',#11590,#11592,#11561,.T.);
#11600=EDGE_CURVE('',#11592,#11590,#11566,.T.);
#11618=EDGE_CURVE('',#11592,#11588,#11570,.T.);
#11620=EDGE_CURVE('',#11588,#11587,#11575,.T.);
#11622=EDGE_CURVE('',#11587,#11590,#11579,.T.);
#11634=EDGE_CURVE('',#11587,#11588,#11584,.T.);
#11662=CIRCLE('',#11661,1.143E-1);
#11671=CIRCLE('',#11670,1.143E-1);
#11680=CIRCLE('',#11679,1.143E-1);
#11685=CIRCLE('',#11684,1.143E-1);
#11699=EDGE_CURVE('',#11693,#11692,#11662,.T.);
#11701=EDGE_CURVE('',#11693,#11689,#11666,.T.);
#11703=EDGE_CURVE('',#11689,#11688,#11671,.T.);
#11705=EDGE_CURVE('',#11688,#11692,#11675,.T.);
#11715=EDGE_CURVE('',#11692,#11693,#11680,.T.);
#11735=EDGE_CURVE('',#11688,#11689,#11685,.T.);
#11775=(LENGTH_UNIT()NAMED_UNIT(*)SI_UNIT(.MILLI.,.METRE.));
#11777=(NAMED_UNIT(*)PLANE_ANGLE_UNIT()SI_UNIT($,.RADIAN.));
#11780=(NAMED_UNIT(*)SI_UNIT($,.STERADIAN.)SOLID_ANGLE_UNIT());
#11783=ADVANCED_BREP_SHAPE_REPRESENTATION('',(#11763),#11782);
#11791=PRODUCT_DEFINITION('design','',#11790,#11787);
#11792=PRODUCT_DEFINITION_SHAPE('','SHAPE FOR PRT0001.',#11791);
#11793=SHAPE_DEFINITION_REPRESENTATION(#11792,#11783);
ENDSEC;
END-ISO-10303-21;
