ISO-10303-21;
HEADER;
FILE_DESCRIPTION((''),'2;1');
FILE_NAME('50042853-001_SW0001','2010-02-24T',('E445352'),(''),
'PRO/ENGINEER BY PARAMETRIC TECHNOLOGY CORPORATION, 2008250',
'PRO/ENGINEER BY PARAMETRIC TECHNOLOGY CORPORATION, 2008250','');
FILE_SCHEMA(('CONFIG_CONTROL_DESIGN'));
ENDSEC;
DATA;
#1=DIRECTION('',(-1.E0,0.E0,0.E0));
#2=VECTOR('',#1,9.906E0);
#3=CARTESIAN_POINT('',(3.07848E1,-4.3561E1,0.E0));
#4=LINE('',#3,#2);
#5=DIRECTION('',(0.E0,1.E0,0.E0));
#6=VECTOR('',#5,1.2446E1);
#7=CARTESIAN_POINT('',(2.08788E1,-4.3561E1,0.E0));
#8=LINE('',#7,#6);
#9=DIRECTION('',(1.E0,0.E0,0.E0));
#10=VECTOR('',#9,9.906E0);
#11=CARTESIAN_POINT('',(2.08788E1,-3.1115E1,0.E0));
#12=LINE('',#11,#10);
#13=DIRECTION('',(0.E0,-1.E0,0.E0));
#14=VECTOR('',#13,1.2446E1);
#15=CARTESIAN_POINT('',(3.07848E1,-3.1115E1,0.E0));
#16=LINE('',#15,#14);
#17=DIRECTION('',(-1.E0,0.E0,0.E0));
#18=VECTOR('',#17,8.621730289594E0);
#19=CARTESIAN_POINT('',(3.014446514480E1,-3.3843E1,0.E0));
#20=LINE('',#19,#18);
#21=CARTESIAN_POINT('',(2.163127017315E1,-3.433927017315E1,0.E0));
#22=DIRECTION('',(0.E0,0.E0,-1.E0));
#23=DIRECTION('',(-9.769097896651E-1,2.136522006826E-1,0.E0));
#24=AXIS2_PLACEMENT_3D('',#21,#22,#23);
#26=DIRECTION('',(0.E0,-1.E0,0.E0));
#27=VECTOR('',#26,6.208730289594E0);
#28=CARTESIAN_POINT('',(2.1135E1,-3.423073485520E1,0.E0));
#29=LINE('',#28,#27);
#30=CARTESIAN_POINT('',(2.163127017315E1,-4.033092982685E1,0.E0));
#31=DIRECTION('',(0.E0,0.E0,-1.E0));
#32=DIRECTION('',(-2.136522006826E-1,-9.769097896651E-1,0.E0));
#33=AXIS2_PLACEMENT_3D('',#30,#31,#32);
#35=DIRECTION('',(1.E0,0.E0,0.E0));
#36=VECTOR('',#35,8.621730289594E0);
#37=CARTESIAN_POINT('',(2.152273485520E1,-4.08272E1,0.E0));
#38=LINE('',#37,#36);
#39=CARTESIAN_POINT('',(3.003592982685E1,-4.033092982685E1,0.E0));
#40=DIRECTION('',(0.E0,0.E0,-1.E0));
#41=DIRECTION('',(9.769097896651E-1,-2.136522006825E-1,0.E0));
#42=AXIS2_PLACEMENT_3D('',#39,#40,#41);
#44=DIRECTION('',(0.E0,1.E0,0.E0));
#45=VECTOR('',#44,6.208730289594E0);
#46=CARTESIAN_POINT('',(3.05322E1,-4.043946514480E1,0.E0));
#47=LINE('',#46,#45);
#48=CARTESIAN_POINT('',(3.003592982685E1,-3.433927017315E1,0.E0));
#49=DIRECTION('',(0.E0,0.E0,-1.E0));
#50=DIRECTION('',(2.136522006826E-1,9.769097896651E-1,0.E0));
#51=AXIS2_PLACEMENT_3D('',#48,#49,#50);
#53=CARTESIAN_POINT('',(2.2022E1,-3.1825E1,0.E0));
#54=DIRECTION('',(0.E0,0.E0,1.E0));
#55=DIRECTION('',(0.E0,1.E0,0.E0));
#56=AXIS2_PLACEMENT_3D('',#53,#54,#55);
#58=CARTESIAN_POINT('',(2.2022E1,-3.1825E1,0.E0));
#59=DIRECTION('',(0.E0,0.E0,1.E0));
#60=DIRECTION('',(0.E0,-1.E0,0.E0));
#61=AXIS2_PLACEMENT_3D('',#58,#59,#60);
#63=CARTESIAN_POINT('',(2.2022E1,-4.2851E1,0.E0));
#64=DIRECTION('',(0.E0,0.E0,1.E0));
#65=DIRECTION('',(0.E0,-1.E0,0.E0));
#66=AXIS2_PLACEMENT_3D('',#63,#64,#65);
#68=CARTESIAN_POINT('',(2.2022E1,-4.2851E1,0.E0));
#69=DIRECTION('',(0.E0,0.E0,1.E0));
#70=DIRECTION('',(0.E0,1.E0,0.E0));
#71=AXIS2_PLACEMENT_3D('',#68,#69,#70);
#73=CARTESIAN_POINT('',(2.4562E1,-3.1825E1,0.E0));
#74=DIRECTION('',(0.E0,0.E0,1.E0));
#75=DIRECTION('',(0.E0,1.E0,0.E0));
#76=AXIS2_PLACEMENT_3D('',#73,#74,#75);
#78=CARTESIAN_POINT('',(2.4562E1,-3.1825E1,0.E0));
#79=DIRECTION('',(0.E0,0.E0,1.E0));
#80=DIRECTION('',(0.E0,-1.E0,0.E0));
#81=AXIS2_PLACEMENT_3D('',#78,#79,#80);
#83=CARTESIAN_POINT('',(2.4562E1,-4.2851E1,0.E0));
#84=DIRECTION('',(0.E0,0.E0,1.E0));
#85=DIRECTION('',(0.E0,-1.E0,0.E0));
#86=AXIS2_PLACEMENT_3D('',#83,#84,#85);
#88=CARTESIAN_POINT('',(2.4562E1,-4.2851E1,0.E0));
#89=DIRECTION('',(0.E0,0.E0,1.E0));
#90=DIRECTION('',(0.E0,1.E0,0.E0));
#91=AXIS2_PLACEMENT_3D('',#88,#89,#90);
#93=CARTESIAN_POINT('',(2.7102E1,-3.1825E1,0.E0));
#94=DIRECTION('',(0.E0,0.E0,1.E0));
#95=DIRECTION('',(0.E0,1.E0,0.E0));
#96=AXIS2_PLACEMENT_3D('',#93,#94,#95);
#98=CARTESIAN_POINT('',(2.7102E1,-3.1825E1,0.E0));
#99=DIRECTION('',(0.E0,0.E0,1.E0));
#100=DIRECTION('',(0.E0,-1.E0,0.E0));
#101=AXIS2_PLACEMENT_3D('',#98,#99,#100);
#103=CARTESIAN_POINT('',(2.7102E1,-4.2851E1,0.E0));
#104=DIRECTION('',(0.E0,0.E0,1.E0));
#105=DIRECTION('',(0.E0,-1.E0,0.E0));
#106=AXIS2_PLACEMENT_3D('',#103,#104,#105);
#108=CARTESIAN_POINT('',(2.7102E1,-4.2851E1,0.E0));
#109=DIRECTION('',(0.E0,0.E0,1.E0));
#110=DIRECTION('',(0.E0,1.E0,0.E0));
#111=AXIS2_PLACEMENT_3D('',#108,#109,#110);
#113=CARTESIAN_POINT('',(2.9642E1,-3.1825E1,0.E0));
#114=DIRECTION('',(0.E0,0.E0,1.E0));
#115=DIRECTION('',(0.E0,1.E0,0.E0));
#116=AXIS2_PLACEMENT_3D('',#113,#114,#115);
#118=CARTESIAN_POINT('',(2.9642E1,-3.1825E1,0.E0));
#119=DIRECTION('',(0.E0,0.E0,1.E0));
#120=DIRECTION('',(0.E0,-1.E0,0.E0));
#121=AXIS2_PLACEMENT_3D('',#118,#119,#120);
#123=CARTESIAN_POINT('',(2.9642E1,-4.2851E1,0.E0));
#124=DIRECTION('',(0.E0,0.E0,1.E0));
#125=DIRECTION('',(0.E0,-1.E0,0.E0));
#126=AXIS2_PLACEMENT_3D('',#123,#124,#125);
#128=CARTESIAN_POINT('',(2.9642E1,-4.2851E1,0.E0));
#129=DIRECTION('',(0.E0,0.E0,1.E0));
#130=DIRECTION('',(0.E0,1.E0,0.E0));
#131=AXIS2_PLACEMENT_3D('',#128,#129,#130);
#133=DIRECTION('',(0.E0,0.E0,-1.E0));
#134=VECTOR('',#133,1.016E0);
#135=CARTESIAN_POINT('',(3.07848E1,-4.3561E1,0.E0));
#136=LINE('',#135,#134);
#137=DIRECTION('',(0.E0,0.E0,-1.E0));
#138=VECTOR('',#137,1.016E0);
#139=CARTESIAN_POINT('',(3.07848E1,-3.1115E1,0.E0));
#140=LINE('',#139,#138);
#141=DIRECTION('',(0.E0,0.E0,-1.E0));
#142=VECTOR('',#141,1.016E0);
#143=CARTESIAN_POINT('',(2.08788E1,-3.1115E1,0.E0));
#144=LINE('',#143,#142);
#145=DIRECTION('',(0.E0,0.E0,-1.E0));
#146=VECTOR('',#145,1.016E0);
#147=CARTESIAN_POINT('',(2.08788E1,-4.3561E1,0.E0));
#148=LINE('',#147,#146);
#149=DIRECTION('',(-1.E0,0.E0,0.E0));
#150=VECTOR('',#149,9.906E0);
#151=CARTESIAN_POINT('',(3.07848E1,-4.3561E1,-1.016E0));
#152=LINE('',#151,#150);
#153=DIRECTION('',(0.E0,-1.E0,0.E0));
#154=VECTOR('',#153,1.2446E1);
#155=CARTESIAN_POINT('',(3.07848E1,-3.1115E1,-1.016E0));
#156=LINE('',#155,#154);
#157=DIRECTION('',(1.E0,0.E0,0.E0));
#158=VECTOR('',#157,9.906E0);
#159=CARTESIAN_POINT('',(2.08788E1,-3.1115E1,-1.016E0));
#160=LINE('',#159,#158);
#161=DIRECTION('',(0.E0,1.E0,0.E0));
#162=VECTOR('',#161,1.2446E1);
#163=CARTESIAN_POINT('',(2.08788E1,-4.3561E1,-1.016E0));
#164=LINE('',#163,#162);
#165=DIRECTION('',(-1.E0,0.E0,0.E0));
#166=VECTOR('',#165,8.621730289594E0);
#167=CARTESIAN_POINT('',(3.014266514480E1,-3.38508E1,-1.016E0));
#168=LINE('',#167,#166);
#169=CARTESIAN_POINT('',(3.003412982685E1,-3.434707017315E1,-1.016E0));
#170=DIRECTION('',(0.E0,0.E0,-1.E0));
#171=DIRECTION('',(2.136522006826E-1,9.769097896651E-1,0.E0));
#172=AXIS2_PLACEMENT_3D('',#169,#170,#171);
#174=DIRECTION('',(0.E0,1.E0,0.E0));
#175=VECTOR('',#174,6.208730289594E0);
#176=CARTESIAN_POINT('',(3.05304E1,-4.044726514480E1,-1.016E0));
#177=LINE('',#176,#175);
#178=CARTESIAN_POINT('',(3.003412982685E1,-4.033872982685E1,-1.016E0));
#179=DIRECTION('',(0.E0,0.E0,-1.E0));
#180=DIRECTION('',(9.769097896651E-1,-2.136522006826E-1,0.E0));
#181=AXIS2_PLACEMENT_3D('',#178,#179,#180);
#183=DIRECTION('',(1.E0,0.E0,0.E0));
#184=VECTOR('',#183,8.621730289594E0);
#185=CARTESIAN_POINT('',(2.152093485520E1,-4.0835E1,-1.016E0));
#186=LINE('',#185,#184);
#187=CARTESIAN_POINT('',(2.162947017315E1,-4.033872982685E1,-1.016E0));
#188=DIRECTION('',(0.E0,0.E0,-1.E0));
#189=DIRECTION('',(-2.136522006826E-1,-9.769097896651E-1,0.E0));
#190=AXIS2_PLACEMENT_3D('',#187,#188,#189);
#192=DIRECTION('',(0.E0,-1.E0,0.E0));
#193=VECTOR('',#192,6.208730289594E0);
#194=CARTESIAN_POINT('',(2.11332E1,-3.423853485520E1,-1.016E0));
#195=LINE('',#194,#193);
#196=CARTESIAN_POINT('',(2.162947017315E1,-3.434707017315E1,-1.016E0));
#197=DIRECTION('',(0.E0,0.E0,-1.E0));
#198=DIRECTION('',(-9.769097896651E-1,2.136522006826E-1,0.E0));
#199=AXIS2_PLACEMENT_3D('',#196,#197,#198);
#201=CARTESIAN_POINT('',(2.149310789667E1,-3.220528947356E1,-1.016E0));
#202=CARTESIAN_POINT('',(2.149688439002E1,-3.217130713354E1,-1.016E0));
#203=CARTESIAN_POINT('',(2.151081875230E1,-3.210636016462E1,-1.016E0));
#204=CARTESIAN_POINT('',(2.154860331126E1,-3.201690815111E1,-1.016E0));
#205=CARTESIAN_POINT('',(2.160095899067E1,-3.193763363940E1,-1.016E0));
#206=CARTESIAN_POINT('',(2.166690343392E1,-3.186887674481E1,-1.016E0));
#207=CARTESIAN_POINT('',(2.174484299262E1,-3.181261780854E1,-1.016E0));
#208=CARTESIAN_POINT('',(2.183275639106E1,-3.177085515037E1,-1.016E0));
#209=CARTESIAN_POINT('',(2.192602681491E1,-3.174566707899E1,-1.016E0));
#210=CARTESIAN_POINT('',(2.202216914301E1,-3.173721566514E1,-1.016E0));
#211=CARTESIAN_POINT('',(2.211828154859E1,-3.174572602794E1,-1.016E0));
#212=CARTESIAN_POINT('',(2.221145582268E1,-3.177093689631E1,-1.016E0));
#213=CARTESIAN_POINT('',(2.229936953418E1,-3.181273789760E1,-1.016E0));
#214=CARTESIAN_POINT('',(2.237736958793E1,-3.186910479027E1,-1.016E0));
#215=CARTESIAN_POINT('',(2.244331895549E1,-3.193797700764E1,-1.016E0));
#216=CARTESIAN_POINT('',(2.249559826232E1,-3.201729438762E1,-1.016E0));
#217=CARTESIAN_POINT('',(2.253325635222E1,-3.210664231353E1,-1.016E0));
#218=CARTESIAN_POINT('',(2.254712806757E1,-3.217141923177E1,-1.016E0));
#219=CARTESIAN_POINT('',(2.255089210333E1,-3.220528947351E1,-1.016E0));
#221=CARTESIAN_POINT('',(2.255089210333E1,-3.220528947351E1,-1.016E0));
#222=CARTESIAN_POINT('',(2.255469082661E1,-3.223947184694E1,-1.016E0));
#223=CARTESIAN_POINT('',(2.255545484224E1,-3.230742365016E1,-1.016E0));
#224=CARTESIAN_POINT('',(2.253652669844E1,-3.240930191221E1,-1.016E0));
#225=CARTESIAN_POINT('',(2.249678160641E1,-3.250750316371E1,-1.016E0));
#226=CARTESIAN_POINT('',(2.243843990765E1,-3.259530913890E1,-1.016E0));
#227=CARTESIAN_POINT('',(2.236479235201E1,-3.266941277038E1,-1.016E0));
#228=CARTESIAN_POINT('',(2.227637382438E1,-3.272865376230E1,-1.016E0));
#229=CARTESIAN_POINT('',(2.217941857640E1,-3.276892058682E1,-1.016E0));
#230=CARTESIAN_POINT('',(2.207441064382E1,-3.278981884912E1,-1.016E0));
#231=CARTESIAN_POINT('',(2.196923438728E1,-3.278978158478E1,-1.016E0));
#232=CARTESIAN_POINT('',(2.186427010926E1,-3.276882712592E1,-1.016E0));
#233=CARTESIAN_POINT('',(2.176730807611E1,-3.272848085218E1,-1.016E0));
#234=CARTESIAN_POINT('',(2.167898632230E1,-3.266923062742E1,-1.016E0));
#235=CARTESIAN_POINT('',(2.160533413390E1,-3.259503178599E1,-1.016E0));
#236=CARTESIAN_POINT('',(2.154714433061E1,-3.250732409304E1,-1.016E0));
#237=CARTESIAN_POINT('',(2.150748350325E1,-3.240932454107E1,-1.016E0));
#238=CARTESIAN_POINT('',(2.148853666819E1,-3.230736970461E1,-1.016E0));
#239=CARTESIAN_POINT('',(2.148931106967E1,-3.223945478355E1,-1.016E0));
#240=CARTESIAN_POINT('',(2.149310789667E1,-3.220528947356E1,-1.016E0));
#242=CARTESIAN_POINT('',(2.255089210333E1,-4.247071052644E1,-1.016E0));
#243=CARTESIAN_POINT('',(2.254711593955E1,-4.250468990084E1,-1.016E0));
#244=CARTESIAN_POINT('',(2.253318327361E1,-4.256963238173E1,-1.016E0));
#245=CARTESIAN_POINT('',(2.249540166917E1,-4.265908231774E1,-1.016E0));
#246=CARTESIAN_POINT('',(2.244304825147E1,-4.273835734206E1,-1.016E0));
#247=CARTESIAN_POINT('',(2.237710425544E1,-4.280711672952E1,-1.016E0));
#248=CARTESIAN_POINT('',(2.229916396545E1,-4.286337825879E1,-1.016E0));
#249=CARTESIAN_POINT('',(2.221124839089E1,-4.290514327042E1,-1.016E0));
#250=CARTESIAN_POINT('',(2.211797566412E1,-4.293033262503E1,-1.016E0));
#251=CARTESIAN_POINT('',(2.202183088465E1,-4.293878448101E1,-1.016E0));
#252=CARTESIAN_POINT('',(2.192571604213E1,-4.293027368348E1,-1.016E0));
#253=CARTESIAN_POINT('',(2.183253956443E1,-4.290506157616E1,-1.016E0));
#254=CARTESIAN_POINT('',(2.174462377030E1,-4.286325831381E1,-1.016E0));
#255=CARTESIAN_POINT('',(2.166662300921E1,-4.280688892111E1,-1.016E0));
#256=CARTESIAN_POINT('',(2.160067403409E1,-4.273801425586E1,-1.016E0));
#257=CARTESIAN_POINT('',(2.154839687507E1,-4.265869629835E1,-1.016E0));
#258=CARTESIAN_POINT('',(2.151074166137E1,-4.256935036966E1,-1.016E0));
#259=CARTESIAN_POINT('',(2.149687160846E1,-4.250457785303E1,-1.016E0));
#260=CARTESIAN_POINT('',(2.149310789667E1,-4.247071052649E1,-1.016E0));
#262=CARTESIAN_POINT('',(2.149310789667E1,-4.247071052649E1,-1.016E0));
#263=CARTESIAN_POINT('',(2.148952373092E1,-4.243845882420E1,-1.016E0));
#264=CARTESIAN_POINT('',(2.148844388354E1,-4.237426289019E1,-1.016E0));
#265=CARTESIAN_POINT('',(2.150473275932E1,-4.227795989242E1,-1.016E0));
#266=CARTESIAN_POINT('',(2.153953050436E1,-4.218449448019E1,-1.016E0));
#267=CARTESIAN_POINT('',(2.159157722548E1,-4.209919181915E1,-1.016E0));
#268=CARTESIAN_POINT('',(2.165730845669E1,-4.202621846322E1,-1.016E0));
#269=CARTESIAN_POINT('',(2.173724453362E1,-4.196531653228E1,-1.016E0));
#270=CARTESIAN_POINT('',(2.182583328425E1,-4.192095618690E1,-1.016E0));
#271=CARTESIAN_POINT('',(2.192256087907E1,-4.189321592299E1,-1.016E0));
#272=CARTESIAN_POINT('',(2.202217590673E1,-4.188403934926E1,-1.016E0));
#273=CARTESIAN_POINT('',(2.212175263432E1,-4.189327681130E1,-1.016E0));
#274=CARTESIAN_POINT('',(2.221846574693E1,-4.192107061605E1,-1.016E0));
#275=CARTESIAN_POINT('',(2.230704043325E1,-4.196549830321E1,-1.016E0));
#276=CARTESIAN_POINT('',(2.238688861722E1,-4.202639727455E1,-1.016E0));
#277=CARTESIAN_POINT('',(2.245263082993E1,-4.209947551574E1,-1.016E0));
#278=CARTESIAN_POINT('',(2.250450725734E1,-4.218461337201E1,-1.016E0));
#279=CARTESIAN_POINT('',(2.253925571985E1,-4.227791664965E1,-1.016E0));
#280=CARTESIAN_POINT('',(2.255556386048E1,-4.237431482298E1,-1.016E0));
#281=CARTESIAN_POINT('',(2.255447425914E1,-4.243847691036E1,-1.016E0));
#282=CARTESIAN_POINT('',(2.255089210333E1,-4.247071052644E1,-1.016E0));
#284=CARTESIAN_POINT('',(2.403310789667E1,-3.220528947356E1,-1.016E0));
#285=CARTESIAN_POINT('',(2.403688406045E1,-3.217131009916E1,-1.016E0));
#286=CARTESIAN_POINT('',(2.405081672639E1,-3.210636761827E1,-1.016E0));
#287=CARTESIAN_POINT('',(2.408859833083E1,-3.201691768226E1,-1.016E0));
#288=CARTESIAN_POINT('',(2.414095174853E1,-3.193764265794E1,-1.016E0));
#289=CARTESIAN_POINT('',(2.420689574456E1,-3.186888327048E1,-1.016E0));
#290=CARTESIAN_POINT('',(2.428483603455E1,-3.181262174121E1,-1.016E0));
#291=CARTESIAN_POINT('',(2.437275160911E1,-3.177085672958E1,-1.016E0));
#292=CARTESIAN_POINT('',(2.446602433588E1,-3.174566737497E1,-1.016E0));
#293=CARTESIAN_POINT('',(2.456216911535E1,-3.173721551899E1,-1.016E0));
#294=CARTESIAN_POINT('',(2.465828395787E1,-3.174572631652E1,-1.016E0));
#295=CARTESIAN_POINT('',(2.475146043557E1,-3.177093842384E1,-1.016E0));
#296=CARTESIAN_POINT('',(2.483937622970E1,-3.181274168619E1,-1.016E0));
#297=CARTESIAN_POINT('',(2.491737699079E1,-3.186911107889E1,-1.016E0));
#298=CARTESIAN_POINT('',(2.498332596591E1,-3.193798574414E1,-1.016E0));
#299=CARTESIAN_POINT('',(2.503560312493E1,-3.201730370165E1,-1.016E0));
#300=CARTESIAN_POINT('',(2.507325833863E1,-3.210664963034E1,-1.016E0));
#301=CARTESIAN_POINT('',(2.508712839154E1,-3.217142214697E1,-1.016E0));
#302=CARTESIAN_POINT('',(2.509089210333E1,-3.220528947351E1,-1.016E0));
#304=CARTESIAN_POINT('',(2.509089210333E1,-3.220528947351E1,-1.016E0));
#305=CARTESIAN_POINT('',(2.509447626908E1,-3.223754117580E1,-1.016E0));
#306=CARTESIAN_POINT('',(2.509555611646E1,-3.230173710981E1,-1.016E0));
#307=CARTESIAN_POINT('',(2.507926724068E1,-3.239804010758E1,-1.016E0));
#308=CARTESIAN_POINT('',(2.504446949564E1,-3.249150551981E1,-1.016E0));
#309=CARTESIAN_POINT('',(2.499242277452E1,-3.257680818085E1,-1.016E0));
#310=CARTESIAN_POINT('',(2.492669154331E1,-3.264978153678E1,-1.016E0));
#311=CARTESIAN_POINT('',(2.484675546638E1,-3.271068346772E1,-1.016E0));
#312=CARTESIAN_POINT('',(2.475816671575E1,-3.275504381310E1,-1.016E0));
#313=CARTESIAN_POINT('',(2.466143912093E1,-3.278278407701E1,-1.016E0));
#314=CARTESIAN_POINT('',(2.456182409327E1,-3.279196065074E1,-1.016E0));
#315=CARTESIAN_POINT('',(2.446224736568E1,-3.278272318870E1,-1.016E0));
#316=CARTESIAN_POINT('',(2.436553425307E1,-3.275492938395E1,-1.016E0));
#317=CARTESIAN_POINT('',(2.427695956675E1,-3.271050169679E1,-1.016E0));
#318=CARTESIAN_POINT('',(2.419711138278E1,-3.264960272545E1,-1.016E0));
#319=CARTESIAN_POINT('',(2.413136917007E1,-3.257652448426E1,-1.016E0));
#320=CARTESIAN_POINT('',(2.407949274266E1,-3.249138662799E1,-1.016E0));
#321=CARTESIAN_POINT('',(2.404474428015E1,-3.239808335035E1,-1.016E0));
#322=CARTESIAN_POINT('',(2.402843613952E1,-3.230168517702E1,-1.016E0));
#323=CARTESIAN_POINT('',(2.402952574086E1,-3.223752308964E1,-1.016E0));
#324=CARTESIAN_POINT('',(2.403310789667E1,-3.220528947356E1,-1.016E0));
#326=CARTESIAN_POINT('',(2.509089210333E1,-4.247071052644E1,-1.016E0));
#327=CARTESIAN_POINT('',(2.508711593955E1,-4.250468990084E1,-1.016E0));
#328=CARTESIAN_POINT('',(2.507318327361E1,-4.256963238173E1,-1.016E0));
#329=CARTESIAN_POINT('',(2.503540166917E1,-4.265908231774E1,-1.016E0));
#330=CARTESIAN_POINT('',(2.498304825147E1,-4.273835734206E1,-1.016E0));
#331=CARTESIAN_POINT('',(2.491710425544E1,-4.280711672952E1,-1.016E0));
#332=CARTESIAN_POINT('',(2.483916396545E1,-4.286337825879E1,-1.016E0));
#333=CARTESIAN_POINT('',(2.475124839089E1,-4.290514327042E1,-1.016E0));
#334=CARTESIAN_POINT('',(2.465797566412E1,-4.293033262503E1,-1.016E0));
#335=CARTESIAN_POINT('',(2.456183088465E1,-4.293878448101E1,-1.016E0));
#336=CARTESIAN_POINT('',(2.446571604213E1,-4.293027368348E1,-1.016E0));
#337=CARTESIAN_POINT('',(2.437253956443E1,-4.290506157616E1,-1.016E0));
#338=CARTESIAN_POINT('',(2.428462377030E1,-4.286325831381E1,-1.016E0));
#339=CARTESIAN_POINT('',(2.420662300921E1,-4.280688892111E1,-1.016E0));
#340=CARTESIAN_POINT('',(2.414067403409E1,-4.273801425586E1,-1.016E0));
#341=CARTESIAN_POINT('',(2.408839687507E1,-4.265869629835E1,-1.016E0));
#342=CARTESIAN_POINT('',(2.405074166137E1,-4.256935036966E1,-1.016E0));
#343=CARTESIAN_POINT('',(2.403687160846E1,-4.250457785303E1,-1.016E0));
#344=CARTESIAN_POINT('',(2.403310789667E1,-4.247071052649E1,-1.016E0));
#346=CARTESIAN_POINT('',(2.403310789667E1,-4.247071052649E1,-1.016E0));
#347=CARTESIAN_POINT('',(2.402952373092E1,-4.243845882420E1,-1.016E0));
#348=CARTESIAN_POINT('',(2.402844388354E1,-4.237426289019E1,-1.016E0));
#349=CARTESIAN_POINT('',(2.404473275932E1,-4.227795989242E1,-1.016E0));
#350=CARTESIAN_POINT('',(2.407953050436E1,-4.218449448019E1,-1.016E0));
#351=CARTESIAN_POINT('',(2.413157722548E1,-4.209919181915E1,-1.016E0));
#352=CARTESIAN_POINT('',(2.419730845669E1,-4.202621846322E1,-1.016E0));
#353=CARTESIAN_POINT('',(2.427724453362E1,-4.196531653228E1,-1.016E0));
#354=CARTESIAN_POINT('',(2.436583328425E1,-4.192095618690E1,-1.016E0));
#355=CARTESIAN_POINT('',(2.446256087907E1,-4.189321592299E1,-1.016E0));
#356=CARTESIAN_POINT('',(2.456217590673E1,-4.188403934926E1,-1.016E0));
#357=CARTESIAN_POINT('',(2.466175263432E1,-4.189327681130E1,-1.016E0));
#358=CARTESIAN_POINT('',(2.475846574693E1,-4.192107061605E1,-1.016E0));
#359=CARTESIAN_POINT('',(2.484704043325E1,-4.196549830321E1,-1.016E0));
#360=CARTESIAN_POINT('',(2.492688861722E1,-4.202639727455E1,-1.016E0));
#361=CARTESIAN_POINT('',(2.499263082993E1,-4.209947551574E1,-1.016E0));
#362=CARTESIAN_POINT('',(2.504450725734E1,-4.218461337201E1,-1.016E0));
#363=CARTESIAN_POINT('',(2.507925571985E1,-4.227791664965E1,-1.016E0));
#364=CARTESIAN_POINT('',(2.509556386048E1,-4.237431482298E1,-1.016E0));
#365=CARTESIAN_POINT('',(2.509447425914E1,-4.243847691036E1,-1.016E0));
#366=CARTESIAN_POINT('',(2.509089210333E1,-4.247071052644E1,-1.016E0));
#368=CARTESIAN_POINT('',(2.657310789667E1,-3.220528947356E1,-1.016E0));
#369=CARTESIAN_POINT('',(2.657688406045E1,-3.217131009916E1,-1.016E0));
#370=CARTESIAN_POINT('',(2.659081672639E1,-3.210636761827E1,-1.016E0));
#371=CARTESIAN_POINT('',(2.662859833083E1,-3.201691768226E1,-1.016E0));
#372=CARTESIAN_POINT('',(2.668095174853E1,-3.193764265794E1,-1.016E0));
#373=CARTESIAN_POINT('',(2.674689574456E1,-3.186888327048E1,-1.016E0));
#374=CARTESIAN_POINT('',(2.682483603455E1,-3.181262174121E1,-1.016E0));
#375=CARTESIAN_POINT('',(2.691275160911E1,-3.177085672958E1,-1.016E0));
#376=CARTESIAN_POINT('',(2.700602433588E1,-3.174566737497E1,-1.016E0));
#377=CARTESIAN_POINT('',(2.710216911535E1,-3.173721551899E1,-1.016E0));
#378=CARTESIAN_POINT('',(2.719828395787E1,-3.174572631652E1,-1.016E0));
#379=CARTESIAN_POINT('',(2.729146043557E1,-3.177093842384E1,-1.016E0));
#380=CARTESIAN_POINT('',(2.737937622970E1,-3.181274168619E1,-1.016E0));
#381=CARTESIAN_POINT('',(2.745737699079E1,-3.186911107889E1,-1.016E0));
#382=CARTESIAN_POINT('',(2.752332596591E1,-3.193798574414E1,-1.016E0));
#383=CARTESIAN_POINT('',(2.757560312493E1,-3.201730370165E1,-1.016E0));
#384=CARTESIAN_POINT('',(2.761325833863E1,-3.210664963034E1,-1.016E0));
#385=CARTESIAN_POINT('',(2.762712839154E1,-3.217142214697E1,-1.016E0));
#386=CARTESIAN_POINT('',(2.763089210333E1,-3.220528947351E1,-1.016E0));
#388=CARTESIAN_POINT('',(2.763089210333E1,-3.220528947351E1,-1.016E0));
#389=CARTESIAN_POINT('',(2.763447626908E1,-3.223754117580E1,-1.016E0));
#390=CARTESIAN_POINT('',(2.763555611646E1,-3.230173710981E1,-1.016E0));
#391=CARTESIAN_POINT('',(2.761926724068E1,-3.239804010758E1,-1.016E0));
#392=CARTESIAN_POINT('',(2.758446949564E1,-3.249150551981E1,-1.016E0));
#393=CARTESIAN_POINT('',(2.753242277452E1,-3.257680818085E1,-1.016E0));
#394=CARTESIAN_POINT('',(2.746669154331E1,-3.264978153678E1,-1.016E0));
#395=CARTESIAN_POINT('',(2.738675546638E1,-3.271068346772E1,-1.016E0));
#396=CARTESIAN_POINT('',(2.729816671575E1,-3.275504381310E1,-1.016E0));
#397=CARTESIAN_POINT('',(2.720143912093E1,-3.278278407701E1,-1.016E0));
#398=CARTESIAN_POINT('',(2.710182409327E1,-3.279196065074E1,-1.016E0));
#399=CARTESIAN_POINT('',(2.700224736568E1,-3.278272318870E1,-1.016E0));
#400=CARTESIAN_POINT('',(2.690553425307E1,-3.275492938395E1,-1.016E0));
#401=CARTESIAN_POINT('',(2.681695956675E1,-3.271050169679E1,-1.016E0));
#402=CARTESIAN_POINT('',(2.673711138278E1,-3.264960272545E1,-1.016E0));
#403=CARTESIAN_POINT('',(2.667136917007E1,-3.257652448426E1,-1.016E0));
#404=CARTESIAN_POINT('',(2.661949274266E1,-3.249138662799E1,-1.016E0));
#405=CARTESIAN_POINT('',(2.658474428015E1,-3.239808335035E1,-1.016E0));
#406=CARTESIAN_POINT('',(2.656843613952E1,-3.230168517702E1,-1.016E0));
#407=CARTESIAN_POINT('',(2.656952574086E1,-3.223752308964E1,-1.016E0));
#408=CARTESIAN_POINT('',(2.657310789667E1,-3.220528947356E1,-1.016E0));
#410=CARTESIAN_POINT('',(2.763089210333E1,-4.247071052644E1,-1.016E0));
#411=CARTESIAN_POINT('',(2.762711593955E1,-4.250468990084E1,-1.016E0));
#412=CARTESIAN_POINT('',(2.761318327361E1,-4.256963238173E1,-1.016E0));
#413=CARTESIAN_POINT('',(2.757540166917E1,-4.265908231774E1,-1.016E0));
#414=CARTESIAN_POINT('',(2.752304825147E1,-4.273835734206E1,-1.016E0));
#415=CARTESIAN_POINT('',(2.745710425544E1,-4.280711672952E1,-1.016E0));
#416=CARTESIAN_POINT('',(2.737916396545E1,-4.286337825879E1,-1.016E0));
#417=CARTESIAN_POINT('',(2.729124839089E1,-4.290514327042E1,-1.016E0));
#418=CARTESIAN_POINT('',(2.719797566412E1,-4.293033262503E1,-1.016E0));
#419=CARTESIAN_POINT('',(2.710183088465E1,-4.293878448101E1,-1.016E0));
#420=CARTESIAN_POINT('',(2.700571604213E1,-4.293027368348E1,-1.016E0));
#421=CARTESIAN_POINT('',(2.691253956443E1,-4.290506157616E1,-1.016E0));
#422=CARTESIAN_POINT('',(2.682462377030E1,-4.286325831381E1,-1.016E0));
#423=CARTESIAN_POINT('',(2.674662300921E1,-4.280688892111E1,-1.016E0));
#424=CARTESIAN_POINT('',(2.668067403409E1,-4.273801425586E1,-1.016E0));
#425=CARTESIAN_POINT('',(2.662839687507E1,-4.265869629835E1,-1.016E0));
#426=CARTESIAN_POINT('',(2.659074166137E1,-4.256935036966E1,-1.016E0));
#427=CARTESIAN_POINT('',(2.657687160846E1,-4.250457785303E1,-1.016E0));
#428=CARTESIAN_POINT('',(2.657310789667E1,-4.247071052649E1,-1.016E0));
#430=CARTESIAN_POINT('',(2.657310789667E1,-4.247071052649E1,-1.016E0));
#431=CARTESIAN_POINT('',(2.656952373092E1,-4.243845882420E1,-1.016E0));
#432=CARTESIAN_POINT('',(2.656844388354E1,-4.237426289019E1,-1.016E0));
#433=CARTESIAN_POINT('',(2.658473275932E1,-4.227795989242E1,-1.016E0));
#434=CARTESIAN_POINT('',(2.661953050436E1,-4.218449448019E1,-1.016E0));
#435=CARTESIAN_POINT('',(2.667157722548E1,-4.209919181915E1,-1.016E0));
#436=CARTESIAN_POINT('',(2.673730845669E1,-4.202621846322E1,-1.016E0));
#437=CARTESIAN_POINT('',(2.681724453362E1,-4.196531653228E1,-1.016E0));
#438=CARTESIAN_POINT('',(2.690583328425E1,-4.192095618690E1,-1.016E0));
#439=CARTESIAN_POINT('',(2.700256087907E1,-4.189321592299E1,-1.016E0));
#440=CARTESIAN_POINT('',(2.710217590673E1,-4.188403934926E1,-1.016E0));
#441=CARTESIAN_POINT('',(2.720175263432E1,-4.189327681130E1,-1.016E0));
#442=CARTESIAN_POINT('',(2.729846574693E1,-4.192107061605E1,-1.016E0));
#443=CARTESIAN_POINT('',(2.738704043325E1,-4.196549830321E1,-1.016E0));
#444=CARTESIAN_POINT('',(2.746688861722E1,-4.202639727455E1,-1.016E0));
#445=CARTESIAN_POINT('',(2.753263082993E1,-4.209947551574E1,-1.016E0));
#446=CARTESIAN_POINT('',(2.758450725734E1,-4.218461337201E1,-1.016E0));
#447=CARTESIAN_POINT('',(2.761925571985E1,-4.227791664965E1,-1.016E0));
#448=CARTESIAN_POINT('',(2.763556386048E1,-4.237431482298E1,-1.016E0));
#449=CARTESIAN_POINT('',(2.763447425914E1,-4.243847691036E1,-1.016E0));
#450=CARTESIAN_POINT('',(2.763089210333E1,-4.247071052644E1,-1.016E0));
#452=CARTESIAN_POINT('',(2.911310789667E1,-3.220528947356E1,-1.016E0));
#453=CARTESIAN_POINT('',(2.911688406045E1,-3.217131009916E1,-1.016E0));
#454=CARTESIAN_POINT('',(2.913081672639E1,-3.210636761827E1,-1.016E0));
#455=CARTESIAN_POINT('',(2.916859833083E1,-3.201691768226E1,-1.016E0));
#456=CARTESIAN_POINT('',(2.922095174853E1,-3.193764265794E1,-1.016E0));
#457=CARTESIAN_POINT('',(2.928689574456E1,-3.186888327048E1,-1.016E0));
#458=CARTESIAN_POINT('',(2.936483603455E1,-3.181262174121E1,-1.016E0));
#459=CARTESIAN_POINT('',(2.945275160911E1,-3.177085672958E1,-1.016E0));
#460=CARTESIAN_POINT('',(2.954602433588E1,-3.174566737497E1,-1.016E0));
#461=CARTESIAN_POINT('',(2.964216911535E1,-3.173721551899E1,-1.016E0));
#462=CARTESIAN_POINT('',(2.973828395787E1,-3.174572631652E1,-1.016E0));
#463=CARTESIAN_POINT('',(2.983146043557E1,-3.177093842384E1,-1.016E0));
#464=CARTESIAN_POINT('',(2.991937622970E1,-3.181274168619E1,-1.016E0));
#465=CARTESIAN_POINT('',(2.999737699079E1,-3.186911107889E1,-1.016E0));
#466=CARTESIAN_POINT('',(3.006332596591E1,-3.193798574414E1,-1.016E0));
#467=CARTESIAN_POINT('',(3.011560312493E1,-3.201730370165E1,-1.016E0));
#468=CARTESIAN_POINT('',(3.015325833863E1,-3.210664963034E1,-1.016E0));
#469=CARTESIAN_POINT('',(3.016712839154E1,-3.217142214697E1,-1.016E0));
#470=CARTESIAN_POINT('',(3.017089210333E1,-3.220528947351E1,-1.016E0));
#472=CARTESIAN_POINT('',(3.017089210333E1,-3.220528947351E1,-1.016E0));
#473=CARTESIAN_POINT('',(3.017447626908E1,-3.223754117580E1,-1.016E0));
#474=CARTESIAN_POINT('',(3.017555611646E1,-3.230173710981E1,-1.016E0));
#475=CARTESIAN_POINT('',(3.015926724068E1,-3.239804010758E1,-1.016E0));
#476=CARTESIAN_POINT('',(3.012446949564E1,-3.249150551981E1,-1.016E0));
#477=CARTESIAN_POINT('',(3.007242277452E1,-3.257680818085E1,-1.016E0));
#478=CARTESIAN_POINT('',(3.000669154331E1,-3.264978153678E1,-1.016E0));
#479=CARTESIAN_POINT('',(2.992675546638E1,-3.271068346772E1,-1.016E0));
#480=CARTESIAN_POINT('',(2.983816671575E1,-3.275504381310E1,-1.016E0));
#481=CARTESIAN_POINT('',(2.974143912093E1,-3.278278407701E1,-1.016E0));
#482=CARTESIAN_POINT('',(2.964182409327E1,-3.279196065074E1,-1.016E0));
#483=CARTESIAN_POINT('',(2.954224736568E1,-3.278272318870E1,-1.016E0));
#484=CARTESIAN_POINT('',(2.944553425307E1,-3.275492938395E1,-1.016E0));
#485=CARTESIAN_POINT('',(2.935695956675E1,-3.271050169679E1,-1.016E0));
#486=CARTESIAN_POINT('',(2.927711138278E1,-3.264960272545E1,-1.016E0));
#487=CARTESIAN_POINT('',(2.921136917007E1,-3.257652448426E1,-1.016E0));
#488=CARTESIAN_POINT('',(2.915949274266E1,-3.249138662799E1,-1.016E0));
#489=CARTESIAN_POINT('',(2.912474428015E1,-3.239808335035E1,-1.016E0));
#490=CARTESIAN_POINT('',(2.910843613952E1,-3.230168517702E1,-1.016E0));
#491=CARTESIAN_POINT('',(2.910952574086E1,-3.223752308964E1,-1.016E0));
#492=CARTESIAN_POINT('',(2.911310789667E1,-3.220528947356E1,-1.016E0));
#494=CARTESIAN_POINT('',(3.017089210333E1,-4.247071052644E1,-1.016E0));
#495=CARTESIAN_POINT('',(3.016711593955E1,-4.250468990084E1,-1.016E0));
#496=CARTESIAN_POINT('',(3.015318327361E1,-4.256963238173E1,-1.016E0));
#497=CARTESIAN_POINT('',(3.011540166917E1,-4.265908231774E1,-1.016E0));
#498=CARTESIAN_POINT('',(3.006304825147E1,-4.273835734206E1,-1.016E0));
#499=CARTESIAN_POINT('',(2.999710425544E1,-4.280711672952E1,-1.016E0));
#500=CARTESIAN_POINT('',(2.991916396545E1,-4.286337825879E1,-1.016E0));
#501=CARTESIAN_POINT('',(2.983124839089E1,-4.290514327042E1,-1.016E0));
#502=CARTESIAN_POINT('',(2.973797566412E1,-4.293033262503E1,-1.016E0));
#503=CARTESIAN_POINT('',(2.964183088465E1,-4.293878448101E1,-1.016E0));
#504=CARTESIAN_POINT('',(2.954571604213E1,-4.293027368348E1,-1.016E0));
#505=CARTESIAN_POINT('',(2.945253956443E1,-4.290506157616E1,-1.016E0));
#506=CARTESIAN_POINT('',(2.936462377030E1,-4.286325831381E1,-1.016E0));
#507=CARTESIAN_POINT('',(2.928662300921E1,-4.280688892111E1,-1.016E0));
#508=CARTESIAN_POINT('',(2.922067403409E1,-4.273801425586E1,-1.016E0));
#509=CARTESIAN_POINT('',(2.916839687507E1,-4.265869629835E1,-1.016E0));
#510=CARTESIAN_POINT('',(2.913074166137E1,-4.256935036966E1,-1.016E0));
#511=CARTESIAN_POINT('',(2.911687160846E1,-4.250457785303E1,-1.016E0));
#512=CARTESIAN_POINT('',(2.911310789667E1,-4.247071052649E1,-1.016E0));
#514=CARTESIAN_POINT('',(2.911310789667E1,-4.247071052649E1,-1.016E0));
#515=CARTESIAN_POINT('',(2.910952373092E1,-4.243845882420E1,-1.016E0));
#516=CARTESIAN_POINT('',(2.910844388354E1,-4.237426289019E1,-1.016E0));
#517=CARTESIAN_POINT('',(2.912473275932E1,-4.227795989242E1,-1.016E0));
#518=CARTESIAN_POINT('',(2.915953050436E1,-4.218449448019E1,-1.016E0));
#519=CARTESIAN_POINT('',(2.921157722548E1,-4.209919181915E1,-1.016E0));
#520=CARTESIAN_POINT('',(2.927730845669E1,-4.202621846322E1,-1.016E0));
#521=CARTESIAN_POINT('',(2.935724453362E1,-4.196531653228E1,-1.016E0));
#522=CARTESIAN_POINT('',(2.944583328425E1,-4.192095618690E1,-1.016E0));
#523=CARTESIAN_POINT('',(2.954256087907E1,-4.189321592299E1,-1.016E0));
#524=CARTESIAN_POINT('',(2.964217590673E1,-4.188403934926E1,-1.016E0));
#525=CARTESIAN_POINT('',(2.974175263432E1,-4.189327681130E1,-1.016E0));
#526=CARTESIAN_POINT('',(2.983846574693E1,-4.192107061605E1,-1.016E0));
#527=CARTESIAN_POINT('',(2.992704043325E1,-4.196549830321E1,-1.016E0));
#528=CARTESIAN_POINT('',(3.000688861722E1,-4.202639727455E1,-1.016E0));
#529=CARTESIAN_POINT('',(3.007263082993E1,-4.209947551574E1,-1.016E0));
#530=CARTESIAN_POINT('',(3.012450725734E1,-4.218461337201E1,-1.016E0));
#531=CARTESIAN_POINT('',(3.015925571985E1,-4.227791664965E1,-1.016E0));
#532=CARTESIAN_POINT('',(3.017556386048E1,-4.237431482298E1,-1.016E0));
#533=CARTESIAN_POINT('',(3.017447425914E1,-4.243847691036E1,-1.016E0));
#534=CARTESIAN_POINT('',(3.017089210333E1,-4.247071052644E1,-1.016E0));
#536=DIRECTION('',(-1.E0,0.E0,0.E0));
#537=VECTOR('',#536,7.650899103227E0);
#538=CARTESIAN_POINT('',(2.965824955161E1,-3.38508E1,-1.046E0));
#539=LINE('',#538,#537);
#540=DIRECTION('',(0.E0,0.E0,1.E0));
#541=VECTOR('',#540,3.E-2);
#542=CARTESIAN_POINT('',(3.014266514480E1,-3.38508E1,-1.046E0));
#543=LINE('',#542,#541);
#544=CARTESIAN_POINT('',(2.21328E1,-3.48429E1,-1.046E0));
#545=DIRECTION('',(0.E0,0.E0,1.E0));
#546=DIRECTION('',(0.E0,1.E0,0.E0));
#547=AXIS2_PLACEMENT_3D('',#544,#545,#546);
#549=DIRECTION('',(-1.E0,0.E0,0.E0));
#550=VECTOR('',#549,7.4E0);
#551=CARTESIAN_POINT('',(2.95328E1,-3.38429E1,-1.046E0));
#552=LINE('',#551,#550);
#553=CARTESIAN_POINT('',(2.95328E1,-3.48429E1,-1.046E0));
#554=DIRECTION('',(0.E0,0.E0,1.E0));
#555=DIRECTION('',(1.254495516134E-1,9.921E-1,0.E0));
#556=AXIS2_PLACEMENT_3D('',#553,#554,#555);
#558=CARTESIAN_POINT('',(2.21328E1,-3.48429E1,-3.189490614199E0));
#559=DIRECTION('',(0.E0,0.E0,-1.E0));
#560=DIRECTION('',(-1.E0,0.E0,0.E0));
#561=AXIS2_PLACEMENT_3D('',#558,#559,#560);
#563=CARTESIAN_POINT('',(2.21328E1,-3.48429E1,-1.046E0));
#564=DIRECTION('',(0.E0,0.E0,1.E0));
#565=DIRECTION('',(-1.254495516134E-1,9.921E-1,0.E0));
#566=AXIS2_PLACEMENT_3D('',#563,#564,#565);
#568=DIRECTION('',(-1.E0,0.E0,0.E0));
#569=VECTOR('',#568,4.864155931835E-1);
#570=CARTESIAN_POINT('',(2.200735044839E1,-3.38508E1,-1.046E0));
#571=LINE('',#570,#569);
#572=CARTESIAN_POINT('',(2.162947017315E1,-3.434707017315E1,-1.046E0));
#573=DIRECTION('',(0.E0,0.E0,-1.E0));
#574=DIRECTION('',(-9.769097896651E-1,2.136522006826E-1,0.E0));
#575=AXIS2_PLACEMENT_3D('',#572,#573,#574);
#577=DIRECTION('',(0.E0,-1.E0,0.E0));
#578=VECTOR('',#577,5.760837021180E-1);
#579=CARTESIAN_POINT('',(2.11332E1,-3.423853485520E1,-1.046E0));
#580=LINE('',#579,#578);
#581=DIRECTION('',(-1.184237892933E-13,0.E0,1.E0));
#582=VECTOR('',#581,3.E-2);
#583=CARTESIAN_POINT('',(2.152093485520E1,-3.38508E1,-1.046E0));
#584=LINE('',#583,#582);
#585=DIRECTION('',(0.E0,-1.E0,0.E0));
#586=VECTOR('',#585,4.99E0);
#587=CARTESIAN_POINT('',(2.113293333333E1,-3.48429E1,-1.046E0));
#588=LINE('',#587,#586);
#589=CARTESIAN_POINT('',(2.11332E1,-3.481461855732E1,-1.046E0));
#590=CARTESIAN_POINT('',(2.11332E1,-3.481932084867E1,-1.046E0));
#591=CARTESIAN_POINT('',(2.113333333333E1,-3.482873671379E1,-1.046E0));
#592=CARTESIAN_POINT('',(2.113293333333E1,-3.483817514379E1,-1.046E0));
#593=CARTESIAN_POINT('',(2.113293333333E1,-3.48429E1,-1.046E0));
#595=DIRECTION('',(0.E0,0.E0,1.E0));
#596=VECTOR('',#595,3.E-2);
#597=CARTESIAN_POINT('',(2.11332E1,-3.423853485520E1,-1.046E0));
#598=LINE('',#597,#596);
#599=CARTESIAN_POINT('',(2.113293333333E1,-3.98329E1,-1.046E0));
#600=CARTESIAN_POINT('',(2.113293333333E1,-3.983762485621E1,-1.046E0));
#601=CARTESIAN_POINT('',(2.113333333333E1,-3.984706328621E1,-1.046E0));
#602=CARTESIAN_POINT('',(2.11332E1,-3.985647915133E1,-1.046E0));
#603=CARTESIAN_POINT('',(2.11332E1,-3.986118144268E1,-1.046E0));
#605=DIRECTION('',(-8.664338719651E-3,-2.155258074146E-11,9.999624639128E-1));
#606=VECTOR('',#605,2.143571075470E0);
#607=CARTESIAN_POINT('',(2.115150595920E1,-3.983289999995E1,-3.189490614199E0));
#608=LINE('',#607,#606);
#609=DIRECTION('',(0.E0,1.E0,-1.779916672825E-14));
#610=VECTOR('',#609,4.989999999777E0);
#611=CARTESIAN_POINT('',(2.115150595920E1,-3.983289999995E1,-3.189490614199E0));
#612=LINE('',#611,#610);
#613=DIRECTION('',(-8.664338719651E-3,8.267347220434E-11,9.999624639128E-1));
#614=VECTOR('',#613,2.143571075470E0);
#615=CARTESIAN_POINT('',(2.115150595920E1,-3.484290000018E1,-3.189490614199E0));
#616=LINE('',#615,#614);
#617=CARTESIAN_POINT('',(2.21328E1,-3.98329E1,-3.189490614199E0));
#618=DIRECTION('',(0.E0,0.E0,-1.E0));
#619=DIRECTION('',(0.E0,-1.E0,0.E0));
#620=AXIS2_PLACEMENT_3D('',#617,#618,#619);
#622=DIRECTION('',(1.E0,0.E0,0.E0));
#623=VECTOR('',#622,7.4E0);
#624=CARTESIAN_POINT('',(2.21328E1,-4.08329E1,-1.046E0));
#625=LINE('',#624,#623);
#626=CARTESIAN_POINT('',(2.21328E1,-3.98329E1,-1.046E0));
#627=DIRECTION('',(0.E0,0.E0,1.E0));
#628=DIRECTION('',(-9.996E-1,-2.828144267884E-2,0.E0));
#629=AXIS2_PLACEMENT_3D('',#626,#627,#628);
#631=DIRECTION('',(0.E0,-1.E0,0.E0));
#632=VECTOR('',#631,5.860837021180E-1);
#633=CARTESIAN_POINT('',(2.11332E1,-3.986118144268E1,-1.046E0));
#634=LINE('',#633,#632);
#635=CARTESIAN_POINT('',(2.162947017315E1,-4.033872982685E1,-1.046E0));
#636=DIRECTION('',(0.E0,0.E0,-1.E0));
#637=DIRECTION('',(-2.136522006826E-1,-9.769097896651E-1,0.E0));
#638=AXIS2_PLACEMENT_3D('',#635,#636,#637);
#640=DIRECTION('',(1.E0,0.E0,0.E0));
#641=VECTOR('',#640,8.621730289594E0);
#642=CARTESIAN_POINT('',(2.152093485520E1,-4.0835E1,-1.046E0));
#643=LINE('',#642,#641);
#644=CARTESIAN_POINT('',(3.003412982685E1,-4.033872982685E1,-1.046E0));
#645=DIRECTION('',(0.E0,0.E0,-1.E0));
#646=DIRECTION('',(9.769097896651E-1,-2.136522006826E-1,0.E0));
#647=AXIS2_PLACEMENT_3D('',#644,#645,#646);
#649=DIRECTION('',(1.303449913994E-14,1.E0,0.E0));
#650=VECTOR('',#649,5.451246941918E-1);
#651=CARTESIAN_POINT('',(3.05304E1,-4.044726514480E1,-1.046E0));
#652=LINE('',#651,#650);
#653=CARTESIAN_POINT('',(2.95328E1,-3.98329E1,-1.046E0));
#654=DIRECTION('',(0.E0,0.E0,1.E0));
#655=DIRECTION('',(0.E0,-1.E0,0.E0));
#656=AXIS2_PLACEMENT_3D('',#653,#654,#655);
#658=DIRECTION('',(2.155256908434E-11,-8.726535498374E-3,9.999619230642E-1));
#659=VECTOR('',#658,2.143572234862E0);
#660=CARTESIAN_POINT('',(2.953279999995E1,-4.081419404080E1,-3.189490614199E0));
#661=LINE('',#660,#659);
#662=DIRECTION('',(-1.E0,0.E0,-1.200241107739E-14));
#663=VECTOR('',#662,7.399999999777E0);
#664=CARTESIAN_POINT('',(2.953279999995E1,-4.081419404080E1,-3.189490614199E0));
#665=LINE('',#664,#663);
#666=DIRECTION('',(-8.267011272890E-11,-8.726535498374E-3,9.999619230642E-1));
#667=VECTOR('',#666,2.143572234862E0);
#668=CARTESIAN_POINT('',(2.213280000018E1,-4.081419404080E1,-3.189490614199E0));
#669=LINE('',#668,#667);
#670=CARTESIAN_POINT('',(2.95328E1,-3.98329E1,-3.189490614199E0));
#671=DIRECTION('',(0.E0,0.E0,-1.E0));
#672=DIRECTION('',(1.E0,0.E0,0.E0));
#673=AXIS2_PLACEMENT_3D('',#670,#671,#672);
#675=CARTESIAN_POINT('',(2.95328E1,-3.48429E1,-1.046E0));
#676=DIRECTION('',(0.E0,0.E0,1.E0));
#677=DIRECTION('',(1.E0,0.E0,0.E0));
#678=AXIS2_PLACEMENT_3D('',#675,#676,#677);
#680=DIRECTION('',(0.E0,1.E0,0.E0));
#681=VECTOR('',#680,4.99E0);
#682=CARTESIAN_POINT('',(3.05328E1,-3.98329E1,-1.046E0));
#683=LINE('',#682,#681);
#684=CARTESIAN_POINT('',(2.95328E1,-3.98329E1,-1.046E0));
#685=DIRECTION('',(0.E0,0.E0,1.E0));
#686=DIRECTION('',(9.976E-1,-6.924045060509E-2,0.E0));
#687=AXIS2_PLACEMENT_3D('',#684,#685,#686);
#689=DIRECTION('',(0.E0,1.E0,0.E0));
#690=VECTOR('',#689,5.128480901210E0);
#691=CARTESIAN_POINT('',(3.05304E1,-3.990214045061E1,-1.046E0));
#692=LINE('',#691,#690);
#693=DIRECTION('',(1.184237892933E-13,2.368475785867E-13,1.E0));
#694=VECTOR('',#693,3.E-2);
#695=CARTESIAN_POINT('',(3.05304E1,-4.044726514480E1,-1.046E0));
#696=LINE('',#695,#694);
#697=DIRECTION('',(-3.552713678800E-13,0.E0,1.E0));
#698=VECTOR('',#697,3.E-2);
#699=CARTESIAN_POINT('',(3.014266514480E1,-4.0835E1,-1.046E0));
#700=LINE('',#699,#698);
#701=DIRECTION('',(0.E0,0.E0,1.E0));
#702=VECTOR('',#701,3.E-2);
#703=CARTESIAN_POINT('',(2.152093485520E1,-4.0835E1,-1.046E0));
#704=LINE('',#703,#702);
#705=DIRECTION('',(0.E0,0.E0,1.E0));
#706=VECTOR('',#705,3.E-2);
#707=CARTESIAN_POINT('',(2.11332E1,-4.044726514480E1,-1.046E0));
#708=LINE('',#707,#706);
#709=DIRECTION('',(0.E0,0.E0,1.E0));
#710=VECTOR('',#709,3.E-2);
#711=CARTESIAN_POINT('',(3.05304E1,-3.423853485520E1,-1.046E0));
#712=LINE('',#711,#710);
#713=CARTESIAN_POINT('',(2.95328E1,-3.48429E1,-1.046E0));
#714=DIRECTION('',(0.E0,0.E0,1.E0));
#715=DIRECTION('',(9.976E-1,6.924045060511E-2,0.E0));
#716=AXIS2_PLACEMENT_3D('',#713,#714,#715);
#718=DIRECTION('',(0.E0,1.E0,0.E0));
#719=VECTOR('',#718,5.351246941918E-1);
#720=CARTESIAN_POINT('',(3.05304E1,-3.477365954939E1,-1.046E0));
#721=LINE('',#720,#719);
#722=CARTESIAN_POINT('',(3.003412982685E1,-3.434707017315E1,-1.046E0));
#723=DIRECTION('',(0.E0,0.E0,-1.E0));
#724=DIRECTION('',(2.136522006826E-1,9.769097896651E-1,0.E0));
#725=AXIS2_PLACEMENT_3D('',#722,#723,#724);
#727=DIRECTION('',(-1.E0,0.E0,0.E0));
#728=VECTOR('',#727,4.844155931835E-1);
#729=CARTESIAN_POINT('',(3.014266514480E1,-3.38508E1,-1.046E0));
#730=LINE('',#729,#728);
#731=CARTESIAN_POINT('',(2.95328E1,-3.48429E1,-3.189490614199E0));
#732=DIRECTION('',(0.E0,0.E0,-1.E0));
#733=DIRECTION('',(0.E0,1.E0,0.E0));
#734=AXIS2_PLACEMENT_3D('',#731,#732,#733);
#736=CARTESIAN_POINT('',(3.045762778964E1,-3.451483192097E1,-3.189478528489E0));
#737=CARTESIAN_POINT('',(3.044653326987E1,-3.448199530766E1,-3.129045523332E0));
#738=CARTESIAN_POINT('',(3.042354653438E1,-3.442457890094E1,-3.001186381106E0));
#739=CARTESIAN_POINT('',(3.039228200110E1,-3.436098338244E1,-2.780098926657E0));
#740=CARTESIAN_POINT('',(3.037424378823E1,-3.432716882549E1,-2.550214724076E0));
#741=CARTESIAN_POINT('',(3.037301524739E1,-3.432147614493E1,-2.320918891756E0));
#742=CARTESIAN_POINT('',(3.038934723568E1,-3.434403805654E1,-2.087839538606E0));
#743=CARTESIAN_POINT('',(3.042026528064E1,-3.439583329128E1,-1.864890537507E0));
#744=CARTESIAN_POINT('',(3.045492506313E1,-3.446724903884E1,-1.676922383569E0));
#745=CARTESIAN_POINT('',(3.048637558635E1,-3.455083414960E1,-1.522119909485E0));
#746=CARTESIAN_POINT('',(3.051140026621E1,-3.464411278787E1,-1.395210733017E0));
#747=CARTESIAN_POINT('',(3.052728414971E1,-3.474285801721E1,-1.295965327090E0));
#748=CARTESIAN_POINT('',(3.053104522735E1,-3.480966221064E1,-1.247214906432E0));
#749=CARTESIAN_POINT('',(3.053122371579E1,-3.484285675776E1,-1.226671000671E0));
#751=DIRECTION('',(1.E0,0.E0,-1.200241107739E-14));
#752=VECTOR('',#751,7.399999999777E0);
#753=CARTESIAN_POINT('',(2.213280000005E1,-3.386160595920E1,-3.189490614199E0));
#754=LINE('',#753,#752);
#755=DIRECTION('',(8.266845534893E-11,8.726535498381E-3,9.999619230642E-1));
#756=VECTOR('',#755,2.143572234862E0);
#757=CARTESIAN_POINT('',(2.953279999982E1,-3.386160595920E1,-3.189490614199E0));
#758=LINE('',#757,#756);
#759=DIRECTION('',(-2.155256908434E-11,8.726535498381E-3,9.999619230642E-1));
#760=VECTOR('',#759,2.143572234862E0);
#761=CARTESIAN_POINT('',(2.213280000005E1,-3.386160595920E1,-3.189490614199E0));
#762=LINE('',#761,#760);
#763=CARTESIAN_POINT('',(2.21328E1,-3.426159072843E1,-3.186E0));
#764=DIRECTION('',(1.E0,0.E0,0.E0));
#765=DIRECTION('',(0.E0,0.E0,-1.E0));
#766=AXIS2_PLACEMENT_3D('',#763,#764,#765);
#768=DIRECTION('',(0.E0,-1.E0,0.E0));
#769=VECTOR('',#768,4.99E0);
#770=CARTESIAN_POINT('',(3.011410927157E1,-3.48429E1,-3.586E0));
#771=LINE('',#770,#769);
#772=CARTESIAN_POINT('',(2.95328E1,-3.48429E1,-3.586E0));
#773=DIRECTION('',(0.E0,0.E0,-1.E0));
#774=DIRECTION('',(0.E0,1.E0,0.E0));
#775=AXIS2_PLACEMENT_3D('',#772,#773,#774);
#777=DIRECTION('',(1.E0,0.E0,0.E0));
#778=VECTOR('',#777,7.4E0);
#779=CARTESIAN_POINT('',(2.21328E1,-3.426159072843E1,-3.586E0));
#780=LINE('',#779,#778);
#781=CARTESIAN_POINT('',(2.21328E1,-3.48429E1,-3.586E0));
#782=DIRECTION('',(0.E0,0.E0,-1.E0));
#783=DIRECTION('',(-1.E0,0.E0,0.E0));
#784=AXIS2_PLACEMENT_3D('',#781,#782,#783);
#786=DIRECTION('',(0.E0,1.E0,0.E0));
#787=VECTOR('',#786,4.99E0);
#788=CARTESIAN_POINT('',(2.155149072843E1,-3.98329E1,-3.586E0));
#789=LINE('',#788,#787);
#790=CARTESIAN_POINT('',(2.21328E1,-3.98329E1,-3.586E0));
#791=DIRECTION('',(0.E0,0.E0,-1.E0));
#792=DIRECTION('',(0.E0,-1.E0,0.E0));
#793=AXIS2_PLACEMENT_3D('',#790,#791,#792);
#795=DIRECTION('',(-1.E0,0.E0,0.E0));
#796=VECTOR('',#795,7.4E0);
#797=CARTESIAN_POINT('',(2.95328E1,-4.041420927157E1,-3.586E0));
#798=LINE('',#797,#796);
#799=CARTESIAN_POINT('',(2.95328E1,-3.98329E1,-3.586E0));
#800=DIRECTION('',(0.E0,0.E0,-1.E0));
#801=DIRECTION('',(1.E0,0.E0,0.E0));
#802=AXIS2_PLACEMENT_3D('',#799,#800,#801);
#804=CARTESIAN_POINT('',(3.051409385289E1,-3.629809009475E1,-3.189503008790E0));
#805=CARTESIAN_POINT('',(3.051386983758E1,-3.625087062512E1,-3.215128747688E0));
#806=CARTESIAN_POINT('',(3.050855376092E1,-3.614693821498E1,-3.262289300343E0));
#807=CARTESIAN_POINT('',(3.049237122787E1,-3.596633660667E1,-3.319899116622E0));
#808=CARTESIAN_POINT('',(3.047251351832E1,-3.575204695953E1,-3.365134317308E0));
#809=CARTESIAN_POINT('',(3.045773089975E1,-3.551972769939E1,-3.390939038510E0));
#810=CARTESIAN_POINT('',(3.045525379117E1,-3.538674790486E1,-3.394891177687E0));
#811=CARTESIAN_POINT('',(3.045523922037E1,-3.532290000008E1,-3.394892667311E0));
#813=CARTESIAN_POINT('',(3.045523922037E1,-3.532290000008E1,-3.394892667311E0));
#814=CARTESIAN_POINT('',(3.045524675272E1,-3.527625981842E1,-3.394891915524E0));
#815=CARTESIAN_POINT('',(3.045664312999E1,-3.517850841075E1,-3.392607261744E0));
#816=CARTESIAN_POINT('',(3.046407730691E1,-3.501843949583E1,-3.380050232663E0));
#817=CARTESIAN_POINT('',(3.047270201930E1,-3.490280250894E1,-3.363640303879E0));
#818=CARTESIAN_POINT('',(3.047773275094E1,-3.484291908239E1,-3.352666249133E0));
#820=CARTESIAN_POINT('',(3.011410927157E1,-3.48429E1,-3.186E0));
#821=DIRECTION('',(0.E0,-1.E0,0.E0));
#822=DIRECTION('',(0.E0,0.E0,-1.E0));
#823=AXIS2_PLACEMENT_3D('',#820,#821,#822);
#825=CARTESIAN_POINT('',(3.101407462710E1,-3.629810607665E1,-3.193844332275E0));
#826=DIRECTION('',(-6.732091256930E-3,6.331827487616E-1,-7.739730522557E-1));
#827=DIRECTION('',(-9.999621499724E-1,3.335760665516E-6,8.700494899106E-3));
#828=AXIS2_PLACEMENT_3D('',#825,#826,#827);
#830=CARTESIAN_POINT('',(3.103203359156E1,-3.532289999980E1,-1.136003383739E0));
#831=DIRECTION('',(-4.300651167671E-10,-1.E0,-4.928058555029E-8));
#832=DIRECTION('',(-9.999618639824E-1,-3.268505362091E-13,8.733302976082E-3));
#833=AXIS2_PLACEMENT_3D('',#830,#831,#832);
#835=CARTESIAN_POINT('',(3.053122371579E1,-3.484285675776E1,-1.226671000671E0));
#836=CARTESIAN_POINT('',(3.053140686651E1,-3.489353009246E1,-1.205795116139E0));
#837=CARTESIAN_POINT('',(3.053170969287E1,-3.499661566596E1,-1.170899520698E0));
#838=CARTESIAN_POINT('',(3.053199043187E1,-3.515945694483E1,-1.138661130940E0));
#839=CARTESIAN_POINT('',(3.053205501643E1,-3.526810509856E1,-1.131639303317E0));
#840=CARTESIAN_POINT('',(3.053205388493E1,-3.532289999989E1,-1.131636742952E0));
#842=CARTESIAN_POINT('',(3.053205388493E1,-3.532289999989E1,-1.131636742952E0));
#843=CARTESIAN_POINT('',(3.053205654811E1,-3.539043043951E1,-1.131643571606E0));
#844=CARTESIAN_POINT('',(3.053195780497E1,-3.552392196815E1,-1.142296021355E0));
#845=CARTESIAN_POINT('',(3.053153585080E1,-3.572267011925E1,-1.190913411883E0));
#846=CARTESIAN_POINT('',(3.053083844388E1,-3.591027243552E1,-1.270756992548E0));
#847=CARTESIAN_POINT('',(3.052988836636E1,-3.608271607098E1,-1.379644208438E0));
#848=CARTESIAN_POINT('',(3.052870742469E1,-3.623552097335E1,-1.514961594405E0));
#849=CARTESIAN_POINT('',(3.052732842191E1,-3.636452010394E1,-1.672981049410E0));
#850=CARTESIAN_POINT('',(3.052578602152E1,-3.646648217435E1,-1.849722202783E0));
#851=CARTESIAN_POINT('',(3.052412071325E1,-3.653870231327E1,-2.040547943872E0));
#852=CARTESIAN_POINT('',(3.052237621201E1,-3.657931468232E1,-2.240447152413E0));
#853=CARTESIAN_POINT('',(3.052059637178E1,-3.658728443032E1,-2.444399661084E0));
#854=CARTESIAN_POINT('',(3.051882963628E1,-3.656235597793E1,-2.646836254308E0));
#855=CARTESIAN_POINT('',(3.051712176541E1,-3.650535340350E1,-2.842580824220E0));
#856=CARTESIAN_POINT('',(3.051550963905E1,-3.641714800354E1,-3.027155641147E0));
#857=CARTESIAN_POINT('',(3.051455251750E1,-3.634085620553E1,-3.137220450828E0));
#858=CARTESIAN_POINT('',(3.051409385289E1,-3.629809009475E1,-3.189503008790E0));
#860=DIRECTION('',(5.316080095790E-8,-9.999999999939E-1,3.506437526188E-6));
#861=VECTOR('',#860,3.534809905094E0);
#862=CARTESIAN_POINT('',(3.051409385289E1,-3.629809009475E1,-3.189503008790E0));
#863=LINE('',#862,#861);
#864=DIRECTION('',(8.726535498371E-3,-8.267011272890E-11,9.999619230642E-1));
#865=VECTOR('',#864,2.143572234862E0);
#866=CARTESIAN_POINT('',(3.051409404080E1,-3.983289999982E1,-3.189490614199E0));
#867=LINE('',#866,#865);
#868=DIRECTION('',(8.724278786380E-3,-2.393333196580E-4,9.999619141143E-1));
#869=VECTOR('',#868,1.806778819479E-1);
#870=CARTESIAN_POINT('',(3.053122371579E1,-3.484285675776E1,-1.226671000671E0));
#871=LINE('',#870,#869);
#872=CARTESIAN_POINT('',(3.103120446885E1,-3.484290029140E1,-1.231011436098E0));
#873=DIRECTION('',(3.324502453576E-3,-9.245895607490E-1,3.809502485069E-1));
#874=DIRECTION('',(-9.999619107312E-1,5.822662366460E-7,8.727948586535E-3));
#875=AXIS2_PLACEMENT_3D('',#872,#873,#874);
#877=CARTESIAN_POINT('',(3.092884684097E1,-3.434769362464E1,-3.193853642279E0));
#878=DIRECTION('',(-2.124816268619E-1,6.187572463940E-1,7.563008847549E-1));
#879=DIRECTION('',(-9.424275460238E-1,-3.342965280448E-1,8.726501748833E-3));
#880=AXIS2_PLACEMENT_3D('',#877,#878,#879);
#882=CARTESIAN_POINT('',(3.093226721247E1,-3.484289835215E1,-3.560984302771E0));
#883=DIRECTION('',(1.719951218217E-1,9.108132467497E-1,3.752824371255E-1));
#884=DIRECTION('',(-9.090687628533E-1,-5.024630556515E-6,4.166461140814E-1));
#885=AXIS2_PLACEMENT_3D('',#882,#883,#884);
#887=CARTESIAN_POINT('',(3.047773275094E1,-3.484291908239E1,-3.352666249133E0));
#888=CARTESIAN_POINT('',(3.048355327957E1,-3.479609725787E1,-3.339965391743E0));
#889=CARTESIAN_POINT('',(3.048887015635E1,-3.470866858575E1,-3.309447283807E0));
#890=CARTESIAN_POINT('',(3.048111780155E1,-3.460064293481E1,-3.253643140357E0));
#891=CARTESIAN_POINT('',(3.046676977186E1,-3.454116876329E1,-3.211083897134E0));
#892=CARTESIAN_POINT('',(3.045762778964E1,-3.451483192097E1,-3.189478528489E0));
#894=CARTESIAN_POINT('',(2.95328E1,-3.426159072843E1,-3.186E0));
#895=DIRECTION('',(1.E0,0.E0,0.E0));
#896=DIRECTION('',(0.E0,0.E0,-1.E0));
#897=AXIS2_PLACEMENT_3D('',#894,#895,#896);
#899=CARTESIAN_POINT('',(3.088164166933E1,-3.532289943647E1,-3.655999007922E0));
#900=DIRECTION('',(-2.368052074917E-6,9.999999999969E-1,-8.260246387776E-7));
#901=DIRECTION('',(-8.528124545979E-1,-1.588139937668E-6,5.222173084840E-1));
#902=AXIS2_PLACEMENT_3D('',#899,#900,#901);
#904=CARTESIAN_POINT('',(3.103120447502E1,-3.503337659109E1,-1.693309031198E0));
#905=CARTESIAN_POINT('',(3.103138628772E1,-3.506389093041E1,-1.680737390839E0));
#906=CARTESIAN_POINT('',(3.103169265383E1,-3.512655798495E1,-1.659573043662E0));
#907=CARTESIAN_POINT('',(3.103197118983E1,-3.522383154278E1,-1.640313586949E0));
#908=CARTESIAN_POINT('',(3.103203358943E1,-3.528987093268E1,-1.636001784767E0));
#909=CARTESIAN_POINT('',(3.103203362109E1,-3.532289999987E1,-1.636000872199E0));
#911=CARTESIAN_POINT('',(3.092884634973E1,-3.473467892726E1,-2.877245874179E0));
#912=CARTESIAN_POINT('',(3.091191466305E1,-3.470494406944E1,-2.840900938200E0));
#913=CARTESIAN_POINT('',(3.087786064741E1,-3.465469194904E1,-2.766130672895E0));
#914=CARTESIAN_POINT('',(3.083457579240E1,-3.460208068457E1,-2.647139324200E0));
#915=CARTESIAN_POINT('',(3.080850126109E1,-3.457331116110E1,-2.536026902094E0));
#916=CARTESIAN_POINT('',(3.079813896873E1,-3.456141420521E1,-2.431677969686E0));
#917=CARTESIAN_POINT('',(3.080206846901E1,-3.456351117585E1,-2.328426553896E0));
#918=CARTESIAN_POINT('',(3.082080257309E1,-3.458032118607E1,-2.221606480309E0));
#919=CARTESIAN_POINT('',(3.085619008065E1,-3.461609981440E1,-2.107093492880E0));
#920=CARTESIAN_POINT('',(3.090748478162E1,-3.467716396758E1,-1.987333745333E0));
#921=CARTESIAN_POINT('',(3.096142955364E1,-3.476075900794E1,-1.878961032670E0));
#922=CARTESIAN_POINT('',(3.100185157068E1,-3.485171125175E1,-1.795959195460E0));
#923=CARTESIAN_POINT('',(3.102581621944E1,-3.494365784462E1,-1.734579096774E0));
#924=CARTESIAN_POINT('',(3.103102255843E1,-3.500407544404E1,-1.705384563345E0));
#925=CARTESIAN_POINT('',(3.103120447502E1,-3.503337659109E1,-1.693309031198E0));
#927=CARTESIAN_POINT('',(3.093226759794E1,-3.503337660436E1,-3.098690937242E0));
#928=CARTESIAN_POINT('',(3.094244745318E1,-3.500085406527E1,-3.085287565207E0));
#929=CARTESIAN_POINT('',(3.095718866534E1,-3.493955059939E1,-3.054701348141E0));
#930=CARTESIAN_POINT('',(3.096329974635E1,-3.486055358364E1,-3.001559910492E0));
#931=CARTESIAN_POINT('',(3.095460623404E1,-3.479160732107E1,-2.941868989036E0));
#932=CARTESIAN_POINT('',(3.093901227805E1,-3.475255885281E1,-2.899102631938E0));
#933=CARTESIAN_POINT('',(3.092884634973E1,-3.473467892726E1,-2.877245874179E0));
#935=CARTESIAN_POINT('',(3.088163777266E1,-3.53229E1,-3.155999430062E0));
#936=CARTESIAN_POINT('',(3.088164499691E1,-3.529438000593E1,-3.155998844433E0));
#937=CARTESIAN_POINT('',(3.088496085404E1,-3.523435984410E1,-3.152771784608E0));
#938=CARTESIAN_POINT('',(3.090193139257E1,-3.513751368469E1,-3.135445231370E0));
#939=CARTESIAN_POINT('',(3.092127613519E1,-3.506849176080E1,-3.113159148282E0));
#940=CARTESIAN_POINT('',(3.093226759794E1,-3.503337660436E1,-3.098690937242E0));
#942=DIRECTION('',(-1.E0,1.359655582095E-12,3.152027052231E-7));
#943=VECTOR('',#942,1.808162227336E0);
#944=CARTESIAN_POINT('',(3.26898E1,-3.53229E1,-3.156E0));
#945=LINE('',#944,#943);
#946=CARTESIAN_POINT('',(3.26898E1,-3.53229E1,-2.396E0));
#947=DIRECTION('',(1.E0,0.E0,0.E0));
#948=DIRECTION('',(0.E0,0.E0,-1.E0));
#949=AXIS2_PLACEMENT_3D('',#946,#947,#948);
#951=CARTESIAN_POINT('',(3.103203362109E1,-3.532289999987E1,-1.636000872199E0));
#952=CARTESIAN_POINT('',(3.103203352414E1,-3.537057586414E1,-1.636003669041E0));
#953=CARTESIAN_POINT('',(3.103190342840E1,-3.546591580522E1,-1.644999435649E0));
#954=CARTESIAN_POINT('',(3.103132497891E1,-3.560381055743E1,-1.684984703703E0));
#955=CARTESIAN_POINT('',(3.103038316376E1,-3.573184484306E1,-1.750076605117E0));
#956=CARTESIAN_POINT('',(3.102911247207E1,-3.584537252842E1,-1.837906453829E0));
#957=CARTESIAN_POINT('',(3.102755719457E1,-3.594047984944E1,-1.945400050994E0));
#958=CARTESIAN_POINT('',(3.102577275278E1,-3.601379474919E1,-2.068733591455E0));
#959=CARTESIAN_POINT('',(3.102382216196E1,-3.606276651643E1,-2.203551354834E0));
#960=CARTESIAN_POINT('',(3.102177308150E1,-3.608569524223E1,-2.345170046904E0));
#961=CARTESIAN_POINT('',(3.101969802379E1,-3.608176341831E1,-2.488600568621E0));
#962=CARTESIAN_POINT('',(3.101766832826E1,-3.605106396598E1,-2.628864486319E0));
#963=CARTESIAN_POINT('',(3.101575897432E1,-3.599470766442E1,-2.760865902475E0));
#964=CARTESIAN_POINT('',(3.101460873170E1,-3.594130494097E1,-2.840343773356E0));
#965=CARTESIAN_POINT('',(3.101407500234E1,-3.591111879533E1,-2.877244010504E0));
#967=DIRECTION('',(-9.999999999999E-1,7.716775763692E-11,-5.261287892376E-7));
#968=VECTOR('',#967,1.657766378908E0);
#969=CARTESIAN_POINT('',(3.26898E1,-3.53229E1,-1.636E0));
#970=LINE('',#969,#968);
#971=CARTESIAN_POINT('',(3.26898E1,-3.53229E1,-2.396E0));
#972=DIRECTION('',(1.E0,0.E0,0.E0));
#973=DIRECTION('',(0.E0,0.E0,1.E0));
#974=AXIS2_PLACEMENT_3D('',#971,#972,#973);
#976=CARTESIAN_POINT('',(3.101407500234E1,-3.591111879533E1,-2.877244010504E0));
#977=CARTESIAN_POINT('',(3.101373131492E1,-3.589180096247E1,-2.900852860586E0));
#978=CARTESIAN_POINT('',(3.100781380186E1,-3.584780894092E1,-2.948752774688E0));
#979=CARTESIAN_POINT('',(3.098387811840E1,-3.576499157434E1,-3.017734277869E0));
#980=CARTESIAN_POINT('',(3.094700729553E1,-3.565993103142E1,-3.081238157116E0));
#981=CARTESIAN_POINT('',(3.090903433461E1,-3.553933542199E1,-3.128059883708E0));
#982=CARTESIAN_POINT('',(3.088606686412E1,-3.542544920767E1,-3.151702398959E0));
#983=CARTESIAN_POINT('',(3.088164894468E1,-3.535574987097E1,-3.155998535418E0));
#984=CARTESIAN_POINT('',(3.088163777266E1,-3.53229E1,-3.155999430062E0));
#986=CARTESIAN_POINT('',(3.26898E1,-3.53229E1,-2.396E0));
#987=DIRECTION('',(1.E0,0.E0,0.E0));
#988=DIRECTION('',(0.E0,0.E0,1.E0));
#989=AXIS2_PLACEMENT_3D('',#986,#987,#988);
#991=CARTESIAN_POINT('',(3.26898E1,-3.53229E1,-2.396E0));
#992=DIRECTION('',(-1.E0,0.E0,0.E0));
#993=DIRECTION('',(0.E0,0.E0,1.E0));
#994=AXIS2_PLACEMENT_3D('',#991,#992,#993);
#996=CARTESIAN_POINT('',(3.288977749873E1,-3.53229E1,-1.631E0));
#997=DIRECTION('',(0.E0,-1.E0,0.E0));
#998=DIRECTION('',(2.438957463866E-1,0.E0,9.698014564304E-1));
#999=AXIS2_PLACEMENT_3D('',#996,#997,#998);
#1001=CARTESIAN_POINT('',(3.293855664801E1,-3.53229E1,-2.396E0));
#1002=DIRECTION('',(1.E0,0.E0,0.E0));
#1003=DIRECTION('',(0.E0,0.E0,1.E0));
#1004=AXIS2_PLACEMENT_3D('',#1001,#1002,#1003);
#1006=CARTESIAN_POINT('',(3.288977749873E1,-3.53229E1,-3.161E0));
#1007=DIRECTION('',(0.E0,1.E0,0.E0));
#1008=DIRECTION('',(2.438957463866E-1,0.E0,-9.698014564304E-1));
#1009=AXIS2_PLACEMENT_3D('',#1006,#1007,#1008);
#1011=CARTESIAN_POINT('',(3.293855664801E1,-3.53229E1,-2.396E0));
#1012=DIRECTION('',(-1.E0,0.E0,0.E0));
#1013=DIRECTION('',(0.E0,0.E0,1.E0));
#1014=AXIS2_PLACEMENT_3D('',#1011,#1012,#1013);
#1016=CARTESIAN_POINT('',(3.37098E1,-3.53229E1,-2.396E0));
#1017=DIRECTION('',(-1.E0,0.E0,0.E0));
#1018=DIRECTION('',(0.E0,0.E0,1.E0));
#1019=AXIS2_PLACEMENT_3D('',#1016,#1017,#1018);
#1021=DIRECTION('',(-9.698014564304E-1,0.E0,2.438957463866E-1));
#1022=VECTOR('',#1021,7.952590160332E-1);
#1023=CARTESIAN_POINT('',(3.37098E1,-3.53229E1,-1.631E0));
#1024=LINE('',#1023,#1022);
#1025=CARTESIAN_POINT('',(3.37098E1,-3.53229E1,-2.396E0));
#1026=DIRECTION('',(1.E0,0.E0,0.E0));
#1027=DIRECTION('',(0.E0,0.E0,1.E0));
#1028=AXIS2_PLACEMENT_3D('',#1025,#1026,#1027);
#1030=DIRECTION('',(-9.698014564304E-1,0.E0,-2.438957463866E-1));
#1031=VECTOR('',#1030,7.952590160332E-1);
#1032=CARTESIAN_POINT('',(3.37098E1,-3.53229E1,-3.161E0));
#1033=LINE('',#1032,#1031);
#1034=CARTESIAN_POINT('',(3.37098E1,-3.53229E1,-2.396E0));
#1035=DIRECTION('',(-1.E0,0.E0,0.E0));
#1036=DIRECTION('',(0.E0,0.E0,1.E0));
#1037=AXIS2_PLACEMENT_3D('',#1034,#1035,#1036);
#1039=CARTESIAN_POINT('',(3.37098E1,-3.53229E1,-2.396E0));
#1040=DIRECTION('',(-1.E0,0.E0,0.E0));
#1041=DIRECTION('',(0.E0,0.E0,-1.E0));
#1042=AXIS2_PLACEMENT_3D('',#1039,#1040,#1041);
#1044=CARTESIAN_POINT('',(3.160149072843E1,-3.53229E1,-2.396E0));
#1045=DIRECTION('',(-1.E0,0.E0,0.E0));
#1046=DIRECTION('',(0.E0,0.E0,1.E0));
#1047=AXIS2_PLACEMENT_3D('',#1044,#1045,#1046);
#1049=CARTESIAN_POINT('',(3.160149072843E1,-3.53229E1,-2.396E0));
#1050=DIRECTION('',(-1.E0,0.E0,0.E0));
#1051=DIRECTION('',(0.E0,0.E0,-1.E0));
#1052=AXIS2_PLACEMENT_3D('',#1049,#1050,#1051);
#1054=DIRECTION('',(-9.993908270191E-1,0.E0,3.489949670250E-2));
#1055=VECTOR('',#1054,2.109594379470E0);
#1056=CARTESIAN_POINT('',(3.37098E1,-3.53229E1,-2.906E0));
#1057=LINE('',#1056,#1055);
#1058=DIRECTION('',(-9.993908270191E-1,0.E0,-3.489949670250E-2));
#1059=VECTOR('',#1058,2.109594379470E0);
#1060=CARTESIAN_POINT('',(3.37098E1,-3.53229E1,-1.886E0));
#1061=LINE('',#1060,#1059);
#1062=CARTESIAN_POINT('',(3.011410927157E1,-3.98329E1,-3.186E0));
#1063=DIRECTION('',(0.E0,-1.E0,0.E0));
#1064=DIRECTION('',(0.E0,0.E0,-1.E0));
#1065=AXIS2_PLACEMENT_3D('',#1062,#1063,#1064);
#1067=CARTESIAN_POINT('',(2.95328E1,-4.041420927157E1,-3.186E0));
#1068=DIRECTION('',(-1.E0,0.E0,0.E0));
#1069=DIRECTION('',(0.E0,0.E0,-1.E0));
#1070=AXIS2_PLACEMENT_3D('',#1067,#1068,#1069);
#1072=CARTESIAN_POINT('',(2.21328E1,-4.041420927157E1,-3.186E0));
#1073=DIRECTION('',(-1.E0,0.E0,0.E0));
#1074=DIRECTION('',(0.E0,0.E0,-1.E0));
#1075=AXIS2_PLACEMENT_3D('',#1072,#1073,#1074);
#1077=CARTESIAN_POINT('',(2.155149072843E1,-3.98329E1,-3.186E0));
#1078=DIRECTION('',(0.E0,1.E0,0.E0));
#1079=DIRECTION('',(0.E0,0.E0,-1.E0));
#1080=AXIS2_PLACEMENT_3D('',#1077,#1078,#1079);
#1082=CARTESIAN_POINT('',(2.155149072843E1,-3.48429E1,-3.186E0));
#1083=DIRECTION('',(0.E0,1.E0,0.E0));
#1084=DIRECTION('',(0.E0,0.E0,-1.E0));
#1085=AXIS2_PLACEMENT_3D('',#1082,#1083,#1084);
#1087=CARTESIAN_POINT('',(2.233490213325E1,-3.222929266712E1,
-1.290357758269E0));
#1088=DIRECTION('',(-5.259446177186E-11,9.961946980917E-1,-8.715574274767E-2));
#1089=DIRECTION('',(6.171142002199E-1,6.858055317248E-2,7.838793093414E-1));
#1090=AXIS2_PLACEMENT_3D('',#1087,#1088,#1089);
#1092=CARTESIAN_POINT('',(2.170909786675E1,-3.222929266715E1,
-1.290357758267E0));
#1093=DIRECTION('',(5.260163919024E-11,-9.961946980917E-1,8.715574274767E-2));
#1094=DIRECTION('',(-6.171142002376E-1,6.858055310661E-2,7.838793093332E-1));
#1095=AXIS2_PLACEMENT_3D('',#1092,#1093,#1094);
#1097=CARTESIAN_POINT('',(2.2022E1,-3.222399561457E1,-1.229812170394E0));
#1098=DIRECTION('',(0.E0,8.715574274767E-2,9.961946980917E-1));
#1099=DIRECTION('',(-1.E0,0.E0,0.E0));
#1100=AXIS2_PLACEMENT_3D('',#1097,#1098,#1099);
#1102=DIRECTION('',(1.736481776669E-1,-8.583165117362E-2,-9.810602621907E-1));
#1103=VECTOR('',#1102,4.140591101025E-2);
#1104=CARTESIAN_POINT('',(2.267958484680E1,-3.222399561457E1,
-1.229812170394E0));
#1105=LINE('',#1104,#1103);
#1106=DIRECTION('',(1.E0,0.E0,0.E0));
#1107=VECTOR('',#1106,1.83E0);
#1108=CARTESIAN_POINT('',(2.1107E1,-3.2895E1,-1.212039516665E0));
#1109=LINE('',#1108,#1107);
#1110=CARTESIAN_POINT('',(2.2022E1,-3.222754955228E1,-1.270433864306E0));
#1111=DIRECTION('',(0.E0,-8.715574274767E-2,-9.961946980917E-1));
#1112=DIRECTION('',(-1.E0,0.E0,0.E0));
#1113=AXIS2_PLACEMENT_3D('',#1110,#1111,#1112);
#1115=CARTESIAN_POINT('',(2.2022E1,-3.222754955228E1,-1.270433864306E0));
#1116=DIRECTION('',(0.E0,-8.715574274767E-2,-9.961946980917E-1));
#1117=DIRECTION('',(1.E0,0.E0,0.E0));
#1118=AXIS2_PLACEMENT_3D('',#1115,#1116,#1117);
#1120=DIRECTION('',(0.E0,9.961946980917E-1,-8.715574274767E-2));
#1121=VECTOR('',#1120,1.823867003175E0);
#1122=CARTESIAN_POINT('',(2.1107E1,-3.2895E1,-1.212039516665E0));
#1123=LINE('',#1122,#1121);
#1124=DIRECTION('',(0.E0,-8.715574274765E-2,-9.961946980917E-1));
#1125=VECTOR('',#1124,2.5E-1);
#1126=CARTESIAN_POINT('',(2.1107E1,-3.2895E1,-1.212039516665E0));
#1127=LINE('',#1126,#1125);
#1128=DIRECTION('',(0.E0,9.961946980917E-1,-8.715574274767E-2));
#1129=VECTOR('',#1128,1.823867003175E0);
#1130=CARTESIAN_POINT('',(2.1107E1,-3.291678893569E1,-1.461088191188E0));
#1131=LINE('',#1130,#1129);
#1132=DIRECTION('',(0.E0,-8.715574274765E-2,-9.961946980917E-1));
#1133=VECTOR('',#1132,2.5E-1);
#1134=CARTESIAN_POINT('',(2.2937E1,-3.2895E1,-1.212039516665E0));
#1135=LINE('',#1134,#1133);
#1136=DIRECTION('',(0.E0,9.961946980917E-1,-8.715574274767E-2));
#1137=VECTOR('',#1136,1.823867003175E0);
#1138=CARTESIAN_POINT('',(2.2937E1,-3.2895E1,-1.212039516665E0));
#1139=LINE('',#1138,#1137);
#1140=DIRECTION('',(-1.421085471520E-14,-8.715574274767E-2,-9.961946980917E-1));
#1141=VECTOR('',#1140,2.5E-1);
#1142=CARTESIAN_POINT('',(2.2937E1,-3.107807336141E1,-1.371E0));
#1143=LINE('',#1142,#1141);
#1144=DIRECTION('',(0.E0,9.961946980917E-1,-8.715574274767E-2));
#1145=VECTOR('',#1144,1.823867003175E0);
#1146=CARTESIAN_POINT('',(2.2937E1,-3.291678893569E1,-1.461088191188E0));
#1147=LINE('',#1146,#1145);
#1148=CARTESIAN_POINT('',(2.2937E1,-3.1065E1,-1.221570795286E0));
#1149=DIRECTION('',(1.E0,0.E0,0.E0));
#1150=DIRECTION('',(0.E0,-8.715574274769E-2,-9.961946980917E-1));
#1151=AXIS2_PLACEMENT_3D('',#1148,#1149,#1150);
#1153=DIRECTION('',(-1.421085471520E-14,1.E0,0.E0));
#1154=VECTOR('',#1153,2.5E-1);
#1155=CARTESIAN_POINT('',(2.2937E1,-3.0915E1,-1.221570795286E0));
#1156=LINE('',#1155,#1154);
#1157=CARTESIAN_POINT('',(2.2937E1,-3.1065E1,-1.221570795286E0));
#1158=DIRECTION('',(1.E0,0.E0,0.E0));
#1159=DIRECTION('',(0.E0,-8.715574274769E-2,-9.961946980917E-1));
#1160=AXIS2_PLACEMENT_3D('',#1157,#1158,#1159);
#1162=DIRECTION('',(1.E0,0.E0,0.E0));
#1163=VECTOR('',#1162,1.83E0);
#1164=CARTESIAN_POINT('',(2.1107E1,-3.107807336141E1,-1.371E0));
#1165=LINE('',#1164,#1163);
#1166=CARTESIAN_POINT('',(2.1107E1,-3.1065E1,-1.221570795286E0));
#1167=DIRECTION('',(1.E0,0.E0,0.E0));
#1168=DIRECTION('',(0.E0,-8.715574274769E-2,-9.961946980917E-1));
#1169=AXIS2_PLACEMENT_3D('',#1166,#1167,#1168);
#1171=DIRECTION('',(0.E0,-8.715574274767E-2,-9.961946980917E-1));
#1172=VECTOR('',#1171,2.5E-1);
#1173=CARTESIAN_POINT('',(2.1107E1,-3.107807336141E1,-1.371E0));
#1174=LINE('',#1173,#1172);
#1175=CARTESIAN_POINT('',(2.1107E1,-3.1065E1,-1.221570795286E0));
#1176=DIRECTION('',(1.E0,0.E0,0.E0));
#1177=DIRECTION('',(0.E0,-8.715574274769E-2,-9.961946980917E-1));
#1178=AXIS2_PLACEMENT_3D('',#1175,#1176,#1177);
#1180=DIRECTION('',(1.E0,0.E0,0.E0));
#1181=VECTOR('',#1180,1.83E0);
#1182=CARTESIAN_POINT('',(2.1107E1,-3.109986229710E1,-1.620048674523E0));
#1183=LINE('',#1182,#1181);
#1184=DIRECTION('',(1.E0,0.E0,0.E0));
#1185=VECTOR('',#1184,1.83E0);
#1186=CARTESIAN_POINT('',(2.1107E1,-3.291678893569E1,-1.461088191188E0));
#1187=LINE('',#1186,#1185);
#1188=CARTESIAN_POINT('',(2.2022E1,-3.224933848797E1,-1.519482538829E0));
#1189=DIRECTION('',(0.E0,-8.715574274767E-2,-9.961946980917E-1));
#1190=DIRECTION('',(-1.E0,0.E0,0.E0));
#1191=AXIS2_PLACEMENT_3D('',#1188,#1189,#1190);
#1193=CARTESIAN_POINT('',(2.2022E1,-3.224933848797E1,-1.519482538829E0));
#1194=DIRECTION('',(0.E0,-8.715574274767E-2,-9.961946980917E-1));
#1195=DIRECTION('',(1.E0,0.E0,0.E0));
#1196=AXIS2_PLACEMENT_3D('',#1193,#1194,#1195);
#1198=DIRECTION('',(-1.736481776669E-1,-8.583165117780E-2,-9.810602621904E-1));
#1199=VECTOR('',#1198,2.511808188046E-1);
#1200=CARTESIAN_POINT('',(2.161061709145E1,-3.222777922354E1,
-1.273059018876E0));
#1201=LINE('',#1200,#1199);
#1202=CARTESIAN_POINT('',(2.2022E1,-3.222777922354E1,-1.273059018876E0));
#1203=DIRECTION('',(0.E0,8.715574274767E-2,9.961946980917E-1));
#1204=DIRECTION('',(1.E0,0.E0,0.E0));
#1205=AXIS2_PLACEMENT_3D('',#1202,#1203,#1204);
#1207=DIRECTION('',(1.736481776669E-1,-8.583165117706E-2,-9.810602621904E-1));
#1208=VECTOR('',#1207,2.511808188046E-1);
#1209=CARTESIAN_POINT('',(2.243338290855E1,-3.222777922354E1,
-1.273059018876E0));
#1210=LINE('',#1209,#1208);
#1211=CARTESIAN_POINT('',(2.2022E1,-3.222777922354E1,-1.273059018876E0));
#1212=DIRECTION('',(0.E0,8.715574274767E-2,9.961946980917E-1));
#1213=DIRECTION('',(-1.E0,0.E0,0.E0));
#1214=AXIS2_PLACEMENT_3D('',#1211,#1212,#1213);
#1216=CARTESIAN_POINT('',(2.170909786675E1,-3.222929266713E1,
-1.290357758268E0));
#1217=DIRECTION('',(0.E0,-9.961946980917E-1,8.715574274767E-2));
#1218=DIRECTION('',(0.E0,8.715574274767E-2,9.961946980917E-1));
#1219=AXIS2_PLACEMENT_3D('',#1216,#1217,#1218);
#1221=CARTESIAN_POINT('',(2.2022E1,-3.222057709286E1,-1.190738288459E0));
#1222=DIRECTION('',(0.E0,8.715574274767E-2,9.961946980917E-1));
#1223=DIRECTION('',(-1.E0,0.E0,0.E0));
#1224=AXIS2_PLACEMENT_3D('',#1221,#1222,#1223);
#1226=CARTESIAN_POINT('',(2.2022E1,-3.222057709286E1,-1.190738288459E0));
#1227=DIRECTION('',(0.E0,8.715574274767E-2,9.961946980917E-1));
#1228=DIRECTION('',(1.E0,0.E0,0.E0));
#1229=AXIS2_PLACEMENT_3D('',#1226,#1227,#1228);
#1231=CARTESIAN_POINT('',(2.233490213325E1,-3.222929266713E1,
-1.290357758268E0));
#1232=DIRECTION('',(0.E0,9.961946980917E-1,-8.715574274767E-2));
#1233=DIRECTION('',(0.E0,8.715574274767E-2,9.961946980917E-1));
#1234=AXIS2_PLACEMENT_3D('',#1231,#1232,#1233);
#1236=DIRECTION('',(1.E0,0.E0,0.E0));
#1237=VECTOR('',#1236,1.83E0);
#1238=CARTESIAN_POINT('',(2.1107E1,-3.0665E1,-1.221570795286E0));
#1239=LINE('',#1238,#1237);
#1240=DIRECTION('',(0.E0,0.E0,1.E0));
#1241=VECTOR('',#1240,1.351570795286E0);
#1242=CARTESIAN_POINT('',(2.1107E1,-3.0915E1,-1.221570795286E0));
#1243=LINE('',#1242,#1241);
#1244=DIRECTION('',(0.E0,1.E0,0.E0));
#1245=VECTOR('',#1244,2.5E-1);
#1246=CARTESIAN_POINT('',(2.1107E1,-3.0915E1,-1.221570795286E0));
#1247=LINE('',#1246,#1245);
#1248=DIRECTION('',(0.E0,0.E0,1.E0));
#1249=VECTOR('',#1248,1.351570795286E0);
#1250=CARTESIAN_POINT('',(2.1107E1,-3.0665E1,-1.221570795286E0));
#1251=LINE('',#1250,#1249);
#1252=DIRECTION('',(1.E0,0.E0,0.E0));
#1253=VECTOR('',#1252,1.83E0);
#1254=CARTESIAN_POINT('',(2.1107E1,-3.0915E1,-1.221570795286E0));
#1255=LINE('',#1254,#1253);
#1256=DIRECTION('',(1.E0,0.E0,0.E0));
#1257=VECTOR('',#1256,1.83E0);
#1258=CARTESIAN_POINT('',(2.1107E1,-3.0915E1,1.3E-1));
#1259=LINE('',#1258,#1257);
#1260=CARTESIAN_POINT('',(2.1107E1,-3.1065E1,1.3E-1));
#1261=DIRECTION('',(1.E0,0.E0,0.E0));
#1262=DIRECTION('',(0.E0,1.E0,0.E0));
#1263=AXIS2_PLACEMENT_3D('',#1260,#1261,#1262);
#1265=DIRECTION('',(0.E0,1.E0,0.E0));
#1266=VECTOR('',#1265,2.5E-1);
#1267=CARTESIAN_POINT('',(2.1107E1,-3.0915E1,1.3E-1));
#1268=LINE('',#1267,#1266);
#1269=CARTESIAN_POINT('',(2.1107E1,-3.1065E1,1.3E-1));
#1270=DIRECTION('',(1.E0,0.E0,0.E0));
#1271=DIRECTION('',(0.E0,1.E0,0.E0));
#1272=AXIS2_PLACEMENT_3D('',#1269,#1270,#1271);
#1274=DIRECTION('',(1.E0,0.E0,0.E0));
#1275=VECTOR('',#1274,1.83E0);
#1276=CARTESIAN_POINT('',(2.1107E1,-3.0665E1,1.3E-1));
#1277=LINE('',#1276,#1275);
#1278=CARTESIAN_POINT('',(2.2937E1,-3.1065E1,1.3E-1));
#1279=DIRECTION('',(1.E0,0.E0,0.E0));
#1280=DIRECTION('',(0.E0,1.E0,0.E0));
#1281=AXIS2_PLACEMENT_3D('',#1278,#1279,#1280);
#1283=DIRECTION('',(-1.421085471520E-14,1.421085471520E-14,1.E0));
#1284=VECTOR('',#1283,2.5E-1);
#1285=CARTESIAN_POINT('',(2.2937E1,-3.1065E1,2.8E-1));
#1286=LINE('',#1285,#1284);
#1287=CARTESIAN_POINT('',(2.2937E1,-3.1065E1,1.3E-1));
#1288=DIRECTION('',(1.E0,0.E0,0.E0));
#1289=DIRECTION('',(0.E0,1.E0,0.E0));
#1290=AXIS2_PLACEMENT_3D('',#1287,#1288,#1289);
#1292=DIRECTION('',(0.E0,-1.E0,0.E0));
#1293=VECTOR('',#1292,1.45E0);
#1294=CARTESIAN_POINT('',(2.2937E1,-3.1065E1,2.8E-1));
#1295=LINE('',#1294,#1293);
#1296=DIRECTION('',(0.E0,0.E0,1.E0));
#1297=VECTOR('',#1296,2.5E-1);
#1298=CARTESIAN_POINT('',(2.2937E1,-3.2515E1,2.8E-1));
#1299=LINE('',#1298,#1297);
#1300=DIRECTION('',(0.E0,-1.E0,0.E0));
#1301=VECTOR('',#1300,1.45E0);
#1302=CARTESIAN_POINT('',(2.2937E1,-3.1065E1,5.3E-1));
#1303=LINE('',#1302,#1301);
#1304=DIRECTION('',(1.E0,0.E0,0.E0));
#1305=VECTOR('',#1304,1.83E0);
#1306=CARTESIAN_POINT('',(2.1107E1,-3.1065E1,2.8E-1));
#1307=LINE('',#1306,#1305);
#1308=CARTESIAN_POINT('',(2.2022E1,-3.1825E1,2.8E-1));
#1309=DIRECTION('',(0.E0,0.E0,1.E0));
#1310=DIRECTION('',(0.E0,1.E0,0.E0));
#1311=AXIS2_PLACEMENT_3D('',#1308,#1309,#1310);
#1313=CARTESIAN_POINT('',(2.2022E1,-3.1825E1,2.8E-1));
#1314=DIRECTION('',(0.E0,0.E0,1.E0));
#1315=DIRECTION('',(0.E0,-1.E0,0.E0));
#1316=AXIS2_PLACEMENT_3D('',#1313,#1314,#1315);
#1318=DIRECTION('',(0.E0,-1.E0,0.E0));
#1319=VECTOR('',#1318,1.45E0);
#1320=CARTESIAN_POINT('',(2.1107E1,-3.1065E1,2.8E-1));
#1321=LINE('',#1320,#1319);
#1322=DIRECTION('',(0.E0,1.421085471520E-14,1.E0));
#1323=VECTOR('',#1322,2.5E-1);
#1324=CARTESIAN_POINT('',(2.1107E1,-3.1065E1,2.8E-1));
#1325=LINE('',#1324,#1323);
#1326=DIRECTION('',(0.E0,-1.E0,0.E0));
#1327=VECTOR('',#1326,1.45E0);
#1328=CARTESIAN_POINT('',(2.1107E1,-3.1065E1,5.3E-1));
#1329=LINE('',#1328,#1327);
#1330=DIRECTION('',(1.E0,0.E0,0.E0));
#1331=VECTOR('',#1330,1.83E0);
#1332=CARTESIAN_POINT('',(2.1107E1,-3.1065E1,5.3E-1));
#1333=LINE('',#1332,#1331);
#1334=CARTESIAN_POINT('',(2.2022E1,-3.1825E1,5.3E-1));
#1335=DIRECTION('',(0.E0,0.E0,1.E0));
#1336=DIRECTION('',(0.E0,1.E0,0.E0));
#1337=AXIS2_PLACEMENT_3D('',#1334,#1335,#1336);
#1339=CARTESIAN_POINT('',(2.2022E1,-3.1825E1,5.3E-1));
#1340=DIRECTION('',(0.E0,0.E0,1.E0));
#1341=DIRECTION('',(0.E0,-1.E0,0.E0));
#1342=AXIS2_PLACEMENT_3D('',#1339,#1340,#1341);
#1344=DIRECTION('',(1.E0,0.E0,0.E0));
#1345=VECTOR('',#1344,1.83E0);
#1346=CARTESIAN_POINT('',(2.1107E1,-3.2515E1,5.3E-1));
#1347=LINE('',#1346,#1345);
#1348=CARTESIAN_POINT('',(2.1107E1,-3.2515E1,6.6E-1));
#1349=DIRECTION('',(-1.E0,0.E0,0.E0));
#1350=DIRECTION('',(0.E0,0.E0,-1.E0));
#1351=AXIS2_PLACEMENT_3D('',#1348,#1349,#1350);
#1353=DIRECTION('',(0.E0,0.E0,1.E0));
#1354=VECTOR('',#1353,2.5E-1);
#1355=CARTESIAN_POINT('',(2.1107E1,-3.2515E1,2.8E-1));
#1356=LINE('',#1355,#1354);
#1357=CARTESIAN_POINT('',(2.1107E1,-3.2515E1,6.6E-1));
#1358=DIRECTION('',(-1.E0,0.E0,0.E0));
#1359=DIRECTION('',(0.E0,0.E0,-1.E0));
#1360=AXIS2_PLACEMENT_3D('',#1357,#1358,#1359);
#1362=DIRECTION('',(1.E0,0.E0,0.E0));
#1363=VECTOR('',#1362,1.83E0);
#1364=CARTESIAN_POINT('',(2.1107E1,-3.2515E1,2.8E-1));
#1365=LINE('',#1364,#1363);
#1366=DIRECTION('',(-1.E0,-1.268826313857E-14,0.E0));
#1367=VECTOR('',#1366,2.8E-1);
#1368=CARTESIAN_POINT('',(2.2937E1,-3.1065E1,1.04E0));
#1369=LINE('',#1368,#1367);
#1370=DIRECTION('',(1.E0,0.E0,0.E0));
#1371=VECTOR('',#1370,1.83E0);
#1372=CARTESIAN_POINT('',(2.1107E1,-3.2515E1,1.04E0));
#1373=LINE('',#1372,#1371);
#1374=DIRECTION('',(-1.E0,1.268826313857E-14,0.E0));
#1375=VECTOR('',#1374,2.8E-1);
#1376=CARTESIAN_POINT('',(2.1387E1,-3.1065E1,1.04E0));
#1377=LINE('',#1376,#1375);
#1378=DIRECTION('',(-1.421085471520E-14,0.E0,-1.E0));
#1379=VECTOR('',#1378,2.5E-1);
#1380=CARTESIAN_POINT('',(2.2657E1,-3.1065E1,1.04E0));
#1381=LINE('',#1380,#1379);
#1382=DIRECTION('',(0.E0,1.E0,0.E0));
#1383=VECTOR('',#1382,2.5E-1);
#1384=CARTESIAN_POINT('',(2.2657E1,-3.0915E1,1.19E0));
#1385=LINE('',#1384,#1383);
#1386=CARTESIAN_POINT('',(2.2657E1,-3.1065E1,1.19E0));
#1387=DIRECTION('',(-1.E0,0.E0,0.E0));
#1388=DIRECTION('',(0.E0,1.E0,0.E0));
#1389=AXIS2_PLACEMENT_3D('',#1386,#1387,#1388);
#1391=DIRECTION('',(1.E0,0.E0,0.E0));
#1392=VECTOR('',#1391,1.27E0);
#1393=CARTESIAN_POINT('',(2.1387E1,-3.1065E1,1.04E0));
#1394=LINE('',#1393,#1392);
#1395=CARTESIAN_POINT('',(2.1387E1,-3.1065E1,1.19E0));
#1396=DIRECTION('',(-1.E0,0.E0,0.E0));
#1397=DIRECTION('',(0.E0,1.E0,0.E0));
#1398=AXIS2_PLACEMENT_3D('',#1395,#1396,#1397);
#1400=DIRECTION('',(0.E0,0.E0,-1.E0));
#1401=VECTOR('',#1400,2.5E-1);
#1402=CARTESIAN_POINT('',(2.1387E1,-3.1065E1,1.04E0));
#1403=LINE('',#1402,#1401);
#1404=DIRECTION('',(0.E0,0.E0,-1.E0));
#1405=VECTOR('',#1404,2.5E-1);
#1406=CARTESIAN_POINT('',(2.1107E1,-3.1065E1,1.04E0));
#1407=LINE('',#1406,#1405);
#1408=DIRECTION('',(0.E0,1.E0,0.E0));
#1409=VECTOR('',#1408,1.45E0);
#1410=CARTESIAN_POINT('',(2.1107E1,-3.2515E1,1.04E0));
#1411=LINE('',#1410,#1409);
#1412=DIRECTION('',(0.E0,0.E0,-1.E0));
#1413=VECTOR('',#1412,2.5E-1);
#1414=CARTESIAN_POINT('',(2.1107E1,-3.2515E1,1.04E0));
#1415=LINE('',#1414,#1413);
#1416=DIRECTION('',(0.E0,1.E0,0.E0));
#1417=VECTOR('',#1416,1.45E0);
#1418=CARTESIAN_POINT('',(2.1107E1,-3.2515E1,7.9E-1));
#1419=LINE('',#1418,#1417);
#1420=DIRECTION('',(-1.E0,-1.268826313857E-14,0.E0));
#1421=VECTOR('',#1420,2.8E-1);
#1422=CARTESIAN_POINT('',(2.2937E1,-3.1065E1,7.9E-1));
#1423=LINE('',#1422,#1421);
#1424=DIRECTION('',(-1.E0,1.268826313857E-14,0.E0));
#1425=VECTOR('',#1424,2.8E-1);
#1426=CARTESIAN_POINT('',(2.1387E1,-3.1065E1,7.9E-1));
#1427=LINE('',#1426,#1425);
#1428=DIRECTION('',(1.E0,0.E0,0.E0));
#1429=VECTOR('',#1428,1.83E0);
#1430=CARTESIAN_POINT('',(2.1107E1,-3.2515E1,7.9E-1));
#1431=LINE('',#1430,#1429);
#1432=CARTESIAN_POINT('',(2.2657E1,-3.1065E1,1.19E0));
#1433=DIRECTION('',(-1.E0,0.E0,0.E0));
#1434=DIRECTION('',(0.E0,1.E0,0.E0));
#1435=AXIS2_PLACEMENT_3D('',#1432,#1433,#1434);
#1437=CARTESIAN_POINT('',(2.1387E1,-3.1065E1,1.19E0));
#1438=DIRECTION('',(-1.E0,0.E0,0.E0));
#1439=DIRECTION('',(0.E0,1.E0,0.E0));
#1440=AXIS2_PLACEMENT_3D('',#1437,#1438,#1439);
#1442=DIRECTION('',(1.E0,0.E0,0.E0));
#1443=VECTOR('',#1442,1.27E0);
#1444=CARTESIAN_POINT('',(2.1387E1,-3.1065E1,7.9E-1));
#1445=LINE('',#1444,#1443);
#1446=DIRECTION('',(-1.E0,0.E0,0.E0));
#1447=VECTOR('',#1446,4.6E-1);
#1448=CARTESIAN_POINT('',(2.2252E1,-3.0665E1,7.62E0));
#1449=LINE('',#1448,#1447);
#1450=DIRECTION('',(0.E0,0.E0,-1.E0));
#1451=VECTOR('',#1450,3.81E0);
#1452=CARTESIAN_POINT('',(2.1792E1,-3.0665E1,7.62E0));
#1453=LINE('',#1452,#1451);
#1454=DIRECTION('',(-7.071067811865E-1,-1.240566880935E-14,-7.071067811866E-1));
#1455=VECTOR('',#1454,5.727564927611E-1);
#1456=CARTESIAN_POINT('',(2.1792E1,-3.0665E1,3.81E0));
#1457=LINE('',#1456,#1455);
#1458=DIRECTION('',(0.E0,0.E0,1.E0));
#1459=VECTOR('',#1458,2.215E0);
#1460=CARTESIAN_POINT('',(2.1387E1,-3.0665E1,1.19E0));
#1461=LINE('',#1460,#1459);
#1462=DIRECTION('',(1.E0,0.E0,0.E0));
#1463=VECTOR('',#1462,1.27E0);
#1464=CARTESIAN_POINT('',(2.1387E1,-3.0665E1,1.19E0));
#1465=LINE('',#1464,#1463);
#1466=DIRECTION('',(0.E0,0.E0,1.E0));
#1467=VECTOR('',#1466,2.215E0);
#1468=CARTESIAN_POINT('',(2.2657E1,-3.0665E1,1.19E0));
#1469=LINE('',#1468,#1467);
#1470=DIRECTION('',(-7.071067811865E-1,1.240566880935E-14,7.071067811866E-1));
#1471=VECTOR('',#1470,5.727564927611E-1);
#1472=CARTESIAN_POINT('',(2.2657E1,-3.0665E1,3.405E0));
#1473=LINE('',#1472,#1471);
#1474=DIRECTION('',(0.E0,0.E0,-1.E0));
#1475=VECTOR('',#1474,3.81E0);
#1476=CARTESIAN_POINT('',(2.2252E1,-3.0665E1,7.62E0));
#1477=LINE('',#1476,#1475);
#1478=DIRECTION('',(-1.E0,0.E0,0.E0));
#1479=VECTOR('',#1478,4.6E-1);
#1480=CARTESIAN_POINT('',(2.2252E1,-3.0915E1,7.62E0));
#1481=LINE('',#1480,#1479);
#1482=DIRECTION('',(0.E0,0.E0,-1.E0));
#1483=VECTOR('',#1482,3.81E0);
#1484=CARTESIAN_POINT('',(2.2252E1,-3.0915E1,7.62E0));
#1485=LINE('',#1484,#1483);
#1486=DIRECTION('',(-7.071067811865E-1,1.240566880935E-14,7.071067811866E-1));
#1487=VECTOR('',#1486,5.727564927611E-1);
#1488=CARTESIAN_POINT('',(2.2657E1,-3.0915E1,3.405E0));
#1489=LINE('',#1488,#1487);
#1490=DIRECTION('',(0.E0,0.E0,1.E0));
#1491=VECTOR('',#1490,2.215E0);
#1492=CARTESIAN_POINT('',(2.2657E1,-3.0915E1,1.19E0));
#1493=LINE('',#1492,#1491);
#1494=DIRECTION('',(1.E0,0.E0,0.E0));
#1495=VECTOR('',#1494,1.27E0);
#1496=CARTESIAN_POINT('',(2.1387E1,-3.0915E1,1.19E0));
#1497=LINE('',#1496,#1495);
#1498=DIRECTION('',(0.E0,0.E0,1.E0));
#1499=VECTOR('',#1498,2.215E0);
#1500=CARTESIAN_POINT('',(2.1387E1,-3.0915E1,1.19E0));
#1501=LINE('',#1500,#1499);
#1502=DIRECTION('',(-7.071067811865E-1,-1.240566880935E-14,-7.071067811866E-1));
#1503=VECTOR('',#1502,5.727564927611E-1);
#1504=CARTESIAN_POINT('',(2.1792E1,-3.0915E1,3.81E0));
#1505=LINE('',#1504,#1503);
#1506=DIRECTION('',(0.E0,0.E0,-1.E0));
#1507=VECTOR('',#1506,3.81E0);
#1508=CARTESIAN_POINT('',(2.1792E1,-3.0915E1,7.62E0));
#1509=LINE('',#1508,#1507);
#1510=DIRECTION('',(0.E0,-1.E0,0.E0));
#1511=VECTOR('',#1510,2.5E-1);
#1512=CARTESIAN_POINT('',(2.2252E1,-3.0665E1,7.62E0));
#1513=LINE('',#1512,#1511);
#1514=DIRECTION('',(0.E0,1.E0,0.E0));
#1515=VECTOR('',#1514,2.5E-1);
#1516=CARTESIAN_POINT('',(2.2252E1,-3.0915E1,3.81E0));
#1517=LINE('',#1516,#1515);
#1518=DIRECTION('',(1.421085471520E-14,1.E0,0.E0));
#1519=VECTOR('',#1518,2.5E-1);
#1520=CARTESIAN_POINT('',(2.2657E1,-3.0915E1,3.405E0));
#1521=LINE('',#1520,#1519);
#1522=DIRECTION('',(0.E0,1.E0,0.E0));
#1523=VECTOR('',#1522,2.5E-1);
#1524=CARTESIAN_POINT('',(2.1387E1,-3.0915E1,1.19E0));
#1525=LINE('',#1524,#1523);
#1526=DIRECTION('',(0.E0,1.E0,0.E0));
#1527=VECTOR('',#1526,2.5E-1);
#1528=CARTESIAN_POINT('',(2.1387E1,-3.0915E1,3.405E0));
#1529=LINE('',#1528,#1527);
#1530=DIRECTION('',(0.E0,-1.E0,0.E0));
#1531=VECTOR('',#1530,2.5E-1);
#1532=CARTESIAN_POINT('',(2.1792E1,-3.0665E1,7.62E0));
#1533=LINE('',#1532,#1531);
#1534=DIRECTION('',(0.E0,1.E0,0.E0));
#1535=VECTOR('',#1534,2.5E-1);
#1536=CARTESIAN_POINT('',(2.1792E1,-3.0915E1,3.81E0));
#1537=LINE('',#1536,#1535);
#1538=DIRECTION('',(1.421085471520E-14,0.E0,-1.E0));
#1539=VECTOR('',#1538,2.5E-1);
#1540=CARTESIAN_POINT('',(2.2937E1,-3.1065E1,1.04E0));
#1541=LINE('',#1540,#1539);
#1542=DIRECTION('',(0.E0,1.E0,0.E0));
#1543=VECTOR('',#1542,1.45E0);
#1544=CARTESIAN_POINT('',(2.2937E1,-3.2515E1,7.9E-1));
#1545=LINE('',#1544,#1543);
#1546=DIRECTION('',(0.E0,1.E0,0.E0));
#1547=VECTOR('',#1546,1.45E0);
#1548=CARTESIAN_POINT('',(2.2937E1,-3.2515E1,1.04E0));
#1549=LINE('',#1548,#1547);
#1550=CARTESIAN_POINT('',(2.2937E1,-3.2515E1,6.6E-1));
#1551=DIRECTION('',(-1.E0,0.E0,0.E0));
#1552=DIRECTION('',(0.E0,0.E0,-1.E0));
#1553=AXIS2_PLACEMENT_3D('',#1550,#1551,#1552);
#1555=DIRECTION('',(-1.421085471520E-14,0.E0,-1.E0));
#1556=VECTOR('',#1555,2.5E-1);
#1557=CARTESIAN_POINT('',(2.2937E1,-3.2515E1,1.04E0));
#1558=LINE('',#1557,#1556);
#1559=CARTESIAN_POINT('',(2.2937E1,-3.2515E1,6.6E-1));
#1560=DIRECTION('',(-1.E0,0.E0,0.E0));
#1561=DIRECTION('',(0.E0,0.E0,-1.E0));
#1562=AXIS2_PLACEMENT_3D('',#1559,#1560,#1561);
#1564=DIRECTION('',(0.E0,-1.736481776669E-1,9.848077530122E-1));
#1565=VECTOR('',#1564,2.843194513280E-1);
#1566=CARTESIAN_POINT('',(2.2022E1,-3.224085353761E1,2.5E-1));
#1567=LINE('',#1566,#1565);
#1568=DIRECTION('',(0.E0,1.736481776670E-1,9.848077530122E-1));
#1569=VECTOR('',#1568,2.843194513280E-1);
#1570=CARTESIAN_POINT('',(2.2022E1,-3.140914646239E1,2.5E-1));
#1571=LINE('',#1570,#1569);
#1572=CARTESIAN_POINT('',(2.2022E1,-3.1825E1,2.5E-1));
#1573=DIRECTION('',(0.E0,0.E0,1.E0));
#1574=DIRECTION('',(0.E0,1.E0,0.E0));
#1575=AXIS2_PLACEMENT_3D('',#1572,#1573,#1574);
#1577=CARTESIAN_POINT('',(2.2022E1,-3.1825E1,2.5E-1));
#1578=DIRECTION('',(0.E0,0.E0,1.E0));
#1579=DIRECTION('',(0.E0,-1.E0,0.E0));
#1580=AXIS2_PLACEMENT_3D('',#1577,#1578,#1579);
#1582=CARTESIAN_POINT('',(2.2022E1,-3.1825E1,1.239527733500E-1));
#1583=DIRECTION('',(0.E0,0.E0,-1.E0));
#1584=DIRECTION('',(0.E0,-1.E0,0.E0));
#1585=AXIS2_PLACEMENT_3D('',#1582,#1583,#1584);
#1587=CARTESIAN_POINT('',(2.2022E1,-3.232476350073E1,1.5E-1));
#1588=DIRECTION('',(-1.E0,0.E0,0.E0));
#1589=DIRECTION('',(0.E0,0.E0,-1.E0));
#1590=AXIS2_PLACEMENT_3D('',#1587,#1588,#1589);
#1592=CARTESIAN_POINT('',(2.2022E1,-3.132523649927E1,1.5E-1));
#1593=DIRECTION('',(1.E0,0.E0,0.E0));
#1594=DIRECTION('',(0.E0,0.E0,-1.E0));
#1595=AXIS2_PLACEMENT_3D('',#1592,#1593,#1594);
#1597=CARTESIAN_POINT('',(2.2022E1,-3.1825E1,1.239527733500E-1));
#1598=DIRECTION('',(0.E0,0.E0,-1.E0));
#1599=DIRECTION('',(0.E0,1.E0,0.E0));
#1600=AXIS2_PLACEMENT_3D('',#1597,#1598,#1599);
#1602=DIRECTION('',(-2.527881755255E-9,-1.736481776670E-1,9.848077530122E-1));
#1603=VECTOR('',#1602,1.584545066625E-1);
#1604=CARTESIAN_POINT('',(2.202200000040E1,-3.247248466367E1,
1.239527733390E-1));
#1605=LINE('',#1604,#1603);
#1606=DIRECTION('',(2.527881755255E-9,1.736481776669E-1,9.848077530122E-1));
#1607=VECTOR('',#1606,1.584545066625E-1);
#1608=CARTESIAN_POINT('',(2.202199999960E1,-3.117751533633E1,
1.239527733390E-1));
#1609=LINE('',#1608,#1607);
#1610=DIRECTION('',(0.E0,0.E0,1.E0));
#1611=VECTOR('',#1610,1.351570795286E0);
#1612=CARTESIAN_POINT('',(2.2937E1,-3.0915E1,-1.221570795286E0));
#1613=LINE('',#1612,#1611);
#1614=DIRECTION('',(0.E0,1.E0,0.E0));
#1615=VECTOR('',#1614,2.5E-1);
#1616=CARTESIAN_POINT('',(2.2937E1,-3.0915E1,1.3E-1));
#1617=LINE('',#1616,#1615);
#1618=DIRECTION('',(0.E0,0.E0,1.E0));
#1619=VECTOR('',#1618,1.351570795286E0);
#1620=CARTESIAN_POINT('',(2.2937E1,-3.0665E1,-1.221570795286E0));
#1621=LINE('',#1620,#1619);
#1622=CARTESIAN_POINT('',(2.2022E1,-3.222399561457E1,-1.229812170394E0));
#1623=DIRECTION('',(0.E0,8.715574274767E-2,9.961946980917E-1));
#1624=DIRECTION('',(1.E0,0.E0,0.E0));
#1625=AXIS2_PLACEMENT_3D('',#1622,#1623,#1624);
#1627=DIRECTION('',(-1.736481776670E-1,-8.583165118099E-2,-9.810602621901E-1));
#1628=VECTOR('',#1627,4.140591101025E-2);
#1629=CARTESIAN_POINT('',(2.136441515320E1,-3.222399561457E1,
-1.229812170394E0));
#1630=LINE('',#1629,#1628);
#1631=CARTESIAN_POINT('',(2.170909786675E1,-4.244670733288E1,
-1.290357758269E0));
#1632=DIRECTION('',(5.259441319960E-11,-9.961946980917E-1,-8.715574274767E-2));
#1633=DIRECTION('',(-6.171142002199E-1,-6.858055317248E-2,7.838793093414E-1));
#1634=AXIS2_PLACEMENT_3D('',#1631,#1632,#1633);
#1636=CARTESIAN_POINT('',(2.233490213325E1,-4.244670733285E1,
-1.290357758267E0));
#1637=DIRECTION('',(-5.260504705451E-11,9.961946980917E-1,8.715574274767E-2));
#1638=DIRECTION('',(6.171142002376E-1,-6.858055310661E-2,7.838793093332E-1));
#1639=AXIS2_PLACEMENT_3D('',#1636,#1637,#1638);
#1641=CARTESIAN_POINT('',(2.2022E1,-4.245200438543E1,-1.229812170394E0));
#1642=DIRECTION('',(0.E0,-8.715574274767E-2,9.961946980917E-1));
#1643=DIRECTION('',(1.E0,0.E0,0.E0));
#1644=AXIS2_PLACEMENT_3D('',#1641,#1642,#1643);
#1646=DIRECTION('',(-1.736481776670E-1,8.583165117396E-2,-9.810602621907E-1));
#1647=VECTOR('',#1646,4.140591101025E-2);
#1648=CARTESIAN_POINT('',(2.136441515320E1,-4.245200438543E1,
-1.229812170394E0));
#1649=LINE('',#1648,#1647);
#1650=DIRECTION('',(-1.E0,0.E0,0.E0));
#1651=VECTOR('',#1650,1.83E0);
#1652=CARTESIAN_POINT('',(2.2937E1,-4.1781E1,-1.212039516665E0));
#1653=LINE('',#1652,#1651);
#1654=CARTESIAN_POINT('',(2.2022E1,-4.244845044772E1,-1.270433864306E0));
#1655=DIRECTION('',(0.E0,8.715574274767E-2,-9.961946980917E-1));
#1656=DIRECTION('',(1.E0,0.E0,0.E0));
#1657=AXIS2_PLACEMENT_3D('',#1654,#1655,#1656);
#1659=CARTESIAN_POINT('',(2.2022E1,-4.244845044772E1,-1.270433864306E0));
#1660=DIRECTION('',(0.E0,8.715574274767E-2,-9.961946980917E-1));
#1661=DIRECTION('',(-1.E0,0.E0,0.E0));
#1662=AXIS2_PLACEMENT_3D('',#1659,#1660,#1661);
#1664=DIRECTION('',(0.E0,-9.961946980917E-1,-8.715574274767E-2));
#1665=VECTOR('',#1664,1.823867003175E0);
#1666=CARTESIAN_POINT('',(2.2937E1,-4.1781E1,-1.212039516665E0));
#1667=LINE('',#1666,#1665);
#1668=DIRECTION('',(0.E0,8.715574274765E-2,-9.961946980917E-1));
#1669=VECTOR('',#1668,2.5E-1);
#1670=CARTESIAN_POINT('',(2.2937E1,-4.1781E1,-1.212039516665E0));
#1671=LINE('',#1670,#1669);
#1672=DIRECTION('',(0.E0,-9.961946980917E-1,-8.715574274767E-2));
#1673=VECTOR('',#1672,1.823867003175E0);
#1674=CARTESIAN_POINT('',(2.2937E1,-4.175921106431E1,-1.461088191188E0));
#1675=LINE('',#1674,#1673);
#1676=DIRECTION('',(0.E0,8.715574274765E-2,-9.961946980917E-1));
#1677=VECTOR('',#1676,2.5E-1);
#1678=CARTESIAN_POINT('',(2.1107E1,-4.1781E1,-1.212039516665E0));
#1679=LINE('',#1678,#1677);
#1680=DIRECTION('',(0.E0,-9.961946980917E-1,-8.715574274767E-2));
#1681=VECTOR('',#1680,1.823867003175E0);
#1682=CARTESIAN_POINT('',(2.1107E1,-4.1781E1,-1.212039516665E0));
#1683=LINE('',#1682,#1681);
#1684=DIRECTION('',(0.E0,8.715574274765E-2,-9.961946980917E-1));
#1685=VECTOR('',#1684,2.5E-1);
#1686=CARTESIAN_POINT('',(2.1107E1,-4.359792663859E1,-1.371E0));
#1687=LINE('',#1686,#1685);
#1688=DIRECTION('',(0.E0,-9.961946980917E-1,-8.715574274767E-2));
#1689=VECTOR('',#1688,1.823867003175E0);
#1690=CARTESIAN_POINT('',(2.1107E1,-4.175921106431E1,-1.461088191188E0));
#1691=LINE('',#1690,#1689);
#1692=CARTESIAN_POINT('',(2.1107E1,-4.3611E1,-1.221570795286E0));
#1693=DIRECTION('',(-1.E0,0.E0,0.E0));
#1694=DIRECTION('',(0.E0,8.715574274765E-2,-9.961946980917E-1));
#1695=AXIS2_PLACEMENT_3D('',#1692,#1693,#1694);
#1697=DIRECTION('',(0.E0,-1.E0,0.E0));
#1698=VECTOR('',#1697,2.5E-1);
#1699=CARTESIAN_POINT('',(2.1107E1,-4.3761E1,-1.221570795286E0));
#1700=LINE('',#1699,#1698);
#1701=CARTESIAN_POINT('',(2.1107E1,-4.3611E1,-1.221570795286E0));
#1702=DIRECTION('',(-1.E0,0.E0,0.E0));
#1703=DIRECTION('',(0.E0,8.715574274767E-2,-9.961946980917E-1));
#1704=AXIS2_PLACEMENT_3D('',#1701,#1702,#1703);
#1706=DIRECTION('',(-1.E0,0.E0,0.E0));
#1707=VECTOR('',#1706,1.83E0);
#1708=CARTESIAN_POINT('',(2.2937E1,-4.359792663859E1,-1.371E0));
#1709=LINE('',#1708,#1707);
#1710=CARTESIAN_POINT('',(2.2937E1,-4.3611E1,-1.221570795286E0));
#1711=DIRECTION('',(-1.E0,0.E0,0.E0));
#1712=DIRECTION('',(0.E0,8.715574274765E-2,-9.961946980917E-1));
#1713=AXIS2_PLACEMENT_3D('',#1710,#1711,#1712);
#1715=DIRECTION('',(0.E0,8.715574274766E-2,-9.961946980917E-1));
#1716=VECTOR('',#1715,2.5E-1);
#1717=CARTESIAN_POINT('',(2.2937E1,-4.359792663859E1,-1.371E0));
#1718=LINE('',#1717,#1716);
#1719=CARTESIAN_POINT('',(2.2937E1,-4.3611E1,-1.221570795286E0));
#1720=DIRECTION('',(-1.E0,0.E0,0.E0));
#1721=DIRECTION('',(0.E0,8.715574274767E-2,-9.961946980917E-1));
#1722=AXIS2_PLACEMENT_3D('',#1719,#1720,#1721);
#1724=DIRECTION('',(-1.E0,0.E0,0.E0));
#1725=VECTOR('',#1724,1.83E0);
#1726=CARTESIAN_POINT('',(2.2937E1,-4.357613770290E1,-1.620048674523E0));
#1727=LINE('',#1726,#1725);
#1728=DIRECTION('',(-1.E0,0.E0,0.E0));
#1729=VECTOR('',#1728,1.83E0);
#1730=CARTESIAN_POINT('',(2.2937E1,-4.175921106431E1,-1.461088191188E0));
#1731=LINE('',#1730,#1729);
#1732=CARTESIAN_POINT('',(2.2022E1,-4.242666151203E1,-1.519482538829E0));
#1733=DIRECTION('',(0.E0,8.715574274767E-2,-9.961946980917E-1));
#1734=DIRECTION('',(1.E0,0.E0,0.E0));
#1735=AXIS2_PLACEMENT_3D('',#1732,#1733,#1734);
#1737=CARTESIAN_POINT('',(2.2022E1,-4.242666151203E1,-1.519482538829E0));
#1738=DIRECTION('',(0.E0,8.715574274767E-2,-9.961946980917E-1));
#1739=DIRECTION('',(-1.E0,0.E0,0.E0));
#1740=AXIS2_PLACEMENT_3D('',#1737,#1738,#1739);
#1742=DIRECTION('',(1.736481776669E-1,8.583165117783E-2,-9.810602621904E-1));
#1743=VECTOR('',#1742,2.511808188046E-1);
#1744=CARTESIAN_POINT('',(2.243338290855E1,-4.244822077646E1,
-1.273059018876E0));
#1745=LINE('',#1744,#1743);
#1746=CARTESIAN_POINT('',(2.2022E1,-4.244822077646E1,-1.273059018876E0));
#1747=DIRECTION('',(0.E0,-8.715574274767E-2,9.961946980917E-1));
#1748=DIRECTION('',(-1.E0,0.E0,0.E0));
#1749=AXIS2_PLACEMENT_3D('',#1746,#1747,#1748);
#1751=DIRECTION('',(-1.736481776669E-1,8.583165117706E-2,-9.810602621904E-1));
#1752=VECTOR('',#1751,2.511808188046E-1);
#1753=CARTESIAN_POINT('',(2.161061709145E1,-4.244822077646E1,
-1.273059018876E0));
#1754=LINE('',#1753,#1752);
#1755=CARTESIAN_POINT('',(2.2022E1,-4.244822077646E1,-1.273059018876E0));
#1756=DIRECTION('',(0.E0,-8.715574274767E-2,9.961946980917E-1));
#1757=DIRECTION('',(1.E0,0.E0,0.E0));
#1758=AXIS2_PLACEMENT_3D('',#1755,#1756,#1757);
#1760=CARTESIAN_POINT('',(2.233490213325E1,-4.244670733287E1,
-1.290357758268E0));
#1761=DIRECTION('',(0.E0,9.961946980917E-1,8.715574274767E-2));
#1762=DIRECTION('',(0.E0,-8.715574274767E-2,9.961946980917E-1));
#1763=AXIS2_PLACEMENT_3D('',#1760,#1761,#1762);
#1765=CARTESIAN_POINT('',(2.2022E1,-4.245542290714E1,-1.190738288459E0));
#1766=DIRECTION('',(0.E0,-8.715574274767E-2,9.961946980917E-1));
#1767=DIRECTION('',(1.E0,0.E0,0.E0));
#1768=AXIS2_PLACEMENT_3D('',#1765,#1766,#1767);
#1770=CARTESIAN_POINT('',(2.2022E1,-4.245542290714E1,-1.190738288459E0));
#1771=DIRECTION('',(0.E0,-8.715574274767E-2,9.961946980917E-1));
#1772=DIRECTION('',(-1.E0,0.E0,0.E0));
#1773=AXIS2_PLACEMENT_3D('',#1770,#1771,#1772);
#1775=CARTESIAN_POINT('',(2.170909786675E1,-4.244670733287E1,
-1.290357758268E0));
#1776=DIRECTION('',(0.E0,-9.961946980917E-1,-8.715574274767E-2));
#1777=DIRECTION('',(0.E0,-8.715574274767E-2,9.961946980917E-1));
#1778=AXIS2_PLACEMENT_3D('',#1775,#1776,#1777);
#1780=DIRECTION('',(-1.E0,0.E0,0.E0));
#1781=VECTOR('',#1780,1.83E0);
#1782=CARTESIAN_POINT('',(2.2937E1,-4.4011E1,-1.221570795286E0));
#1783=LINE('',#1782,#1781);
#1784=DIRECTION('',(0.E0,0.E0,1.E0));
#1785=VECTOR('',#1784,1.351570795286E0);
#1786=CARTESIAN_POINT('',(2.2937E1,-4.3761E1,-1.221570795286E0));
#1787=LINE('',#1786,#1785);
#1788=DIRECTION('',(0.E0,-1.E0,0.E0));
#1789=VECTOR('',#1788,2.5E-1);
#1790=CARTESIAN_POINT('',(2.2937E1,-4.3761E1,-1.221570795286E0));
#1791=LINE('',#1790,#1789);
#1792=DIRECTION('',(0.E0,0.E0,1.E0));
#1793=VECTOR('',#1792,1.351570795286E0);
#1794=CARTESIAN_POINT('',(2.2937E1,-4.4011E1,-1.221570795286E0));
#1795=LINE('',#1794,#1793);
#1796=DIRECTION('',(-1.E0,0.E0,0.E0));
#1797=VECTOR('',#1796,1.83E0);
#1798=CARTESIAN_POINT('',(2.2937E1,-4.3761E1,-1.221570795286E0));
#1799=LINE('',#1798,#1797);
#1800=DIRECTION('',(-1.E0,0.E0,0.E0));
#1801=VECTOR('',#1800,1.83E0);
#1802=CARTESIAN_POINT('',(2.2937E1,-4.3761E1,1.3E-1));
#1803=LINE('',#1802,#1801);
#1804=CARTESIAN_POINT('',(2.2937E1,-4.3611E1,1.3E-1));
#1805=DIRECTION('',(-1.E0,0.E0,0.E0));
#1806=DIRECTION('',(0.E0,-1.E0,0.E0));
#1807=AXIS2_PLACEMENT_3D('',#1804,#1805,#1806);
#1809=DIRECTION('',(0.E0,-1.E0,0.E0));
#1810=VECTOR('',#1809,2.5E-1);
#1811=CARTESIAN_POINT('',(2.2937E1,-4.3761E1,1.3E-1));
#1812=LINE('',#1811,#1810);
#1813=CARTESIAN_POINT('',(2.2937E1,-4.3611E1,1.3E-1));
#1814=DIRECTION('',(-1.E0,0.E0,0.E0));
#1815=DIRECTION('',(0.E0,-1.E0,0.E0));
#1816=AXIS2_PLACEMENT_3D('',#1813,#1814,#1815);
#1818=DIRECTION('',(-1.E0,0.E0,0.E0));
#1819=VECTOR('',#1818,1.83E0);
#1820=CARTESIAN_POINT('',(2.2937E1,-4.4011E1,1.3E-1));
#1821=LINE('',#1820,#1819);
#1822=CARTESIAN_POINT('',(2.1107E1,-4.3611E1,1.3E-1));
#1823=DIRECTION('',(-1.E0,0.E0,0.E0));
#1824=DIRECTION('',(0.E0,-1.E0,0.E0));
#1825=AXIS2_PLACEMENT_3D('',#1822,#1823,#1824);
#1827=DIRECTION('',(0.E0,0.E0,1.E0));
#1828=VECTOR('',#1827,2.5E-1);
#1829=CARTESIAN_POINT('',(2.1107E1,-4.3611E1,2.8E-1));
#1830=LINE('',#1829,#1828);
#1831=CARTESIAN_POINT('',(2.1107E1,-4.3611E1,1.3E-1));
#1832=DIRECTION('',(-1.E0,0.E0,0.E0));
#1833=DIRECTION('',(0.E0,-1.E0,0.E0));
#1834=AXIS2_PLACEMENT_3D('',#1831,#1832,#1833);
#1836=DIRECTION('',(0.E0,1.E0,0.E0));
#1837=VECTOR('',#1836,1.45E0);
#1838=CARTESIAN_POINT('',(2.1107E1,-4.3611E1,2.8E-1));
#1839=LINE('',#1838,#1837);
#1840=DIRECTION('',(0.E0,0.E0,1.E0));
#1841=VECTOR('',#1840,2.5E-1);
#1842=CARTESIAN_POINT('',(2.1107E1,-4.2161E1,2.8E-1));
#1843=LINE('',#1842,#1841);
#1844=DIRECTION('',(0.E0,1.E0,0.E0));
#1845=VECTOR('',#1844,1.45E0);
#1846=CARTESIAN_POINT('',(2.1107E1,-4.3611E1,5.3E-1));
#1847=LINE('',#1846,#1845);
#1848=DIRECTION('',(-1.E0,0.E0,0.E0));
#1849=VECTOR('',#1848,1.83E0);
#1850=CARTESIAN_POINT('',(2.2937E1,-4.3611E1,2.8E-1));
#1851=LINE('',#1850,#1849);
#1852=CARTESIAN_POINT('',(2.2022E1,-4.2851E1,2.8E-1));
#1853=DIRECTION('',(0.E0,0.E0,1.E0));
#1854=DIRECTION('',(0.E0,-1.E0,0.E0));
#1855=AXIS2_PLACEMENT_3D('',#1852,#1853,#1854);
#1857=CARTESIAN_POINT('',(2.2022E1,-4.2851E1,2.8E-1));
#1858=DIRECTION('',(0.E0,0.E0,1.E0));
#1859=DIRECTION('',(0.E0,1.E0,0.E0));
#1860=AXIS2_PLACEMENT_3D('',#1857,#1858,#1859);
#1862=DIRECTION('',(0.E0,1.E0,0.E0));
#1863=VECTOR('',#1862,1.45E0);
#1864=CARTESIAN_POINT('',(2.2937E1,-4.3611E1,2.8E-1));
#1865=LINE('',#1864,#1863);
#1866=DIRECTION('',(0.E0,0.E0,1.E0));
#1867=VECTOR('',#1866,2.5E-1);
#1868=CARTESIAN_POINT('',(2.2937E1,-4.3611E1,2.8E-1));
#1869=LINE('',#1868,#1867);
#1870=DIRECTION('',(0.E0,1.E0,0.E0));
#1871=VECTOR('',#1870,1.45E0);
#1872=CARTESIAN_POINT('',(2.2937E1,-4.3611E1,5.3E-1));
#1873=LINE('',#1872,#1871);
#1874=DIRECTION('',(-1.E0,0.E0,0.E0));
#1875=VECTOR('',#1874,1.83E0);
#1876=CARTESIAN_POINT('',(2.2937E1,-4.3611E1,5.3E-1));
#1877=LINE('',#1876,#1875);
#1878=CARTESIAN_POINT('',(2.2022E1,-4.2851E1,5.3E-1));
#1879=DIRECTION('',(0.E0,0.E0,1.E0));
#1880=DIRECTION('',(0.E0,-1.E0,0.E0));
#1881=AXIS2_PLACEMENT_3D('',#1878,#1879,#1880);
#1883=CARTESIAN_POINT('',(2.2022E1,-4.2851E1,5.3E-1));
#1884=DIRECTION('',(0.E0,0.E0,1.E0));
#1885=DIRECTION('',(0.E0,1.E0,0.E0));
#1886=AXIS2_PLACEMENT_3D('',#1883,#1884,#1885);
#1888=DIRECTION('',(-1.E0,0.E0,0.E0));
#1889=VECTOR('',#1888,1.83E0);
#1890=CARTESIAN_POINT('',(2.2937E1,-4.2161E1,5.3E-1));
#1891=LINE('',#1890,#1889);
#1892=CARTESIAN_POINT('',(2.2937E1,-4.2161E1,6.6E-1));
#1893=DIRECTION('',(1.E0,0.E0,0.E0));
#1894=DIRECTION('',(0.E0,0.E0,-1.E0));
#1895=AXIS2_PLACEMENT_3D('',#1892,#1893,#1894);
#1897=DIRECTION('',(0.E0,0.E0,1.E0));
#1898=VECTOR('',#1897,2.5E-1);
#1899=CARTESIAN_POINT('',(2.2937E1,-4.2161E1,2.8E-1));
#1900=LINE('',#1899,#1898);
#1901=CARTESIAN_POINT('',(2.2937E1,-4.2161E1,6.6E-1));
#1902=DIRECTION('',(1.E0,0.E0,0.E0));
#1903=DIRECTION('',(0.E0,0.E0,-1.E0));
#1904=AXIS2_PLACEMENT_3D('',#1901,#1902,#1903);
#1906=DIRECTION('',(-1.E0,0.E0,0.E0));
#1907=VECTOR('',#1906,1.83E0);
#1908=CARTESIAN_POINT('',(2.2937E1,-4.2161E1,2.8E-1));
#1909=LINE('',#1908,#1907);
#1910=DIRECTION('',(1.E0,0.E0,0.E0));
#1911=VECTOR('',#1910,2.8E-1);
#1912=CARTESIAN_POINT('',(2.1107E1,-4.3611E1,1.04E0));
#1913=LINE('',#1912,#1911);
#1914=DIRECTION('',(-1.E0,0.E0,0.E0));
#1915=VECTOR('',#1914,1.83E0);
#1916=CARTESIAN_POINT('',(2.2937E1,-4.2161E1,1.04E0));
#1917=LINE('',#1916,#1915);
#1918=DIRECTION('',(1.E0,0.E0,0.E0));
#1919=VECTOR('',#1918,2.8E-1);
#1920=CARTESIAN_POINT('',(2.2657E1,-4.3611E1,1.04E0));
#1921=LINE('',#1920,#1919);
#1922=DIRECTION('',(0.E0,0.E0,-1.E0));
#1923=VECTOR('',#1922,2.5E-1);
#1924=CARTESIAN_POINT('',(2.1387E1,-4.3611E1,1.04E0));
#1925=LINE('',#1924,#1923);
#1926=DIRECTION('',(0.E0,-1.E0,0.E0));
#1927=VECTOR('',#1926,2.5E-1);
#1928=CARTESIAN_POINT('',(2.1387E1,-4.3761E1,1.19E0));
#1929=LINE('',#1928,#1927);
#1930=CARTESIAN_POINT('',(2.1387E1,-4.3611E1,1.19E0));
#1931=DIRECTION('',(1.E0,0.E0,0.E0));
#1932=DIRECTION('',(0.E0,-1.E0,0.E0));
#1933=AXIS2_PLACEMENT_3D('',#1930,#1931,#1932);
#1935=DIRECTION('',(-1.E0,0.E0,0.E0));
#1936=VECTOR('',#1935,1.27E0);
#1937=CARTESIAN_POINT('',(2.2657E1,-4.3611E1,1.04E0));
#1938=LINE('',#1937,#1936);
#1939=CARTESIAN_POINT('',(2.2657E1,-4.3611E1,1.19E0));
#1940=DIRECTION('',(1.E0,0.E0,0.E0));
#1941=DIRECTION('',(0.E0,-1.E0,0.E0));
#1942=AXIS2_PLACEMENT_3D('',#1939,#1940,#1941);
#1944=DIRECTION('',(0.E0,0.E0,-1.E0));
#1945=VECTOR('',#1944,2.5E-1);
#1946=CARTESIAN_POINT('',(2.2657E1,-4.3611E1,1.04E0));
#1947=LINE('',#1946,#1945);
#1948=DIRECTION('',(0.E0,0.E0,-1.E0));
#1949=VECTOR('',#1948,2.5E-1);
#1950=CARTESIAN_POINT('',(2.2937E1,-4.3611E1,1.04E0));
#1951=LINE('',#1950,#1949);
#1952=DIRECTION('',(0.E0,-1.E0,0.E0));
#1953=VECTOR('',#1952,1.45E0);
#1954=CARTESIAN_POINT('',(2.2937E1,-4.2161E1,1.04E0));
#1955=LINE('',#1954,#1953);
#1956=DIRECTION('',(0.E0,0.E0,-1.E0));
#1957=VECTOR('',#1956,2.5E-1);
#1958=CARTESIAN_POINT('',(2.2937E1,-4.2161E1,1.04E0));
#1959=LINE('',#1958,#1957);
#1960=DIRECTION('',(0.E0,-1.E0,0.E0));
#1961=VECTOR('',#1960,1.45E0);
#1962=CARTESIAN_POINT('',(2.2937E1,-4.2161E1,7.9E-1));
#1963=LINE('',#1962,#1961);
#1964=DIRECTION('',(1.E0,0.E0,0.E0));
#1965=VECTOR('',#1964,2.8E-1);
#1966=CARTESIAN_POINT('',(2.1107E1,-4.3611E1,7.9E-1));
#1967=LINE('',#1966,#1965);
#1968=DIRECTION('',(1.E0,0.E0,0.E0));
#1969=VECTOR('',#1968,2.8E-1);
#1970=CARTESIAN_POINT('',(2.2657E1,-4.3611E1,7.9E-1));
#1971=LINE('',#1970,#1969);
#1972=DIRECTION('',(-1.E0,0.E0,0.E0));
#1973=VECTOR('',#1972,1.83E0);
#1974=CARTESIAN_POINT('',(2.2937E1,-4.2161E1,7.9E-1));
#1975=LINE('',#1974,#1973);
#1976=CARTESIAN_POINT('',(2.1387E1,-4.3611E1,1.19E0));
#1977=DIRECTION('',(1.E0,0.E0,0.E0));
#1978=DIRECTION('',(0.E0,-1.E0,0.E0));
#1979=AXIS2_PLACEMENT_3D('',#1976,#1977,#1978);
#1981=CARTESIAN_POINT('',(2.2657E1,-4.3611E1,1.19E0));
#1982=DIRECTION('',(1.E0,0.E0,0.E0));
#1983=DIRECTION('',(0.E0,-1.E0,0.E0));
#1984=AXIS2_PLACEMENT_3D('',#1981,#1982,#1983);
#1986=DIRECTION('',(-1.E0,0.E0,0.E0));
#1987=VECTOR('',#1986,1.27E0);
#1988=CARTESIAN_POINT('',(2.2657E1,-4.3611E1,7.9E-1));
#1989=LINE('',#1988,#1987);
#1990=DIRECTION('',(1.E0,0.E0,0.E0));
#1991=VECTOR('',#1990,4.6E-1);
#1992=CARTESIAN_POINT('',(2.1792E1,-4.4011E1,7.62E0));
#1993=LINE('',#1992,#1991);
#1994=DIRECTION('',(0.E0,0.E0,-1.E0));
#1995=VECTOR('',#1994,3.81E0);
#1996=CARTESIAN_POINT('',(2.2252E1,-4.4011E1,7.62E0));
#1997=LINE('',#1996,#1995);
#1998=DIRECTION('',(7.071067811865E-1,0.E0,-7.071067811865E-1));
#1999=VECTOR('',#1998,5.727564927611E-1);
#2000=CARTESIAN_POINT('',(2.2252E1,-4.4011E1,3.81E0));
#2001=LINE('',#2000,#1999);
#2002=DIRECTION('',(0.E0,0.E0,1.E0));
#2003=VECTOR('',#2002,2.215E0);
#2004=CARTESIAN_POINT('',(2.2657E1,-4.4011E1,1.19E0));
#2005=LINE('',#2004,#2003);
#2006=DIRECTION('',(-1.E0,0.E0,0.E0));
#2007=VECTOR('',#2006,1.27E0);
#2008=CARTESIAN_POINT('',(2.2657E1,-4.4011E1,1.19E0));
#2009=LINE('',#2008,#2007);
#2010=DIRECTION('',(0.E0,0.E0,1.E0));
#2011=VECTOR('',#2010,2.215E0);
#2012=CARTESIAN_POINT('',(2.1387E1,-4.4011E1,1.19E0));
#2013=LINE('',#2012,#2011);
#2014=DIRECTION('',(7.071067811865E-1,0.E0,7.071067811866E-1));
#2015=VECTOR('',#2014,5.727564927611E-1);
#2016=CARTESIAN_POINT('',(2.1387E1,-4.4011E1,3.405E0));
#2017=LINE('',#2016,#2015);
#2018=DIRECTION('',(0.E0,0.E0,-1.E0));
#2019=VECTOR('',#2018,3.81E0);
#2020=CARTESIAN_POINT('',(2.1792E1,-4.4011E1,7.62E0));
#2021=LINE('',#2020,#2019);
#2022=DIRECTION('',(1.E0,0.E0,0.E0));
#2023=VECTOR('',#2022,4.6E-1);
#2024=CARTESIAN_POINT('',(2.1792E1,-4.3761E1,7.62E0));
#2025=LINE('',#2024,#2023);
#2026=DIRECTION('',(0.E0,0.E0,-1.E0));
#2027=VECTOR('',#2026,3.81E0);
#2028=CARTESIAN_POINT('',(2.1792E1,-4.3761E1,7.62E0));
#2029=LINE('',#2028,#2027);
#2030=DIRECTION('',(7.071067811865E-1,0.E0,7.071067811866E-1));
#2031=VECTOR('',#2030,5.727564927611E-1);
#2032=CARTESIAN_POINT('',(2.1387E1,-4.3761E1,3.405E0));
#2033=LINE('',#2032,#2031);
#2034=DIRECTION('',(0.E0,0.E0,1.E0));
#2035=VECTOR('',#2034,2.215E0);
#2036=CARTESIAN_POINT('',(2.1387E1,-4.3761E1,1.19E0));
#2037=LINE('',#2036,#2035);
#2038=DIRECTION('',(-1.E0,0.E0,0.E0));
#2039=VECTOR('',#2038,1.27E0);
#2040=CARTESIAN_POINT('',(2.2657E1,-4.3761E1,1.19E0));
#2041=LINE('',#2040,#2039);
#2042=DIRECTION('',(0.E0,0.E0,1.E0));
#2043=VECTOR('',#2042,2.215E0);
#2044=CARTESIAN_POINT('',(2.2657E1,-4.3761E1,1.19E0));
#2045=LINE('',#2044,#2043);
#2046=DIRECTION('',(7.071067811865E-1,0.E0,-7.071067811865E-1));
#2047=VECTOR('',#2046,5.727564927611E-1);
#2048=CARTESIAN_POINT('',(2.2252E1,-4.3761E1,3.81E0));
#2049=LINE('',#2048,#2047);
#2050=DIRECTION('',(0.E0,0.E0,-1.E0));
#2051=VECTOR('',#2050,3.81E0);
#2052=CARTESIAN_POINT('',(2.2252E1,-4.3761E1,7.62E0));
#2053=LINE('',#2052,#2051);
#2054=DIRECTION('',(0.E0,1.E0,0.E0));
#2055=VECTOR('',#2054,2.5E-1);
#2056=CARTESIAN_POINT('',(2.1792E1,-4.4011E1,7.62E0));
#2057=LINE('',#2056,#2055);
#2058=DIRECTION('',(0.E0,-1.E0,0.E0));
#2059=VECTOR('',#2058,2.5E-1);
#2060=CARTESIAN_POINT('',(2.1792E1,-4.3761E1,3.81E0));
#2061=LINE('',#2060,#2059);
#2062=DIRECTION('',(0.E0,-1.E0,0.E0));
#2063=VECTOR('',#2062,2.5E-1);
#2064=CARTESIAN_POINT('',(2.1387E1,-4.3761E1,3.405E0));
#2065=LINE('',#2064,#2063);
#2066=DIRECTION('',(0.E0,-1.E0,0.E0));
#2067=VECTOR('',#2066,2.5E-1);
#2068=CARTESIAN_POINT('',(2.2657E1,-4.3761E1,1.19E0));
#2069=LINE('',#2068,#2067);
#2070=DIRECTION('',(0.E0,-1.E0,0.E0));
#2071=VECTOR('',#2070,2.5E-1);
#2072=CARTESIAN_POINT('',(2.2657E1,-4.3761E1,3.405E0));
#2073=LINE('',#2072,#2071);
#2074=DIRECTION('',(0.E0,1.E0,0.E0));
#2075=VECTOR('',#2074,2.5E-1);
#2076=CARTESIAN_POINT('',(2.2252E1,-4.4011E1,7.62E0));
#2077=LINE('',#2076,#2075);
#2078=DIRECTION('',(0.E0,-1.E0,0.E0));
#2079=VECTOR('',#2078,2.5E-1);
#2080=CARTESIAN_POINT('',(2.2252E1,-4.3761E1,3.81E0));
#2081=LINE('',#2080,#2079);
#2082=DIRECTION('',(0.E0,0.E0,-1.E0));
#2083=VECTOR('',#2082,2.5E-1);
#2084=CARTESIAN_POINT('',(2.1107E1,-4.3611E1,1.04E0));
#2085=LINE('',#2084,#2083);
#2086=DIRECTION('',(0.E0,-1.E0,0.E0));
#2087=VECTOR('',#2086,1.45E0);
#2088=CARTESIAN_POINT('',(2.1107E1,-4.2161E1,7.9E-1));
#2089=LINE('',#2088,#2087);
#2090=DIRECTION('',(0.E0,-1.E0,0.E0));
#2091=VECTOR('',#2090,1.45E0);
#2092=CARTESIAN_POINT('',(2.1107E1,-4.2161E1,1.04E0));
#2093=LINE('',#2092,#2091);
#2094=CARTESIAN_POINT('',(2.1107E1,-4.2161E1,6.6E-1));
#2095=DIRECTION('',(1.E0,0.E0,0.E0));
#2096=DIRECTION('',(0.E0,0.E0,-1.E0));
#2097=AXIS2_PLACEMENT_3D('',#2094,#2095,#2096);
#2099=DIRECTION('',(0.E0,0.E0,-1.E0));
#2100=VECTOR('',#2099,2.5E-1);
#2101=CARTESIAN_POINT('',(2.1107E1,-4.2161E1,1.04E0));
#2102=LINE('',#2101,#2100);
#2103=CARTESIAN_POINT('',(2.1107E1,-4.2161E1,6.6E-1));
#2104=DIRECTION('',(1.E0,0.E0,0.E0));
#2105=DIRECTION('',(0.E0,0.E0,-1.E0));
#2106=AXIS2_PLACEMENT_3D('',#2103,#2104,#2105);
#2108=DIRECTION('',(0.E0,1.736481776669E-1,9.848077530122E-1));
#2109=VECTOR('',#2108,2.843194513280E-1);
#2110=CARTESIAN_POINT('',(2.2022E1,-4.243514646239E1,2.5E-1));
#2111=LINE('',#2110,#2109);
#2112=DIRECTION('',(0.E0,-1.736481776670E-1,9.848077530122E-1));
#2113=VECTOR('',#2112,2.843194513280E-1);
#2114=CARTESIAN_POINT('',(2.2022E1,-4.326685353761E1,2.5E-1));
#2115=LINE('',#2114,#2113);
#2116=CARTESIAN_POINT('',(2.2022E1,-4.2851E1,2.5E-1));
#2117=DIRECTION('',(0.E0,0.E0,1.E0));
#2118=DIRECTION('',(0.E0,-1.E0,0.E0));
#2119=AXIS2_PLACEMENT_3D('',#2116,#2117,#2118);
#2121=CARTESIAN_POINT('',(2.2022E1,-4.2851E1,2.5E-1));
#2122=DIRECTION('',(0.E0,0.E0,1.E0));
#2123=DIRECTION('',(0.E0,1.E0,0.E0));
#2124=AXIS2_PLACEMENT_3D('',#2121,#2122,#2123);
#2126=CARTESIAN_POINT('',(2.2022E1,-4.2851E1,1.239527733500E-1));
#2127=DIRECTION('',(0.E0,0.E0,-1.E0));
#2128=DIRECTION('',(0.E0,1.E0,0.E0));
#2129=AXIS2_PLACEMENT_3D('',#2126,#2127,#2128);
#2131=CARTESIAN_POINT('',(2.2022E1,-4.235123649927E1,1.5E-1));
#2132=DIRECTION('',(1.E0,0.E0,0.E0));
#2133=DIRECTION('',(0.E0,0.E0,-1.E0));
#2134=AXIS2_PLACEMENT_3D('',#2131,#2132,#2133);
#2136=CARTESIAN_POINT('',(2.2022E1,-4.335076350073E1,1.5E-1));
#2137=DIRECTION('',(-1.E0,0.E0,0.E0));
#2138=DIRECTION('',(0.E0,0.E0,-1.E0));
#2139=AXIS2_PLACEMENT_3D('',#2136,#2137,#2138);
#2141=CARTESIAN_POINT('',(2.2022E1,-4.2851E1,1.239527733500E-1));
#2142=DIRECTION('',(0.E0,0.E0,-1.E0));
#2143=DIRECTION('',(0.E0,-1.E0,0.E0));
#2144=AXIS2_PLACEMENT_3D('',#2141,#2142,#2143);
#2146=DIRECTION('',(2.527881755255E-9,1.736481776670E-1,9.848077530122E-1));
#2147=VECTOR('',#2146,1.584545066625E-1);
#2148=CARTESIAN_POINT('',(2.202199999960E1,-4.220351533633E1,
1.239527733390E-1));
#2149=LINE('',#2148,#2147);
#2150=DIRECTION('',(-2.527881755255E-9,-1.736481776670E-1,9.848077530122E-1));
#2151=VECTOR('',#2150,1.584545066625E-1);
#2152=CARTESIAN_POINT('',(2.202200000040E1,-4.349848466367E1,
1.239527733390E-1));
#2153=LINE('',#2152,#2151);
#2154=DIRECTION('',(0.E0,0.E0,1.E0));
#2155=VECTOR('',#2154,1.351570795286E0);
#2156=CARTESIAN_POINT('',(2.1107E1,-4.3761E1,-1.221570795286E0));
#2157=LINE('',#2156,#2155);
#2158=DIRECTION('',(0.E0,-1.E0,0.E0));
#2159=VECTOR('',#2158,2.5E-1);
#2160=CARTESIAN_POINT('',(2.1107E1,-4.3761E1,1.3E-1));
#2161=LINE('',#2160,#2159);
#2162=DIRECTION('',(0.E0,0.E0,1.E0));
#2163=VECTOR('',#2162,1.351570795286E0);
#2164=CARTESIAN_POINT('',(2.1107E1,-4.4011E1,-1.221570795286E0));
#2165=LINE('',#2164,#2163);
#2166=CARTESIAN_POINT('',(2.2022E1,-4.245200438543E1,-1.229812170394E0));
#2167=DIRECTION('',(0.E0,-8.715574274767E-2,9.961946980917E-1));
#2168=DIRECTION('',(-1.E0,0.E0,0.E0));
#2169=AXIS2_PLACEMENT_3D('',#2166,#2167,#2168);
#2171=DIRECTION('',(1.736481776669E-1,8.583165118117E-2,-9.810602621901E-1));
#2172=VECTOR('',#2171,4.140591101025E-2);
#2173=CARTESIAN_POINT('',(2.267958484680E1,-4.245200438543E1,
-1.229812170394E0));
#2174=LINE('',#2173,#2172);
#2175=CARTESIAN_POINT('',(2.487490213325E1,-3.222929266712E1,
-1.290357758269E0));
#2176=DIRECTION('',(-5.259777249161E-11,9.961946980917E-1,-8.715574274767E-2));
#2177=DIRECTION('',(6.171142002199E-1,6.858055317248E-2,7.838793093414E-1));
#2178=AXIS2_PLACEMENT_3D('',#2175,#2176,#2177);
#2180=CARTESIAN_POINT('',(2.424909786675E1,-3.222929266715E1,
-1.290357758267E0));
#2181=DIRECTION('',(5.260168949722E-11,-9.961946980917E-1,8.715574274767E-2));
#2182=DIRECTION('',(-6.171142002376E-1,6.858055310661E-2,7.838793093332E-1));
#2183=AXIS2_PLACEMENT_3D('',#2180,#2181,#2182);
#2185=CARTESIAN_POINT('',(2.4562E1,-3.222399561457E1,-1.229812170394E0));
#2186=DIRECTION('',(0.E0,8.715574274767E-2,9.961946980917E-1));
#2187=DIRECTION('',(-1.E0,0.E0,0.E0));
#2188=AXIS2_PLACEMENT_3D('',#2185,#2186,#2187);
#2190=DIRECTION('',(1.736481776670E-1,-8.583165117362E-2,-9.810602621907E-1));
#2191=VECTOR('',#2190,4.140591101025E-2);
#2192=CARTESIAN_POINT('',(2.521958484680E1,-3.222399561457E1,
-1.229812170394E0));
#2193=LINE('',#2192,#2191);
#2194=DIRECTION('',(1.E0,0.E0,0.E0));
#2195=VECTOR('',#2194,1.83E0);
#2196=CARTESIAN_POINT('',(2.3647E1,-3.2895E1,-1.212039516665E0));
#2197=LINE('',#2196,#2195);
#2198=CARTESIAN_POINT('',(2.4562E1,-3.222754955228E1,-1.270433864306E0));
#2199=DIRECTION('',(0.E0,-8.715574274767E-2,-9.961946980917E-1));
#2200=DIRECTION('',(-1.E0,0.E0,0.E0));
#2201=AXIS2_PLACEMENT_3D('',#2198,#2199,#2200);
#2203=CARTESIAN_POINT('',(2.4562E1,-3.222754955228E1,-1.270433864306E0));
#2204=DIRECTION('',(0.E0,-8.715574274767E-2,-9.961946980917E-1));
#2205=DIRECTION('',(1.E0,0.E0,0.E0));
#2206=AXIS2_PLACEMENT_3D('',#2203,#2204,#2205);
#2208=DIRECTION('',(0.E0,9.961946980917E-1,-8.715574274767E-2));
#2209=VECTOR('',#2208,1.823867003175E0);
#2210=CARTESIAN_POINT('',(2.3647E1,-3.2895E1,-1.212039516665E0));
#2211=LINE('',#2210,#2209);
#2212=DIRECTION('',(0.E0,-8.715574274765E-2,-9.961946980917E-1));
#2213=VECTOR('',#2212,2.5E-1);
#2214=CARTESIAN_POINT('',(2.3647E1,-3.2895E1,-1.212039516665E0));
#2215=LINE('',#2214,#2213);
#2216=DIRECTION('',(0.E0,9.961946980917E-1,-8.715574274767E-2));
#2217=VECTOR('',#2216,1.823867003175E0);
#2218=CARTESIAN_POINT('',(2.3647E1,-3.291678893569E1,-1.461088191188E0));
#2219=LINE('',#2218,#2217);
#2220=DIRECTION('',(0.E0,-8.715574274765E-2,-9.961946980917E-1));
#2221=VECTOR('',#2220,2.5E-1);
#2222=CARTESIAN_POINT('',(2.5477E1,-3.2895E1,-1.212039516665E0));
#2223=LINE('',#2222,#2221);
#2224=DIRECTION('',(0.E0,9.961946980917E-1,-8.715574274767E-2));
#2225=VECTOR('',#2224,1.823867003175E0);
#2226=CARTESIAN_POINT('',(2.5477E1,-3.2895E1,-1.212039516665E0));
#2227=LINE('',#2226,#2225);
#2228=DIRECTION('',(0.E0,-8.715574274767E-2,-9.961946980917E-1));
#2229=VECTOR('',#2228,2.5E-1);
#2230=CARTESIAN_POINT('',(2.5477E1,-3.107807336141E1,-1.371E0));
#2231=LINE('',#2230,#2229);
#2232=DIRECTION('',(0.E0,9.961946980917E-1,-8.715574274767E-2));
#2233=VECTOR('',#2232,1.823867003175E0);
#2234=CARTESIAN_POINT('',(2.5477E1,-3.291678893569E1,-1.461088191188E0));
#2235=LINE('',#2234,#2233);
#2236=CARTESIAN_POINT('',(2.5477E1,-3.1065E1,-1.221570795286E0));
#2237=DIRECTION('',(1.E0,0.E0,0.E0));
#2238=DIRECTION('',(0.E0,-8.715574274769E-2,-9.961946980917E-1));
#2239=AXIS2_PLACEMENT_3D('',#2236,#2237,#2238);
#2241=DIRECTION('',(0.E0,1.E0,0.E0));
#2242=VECTOR('',#2241,2.5E-1);
#2243=CARTESIAN_POINT('',(2.5477E1,-3.0915E1,-1.221570795286E0));
#2244=LINE('',#2243,#2242);
#2245=CARTESIAN_POINT('',(2.5477E1,-3.1065E1,-1.221570795286E0));
#2246=DIRECTION('',(1.E0,0.E0,0.E0));
#2247=DIRECTION('',(0.E0,-8.715574274769E-2,-9.961946980917E-1));
#2248=AXIS2_PLACEMENT_3D('',#2245,#2246,#2247);
#2250=DIRECTION('',(1.E0,0.E0,0.E0));
#2251=VECTOR('',#2250,1.83E0);
#2252=CARTESIAN_POINT('',(2.3647E1,-3.107807336141E1,-1.371E0));
#2253=LINE('',#2252,#2251);
#2254=CARTESIAN_POINT('',(2.3647E1,-3.1065E1,-1.221570795286E0));
#2255=DIRECTION('',(1.E0,0.E0,0.E0));
#2256=DIRECTION('',(0.E0,-8.715574274769E-2,-9.961946980917E-1));
#2257=AXIS2_PLACEMENT_3D('',#2254,#2255,#2256);
#2259=DIRECTION('',(0.E0,-8.715574274767E-2,-9.961946980917E-1));
#2260=VECTOR('',#2259,2.5E-1);
#2261=CARTESIAN_POINT('',(2.3647E1,-3.107807336141E1,-1.371E0));
#2262=LINE('',#2261,#2260);
#2263=CARTESIAN_POINT('',(2.3647E1,-3.1065E1,-1.221570795286E0));
#2264=DIRECTION('',(1.E0,0.E0,0.E0));
#2265=DIRECTION('',(0.E0,-8.715574274769E-2,-9.961946980917E-1));
#2266=AXIS2_PLACEMENT_3D('',#2263,#2264,#2265);
#2268=DIRECTION('',(1.E0,0.E0,0.E0));
#2269=VECTOR('',#2268,1.83E0);
#2270=CARTESIAN_POINT('',(2.3647E1,-3.109986229710E1,-1.620048674523E0));
#2271=LINE('',#2270,#2269);
#2272=DIRECTION('',(1.E0,0.E0,0.E0));
#2273=VECTOR('',#2272,1.83E0);
#2274=CARTESIAN_POINT('',(2.3647E1,-3.291678893569E1,-1.461088191188E0));
#2275=LINE('',#2274,#2273);
#2276=CARTESIAN_POINT('',(2.4562E1,-3.224933848797E1,-1.519482538829E0));
#2277=DIRECTION('',(0.E0,-8.715574274767E-2,-9.961946980917E-1));
#2278=DIRECTION('',(-1.E0,0.E0,0.E0));
#2279=AXIS2_PLACEMENT_3D('',#2276,#2277,#2278);
#2281=CARTESIAN_POINT('',(2.4562E1,-3.224933848797E1,-1.519482538829E0));
#2282=DIRECTION('',(0.E0,-8.715574274767E-2,-9.961946980917E-1));
#2283=DIRECTION('',(1.E0,0.E0,0.E0));
#2284=AXIS2_PLACEMENT_3D('',#2281,#2282,#2283);
#2286=DIRECTION('',(-1.736481776669E-1,-8.583165117780E-2,-9.810602621904E-1));
#2287=VECTOR('',#2286,2.511808188046E-1);
#2288=CARTESIAN_POINT('',(2.415061709145E1,-3.222777922354E1,
-1.273059018876E0));
#2289=LINE('',#2288,#2287);
#2290=CARTESIAN_POINT('',(2.4562E1,-3.222777922354E1,-1.273059018876E0));
#2291=DIRECTION('',(0.E0,8.715574274767E-2,9.961946980917E-1));
#2292=DIRECTION('',(1.E0,0.E0,0.E0));
#2293=AXIS2_PLACEMENT_3D('',#2290,#2291,#2292);
#2295=DIRECTION('',(1.736481776669E-1,-8.583165117706E-2,-9.810602621904E-1));
#2296=VECTOR('',#2295,2.511808188046E-1);
#2297=CARTESIAN_POINT('',(2.497338290855E1,-3.222777922354E1,
-1.273059018876E0));
#2298=LINE('',#2297,#2296);
#2299=CARTESIAN_POINT('',(2.4562E1,-3.222777922354E1,-1.273059018876E0));
#2300=DIRECTION('',(0.E0,8.715574274767E-2,9.961946980917E-1));
#2301=DIRECTION('',(-1.E0,0.E0,0.E0));
#2302=AXIS2_PLACEMENT_3D('',#2299,#2300,#2301);
#2304=CARTESIAN_POINT('',(2.424909786675E1,-3.222929266713E1,
-1.290357758268E0));
#2305=DIRECTION('',(0.E0,-9.961946980917E-1,8.715574274767E-2));
#2306=DIRECTION('',(0.E0,8.715574274767E-2,9.961946980917E-1));
#2307=AXIS2_PLACEMENT_3D('',#2304,#2305,#2306);
#2309=CARTESIAN_POINT('',(2.4562E1,-3.222057709286E1,-1.190738288459E0));
#2310=DIRECTION('',(0.E0,8.715574274767E-2,9.961946980917E-1));
#2311=DIRECTION('',(-1.E0,0.E0,0.E0));
#2312=AXIS2_PLACEMENT_3D('',#2309,#2310,#2311);
#2314=CARTESIAN_POINT('',(2.4562E1,-3.222057709286E1,-1.190738288459E0));
#2315=DIRECTION('',(0.E0,8.715574274767E-2,9.961946980917E-1));
#2316=DIRECTION('',(1.E0,0.E0,0.E0));
#2317=AXIS2_PLACEMENT_3D('',#2314,#2315,#2316);
#2319=CARTESIAN_POINT('',(2.487490213325E1,-3.222929266713E1,
-1.290357758268E0));
#2320=DIRECTION('',(0.E0,9.961946980917E-1,-8.715574274767E-2));
#2321=DIRECTION('',(0.E0,8.715574274767E-2,9.961946980917E-1));
#2322=AXIS2_PLACEMENT_3D('',#2319,#2320,#2321);
#2324=DIRECTION('',(1.E0,0.E0,0.E0));
#2325=VECTOR('',#2324,1.83E0);
#2326=CARTESIAN_POINT('',(2.3647E1,-3.0665E1,-1.221570795286E0));
#2327=LINE('',#2326,#2325);
#2328=DIRECTION('',(0.E0,0.E0,1.E0));
#2329=VECTOR('',#2328,1.351570795286E0);
#2330=CARTESIAN_POINT('',(2.3647E1,-3.0915E1,-1.221570795286E0));
#2331=LINE('',#2330,#2329);
#2332=DIRECTION('',(0.E0,1.E0,0.E0));
#2333=VECTOR('',#2332,2.5E-1);
#2334=CARTESIAN_POINT('',(2.3647E1,-3.0915E1,-1.221570795286E0));
#2335=LINE('',#2334,#2333);
#2336=DIRECTION('',(0.E0,0.E0,1.E0));
#2337=VECTOR('',#2336,1.351570795286E0);
#2338=CARTESIAN_POINT('',(2.3647E1,-3.0665E1,-1.221570795286E0));
#2339=LINE('',#2338,#2337);
#2340=DIRECTION('',(1.E0,0.E0,0.E0));
#2341=VECTOR('',#2340,1.83E0);
#2342=CARTESIAN_POINT('',(2.3647E1,-3.0915E1,-1.221570795286E0));
#2343=LINE('',#2342,#2341);
#2344=DIRECTION('',(1.E0,0.E0,0.E0));
#2345=VECTOR('',#2344,1.83E0);
#2346=CARTESIAN_POINT('',(2.3647E1,-3.0915E1,1.3E-1));
#2347=LINE('',#2346,#2345);
#2348=CARTESIAN_POINT('',(2.3647E1,-3.1065E1,1.3E-1));
#2349=DIRECTION('',(1.E0,0.E0,0.E0));
#2350=DIRECTION('',(0.E0,1.E0,0.E0));
#2351=AXIS2_PLACEMENT_3D('',#2348,#2349,#2350);
#2353=DIRECTION('',(0.E0,1.E0,0.E0));
#2354=VECTOR('',#2353,2.5E-1);
#2355=CARTESIAN_POINT('',(2.3647E1,-3.0915E1,1.3E-1));
#2356=LINE('',#2355,#2354);
#2357=CARTESIAN_POINT('',(2.3647E1,-3.1065E1,1.3E-1));
#2358=DIRECTION('',(1.E0,0.E0,0.E0));
#2359=DIRECTION('',(0.E0,1.E0,0.E0));
#2360=AXIS2_PLACEMENT_3D('',#2357,#2358,#2359);
#2362=DIRECTION('',(1.E0,0.E0,0.E0));
#2363=VECTOR('',#2362,1.83E0);
#2364=CARTESIAN_POINT('',(2.3647E1,-3.0665E1,1.3E-1));
#2365=LINE('',#2364,#2363);
#2366=CARTESIAN_POINT('',(2.5477E1,-3.1065E1,1.3E-1));
#2367=DIRECTION('',(1.E0,0.E0,0.E0));
#2368=DIRECTION('',(0.E0,1.E0,0.E0));
#2369=AXIS2_PLACEMENT_3D('',#2366,#2367,#2368);
#2371=DIRECTION('',(0.E0,1.421085471520E-14,1.E0));
#2372=VECTOR('',#2371,2.5E-1);
#2373=CARTESIAN_POINT('',(2.5477E1,-3.1065E1,2.8E-1));
#2374=LINE('',#2373,#2372);
#2375=CARTESIAN_POINT('',(2.5477E1,-3.1065E1,1.3E-1));
#2376=DIRECTION('',(1.E0,0.E0,0.E0));
#2377=DIRECTION('',(0.E0,1.E0,0.E0));
#2378=AXIS2_PLACEMENT_3D('',#2375,#2376,#2377);
#2380=DIRECTION('',(0.E0,-1.E0,0.E0));
#2381=VECTOR('',#2380,1.45E0);
#2382=CARTESIAN_POINT('',(2.5477E1,-3.1065E1,2.8E-1));
#2383=LINE('',#2382,#2381);
#2384=DIRECTION('',(0.E0,0.E0,1.E0));
#2385=VECTOR('',#2384,2.5E-1);
#2386=CARTESIAN_POINT('',(2.5477E1,-3.2515E1,2.8E-1));
#2387=LINE('',#2386,#2385);
#2388=DIRECTION('',(0.E0,-1.E0,0.E0));
#2389=VECTOR('',#2388,1.45E0);
#2390=CARTESIAN_POINT('',(2.5477E1,-3.1065E1,5.3E-1));
#2391=LINE('',#2390,#2389);
#2392=DIRECTION('',(1.E0,0.E0,0.E0));
#2393=VECTOR('',#2392,1.83E0);
#2394=CARTESIAN_POINT('',(2.3647E1,-3.1065E1,2.8E-1));
#2395=LINE('',#2394,#2393);
#2396=CARTESIAN_POINT('',(2.4562E1,-3.1825E1,2.8E-1));
#2397=DIRECTION('',(0.E0,0.E0,1.E0));
#2398=DIRECTION('',(0.E0,1.E0,0.E0));
#2399=AXIS2_PLACEMENT_3D('',#2396,#2397,#2398);
#2401=CARTESIAN_POINT('',(2.4562E1,-3.1825E1,2.8E-1));
#2402=DIRECTION('',(0.E0,0.E0,1.E0));
#2403=DIRECTION('',(0.E0,-1.E0,0.E0));
#2404=AXIS2_PLACEMENT_3D('',#2401,#2402,#2403);
#2406=DIRECTION('',(0.E0,-1.E0,0.E0));
#2407=VECTOR('',#2406,1.45E0);
#2408=CARTESIAN_POINT('',(2.3647E1,-3.1065E1,2.8E-1));
#2409=LINE('',#2408,#2407);
#2410=DIRECTION('',(0.E0,1.421085471520E-14,1.E0));
#2411=VECTOR('',#2410,2.5E-1);
#2412=CARTESIAN_POINT('',(2.3647E1,-3.1065E1,2.8E-1));
#2413=LINE('',#2412,#2411);
#2414=DIRECTION('',(0.E0,-1.E0,0.E0));
#2415=VECTOR('',#2414,1.45E0);
#2416=CARTESIAN_POINT('',(2.3647E1,-3.1065E1,5.3E-1));
#2417=LINE('',#2416,#2415);
#2418=DIRECTION('',(1.E0,0.E0,0.E0));
#2419=VECTOR('',#2418,1.83E0);
#2420=CARTESIAN_POINT('',(2.3647E1,-3.1065E1,5.3E-1));
#2421=LINE('',#2420,#2419);
#2422=CARTESIAN_POINT('',(2.4562E1,-3.1825E1,5.3E-1));
#2423=DIRECTION('',(0.E0,0.E0,1.E0));
#2424=DIRECTION('',(0.E0,1.E0,0.E0));
#2425=AXIS2_PLACEMENT_3D('',#2422,#2423,#2424);
#2427=CARTESIAN_POINT('',(2.4562E1,-3.1825E1,5.3E-1));
#2428=DIRECTION('',(0.E0,0.E0,1.E0));
#2429=DIRECTION('',(0.E0,-1.E0,0.E0));
#2430=AXIS2_PLACEMENT_3D('',#2427,#2428,#2429);
#2432=DIRECTION('',(1.E0,0.E0,0.E0));
#2433=VECTOR('',#2432,1.83E0);
#2434=CARTESIAN_POINT('',(2.3647E1,-3.2515E1,5.3E-1));
#2435=LINE('',#2434,#2433);
#2436=CARTESIAN_POINT('',(2.3647E1,-3.2515E1,6.6E-1));
#2437=DIRECTION('',(-1.E0,0.E0,0.E0));
#2438=DIRECTION('',(0.E0,0.E0,-1.E0));
#2439=AXIS2_PLACEMENT_3D('',#2436,#2437,#2438);
#2441=DIRECTION('',(0.E0,0.E0,1.E0));
#2442=VECTOR('',#2441,2.5E-1);
#2443=CARTESIAN_POINT('',(2.3647E1,-3.2515E1,2.8E-1));
#2444=LINE('',#2443,#2442);
#2445=CARTESIAN_POINT('',(2.3647E1,-3.2515E1,6.6E-1));
#2446=DIRECTION('',(-1.E0,0.E0,0.E0));
#2447=DIRECTION('',(0.E0,0.E0,-1.E0));
#2448=AXIS2_PLACEMENT_3D('',#2445,#2446,#2447);
#2450=DIRECTION('',(1.E0,0.E0,0.E0));
#2451=VECTOR('',#2450,1.83E0);
#2452=CARTESIAN_POINT('',(2.3647E1,-3.2515E1,2.8E-1));
#2453=LINE('',#2452,#2451);
#2454=DIRECTION('',(-1.E0,-1.268826313857E-14,0.E0));
#2455=VECTOR('',#2454,2.8E-1);
#2456=CARTESIAN_POINT('',(2.5477E1,-3.1065E1,1.04E0));
#2457=LINE('',#2456,#2455);
#2458=DIRECTION('',(1.E0,0.E0,0.E0));
#2459=VECTOR('',#2458,1.83E0);
#2460=CARTESIAN_POINT('',(2.3647E1,-3.2515E1,1.04E0));
#2461=LINE('',#2460,#2459);
#2462=DIRECTION('',(-1.E0,1.268826313857E-14,0.E0));
#2463=VECTOR('',#2462,2.8E-1);
#2464=CARTESIAN_POINT('',(2.3927E1,-3.1065E1,1.04E0));
#2465=LINE('',#2464,#2463);
#2466=DIRECTION('',(0.E0,0.E0,-1.E0));
#2467=VECTOR('',#2466,2.5E-1);
#2468=CARTESIAN_POINT('',(2.5197E1,-3.1065E1,1.04E0));
#2469=LINE('',#2468,#2467);
#2470=DIRECTION('',(0.E0,1.E0,0.E0));
#2471=VECTOR('',#2470,2.5E-1);
#2472=CARTESIAN_POINT('',(2.5197E1,-3.0915E1,1.19E0));
#2473=LINE('',#2472,#2471);
#2474=CARTESIAN_POINT('',(2.5197E1,-3.1065E1,1.19E0));
#2475=DIRECTION('',(-1.E0,0.E0,0.E0));
#2476=DIRECTION('',(0.E0,1.E0,0.E0));
#2477=AXIS2_PLACEMENT_3D('',#2474,#2475,#2476);
#2479=DIRECTION('',(1.E0,0.E0,0.E0));
#2480=VECTOR('',#2479,1.27E0);
#2481=CARTESIAN_POINT('',(2.3927E1,-3.1065E1,1.04E0));
#2482=LINE('',#2481,#2480);
#2483=CARTESIAN_POINT('',(2.3927E1,-3.1065E1,1.19E0));
#2484=DIRECTION('',(-1.E0,0.E0,0.E0));
#2485=DIRECTION('',(0.E0,1.E0,0.E0));
#2486=AXIS2_PLACEMENT_3D('',#2483,#2484,#2485);
#2488=DIRECTION('',(0.E0,0.E0,-1.E0));
#2489=VECTOR('',#2488,2.5E-1);
#2490=CARTESIAN_POINT('',(2.3927E1,-3.1065E1,1.04E0));
#2491=LINE('',#2490,#2489);
#2492=DIRECTION('',(0.E0,0.E0,-1.E0));
#2493=VECTOR('',#2492,2.5E-1);
#2494=CARTESIAN_POINT('',(2.3647E1,-3.1065E1,1.04E0));
#2495=LINE('',#2494,#2493);
#2496=DIRECTION('',(0.E0,1.E0,0.E0));
#2497=VECTOR('',#2496,1.45E0);
#2498=CARTESIAN_POINT('',(2.3647E1,-3.2515E1,1.04E0));
#2499=LINE('',#2498,#2497);
#2500=DIRECTION('',(0.E0,0.E0,-1.E0));
#2501=VECTOR('',#2500,2.5E-1);
#2502=CARTESIAN_POINT('',(2.3647E1,-3.2515E1,1.04E0));
#2503=LINE('',#2502,#2501);
#2504=DIRECTION('',(0.E0,1.E0,0.E0));
#2505=VECTOR('',#2504,1.45E0);
#2506=CARTESIAN_POINT('',(2.3647E1,-3.2515E1,7.9E-1));
#2507=LINE('',#2506,#2505);
#2508=DIRECTION('',(-1.E0,-1.268826313857E-14,0.E0));
#2509=VECTOR('',#2508,2.8E-1);
#2510=CARTESIAN_POINT('',(2.5477E1,-3.1065E1,7.9E-1));
#2511=LINE('',#2510,#2509);
#2512=DIRECTION('',(-1.E0,1.268826313857E-14,0.E0));
#2513=VECTOR('',#2512,2.8E-1);
#2514=CARTESIAN_POINT('',(2.3927E1,-3.1065E1,7.9E-1));
#2515=LINE('',#2514,#2513);
#2516=DIRECTION('',(1.E0,0.E0,0.E0));
#2517=VECTOR('',#2516,1.83E0);
#2518=CARTESIAN_POINT('',(2.3647E1,-3.2515E1,7.9E-1));
#2519=LINE('',#2518,#2517);
#2520=CARTESIAN_POINT('',(2.5197E1,-3.1065E1,1.19E0));
#2521=DIRECTION('',(-1.E0,0.E0,0.E0));
#2522=DIRECTION('',(0.E0,1.E0,0.E0));
#2523=AXIS2_PLACEMENT_3D('',#2520,#2521,#2522);
#2525=CARTESIAN_POINT('',(2.3927E1,-3.1065E1,1.19E0));
#2526=DIRECTION('',(-1.E0,0.E0,0.E0));
#2527=DIRECTION('',(0.E0,1.E0,0.E0));
#2528=AXIS2_PLACEMENT_3D('',#2525,#2526,#2527);
#2530=DIRECTION('',(1.E0,0.E0,0.E0));
#2531=VECTOR('',#2530,1.27E0);
#2532=CARTESIAN_POINT('',(2.3927E1,-3.1065E1,7.9E-1));
#2533=LINE('',#2532,#2531);
#2534=DIRECTION('',(-1.E0,0.E0,0.E0));
#2535=VECTOR('',#2534,4.6E-1);
#2536=CARTESIAN_POINT('',(2.4792E1,-3.0665E1,7.62E0));
#2537=LINE('',#2536,#2535);
#2538=DIRECTION('',(0.E0,0.E0,-1.E0));
#2539=VECTOR('',#2538,3.81E0);
#2540=CARTESIAN_POINT('',(2.4332E1,-3.0665E1,7.62E0));
#2541=LINE('',#2540,#2539);
#2542=DIRECTION('',(-7.071067811865E-1,-1.240566880935E-14,-7.071067811865E-1));
#2543=VECTOR('',#2542,5.727564927611E-1);
#2544=CARTESIAN_POINT('',(2.4332E1,-3.0665E1,3.81E0));
#2545=LINE('',#2544,#2543);
#2546=DIRECTION('',(0.E0,0.E0,1.E0));
#2547=VECTOR('',#2546,2.215E0);
#2548=CARTESIAN_POINT('',(2.3927E1,-3.0665E1,1.19E0));
#2549=LINE('',#2548,#2547);
#2550=DIRECTION('',(1.E0,0.E0,0.E0));
#2551=VECTOR('',#2550,1.27E0);
#2552=CARTESIAN_POINT('',(2.3927E1,-3.0665E1,1.19E0));
#2553=LINE('',#2552,#2551);
#2554=DIRECTION('',(0.E0,0.E0,1.E0));
#2555=VECTOR('',#2554,2.215E0);
#2556=CARTESIAN_POINT('',(2.5197E1,-3.0665E1,1.19E0));
#2557=LINE('',#2556,#2555);
#2558=DIRECTION('',(-7.071067811865E-1,1.240566880935E-14,7.071067811865E-1));
#2559=VECTOR('',#2558,5.727564927611E-1);
#2560=CARTESIAN_POINT('',(2.5197E1,-3.0665E1,3.405E0));
#2561=LINE('',#2560,#2559);
#2562=DIRECTION('',(0.E0,0.E0,-1.E0));
#2563=VECTOR('',#2562,3.81E0);
#2564=CARTESIAN_POINT('',(2.4792E1,-3.0665E1,7.62E0));
#2565=LINE('',#2564,#2563);
#2566=DIRECTION('',(-1.E0,0.E0,0.E0));
#2567=VECTOR('',#2566,4.6E-1);
#2568=CARTESIAN_POINT('',(2.4792E1,-3.0915E1,7.62E0));
#2569=LINE('',#2568,#2567);
#2570=DIRECTION('',(0.E0,0.E0,-1.E0));
#2571=VECTOR('',#2570,3.81E0);
#2572=CARTESIAN_POINT('',(2.4792E1,-3.0915E1,7.62E0));
#2573=LINE('',#2572,#2571);
#2574=DIRECTION('',(-7.071067811865E-1,1.240566880935E-14,7.071067811866E-1));
#2575=VECTOR('',#2574,5.727564927611E-1);
#2576=CARTESIAN_POINT('',(2.5197E1,-3.0915E1,3.405E0));
#2577=LINE('',#2576,#2575);
#2578=DIRECTION('',(0.E0,0.E0,1.E0));
#2579=VECTOR('',#2578,2.215E0);
#2580=CARTESIAN_POINT('',(2.5197E1,-3.0915E1,1.19E0));
#2581=LINE('',#2580,#2579);
#2582=DIRECTION('',(1.E0,0.E0,0.E0));
#2583=VECTOR('',#2582,1.27E0);
#2584=CARTESIAN_POINT('',(2.3927E1,-3.0915E1,1.19E0));
#2585=LINE('',#2584,#2583);
#2586=DIRECTION('',(0.E0,0.E0,1.E0));
#2587=VECTOR('',#2586,2.215E0);
#2588=CARTESIAN_POINT('',(2.3927E1,-3.0915E1,1.19E0));
#2589=LINE('',#2588,#2587);
#2590=DIRECTION('',(-7.071067811865E-1,-1.240566880935E-14,-7.071067811865E-1));
#2591=VECTOR('',#2590,5.727564927611E-1);
#2592=CARTESIAN_POINT('',(2.4332E1,-3.0915E1,3.81E0));
#2593=LINE('',#2592,#2591);
#2594=DIRECTION('',(0.E0,0.E0,-1.E0));
#2595=VECTOR('',#2594,3.81E0);
#2596=CARTESIAN_POINT('',(2.4332E1,-3.0915E1,7.62E0));
#2597=LINE('',#2596,#2595);
#2598=DIRECTION('',(0.E0,-1.E0,0.E0));
#2599=VECTOR('',#2598,2.5E-1);
#2600=CARTESIAN_POINT('',(2.4792E1,-3.0665E1,7.62E0));
#2601=LINE('',#2600,#2599);
#2602=DIRECTION('',(0.E0,1.E0,0.E0));
#2603=VECTOR('',#2602,2.5E-1);
#2604=CARTESIAN_POINT('',(2.4792E1,-3.0915E1,3.81E0));
#2605=LINE('',#2604,#2603);
#2606=DIRECTION('',(0.E0,1.E0,0.E0));
#2607=VECTOR('',#2606,2.5E-1);
#2608=CARTESIAN_POINT('',(2.5197E1,-3.0915E1,3.405E0));
#2609=LINE('',#2608,#2607);
#2610=DIRECTION('',(0.E0,1.E0,0.E0));
#2611=VECTOR('',#2610,2.5E-1);
#2612=CARTESIAN_POINT('',(2.3927E1,-3.0915E1,1.19E0));
#2613=LINE('',#2612,#2611);
#2614=DIRECTION('',(0.E0,1.E0,0.E0));
#2615=VECTOR('',#2614,2.5E-1);
#2616=CARTESIAN_POINT('',(2.3927E1,-3.0915E1,3.405E0));
#2617=LINE('',#2616,#2615);
#2618=DIRECTION('',(0.E0,-1.E0,0.E0));
#2619=VECTOR('',#2618,2.5E-1);
#2620=CARTESIAN_POINT('',(2.4332E1,-3.0665E1,7.62E0));
#2621=LINE('',#2620,#2619);
#2622=DIRECTION('',(0.E0,1.E0,0.E0));
#2623=VECTOR('',#2622,2.5E-1);
#2624=CARTESIAN_POINT('',(2.4332E1,-3.0915E1,3.81E0));
#2625=LINE('',#2624,#2623);
#2626=DIRECTION('',(-2.842170943040E-14,0.E0,-1.E0));
#2627=VECTOR('',#2626,2.5E-1);
#2628=CARTESIAN_POINT('',(2.5477E1,-3.1065E1,1.04E0));
#2629=LINE('',#2628,#2627);
#2630=DIRECTION('',(0.E0,1.E0,0.E0));
#2631=VECTOR('',#2630,1.45E0);
#2632=CARTESIAN_POINT('',(2.5477E1,-3.2515E1,7.9E-1));
#2633=LINE('',#2632,#2631);
#2634=DIRECTION('',(0.E0,1.E0,0.E0));
#2635=VECTOR('',#2634,1.45E0);
#2636=CARTESIAN_POINT('',(2.5477E1,-3.2515E1,1.04E0));
#2637=LINE('',#2636,#2635);
#2638=CARTESIAN_POINT('',(2.5477E1,-3.2515E1,6.6E-1));
#2639=DIRECTION('',(-1.E0,0.E0,0.E0));
#2640=DIRECTION('',(0.E0,0.E0,-1.E0));
#2641=AXIS2_PLACEMENT_3D('',#2638,#2639,#2640);
#2643=DIRECTION('',(0.E0,0.E0,-1.E0));
#2644=VECTOR('',#2643,2.5E-1);
#2645=CARTESIAN_POINT('',(2.5477E1,-3.2515E1,1.04E0));
#2646=LINE('',#2645,#2644);
#2647=CARTESIAN_POINT('',(2.5477E1,-3.2515E1,6.6E-1));
#2648=DIRECTION('',(-1.E0,0.E0,0.E0));
#2649=DIRECTION('',(0.E0,0.E0,-1.E0));
#2650=AXIS2_PLACEMENT_3D('',#2647,#2648,#2649);
#2652=DIRECTION('',(0.E0,-1.736481776669E-1,9.848077530122E-1));
#2653=VECTOR('',#2652,2.843194513280E-1);
#2654=CARTESIAN_POINT('',(2.4562E1,-3.224085353761E1,2.5E-1));
#2655=LINE('',#2654,#2653);
#2656=DIRECTION('',(0.E0,1.736481776670E-1,9.848077530122E-1));
#2657=VECTOR('',#2656,2.843194513280E-1);
#2658=CARTESIAN_POINT('',(2.4562E1,-3.140914646239E1,2.5E-1));
#2659=LINE('',#2658,#2657);
#2660=CARTESIAN_POINT('',(2.4562E1,-3.1825E1,2.5E-1));
#2661=DIRECTION('',(0.E0,0.E0,1.E0));
#2662=DIRECTION('',(0.E0,1.E0,0.E0));
#2663=AXIS2_PLACEMENT_3D('',#2660,#2661,#2662);
#2665=CARTESIAN_POINT('',(2.4562E1,-3.1825E1,2.5E-1));
#2666=DIRECTION('',(0.E0,0.E0,1.E0));
#2667=DIRECTION('',(0.E0,-1.E0,0.E0));
#2668=AXIS2_PLACEMENT_3D('',#2665,#2666,#2667);
#2670=CARTESIAN_POINT('',(2.4562E1,-3.1825E1,1.239527733500E-1));
#2671=DIRECTION('',(0.E0,0.E0,-1.E0));
#2672=DIRECTION('',(0.E0,-1.E0,0.E0));
#2673=AXIS2_PLACEMENT_3D('',#2670,#2671,#2672);
#2675=CARTESIAN_POINT('',(2.4562E1,-3.232476350073E1,1.5E-1));
#2676=DIRECTION('',(-1.E0,0.E0,0.E0));
#2677=DIRECTION('',(0.E0,0.E0,-1.E0));
#2678=AXIS2_PLACEMENT_3D('',#2675,#2676,#2677);
#2680=CARTESIAN_POINT('',(2.4562E1,-3.132523649927E1,1.5E-1));
#2681=DIRECTION('',(1.E0,0.E0,0.E0));
#2682=DIRECTION('',(0.E0,0.E0,-1.E0));
#2683=AXIS2_PLACEMENT_3D('',#2680,#2681,#2682);
#2685=CARTESIAN_POINT('',(2.4562E1,-3.1825E1,1.239527733500E-1));
#2686=DIRECTION('',(0.E0,0.E0,-1.E0));
#2687=DIRECTION('',(0.E0,1.E0,0.E0));
#2688=AXIS2_PLACEMENT_3D('',#2685,#2686,#2687);
#2690=DIRECTION('',(-2.527904176287E-9,-1.736481776670E-1,9.848077530122E-1));
#2691=VECTOR('',#2690,1.584545066625E-1);
#2692=CARTESIAN_POINT('',(2.456200000040E1,-3.247248466367E1,
1.239527733390E-1));
#2693=LINE('',#2692,#2691);
#2694=DIRECTION('',(2.527859334222E-9,1.736481776669E-1,9.848077530122E-1));
#2695=VECTOR('',#2694,1.584545066625E-1);
#2696=CARTESIAN_POINT('',(2.456199999960E1,-3.117751533633E1,
1.239527733390E-1));
#2697=LINE('',#2696,#2695);
#2698=DIRECTION('',(0.E0,0.E0,1.E0));
#2699=VECTOR('',#2698,1.351570795286E0);
#2700=CARTESIAN_POINT('',(2.5477E1,-3.0915E1,-1.221570795286E0));
#2701=LINE('',#2700,#2699);
#2702=DIRECTION('',(0.E0,1.E0,0.E0));
#2703=VECTOR('',#2702,2.5E-1);
#2704=CARTESIAN_POINT('',(2.5477E1,-3.0915E1,1.3E-1));
#2705=LINE('',#2704,#2703);
#2706=DIRECTION('',(0.E0,0.E0,1.E0));
#2707=VECTOR('',#2706,1.351570795286E0);
#2708=CARTESIAN_POINT('',(2.5477E1,-3.0665E1,-1.221570795286E0));
#2709=LINE('',#2708,#2707);
#2710=CARTESIAN_POINT('',(2.4562E1,-3.222399561457E1,-1.229812170394E0));
#2711=DIRECTION('',(0.E0,8.715574274767E-2,9.961946980917E-1));
#2712=DIRECTION('',(1.E0,0.E0,0.E0));
#2713=AXIS2_PLACEMENT_3D('',#2710,#2711,#2712);
#2715=DIRECTION('',(-1.736481776670E-1,-8.583165118099E-2,-9.810602621901E-1));
#2716=VECTOR('',#2715,4.140591101025E-2);
#2717=CARTESIAN_POINT('',(2.390441515320E1,-3.222399561457E1,
-1.229812170394E0));
#2718=LINE('',#2717,#2716);
#2719=CARTESIAN_POINT('',(2.424909786675E1,-4.244670733288E1,
-1.290357758269E0));
#2720=DIRECTION('',(5.259446177186E-11,-9.961946980917E-1,-8.715574274767E-2));
#2721=DIRECTION('',(-6.171142002199E-1,-6.858055317248E-2,7.838793093414E-1));
#2722=AXIS2_PLACEMENT_3D('',#2719,#2720,#2721);
#2724=CARTESIAN_POINT('',(2.487490213325E1,-4.244670733285E1,
-1.290357758267E0));
#2725=DIRECTION('',(-5.260499934961E-11,9.961946980917E-1,8.715574274767E-2));
#2726=DIRECTION('',(6.171142002376E-1,-6.858055310661E-2,7.838793093332E-1));
#2727=AXIS2_PLACEMENT_3D('',#2724,#2725,#2726);
#2729=CARTESIAN_POINT('',(2.4562E1,-4.245200438543E1,-1.229812170394E0));
#2730=DIRECTION('',(0.E0,-8.715574274767E-2,9.961946980917E-1));
#2731=DIRECTION('',(1.E0,0.E0,0.E0));
#2732=AXIS2_PLACEMENT_3D('',#2729,#2730,#2731);
#2734=DIRECTION('',(-1.736481776670E-1,8.583165117396E-2,-9.810602621907E-1));
#2735=VECTOR('',#2734,4.140591101025E-2);
#2736=CARTESIAN_POINT('',(2.390441515320E1,-4.245200438543E1,
-1.229812170394E0));
#2737=LINE('',#2736,#2735);
#2738=DIRECTION('',(-1.E0,0.E0,0.E0));
#2739=VECTOR('',#2738,1.83E0);
#2740=CARTESIAN_POINT('',(2.5477E1,-4.1781E1,-1.212039516665E0));
#2741=LINE('',#2740,#2739);
#2742=CARTESIAN_POINT('',(2.4562E1,-4.244845044772E1,-1.270433864306E0));
#2743=DIRECTION('',(0.E0,8.715574274767E-2,-9.961946980917E-1));
#2744=DIRECTION('',(1.E0,0.E0,0.E0));
#2745=AXIS2_PLACEMENT_3D('',#2742,#2743,#2744);
#2747=CARTESIAN_POINT('',(2.4562E1,-4.244845044772E1,-1.270433864306E0));
#2748=DIRECTION('',(0.E0,8.715574274767E-2,-9.961946980917E-1));
#2749=DIRECTION('',(-1.E0,0.E0,0.E0));
#2750=AXIS2_PLACEMENT_3D('',#2747,#2748,#2749);
#2752=DIRECTION('',(0.E0,-9.961946980917E-1,-8.715574274767E-2));
#2753=VECTOR('',#2752,1.823867003175E0);
#2754=CARTESIAN_POINT('',(2.5477E1,-4.1781E1,-1.212039516665E0));
#2755=LINE('',#2754,#2753);
#2756=DIRECTION('',(0.E0,8.715574274765E-2,-9.961946980917E-1));
#2757=VECTOR('',#2756,2.5E-1);
#2758=CARTESIAN_POINT('',(2.5477E1,-4.1781E1,-1.212039516665E0));
#2759=LINE('',#2758,#2757);
#2760=DIRECTION('',(0.E0,-9.961946980917E-1,-8.715574274767E-2));
#2761=VECTOR('',#2760,1.823867003175E0);
#2762=CARTESIAN_POINT('',(2.5477E1,-4.175921106431E1,-1.461088191188E0));
#2763=LINE('',#2762,#2761);
#2764=DIRECTION('',(0.E0,8.715574274765E-2,-9.961946980917E-1));
#2765=VECTOR('',#2764,2.5E-1);
#2766=CARTESIAN_POINT('',(2.3647E1,-4.1781E1,-1.212039516665E0));
#2767=LINE('',#2766,#2765);
#2768=DIRECTION('',(0.E0,-9.961946980917E-1,-8.715574274767E-2));
#2769=VECTOR('',#2768,1.823867003175E0);
#2770=CARTESIAN_POINT('',(2.3647E1,-4.1781E1,-1.212039516665E0));
#2771=LINE('',#2770,#2769);
#2772=DIRECTION('',(1.421085471520E-14,8.715574274765E-2,-9.961946980917E-1));
#2773=VECTOR('',#2772,2.5E-1);
#2774=CARTESIAN_POINT('',(2.3647E1,-4.359792663859E1,-1.371E0));
#2775=LINE('',#2774,#2773);
#2776=DIRECTION('',(0.E0,-9.961946980917E-1,-8.715574274767E-2));
#2777=VECTOR('',#2776,1.823867003175E0);
#2778=CARTESIAN_POINT('',(2.3647E1,-4.175921106431E1,-1.461088191188E0));
#2779=LINE('',#2778,#2777);
#2780=CARTESIAN_POINT('',(2.3647E1,-4.3611E1,-1.221570795286E0));
#2781=DIRECTION('',(-1.E0,0.E0,0.E0));
#2782=DIRECTION('',(0.E0,8.715574274765E-2,-9.961946980917E-1));
#2783=AXIS2_PLACEMENT_3D('',#2780,#2781,#2782);
#2785=DIRECTION('',(1.421085471520E-14,-1.E0,0.E0));
#2786=VECTOR('',#2785,2.5E-1);
#2787=CARTESIAN_POINT('',(2.3647E1,-4.3761E1,-1.221570795286E0));
#2788=LINE('',#2787,#2786);
#2789=CARTESIAN_POINT('',(2.3647E1,-4.3611E1,-1.221570795286E0));
#2790=DIRECTION('',(-1.E0,0.E0,0.E0));
#2791=DIRECTION('',(0.E0,8.715574274767E-2,-9.961946980917E-1));
#2792=AXIS2_PLACEMENT_3D('',#2789,#2790,#2791);
#2794=DIRECTION('',(-1.E0,0.E0,0.E0));
#2795=VECTOR('',#2794,1.83E0);
#2796=CARTESIAN_POINT('',(2.5477E1,-4.359792663859E1,-1.371E0));
#2797=LINE('',#2796,#2795);
#2798=CARTESIAN_POINT('',(2.5477E1,-4.3611E1,-1.221570795286E0));
#2799=DIRECTION('',(-1.E0,0.E0,0.E0));
#2800=DIRECTION('',(0.E0,8.715574274765E-2,-9.961946980917E-1));
#2801=AXIS2_PLACEMENT_3D('',#2798,#2799,#2800);
#2803=DIRECTION('',(0.E0,8.715574274766E-2,-9.961946980917E-1));
#2804=VECTOR('',#2803,2.5E-1);
#2805=CARTESIAN_POINT('',(2.5477E1,-4.359792663859E1,-1.371E0));
#2806=LINE('',#2805,#2804);
#2807=CARTESIAN_POINT('',(2.5477E1,-4.3611E1,-1.221570795286E0));
#2808=DIRECTION('',(-1.E0,0.E0,0.E0));
#2809=DIRECTION('',(0.E0,8.715574274767E-2,-9.961946980917E-1));
#2810=AXIS2_PLACEMENT_3D('',#2807,#2808,#2809);
#2812=DIRECTION('',(-1.E0,0.E0,0.E0));
#2813=VECTOR('',#2812,1.83E0);
#2814=CARTESIAN_POINT('',(2.5477E1,-4.357613770290E1,-1.620048674523E0));
#2815=LINE('',#2814,#2813);
#2816=DIRECTION('',(-1.E0,0.E0,0.E0));
#2817=VECTOR('',#2816,1.83E0);
#2818=CARTESIAN_POINT('',(2.5477E1,-4.175921106431E1,-1.461088191188E0));
#2819=LINE('',#2818,#2817);
#2820=CARTESIAN_POINT('',(2.4562E1,-4.242666151203E1,-1.519482538829E0));
#2821=DIRECTION('',(0.E0,8.715574274767E-2,-9.961946980917E-1));
#2822=DIRECTION('',(1.E0,0.E0,0.E0));
#2823=AXIS2_PLACEMENT_3D('',#2820,#2821,#2822);
#2825=CARTESIAN_POINT('',(2.4562E1,-4.242666151203E1,-1.519482538829E0));
#2826=DIRECTION('',(0.E0,8.715574274767E-2,-9.961946980917E-1));
#2827=DIRECTION('',(-1.E0,0.E0,0.E0));
#2828=AXIS2_PLACEMENT_3D('',#2825,#2826,#2827);
#2830=DIRECTION('',(1.736481776669E-1,8.583165117783E-2,-9.810602621904E-1));
#2831=VECTOR('',#2830,2.511808188046E-1);
#2832=CARTESIAN_POINT('',(2.497338290855E1,-4.244822077646E1,
-1.273059018876E0));
#2833=LINE('',#2832,#2831);
#2834=CARTESIAN_POINT('',(2.4562E1,-4.244822077646E1,-1.273059018876E0));
#2835=DIRECTION('',(0.E0,-8.715574274767E-2,9.961946980917E-1));
#2836=DIRECTION('',(-1.E0,0.E0,0.E0));
#2837=AXIS2_PLACEMENT_3D('',#2834,#2835,#2836);
#2839=DIRECTION('',(-1.736481776669E-1,8.583165117706E-2,-9.810602621904E-1));
#2840=VECTOR('',#2839,2.511808188046E-1);
#2841=CARTESIAN_POINT('',(2.415061709145E1,-4.244822077646E1,
-1.273059018876E0));
#2842=LINE('',#2841,#2840);
#2843=CARTESIAN_POINT('',(2.4562E1,-4.244822077646E1,-1.273059018876E0));
#2844=DIRECTION('',(0.E0,-8.715574274767E-2,9.961946980917E-1));
#2845=DIRECTION('',(1.E0,0.E0,0.E0));
#2846=AXIS2_PLACEMENT_3D('',#2843,#2844,#2845);
#2848=CARTESIAN_POINT('',(2.487490213325E1,-4.244670733287E1,
-1.290357758268E0));
#2849=DIRECTION('',(0.E0,9.961946980917E-1,8.715574274767E-2));
#2850=DIRECTION('',(0.E0,-8.715574274767E-2,9.961946980917E-1));
#2851=AXIS2_PLACEMENT_3D('',#2848,#2849,#2850);
#2853=CARTESIAN_POINT('',(2.4562E1,-4.245542290714E1,-1.190738288459E0));
#2854=DIRECTION('',(0.E0,-8.715574274767E-2,9.961946980917E-1));
#2855=DIRECTION('',(1.E0,0.E0,0.E0));
#2856=AXIS2_PLACEMENT_3D('',#2853,#2854,#2855);
#2858=CARTESIAN_POINT('',(2.4562E1,-4.245542290714E1,-1.190738288459E0));
#2859=DIRECTION('',(0.E0,-8.715574274767E-2,9.961946980917E-1));
#2860=DIRECTION('',(-1.E0,0.E0,0.E0));
#2861=AXIS2_PLACEMENT_3D('',#2858,#2859,#2860);
#2863=CARTESIAN_POINT('',(2.424909786675E1,-4.244670733287E1,
-1.290357758268E0));
#2864=DIRECTION('',(0.E0,-9.961946980917E-1,-8.715574274767E-2));
#2865=DIRECTION('',(0.E0,-8.715574274767E-2,9.961946980917E-1));
#2866=AXIS2_PLACEMENT_3D('',#2863,#2864,#2865);
#2868=DIRECTION('',(-1.E0,0.E0,0.E0));
#2869=VECTOR('',#2868,1.83E0);
#2870=CARTESIAN_POINT('',(2.5477E1,-4.4011E1,-1.221570795286E0));
#2871=LINE('',#2870,#2869);
#2872=DIRECTION('',(0.E0,0.E0,1.E0));
#2873=VECTOR('',#2872,1.351570795286E0);
#2874=CARTESIAN_POINT('',(2.5477E1,-4.3761E1,-1.221570795286E0));
#2875=LINE('',#2874,#2873);
#2876=DIRECTION('',(0.E0,-1.E0,0.E0));
#2877=VECTOR('',#2876,2.5E-1);
#2878=CARTESIAN_POINT('',(2.5477E1,-4.3761E1,-1.221570795286E0));
#2879=LINE('',#2878,#2877);
#2880=DIRECTION('',(0.E0,0.E0,1.E0));
#2881=VECTOR('',#2880,1.351570795286E0);
#2882=CARTESIAN_POINT('',(2.5477E1,-4.4011E1,-1.221570795286E0));
#2883=LINE('',#2882,#2881);
#2884=DIRECTION('',(-1.E0,0.E0,0.E0));
#2885=VECTOR('',#2884,1.83E0);
#2886=CARTESIAN_POINT('',(2.5477E1,-4.3761E1,-1.221570795286E0));
#2887=LINE('',#2886,#2885);
#2888=DIRECTION('',(-1.E0,0.E0,0.E0));
#2889=VECTOR('',#2888,1.83E0);
#2890=CARTESIAN_POINT('',(2.5477E1,-4.3761E1,1.3E-1));
#2891=LINE('',#2890,#2889);
#2892=CARTESIAN_POINT('',(2.5477E1,-4.3611E1,1.3E-1));
#2893=DIRECTION('',(-1.E0,0.E0,0.E0));
#2894=DIRECTION('',(0.E0,-1.E0,0.E0));
#2895=AXIS2_PLACEMENT_3D('',#2892,#2893,#2894);
#2897=DIRECTION('',(0.E0,-1.E0,0.E0));
#2898=VECTOR('',#2897,2.5E-1);
#2899=CARTESIAN_POINT('',(2.5477E1,-4.3761E1,1.3E-1));
#2900=LINE('',#2899,#2898);
#2901=CARTESIAN_POINT('',(2.5477E1,-4.3611E1,1.3E-1));
#2902=DIRECTION('',(-1.E0,0.E0,0.E0));
#2903=DIRECTION('',(0.E0,-1.E0,0.E0));
#2904=AXIS2_PLACEMENT_3D('',#2901,#2902,#2903);
#2906=DIRECTION('',(-1.E0,0.E0,0.E0));
#2907=VECTOR('',#2906,1.83E0);
#2908=CARTESIAN_POINT('',(2.5477E1,-4.4011E1,1.3E-1));
#2909=LINE('',#2908,#2907);
#2910=CARTESIAN_POINT('',(2.3647E1,-4.3611E1,1.3E-1));
#2911=DIRECTION('',(-1.E0,0.E0,0.E0));
#2912=DIRECTION('',(0.E0,-1.E0,0.E0));
#2913=AXIS2_PLACEMENT_3D('',#2910,#2911,#2912);
#2915=DIRECTION('',(1.421085471520E-14,0.E0,1.E0));
#2916=VECTOR('',#2915,2.5E-1);
#2917=CARTESIAN_POINT('',(2.3647E1,-4.3611E1,2.8E-1));
#2918=LINE('',#2917,#2916);
#2919=CARTESIAN_POINT('',(2.3647E1,-4.3611E1,1.3E-1));
#2920=DIRECTION('',(-1.E0,0.E0,0.E0));
#2921=DIRECTION('',(0.E0,-1.E0,0.E0));
#2922=AXIS2_PLACEMENT_3D('',#2919,#2920,#2921);
#2924=DIRECTION('',(0.E0,1.E0,0.E0));
#2925=VECTOR('',#2924,1.45E0);
#2926=CARTESIAN_POINT('',(2.3647E1,-4.3611E1,2.8E-1));
#2927=LINE('',#2926,#2925);
#2928=DIRECTION('',(0.E0,0.E0,1.E0));
#2929=VECTOR('',#2928,2.5E-1);
#2930=CARTESIAN_POINT('',(2.3647E1,-4.2161E1,2.8E-1));
#2931=LINE('',#2930,#2929);
#2932=DIRECTION('',(0.E0,1.E0,0.E0));
#2933=VECTOR('',#2932,1.45E0);
#2934=CARTESIAN_POINT('',(2.3647E1,-4.3611E1,5.3E-1));
#2935=LINE('',#2934,#2933);
#2936=DIRECTION('',(-1.E0,0.E0,0.E0));
#2937=VECTOR('',#2936,1.83E0);
#2938=CARTESIAN_POINT('',(2.5477E1,-4.3611E1,2.8E-1));
#2939=LINE('',#2938,#2937);
#2940=CARTESIAN_POINT('',(2.4562E1,-4.2851E1,2.8E-1));
#2941=DIRECTION('',(0.E0,0.E0,1.E0));
#2942=DIRECTION('',(0.E0,-1.E0,0.E0));
#2943=AXIS2_PLACEMENT_3D('',#2940,#2941,#2942);
#2945=CARTESIAN_POINT('',(2.4562E1,-4.2851E1,2.8E-1));
#2946=DIRECTION('',(0.E0,0.E0,1.E0));
#2947=DIRECTION('',(0.E0,1.E0,0.E0));
#2948=AXIS2_PLACEMENT_3D('',#2945,#2946,#2947);
#2950=DIRECTION('',(0.E0,1.E0,0.E0));
#2951=VECTOR('',#2950,1.45E0);
#2952=CARTESIAN_POINT('',(2.5477E1,-4.3611E1,2.8E-1));
#2953=LINE('',#2952,#2951);
#2954=DIRECTION('',(0.E0,0.E0,1.E0));
#2955=VECTOR('',#2954,2.5E-1);
#2956=CARTESIAN_POINT('',(2.5477E1,-4.3611E1,2.8E-1));
#2957=LINE('',#2956,#2955);
#2958=DIRECTION('',(0.E0,1.E0,0.E0));
#2959=VECTOR('',#2958,1.45E0);
#2960=CARTESIAN_POINT('',(2.5477E1,-4.3611E1,5.3E-1));
#2961=LINE('',#2960,#2959);
#2962=DIRECTION('',(-1.E0,0.E0,0.E0));
#2963=VECTOR('',#2962,1.83E0);
#2964=CARTESIAN_POINT('',(2.5477E1,-4.3611E1,5.3E-1));
#2965=LINE('',#2964,#2963);
#2966=CARTESIAN_POINT('',(2.4562E1,-4.2851E1,5.3E-1));
#2967=DIRECTION('',(0.E0,0.E0,1.E0));
#2968=DIRECTION('',(0.E0,-1.E0,0.E0));
#2969=AXIS2_PLACEMENT_3D('',#2966,#2967,#2968);
#2971=CARTESIAN_POINT('',(2.4562E1,-4.2851E1,5.3E-1));
#2972=DIRECTION('',(0.E0,0.E0,1.E0));
#2973=DIRECTION('',(0.E0,1.E0,0.E0));
#2974=AXIS2_PLACEMENT_3D('',#2971,#2972,#2973);
#2976=DIRECTION('',(-1.E0,0.E0,0.E0));
#2977=VECTOR('',#2976,1.83E0);
#2978=CARTESIAN_POINT('',(2.5477E1,-4.2161E1,5.3E-1));
#2979=LINE('',#2978,#2977);
#2980=CARTESIAN_POINT('',(2.5477E1,-4.2161E1,6.6E-1));
#2981=DIRECTION('',(1.E0,0.E0,0.E0));
#2982=DIRECTION('',(0.E0,0.E0,-1.E0));
#2983=AXIS2_PLACEMENT_3D('',#2980,#2981,#2982);
#2985=DIRECTION('',(0.E0,0.E0,1.E0));
#2986=VECTOR('',#2985,2.5E-1);
#2987=CARTESIAN_POINT('',(2.5477E1,-4.2161E1,2.8E-1));
#2988=LINE('',#2987,#2986);
#2989=CARTESIAN_POINT('',(2.5477E1,-4.2161E1,6.6E-1));
#2990=DIRECTION('',(1.E0,0.E0,0.E0));
#2991=DIRECTION('',(0.E0,0.E0,-1.E0));
#2992=AXIS2_PLACEMENT_3D('',#2989,#2990,#2991);
#2994=DIRECTION('',(-1.E0,0.E0,0.E0));
#2995=VECTOR('',#2994,1.83E0);
#2996=CARTESIAN_POINT('',(2.5477E1,-4.2161E1,2.8E-1));
#2997=LINE('',#2996,#2995);
#2998=DIRECTION('',(1.E0,0.E0,0.E0));
#2999=VECTOR('',#2998,2.8E-1);
#3000=CARTESIAN_POINT('',(2.3647E1,-4.3611E1,1.04E0));
#3001=LINE('',#3000,#2999);
#3002=DIRECTION('',(-1.E0,0.E0,0.E0));
#3003=VECTOR('',#3002,1.83E0);
#3004=CARTESIAN_POINT('',(2.5477E1,-4.2161E1,1.04E0));
#3005=LINE('',#3004,#3003);
#3006=DIRECTION('',(1.E0,0.E0,0.E0));
#3007=VECTOR('',#3006,2.8E-1);
#3008=CARTESIAN_POINT('',(2.5197E1,-4.3611E1,1.04E0));
#3009=LINE('',#3008,#3007);
#3010=DIRECTION('',(1.421085471520E-14,0.E0,-1.E0));
#3011=VECTOR('',#3010,2.5E-1);
#3012=CARTESIAN_POINT('',(2.3927E1,-4.3611E1,1.04E0));
#3013=LINE('',#3012,#3011);
#3014=DIRECTION('',(0.E0,-1.E0,0.E0));
#3015=VECTOR('',#3014,2.5E-1);
#3016=CARTESIAN_POINT('',(2.3927E1,-4.3761E1,1.19E0));
#3017=LINE('',#3016,#3015);
#3018=CARTESIAN_POINT('',(2.3927E1,-4.3611E1,1.19E0));
#3019=DIRECTION('',(1.E0,0.E0,0.E0));
#3020=DIRECTION('',(0.E0,-1.E0,0.E0));
#3021=AXIS2_PLACEMENT_3D('',#3018,#3019,#3020);
#3023=DIRECTION('',(-1.E0,0.E0,0.E0));
#3024=VECTOR('',#3023,1.27E0);
#3025=CARTESIAN_POINT('',(2.5197E1,-4.3611E1,1.04E0));
#3026=LINE('',#3025,#3024);
#3027=CARTESIAN_POINT('',(2.5197E1,-4.3611E1,1.19E0));
#3028=DIRECTION('',(1.E0,0.E0,0.E0));
#3029=DIRECTION('',(0.E0,-1.E0,0.E0));
#3030=AXIS2_PLACEMENT_3D('',#3027,#3028,#3029);
#3032=DIRECTION('',(0.E0,0.E0,-1.E0));
#3033=VECTOR('',#3032,2.5E-1);
#3034=CARTESIAN_POINT('',(2.5197E1,-4.3611E1,1.04E0));
#3035=LINE('',#3034,#3033);
#3036=DIRECTION('',(0.E0,0.E0,-1.E0));
#3037=VECTOR('',#3036,2.5E-1);
#3038=CARTESIAN_POINT('',(2.5477E1,-4.3611E1,1.04E0));
#3039=LINE('',#3038,#3037);
#3040=DIRECTION('',(0.E0,-1.E0,0.E0));
#3041=VECTOR('',#3040,1.45E0);
#3042=CARTESIAN_POINT('',(2.5477E1,-4.2161E1,1.04E0));
#3043=LINE('',#3042,#3041);
#3044=DIRECTION('',(0.E0,0.E0,-1.E0));
#3045=VECTOR('',#3044,2.5E-1);
#3046=CARTESIAN_POINT('',(2.5477E1,-4.2161E1,1.04E0));
#3047=LINE('',#3046,#3045);
#3048=DIRECTION('',(0.E0,-1.E0,0.E0));
#3049=VECTOR('',#3048,1.45E0);
#3050=CARTESIAN_POINT('',(2.5477E1,-4.2161E1,7.9E-1));
#3051=LINE('',#3050,#3049);
#3052=DIRECTION('',(1.E0,0.E0,0.E0));
#3053=VECTOR('',#3052,2.8E-1);
#3054=CARTESIAN_POINT('',(2.3647E1,-4.3611E1,7.9E-1));
#3055=LINE('',#3054,#3053);
#3056=DIRECTION('',(1.E0,0.E0,0.E0));
#3057=VECTOR('',#3056,2.8E-1);
#3058=CARTESIAN_POINT('',(2.5197E1,-4.3611E1,7.9E-1));
#3059=LINE('',#3058,#3057);
#3060=DIRECTION('',(-1.E0,0.E0,0.E0));
#3061=VECTOR('',#3060,1.83E0);
#3062=CARTESIAN_POINT('',(2.5477E1,-4.2161E1,7.9E-1));
#3063=LINE('',#3062,#3061);
#3064=CARTESIAN_POINT('',(2.3927E1,-4.3611E1,1.19E0));
#3065=DIRECTION('',(1.E0,0.E0,0.E0));
#3066=DIRECTION('',(0.E0,-1.E0,0.E0));
#3067=AXIS2_PLACEMENT_3D('',#3064,#3065,#3066);
#3069=CARTESIAN_POINT('',(2.5197E1,-4.3611E1,1.19E0));
#3070=DIRECTION('',(1.E0,0.E0,0.E0));
#3071=DIRECTION('',(0.E0,-1.E0,0.E0));
#3072=AXIS2_PLACEMENT_3D('',#3069,#3070,#3071);
#3074=DIRECTION('',(-1.E0,0.E0,0.E0));
#3075=VECTOR('',#3074,1.27E0);
#3076=CARTESIAN_POINT('',(2.5197E1,-4.3611E1,7.9E-1));
#3077=LINE('',#3076,#3075);
#3078=DIRECTION('',(1.E0,0.E0,0.E0));
#3079=VECTOR('',#3078,4.6E-1);
#3080=CARTESIAN_POINT('',(2.4332E1,-4.4011E1,7.62E0));
#3081=LINE('',#3080,#3079);
#3082=DIRECTION('',(0.E0,0.E0,-1.E0));
#3083=VECTOR('',#3082,3.81E0);
#3084=CARTESIAN_POINT('',(2.4792E1,-4.4011E1,7.62E0));
#3085=LINE('',#3084,#3083);
#3086=DIRECTION('',(7.071067811865E-1,0.E0,-7.071067811865E-1));
#3087=VECTOR('',#3086,5.727564927611E-1);
#3088=CARTESIAN_POINT('',(2.4792E1,-4.4011E1,3.81E0));
#3089=LINE('',#3088,#3087);
#3090=DIRECTION('',(0.E0,0.E0,1.E0));
#3091=VECTOR('',#3090,2.215E0);
#3092=CARTESIAN_POINT('',(2.5197E1,-4.4011E1,1.19E0));
#3093=LINE('',#3092,#3091);
#3094=DIRECTION('',(-1.E0,0.E0,0.E0));
#3095=VECTOR('',#3094,1.27E0);
#3096=CARTESIAN_POINT('',(2.5197E1,-4.4011E1,1.19E0));
#3097=LINE('',#3096,#3095);
#3098=DIRECTION('',(0.E0,0.E0,1.E0));
#3099=VECTOR('',#3098,2.215E0);
#3100=CARTESIAN_POINT('',(2.3927E1,-4.4011E1,1.19E0));
#3101=LINE('',#3100,#3099);
#3102=DIRECTION('',(7.071067811865E-1,0.E0,7.071067811866E-1));
#3103=VECTOR('',#3102,5.727564927611E-1);
#3104=CARTESIAN_POINT('',(2.3927E1,-4.4011E1,3.405E0));
#3105=LINE('',#3104,#3103);
#3106=DIRECTION('',(0.E0,0.E0,-1.E0));
#3107=VECTOR('',#3106,3.81E0);
#3108=CARTESIAN_POINT('',(2.4332E1,-4.4011E1,7.62E0));
#3109=LINE('',#3108,#3107);
#3110=DIRECTION('',(1.E0,0.E0,0.E0));
#3111=VECTOR('',#3110,4.6E-1);
#3112=CARTESIAN_POINT('',(2.4332E1,-4.3761E1,7.62E0));
#3113=LINE('',#3112,#3111);
#3114=DIRECTION('',(0.E0,0.E0,-1.E0));
#3115=VECTOR('',#3114,3.81E0);
#3116=CARTESIAN_POINT('',(2.4332E1,-4.3761E1,7.62E0));
#3117=LINE('',#3116,#3115);
#3118=DIRECTION('',(7.071067811865E-1,0.E0,7.071067811866E-1));
#3119=VECTOR('',#3118,5.727564927611E-1);
#3120=CARTESIAN_POINT('',(2.3927E1,-4.3761E1,3.405E0));
#3121=LINE('',#3120,#3119);
#3122=DIRECTION('',(0.E0,0.E0,1.E0));
#3123=VECTOR('',#3122,2.215E0);
#3124=CARTESIAN_POINT('',(2.3927E1,-4.3761E1,1.19E0));
#3125=LINE('',#3124,#3123);
#3126=DIRECTION('',(-1.E0,0.E0,0.E0));
#3127=VECTOR('',#3126,1.27E0);
#3128=CARTESIAN_POINT('',(2.5197E1,-4.3761E1,1.19E0));
#3129=LINE('',#3128,#3127);
#3130=DIRECTION('',(0.E0,0.E0,1.E0));
#3131=VECTOR('',#3130,2.215E0);
#3132=CARTESIAN_POINT('',(2.5197E1,-4.3761E1,1.19E0));
#3133=LINE('',#3132,#3131);
#3134=DIRECTION('',(7.071067811865E-1,0.E0,-7.071067811865E-1));
#3135=VECTOR('',#3134,5.727564927611E-1);
#3136=CARTESIAN_POINT('',(2.4792E1,-4.3761E1,3.81E0));
#3137=LINE('',#3136,#3135);
#3138=DIRECTION('',(0.E0,0.E0,-1.E0));
#3139=VECTOR('',#3138,3.81E0);
#3140=CARTESIAN_POINT('',(2.4792E1,-4.3761E1,7.62E0));
#3141=LINE('',#3140,#3139);
#3142=DIRECTION('',(0.E0,1.E0,0.E0));
#3143=VECTOR('',#3142,2.5E-1);
#3144=CARTESIAN_POINT('',(2.4332E1,-4.4011E1,7.62E0));
#3145=LINE('',#3144,#3143);
#3146=DIRECTION('',(0.E0,-1.E0,0.E0));
#3147=VECTOR('',#3146,2.5E-1);
#3148=CARTESIAN_POINT('',(2.4332E1,-4.3761E1,3.81E0));
#3149=LINE('',#3148,#3147);
#3150=DIRECTION('',(-1.421085471520E-14,-1.E0,0.E0));
#3151=VECTOR('',#3150,2.5E-1);
#3152=CARTESIAN_POINT('',(2.3927E1,-4.3761E1,3.405E0));
#3153=LINE('',#3152,#3151);
#3154=DIRECTION('',(0.E0,-1.E0,0.E0));
#3155=VECTOR('',#3154,2.5E-1);
#3156=CARTESIAN_POINT('',(2.5197E1,-4.3761E1,1.19E0));
#3157=LINE('',#3156,#3155);
#3158=DIRECTION('',(0.E0,-1.E0,0.E0));
#3159=VECTOR('',#3158,2.5E-1);
#3160=CARTESIAN_POINT('',(2.5197E1,-4.3761E1,3.405E0));
#3161=LINE('',#3160,#3159);
#3162=DIRECTION('',(0.E0,1.E0,0.E0));
#3163=VECTOR('',#3162,2.5E-1);
#3164=CARTESIAN_POINT('',(2.4792E1,-4.4011E1,7.62E0));
#3165=LINE('',#3164,#3163);
#3166=DIRECTION('',(0.E0,-1.E0,0.E0));
#3167=VECTOR('',#3166,2.5E-1);
#3168=CARTESIAN_POINT('',(2.4792E1,-4.3761E1,3.81E0));
#3169=LINE('',#3168,#3167);
#3170=DIRECTION('',(-1.421085471520E-14,0.E0,-1.E0));
#3171=VECTOR('',#3170,2.5E-1);
#3172=CARTESIAN_POINT('',(2.3647E1,-4.3611E1,1.04E0));
#3173=LINE('',#3172,#3171);
#3174=DIRECTION('',(0.E0,-1.E0,0.E0));
#3175=VECTOR('',#3174,1.45E0);
#3176=CARTESIAN_POINT('',(2.3647E1,-4.2161E1,7.9E-1));
#3177=LINE('',#3176,#3175);
#3178=DIRECTION('',(0.E0,-1.E0,0.E0));
#3179=VECTOR('',#3178,1.45E0);
#3180=CARTESIAN_POINT('',(2.3647E1,-4.2161E1,1.04E0));
#3181=LINE('',#3180,#3179);
#3182=CARTESIAN_POINT('',(2.3647E1,-4.2161E1,6.6E-1));
#3183=DIRECTION('',(1.E0,0.E0,0.E0));
#3184=DIRECTION('',(0.E0,0.E0,-1.E0));
#3185=AXIS2_PLACEMENT_3D('',#3182,#3183,#3184);
#3187=DIRECTION('',(1.421085471520E-14,0.E0,-1.E0));
#3188=VECTOR('',#3187,2.5E-1);
#3189=CARTESIAN_POINT('',(2.3647E1,-4.2161E1,1.04E0));
#3190=LINE('',#3189,#3188);
#3191=CARTESIAN_POINT('',(2.3647E1,-4.2161E1,6.6E-1));
#3192=DIRECTION('',(1.E0,0.E0,0.E0));
#3193=DIRECTION('',(0.E0,0.E0,-1.E0));
#3194=AXIS2_PLACEMENT_3D('',#3191,#3192,#3193);
#3196=DIRECTION('',(0.E0,1.736481776669E-1,9.848077530122E-1));
#3197=VECTOR('',#3196,2.843194513280E-1);
#3198=CARTESIAN_POINT('',(2.4562E1,-4.243514646239E1,2.5E-1));
#3199=LINE('',#3198,#3197);
#3200=DIRECTION('',(0.E0,-1.736481776670E-1,9.848077530122E-1));
#3201=VECTOR('',#3200,2.843194513280E-1);
#3202=CARTESIAN_POINT('',(2.4562E1,-4.326685353761E1,2.5E-1));
#3203=LINE('',#3202,#3201);
#3204=CARTESIAN_POINT('',(2.4562E1,-4.2851E1,2.5E-1));
#3205=DIRECTION('',(0.E0,0.E0,1.E0));
#3206=DIRECTION('',(0.E0,-1.E0,0.E0));
#3207=AXIS2_PLACEMENT_3D('',#3204,#3205,#3206);
#3209=CARTESIAN_POINT('',(2.4562E1,-4.2851E1,2.5E-1));
#3210=DIRECTION('',(0.E0,0.E0,1.E0));
#3211=DIRECTION('',(0.E0,1.E0,0.E0));
#3212=AXIS2_PLACEMENT_3D('',#3209,#3210,#3211);
#3214=CARTESIAN_POINT('',(2.4562E1,-4.2851E1,1.239527733500E-1));
#3215=DIRECTION('',(0.E0,0.E0,-1.E0));
#3216=DIRECTION('',(0.E0,1.E0,0.E0));
#3217=AXIS2_PLACEMENT_3D('',#3214,#3215,#3216);
#3219=CARTESIAN_POINT('',(2.4562E1,-4.235123649927E1,1.5E-1));
#3220=DIRECTION('',(1.E0,0.E0,0.E0));
#3221=DIRECTION('',(0.E0,0.E0,-1.E0));
#3222=AXIS2_PLACEMENT_3D('',#3219,#3220,#3221);
#3224=CARTESIAN_POINT('',(2.4562E1,-4.335076350073E1,1.5E-1));
#3225=DIRECTION('',(-1.E0,0.E0,0.E0));
#3226=DIRECTION('',(0.E0,0.E0,-1.E0));
#3227=AXIS2_PLACEMENT_3D('',#3224,#3225,#3226);
#3229=CARTESIAN_POINT('',(2.4562E1,-4.2851E1,1.239527733500E-1));
#3230=DIRECTION('',(0.E0,0.E0,-1.E0));
#3231=DIRECTION('',(0.E0,-1.E0,0.E0));
#3232=AXIS2_PLACEMENT_3D('',#3229,#3230,#3231);
#3234=DIRECTION('',(2.527859334222E-9,1.736481776670E-1,9.848077530122E-1));
#3235=VECTOR('',#3234,1.584545066625E-1);
#3236=CARTESIAN_POINT('',(2.456199999960E1,-4.220351533633E1,
1.239527733390E-1));
#3237=LINE('',#3236,#3235);
#3238=DIRECTION('',(-2.527904176288E-9,-1.736481776670E-1,9.848077530122E-1));
#3239=VECTOR('',#3238,1.584545066625E-1);
#3240=CARTESIAN_POINT('',(2.456200000040E1,-4.349848466367E1,
1.239527733390E-1));
#3241=LINE('',#3240,#3239);
#3242=DIRECTION('',(0.E0,0.E0,1.E0));
#3243=VECTOR('',#3242,1.351570795286E0);
#3244=CARTESIAN_POINT('',(2.3647E1,-4.3761E1,-1.221570795286E0));
#3245=LINE('',#3244,#3243);
#3246=DIRECTION('',(0.E0,-1.E0,0.E0));
#3247=VECTOR('',#3246,2.5E-1);
#3248=CARTESIAN_POINT('',(2.3647E1,-4.3761E1,1.3E-1));
#3249=LINE('',#3248,#3247);
#3250=DIRECTION('',(0.E0,0.E0,1.E0));
#3251=VECTOR('',#3250,1.351570795286E0);
#3252=CARTESIAN_POINT('',(2.3647E1,-4.4011E1,-1.221570795286E0));
#3253=LINE('',#3252,#3251);
#3254=CARTESIAN_POINT('',(2.4562E1,-4.245200438543E1,-1.229812170394E0));
#3255=DIRECTION('',(0.E0,-8.715574274767E-2,9.961946980917E-1));
#3256=DIRECTION('',(-1.E0,0.E0,0.E0));
#3257=AXIS2_PLACEMENT_3D('',#3254,#3255,#3256);
#3259=DIRECTION('',(1.736481776670E-1,8.583165118117E-2,-9.810602621901E-1));
#3260=VECTOR('',#3259,4.140591101025E-2);
#3261=CARTESIAN_POINT('',(2.521958484680E1,-4.245200438543E1,
-1.229812170394E0));
#3262=LINE('',#3261,#3260);
#3263=CARTESIAN_POINT('',(2.741490213325E1,-3.222929266712E1,
-1.290357758269E0));
#3264=DIRECTION('',(-5.259779677774E-11,9.961946980917E-1,-8.715574274767E-2));
#3265=DIRECTION('',(6.171142002199E-1,6.858055317248E-2,7.838793093414E-1));
#3266=AXIS2_PLACEMENT_3D('',#3263,#3264,#3265);
#3268=CARTESIAN_POINT('',(2.678909786675E1,-3.222929266715E1,
-1.290357758267E0));
#3269=DIRECTION('',(5.260166434373E-11,-9.961946980917E-1,8.715574274767E-2));
#3270=DIRECTION('',(-6.171142002376E-1,6.858055310661E-2,7.838793093332E-1));
#3271=AXIS2_PLACEMENT_3D('',#3268,#3269,#3270);
#3273=CARTESIAN_POINT('',(2.7102E1,-3.222399561457E1,-1.229812170394E0));
#3274=DIRECTION('',(0.E0,8.715574274767E-2,9.961946980917E-1));
#3275=DIRECTION('',(-1.E0,0.E0,0.E0));
#3276=AXIS2_PLACEMENT_3D('',#3273,#3274,#3275);
#3278=DIRECTION('',(1.736481776668E-1,-8.583165117362E-2,-9.810602621908E-1));
#3279=VECTOR('',#3278,4.140591101025E-2);
#3280=CARTESIAN_POINT('',(2.775958484680E1,-3.222399561457E1,
-1.229812170394E0));
#3281=LINE('',#3280,#3279);
#3282=DIRECTION('',(1.E0,0.E0,0.E0));
#3283=VECTOR('',#3282,1.83E0);
#3284=CARTESIAN_POINT('',(2.6187E1,-3.2895E1,-1.212039516665E0));
#3285=LINE('',#3284,#3283);
#3286=CARTESIAN_POINT('',(2.7102E1,-3.222754955228E1,-1.270433864306E0));
#3287=DIRECTION('',(0.E0,-8.715574274767E-2,-9.961946980917E-1));
#3288=DIRECTION('',(-1.E0,0.E0,0.E0));
#3289=AXIS2_PLACEMENT_3D('',#3286,#3287,#3288);
#3291=CARTESIAN_POINT('',(2.7102E1,-3.222754955228E1,-1.270433864306E0));
#3292=DIRECTION('',(0.E0,-8.715574274767E-2,-9.961946980917E-1));
#3293=DIRECTION('',(1.E0,0.E0,0.E0));
#3294=AXIS2_PLACEMENT_3D('',#3291,#3292,#3293);
#3296=DIRECTION('',(0.E0,9.961946980917E-1,-8.715574274767E-2));
#3297=VECTOR('',#3296,1.823867003175E0);
#3298=CARTESIAN_POINT('',(2.6187E1,-3.2895E1,-1.212039516665E0));
#3299=LINE('',#3298,#3297);
#3300=DIRECTION('',(0.E0,-8.715574274765E-2,-9.961946980917E-1));
#3301=VECTOR('',#3300,2.5E-1);
#3302=CARTESIAN_POINT('',(2.6187E1,-3.2895E1,-1.212039516665E0));
#3303=LINE('',#3302,#3301);
#3304=DIRECTION('',(0.E0,9.961946980917E-1,-8.715574274767E-2));
#3305=VECTOR('',#3304,1.823867003175E0);
#3306=CARTESIAN_POINT('',(2.6187E1,-3.291678893569E1,-1.461088191188E0));
#3307=LINE('',#3306,#3305);
#3308=DIRECTION('',(0.E0,-8.715574274765E-2,-9.961946980917E-1));
#3309=VECTOR('',#3308,2.5E-1);
#3310=CARTESIAN_POINT('',(2.8017E1,-3.2895E1,-1.212039516665E0));
#3311=LINE('',#3310,#3309);
#3312=DIRECTION('',(0.E0,9.961946980917E-1,-8.715574274767E-2));
#3313=VECTOR('',#3312,1.823867003175E0);
#3314=CARTESIAN_POINT('',(2.8017E1,-3.2895E1,-1.212039516665E0));
#3315=LINE('',#3314,#3313);
#3316=DIRECTION('',(-1.421085471520E-14,-8.715574274767E-2,-9.961946980917E-1));
#3317=VECTOR('',#3316,2.5E-1);
#3318=CARTESIAN_POINT('',(2.8017E1,-3.107807336141E1,-1.371E0));
#3319=LINE('',#3318,#3317);
#3320=DIRECTION('',(0.E0,9.961946980917E-1,-8.715574274767E-2));
#3321=VECTOR('',#3320,1.823867003175E0);
#3322=CARTESIAN_POINT('',(2.8017E1,-3.291678893569E1,-1.461088191188E0));
#3323=LINE('',#3322,#3321);
#3324=CARTESIAN_POINT('',(2.8017E1,-3.1065E1,-1.221570795286E0));
#3325=DIRECTION('',(1.E0,0.E0,0.E0));
#3326=DIRECTION('',(0.E0,-8.715574274769E-2,-9.961946980917E-1));
#3327=AXIS2_PLACEMENT_3D('',#3324,#3325,#3326);
#3329=DIRECTION('',(0.E0,1.E0,0.E0));
#3330=VECTOR('',#3329,2.5E-1);
#3331=CARTESIAN_POINT('',(2.8017E1,-3.0915E1,-1.221570795286E0));
#3332=LINE('',#3331,#3330);
#3333=CARTESIAN_POINT('',(2.8017E1,-3.1065E1,-1.221570795286E0));
#3334=DIRECTION('',(1.E0,0.E0,0.E0));
#3335=DIRECTION('',(0.E0,-8.715574274769E-2,-9.961946980917E-1));
#3336=AXIS2_PLACEMENT_3D('',#3333,#3334,#3335);
#3338=DIRECTION('',(1.E0,0.E0,0.E0));
#3339=VECTOR('',#3338,1.83E0);
#3340=CARTESIAN_POINT('',(2.6187E1,-3.107807336141E1,-1.371E0));
#3341=LINE('',#3340,#3339);
#3342=CARTESIAN_POINT('',(2.6187E1,-3.1065E1,-1.221570795286E0));
#3343=DIRECTION('',(1.E0,0.E0,0.E0));
#3344=DIRECTION('',(0.E0,-8.715574274769E-2,-9.961946980917E-1));
#3345=AXIS2_PLACEMENT_3D('',#3342,#3343,#3344);
#3347=DIRECTION('',(0.E0,-8.715574274767E-2,-9.961946980917E-1));
#3348=VECTOR('',#3347,2.5E-1);
#3349=CARTESIAN_POINT('',(2.6187E1,-3.107807336141E1,-1.371E0));
#3350=LINE('',#3349,#3348);
#3351=CARTESIAN_POINT('',(2.6187E1,-3.1065E1,-1.221570795286E0));
#3352=DIRECTION('',(1.E0,0.E0,0.E0));
#3353=DIRECTION('',(0.E0,-8.715574274769E-2,-9.961946980917E-1));
#3354=AXIS2_PLACEMENT_3D('',#3351,#3352,#3353);
#3356=DIRECTION('',(1.E0,0.E0,0.E0));
#3357=VECTOR('',#3356,1.83E0);
#3358=CARTESIAN_POINT('',(2.6187E1,-3.109986229710E1,-1.620048674523E0));
#3359=LINE('',#3358,#3357);
#3360=DIRECTION('',(1.E0,0.E0,0.E0));
#3361=VECTOR('',#3360,1.83E0);
#3362=CARTESIAN_POINT('',(2.6187E1,-3.291678893569E1,-1.461088191188E0));
#3363=LINE('',#3362,#3361);
#3364=CARTESIAN_POINT('',(2.7102E1,-3.224933848797E1,-1.519482538829E0));
#3365=DIRECTION('',(0.E0,-8.715574274767E-2,-9.961946980917E-1));
#3366=DIRECTION('',(-1.E0,0.E0,0.E0));
#3367=AXIS2_PLACEMENT_3D('',#3364,#3365,#3366);
#3369=CARTESIAN_POINT('',(2.7102E1,-3.224933848797E1,-1.519482538829E0));
#3370=DIRECTION('',(0.E0,-8.715574274767E-2,-9.961946980917E-1));
#3371=DIRECTION('',(1.E0,0.E0,0.E0));
#3372=AXIS2_PLACEMENT_3D('',#3369,#3370,#3371);
#3374=DIRECTION('',(-1.736481776669E-1,-8.583165117780E-2,-9.810602621904E-1));
#3375=VECTOR('',#3374,2.511808188046E-1);
#3376=CARTESIAN_POINT('',(2.669061709145E1,-3.222777922354E1,
-1.273059018876E0));
#3377=LINE('',#3376,#3375);
#3378=CARTESIAN_POINT('',(2.7102E1,-3.222777922354E1,-1.273059018876E0));
#3379=DIRECTION('',(0.E0,8.715574274767E-2,9.961946980917E-1));
#3380=DIRECTION('',(1.E0,0.E0,0.E0));
#3381=AXIS2_PLACEMENT_3D('',#3378,#3379,#3380);
#3383=DIRECTION('',(1.736481776669E-1,-8.583165117706E-2,-9.810602621904E-1));
#3384=VECTOR('',#3383,2.511808188046E-1);
#3385=CARTESIAN_POINT('',(2.751338290855E1,-3.222777922354E1,
-1.273059018876E0));
#3386=LINE('',#3385,#3384);
#3387=CARTESIAN_POINT('',(2.7102E1,-3.222777922354E1,-1.273059018876E0));
#3388=DIRECTION('',(0.E0,8.715574274767E-2,9.961946980917E-1));
#3389=DIRECTION('',(-1.E0,0.E0,0.E0));
#3390=AXIS2_PLACEMENT_3D('',#3387,#3388,#3389);
#3392=CARTESIAN_POINT('',(2.678909786675E1,-3.222929266713E1,
-1.290357758268E0));
#3393=DIRECTION('',(0.E0,-9.961946980917E-1,8.715574274767E-2));
#3394=DIRECTION('',(0.E0,8.715574274767E-2,9.961946980917E-1));
#3395=AXIS2_PLACEMENT_3D('',#3392,#3393,#3394);
#3397=CARTESIAN_POINT('',(2.7102E1,-3.222057709286E1,-1.190738288459E0));
#3398=DIRECTION('',(0.E0,8.715574274767E-2,9.961946980917E-1));
#3399=DIRECTION('',(-1.E0,0.E0,0.E0));
#3400=AXIS2_PLACEMENT_3D('',#3397,#3398,#3399);
#3402=CARTESIAN_POINT('',(2.7102E1,-3.222057709286E1,-1.190738288459E0));
#3403=DIRECTION('',(0.E0,8.715574274767E-2,9.961946980917E-1));
#3404=DIRECTION('',(1.E0,0.E0,0.E0));
#3405=AXIS2_PLACEMENT_3D('',#3402,#3403,#3404);
#3407=CARTESIAN_POINT('',(2.741490213325E1,-3.222929266713E1,
-1.290357758268E0));
#3408=DIRECTION('',(0.E0,9.961946980917E-1,-8.715574274767E-2));
#3409=DIRECTION('',(0.E0,8.715574274767E-2,9.961946980917E-1));
#3410=AXIS2_PLACEMENT_3D('',#3407,#3408,#3409);
#3412=DIRECTION('',(1.E0,0.E0,0.E0));
#3413=VECTOR('',#3412,1.83E0);
#3414=CARTESIAN_POINT('',(2.6187E1,-3.0665E1,-1.221570795286E0));
#3415=LINE('',#3414,#3413);
#3416=DIRECTION('',(0.E0,0.E0,1.E0));
#3417=VECTOR('',#3416,1.351570795286E0);
#3418=CARTESIAN_POINT('',(2.6187E1,-3.0915E1,-1.221570795286E0));
#3419=LINE('',#3418,#3417);
#3420=DIRECTION('',(0.E0,1.E0,0.E0));
#3421=VECTOR('',#3420,2.5E-1);
#3422=CARTESIAN_POINT('',(2.6187E1,-3.0915E1,-1.221570795286E0));
#3423=LINE('',#3422,#3421);
#3424=DIRECTION('',(0.E0,0.E0,1.E0));
#3425=VECTOR('',#3424,1.351570795286E0);
#3426=CARTESIAN_POINT('',(2.6187E1,-3.0665E1,-1.221570795286E0));
#3427=LINE('',#3426,#3425);
#3428=DIRECTION('',(1.E0,0.E0,0.E0));
#3429=VECTOR('',#3428,1.83E0);
#3430=CARTESIAN_POINT('',(2.6187E1,-3.0915E1,-1.221570795286E0));
#3431=LINE('',#3430,#3429);
#3432=DIRECTION('',(1.E0,0.E0,0.E0));
#3433=VECTOR('',#3432,1.83E0);
#3434=CARTESIAN_POINT('',(2.6187E1,-3.0915E1,1.3E-1));
#3435=LINE('',#3434,#3433);
#3436=CARTESIAN_POINT('',(2.6187E1,-3.1065E1,1.3E-1));
#3437=DIRECTION('',(1.E0,0.E0,0.E0));
#3438=DIRECTION('',(0.E0,1.E0,0.E0));
#3439=AXIS2_PLACEMENT_3D('',#3436,#3437,#3438);
#3441=DIRECTION('',(0.E0,1.E0,0.E0));
#3442=VECTOR('',#3441,2.5E-1);
#3443=CARTESIAN_POINT('',(2.6187E1,-3.0915E1,1.3E-1));
#3444=LINE('',#3443,#3442);
#3445=CARTESIAN_POINT('',(2.6187E1,-3.1065E1,1.3E-1));
#3446=DIRECTION('',(1.E0,0.E0,0.E0));
#3447=DIRECTION('',(0.E0,1.E0,0.E0));
#3448=AXIS2_PLACEMENT_3D('',#3445,#3446,#3447);
#3450=DIRECTION('',(1.E0,0.E0,0.E0));
#3451=VECTOR('',#3450,1.83E0);
#3452=CARTESIAN_POINT('',(2.6187E1,-3.0665E1,1.3E-1));
#3453=LINE('',#3452,#3451);
#3454=CARTESIAN_POINT('',(2.8017E1,-3.1065E1,1.3E-1));
#3455=DIRECTION('',(1.E0,0.E0,0.E0));
#3456=DIRECTION('',(0.E0,1.E0,0.E0));
#3457=AXIS2_PLACEMENT_3D('',#3454,#3455,#3456);
#3459=DIRECTION('',(0.E0,1.421085471520E-14,1.E0));
#3460=VECTOR('',#3459,2.5E-1);
#3461=CARTESIAN_POINT('',(2.8017E1,-3.1065E1,2.8E-1));
#3462=LINE('',#3461,#3460);
#3463=CARTESIAN_POINT('',(2.8017E1,-3.1065E1,1.3E-1));
#3464=DIRECTION('',(1.E0,0.E0,0.E0));
#3465=DIRECTION('',(0.E0,1.E0,0.E0));
#3466=AXIS2_PLACEMENT_3D('',#3463,#3464,#3465);
#3468=DIRECTION('',(0.E0,-1.E0,0.E0));
#3469=VECTOR('',#3468,1.45E0);
#3470=CARTESIAN_POINT('',(2.8017E1,-3.1065E1,2.8E-1));
#3471=LINE('',#3470,#3469);
#3472=DIRECTION('',(0.E0,0.E0,1.E0));
#3473=VECTOR('',#3472,2.5E-1);
#3474=CARTESIAN_POINT('',(2.8017E1,-3.2515E1,2.8E-1));
#3475=LINE('',#3474,#3473);
#3476=DIRECTION('',(0.E0,-1.E0,0.E0));
#3477=VECTOR('',#3476,1.45E0);
#3478=CARTESIAN_POINT('',(2.8017E1,-3.1065E1,5.3E-1));
#3479=LINE('',#3478,#3477);
#3480=DIRECTION('',(1.E0,0.E0,0.E0));
#3481=VECTOR('',#3480,1.83E0);
#3482=CARTESIAN_POINT('',(2.6187E1,-3.1065E1,2.8E-1));
#3483=LINE('',#3482,#3481);
#3484=CARTESIAN_POINT('',(2.7102E1,-3.1825E1,2.8E-1));
#3485=DIRECTION('',(0.E0,0.E0,1.E0));
#3486=DIRECTION('',(0.E0,1.E0,0.E0));
#3487=AXIS2_PLACEMENT_3D('',#3484,#3485,#3486);
#3489=CARTESIAN_POINT('',(2.7102E1,-3.1825E1,2.8E-1));
#3490=DIRECTION('',(0.E0,0.E0,1.E0));
#3491=DIRECTION('',(0.E0,-1.E0,0.E0));
#3492=AXIS2_PLACEMENT_3D('',#3489,#3490,#3491);
#3494=DIRECTION('',(0.E0,-1.E0,0.E0));
#3495=VECTOR('',#3494,1.45E0);
#3496=CARTESIAN_POINT('',(2.6187E1,-3.1065E1,2.8E-1));
#3497=LINE('',#3496,#3495);
#3498=DIRECTION('',(0.E0,1.421085471520E-14,1.E0));
#3499=VECTOR('',#3498,2.5E-1);
#3500=CARTESIAN_POINT('',(2.6187E1,-3.1065E1,2.8E-1));
#3501=LINE('',#3500,#3499);
#3502=DIRECTION('',(0.E0,-1.E0,0.E0));
#3503=VECTOR('',#3502,1.45E0);
#3504=CARTESIAN_POINT('',(2.6187E1,-3.1065E1,5.3E-1));
#3505=LINE('',#3504,#3503);
#3506=DIRECTION('',(1.E0,0.E0,0.E0));
#3507=VECTOR('',#3506,1.83E0);
#3508=CARTESIAN_POINT('',(2.6187E1,-3.1065E1,5.3E-1));
#3509=LINE('',#3508,#3507);
#3510=CARTESIAN_POINT('',(2.7102E1,-3.1825E1,5.3E-1));
#3511=DIRECTION('',(0.E0,0.E0,1.E0));
#3512=DIRECTION('',(0.E0,1.E0,0.E0));
#3513=AXIS2_PLACEMENT_3D('',#3510,#3511,#3512);
#3515=CARTESIAN_POINT('',(2.7102E1,-3.1825E1,5.3E-1));
#3516=DIRECTION('',(0.E0,0.E0,1.E0));
#3517=DIRECTION('',(0.E0,-1.E0,0.E0));
#3518=AXIS2_PLACEMENT_3D('',#3515,#3516,#3517);
#3520=DIRECTION('',(1.E0,0.E0,0.E0));
#3521=VECTOR('',#3520,1.83E0);
#3522=CARTESIAN_POINT('',(2.6187E1,-3.2515E1,5.3E-1));
#3523=LINE('',#3522,#3521);
#3524=CARTESIAN_POINT('',(2.6187E1,-3.2515E1,6.6E-1));
#3525=DIRECTION('',(-1.E0,0.E0,0.E0));
#3526=DIRECTION('',(0.E0,0.E0,-1.E0));
#3527=AXIS2_PLACEMENT_3D('',#3524,#3525,#3526);
#3529=DIRECTION('',(0.E0,0.E0,1.E0));
#3530=VECTOR('',#3529,2.5E-1);
#3531=CARTESIAN_POINT('',(2.6187E1,-3.2515E1,2.8E-1));
#3532=LINE('',#3531,#3530);
#3533=CARTESIAN_POINT('',(2.6187E1,-3.2515E1,6.6E-1));
#3534=DIRECTION('',(-1.E0,0.E0,0.E0));
#3535=DIRECTION('',(0.E0,0.E0,-1.E0));
#3536=AXIS2_PLACEMENT_3D('',#3533,#3534,#3535);
#3538=DIRECTION('',(1.E0,0.E0,0.E0));
#3539=VECTOR('',#3538,1.83E0);
#3540=CARTESIAN_POINT('',(2.6187E1,-3.2515E1,2.8E-1));
#3541=LINE('',#3540,#3539);
#3542=DIRECTION('',(-1.E0,-1.268826313857E-14,0.E0));
#3543=VECTOR('',#3542,2.8E-1);
#3544=CARTESIAN_POINT('',(2.8017E1,-3.1065E1,1.04E0));
#3545=LINE('',#3544,#3543);
#3546=DIRECTION('',(1.E0,0.E0,0.E0));
#3547=VECTOR('',#3546,1.83E0);
#3548=CARTESIAN_POINT('',(2.6187E1,-3.2515E1,1.04E0));
#3549=LINE('',#3548,#3547);
#3550=DIRECTION('',(-1.E0,1.268826313857E-14,0.E0));
#3551=VECTOR('',#3550,2.8E-1);
#3552=CARTESIAN_POINT('',(2.6467E1,-3.1065E1,1.04E0));
#3553=LINE('',#3552,#3551);
#3554=DIRECTION('',(-1.421085471520E-14,0.E0,-1.E0));
#3555=VECTOR('',#3554,2.5E-1);
#3556=CARTESIAN_POINT('',(2.7737E1,-3.1065E1,1.04E0));
#3557=LINE('',#3556,#3555);
#3558=DIRECTION('',(0.E0,1.E0,0.E0));
#3559=VECTOR('',#3558,2.5E-1);
#3560=CARTESIAN_POINT('',(2.7737E1,-3.0915E1,1.19E0));
#3561=LINE('',#3560,#3559);
#3562=CARTESIAN_POINT('',(2.7737E1,-3.1065E1,1.19E0));
#3563=DIRECTION('',(-1.E0,0.E0,0.E0));
#3564=DIRECTION('',(0.E0,1.E0,0.E0));
#3565=AXIS2_PLACEMENT_3D('',#3562,#3563,#3564);
#3567=DIRECTION('',(1.E0,0.E0,0.E0));
#3568=VECTOR('',#3567,1.27E0);
#3569=CARTESIAN_POINT('',(2.6467E1,-3.1065E1,1.04E0));
#3570=LINE('',#3569,#3568);
#3571=CARTESIAN_POINT('',(2.6467E1,-3.1065E1,1.19E0));
#3572=DIRECTION('',(-1.E0,0.E0,0.E0));
#3573=DIRECTION('',(0.E0,1.E0,0.E0));
#3574=AXIS2_PLACEMENT_3D('',#3571,#3572,#3573);
#3576=DIRECTION('',(-1.421085471520E-14,0.E0,-1.E0));
#3577=VECTOR('',#3576,2.5E-1);
#3578=CARTESIAN_POINT('',(2.6467E1,-3.1065E1,1.04E0));
#3579=LINE('',#3578,#3577);
#3580=DIRECTION('',(0.E0,0.E0,-1.E0));
#3581=VECTOR('',#3580,2.5E-1);
#3582=CARTESIAN_POINT('',(2.6187E1,-3.1065E1,1.04E0));
#3583=LINE('',#3582,#3581);
#3584=DIRECTION('',(0.E0,1.E0,0.E0));
#3585=VECTOR('',#3584,1.45E0);
#3586=CARTESIAN_POINT('',(2.6187E1,-3.2515E1,1.04E0));
#3587=LINE('',#3586,#3585);
#3588=DIRECTION('',(0.E0,0.E0,-1.E0));
#3589=VECTOR('',#3588,2.5E-1);
#3590=CARTESIAN_POINT('',(2.6187E1,-3.2515E1,1.04E0));
#3591=LINE('',#3590,#3589);
#3592=DIRECTION('',(0.E0,1.E0,0.E0));
#3593=VECTOR('',#3592,1.45E0);
#3594=CARTESIAN_POINT('',(2.6187E1,-3.2515E1,7.9E-1));
#3595=LINE('',#3594,#3593);
#3596=DIRECTION('',(-1.E0,-1.268826313857E-14,0.E0));
#3597=VECTOR('',#3596,2.8E-1);
#3598=CARTESIAN_POINT('',(2.8017E1,-3.1065E1,7.9E-1));
#3599=LINE('',#3598,#3597);
#3600=DIRECTION('',(-1.E0,1.268826313857E-14,0.E0));
#3601=VECTOR('',#3600,2.8E-1);
#3602=CARTESIAN_POINT('',(2.6467E1,-3.1065E1,7.9E-1));
#3603=LINE('',#3602,#3601);
#3604=DIRECTION('',(1.E0,0.E0,0.E0));
#3605=VECTOR('',#3604,1.83E0);
#3606=CARTESIAN_POINT('',(2.6187E1,-3.2515E1,7.9E-1));
#3607=LINE('',#3606,#3605);
#3608=CARTESIAN_POINT('',(2.7737E1,-3.1065E1,1.19E0));
#3609=DIRECTION('',(-1.E0,0.E0,0.E0));
#3610=DIRECTION('',(0.E0,1.E0,0.E0));
#3611=AXIS2_PLACEMENT_3D('',#3608,#3609,#3610);
#3613=CARTESIAN_POINT('',(2.6467E1,-3.1065E1,1.19E0));
#3614=DIRECTION('',(-1.E0,0.E0,0.E0));
#3615=DIRECTION('',(0.E0,1.E0,0.E0));
#3616=AXIS2_PLACEMENT_3D('',#3613,#3614,#3615);
#3618=DIRECTION('',(1.E0,0.E0,0.E0));
#3619=VECTOR('',#3618,1.27E0);
#3620=CARTESIAN_POINT('',(2.6467E1,-3.1065E1,7.9E-1));
#3621=LINE('',#3620,#3619);
#3622=DIRECTION('',(-1.E0,0.E0,0.E0));
#3623=VECTOR('',#3622,4.6E-1);
#3624=CARTESIAN_POINT('',(2.7332E1,-3.0665E1,7.62E0));
#3625=LINE('',#3624,#3623);
#3626=DIRECTION('',(0.E0,0.E0,-1.E0));
#3627=VECTOR('',#3626,3.81E0);
#3628=CARTESIAN_POINT('',(2.6872E1,-3.0665E1,7.62E0));
#3629=LINE('',#3628,#3627);
#3630=DIRECTION('',(-7.071067811865E-1,-1.240566880935E-14,-7.071067811865E-1));
#3631=VECTOR('',#3630,5.727564927611E-1);
#3632=CARTESIAN_POINT('',(2.6872E1,-3.0665E1,3.81E0));
#3633=LINE('',#3632,#3631);
#3634=DIRECTION('',(0.E0,0.E0,1.E0));
#3635=VECTOR('',#3634,2.215E0);
#3636=CARTESIAN_POINT('',(2.6467E1,-3.0665E1,1.19E0));
#3637=LINE('',#3636,#3635);
#3638=DIRECTION('',(1.E0,0.E0,0.E0));
#3639=VECTOR('',#3638,1.27E0);
#3640=CARTESIAN_POINT('',(2.6467E1,-3.0665E1,1.19E0));
#3641=LINE('',#3640,#3639);
#3642=DIRECTION('',(0.E0,0.E0,1.E0));
#3643=VECTOR('',#3642,2.215E0);
#3644=CARTESIAN_POINT('',(2.7737E1,-3.0665E1,1.19E0));
#3645=LINE('',#3644,#3643);
#3646=DIRECTION('',(-7.071067811865E-1,1.240566880935E-14,7.071067811865E-1));
#3647=VECTOR('',#3646,5.727564927611E-1);
#3648=CARTESIAN_POINT('',(2.7737E1,-3.0665E1,3.405E0));
#3649=LINE('',#3648,#3647);
#3650=DIRECTION('',(0.E0,0.E0,-1.E0));
#3651=VECTOR('',#3650,3.81E0);
#3652=CARTESIAN_POINT('',(2.7332E1,-3.0665E1,7.62E0));
#3653=LINE('',#3652,#3651);
#3654=DIRECTION('',(-1.E0,0.E0,0.E0));
#3655=VECTOR('',#3654,4.6E-1);
#3656=CARTESIAN_POINT('',(2.7332E1,-3.0915E1,7.62E0));
#3657=LINE('',#3656,#3655);
#3658=DIRECTION('',(0.E0,0.E0,-1.E0));
#3659=VECTOR('',#3658,3.81E0);
#3660=CARTESIAN_POINT('',(2.7332E1,-3.0915E1,7.62E0));
#3661=LINE('',#3660,#3659);
#3662=DIRECTION('',(-7.071067811865E-1,1.240566880935E-14,7.071067811866E-1));
#3663=VECTOR('',#3662,5.727564927611E-1);
#3664=CARTESIAN_POINT('',(2.7737E1,-3.0915E1,3.405E0));
#3665=LINE('',#3664,#3663);
#3666=DIRECTION('',(0.E0,0.E0,1.E0));
#3667=VECTOR('',#3666,2.215E0);
#3668=CARTESIAN_POINT('',(2.7737E1,-3.0915E1,1.19E0));
#3669=LINE('',#3668,#3667);
#3670=DIRECTION('',(1.E0,0.E0,0.E0));
#3671=VECTOR('',#3670,1.27E0);
#3672=CARTESIAN_POINT('',(2.6467E1,-3.0915E1,1.19E0));
#3673=LINE('',#3672,#3671);
#3674=DIRECTION('',(0.E0,0.E0,1.E0));
#3675=VECTOR('',#3674,2.215E0);
#3676=CARTESIAN_POINT('',(2.6467E1,-3.0915E1,1.19E0));
#3677=LINE('',#3676,#3675);
#3678=DIRECTION('',(-7.071067811865E-1,-1.240566880935E-14,-7.071067811865E-1));
#3679=VECTOR('',#3678,5.727564927611E-1);
#3680=CARTESIAN_POINT('',(2.6872E1,-3.0915E1,3.81E0));
#3681=LINE('',#3680,#3679);
#3682=DIRECTION('',(0.E0,0.E0,-1.E0));
#3683=VECTOR('',#3682,3.81E0);
#3684=CARTESIAN_POINT('',(2.6872E1,-3.0915E1,7.62E0));
#3685=LINE('',#3684,#3683);
#3686=DIRECTION('',(0.E0,-1.E0,0.E0));
#3687=VECTOR('',#3686,2.5E-1);
#3688=CARTESIAN_POINT('',(2.7332E1,-3.0665E1,7.62E0));
#3689=LINE('',#3688,#3687);
#3690=DIRECTION('',(0.E0,1.E0,0.E0));
#3691=VECTOR('',#3690,2.5E-1);
#3692=CARTESIAN_POINT('',(2.7332E1,-3.0915E1,3.81E0));
#3693=LINE('',#3692,#3691);
#3694=DIRECTION('',(1.421085471520E-14,1.E0,0.E0));
#3695=VECTOR('',#3694,2.5E-1);
#3696=CARTESIAN_POINT('',(2.7737E1,-3.0915E1,3.405E0));
#3697=LINE('',#3696,#3695);
#3698=DIRECTION('',(0.E0,1.E0,0.E0));
#3699=VECTOR('',#3698,2.5E-1);
#3700=CARTESIAN_POINT('',(2.6467E1,-3.0915E1,1.19E0));
#3701=LINE('',#3700,#3699);
#3702=DIRECTION('',(1.421085471520E-14,1.E0,0.E0));
#3703=VECTOR('',#3702,2.5E-1);
#3704=CARTESIAN_POINT('',(2.6467E1,-3.0915E1,3.405E0));
#3705=LINE('',#3704,#3703);
#3706=DIRECTION('',(0.E0,-1.E0,0.E0));
#3707=VECTOR('',#3706,2.5E-1);
#3708=CARTESIAN_POINT('',(2.6872E1,-3.0665E1,7.62E0));
#3709=LINE('',#3708,#3707);
#3710=DIRECTION('',(0.E0,1.E0,0.E0));
#3711=VECTOR('',#3710,2.5E-1);
#3712=CARTESIAN_POINT('',(2.6872E1,-3.0915E1,3.81E0));
#3713=LINE('',#3712,#3711);
#3714=DIRECTION('',(0.E0,0.E0,-1.E0));
#3715=VECTOR('',#3714,2.5E-1);
#3716=CARTESIAN_POINT('',(2.8017E1,-3.1065E1,1.04E0));
#3717=LINE('',#3716,#3715);
#3718=DIRECTION('',(0.E0,1.E0,0.E0));
#3719=VECTOR('',#3718,1.45E0);
#3720=CARTESIAN_POINT('',(2.8017E1,-3.2515E1,7.9E-1));
#3721=LINE('',#3720,#3719);
#3722=DIRECTION('',(0.E0,1.E0,0.E0));
#3723=VECTOR('',#3722,1.45E0);
#3724=CARTESIAN_POINT('',(2.8017E1,-3.2515E1,1.04E0));
#3725=LINE('',#3724,#3723);
#3726=CARTESIAN_POINT('',(2.8017E1,-3.2515E1,6.6E-1));
#3727=DIRECTION('',(-1.E0,0.E0,0.E0));
#3728=DIRECTION('',(0.E0,0.E0,-1.E0));
#3729=AXIS2_PLACEMENT_3D('',#3726,#3727,#3728);
#3731=DIRECTION('',(0.E0,0.E0,-1.E0));
#3732=VECTOR('',#3731,2.5E-1);
#3733=CARTESIAN_POINT('',(2.8017E1,-3.2515E1,1.04E0));
#3734=LINE('',#3733,#3732);
#3735=CARTESIAN_POINT('',(2.8017E1,-3.2515E1,6.6E-1));
#3736=DIRECTION('',(-1.E0,0.E0,0.E0));
#3737=DIRECTION('',(0.E0,0.E0,-1.E0));
#3738=AXIS2_PLACEMENT_3D('',#3735,#3736,#3737);
#3740=DIRECTION('',(0.E0,-1.736481776669E-1,9.848077530122E-1));
#3741=VECTOR('',#3740,2.843194513280E-1);
#3742=CARTESIAN_POINT('',(2.7102E1,-3.224085353761E1,2.5E-1));
#3743=LINE('',#3742,#3741);
#3744=DIRECTION('',(0.E0,1.736481776670E-1,9.848077530122E-1));
#3745=VECTOR('',#3744,2.843194513280E-1);
#3746=CARTESIAN_POINT('',(2.7102E1,-3.140914646239E1,2.5E-1));
#3747=LINE('',#3746,#3745);
#3748=CARTESIAN_POINT('',(2.7102E1,-3.1825E1,2.5E-1));
#3749=DIRECTION('',(0.E0,0.E0,1.E0));
#3750=DIRECTION('',(0.E0,1.E0,0.E0));
#3751=AXIS2_PLACEMENT_3D('',#3748,#3749,#3750);
#3753=CARTESIAN_POINT('',(2.7102E1,-3.1825E1,2.5E-1));
#3754=DIRECTION('',(0.E0,0.E0,1.E0));
#3755=DIRECTION('',(0.E0,-1.E0,0.E0));
#3756=AXIS2_PLACEMENT_3D('',#3753,#3754,#3755);
#3758=CARTESIAN_POINT('',(2.7102E1,-3.1825E1,1.239527733500E-1));
#3759=DIRECTION('',(0.E0,0.E0,-1.E0));
#3760=DIRECTION('',(0.E0,-1.E0,0.E0));
#3761=AXIS2_PLACEMENT_3D('',#3758,#3759,#3760);
#3763=CARTESIAN_POINT('',(2.7102E1,-3.232476350073E1,1.5E-1));
#3764=DIRECTION('',(-1.E0,0.E0,0.E0));
#3765=DIRECTION('',(0.E0,0.E0,-1.E0));
#3766=AXIS2_PLACEMENT_3D('',#3763,#3764,#3765);
#3768=CARTESIAN_POINT('',(2.7102E1,-3.132523649927E1,1.5E-1));
#3769=DIRECTION('',(1.E0,0.E0,0.E0));
#3770=DIRECTION('',(0.E0,0.E0,-1.E0));
#3771=AXIS2_PLACEMENT_3D('',#3768,#3769,#3770);
#3773=CARTESIAN_POINT('',(2.7102E1,-3.1825E1,1.239527733500E-1));
#3774=DIRECTION('',(0.E0,0.E0,-1.E0));
#3775=DIRECTION('',(0.E0,1.E0,0.E0));
#3776=AXIS2_PLACEMENT_3D('',#3773,#3774,#3775);
#3778=DIRECTION('',(-2.527881755255E-9,-1.736481776670E-1,9.848077530122E-1));
#3779=VECTOR('',#3778,1.584545066625E-1);
#3780=CARTESIAN_POINT('',(2.710200000040E1,-3.247248466367E1,
1.239527733390E-1));
#3781=LINE('',#3780,#3779);
#3782=DIRECTION('',(2.527881755255E-9,1.736481776669E-1,9.848077530122E-1));
#3783=VECTOR('',#3782,1.584545066625E-1);
#3784=CARTESIAN_POINT('',(2.710199999960E1,-3.117751533633E1,
1.239527733390E-1));
#3785=LINE('',#3784,#3783);
#3786=DIRECTION('',(0.E0,0.E0,1.E0));
#3787=VECTOR('',#3786,1.351570795286E0);
#3788=CARTESIAN_POINT('',(2.8017E1,-3.0915E1,-1.221570795286E0));
#3789=LINE('',#3788,#3787);
#3790=DIRECTION('',(0.E0,1.E0,0.E0));
#3791=VECTOR('',#3790,2.5E-1);
#3792=CARTESIAN_POINT('',(2.8017E1,-3.0915E1,1.3E-1));
#3793=LINE('',#3792,#3791);
#3794=DIRECTION('',(0.E0,0.E0,1.E0));
#3795=VECTOR('',#3794,1.351570795286E0);
#3796=CARTESIAN_POINT('',(2.8017E1,-3.0665E1,-1.221570795286E0));
#3797=LINE('',#3796,#3795);
#3798=CARTESIAN_POINT('',(2.7102E1,-3.222399561457E1,-1.229812170394E0));
#3799=DIRECTION('',(0.E0,8.715574274767E-2,9.961946980917E-1));
#3800=DIRECTION('',(1.E0,0.E0,0.E0));
#3801=AXIS2_PLACEMENT_3D('',#3798,#3799,#3800);
#3803=DIRECTION('',(-1.736481776668E-1,-8.583165118100E-2,-9.810602621901E-1));
#3804=VECTOR('',#3803,4.140591101025E-2);
#3805=CARTESIAN_POINT('',(2.644441515320E1,-3.222399561457E1,
-1.229812170394E0));
#3806=LINE('',#3805,#3804);
#3807=CARTESIAN_POINT('',(2.678909786675E1,-4.244670733288E1,
-1.290357758269E0));
#3808=DIRECTION('',(5.259443748573E-11,-9.961946980917E-1,-8.715574274767E-2));
#3809=DIRECTION('',(-6.171142002199E-1,-6.858055317248E-2,7.838793093414E-1));
#3810=AXIS2_PLACEMENT_3D('',#3807,#3808,#3809);
#3812=CARTESIAN_POINT('',(2.741490213325E1,-4.244670733285E1,
-1.290357758267E0));
#3813=DIRECTION('',(-5.260502276838E-11,9.961946980917E-1,8.715574274767E-2));
#3814=DIRECTION('',(6.171142002376E-1,-6.858055310661E-2,7.838793093332E-1));
#3815=AXIS2_PLACEMENT_3D('',#3812,#3813,#3814);
#3817=CARTESIAN_POINT('',(2.7102E1,-4.245200438543E1,-1.229812170394E0));
#3818=DIRECTION('',(0.E0,-8.715574274767E-2,9.961946980917E-1));
#3819=DIRECTION('',(1.E0,0.E0,0.E0));
#3820=AXIS2_PLACEMENT_3D('',#3817,#3818,#3819);
#3822=DIRECTION('',(-1.736481776668E-1,8.583165117396E-2,-9.810602621907E-1));
#3823=VECTOR('',#3822,4.140591101025E-2);
#3824=CARTESIAN_POINT('',(2.644441515320E1,-4.245200438543E1,
-1.229812170394E0));
#3825=LINE('',#3824,#3823);
#3826=DIRECTION('',(-1.E0,0.E0,0.E0));
#3827=VECTOR('',#3826,1.83E0);
#3828=CARTESIAN_POINT('',(2.8017E1,-4.1781E1,-1.212039516665E0));
#3829=LINE('',#3828,#3827);
#3830=CARTESIAN_POINT('',(2.7102E1,-4.244845044772E1,-1.270433864306E0));
#3831=DIRECTION('',(0.E0,8.715574274767E-2,-9.961946980917E-1));
#3832=DIRECTION('',(1.E0,0.E0,0.E0));
#3833=AXIS2_PLACEMENT_3D('',#3830,#3831,#3832);
#3835=CARTESIAN_POINT('',(2.7102E1,-4.244845044772E1,-1.270433864306E0));
#3836=DIRECTION('',(0.E0,8.715574274767E-2,-9.961946980917E-1));
#3837=DIRECTION('',(-1.E0,0.E0,0.E0));
#3838=AXIS2_PLACEMENT_3D('',#3835,#3836,#3837);
#3840=DIRECTION('',(0.E0,-9.961946980917E-1,-8.715574274767E-2));
#3841=VECTOR('',#3840,1.823867003175E0);
#3842=CARTESIAN_POINT('',(2.8017E1,-4.1781E1,-1.212039516665E0));
#3843=LINE('',#3842,#3841);
#3844=DIRECTION('',(0.E0,8.715574274765E-2,-9.961946980917E-1));
#3845=VECTOR('',#3844,2.5E-1);
#3846=CARTESIAN_POINT('',(2.8017E1,-4.1781E1,-1.212039516665E0));
#3847=LINE('',#3846,#3845);
#3848=DIRECTION('',(0.E0,-9.961946980917E-1,-8.715574274767E-2));
#3849=VECTOR('',#3848,1.823867003175E0);
#3850=CARTESIAN_POINT('',(2.8017E1,-4.175921106431E1,-1.461088191188E0));
#3851=LINE('',#3850,#3849);
#3852=DIRECTION('',(0.E0,8.715574274765E-2,-9.961946980917E-1));
#3853=VECTOR('',#3852,2.5E-1);
#3854=CARTESIAN_POINT('',(2.6187E1,-4.1781E1,-1.212039516665E0));
#3855=LINE('',#3854,#3853);
#3856=DIRECTION('',(0.E0,-9.961946980917E-1,-8.715574274767E-2));
#3857=VECTOR('',#3856,1.823867003175E0);
#3858=CARTESIAN_POINT('',(2.6187E1,-4.1781E1,-1.212039516665E0));
#3859=LINE('',#3858,#3857);
#3860=DIRECTION('',(1.421085471520E-14,8.715574274765E-2,-9.961946980917E-1));
#3861=VECTOR('',#3860,2.5E-1);
#3862=CARTESIAN_POINT('',(2.6187E1,-4.359792663859E1,-1.371E0));
#3863=LINE('',#3862,#3861);
#3864=DIRECTION('',(0.E0,-9.961946980917E-1,-8.715574274767E-2));
#3865=VECTOR('',#3864,1.823867003175E0);
#3866=CARTESIAN_POINT('',(2.6187E1,-4.175921106431E1,-1.461088191188E0));
#3867=LINE('',#3866,#3865);
#3868=CARTESIAN_POINT('',(2.6187E1,-4.3611E1,-1.221570795286E0));
#3869=DIRECTION('',(-1.E0,0.E0,0.E0));
#3870=DIRECTION('',(0.E0,8.715574274765E-2,-9.961946980917E-1));
#3871=AXIS2_PLACEMENT_3D('',#3868,#3869,#3870);
#3873=DIRECTION('',(0.E0,-1.E0,0.E0));
#3874=VECTOR('',#3873,2.5E-1);
#3875=CARTESIAN_POINT('',(2.6187E1,-4.3761E1,-1.221570795286E0));
#3876=LINE('',#3875,#3874);
#3877=CARTESIAN_POINT('',(2.6187E1,-4.3611E1,-1.221570795286E0));
#3878=DIRECTION('',(-1.E0,0.E0,0.E0));
#3879=DIRECTION('',(0.E0,8.715574274767E-2,-9.961946980917E-1));
#3880=AXIS2_PLACEMENT_3D('',#3877,#3878,#3879);
#3882=DIRECTION('',(-1.E0,0.E0,0.E0));
#3883=VECTOR('',#3882,1.83E0);
#3884=CARTESIAN_POINT('',(2.8017E1,-4.359792663859E1,-1.371E0));
#3885=LINE('',#3884,#3883);
#3886=CARTESIAN_POINT('',(2.8017E1,-4.3611E1,-1.221570795286E0));
#3887=DIRECTION('',(-1.E0,0.E0,0.E0));
#3888=DIRECTION('',(0.E0,8.715574274765E-2,-9.961946980917E-1));
#3889=AXIS2_PLACEMENT_3D('',#3886,#3887,#3888);
#3891=DIRECTION('',(0.E0,8.715574274766E-2,-9.961946980917E-1));
#3892=VECTOR('',#3891,2.5E-1);
#3893=CARTESIAN_POINT('',(2.8017E1,-4.359792663859E1,-1.371E0));
#3894=LINE('',#3893,#3892);
#3895=CARTESIAN_POINT('',(2.8017E1,-4.3611E1,-1.221570795286E0));
#3896=DIRECTION('',(-1.E0,0.E0,0.E0));
#3897=DIRECTION('',(0.E0,8.715574274767E-2,-9.961946980917E-1));
#3898=AXIS2_PLACEMENT_3D('',#3895,#3896,#3897);
#3900=DIRECTION('',(-1.E0,0.E0,0.E0));
#3901=VECTOR('',#3900,1.83E0);
#3902=CARTESIAN_POINT('',(2.8017E1,-4.357613770290E1,-1.620048674523E0));
#3903=LINE('',#3902,#3901);
#3904=DIRECTION('',(-1.E0,0.E0,0.E0));
#3905=VECTOR('',#3904,1.83E0);
#3906=CARTESIAN_POINT('',(2.8017E1,-4.175921106431E1,-1.461088191188E0));
#3907=LINE('',#3906,#3905);
#3908=CARTESIAN_POINT('',(2.7102E1,-4.242666151203E1,-1.519482538829E0));
#3909=DIRECTION('',(0.E0,8.715574274767E-2,-9.961946980917E-1));
#3910=DIRECTION('',(1.E0,0.E0,0.E0));
#3911=AXIS2_PLACEMENT_3D('',#3908,#3909,#3910);
#3913=CARTESIAN_POINT('',(2.7102E1,-4.242666151203E1,-1.519482538829E0));
#3914=DIRECTION('',(0.E0,8.715574274767E-2,-9.961946980917E-1));
#3915=DIRECTION('',(-1.E0,0.E0,0.E0));
#3916=AXIS2_PLACEMENT_3D('',#3913,#3914,#3915);
#3918=DIRECTION('',(1.736481776669E-1,8.583165117783E-2,-9.810602621904E-1));
#3919=VECTOR('',#3918,2.511808188046E-1);
#3920=CARTESIAN_POINT('',(2.751338290855E1,-4.244822077646E1,
-1.273059018876E0));
#3921=LINE('',#3920,#3919);
#3922=CARTESIAN_POINT('',(2.7102E1,-4.244822077646E1,-1.273059018876E0));
#3923=DIRECTION('',(0.E0,-8.715574274767E-2,9.961946980917E-1));
#3924=DIRECTION('',(-1.E0,0.E0,0.E0));
#3925=AXIS2_PLACEMENT_3D('',#3922,#3923,#3924);
#3927=DIRECTION('',(-1.736481776669E-1,8.583165117706E-2,-9.810602621904E-1));
#3928=VECTOR('',#3927,2.511808188046E-1);
#3929=CARTESIAN_POINT('',(2.669061709145E1,-4.244822077646E1,
-1.273059018876E0));
#3930=LINE('',#3929,#3928);
#3931=CARTESIAN_POINT('',(2.7102E1,-4.244822077646E1,-1.273059018876E0));
#3932=DIRECTION('',(0.E0,-8.715574274767E-2,9.961946980917E-1));
#3933=DIRECTION('',(1.E0,0.E0,0.E0));
#3934=AXIS2_PLACEMENT_3D('',#3931,#3932,#3933);
#3936=CARTESIAN_POINT('',(2.741490213325E1,-4.244670733287E1,
-1.290357758268E0));
#3937=DIRECTION('',(0.E0,9.961946980917E-1,8.715574274767E-2));
#3938=DIRECTION('',(0.E0,-8.715574274767E-2,9.961946980917E-1));
#3939=AXIS2_PLACEMENT_3D('',#3936,#3937,#3938);
#3941=CARTESIAN_POINT('',(2.7102E1,-4.245542290714E1,-1.190738288459E0));
#3942=DIRECTION('',(0.E0,-8.715574274767E-2,9.961946980917E-1));
#3943=DIRECTION('',(1.E0,0.E0,0.E0));
#3944=AXIS2_PLACEMENT_3D('',#3941,#3942,#3943);
#3946=CARTESIAN_POINT('',(2.7102E1,-4.245542290714E1,-1.190738288459E0));
#3947=DIRECTION('',(0.E0,-8.715574274767E-2,9.961946980917E-1));
#3948=DIRECTION('',(-1.E0,0.E0,0.E0));
#3949=AXIS2_PLACEMENT_3D('',#3946,#3947,#3948);
#3951=CARTESIAN_POINT('',(2.678909786675E1,-4.244670733287E1,
-1.290357758268E0));
#3952=DIRECTION('',(0.E0,-9.961946980917E-1,-8.715574274767E-2));
#3953=DIRECTION('',(0.E0,-8.715574274767E-2,9.961946980917E-1));
#3954=AXIS2_PLACEMENT_3D('',#3951,#3952,#3953);
#3956=DIRECTION('',(-1.E0,0.E0,0.E0));
#3957=VECTOR('',#3956,1.83E0);
#3958=CARTESIAN_POINT('',(2.8017E1,-4.4011E1,-1.221570795286E0));
#3959=LINE('',#3958,#3957);
#3960=DIRECTION('',(0.E0,0.E0,1.E0));
#3961=VECTOR('',#3960,1.351570795286E0);
#3962=CARTESIAN_POINT('',(2.8017E1,-4.3761E1,-1.221570795286E0));
#3963=LINE('',#3962,#3961);
#3964=DIRECTION('',(0.E0,-1.E0,0.E0));
#3965=VECTOR('',#3964,2.5E-1);
#3966=CARTESIAN_POINT('',(2.8017E1,-4.3761E1,-1.221570795286E0));
#3967=LINE('',#3966,#3965);
#3968=DIRECTION('',(0.E0,0.E0,1.E0));
#3969=VECTOR('',#3968,1.351570795286E0);
#3970=CARTESIAN_POINT('',(2.8017E1,-4.4011E1,-1.221570795286E0));
#3971=LINE('',#3970,#3969);
#3972=DIRECTION('',(-1.E0,0.E0,0.E0));
#3973=VECTOR('',#3972,1.83E0);
#3974=CARTESIAN_POINT('',(2.8017E1,-4.3761E1,-1.221570795286E0));
#3975=LINE('',#3974,#3973);
#3976=DIRECTION('',(-1.E0,0.E0,0.E0));
#3977=VECTOR('',#3976,1.83E0);
#3978=CARTESIAN_POINT('',(2.8017E1,-4.3761E1,1.3E-1));
#3979=LINE('',#3978,#3977);
#3980=CARTESIAN_POINT('',(2.8017E1,-4.3611E1,1.3E-1));
#3981=DIRECTION('',(-1.E0,0.E0,0.E0));
#3982=DIRECTION('',(0.E0,-1.E0,0.E0));
#3983=AXIS2_PLACEMENT_3D('',#3980,#3981,#3982);
#3985=DIRECTION('',(0.E0,-1.E0,0.E0));
#3986=VECTOR('',#3985,2.5E-1);
#3987=CARTESIAN_POINT('',(2.8017E1,-4.3761E1,1.3E-1));
#3988=LINE('',#3987,#3986);
#3989=CARTESIAN_POINT('',(2.8017E1,-4.3611E1,1.3E-1));
#3990=DIRECTION('',(-1.E0,0.E0,0.E0));
#3991=DIRECTION('',(0.E0,-1.E0,0.E0));
#3992=AXIS2_PLACEMENT_3D('',#3989,#3990,#3991);
#3994=DIRECTION('',(-1.E0,0.E0,0.E0));
#3995=VECTOR('',#3994,1.83E0);
#3996=CARTESIAN_POINT('',(2.8017E1,-4.4011E1,1.3E-1));
#3997=LINE('',#3996,#3995);
#3998=CARTESIAN_POINT('',(2.6187E1,-4.3611E1,1.3E-1));
#3999=DIRECTION('',(-1.E0,0.E0,0.E0));
#4000=DIRECTION('',(0.E0,-1.E0,0.E0));
#4001=AXIS2_PLACEMENT_3D('',#3998,#3999,#4000);
#4003=DIRECTION('',(0.E0,0.E0,1.E0));
#4004=VECTOR('',#4003,2.5E-1);
#4005=CARTESIAN_POINT('',(2.6187E1,-4.3611E1,2.8E-1));
#4006=LINE('',#4005,#4004);
#4007=CARTESIAN_POINT('',(2.6187E1,-4.3611E1,1.3E-1));
#4008=DIRECTION('',(-1.E0,0.E0,0.E0));
#4009=DIRECTION('',(0.E0,-1.E0,0.E0));
#4010=AXIS2_PLACEMENT_3D('',#4007,#4008,#4009);
#4012=DIRECTION('',(0.E0,1.E0,0.E0));
#4013=VECTOR('',#4012,1.45E0);
#4014=CARTESIAN_POINT('',(2.6187E1,-4.3611E1,2.8E-1));
#4015=LINE('',#4014,#4013);
#4016=DIRECTION('',(0.E0,0.E0,1.E0));
#4017=VECTOR('',#4016,2.5E-1);
#4018=CARTESIAN_POINT('',(2.6187E1,-4.2161E1,2.8E-1));
#4019=LINE('',#4018,#4017);
#4020=DIRECTION('',(0.E0,1.E0,0.E0));
#4021=VECTOR('',#4020,1.45E0);
#4022=CARTESIAN_POINT('',(2.6187E1,-4.3611E1,5.3E-1));
#4023=LINE('',#4022,#4021);
#4024=DIRECTION('',(-1.E0,0.E0,0.E0));
#4025=VECTOR('',#4024,1.83E0);
#4026=CARTESIAN_POINT('',(2.8017E1,-4.3611E1,2.8E-1));
#4027=LINE('',#4026,#4025);
#4028=CARTESIAN_POINT('',(2.7102E1,-4.2851E1,2.8E-1));
#4029=DIRECTION('',(0.E0,0.E0,1.E0));
#4030=DIRECTION('',(0.E0,-1.E0,0.E0));
#4031=AXIS2_PLACEMENT_3D('',#4028,#4029,#4030);
#4033=CARTESIAN_POINT('',(2.7102E1,-4.2851E1,2.8E-1));
#4034=DIRECTION('',(0.E0,0.E0,1.E0));
#4035=DIRECTION('',(0.E0,1.E0,0.E0));
#4036=AXIS2_PLACEMENT_3D('',#4033,#4034,#4035);
#4038=DIRECTION('',(0.E0,1.E0,0.E0));
#4039=VECTOR('',#4038,1.45E0);
#4040=CARTESIAN_POINT('',(2.8017E1,-4.3611E1,2.8E-1));
#4041=LINE('',#4040,#4039);
#4042=DIRECTION('',(0.E0,0.E0,1.E0));
#4043=VECTOR('',#4042,2.5E-1);
#4044=CARTESIAN_POINT('',(2.8017E1,-4.3611E1,2.8E-1));
#4045=LINE('',#4044,#4043);
#4046=DIRECTION('',(0.E0,1.E0,0.E0));
#4047=VECTOR('',#4046,1.45E0);
#4048=CARTESIAN_POINT('',(2.8017E1,-4.3611E1,5.3E-1));
#4049=LINE('',#4048,#4047);
#4050=DIRECTION('',(-1.E0,0.E0,0.E0));
#4051=VECTOR('',#4050,1.83E0);
#4052=CARTESIAN_POINT('',(2.8017E1,-4.3611E1,5.3E-1));
#4053=LINE('',#4052,#4051);
#4054=CARTESIAN_POINT('',(2.7102E1,-4.2851E1,5.3E-1));
#4055=DIRECTION('',(0.E0,0.E0,1.E0));
#4056=DIRECTION('',(0.E0,-1.E0,0.E0));
#4057=AXIS2_PLACEMENT_3D('',#4054,#4055,#4056);
#4059=CARTESIAN_POINT('',(2.7102E1,-4.2851E1,5.3E-1));
#4060=DIRECTION('',(0.E0,0.E0,1.E0));
#4061=DIRECTION('',(0.E0,1.E0,0.E0));
#4062=AXIS2_PLACEMENT_3D('',#4059,#4060,#4061);
#4064=DIRECTION('',(-1.E0,0.E0,0.E0));
#4065=VECTOR('',#4064,1.83E0);
#4066=CARTESIAN_POINT('',(2.8017E1,-4.2161E1,5.3E-1));
#4067=LINE('',#4066,#4065);
#4068=CARTESIAN_POINT('',(2.8017E1,-4.2161E1,6.6E-1));
#4069=DIRECTION('',(1.E0,0.E0,0.E0));
#4070=DIRECTION('',(0.E0,0.E0,-1.E0));
#4071=AXIS2_PLACEMENT_3D('',#4068,#4069,#4070);
#4073=DIRECTION('',(0.E0,0.E0,1.E0));
#4074=VECTOR('',#4073,2.5E-1);
#4075=CARTESIAN_POINT('',(2.8017E1,-4.2161E1,2.8E-1));
#4076=LINE('',#4075,#4074);
#4077=CARTESIAN_POINT('',(2.8017E1,-4.2161E1,6.6E-1));
#4078=DIRECTION('',(1.E0,0.E0,0.E0));
#4079=DIRECTION('',(0.E0,0.E0,-1.E0));
#4080=AXIS2_PLACEMENT_3D('',#4077,#4078,#4079);
#4082=DIRECTION('',(-1.E0,0.E0,0.E0));
#4083=VECTOR('',#4082,1.83E0);
#4084=CARTESIAN_POINT('',(2.8017E1,-4.2161E1,2.8E-1));
#4085=LINE('',#4084,#4083);
#4086=DIRECTION('',(1.E0,0.E0,0.E0));
#4087=VECTOR('',#4086,2.8E-1);
#4088=CARTESIAN_POINT('',(2.6187E1,-4.3611E1,1.04E0));
#4089=LINE('',#4088,#4087);
#4090=DIRECTION('',(-1.E0,0.E0,0.E0));
#4091=VECTOR('',#4090,1.83E0);
#4092=CARTESIAN_POINT('',(2.8017E1,-4.2161E1,1.04E0));
#4093=LINE('',#4092,#4091);
#4094=DIRECTION('',(1.E0,0.E0,0.E0));
#4095=VECTOR('',#4094,2.8E-1);
#4096=CARTESIAN_POINT('',(2.7737E1,-4.3611E1,1.04E0));
#4097=LINE('',#4096,#4095);
#4098=DIRECTION('',(1.421085471520E-14,0.E0,-1.E0));
#4099=VECTOR('',#4098,2.5E-1);
#4100=CARTESIAN_POINT('',(2.6467E1,-4.3611E1,1.04E0));
#4101=LINE('',#4100,#4099);
#4102=DIRECTION('',(0.E0,-1.E0,0.E0));
#4103=VECTOR('',#4102,2.5E-1);
#4104=CARTESIAN_POINT('',(2.6467E1,-4.3761E1,1.19E0));
#4105=LINE('',#4104,#4103);
#4106=CARTESIAN_POINT('',(2.6467E1,-4.3611E1,1.19E0));
#4107=DIRECTION('',(1.E0,0.E0,0.E0));
#4108=DIRECTION('',(0.E0,-1.E0,0.E0));
#4109=AXIS2_PLACEMENT_3D('',#4106,#4107,#4108);
#4111=DIRECTION('',(-1.E0,0.E0,0.E0));
#4112=VECTOR('',#4111,1.27E0);
#4113=CARTESIAN_POINT('',(2.7737E1,-4.3611E1,1.04E0));
#4114=LINE('',#4113,#4112);
#4115=CARTESIAN_POINT('',(2.7737E1,-4.3611E1,1.19E0));
#4116=DIRECTION('',(1.E0,0.E0,0.E0));
#4117=DIRECTION('',(0.E0,-1.E0,0.E0));
#4118=AXIS2_PLACEMENT_3D('',#4115,#4116,#4117);
#4120=DIRECTION('',(1.421085471520E-14,0.E0,-1.E0));
#4121=VECTOR('',#4120,2.5E-1);
#4122=CARTESIAN_POINT('',(2.7737E1,-4.3611E1,1.04E0));
#4123=LINE('',#4122,#4121);
#4124=DIRECTION('',(0.E0,0.E0,-1.E0));
#4125=VECTOR('',#4124,2.5E-1);
#4126=CARTESIAN_POINT('',(2.8017E1,-4.3611E1,1.04E0));
#4127=LINE('',#4126,#4125);
#4128=DIRECTION('',(0.E0,-1.E0,0.E0));
#4129=VECTOR('',#4128,1.45E0);
#4130=CARTESIAN_POINT('',(2.8017E1,-4.2161E1,1.04E0));
#4131=LINE('',#4130,#4129);
#4132=DIRECTION('',(0.E0,0.E0,-1.E0));
#4133=VECTOR('',#4132,2.5E-1);
#4134=CARTESIAN_POINT('',(2.8017E1,-4.2161E1,1.04E0));
#4135=LINE('',#4134,#4133);
#4136=DIRECTION('',(0.E0,-1.E0,0.E0));
#4137=VECTOR('',#4136,1.45E0);
#4138=CARTESIAN_POINT('',(2.8017E1,-4.2161E1,7.9E-1));
#4139=LINE('',#4138,#4137);
#4140=DIRECTION('',(1.E0,0.E0,0.E0));
#4141=VECTOR('',#4140,2.8E-1);
#4142=CARTESIAN_POINT('',(2.6187E1,-4.3611E1,7.9E-1));
#4143=LINE('',#4142,#4141);
#4144=DIRECTION('',(1.E0,0.E0,0.E0));
#4145=VECTOR('',#4144,2.8E-1);
#4146=CARTESIAN_POINT('',(2.7737E1,-4.3611E1,7.9E-1));
#4147=LINE('',#4146,#4145);
#4148=DIRECTION('',(-1.E0,0.E0,0.E0));
#4149=VECTOR('',#4148,1.83E0);
#4150=CARTESIAN_POINT('',(2.8017E1,-4.2161E1,7.9E-1));
#4151=LINE('',#4150,#4149);
#4152=CARTESIAN_POINT('',(2.6467E1,-4.3611E1,1.19E0));
#4153=DIRECTION('',(1.E0,0.E0,0.E0));
#4154=DIRECTION('',(0.E0,-1.E0,0.E0));
#4155=AXIS2_PLACEMENT_3D('',#4152,#4153,#4154);
#4157=CARTESIAN_POINT('',(2.7737E1,-4.3611E1,1.19E0));
#4158=DIRECTION('',(1.E0,0.E0,0.E0));
#4159=DIRECTION('',(0.E0,-1.E0,0.E0));
#4160=AXIS2_PLACEMENT_3D('',#4157,#4158,#4159);
#4162=DIRECTION('',(-1.E0,0.E0,0.E0));
#4163=VECTOR('',#4162,1.27E0);
#4164=CARTESIAN_POINT('',(2.7737E1,-4.3611E1,7.9E-1));
#4165=LINE('',#4164,#4163);
#4166=DIRECTION('',(1.E0,0.E0,0.E0));
#4167=VECTOR('',#4166,4.6E-1);
#4168=CARTESIAN_POINT('',(2.6872E1,-4.4011E1,7.62E0));
#4169=LINE('',#4168,#4167);
#4170=DIRECTION('',(0.E0,0.E0,-1.E0));
#4171=VECTOR('',#4170,3.81E0);
#4172=CARTESIAN_POINT('',(2.7332E1,-4.4011E1,7.62E0));
#4173=LINE('',#4172,#4171);
#4174=DIRECTION('',(7.071067811865E-1,0.E0,-7.071067811865E-1));
#4175=VECTOR('',#4174,5.727564927611E-1);
#4176=CARTESIAN_POINT('',(2.7332E1,-4.4011E1,3.81E0));
#4177=LINE('',#4176,#4175);
#4178=DIRECTION('',(0.E0,0.E0,1.E0));
#4179=VECTOR('',#4178,2.215E0);
#4180=CARTESIAN_POINT('',(2.7737E1,-4.4011E1,1.19E0));
#4181=LINE('',#4180,#4179);
#4182=DIRECTION('',(-1.E0,0.E0,0.E0));
#4183=VECTOR('',#4182,1.27E0);
#4184=CARTESIAN_POINT('',(2.7737E1,-4.4011E1,1.19E0));
#4185=LINE('',#4184,#4183);
#4186=DIRECTION('',(0.E0,0.E0,1.E0));
#4187=VECTOR('',#4186,2.215E0);
#4188=CARTESIAN_POINT('',(2.6467E1,-4.4011E1,1.19E0));
#4189=LINE('',#4188,#4187);
#4190=DIRECTION('',(7.071067811865E-1,0.E0,7.071067811865E-1));
#4191=VECTOR('',#4190,5.727564927611E-1);
#4192=CARTESIAN_POINT('',(2.6467E1,-4.4011E1,3.405E0));
#4193=LINE('',#4192,#4191);
#4194=DIRECTION('',(0.E0,0.E0,-1.E0));
#4195=VECTOR('',#4194,3.81E0);
#4196=CARTESIAN_POINT('',(2.6872E1,-4.4011E1,7.62E0));
#4197=LINE('',#4196,#4195);
#4198=DIRECTION('',(1.E0,0.E0,0.E0));
#4199=VECTOR('',#4198,4.6E-1);
#4200=CARTESIAN_POINT('',(2.6872E1,-4.3761E1,7.62E0));
#4201=LINE('',#4200,#4199);
#4202=DIRECTION('',(0.E0,0.E0,-1.E0));
#4203=VECTOR('',#4202,3.81E0);
#4204=CARTESIAN_POINT('',(2.6872E1,-4.3761E1,7.62E0));
#4205=LINE('',#4204,#4203);
#4206=DIRECTION('',(7.071067811865E-1,0.E0,7.071067811866E-1));
#4207=VECTOR('',#4206,5.727564927611E-1);
#4208=CARTESIAN_POINT('',(2.6467E1,-4.3761E1,3.405E0));
#4209=LINE('',#4208,#4207);
#4210=DIRECTION('',(0.E0,0.E0,1.E0));
#4211=VECTOR('',#4210,2.215E0);
#4212=CARTESIAN_POINT('',(2.6467E1,-4.3761E1,1.19E0));
#4213=LINE('',#4212,#4211);
#4214=DIRECTION('',(-1.E0,0.E0,0.E0));
#4215=VECTOR('',#4214,1.27E0);
#4216=CARTESIAN_POINT('',(2.7737E1,-4.3761E1,1.19E0));
#4217=LINE('',#4216,#4215);
#4218=DIRECTION('',(0.E0,0.E0,1.E0));
#4219=VECTOR('',#4218,2.215E0);
#4220=CARTESIAN_POINT('',(2.7737E1,-4.3761E1,1.19E0));
#4221=LINE('',#4220,#4219);
#4222=DIRECTION('',(7.071067811865E-1,0.E0,-7.071067811865E-1));
#4223=VECTOR('',#4222,5.727564927611E-1);
#4224=CARTESIAN_POINT('',(2.7332E1,-4.3761E1,3.81E0));
#4225=LINE('',#4224,#4223);
#4226=DIRECTION('',(0.E0,0.E0,-1.E0));
#4227=VECTOR('',#4226,3.81E0);
#4228=CARTESIAN_POINT('',(2.7332E1,-4.3761E1,7.62E0));
#4229=LINE('',#4228,#4227);
#4230=DIRECTION('',(0.E0,1.E0,0.E0));
#4231=VECTOR('',#4230,2.5E-1);
#4232=CARTESIAN_POINT('',(2.6872E1,-4.4011E1,7.62E0));
#4233=LINE('',#4232,#4231);
#4234=DIRECTION('',(0.E0,-1.E0,0.E0));
#4235=VECTOR('',#4234,2.5E-1);
#4236=CARTESIAN_POINT('',(2.6872E1,-4.3761E1,3.81E0));
#4237=LINE('',#4236,#4235);
#4238=DIRECTION('',(-1.421085471520E-14,-1.E0,0.E0));
#4239=VECTOR('',#4238,2.5E-1);
#4240=CARTESIAN_POINT('',(2.6467E1,-4.3761E1,3.405E0));
#4241=LINE('',#4240,#4239);
#4242=DIRECTION('',(0.E0,-1.E0,0.E0));
#4243=VECTOR('',#4242,2.5E-1);
#4244=CARTESIAN_POINT('',(2.7737E1,-4.3761E1,1.19E0));
#4245=LINE('',#4244,#4243);
#4246=DIRECTION('',(-1.421085471520E-14,-1.E0,0.E0));
#4247=VECTOR('',#4246,2.5E-1);
#4248=CARTESIAN_POINT('',(2.7737E1,-4.3761E1,3.405E0));
#4249=LINE('',#4248,#4247);
#4250=DIRECTION('',(0.E0,1.E0,0.E0));
#4251=VECTOR('',#4250,2.5E-1);
#4252=CARTESIAN_POINT('',(2.7332E1,-4.4011E1,7.62E0));
#4253=LINE('',#4252,#4251);
#4254=DIRECTION('',(0.E0,-1.E0,0.E0));
#4255=VECTOR('',#4254,2.5E-1);
#4256=CARTESIAN_POINT('',(2.7332E1,-4.3761E1,3.81E0));
#4257=LINE('',#4256,#4255);
#4258=DIRECTION('',(0.E0,0.E0,-1.E0));
#4259=VECTOR('',#4258,2.5E-1);
#4260=CARTESIAN_POINT('',(2.6187E1,-4.3611E1,1.04E0));
#4261=LINE('',#4260,#4259);
#4262=DIRECTION('',(0.E0,-1.E0,0.E0));
#4263=VECTOR('',#4262,1.45E0);
#4264=CARTESIAN_POINT('',(2.6187E1,-4.2161E1,7.9E-1));
#4265=LINE('',#4264,#4263);
#4266=DIRECTION('',(0.E0,-1.E0,0.E0));
#4267=VECTOR('',#4266,1.45E0);
#4268=CARTESIAN_POINT('',(2.6187E1,-4.2161E1,1.04E0));
#4269=LINE('',#4268,#4267);
#4270=CARTESIAN_POINT('',(2.6187E1,-4.2161E1,6.6E-1));
#4271=DIRECTION('',(1.E0,0.E0,0.E0));
#4272=DIRECTION('',(0.E0,0.E0,-1.E0));
#4273=AXIS2_PLACEMENT_3D('',#4270,#4271,#4272);
#4275=DIRECTION('',(0.E0,0.E0,-1.E0));
#4276=VECTOR('',#4275,2.5E-1);
#4277=CARTESIAN_POINT('',(2.6187E1,-4.2161E1,1.04E0));
#4278=LINE('',#4277,#4276);
#4279=CARTESIAN_POINT('',(2.6187E1,-4.2161E1,6.6E-1));
#4280=DIRECTION('',(1.E0,0.E0,0.E0));
#4281=DIRECTION('',(0.E0,0.E0,-1.E0));
#4282=AXIS2_PLACEMENT_3D('',#4279,#4280,#4281);
#4284=DIRECTION('',(0.E0,1.736481776669E-1,9.848077530122E-1));
#4285=VECTOR('',#4284,2.843194513280E-1);
#4286=CARTESIAN_POINT('',(2.7102E1,-4.243514646239E1,2.5E-1));
#4287=LINE('',#4286,#4285);
#4288=DIRECTION('',(0.E0,-1.736481776670E-1,9.848077530122E-1));
#4289=VECTOR('',#4288,2.843194513280E-1);
#4290=CARTESIAN_POINT('',(2.7102E1,-4.326685353761E1,2.5E-1));
#4291=LINE('',#4290,#4289);
#4292=CARTESIAN_POINT('',(2.7102E1,-4.2851E1,2.5E-1));
#4293=DIRECTION('',(0.E0,0.E0,1.E0));
#4294=DIRECTION('',(0.E0,-1.E0,0.E0));
#4295=AXIS2_PLACEMENT_3D('',#4292,#4293,#4294);
#4297=CARTESIAN_POINT('',(2.7102E1,-4.2851E1,2.5E-1));
#4298=DIRECTION('',(0.E0,0.E0,1.E0));
#4299=DIRECTION('',(0.E0,1.E0,0.E0));
#4300=AXIS2_PLACEMENT_3D('',#4297,#4298,#4299);
#4302=CARTESIAN_POINT('',(2.7102E1,-4.2851E1,1.239527733500E-1));
#4303=DIRECTION('',(0.E0,0.E0,-1.E0));
#4304=DIRECTION('',(0.E0,1.E0,0.E0));
#4305=AXIS2_PLACEMENT_3D('',#4302,#4303,#4304);
#4307=CARTESIAN_POINT('',(2.7102E1,-4.235123649927E1,1.5E-1));
#4308=DIRECTION('',(1.E0,0.E0,0.E0));
#4309=DIRECTION('',(0.E0,0.E0,-1.E0));
#4310=AXIS2_PLACEMENT_3D('',#4307,#4308,#4309);
#4312=CARTESIAN_POINT('',(2.7102E1,-4.335076350073E1,1.5E-1));
#4313=DIRECTION('',(-1.E0,0.E0,0.E0));
#4314=DIRECTION('',(0.E0,0.E0,-1.E0));
#4315=AXIS2_PLACEMENT_3D('',#4312,#4313,#4314);
#4317=CARTESIAN_POINT('',(2.7102E1,-4.2851E1,1.239527733500E-1));
#4318=DIRECTION('',(0.E0,0.E0,-1.E0));
#4319=DIRECTION('',(0.E0,-1.E0,0.E0));
#4320=AXIS2_PLACEMENT_3D('',#4317,#4318,#4319);
#4322=DIRECTION('',(2.527881755255E-9,1.736481776670E-1,9.848077530122E-1));
#4323=VECTOR('',#4322,1.584545066625E-1);
#4324=CARTESIAN_POINT('',(2.710199999960E1,-4.220351533633E1,
1.239527733390E-1));
#4325=LINE('',#4324,#4323);
#4326=DIRECTION('',(-2.527881755255E-9,-1.736481776670E-1,9.848077530122E-1));
#4327=VECTOR('',#4326,1.584545066625E-1);
#4328=CARTESIAN_POINT('',(2.710200000040E1,-4.349848466367E1,
1.239527733390E-1));
#4329=LINE('',#4328,#4327);
#4330=DIRECTION('',(0.E0,0.E0,1.E0));
#4331=VECTOR('',#4330,1.351570795286E0);
#4332=CARTESIAN_POINT('',(2.6187E1,-4.3761E1,-1.221570795286E0));
#4333=LINE('',#4332,#4331);
#4334=DIRECTION('',(0.E0,-1.E0,0.E0));
#4335=VECTOR('',#4334,2.5E-1);
#4336=CARTESIAN_POINT('',(2.6187E1,-4.3761E1,1.3E-1));
#4337=LINE('',#4336,#4335);
#4338=DIRECTION('',(0.E0,0.E0,1.E0));
#4339=VECTOR('',#4338,1.351570795286E0);
#4340=CARTESIAN_POINT('',(2.6187E1,-4.4011E1,-1.221570795286E0));
#4341=LINE('',#4340,#4339);
#4342=CARTESIAN_POINT('',(2.7102E1,-4.245200438543E1,-1.229812170394E0));
#4343=DIRECTION('',(0.E0,-8.715574274767E-2,9.961946980917E-1));
#4344=DIRECTION('',(-1.E0,0.E0,0.E0));
#4345=AXIS2_PLACEMENT_3D('',#4342,#4343,#4344);
#4347=DIRECTION('',(1.736481776668E-1,8.583165118117E-2,-9.810602621901E-1));
#4348=VECTOR('',#4347,4.140591101025E-2);
#4349=CARTESIAN_POINT('',(2.775958484680E1,-4.245200438543E1,
-1.229812170394E0));
#4350=LINE('',#4349,#4348);
#4351=CARTESIAN_POINT('',(2.995490213325E1,-3.222929266712E1,
-1.290357758269E0));
#4352=DIRECTION('',(-5.259777249161E-11,9.961946980917E-1,-8.715574274767E-2));
#4353=DIRECTION('',(6.171142002199E-1,6.858055317248E-2,7.838793093414E-1));
#4354=AXIS2_PLACEMENT_3D('',#4351,#4352,#4353);
#4356=CARTESIAN_POINT('',(2.932909786675E1,-3.222929266715E1,
-1.290357758267E0));
#4357=DIRECTION('',(5.260166347637E-11,-9.961946980917E-1,8.715574274767E-2));
#4358=DIRECTION('',(-6.171142002376E-1,6.858055310661E-2,7.838793093332E-1));
#4359=AXIS2_PLACEMENT_3D('',#4356,#4357,#4358);
#4361=CARTESIAN_POINT('',(2.9642E1,-3.222399561457E1,-1.229812170394E0));
#4362=DIRECTION('',(0.E0,8.715574274767E-2,9.961946980917E-1));
#4363=DIRECTION('',(-1.E0,0.E0,0.E0));
#4364=AXIS2_PLACEMENT_3D('',#4361,#4362,#4363);
#4366=DIRECTION('',(1.736481776669E-1,-8.583165117362E-2,-9.810602621907E-1));
#4367=VECTOR('',#4366,4.140591101025E-2);
#4368=CARTESIAN_POINT('',(3.029958484680E1,-3.222399561457E1,
-1.229812170394E0));
#4369=LINE('',#4368,#4367);
#4370=DIRECTION('',(1.E0,0.E0,0.E0));
#4371=VECTOR('',#4370,1.83E0);
#4372=CARTESIAN_POINT('',(2.8727E1,-3.2895E1,-1.212039516665E0));
#4373=LINE('',#4372,#4371);
#4374=CARTESIAN_POINT('',(2.9642E1,-3.222754955228E1,-1.270433864306E0));
#4375=DIRECTION('',(0.E0,-8.715574274767E-2,-9.961946980917E-1));
#4376=DIRECTION('',(-1.E0,0.E0,0.E0));
#4377=AXIS2_PLACEMENT_3D('',#4374,#4375,#4376);
#4379=CARTESIAN_POINT('',(2.9642E1,-3.222754955228E1,-1.270433864306E0));
#4380=DIRECTION('',(0.E0,-8.715574274767E-2,-9.961946980917E-1));
#4381=DIRECTION('',(1.E0,0.E0,0.E0));
#4382=AXIS2_PLACEMENT_3D('',#4379,#4380,#4381);
#4384=DIRECTION('',(0.E0,9.961946980917E-1,-8.715574274767E-2));
#4385=VECTOR('',#4384,1.823867003175E0);
#4386=CARTESIAN_POINT('',(2.8727E1,-3.2895E1,-1.212039516665E0));
#4387=LINE('',#4386,#4385);
#4388=DIRECTION('',(0.E0,-8.715574274765E-2,-9.961946980917E-1));
#4389=VECTOR('',#4388,2.5E-1);
#4390=CARTESIAN_POINT('',(2.8727E1,-3.2895E1,-1.212039516665E0));
#4391=LINE('',#4390,#4389);
#4392=DIRECTION('',(0.E0,9.961946980917E-1,-8.715574274767E-2));
#4393=VECTOR('',#4392,1.823867003175E0);
#4394=CARTESIAN_POINT('',(2.8727E1,-3.291678893569E1,-1.461088191188E0));
#4395=LINE('',#4394,#4393);
#4396=DIRECTION('',(0.E0,-8.715574274765E-2,-9.961946980917E-1));
#4397=VECTOR('',#4396,2.5E-1);
#4398=CARTESIAN_POINT('',(3.0557E1,-3.2895E1,-1.212039516665E0));
#4399=LINE('',#4398,#4397);
#4400=DIRECTION('',(0.E0,9.961946980917E-1,-8.715574274767E-2));
#4401=VECTOR('',#4400,1.823867003175E0);
#4402=CARTESIAN_POINT('',(3.0557E1,-3.2895E1,-1.212039516665E0));
#4403=LINE('',#4402,#4401);
#4404=DIRECTION('',(0.E0,-8.715574274767E-2,-9.961946980917E-1));
#4405=VECTOR('',#4404,2.5E-1);
#4406=CARTESIAN_POINT('',(3.0557E1,-3.107807336141E1,-1.371E0));
#4407=LINE('',#4406,#4405);
#4408=DIRECTION('',(0.E0,9.961946980917E-1,-8.715574274767E-2));
#4409=VECTOR('',#4408,1.823867003175E0);
#4410=CARTESIAN_POINT('',(3.0557E1,-3.291678893569E1,-1.461088191188E0));
#4411=LINE('',#4410,#4409);
#4412=CARTESIAN_POINT('',(3.0557E1,-3.1065E1,-1.221570795286E0));
#4413=DIRECTION('',(1.E0,0.E0,0.E0));
#4414=DIRECTION('',(0.E0,-8.715574274769E-2,-9.961946980917E-1));
#4415=AXIS2_PLACEMENT_3D('',#4412,#4413,#4414);
#4417=DIRECTION('',(0.E0,1.E0,0.E0));
#4418=VECTOR('',#4417,2.5E-1);
#4419=CARTESIAN_POINT('',(3.0557E1,-3.0915E1,-1.221570795286E0));
#4420=LINE('',#4419,#4418);
#4421=CARTESIAN_POINT('',(3.0557E1,-3.1065E1,-1.221570795286E0));
#4422=DIRECTION('',(1.E0,0.E0,0.E0));
#4423=DIRECTION('',(0.E0,-8.715574274769E-2,-9.961946980917E-1));
#4424=AXIS2_PLACEMENT_3D('',#4421,#4422,#4423);
#4426=DIRECTION('',(1.E0,0.E0,0.E0));
#4427=VECTOR('',#4426,1.83E0);
#4428=CARTESIAN_POINT('',(2.8727E1,-3.107807336141E1,-1.371E0));
#4429=LINE('',#4428,#4427);
#4430=CARTESIAN_POINT('',(2.8727E1,-3.1065E1,-1.221570795286E0));
#4431=DIRECTION('',(1.E0,0.E0,0.E0));
#4432=DIRECTION('',(0.E0,-8.715574274769E-2,-9.961946980917E-1));
#4433=AXIS2_PLACEMENT_3D('',#4430,#4431,#4432);
#4435=DIRECTION('',(0.E0,-8.715574274767E-2,-9.961946980917E-1));
#4436=VECTOR('',#4435,2.5E-1);
#4437=CARTESIAN_POINT('',(2.8727E1,-3.107807336141E1,-1.371E0));
#4438=LINE('',#4437,#4436);
#4439=CARTESIAN_POINT('',(2.8727E1,-3.1065E1,-1.221570795286E0));
#4440=DIRECTION('',(1.E0,0.E0,0.E0));
#4441=DIRECTION('',(0.E0,-8.715574274769E-2,-9.961946980917E-1));
#4442=AXIS2_PLACEMENT_3D('',#4439,#4440,#4441);
#4444=DIRECTION('',(1.E0,0.E0,0.E0));
#4445=VECTOR('',#4444,1.83E0);
#4446=CARTESIAN_POINT('',(2.8727E1,-3.109986229710E1,-1.620048674523E0));
#4447=LINE('',#4446,#4445);
#4448=DIRECTION('',(1.E0,0.E0,0.E0));
#4449=VECTOR('',#4448,1.83E0);
#4450=CARTESIAN_POINT('',(2.8727E1,-3.291678893569E1,-1.461088191188E0));
#4451=LINE('',#4450,#4449);
#4452=CARTESIAN_POINT('',(2.9642E1,-3.224933848797E1,-1.519482538829E0));
#4453=DIRECTION('',(0.E0,-8.715574274767E-2,-9.961946980917E-1));
#4454=DIRECTION('',(-1.E0,0.E0,0.E0));
#4455=AXIS2_PLACEMENT_3D('',#4452,#4453,#4454);
#4457=CARTESIAN_POINT('',(2.9642E1,-3.224933848797E1,-1.519482538829E0));
#4458=DIRECTION('',(0.E0,-8.715574274767E-2,-9.961946980917E-1));
#4459=DIRECTION('',(1.E0,0.E0,0.E0));
#4460=AXIS2_PLACEMENT_3D('',#4457,#4458,#4459);
#4462=DIRECTION('',(-1.736481776670E-1,-8.583165117780E-2,-9.810602621904E-1));
#4463=VECTOR('',#4462,2.511808188046E-1);
#4464=CARTESIAN_POINT('',(2.923061709145E1,-3.222777922354E1,
-1.273059018876E0));
#4465=LINE('',#4464,#4463);
#4466=CARTESIAN_POINT('',(2.9642E1,-3.222777922354E1,-1.273059018876E0));
#4467=DIRECTION('',(0.E0,8.715574274767E-2,9.961946980917E-1));
#4468=DIRECTION('',(1.E0,0.E0,0.E0));
#4469=AXIS2_PLACEMENT_3D('',#4466,#4467,#4468);
#4471=DIRECTION('',(1.736481776669E-1,-8.583165117706E-2,-9.810602621904E-1));
#4472=VECTOR('',#4471,2.511808188046E-1);
#4473=CARTESIAN_POINT('',(3.005338290855E1,-3.222777922354E1,
-1.273059018876E0));
#4474=LINE('',#4473,#4472);
#4475=CARTESIAN_POINT('',(2.9642E1,-3.222777922354E1,-1.273059018876E0));
#4476=DIRECTION('',(0.E0,8.715574274767E-2,9.961946980917E-1));
#4477=DIRECTION('',(-1.E0,0.E0,0.E0));
#4478=AXIS2_PLACEMENT_3D('',#4475,#4476,#4477);
#4480=CARTESIAN_POINT('',(2.932909786675E1,-3.222929266713E1,
-1.290357758268E0));
#4481=DIRECTION('',(0.E0,-9.961946980917E-1,8.715574274767E-2));
#4482=DIRECTION('',(0.E0,8.715574274767E-2,9.961946980917E-1));
#4483=AXIS2_PLACEMENT_3D('',#4480,#4481,#4482);
#4485=CARTESIAN_POINT('',(2.9642E1,-3.222057709286E1,-1.190738288459E0));
#4486=DIRECTION('',(0.E0,8.715574274767E-2,9.961946980917E-1));
#4487=DIRECTION('',(-1.E0,0.E0,0.E0));
#4488=AXIS2_PLACEMENT_3D('',#4485,#4486,#4487);
#4490=CARTESIAN_POINT('',(2.9642E1,-3.222057709286E1,-1.190738288459E0));
#4491=DIRECTION('',(0.E0,8.715574274767E-2,9.961946980917E-1));
#4492=DIRECTION('',(1.E0,0.E0,0.E0));
#4493=AXIS2_PLACEMENT_3D('',#4490,#4491,#4492);
#4495=CARTESIAN_POINT('',(2.995490213325E1,-3.222929266713E1,
-1.290357758268E0));
#4496=DIRECTION('',(0.E0,9.961946980917E-1,-8.715574274767E-2));
#4497=DIRECTION('',(0.E0,8.715574274767E-2,9.961946980917E-1));
#4498=AXIS2_PLACEMENT_3D('',#4495,#4496,#4497);
#4500=DIRECTION('',(1.E0,0.E0,0.E0));
#4501=VECTOR('',#4500,1.83E0);
#4502=CARTESIAN_POINT('',(2.8727E1,-3.0665E1,-1.221570795286E0));
#4503=LINE('',#4502,#4501);
#4504=DIRECTION('',(0.E0,0.E0,1.E0));
#4505=VECTOR('',#4504,1.351570795286E0);
#4506=CARTESIAN_POINT('',(2.8727E1,-3.0915E1,-1.221570795286E0));
#4507=LINE('',#4506,#4505);
#4508=DIRECTION('',(0.E0,1.E0,0.E0));
#4509=VECTOR('',#4508,2.5E-1);
#4510=CARTESIAN_POINT('',(2.8727E1,-3.0915E1,-1.221570795286E0));
#4511=LINE('',#4510,#4509);
#4512=DIRECTION('',(0.E0,0.E0,1.E0));
#4513=VECTOR('',#4512,1.351570795286E0);
#4514=CARTESIAN_POINT('',(2.8727E1,-3.0665E1,-1.221570795286E0));
#4515=LINE('',#4514,#4513);
#4516=DIRECTION('',(1.E0,0.E0,0.E0));
#4517=VECTOR('',#4516,1.83E0);
#4518=CARTESIAN_POINT('',(2.8727E1,-3.0915E1,-1.221570795286E0));
#4519=LINE('',#4518,#4517);
#4520=DIRECTION('',(1.E0,0.E0,0.E0));
#4521=VECTOR('',#4520,1.83E0);
#4522=CARTESIAN_POINT('',(2.8727E1,-3.0915E1,1.3E-1));
#4523=LINE('',#4522,#4521);
#4524=CARTESIAN_POINT('',(2.8727E1,-3.1065E1,1.3E-1));
#4525=DIRECTION('',(1.E0,0.E0,0.E0));
#4526=DIRECTION('',(0.E0,1.E0,0.E0));
#4527=AXIS2_PLACEMENT_3D('',#4524,#4525,#4526);
#4529=DIRECTION('',(0.E0,1.E0,0.E0));
#4530=VECTOR('',#4529,2.5E-1);
#4531=CARTESIAN_POINT('',(2.8727E1,-3.0915E1,1.3E-1));
#4532=LINE('',#4531,#4530);
#4533=CARTESIAN_POINT('',(2.8727E1,-3.1065E1,1.3E-1));
#4534=DIRECTION('',(1.E0,0.E0,0.E0));
#4535=DIRECTION('',(0.E0,1.E0,0.E0));
#4536=AXIS2_PLACEMENT_3D('',#4533,#4534,#4535);
#4538=DIRECTION('',(1.E0,0.E0,0.E0));
#4539=VECTOR('',#4538,1.83E0);
#4540=CARTESIAN_POINT('',(2.8727E1,-3.0665E1,1.3E-1));
#4541=LINE('',#4540,#4539);
#4542=CARTESIAN_POINT('',(3.0557E1,-3.1065E1,1.3E-1));
#4543=DIRECTION('',(1.E0,0.E0,0.E0));
#4544=DIRECTION('',(0.E0,1.E0,0.E0));
#4545=AXIS2_PLACEMENT_3D('',#4542,#4543,#4544);
#4547=DIRECTION('',(0.E0,1.421085471520E-14,1.E0));
#4548=VECTOR('',#4547,2.5E-1);
#4549=CARTESIAN_POINT('',(3.0557E1,-3.1065E1,2.8E-1));
#4550=LINE('',#4549,#4548);
#4551=CARTESIAN_POINT('',(3.0557E1,-3.1065E1,1.3E-1));
#4552=DIRECTION('',(1.E0,0.E0,0.E0));
#4553=DIRECTION('',(0.E0,1.E0,0.E0));
#4554=AXIS2_PLACEMENT_3D('',#4551,#4552,#4553);
#4556=DIRECTION('',(0.E0,-1.E0,0.E0));
#4557=VECTOR('',#4556,1.45E0);
#4558=CARTESIAN_POINT('',(3.0557E1,-3.1065E1,2.8E-1));
#4559=LINE('',#4558,#4557);
#4560=DIRECTION('',(0.E0,0.E0,1.E0));
#4561=VECTOR('',#4560,2.5E-1);
#4562=CARTESIAN_POINT('',(3.0557E1,-3.2515E1,2.8E-1));
#4563=LINE('',#4562,#4561);
#4564=DIRECTION('',(0.E0,-1.E0,0.E0));
#4565=VECTOR('',#4564,1.45E0);
#4566=CARTESIAN_POINT('',(3.0557E1,-3.1065E1,5.3E-1));
#4567=LINE('',#4566,#4565);
#4568=DIRECTION('',(1.E0,0.E0,0.E0));
#4569=VECTOR('',#4568,1.83E0);
#4570=CARTESIAN_POINT('',(2.8727E1,-3.1065E1,2.8E-1));
#4571=LINE('',#4570,#4569);
#4572=CARTESIAN_POINT('',(2.9642E1,-3.1825E1,2.8E-1));
#4573=DIRECTION('',(0.E0,0.E0,1.E0));
#4574=DIRECTION('',(0.E0,1.E0,0.E0));
#4575=AXIS2_PLACEMENT_3D('',#4572,#4573,#4574);
#4577=CARTESIAN_POINT('',(2.9642E1,-3.1825E1,2.8E-1));
#4578=DIRECTION('',(0.E0,0.E0,1.E0));
#4579=DIRECTION('',(0.E0,-1.E0,0.E0));
#4580=AXIS2_PLACEMENT_3D('',#4577,#4578,#4579);
#4582=DIRECTION('',(0.E0,-1.E0,0.E0));
#4583=VECTOR('',#4582,1.45E0);
#4584=CARTESIAN_POINT('',(2.8727E1,-3.1065E1,2.8E-1));
#4585=LINE('',#4584,#4583);
#4586=DIRECTION('',(0.E0,1.421085471520E-14,1.E0));
#4587=VECTOR('',#4586,2.5E-1);
#4588=CARTESIAN_POINT('',(2.8727E1,-3.1065E1,2.8E-1));
#4589=LINE('',#4588,#4587);
#4590=DIRECTION('',(0.E0,-1.E0,0.E0));
#4591=VECTOR('',#4590,1.45E0);
#4592=CARTESIAN_POINT('',(2.8727E1,-3.1065E1,5.3E-1));
#4593=LINE('',#4592,#4591);
#4594=DIRECTION('',(1.E0,0.E0,0.E0));
#4595=VECTOR('',#4594,1.83E0);
#4596=CARTESIAN_POINT('',(2.8727E1,-3.1065E1,5.3E-1));
#4597=LINE('',#4596,#4595);
#4598=CARTESIAN_POINT('',(2.9642E1,-3.1825E1,5.3E-1));
#4599=DIRECTION('',(0.E0,0.E0,1.E0));
#4600=DIRECTION('',(0.E0,1.E0,0.E0));
#4601=AXIS2_PLACEMENT_3D('',#4598,#4599,#4600);
#4603=CARTESIAN_POINT('',(2.9642E1,-3.1825E1,5.3E-1));
#4604=DIRECTION('',(0.E0,0.E0,1.E0));
#4605=DIRECTION('',(0.E0,-1.E0,0.E0));
#4606=AXIS2_PLACEMENT_3D('',#4603,#4604,#4605);
#4608=DIRECTION('',(1.E0,0.E0,0.E0));
#4609=VECTOR('',#4608,1.83E0);
#4610=CARTESIAN_POINT('',(2.8727E1,-3.2515E1,5.3E-1));
#4611=LINE('',#4610,#4609);
#4612=CARTESIAN_POINT('',(2.8727E1,-3.2515E1,6.6E-1));
#4613=DIRECTION('',(-1.E0,0.E0,0.E0));
#4614=DIRECTION('',(0.E0,0.E0,-1.E0));
#4615=AXIS2_PLACEMENT_3D('',#4612,#4613,#4614);
#4617=DIRECTION('',(0.E0,0.E0,1.E0));
#4618=VECTOR('',#4617,2.5E-1);
#4619=CARTESIAN_POINT('',(2.8727E1,-3.2515E1,2.8E-1));
#4620=LINE('',#4619,#4618);
#4621=CARTESIAN_POINT('',(2.8727E1,-3.2515E1,6.6E-1));
#4622=DIRECTION('',(-1.E0,0.E0,0.E0));
#4623=DIRECTION('',(0.E0,0.E0,-1.E0));
#4624=AXIS2_PLACEMENT_3D('',#4621,#4622,#4623);
#4626=DIRECTION('',(1.E0,0.E0,0.E0));
#4627=VECTOR('',#4626,1.83E0);
#4628=CARTESIAN_POINT('',(2.8727E1,-3.2515E1,2.8E-1));
#4629=LINE('',#4628,#4627);
#4630=DIRECTION('',(-1.E0,-1.268826313857E-14,0.E0));
#4631=VECTOR('',#4630,2.8E-1);
#4632=CARTESIAN_POINT('',(3.0557E1,-3.1065E1,1.04E0));
#4633=LINE('',#4632,#4631);
#4634=DIRECTION('',(1.E0,0.E0,0.E0));
#4635=VECTOR('',#4634,1.83E0);
#4636=CARTESIAN_POINT('',(2.8727E1,-3.2515E1,1.04E0));
#4637=LINE('',#4636,#4635);
#4638=DIRECTION('',(-1.E0,1.268826313857E-14,0.E0));
#4639=VECTOR('',#4638,2.8E-1);
#4640=CARTESIAN_POINT('',(2.9007E1,-3.1065E1,1.04E0));
#4641=LINE('',#4640,#4639);
#4642=DIRECTION('',(0.E0,0.E0,-1.E0));
#4643=VECTOR('',#4642,2.5E-1);
#4644=CARTESIAN_POINT('',(3.0277E1,-3.1065E1,1.04E0));
#4645=LINE('',#4644,#4643);
#4646=DIRECTION('',(0.E0,1.E0,0.E0));
#4647=VECTOR('',#4646,2.5E-1);
#4648=CARTESIAN_POINT('',(3.0277E1,-3.0915E1,1.19E0));
#4649=LINE('',#4648,#4647);
#4650=CARTESIAN_POINT('',(3.0277E1,-3.1065E1,1.19E0));
#4651=DIRECTION('',(-1.E0,0.E0,0.E0));
#4652=DIRECTION('',(0.E0,1.E0,0.E0));
#4653=AXIS2_PLACEMENT_3D('',#4650,#4651,#4652);
#4655=DIRECTION('',(1.E0,0.E0,0.E0));
#4656=VECTOR('',#4655,1.27E0);
#4657=CARTESIAN_POINT('',(2.9007E1,-3.1065E1,1.04E0));
#4658=LINE('',#4657,#4656);
#4659=CARTESIAN_POINT('',(2.9007E1,-3.1065E1,1.19E0));
#4660=DIRECTION('',(-1.E0,0.E0,0.E0));
#4661=DIRECTION('',(0.E0,1.E0,0.E0));
#4662=AXIS2_PLACEMENT_3D('',#4659,#4660,#4661);
#4664=DIRECTION('',(0.E0,0.E0,-1.E0));
#4665=VECTOR('',#4664,2.5E-1);
#4666=CARTESIAN_POINT('',(2.9007E1,-3.1065E1,1.04E0));
#4667=LINE('',#4666,#4665);
#4668=DIRECTION('',(0.E0,0.E0,-1.E0));
#4669=VECTOR('',#4668,2.5E-1);
#4670=CARTESIAN_POINT('',(2.8727E1,-3.1065E1,1.04E0));
#4671=LINE('',#4670,#4669);
#4672=DIRECTION('',(0.E0,1.E0,0.E0));
#4673=VECTOR('',#4672,1.45E0);
#4674=CARTESIAN_POINT('',(2.8727E1,-3.2515E1,1.04E0));
#4675=LINE('',#4674,#4673);
#4676=DIRECTION('',(0.E0,0.E0,-1.E0));
#4677=VECTOR('',#4676,2.5E-1);
#4678=CARTESIAN_POINT('',(2.8727E1,-3.2515E1,1.04E0));
#4679=LINE('',#4678,#4677);
#4680=DIRECTION('',(0.E0,1.E0,0.E0));
#4681=VECTOR('',#4680,1.45E0);
#4682=CARTESIAN_POINT('',(2.8727E1,-3.2515E1,7.9E-1));
#4683=LINE('',#4682,#4681);
#4684=DIRECTION('',(-1.E0,-1.268826313857E-14,0.E0));
#4685=VECTOR('',#4684,2.8E-1);
#4686=CARTESIAN_POINT('',(3.0557E1,-3.1065E1,7.9E-1));
#4687=LINE('',#4686,#4685);
#4688=DIRECTION('',(-1.E0,1.268826313857E-14,0.E0));
#4689=VECTOR('',#4688,2.8E-1);
#4690=CARTESIAN_POINT('',(2.9007E1,-3.1065E1,7.9E-1));
#4691=LINE('',#4690,#4689);
#4692=DIRECTION('',(1.E0,0.E0,0.E0));
#4693=VECTOR('',#4692,1.83E0);
#4694=CARTESIAN_POINT('',(2.8727E1,-3.2515E1,7.9E-1));
#4695=LINE('',#4694,#4693);
#4696=CARTESIAN_POINT('',(3.0277E1,-3.1065E1,1.19E0));
#4697=DIRECTION('',(-1.E0,0.E0,0.E0));
#4698=DIRECTION('',(0.E0,1.E0,0.E0));
#4699=AXIS2_PLACEMENT_3D('',#4696,#4697,#4698);
#4701=CARTESIAN_POINT('',(2.9007E1,-3.1065E1,1.19E0));
#4702=DIRECTION('',(-1.E0,0.E0,0.E0));
#4703=DIRECTION('',(0.E0,1.E0,0.E0));
#4704=AXIS2_PLACEMENT_3D('',#4701,#4702,#4703);
#4706=DIRECTION('',(1.E0,0.E0,0.E0));
#4707=VECTOR('',#4706,1.27E0);
#4708=CARTESIAN_POINT('',(2.9007E1,-3.1065E1,7.9E-1));
#4709=LINE('',#4708,#4707);
#4710=DIRECTION('',(-1.E0,0.E0,0.E0));
#4711=VECTOR('',#4710,4.6E-1);
#4712=CARTESIAN_POINT('',(2.9872E1,-3.0665E1,7.62E0));
#4713=LINE('',#4712,#4711);
#4714=DIRECTION('',(0.E0,0.E0,-1.E0));
#4715=VECTOR('',#4714,3.81E0);
#4716=CARTESIAN_POINT('',(2.9412E1,-3.0665E1,7.62E0));
#4717=LINE('',#4716,#4715);
#4718=DIRECTION('',(-7.071067811865E-1,-1.240566880935E-14,-7.071067811866E-1));
#4719=VECTOR('',#4718,5.727564927611E-1);
#4720=CARTESIAN_POINT('',(2.9412E1,-3.0665E1,3.81E0));
#4721=LINE('',#4720,#4719);
#4722=DIRECTION('',(0.E0,0.E0,1.E0));
#4723=VECTOR('',#4722,2.215E0);
#4724=CARTESIAN_POINT('',(2.9007E1,-3.0665E1,1.19E0));
#4725=LINE('',#4724,#4723);
#4726=DIRECTION('',(1.E0,0.E0,0.E0));
#4727=VECTOR('',#4726,1.27E0);
#4728=CARTESIAN_POINT('',(2.9007E1,-3.0665E1,1.19E0));
#4729=LINE('',#4728,#4727);
#4730=DIRECTION('',(0.E0,0.E0,1.E0));
#4731=VECTOR('',#4730,2.215E0);
#4732=CARTESIAN_POINT('',(3.0277E1,-3.0665E1,1.19E0));
#4733=LINE('',#4732,#4731);
#4734=DIRECTION('',(-7.071067811865E-1,1.240566880935E-14,7.071067811865E-1));
#4735=VECTOR('',#4734,5.727564927611E-1);
#4736=CARTESIAN_POINT('',(3.0277E1,-3.0665E1,3.405E0));
#4737=LINE('',#4736,#4735);
#4738=DIRECTION('',(0.E0,0.E0,-1.E0));
#4739=VECTOR('',#4738,3.81E0);
#4740=CARTESIAN_POINT('',(2.9872E1,-3.0665E1,7.62E0));
#4741=LINE('',#4740,#4739);
#4742=DIRECTION('',(-1.E0,0.E0,0.E0));
#4743=VECTOR('',#4742,4.6E-1);
#4744=CARTESIAN_POINT('',(2.9872E1,-3.0915E1,7.62E0));
#4745=LINE('',#4744,#4743);
#4746=DIRECTION('',(0.E0,0.E0,-1.E0));
#4747=VECTOR('',#4746,3.81E0);
#4748=CARTESIAN_POINT('',(2.9872E1,-3.0915E1,7.62E0));
#4749=LINE('',#4748,#4747);
#4750=DIRECTION('',(-7.071067811865E-1,1.240566880935E-14,7.071067811866E-1));
#4751=VECTOR('',#4750,5.727564927611E-1);
#4752=CARTESIAN_POINT('',(3.0277E1,-3.0915E1,3.405E0));
#4753=LINE('',#4752,#4751);
#4754=DIRECTION('',(0.E0,0.E0,1.E0));
#4755=VECTOR('',#4754,2.215E0);
#4756=CARTESIAN_POINT('',(3.0277E1,-3.0915E1,1.19E0));
#4757=LINE('',#4756,#4755);
#4758=DIRECTION('',(1.E0,0.E0,0.E0));
#4759=VECTOR('',#4758,1.27E0);
#4760=CARTESIAN_POINT('',(2.9007E1,-3.0915E1,1.19E0));
#4761=LINE('',#4760,#4759);
#4762=DIRECTION('',(0.E0,0.E0,1.E0));
#4763=VECTOR('',#4762,2.215E0);
#4764=CARTESIAN_POINT('',(2.9007E1,-3.0915E1,1.19E0));
#4765=LINE('',#4764,#4763);
#4766=DIRECTION('',(-7.071067811865E-1,-1.240566880935E-14,-7.071067811866E-1));
#4767=VECTOR('',#4766,5.727564927611E-1);
#4768=CARTESIAN_POINT('',(2.9412E1,-3.0915E1,3.81E0));
#4769=LINE('',#4768,#4767);
#4770=DIRECTION('',(0.E0,0.E0,-1.E0));
#4771=VECTOR('',#4770,3.81E0);
#4772=CARTESIAN_POINT('',(2.9412E1,-3.0915E1,7.62E0));
#4773=LINE('',#4772,#4771);
#4774=DIRECTION('',(0.E0,-1.E0,0.E0));
#4775=VECTOR('',#4774,2.5E-1);
#4776=CARTESIAN_POINT('',(2.9872E1,-3.0665E1,7.62E0));
#4777=LINE('',#4776,#4775);
#4778=DIRECTION('',(0.E0,1.E0,0.E0));
#4779=VECTOR('',#4778,2.5E-1);
#4780=CARTESIAN_POINT('',(2.9872E1,-3.0915E1,3.81E0));
#4781=LINE('',#4780,#4779);
#4782=DIRECTION('',(0.E0,1.E0,0.E0));
#4783=VECTOR('',#4782,2.5E-1);
#4784=CARTESIAN_POINT('',(3.0277E1,-3.0915E1,3.405E0));
#4785=LINE('',#4784,#4783);
#4786=DIRECTION('',(0.E0,1.E0,0.E0));
#4787=VECTOR('',#4786,2.5E-1);
#4788=CARTESIAN_POINT('',(2.9007E1,-3.0915E1,1.19E0));
#4789=LINE('',#4788,#4787);
#4790=DIRECTION('',(0.E0,1.E0,0.E0));
#4791=VECTOR('',#4790,2.5E-1);
#4792=CARTESIAN_POINT('',(2.9007E1,-3.0915E1,3.405E0));
#4793=LINE('',#4792,#4791);
#4794=DIRECTION('',(0.E0,-1.E0,0.E0));
#4795=VECTOR('',#4794,2.5E-1);
#4796=CARTESIAN_POINT('',(2.9412E1,-3.0665E1,7.62E0));
#4797=LINE('',#4796,#4795);
#4798=DIRECTION('',(0.E0,1.E0,0.E0));
#4799=VECTOR('',#4798,2.5E-1);
#4800=CARTESIAN_POINT('',(2.9412E1,-3.0915E1,3.81E0));
#4801=LINE('',#4800,#4799);
#4802=DIRECTION('',(0.E0,0.E0,-1.E0));
#4803=VECTOR('',#4802,2.5E-1);
#4804=CARTESIAN_POINT('',(3.0557E1,-3.1065E1,1.04E0));
#4805=LINE('',#4804,#4803);
#4806=DIRECTION('',(0.E0,1.E0,0.E0));
#4807=VECTOR('',#4806,1.45E0);
#4808=CARTESIAN_POINT('',(3.0557E1,-3.2515E1,7.9E-1));
#4809=LINE('',#4808,#4807);
#4810=DIRECTION('',(0.E0,1.E0,0.E0));
#4811=VECTOR('',#4810,1.45E0);
#4812=CARTESIAN_POINT('',(3.0557E1,-3.2515E1,1.04E0));
#4813=LINE('',#4812,#4811);
#4814=CARTESIAN_POINT('',(3.0557E1,-3.2515E1,6.6E-1));
#4815=DIRECTION('',(-1.E0,0.E0,0.E0));
#4816=DIRECTION('',(0.E0,0.E0,-1.E0));
#4817=AXIS2_PLACEMENT_3D('',#4814,#4815,#4816);
#4819=DIRECTION('',(0.E0,0.E0,-1.E0));
#4820=VECTOR('',#4819,2.5E-1);
#4821=CARTESIAN_POINT('',(3.0557E1,-3.2515E1,1.04E0));
#4822=LINE('',#4821,#4820);
#4823=CARTESIAN_POINT('',(3.0557E1,-3.2515E1,6.6E-1));
#4824=DIRECTION('',(-1.E0,0.E0,0.E0));
#4825=DIRECTION('',(0.E0,0.E0,-1.E0));
#4826=AXIS2_PLACEMENT_3D('',#4823,#4824,#4825);
#4828=DIRECTION('',(0.E0,-1.736481776669E-1,9.848077530122E-1));
#4829=VECTOR('',#4828,2.843194513280E-1);
#4830=CARTESIAN_POINT('',(2.9642E1,-3.224085353761E1,2.5E-1));
#4831=LINE('',#4830,#4829);
#4832=DIRECTION('',(0.E0,1.736481776670E-1,9.848077530122E-1));
#4833=VECTOR('',#4832,2.843194513280E-1);
#4834=CARTESIAN_POINT('',(2.9642E1,-3.140914646239E1,2.5E-1));
#4835=LINE('',#4834,#4833);
#4836=CARTESIAN_POINT('',(2.9642E1,-3.1825E1,2.5E-1));
#4837=DIRECTION('',(0.E0,0.E0,1.E0));
#4838=DIRECTION('',(0.E0,1.E0,0.E0));
#4839=AXIS2_PLACEMENT_3D('',#4836,#4837,#4838);
#4841=CARTESIAN_POINT('',(2.9642E1,-3.1825E1,2.5E-1));
#4842=DIRECTION('',(0.E0,0.E0,1.E0));
#4843=DIRECTION('',(0.E0,-1.E0,0.E0));
#4844=AXIS2_PLACEMENT_3D('',#4841,#4842,#4843);
#4846=CARTESIAN_POINT('',(2.9642E1,-3.1825E1,1.239527733500E-1));
#4847=DIRECTION('',(0.E0,0.E0,-1.E0));
#4848=DIRECTION('',(0.E0,-1.E0,0.E0));
#4849=AXIS2_PLACEMENT_3D('',#4846,#4847,#4848);
#4851=CARTESIAN_POINT('',(2.9642E1,-3.232476350073E1,1.5E-1));
#4852=DIRECTION('',(-1.E0,0.E0,0.E0));
#4853=DIRECTION('',(0.E0,0.E0,-1.E0));
#4854=AXIS2_PLACEMENT_3D('',#4851,#4852,#4853);
#4856=CARTESIAN_POINT('',(2.9642E1,-3.132523649927E1,1.5E-1));
#4857=DIRECTION('',(1.E0,0.E0,0.E0));
#4858=DIRECTION('',(0.E0,0.E0,-1.E0));
#4859=AXIS2_PLACEMENT_3D('',#4856,#4857,#4858);
#4861=CARTESIAN_POINT('',(2.9642E1,-3.1825E1,1.239527733500E-1));
#4862=DIRECTION('',(0.E0,0.E0,-1.E0));
#4863=DIRECTION('',(0.E0,1.E0,0.E0));
#4864=AXIS2_PLACEMENT_3D('',#4861,#4862,#4863);
#4866=DIRECTION('',(-2.527881755255E-9,-1.736481776670E-1,9.848077530122E-1));
#4867=VECTOR('',#4866,1.584545066625E-1);
#4868=CARTESIAN_POINT('',(2.964200000040E1,-3.247248466367E1,
1.239527733390E-1));
#4869=LINE('',#4868,#4867);
#4870=DIRECTION('',(2.527859334222E-9,1.736481776669E-1,9.848077530122E-1));
#4871=VECTOR('',#4870,1.584545066625E-1);
#4872=CARTESIAN_POINT('',(2.964199999960E1,-3.117751533633E1,
1.239527733390E-1));
#4873=LINE('',#4872,#4871);
#4874=DIRECTION('',(0.E0,0.E0,1.E0));
#4875=VECTOR('',#4874,1.351570795286E0);
#4876=CARTESIAN_POINT('',(3.0557E1,-3.0915E1,-1.221570795286E0));
#4877=LINE('',#4876,#4875);
#4878=DIRECTION('',(0.E0,1.E0,0.E0));
#4879=VECTOR('',#4878,2.5E-1);
#4880=CARTESIAN_POINT('',(3.0557E1,-3.0915E1,1.3E-1));
#4881=LINE('',#4880,#4879);
#4882=DIRECTION('',(0.E0,0.E0,1.E0));
#4883=VECTOR('',#4882,1.351570795286E0);
#4884=CARTESIAN_POINT('',(3.0557E1,-3.0665E1,-1.221570795286E0));
#4885=LINE('',#4884,#4883);
#4886=CARTESIAN_POINT('',(2.9642E1,-3.222399561457E1,-1.229812170394E0));
#4887=DIRECTION('',(0.E0,8.715574274767E-2,9.961946980917E-1));
#4888=DIRECTION('',(1.E0,0.E0,0.E0));
#4889=AXIS2_PLACEMENT_3D('',#4886,#4887,#4888);
#4891=DIRECTION('',(-1.736481776671E-1,-8.583165118099E-2,-9.810602621901E-1));
#4892=VECTOR('',#4891,4.140591101025E-2);
#4893=CARTESIAN_POINT('',(2.898441515320E1,-3.222399561457E1,
-1.229812170394E0));
#4894=LINE('',#4893,#4892);
#4895=CARTESIAN_POINT('',(2.932909786675E1,-4.244670733288E1,
-1.290357758269E0));
#4896=DIRECTION('',(5.258772063643E-11,-9.961946980917E-1,-8.715574274767E-2));
#4897=DIRECTION('',(-6.171142002199E-1,-6.858055317248E-2,7.838793093414E-1));
#4898=AXIS2_PLACEMENT_3D('',#4895,#4896,#4897);
#4900=CARTESIAN_POINT('',(2.995490213325E1,-4.244670733285E1,
-1.290357758267E0));
#4901=DIRECTION('',(-5.260502363574E-11,9.961946980917E-1,8.715574274767E-2));
#4902=DIRECTION('',(6.171142002376E-1,-6.858055310661E-2,7.838793093332E-1));
#4903=AXIS2_PLACEMENT_3D('',#4900,#4901,#4902);
#4905=CARTESIAN_POINT('',(2.9642E1,-4.245200438543E1,-1.229812170394E0));
#4906=DIRECTION('',(0.E0,-8.715574274767E-2,9.961946980917E-1));
#4907=DIRECTION('',(1.E0,0.E0,0.E0));
#4908=AXIS2_PLACEMENT_3D('',#4905,#4906,#4907);
#4910=DIRECTION('',(-1.736481776671E-1,8.583165117396E-2,-9.810602621907E-1));
#4911=VECTOR('',#4910,4.140591101025E-2);
#4912=CARTESIAN_POINT('',(2.898441515320E1,-4.245200438543E1,
-1.229812170394E0));
#4913=LINE('',#4912,#4911);
#4914=DIRECTION('',(-1.E0,0.E0,0.E0));
#4915=VECTOR('',#4914,1.83E0);
#4916=CARTESIAN_POINT('',(3.0557E1,-4.1781E1,-1.212039516665E0));
#4917=LINE('',#4916,#4915);
#4918=CARTESIAN_POINT('',(2.9642E1,-4.244845044772E1,-1.270433864306E0));
#4919=DIRECTION('',(0.E0,8.715574274767E-2,-9.961946980917E-1));
#4920=DIRECTION('',(1.E0,0.E0,0.E0));
#4921=AXIS2_PLACEMENT_3D('',#4918,#4919,#4920);
#4923=CARTESIAN_POINT('',(2.9642E1,-4.244845044772E1,-1.270433864306E0));
#4924=DIRECTION('',(0.E0,8.715574274767E-2,-9.961946980917E-1));
#4925=DIRECTION('',(-1.E0,0.E0,0.E0));
#4926=AXIS2_PLACEMENT_3D('',#4923,#4924,#4925);
#4928=DIRECTION('',(0.E0,-9.961946980917E-1,-8.715574274767E-2));
#4929=VECTOR('',#4928,1.823867003175E0);
#4930=CARTESIAN_POINT('',(3.0557E1,-4.1781E1,-1.212039516665E0));
#4931=LINE('',#4930,#4929);
#4932=DIRECTION('',(0.E0,8.715574274765E-2,-9.961946980917E-1));
#4933=VECTOR('',#4932,2.5E-1);
#4934=CARTESIAN_POINT('',(3.0557E1,-4.1781E1,-1.212039516665E0));
#4935=LINE('',#4934,#4933);
#4936=DIRECTION('',(0.E0,-9.961946980917E-1,-8.715574274767E-2));
#4937=VECTOR('',#4936,1.823867003175E0);
#4938=CARTESIAN_POINT('',(3.0557E1,-4.175921106431E1,-1.461088191188E0));
#4939=LINE('',#4938,#4937);
#4940=DIRECTION('',(0.E0,8.715574274765E-2,-9.961946980917E-1));
#4941=VECTOR('',#4940,2.5E-1);
#4942=CARTESIAN_POINT('',(2.8727E1,-4.1781E1,-1.212039516665E0));
#4943=LINE('',#4942,#4941);
#4944=DIRECTION('',(0.E0,-9.961946980917E-1,-8.715574274767E-2));
#4945=VECTOR('',#4944,1.823867003175E0);
#4946=CARTESIAN_POINT('',(2.8727E1,-4.1781E1,-1.212039516665E0));
#4947=LINE('',#4946,#4945);
#4948=DIRECTION('',(0.E0,8.715574274765E-2,-9.961946980917E-1));
#4949=VECTOR('',#4948,2.5E-1);
#4950=CARTESIAN_POINT('',(2.8727E1,-4.359792663859E1,-1.371E0));
#4951=LINE('',#4950,#4949);
#4952=DIRECTION('',(0.E0,-9.961946980917E-1,-8.715574274767E-2));
#4953=VECTOR('',#4952,1.823867003175E0);
#4954=CARTESIAN_POINT('',(2.8727E1,-4.175921106431E1,-1.461088191188E0));
#4955=LINE('',#4954,#4953);
#4956=CARTESIAN_POINT('',(2.8727E1,-4.3611E1,-1.221570795286E0));
#4957=DIRECTION('',(-1.E0,0.E0,0.E0));
#4958=DIRECTION('',(0.E0,8.715574274765E-2,-9.961946980917E-1));
#4959=AXIS2_PLACEMENT_3D('',#4956,#4957,#4958);
#4961=DIRECTION('',(0.E0,-1.E0,0.E0));
#4962=VECTOR('',#4961,2.5E-1);
#4963=CARTESIAN_POINT('',(2.8727E1,-4.3761E1,-1.221570795286E0));
#4964=LINE('',#4963,#4962);
#4965=CARTESIAN_POINT('',(2.8727E1,-4.3611E1,-1.221570795286E0));
#4966=DIRECTION('',(-1.E0,0.E0,0.E0));
#4967=DIRECTION('',(0.E0,8.715574274767E-2,-9.961946980917E-1));
#4968=AXIS2_PLACEMENT_3D('',#4965,#4966,#4967);
#4970=DIRECTION('',(-1.E0,0.E0,0.E0));
#4971=VECTOR('',#4970,1.83E0);
#4972=CARTESIAN_POINT('',(3.0557E1,-4.359792663859E1,-1.371E0));
#4973=LINE('',#4972,#4971);
#4974=CARTESIAN_POINT('',(3.0557E1,-4.3611E1,-1.221570795286E0));
#4975=DIRECTION('',(-1.E0,0.E0,0.E0));
#4976=DIRECTION('',(0.E0,8.715574274765E-2,-9.961946980917E-1));
#4977=AXIS2_PLACEMENT_3D('',#4974,#4975,#4976);
#4979=DIRECTION('',(0.E0,8.715574274766E-2,-9.961946980917E-1));
#4980=VECTOR('',#4979,2.5E-1);
#4981=CARTESIAN_POINT('',(3.0557E1,-4.359792663859E1,-1.371E0));
#4982=LINE('',#4981,#4980);
#4983=CARTESIAN_POINT('',(3.0557E1,-4.3611E1,-1.221570795286E0));
#4984=DIRECTION('',(-1.E0,0.E0,0.E0));
#4985=DIRECTION('',(0.E0,8.715574274767E-2,-9.961946980917E-1));
#4986=AXIS2_PLACEMENT_3D('',#4983,#4984,#4985);
#4988=DIRECTION('',(-1.E0,0.E0,0.E0));
#4989=VECTOR('',#4988,1.83E0);
#4990=CARTESIAN_POINT('',(3.0557E1,-4.357613770290E1,-1.620048674523E0));
#4991=LINE('',#4990,#4989);
#4992=DIRECTION('',(-1.E0,0.E0,0.E0));
#4993=VECTOR('',#4992,1.83E0);
#4994=CARTESIAN_POINT('',(3.0557E1,-4.175921106431E1,-1.461088191188E0));
#4995=LINE('',#4994,#4993);
#4996=CARTESIAN_POINT('',(2.9642E1,-4.242666151203E1,-1.519482538829E0));
#4997=DIRECTION('',(0.E0,8.715574274767E-2,-9.961946980917E-1));
#4998=DIRECTION('',(1.E0,0.E0,0.E0));
#4999=AXIS2_PLACEMENT_3D('',#4996,#4997,#4998);
#5001=CARTESIAN_POINT('',(2.9642E1,-4.242666151203E1,-1.519482538829E0));
#5002=DIRECTION('',(0.E0,8.715574274767E-2,-9.961946980917E-1));
#5003=DIRECTION('',(-1.E0,0.E0,0.E0));
#5004=AXIS2_PLACEMENT_3D('',#5001,#5002,#5003);
#5006=DIRECTION('',(1.736481776669E-1,8.583165117783E-2,-9.810602621904E-1));
#5007=VECTOR('',#5006,2.511808188046E-1);
#5008=CARTESIAN_POINT('',(3.005338290855E1,-4.244822077646E1,
-1.273059018876E0));
#5009=LINE('',#5008,#5007);
#5010=CARTESIAN_POINT('',(2.9642E1,-4.244822077646E1,-1.273059018876E0));
#5011=DIRECTION('',(0.E0,-8.715574274767E-2,9.961946980917E-1));
#5012=DIRECTION('',(-1.E0,0.E0,0.E0));
#5013=AXIS2_PLACEMENT_3D('',#5010,#5011,#5012);
#5015=DIRECTION('',(-1.736481776670E-1,8.583165117706E-2,-9.810602621904E-1));
#5016=VECTOR('',#5015,2.511808188046E-1);
#5017=CARTESIAN_POINT('',(2.923061709145E1,-4.244822077646E1,
-1.273059018876E0));
#5018=LINE('',#5017,#5016);
#5019=CARTESIAN_POINT('',(2.9642E1,-4.244822077646E1,-1.273059018876E0));
#5020=DIRECTION('',(0.E0,-8.715574274767E-2,9.961946980917E-1));
#5021=DIRECTION('',(1.E0,0.E0,0.E0));
#5022=AXIS2_PLACEMENT_3D('',#5019,#5020,#5021);
#5024=CARTESIAN_POINT('',(2.995490213325E1,-4.244670733287E1,
-1.290357758268E0));
#5025=DIRECTION('',(0.E0,9.961946980917E-1,8.715574274767E-2));
#5026=DIRECTION('',(0.E0,-8.715574274767E-2,9.961946980917E-1));
#5027=AXIS2_PLACEMENT_3D('',#5024,#5025,#5026);
#5029=CARTESIAN_POINT('',(2.9642E1,-4.245542290714E1,-1.190738288459E0));
#5030=DIRECTION('',(0.E0,-8.715574274767E-2,9.961946980917E-1));
#5031=DIRECTION('',(1.E0,0.E0,0.E0));
#5032=AXIS2_PLACEMENT_3D('',#5029,#5030,#5031);
#5034=CARTESIAN_POINT('',(2.9642E1,-4.245542290714E1,-1.190738288459E0));
#5035=DIRECTION('',(0.E0,-8.715574274767E-2,9.961946980917E-1));
#5036=DIRECTION('',(-1.E0,0.E0,0.E0));
#5037=AXIS2_PLACEMENT_3D('',#5034,#5035,#5036);
#5039=CARTESIAN_POINT('',(2.932909786675E1,-4.244670733287E1,
-1.290357758268E0));
#5040=DIRECTION('',(0.E0,-9.961946980917E-1,-8.715574274767E-2));
#5041=DIRECTION('',(0.E0,-8.715574274767E-2,9.961946980917E-1));
#5042=AXIS2_PLACEMENT_3D('',#5039,#5040,#5041);
#5044=DIRECTION('',(-1.E0,0.E0,0.E0));
#5045=VECTOR('',#5044,1.83E0);
#5046=CARTESIAN_POINT('',(3.0557E1,-4.4011E1,-1.221570795286E0));
#5047=LINE('',#5046,#5045);
#5048=DIRECTION('',(0.E0,0.E0,1.E0));
#5049=VECTOR('',#5048,1.351570795286E0);
#5050=CARTESIAN_POINT('',(3.0557E1,-4.3761E1,-1.221570795286E0));
#5051=LINE('',#5050,#5049);
#5052=DIRECTION('',(0.E0,-1.E0,0.E0));
#5053=VECTOR('',#5052,2.5E-1);
#5054=CARTESIAN_POINT('',(3.0557E1,-4.3761E1,-1.221570795286E0));
#5055=LINE('',#5054,#5053);
#5056=DIRECTION('',(0.E0,0.E0,1.E0));
#5057=VECTOR('',#5056,1.351570795286E0);
#5058=CARTESIAN_POINT('',(3.0557E1,-4.4011E1,-1.221570795286E0));
#5059=LINE('',#5058,#5057);
#5060=DIRECTION('',(-1.E0,0.E0,0.E0));
#5061=VECTOR('',#5060,1.83E0);
#5062=CARTESIAN_POINT('',(3.0557E1,-4.3761E1,-1.221570795286E0));
#5063=LINE('',#5062,#5061);
#5064=DIRECTION('',(-1.E0,0.E0,0.E0));
#5065=VECTOR('',#5064,1.83E0);
#5066=CARTESIAN_POINT('',(3.0557E1,-4.3761E1,1.3E-1));
#5067=LINE('',#5066,#5065);
#5068=CARTESIAN_POINT('',(3.0557E1,-4.3611E1,1.3E-1));
#5069=DIRECTION('',(-1.E0,0.E0,0.E0));
#5070=DIRECTION('',(0.E0,-1.E0,0.E0));
#5071=AXIS2_PLACEMENT_3D('',#5068,#5069,#5070);
#5073=DIRECTION('',(0.E0,-1.E0,0.E0));
#5074=VECTOR('',#5073,2.5E-1);
#5075=CARTESIAN_POINT('',(3.0557E1,-4.3761E1,1.3E-1));
#5076=LINE('',#5075,#5074);
#5077=CARTESIAN_POINT('',(3.0557E1,-4.3611E1,1.3E-1));
#5078=DIRECTION('',(-1.E0,0.E0,0.E0));
#5079=DIRECTION('',(0.E0,-1.E0,0.E0));
#5080=AXIS2_PLACEMENT_3D('',#5077,#5078,#5079);
#5082=DIRECTION('',(-1.E0,0.E0,0.E0));
#5083=VECTOR('',#5082,1.83E0);
#5084=CARTESIAN_POINT('',(3.0557E1,-4.4011E1,1.3E-1));
#5085=LINE('',#5084,#5083);
#5086=CARTESIAN_POINT('',(2.8727E1,-4.3611E1,1.3E-1));
#5087=DIRECTION('',(-1.E0,0.E0,0.E0));
#5088=DIRECTION('',(0.E0,-1.E0,0.E0));
#5089=AXIS2_PLACEMENT_3D('',#5086,#5087,#5088);
#5091=DIRECTION('',(0.E0,0.E0,1.E0));
#5092=VECTOR('',#5091,2.5E-1);
#5093=CARTESIAN_POINT('',(2.8727E1,-4.3611E1,2.8E-1));
#5094=LINE('',#5093,#5092);
#5095=CARTESIAN_POINT('',(2.8727E1,-4.3611E1,1.3E-1));
#5096=DIRECTION('',(-1.E0,0.E0,0.E0));
#5097=DIRECTION('',(0.E0,-1.E0,0.E0));
#5098=AXIS2_PLACEMENT_3D('',#5095,#5096,#5097);
#5100=DIRECTION('',(0.E0,1.E0,0.E0));
#5101=VECTOR('',#5100,1.45E0);
#5102=CARTESIAN_POINT('',(2.8727E1,-4.3611E1,2.8E-1));
#5103=LINE('',#5102,#5101);
#5104=DIRECTION('',(0.E0,0.E0,1.E0));
#5105=VECTOR('',#5104,2.5E-1);
#5106=CARTESIAN_POINT('',(2.8727E1,-4.2161E1,2.8E-1));
#5107=LINE('',#5106,#5105);
#5108=DIRECTION('',(0.E0,1.E0,0.E0));
#5109=VECTOR('',#5108,1.45E0);
#5110=CARTESIAN_POINT('',(2.8727E1,-4.3611E1,5.3E-1));
#5111=LINE('',#5110,#5109);
#5112=DIRECTION('',(-1.E0,0.E0,0.E0));
#5113=VECTOR('',#5112,1.83E0);
#5114=CARTESIAN_POINT('',(3.0557E1,-4.3611E1,2.8E-1));
#5115=LINE('',#5114,#5113);
#5116=CARTESIAN_POINT('',(2.9642E1,-4.2851E1,2.8E-1));
#5117=DIRECTION('',(0.E0,0.E0,1.E0));
#5118=DIRECTION('',(0.E0,-1.E0,0.E0));
#5119=AXIS2_PLACEMENT_3D('',#5116,#5117,#5118);
#5121=CARTESIAN_POINT('',(2.9642E1,-4.2851E1,2.8E-1));
#5122=DIRECTION('',(0.E0,0.E0,1.E0));
#5123=DIRECTION('',(0.E0,1.E0,0.E0));
#5124=AXIS2_PLACEMENT_3D('',#5121,#5122,#5123);
#5126=DIRECTION('',(0.E0,1.E0,0.E0));
#5127=VECTOR('',#5126,1.45E0);
#5128=CARTESIAN_POINT('',(3.0557E1,-4.3611E1,2.8E-1));
#5129=LINE('',#5128,#5127);
#5130=DIRECTION('',(0.E0,0.E0,1.E0));
#5131=VECTOR('',#5130,2.5E-1);
#5132=CARTESIAN_POINT('',(3.0557E1,-4.3611E1,2.8E-1));
#5133=LINE('',#5132,#5131);
#5134=DIRECTION('',(0.E0,1.E0,0.E0));
#5135=VECTOR('',#5134,1.45E0);
#5136=CARTESIAN_POINT('',(3.0557E1,-4.3611E1,5.3E-1));
#5137=LINE('',#5136,#5135);
#5138=DIRECTION('',(-1.E0,0.E0,0.E0));
#5139=VECTOR('',#5138,1.83E0);
#5140=CARTESIAN_POINT('',(3.0557E1,-4.3611E1,5.3E-1));
#5141=LINE('',#5140,#5139);
#5142=CARTESIAN_POINT('',(2.9642E1,-4.2851E1,5.3E-1));
#5143=DIRECTION('',(0.E0,0.E0,1.E0));
#5144=DIRECTION('',(0.E0,-1.E0,0.E0));
#5145=AXIS2_PLACEMENT_3D('',#5142,#5143,#5144);
#5147=CARTESIAN_POINT('',(2.9642E1,-4.2851E1,5.3E-1));
#5148=DIRECTION('',(0.E0,0.E0,1.E0));
#5149=DIRECTION('',(0.E0,1.E0,0.E0));
#5150=AXIS2_PLACEMENT_3D('',#5147,#5148,#5149);
#5152=DIRECTION('',(-1.E0,0.E0,0.E0));
#5153=VECTOR('',#5152,1.83E0);
#5154=CARTESIAN_POINT('',(3.0557E1,-4.2161E1,5.3E-1));
#5155=LINE('',#5154,#5153);
#5156=CARTESIAN_POINT('',(3.0557E1,-4.2161E1,6.6E-1));
#5157=DIRECTION('',(1.E0,0.E0,0.E0));
#5158=DIRECTION('',(0.E0,0.E0,-1.E0));
#5159=AXIS2_PLACEMENT_3D('',#5156,#5157,#5158);
#5161=DIRECTION('',(0.E0,0.E0,1.E0));
#5162=VECTOR('',#5161,2.5E-1);
#5163=CARTESIAN_POINT('',(3.0557E1,-4.2161E1,2.8E-1));
#5164=LINE('',#5163,#5162);
#5165=CARTESIAN_POINT('',(3.0557E1,-4.2161E1,6.6E-1));
#5166=DIRECTION('',(1.E0,0.E0,0.E0));
#5167=DIRECTION('',(0.E0,0.E0,-1.E0));
#5168=AXIS2_PLACEMENT_3D('',#5165,#5166,#5167);
#5170=DIRECTION('',(-1.E0,0.E0,0.E0));
#5171=VECTOR('',#5170,1.83E0);
#5172=CARTESIAN_POINT('',(3.0557E1,-4.2161E1,2.8E-1));
#5173=LINE('',#5172,#5171);
#5174=DIRECTION('',(1.E0,0.E0,0.E0));
#5175=VECTOR('',#5174,2.8E-1);
#5176=CARTESIAN_POINT('',(2.8727E1,-4.3611E1,1.04E0));
#5177=LINE('',#5176,#5175);
#5178=DIRECTION('',(-1.E0,0.E0,0.E0));
#5179=VECTOR('',#5178,1.83E0);
#5180=CARTESIAN_POINT('',(3.0557E1,-4.2161E1,1.04E0));
#5181=LINE('',#5180,#5179);
#5182=DIRECTION('',(1.E0,0.E0,0.E0));
#5183=VECTOR('',#5182,2.8E-1);
#5184=CARTESIAN_POINT('',(3.0277E1,-4.3611E1,1.04E0));
#5185=LINE('',#5184,#5183);
#5186=DIRECTION('',(0.E0,0.E0,-1.E0));
#5187=VECTOR('',#5186,2.5E-1);
#5188=CARTESIAN_POINT('',(2.9007E1,-4.3611E1,1.04E0));
#5189=LINE('',#5188,#5187);
#5190=DIRECTION('',(0.E0,-1.E0,0.E0));
#5191=VECTOR('',#5190,2.5E-1);
#5192=CARTESIAN_POINT('',(2.9007E1,-4.3761E1,1.19E0));
#5193=LINE('',#5192,#5191);
#5194=CARTESIAN_POINT('',(2.9007E1,-4.3611E1,1.19E0));
#5195=DIRECTION('',(1.E0,0.E0,0.E0));
#5196=DIRECTION('',(0.E0,-1.E0,0.E0));
#5197=AXIS2_PLACEMENT_3D('',#5194,#5195,#5196);
#5199=DIRECTION('',(-1.E0,0.E0,0.E0));
#5200=VECTOR('',#5199,1.27E0);
#5201=CARTESIAN_POINT('',(3.0277E1,-4.3611E1,1.04E0));
#5202=LINE('',#5201,#5200);
#5203=CARTESIAN_POINT('',(3.0277E1,-4.3611E1,1.19E0));
#5204=DIRECTION('',(1.E0,0.E0,0.E0));
#5205=DIRECTION('',(0.E0,-1.E0,0.E0));
#5206=AXIS2_PLACEMENT_3D('',#5203,#5204,#5205);
#5208=DIRECTION('',(-1.421085471520E-14,0.E0,-1.E0));
#5209=VECTOR('',#5208,2.5E-1);
#5210=CARTESIAN_POINT('',(3.0277E1,-4.3611E1,1.04E0));
#5211=LINE('',#5210,#5209);
#5212=DIRECTION('',(0.E0,0.E0,-1.E0));
#5213=VECTOR('',#5212,2.5E-1);
#5214=CARTESIAN_POINT('',(3.0557E1,-4.3611E1,1.04E0));
#5215=LINE('',#5214,#5213);
#5216=DIRECTION('',(0.E0,-1.E0,0.E0));
#5217=VECTOR('',#5216,1.45E0);
#5218=CARTESIAN_POINT('',(3.0557E1,-4.2161E1,1.04E0));
#5219=LINE('',#5218,#5217);
#5220=DIRECTION('',(0.E0,0.E0,-1.E0));
#5221=VECTOR('',#5220,2.5E-1);
#5222=CARTESIAN_POINT('',(3.0557E1,-4.2161E1,1.04E0));
#5223=LINE('',#5222,#5221);
#5224=DIRECTION('',(0.E0,-1.E0,0.E0));
#5225=VECTOR('',#5224,1.45E0);
#5226=CARTESIAN_POINT('',(3.0557E1,-4.2161E1,7.9E-1));
#5227=LINE('',#5226,#5225);
#5228=DIRECTION('',(1.E0,0.E0,0.E0));
#5229=VECTOR('',#5228,2.8E-1);
#5230=CARTESIAN_POINT('',(2.8727E1,-4.3611E1,7.9E-1));
#5231=LINE('',#5230,#5229);
#5232=DIRECTION('',(1.E0,0.E0,0.E0));
#5233=VECTOR('',#5232,2.8E-1);
#5234=CARTESIAN_POINT('',(3.0277E1,-4.3611E1,7.9E-1));
#5235=LINE('',#5234,#5233);
#5236=DIRECTION('',(-1.E0,0.E0,0.E0));
#5237=VECTOR('',#5236,1.83E0);
#5238=CARTESIAN_POINT('',(3.0557E1,-4.2161E1,7.9E-1));
#5239=LINE('',#5238,#5237);
#5240=CARTESIAN_POINT('',(2.9007E1,-4.3611E1,1.19E0));
#5241=DIRECTION('',(1.E0,0.E0,0.E0));
#5242=DIRECTION('',(0.E0,-1.E0,0.E0));
#5243=AXIS2_PLACEMENT_3D('',#5240,#5241,#5242);
#5245=CARTESIAN_POINT('',(3.0277E1,-4.3611E1,1.19E0));
#5246=DIRECTION('',(1.E0,0.E0,0.E0));
#5247=DIRECTION('',(0.E0,-1.E0,0.E0));
#5248=AXIS2_PLACEMENT_3D('',#5245,#5246,#5247);
#5250=DIRECTION('',(-1.E0,0.E0,0.E0));
#5251=VECTOR('',#5250,1.27E0);
#5252=CARTESIAN_POINT('',(3.0277E1,-4.3611E1,7.9E-1));
#5253=LINE('',#5252,#5251);
#5254=DIRECTION('',(1.E0,0.E0,0.E0));
#5255=VECTOR('',#5254,4.6E-1);
#5256=CARTESIAN_POINT('',(2.9412E1,-4.4011E1,7.62E0));
#5257=LINE('',#5256,#5255);
#5258=DIRECTION('',(0.E0,0.E0,-1.E0));
#5259=VECTOR('',#5258,3.81E0);
#5260=CARTESIAN_POINT('',(2.9872E1,-4.4011E1,7.62E0));
#5261=LINE('',#5260,#5259);
#5262=DIRECTION('',(7.071067811865E-1,0.E0,-7.071067811866E-1));
#5263=VECTOR('',#5262,5.727564927611E-1);
#5264=CARTESIAN_POINT('',(2.9872E1,-4.4011E1,3.81E0));
#5265=LINE('',#5264,#5263);
#5266=DIRECTION('',(0.E0,0.E0,1.E0));
#5267=VECTOR('',#5266,2.215E0);
#5268=CARTESIAN_POINT('',(3.0277E1,-4.4011E1,1.19E0));
#5269=LINE('',#5268,#5267);
#5270=DIRECTION('',(-1.E0,0.E0,0.E0));
#5271=VECTOR('',#5270,1.27E0);
#5272=CARTESIAN_POINT('',(3.0277E1,-4.4011E1,1.19E0));
#5273=LINE('',#5272,#5271);
#5274=DIRECTION('',(0.E0,0.E0,1.E0));
#5275=VECTOR('',#5274,2.215E0);
#5276=CARTESIAN_POINT('',(2.9007E1,-4.4011E1,1.19E0));
#5277=LINE('',#5276,#5275);
#5278=DIRECTION('',(7.071067811865E-1,0.E0,7.071067811866E-1));
#5279=VECTOR('',#5278,5.727564927611E-1);
#5280=CARTESIAN_POINT('',(2.9007E1,-4.4011E1,3.405E0));
#5281=LINE('',#5280,#5279);
#5282=DIRECTION('',(0.E0,0.E0,-1.E0));
#5283=VECTOR('',#5282,3.81E0);
#5284=CARTESIAN_POINT('',(2.9412E1,-4.4011E1,7.62E0));
#5285=LINE('',#5284,#5283);
#5286=DIRECTION('',(1.E0,0.E0,0.E0));
#5287=VECTOR('',#5286,4.6E-1);
#5288=CARTESIAN_POINT('',(2.9412E1,-4.3761E1,7.62E0));
#5289=LINE('',#5288,#5287);
#5290=DIRECTION('',(0.E0,0.E0,-1.E0));
#5291=VECTOR('',#5290,3.81E0);
#5292=CARTESIAN_POINT('',(2.9412E1,-4.3761E1,7.62E0));
#5293=LINE('',#5292,#5291);
#5294=DIRECTION('',(7.071067811865E-1,0.E0,7.071067811866E-1));
#5295=VECTOR('',#5294,5.727564927611E-1);
#5296=CARTESIAN_POINT('',(2.9007E1,-4.3761E1,3.405E0));
#5297=LINE('',#5296,#5295);
#5298=DIRECTION('',(0.E0,0.E0,1.E0));
#5299=VECTOR('',#5298,2.215E0);
#5300=CARTESIAN_POINT('',(2.9007E1,-4.3761E1,1.19E0));
#5301=LINE('',#5300,#5299);
#5302=DIRECTION('',(-1.E0,0.E0,0.E0));
#5303=VECTOR('',#5302,1.27E0);
#5304=CARTESIAN_POINT('',(3.0277E1,-4.3761E1,1.19E0));
#5305=LINE('',#5304,#5303);
#5306=DIRECTION('',(0.E0,0.E0,1.E0));
#5307=VECTOR('',#5306,2.215E0);
#5308=CARTESIAN_POINT('',(3.0277E1,-4.3761E1,1.19E0));
#5309=LINE('',#5308,#5307);
#5310=DIRECTION('',(7.071067811865E-1,0.E0,-7.071067811866E-1));
#5311=VECTOR('',#5310,5.727564927611E-1);
#5312=CARTESIAN_POINT('',(2.9872E1,-4.3761E1,3.81E0));
#5313=LINE('',#5312,#5311);
#5314=DIRECTION('',(0.E0,0.E0,-1.E0));
#5315=VECTOR('',#5314,3.81E0);
#5316=CARTESIAN_POINT('',(2.9872E1,-4.3761E1,7.62E0));
#5317=LINE('',#5316,#5315);
#5318=DIRECTION('',(0.E0,1.E0,0.E0));
#5319=VECTOR('',#5318,2.5E-1);
#5320=CARTESIAN_POINT('',(2.9412E1,-4.4011E1,7.62E0));
#5321=LINE('',#5320,#5319);
#5322=DIRECTION('',(0.E0,-1.E0,0.E0));
#5323=VECTOR('',#5322,2.5E-1);
#5324=CARTESIAN_POINT('',(2.9412E1,-4.3761E1,3.81E0));
#5325=LINE('',#5324,#5323);
#5326=DIRECTION('',(0.E0,-1.E0,0.E0));
#5327=VECTOR('',#5326,2.5E-1);
#5328=CARTESIAN_POINT('',(2.9007E1,-4.3761E1,3.405E0));
#5329=LINE('',#5328,#5327);
#5330=DIRECTION('',(0.E0,-1.E0,0.E0));
#5331=VECTOR('',#5330,2.5E-1);
#5332=CARTESIAN_POINT('',(3.0277E1,-4.3761E1,1.19E0));
#5333=LINE('',#5332,#5331);
#5334=DIRECTION('',(2.842170943040E-14,-1.E0,0.E0));
#5335=VECTOR('',#5334,2.5E-1);
#5336=CARTESIAN_POINT('',(3.0277E1,-4.3761E1,3.405E0));
#5337=LINE('',#5336,#5335);
#5338=DIRECTION('',(0.E0,1.E0,0.E0));
#5339=VECTOR('',#5338,2.5E-1);
#5340=CARTESIAN_POINT('',(2.9872E1,-4.4011E1,7.62E0));
#5341=LINE('',#5340,#5339);
#5342=DIRECTION('',(0.E0,-1.E0,0.E0));
#5343=VECTOR('',#5342,2.5E-1);
#5344=CARTESIAN_POINT('',(2.9872E1,-4.3761E1,3.81E0));
#5345=LINE('',#5344,#5343);
#5346=DIRECTION('',(0.E0,0.E0,-1.E0));
#5347=VECTOR('',#5346,2.5E-1);
#5348=CARTESIAN_POINT('',(2.8727E1,-4.3611E1,1.04E0));
#5349=LINE('',#5348,#5347);
#5350=DIRECTION('',(0.E0,-1.E0,0.E0));
#5351=VECTOR('',#5350,1.45E0);
#5352=CARTESIAN_POINT('',(2.8727E1,-4.2161E1,7.9E-1));
#5353=LINE('',#5352,#5351);
#5354=DIRECTION('',(0.E0,-1.E0,0.E0));
#5355=VECTOR('',#5354,1.45E0);
#5356=CARTESIAN_POINT('',(2.8727E1,-4.2161E1,1.04E0));
#5357=LINE('',#5356,#5355);
#5358=CARTESIAN_POINT('',(2.8727E1,-4.2161E1,6.6E-1));
#5359=DIRECTION('',(1.E0,0.E0,0.E0));
#5360=DIRECTION('',(0.E0,0.E0,-1.E0));
#5361=AXIS2_PLACEMENT_3D('',#5358,#5359,#5360);
#5363=DIRECTION('',(0.E0,0.E0,-1.E0));
#5364=VECTOR('',#5363,2.5E-1);
#5365=CARTESIAN_POINT('',(2.8727E1,-4.2161E1,1.04E0));
#5366=LINE('',#5365,#5364);
#5367=CARTESIAN_POINT('',(2.8727E1,-4.2161E1,6.6E-1));
#5368=DIRECTION('',(1.E0,0.E0,0.E0));
#5369=DIRECTION('',(0.E0,0.E0,-1.E0));
#5370=AXIS2_PLACEMENT_3D('',#5367,#5368,#5369);
#5372=DIRECTION('',(0.E0,1.736481776669E-1,9.848077530122E-1));
#5373=VECTOR('',#5372,2.843194513280E-1);
#5374=CARTESIAN_POINT('',(2.9642E1,-4.243514646239E1,2.5E-1));
#5375=LINE('',#5374,#5373);
#5376=DIRECTION('',(0.E0,-1.736481776670E-1,9.848077530122E-1));
#5377=VECTOR('',#5376,2.843194513280E-1);
#5378=CARTESIAN_POINT('',(2.9642E1,-4.326685353761E1,2.5E-1));
#5379=LINE('',#5378,#5377);
#5380=CARTESIAN_POINT('',(2.9642E1,-4.2851E1,2.5E-1));
#5381=DIRECTION('',(0.E0,0.E0,1.E0));
#5382=DIRECTION('',(0.E0,-1.E0,0.E0));
#5383=AXIS2_PLACEMENT_3D('',#5380,#5381,#5382);
#5385=CARTESIAN_POINT('',(2.9642E1,-4.2851E1,2.5E-1));
#5386=DIRECTION('',(0.E0,0.E0,1.E0));
#5387=DIRECTION('',(0.E0,1.E0,0.E0));
#5388=AXIS2_PLACEMENT_3D('',#5385,#5386,#5387);
#5390=CARTESIAN_POINT('',(2.9642E1,-4.2851E1,1.239527733500E-1));
#5391=DIRECTION('',(0.E0,0.E0,-1.E0));
#5392=DIRECTION('',(0.E0,1.E0,0.E0));
#5393=AXIS2_PLACEMENT_3D('',#5390,#5391,#5392);
#5395=CARTESIAN_POINT('',(2.9642E1,-4.235123649927E1,1.5E-1));
#5396=DIRECTION('',(1.E0,0.E0,0.E0));
#5397=DIRECTION('',(0.E0,0.E0,-1.E0));
#5398=AXIS2_PLACEMENT_3D('',#5395,#5396,#5397);
#5400=CARTESIAN_POINT('',(2.9642E1,-4.335076350073E1,1.5E-1));
#5401=DIRECTION('',(-1.E0,0.E0,0.E0));
#5402=DIRECTION('',(0.E0,0.E0,-1.E0));
#5403=AXIS2_PLACEMENT_3D('',#5400,#5401,#5402);
#5405=CARTESIAN_POINT('',(2.9642E1,-4.2851E1,1.239527733500E-1));
#5406=DIRECTION('',(0.E0,0.E0,-1.E0));
#5407=DIRECTION('',(0.E0,-1.E0,0.E0));
#5408=AXIS2_PLACEMENT_3D('',#5405,#5406,#5407);
#5410=DIRECTION('',(2.527859334222E-9,1.736481776670E-1,9.848077530122E-1));
#5411=VECTOR('',#5410,1.584545066625E-1);
#5412=CARTESIAN_POINT('',(2.964199999960E1,-4.220351533633E1,
1.239527733390E-1));
#5413=LINE('',#5412,#5411);
#5414=DIRECTION('',(-2.527881755255E-9,-1.736481776670E-1,9.848077530122E-1));
#5415=VECTOR('',#5414,1.584545066625E-1);
#5416=CARTESIAN_POINT('',(2.964200000040E1,-4.349848466367E1,
1.239527733390E-1));
#5417=LINE('',#5416,#5415);
#5418=DIRECTION('',(0.E0,0.E0,1.E0));
#5419=VECTOR('',#5418,1.351570795286E0);
#5420=CARTESIAN_POINT('',(2.8727E1,-4.3761E1,-1.221570795286E0));
#5421=LINE('',#5420,#5419);
#5422=DIRECTION('',(0.E0,-1.E0,0.E0));
#5423=VECTOR('',#5422,2.5E-1);
#5424=CARTESIAN_POINT('',(2.8727E1,-4.3761E1,1.3E-1));
#5425=LINE('',#5424,#5423);
#5426=DIRECTION('',(0.E0,0.E0,1.E0));
#5427=VECTOR('',#5426,1.351570795286E0);
#5428=CARTESIAN_POINT('',(2.8727E1,-4.4011E1,-1.221570795286E0));
#5429=LINE('',#5428,#5427);
#5430=CARTESIAN_POINT('',(2.9642E1,-4.245200438543E1,-1.229812170394E0));
#5431=DIRECTION('',(0.E0,-8.715574274767E-2,9.961946980917E-1));
#5432=DIRECTION('',(-1.E0,0.E0,0.E0));
#5433=AXIS2_PLACEMENT_3D('',#5430,#5431,#5432);
#5435=DIRECTION('',(1.736481776669E-1,8.583165118117E-2,-9.810602621901E-1));
#5436=VECTOR('',#5435,4.140591101025E-2);
#5437=CARTESIAN_POINT('',(3.029958484680E1,-4.245200438543E1,
-1.229812170394E0));
#5438=LINE('',#5437,#5436);
#5439=DIRECTION('',(-1.E0,0.E0,0.E0));
#5440=VECTOR('',#5439,8.488620255938E0);
#5441=CARTESIAN_POINT('',(3.007791012797E1,-3.3843E1,3.E-2));
#5442=LINE('',#5441,#5440);
#5443=DIRECTION('',(0.E0,0.E0,1.E0));
#5444=VECTOR('',#5443,3.E-2);
#5445=CARTESIAN_POINT('',(3.014446514480E1,-3.3843E1,0.E0));
#5446=LINE('',#5445,#5444);
#5447=CARTESIAN_POINT('',(3.00236E1,-3.43501E1,3.E-2));
#5448=DIRECTION('',(0.E0,0.E0,-1.E0));
#5449=DIRECTION('',(0.E0,1.E0,0.E0));
#5450=AXIS2_PLACEMENT_3D('',#5447,#5448,#5449);
#5452=DIRECTION('',(1.E0,0.E0,0.E0));
#5453=VECTOR('',#5452,8.38E0);
#5454=CARTESIAN_POINT('',(2.16436E1,-3.38401E1,3.E-2));
#5455=LINE('',#5454,#5453);
#5456=CARTESIAN_POINT('',(2.16436E1,-3.43501E1,3.E-2));
#5457=DIRECTION('',(0.E0,0.E0,-1.E0));
#5458=DIRECTION('',(-1.064904469978E-1,9.943137254902E-1,0.E0));
#5459=AXIS2_PLACEMENT_3D('',#5456,#5457,#5458);
#5461=CARTESIAN_POINT('',(3.00236E1,-3.43501E1,9.134906141993E-1));
#5462=DIRECTION('',(0.E0,0.E0,-1.E0));
#5463=DIRECTION('',(0.E0,1.E0,0.E0));
#5464=AXIS2_PLACEMENT_3D('',#5461,#5462,#5463);
#5466=CARTESIAN_POINT('',(3.00236E1,-3.43501E1,3.E-2));
#5467=DIRECTION('',(0.E0,0.E0,-1.E0));
#5468=DIRECTION('',(1.064904469978E-1,9.943137254902E-1,0.E0));
#5469=AXIS2_PLACEMENT_3D('',#5466,#5467,#5468);
#5471=DIRECTION('',(-1.E0,-1.067602067620E-13,0.E0));
#5472=VECTOR('',#5471,6.655501682798E-2);
#5473=CARTESIAN_POINT('',(3.014446514480E1,-3.3843E1,3.E-2));
#5474=LINE('',#5473,#5472);
#5475=CARTESIAN_POINT('',(3.003592982685E1,-3.433927017315E1,3.E-2));
#5476=DIRECTION('',(0.E0,0.E0,-1.E0));
#5477=DIRECTION('',(2.136522006826E-1,9.769097896651E-1,0.E0));
#5478=AXIS2_PLACEMENT_3D('',#5475,#5476,#5477);
#5480=DIRECTION('',(0.E0,1.E0,0.E0));
#5481=VECTOR('',#5480,8.160219999647E-2);
#5482=CARTESIAN_POINT('',(3.05322E1,-3.431233705520E1,3.E-2));
#5483=LINE('',#5482,#5481);
#5484=DIRECTION('',(0.E0,0.E0,1.E0));
#5485=VECTOR('',#5484,3.E-2);
#5486=CARTESIAN_POINT('',(3.05322E1,-3.423073485520E1,0.E0));
#5487=LINE('',#5486,#5485);
#5488=DIRECTION('',(0.E0,1.E0,0.E0));
#5489=VECTOR('',#5488,6.045525889601E0);
#5490=CARTESIAN_POINT('',(3.05322E1,-4.035786294480E1,3.E-2));
#5491=LINE('',#5490,#5489);
#5492=DIRECTION('',(0.E0,2.368475785867E-13,1.E0));
#5493=VECTOR('',#5492,3.E-2);
#5494=CARTESIAN_POINT('',(3.05322E1,-4.043946514480E1,0.E0));
#5495=LINE('',#5494,#5493);
#5496=CARTESIAN_POINT('',(3.00236E1,-4.03201E1,3.E-2));
#5497=DIRECTION('',(0.E0,0.E0,-1.E0));
#5498=DIRECTION('',(1.E0,0.E0,0.E0));
#5499=AXIS2_PLACEMENT_3D('',#5496,#5497,#5498);
#5501=DIRECTION('',(0.E0,-1.E0,0.E0));
#5502=VECTOR('',#5501,5.97E0);
#5503=CARTESIAN_POINT('',(3.05336E1,-3.43501E1,3.E-2));
#5504=LINE('',#5503,#5502);
#5505=CARTESIAN_POINT('',(3.00236E1,-3.43501E1,3.E-2));
#5506=DIRECTION('',(0.E0,0.E0,-1.E0));
#5507=DIRECTION('',(9.972549019608E-1,7.404498980472E-2,0.E0));
#5508=AXIS2_PLACEMENT_3D('',#5505,#5506,#5507);
#5510=CARTESIAN_POINT('',(3.00236E1,-4.03201E1,1.813490614199E0));
#5511=DIRECTION('',(0.E0,0.E0,1.E0));
#5512=DIRECTION('',(0.E0,-1.E0,0.E0));
#5513=AXIS2_PLACEMENT_3D('',#5510,#5511,#5512);
#5515=CARTESIAN_POINT('',(3.00236E1,-4.03201E1,3.E-2));
#5516=DIRECTION('',(0.E0,0.E0,-1.E0));
#5517=DIRECTION('',(9.972549019608E-1,-7.404498980473E-2,0.E0));
#5518=AXIS2_PLACEMENT_3D('',#5515,#5516,#5517);
#5520=DIRECTION('',(0.E0,1.E0,0.E0));
#5521=VECTOR('',#5520,8.160219999646E-2);
#5522=CARTESIAN_POINT('',(3.05322E1,-4.043946514480E1,3.E-2));
#5523=LINE('',#5522,#5521);
#5524=CARTESIAN_POINT('',(3.003592982685E1,-4.033092982685E1,3.E-2));
#5525=DIRECTION('',(0.E0,0.E0,-1.E0));
#5526=DIRECTION('',(9.769097896651E-1,-2.136522006826E-1,0.E0));
#5527=AXIS2_PLACEMENT_3D('',#5524,#5525,#5526);
#5529=DIRECTION('',(1.E0,1.067602067620E-13,0.E0));
#5530=VECTOR('',#5529,6.655501682797E-2);
#5531=CARTESIAN_POINT('',(3.007791012797E1,-4.08272E1,3.E-2));
#5532=LINE('',#5531,#5530);
#5533=DIRECTION('',(0.E0,0.E0,1.E0));
#5534=VECTOR('',#5533,3.E-2);
#5535=CARTESIAN_POINT('',(3.014446514480E1,-4.08272E1,0.E0));
#5536=LINE('',#5535,#5534);
#5537=DIRECTION('',(1.E0,0.E0,0.E0));
#5538=VECTOR('',#5537,8.488620255938E0);
#5539=CARTESIAN_POINT('',(2.158928987203E1,-4.08272E1,3.E-2));
#5540=LINE('',#5539,#5538);
#5541=DIRECTION('',(0.E0,0.E0,1.E0));
#5542=VECTOR('',#5541,3.E-2);
#5543=CARTESIAN_POINT('',(2.152273485520E1,-4.08272E1,0.E0));
#5544=LINE('',#5543,#5542);
#5545=CARTESIAN_POINT('',(2.16436E1,-4.03201E1,3.E-2));
#5546=DIRECTION('',(0.E0,0.E0,-1.E0));
#5547=DIRECTION('',(0.E0,-1.E0,0.E0));
#5548=AXIS2_PLACEMENT_3D('',#5545,#5546,#5547);
#5550=DIRECTION('',(-1.E0,0.E0,0.E0));
#5551=VECTOR('',#5550,8.38E0);
#5552=CARTESIAN_POINT('',(3.00236E1,-4.08301E1,3.E-2));
#5553=LINE('',#5552,#5551);
#5554=CARTESIAN_POINT('',(3.00236E1,-4.03201E1,3.E-2));
#5555=DIRECTION('',(0.E0,0.E0,-1.E0));
#5556=DIRECTION('',(1.064904469978E-1,-9.943137254902E-1,0.E0));
#5557=AXIS2_PLACEMENT_3D('',#5554,#5555,#5556);
#5559=CARTESIAN_POINT('',(2.16436E1,-4.03201E1,1.813490614199E0));
#5560=DIRECTION('',(0.E0,0.E0,1.E0));
#5561=DIRECTION('',(-1.E0,0.E0,0.E0));
#5562=AXIS2_PLACEMENT_3D('',#5559,#5560,#5561);
#5564=CARTESIAN_POINT('',(2.16436E1,-4.03201E1,3.E-2));
#5565=DIRECTION('',(0.E0,0.E0,-1.E0));
#5566=DIRECTION('',(-1.064904469979E-1,-9.943137254902E-1,0.E0));
#5567=AXIS2_PLACEMENT_3D('',#5564,#5565,#5566);
#5569=DIRECTION('',(1.E0,0.E0,0.E0));
#5570=VECTOR('',#5569,6.655501682798E-2);
#5571=CARTESIAN_POINT('',(2.152273485520E1,-4.08272E1,3.E-2));
#5572=LINE('',#5571,#5570);
#5573=CARTESIAN_POINT('',(2.163127017315E1,-4.033092982685E1,3.E-2));
#5574=DIRECTION('',(0.E0,0.E0,-1.E0));
#5575=DIRECTION('',(-2.136522006826E-1,-9.769097896651E-1,0.E0));
#5576=AXIS2_PLACEMENT_3D('',#5573,#5574,#5575);
#5578=DIRECTION('',(-4.353698403910E-14,-1.E0,0.E0));
#5579=VECTOR('',#5578,8.160219999643E-2);
#5580=CARTESIAN_POINT('',(2.1135E1,-4.035786294480E1,3.E-2));
#5581=LINE('',#5580,#5579);
#5582=DIRECTION('',(0.E0,0.E0,1.E0));
#5583=VECTOR('',#5582,3.E-2);
#5584=CARTESIAN_POINT('',(2.1135E1,-4.043946514480E1,0.E0));
#5585=LINE('',#5584,#5583);
#5586=DIRECTION('',(0.E0,-1.E0,0.E0));
#5587=VECTOR('',#5586,6.045525889601E0);
#5588=CARTESIAN_POINT('',(2.1135E1,-3.431233705520E1,3.E-2));
#5589=LINE('',#5588,#5587);
#5590=DIRECTION('',(0.E0,0.E0,1.E0));
#5591=VECTOR('',#5590,3.E-2);
#5592=CARTESIAN_POINT('',(2.1135E1,-3.423073485520E1,0.E0));
#5593=LINE('',#5592,#5591);
#5594=CARTESIAN_POINT('',(2.16436E1,-3.43501E1,3.E-2));
#5595=DIRECTION('',(0.E0,0.E0,-1.E0));
#5596=DIRECTION('',(-1.E0,0.E0,0.E0));
#5597=AXIS2_PLACEMENT_3D('',#5594,#5595,#5596);
#5599=DIRECTION('',(0.E0,1.E0,0.E0));
#5600=VECTOR('',#5599,5.97E0);
#5601=CARTESIAN_POINT('',(2.11336E1,-4.03201E1,3.E-2));
#5602=LINE('',#5601,#5600);
#5603=CARTESIAN_POINT('',(2.16436E1,-4.03201E1,3.E-2));
#5604=DIRECTION('',(0.E0,0.E0,-1.E0));
#5605=DIRECTION('',(-9.972549019608E-1,-7.404498980479E-2,0.E0));
#5606=AXIS2_PLACEMENT_3D('',#5603,#5604,#5605);
#5608=CARTESIAN_POINT('',(2.16436E1,-3.43501E1,9.134906141993E-1));
#5609=DIRECTION('',(0.E0,0.E0,-1.E0));
#5610=DIRECTION('',(-1.E0,0.E0,0.E0));
#5611=AXIS2_PLACEMENT_3D('',#5608,#5609,#5610);
#5613=CARTESIAN_POINT('',(2.16436E1,-3.43501E1,3.E-2));
#5614=DIRECTION('',(0.E0,0.E0,-1.E0));
#5615=DIRECTION('',(-9.972549019608E-1,7.404498980479E-2,0.E0));
#5616=AXIS2_PLACEMENT_3D('',#5613,#5614,#5615);
#5618=DIRECTION('',(4.353698403910E-14,-1.E0,0.E0));
#5619=VECTOR('',#5618,8.160219999645E-2);
#5620=CARTESIAN_POINT('',(2.1135E1,-3.423073485520E1,3.E-2));
#5621=LINE('',#5620,#5619);
#5622=CARTESIAN_POINT('',(2.163127017315E1,-3.433927017315E1,3.E-2));
#5623=DIRECTION('',(0.E0,0.E0,-1.E0));
#5624=DIRECTION('',(-9.769097896651E-1,2.136522006826E-1,0.E0));
#5625=AXIS2_PLACEMENT_3D('',#5622,#5623,#5624);
#5627=DIRECTION('',(-1.E0,1.067602067619E-13,0.E0));
#5628=VECTOR('',#5627,6.655501682799E-2);
#5629=CARTESIAN_POINT('',(2.158928987203E1,-3.3843E1,3.E-2));
#5630=LINE('',#5629,#5628);
#5631=DIRECTION('',(-1.184237892934E-13,0.E0,1.E0));
#5632=VECTOR('',#5631,3.E-2);
#5633=CARTESIAN_POINT('',(2.152273485520E1,-3.3843E1,0.E0));
#5634=LINE('',#5633,#5632);
#5635=DIRECTION('',(-1.E0,0.E0,0.E0));
#5636=VECTOR('',#5635,5.276648377131E0);
#5637=CARTESIAN_POINT('',(2.847192418857E1,-3.385566428680E1,1.813490614199E0));
#5638=LINE('',#5637,#5636);
#5639=CARTESIAN_POINT('',(2.320029458433E1,-3.385261079197E1,1.463490606346E0));
#5640=CARTESIAN_POINT('',(2.319973662255E1,-3.385294992225E1,1.502351087889E0));
#5641=CARTESIAN_POINT('',(2.319862091280E1,-3.385362701504E1,1.580091000729E0));
#5642=CARTESIAN_POINT('',(2.319694798885E1,-3.385464569496E1,1.696757662697E0));
#5643=CARTESIAN_POINT('',(2.319583313284E1,-3.385532466070E1,1.774573317972E0));
#5644=CARTESIAN_POINT('',(2.319527581143E1,-3.385566428680E1,1.813490614199E0));
#5646=CARTESIAN_POINT('',(2.225978071907E1,-3.384781013557E1,
9.134906139394E-1));
#5647=CARTESIAN_POINT('',(2.232732308467E1,-3.384781001439E1,
9.134894370729E-1));
#5648=CARTESIAN_POINT('',(2.245421562986E1,-3.384789667081E1,
9.234056724950E-1));
#5649=CARTESIAN_POINT('',(2.261898878532E1,-3.384819010912E1,
9.570358299220E-1));
#5650=CARTESIAN_POINT('',(2.276147691761E1,-3.384859427437E1,1.003347161027E0));
#5651=CARTESIAN_POINT('',(2.288310510183E1,-3.384907676942E1,1.058635837331E0));
#5652=CARTESIAN_POINT('',(2.298498746534E1,-3.384961698316E1,1.120538737047E0));
#5653=CARTESIAN_POINT('',(2.306747316638E1,-3.385020008798E1,1.187353565654E0));
#5654=CARTESIAN_POINT('',(2.313033808676E1,-3.385081153107E1,1.257426930907E0));
#5655=CARTESIAN_POINT('',(2.317316354685E1,-3.385143393389E1,1.328713888207E0));
#5656=CARTESIAN_POINT('',(2.319631292618E1,-3.385203424784E1,1.397627491924E0));
#5657=CARTESIAN_POINT('',(2.320060125203E1,-3.385242254846E1,1.441812728394E0));
#5658=CARTESIAN_POINT('',(2.320029458433E1,-3.385261079197E1,1.463490606346E0));
#5660=DIRECTION('',(1.E0,-4.833300514736E-8,-4.218635365988E-10));
#5661=VECTOR('',#5660,6.161807189835E-1);
#5662=CARTESIAN_POINT('',(2.164360000009E1,-3.384781010578E1,
9.134906141994E-1));
#5663=LINE('',#5662,#5661);
#5664=DIRECTION('',(-9.959388414005E-11,8.726535498377E-3,-9.999619230642E-1));
#5665=VECTOR('',#5664,8.835242560958E-1);
#5666=CARTESIAN_POINT('',(2.164360000009E1,-3.384781010578E1,
9.134906141994E-1));
#5667=LINE('',#5666,#5665);
#5668=DIRECTION('',(1.187422237829E-10,8.726535498377E-3,-9.999619230642E-1));
#5669=VECTOR('',#5668,8.835242560958E-1);
#5670=CARTESIAN_POINT('',(3.002359999990E1,-3.384781010578E1,
9.134906141994E-1));
#5671=LINE('',#5670,#5669);
#5672=DIRECTION('',(1.E0,4.823984295478E-8,4.210691311437E-10));
#5673=VECTOR('',#5672,6.161807189666E-1);
#5674=CARTESIAN_POINT('',(2.940741928093E1,-3.384781013551E1,
9.134906139399E-1));
#5675=LINE('',#5674,#5673);
#5676=CARTESIAN_POINT('',(2.846690541568E1,-3.385261079267E1,1.463490606418E0));
#5677=CARTESIAN_POINT('',(2.846659874799E1,-3.385242255011E1,1.441812877725E0));
#5678=CARTESIAN_POINT('',(2.847088699922E1,-3.385203425095E1,1.397627867186E0));
#5679=CARTESIAN_POINT('',(2.849403622534E1,-3.385143393809E1,1.328714365349E0));
#5680=CARTESIAN_POINT('',(2.853686164457E1,-3.385081153439E1,1.257427312866E0));
#5681=CARTESIAN_POINT('',(2.859972648909E1,-3.385020009051E1,1.187353855763E0));
#5682=CARTESIAN_POINT('',(2.868221222958E1,-3.384961698520E1,1.120538970754E0));
#5683=CARTESIAN_POINT('',(2.878409463306E1,-3.384907677041E1,1.058635952191E0));
#5684=CARTESIAN_POINT('',(2.890572288606E1,-3.384859427516E1,1.003347247452E0));
#5685=CARTESIAN_POINT('',(2.904821115733E1,-3.384819010897E1,
9.570358240450E-1));
#5686=CARTESIAN_POINT('',(2.921298443409E1,-3.384789667119E1,
9.234056722384E-1));
#5687=CARTESIAN_POINT('',(2.933987694965E1,-3.384781001352E1,
9.134894306400E-1));
#5688=CARTESIAN_POINT('',(2.940741928093E1,-3.384781013551E1,
9.134906139399E-1));
#5690=CARTESIAN_POINT('',(2.847192418857E1,-3.385566428680E1,1.813490614199E0));
#5691=CARTESIAN_POINT('',(2.847136686716E1,-3.385532466070E1,1.774573317957E0));
#5692=CARTESIAN_POINT('',(2.847025201115E1,-3.385464569505E1,1.696757662672E0));
#5693=CARTESIAN_POINT('',(2.846857908720E1,-3.385362701472E1,1.580091000734E0));
#5694=CARTESIAN_POINT('',(2.846746337745E1,-3.385294992295E1,1.502351087979E0));
#5695=CARTESIAN_POINT('',(2.846690541568E1,-3.385261079267E1,1.463490606418E0));
#5697=DIRECTION('',(0.E0,-1.E0,0.E0));
#5698=VECTOR('',#5697,4.445781365478E0);
#5699=CARTESIAN_POINT('',(2.154914905602E1,-3.587431863452E1,2.21E0));
#5700=LINE('',#5699,#5698);
#5701=CARTESIAN_POINT('',(2.58336E1,-3.85851E1,2.21E0));
#5702=DIRECTION('',(0.E0,0.E0,1.E0));
#5703=DIRECTION('',(-5.203751854200E-1,8.539377415240E-1,0.E0));
#5704=AXIS2_PLACEMENT_3D('',#5701,#5702,#5703);
#5706=DIRECTION('',(-1.E0,0.E0,0.E0));
#5707=VECTOR('',#5706,5.276633276379E0);
#5708=CARTESIAN_POINT('',(2.847191662975E1,-3.425564905602E1,2.21E0));
#5709=LINE('',#5708,#5707);
#5710=CARTESIAN_POINT('',(2.58336E1,-3.85851E1,2.21E0));
#5711=DIRECTION('',(0.E0,0.E0,1.E0));
#5712=DIRECTION('',(8.450624329617E-1,5.346676391899E-1,0.E0));
#5713=AXIS2_PLACEMENT_3D('',#5710,#5711,#5712);
#5715=DIRECTION('',(0.E0,1.E0,0.E0));
#5716=VECTOR('',#5715,4.445780946250E0);
#5717=CARTESIAN_POINT('',(3.011805094398E1,-4.03201E1,2.21E0));
#5718=LINE('',#5717,#5716);
#5719=CARTESIAN_POINT('',(3.00236E1,-4.03201E1,2.21E0));
#5720=DIRECTION('',(0.E0,0.E0,1.E0));
#5721=DIRECTION('',(0.E0,-1.E0,0.E0));
#5722=AXIS2_PLACEMENT_3D('',#5719,#5720,#5721);
#5724=DIRECTION('',(1.E0,0.E0,0.E0));
#5725=VECTOR('',#5724,8.38E0);
#5726=CARTESIAN_POINT('',(2.16436E1,-4.041455094398E1,2.21E0));
#5727=LINE('',#5726,#5725);
#5728=CARTESIAN_POINT('',(2.16436E1,-4.03201E1,2.21E0));
#5729=DIRECTION('',(0.E0,0.E0,1.E0));
#5730=DIRECTION('',(-1.E0,0.E0,0.E0));
#5731=AXIS2_PLACEMENT_3D('',#5728,#5729,#5730);
#5733=CARTESIAN_POINT('',(2.58336E1,-3.73351E1,2.21E0));
#5734=DIRECTION('',(0.E0,0.E0,1.E0));
#5735=DIRECTION('',(0.E0,1.E0,0.E0));
#5736=AXIS2_PLACEMENT_3D('',#5733,#5734,#5735);
#5738=CARTESIAN_POINT('',(2.58336E1,-3.73351E1,2.21E0));
#5739=DIRECTION('',(0.E0,0.E0,1.E0));
#5740=DIRECTION('',(0.E0,-1.E0,0.E0));
#5741=AXIS2_PLACEMENT_3D('',#5738,#5739,#5740);
#5743=CARTESIAN_POINT('',(2.21736E1,-3.97951E1,2.21E0));
#5744=DIRECTION('',(0.E0,0.E0,1.E0));
#5745=DIRECTION('',(1.E0,-3.330669073875E-13,0.E0));
#5746=AXIS2_PLACEMENT_3D('',#5743,#5744,#5745);
#5748=CARTESIAN_POINT('',(2.21736E1,-3.97951E1,2.21E0));
#5749=DIRECTION('',(0.E0,0.E0,1.E0));
#5750=DIRECTION('',(-1.E0,3.330669073875E-13,0.E0));
#5751=AXIS2_PLACEMENT_3D('',#5748,#5749,#5750);
#5753=CARTESIAN_POINT('',(2.154914905602E1,-4.03201E1,1.81E0));
#5754=DIRECTION('',(0.E0,-1.E0,0.E0));
#5755=DIRECTION('',(0.E0,0.E0,1.E0));
#5756=AXIS2_PLACEMENT_3D('',#5753,#5754,#5755);
#5758=CARTESIAN_POINT('',(2.16436E1,-4.041455094398E1,1.81E0));
#5759=DIRECTION('',(1.E0,0.E0,0.E0));
#5760=DIRECTION('',(0.E0,0.E0,1.E0));
#5761=AXIS2_PLACEMENT_3D('',#5758,#5759,#5760);
#5763=CARTESIAN_POINT('',(3.00236E1,-4.041455094398E1,1.81E0));
#5764=DIRECTION('',(1.E0,0.E0,0.E0));
#5765=DIRECTION('',(0.E0,0.E0,1.E0));
#5766=AXIS2_PLACEMENT_3D('',#5763,#5764,#5765);
#5768=CARTESIAN_POINT('',(3.011805094398E1,-4.03201E1,1.81E0));
#5769=DIRECTION('',(0.E0,1.E0,0.E0));
#5770=DIRECTION('',(0.E0,0.E0,1.E0));
#5771=AXIS2_PLACEMENT_3D('',#5768,#5769,#5770);
#5773=CARTESIAN_POINT('',(3.011805094398E1,-3.587431042708E1,1.81E0));
#5774=DIRECTION('',(0.E0,-1.E0,0.E0));
#5775=DIRECTION('',(9.999619230642E-1,0.E0,8.726535498374E-3));
#5776=AXIS2_PLACEMENT_3D('',#5773,#5774,#5775);
#5778=CARTESIAN_POINT('',(3.011805094398E1,-3.587431042708E1,1.81E0));
#5779=DIRECTION('',(-5.346724995895E-1,8.450593577866E-1,0.E0));
#5780=DIRECTION('',(0.E0,0.E0,1.E0));
#5781=AXIS2_PLACEMENT_3D('',#5778,#5779,#5780);
#5783=CARTESIAN_POINT('',(3.011805094398E1,-3.587431042708E1,1.81E0));
#5784=DIRECTION('',(8.725705585765E-3,-1.379113226170E-2,-9.998668244986E-1));
#5785=DIRECTION('',(8.450593577871E-1,5.346724995886E-1,2.664535259100E-14));
#5786=AXIS2_PLACEMENT_3D('',#5783,#5784,#5785);
#5788=CARTESIAN_POINT('',(2.58336E1,-3.85851E1,1.81E0));
#5789=DIRECTION('',(0.E0,0.E0,1.E0));
#5790=DIRECTION('',(8.450593577675E-1,5.346724996197E-1,0.E0));
#5791=AXIS2_PLACEMENT_3D('',#5788,#5789,#5790);
#5793=CARTESIAN_POINT('',(2.868007599831E1,-3.391407501708E1,1.81E0));
#5794=CARTESIAN_POINT('',(2.867947465666E1,-3.391370856548E1,1.771079460042E0));
#5795=CARTESIAN_POINT('',(2.867827178169E1,-3.391297585263E1,1.693259480841E0));
#5796=CARTESIAN_POINT('',(2.867646684886E1,-3.391187742915E1,1.576592814162E0));
#5797=CARTESIAN_POINT('',(2.867526323693E1,-3.391114542818E1,1.498857237820E0));
#5798=CARTESIAN_POINT('',(2.867466130475E1,-3.391077957260E1,1.460000000006E0));
#5800=CARTESIAN_POINT('',(2.58336E1,-3.85851E1,1.46E0));
#5801=DIRECTION('',(0.E0,0.E0,1.E0));
#5802=DIRECTION('',(8.456618042810E-1,5.337191328593E-1,0.E0));
#5803=AXIS2_PLACEMENT_3D('',#5800,#5801,#5802);
#5805=CARTESIAN_POINT('',(3.045937012968E1,-3.566565630523E1,1.460000000005E0));
#5806=CARTESIAN_POINT('',(3.045900425792E1,-3.566507659251E1,1.498858955461E0));
#5807=CARTESIAN_POINT('',(3.045827223813E1,-3.566391740803E1,1.576596821990E0));
#5808=CARTESIAN_POINT('',(3.045717381353E1,-3.566217908008E1,1.693263488670E0));
#5809=CARTESIAN_POINT('',(3.045644112249E1,-3.566102058489E1,1.771081177683E0));
#5810=CARTESIAN_POINT('',(3.045607468707E1,-3.566044142720E1,1.81E0));
#5812=CARTESIAN_POINT('',(2.847192418851E1,-3.425564905602E1,1.81E0));
#5813=DIRECTION('',(-1.431864753639E-2,8.725640879260E-3,-9.998594098792E-1));
#5814=DIRECTION('',(0.E0,9.999619230642E-1,8.726535498272E-3));
#5815=AXIS2_PLACEMENT_3D('',#5812,#5813,#5814);
#5817=CARTESIAN_POINT('',(2.847192418851E1,-3.425564905602E1,1.81E0));
#5818=DIRECTION('',(8.539350974316E-1,-5.203795243613E-1,0.E0));
#5819=DIRECTION('',(5.203795243613E-1,8.539350974316E-1,0.E0));
#5820=AXIS2_PLACEMENT_3D('',#5817,#5818,#5819);
#5822=CARTESIAN_POINT('',(2.847192418851E1,-3.425564905602E1,1.81E0));
#5823=DIRECTION('',(-1.E0,0.E0,0.E0));
#5824=DIRECTION('',(0.E0,0.E0,1.E0));
#5825=AXIS2_PLACEMENT_3D('',#5822,#5823,#5824);
#5827=CARTESIAN_POINT('',(2.846690715167E1,-3.425259465081E1,1.459999830261E0));
#5828=DIRECTION('',(-1.435664216948E-2,8.725636125062E-3,-9.998588650904E-1));
#5829=DIRECTION('',(-4.345129915018E-6,9.999619225103E-1,8.726597883821E-3));
#5830=AXIS2_PLACEMENT_3D('',#5827,#5828,#5829);
#5832=CARTESIAN_POINT('',(2.940741928093E1,-3.424779487501E1,9.1E-1));
#5833=DIRECTION('',(1.E0,0.E0,0.E0));
#5834=DIRECTION('',(0.E0,9.999619230642E-1,8.726535498374E-3));
#5835=AXIS2_PLACEMENT_3D('',#5832,#5833,#5834);
#5837=CARTESIAN_POINT('',(3.00236E1,-3.424779487501E1,9.1E-1));
#5838=DIRECTION('',(1.E0,0.E0,0.E0));
#5839=DIRECTION('',(0.E0,9.999619230642E-1,8.726535498374E-3));
#5840=AXIS2_PLACEMENT_3D('',#5837,#5838,#5839);
#5842=CARTESIAN_POINT('',(3.012590512499E1,-3.43501E1,9.1E-1));
#5843=DIRECTION('',(0.E0,-1.E0,0.E0));
#5844=DIRECTION('',(9.999619230642E-1,0.E0,8.726535498374E-3));
#5845=AXIS2_PLACEMENT_3D('',#5842,#5843,#5844);
#5847=DIRECTION('',(0.E0,1.E0,-1.008887385688E-14));
#5848=VECTOR('',#5847,4.445789572865E0);
#5849=CARTESIAN_POINT('',(3.051803571320E1,-4.032009999990E1,1.813490614199E0));
#5850=LINE('',#5849,#5848);
#5851=CARTESIAN_POINT('',(3.052108920533E1,-3.587914399638E1,1.463490606398E0));
#5852=CARTESIAN_POINT('',(3.052075005939E1,-3.587860662991E1,1.502352881608E0));
#5853=CARTESIAN_POINT('',(3.052007294970E1,-3.587753209933E1,1.580095185923E0));
#5854=CARTESIAN_POINT('',(3.051905426816E1,-3.587592090985E1,1.696761847921E0));
#5855=CARTESIAN_POINT('',(3.051837532365E1,-3.587484718736E1,1.774575111636E0));
#5856=CARTESIAN_POINT('',(3.051803571320E1,-3.587431042704E1,1.813490614199E0));
#5858=CARTESIAN_POINT('',(3.052588991844E1,-3.495735735285E1,
9.134906144107E-1));
#5859=CARTESIAN_POINT('',(3.052588830487E1,-3.502368911527E1,
9.134902957423E-1));
#5860=CARTESIAN_POINT('',(3.052580462130E1,-3.514832381413E1,
9.233465967968E-1));
#5861=CARTESIAN_POINT('',(3.052551073542E1,-3.531027705693E1,
9.569152065911E-1));
#5862=CARTESIAN_POINT('',(3.052510647530E1,-3.545027644794E1,1.003267662987E0));
#5863=CARTESIAN_POINT('',(3.052462282676E1,-3.556968253307E1,1.058680332625E0));
#5864=CARTESIAN_POINT('',(3.052408099576E1,-3.566951852285E1,1.120771036870E0));
#5865=CARTESIAN_POINT('',(3.052349638884E1,-3.575012402787E1,1.187756235016E0));
#5866=CARTESIAN_POINT('',(3.052288440698E1,-3.581134137024E1,1.257895865829E0));
#5867=CARTESIAN_POINT('',(3.052226368447E1,-3.585281125480E1,1.328973916855E0));
#5868=CARTESIAN_POINT('',(3.052166498586E1,-3.587527295026E1,1.397763339680E0));
#5869=CARTESIAN_POINT('',(3.052127616753E1,-3.587943444616E1,1.441856357904E0));
#5870=CARTESIAN_POINT('',(3.052108920533E1,-3.587914399638E1,1.463490606398E0));
#5872=DIRECTION('',(3.988807569814E-8,-1.E0,3.480372205199E-10));
#5873=VECTOR('',#5872,6.072573527583E-1);
#5874=CARTESIAN_POINT('',(3.052588989422E1,-3.435010000009E1,
9.134906141994E-1));
#5875=LINE('',#5874,#5873);
#5876=DIRECTION('',(8.726535498369E-3,9.959388414005E-11,-9.999619230642E-1));
#5877=VECTOR('',#5876,8.835242560958E-1);
#5878=CARTESIAN_POINT('',(3.052588989422E1,-3.435010000009E1,
9.134906141994E-1));
#5879=LINE('',#5878,#5877);
#5880=DIRECTION('',(8.726535498370E-3,-5.556273813060E-11,-9.999619230642E-1));
#5881=VECTOR('',#5880,1.783558526643E0);
#5882=CARTESIAN_POINT('',(3.051803571320E1,-4.032009999990E1,1.813490614199E0));
#5883=LINE('',#5882,#5881);
#5884=CARTESIAN_POINT('',(3.012110534770E1,-3.587914399640E1,1.460000000037E0));
#5885=DIRECTION('',(-8.725701430865E-3,1.382560969120E-2,9.998663483942E-1));
#5886=DIRECTION('',(9.999619230642E-1,-5.329070518201E-14,8.726535498375E-3));
#5887=AXIS2_PLACEMENT_3D('',#5884,#5885,#5886);
#5889=CARTESIAN_POINT('',(3.012590512498E1,-3.495735734070E1,
9.100000011537E-1));
#5890=DIRECTION('',(-5.163813515398E-10,-1.E0,5.917144195327E-8));
#5891=DIRECTION('',(9.999619230893E-1,0.E0,8.726532614161E-3));
#5892=AXIS2_PLACEMENT_3D('',#5889,#5890,#5891);
#5894=CARTESIAN_POINT('',(2.867466130475E1,-3.391077957260E1,1.460000000006E0));
#5895=CARTESIAN_POINT('',(2.867445714671E1,-3.391065540525E1,1.456425514096E0));
#5896=CARTESIAN_POINT('',(2.867557316422E1,-3.391104042536E1,1.449406959558E0));
#5897=CARTESIAN_POINT('',(2.868171807711E1,-3.391348275762E1,1.439051829094E0));
#5898=CARTESIAN_POINT('',(2.869101025494E1,-3.391725871236E1,1.429820316608E0));
#5899=CARTESIAN_POINT('',(2.870229183391E1,-3.392188083541E1,1.421532915259E0));
#5900=CARTESIAN_POINT('',(2.871548214816E1,-3.392733863885E1,1.413805840994E0));
#5901=CARTESIAN_POINT('',(2.873034960521E1,-3.393352313184E1,1.406483303595E0));
#5902=CARTESIAN_POINT('',(2.874688366501E1,-3.394046016672E1,1.399483227656E0));
#5903=CARTESIAN_POINT('',(2.876511655422E1,-3.394814814421E1,1.392673285876E0));
#5904=CARTESIAN_POINT('',(2.878512695270E1,-3.395666076238E1,1.386045024060E0));
#5905=CARTESIAN_POINT('',(2.880699987732E1,-3.396601875923E1,1.379516610184E0));
#5906=CARTESIAN_POINT('',(2.883084627503E1,-3.397631564425E1,1.373106394030E0));
#5907=CARTESIAN_POINT('',(2.885680473318E1,-3.398760210022E1,1.366762952429E0));
#5908=CARTESIAN_POINT('',(2.888501506122E1,-3.399998692359E1,1.360514345017E0));
#5909=CARTESIAN_POINT('',(2.891564968974E1,-3.401354892720E1,1.354341138312E0));
#5910=CARTESIAN_POINT('',(2.894888346862E1,-3.402841278997E1,1.348277122997E0));
#5911=CARTESIAN_POINT('',(2.898492543764E1,-3.404469456283E1,1.342337187237E0));
#5912=CARTESIAN_POINT('',(2.902399009372E1,-3.406253449587E1,1.336566490751E0));
#5913=CARTESIAN_POINT('',(2.906632506302E1,-3.408209403560E1,1.331022086392E0));
#5914=CARTESIAN_POINT('',(2.911219712029E1,-3.410353969778E1,1.325778615013E0));
#5915=CARTESIAN_POINT('',(2.916190571198E1,-3.412708248366E1,1.320948015951E0));
#5916=CARTESIAN_POINT('',(2.921578317549E1,-3.415293953883E1,1.316672912689E0));
#5917=CARTESIAN_POINT('',(2.927419804496E1,-3.418136896179E1,1.313157858209E0));
#5918=CARTESIAN_POINT('',(2.933756516509E1,-3.421266835819E1,1.310684087152E0));
#5919=CARTESIAN_POINT('',(2.938354113118E1,-3.423571950435E1,1.309999910691E0));
#5920=CARTESIAN_POINT('',(2.940741926545E1,-3.424779487501E1,1.309999995598E0));
#5922=CARTESIAN_POINT('',(3.012590512499E1,-3.495735735120E1,1.310000000079E0));
#5923=CARTESIAN_POINT('',(3.013817301125E1,-3.498119875721E1,1.310000009678E0));
#5924=CARTESIAN_POINT('',(3.016157568816E1,-3.502706361831E1,1.310720704537E0));
#5925=CARTESIAN_POINT('',(3.019330412124E1,-3.509014014225E1,1.313318801787E0));
#5926=CARTESIAN_POINT('',(3.022207307270E1,-3.514815958419E1,1.317003493506E0));
#5927=CARTESIAN_POINT('',(3.024819816236E1,-3.520155156788E1,1.321476547430E0));
#5928=CARTESIAN_POINT('',(3.027194578348E1,-3.525071158914E1,1.326526836944E0));
#5929=CARTESIAN_POINT('',(3.029354907458E1,-3.529599121066E1,1.332006259811E0));
#5930=CARTESIAN_POINT('',(3.031322306713E1,-3.533769180494E1,1.337797289982E0));
#5931=CARTESIAN_POINT('',(3.033113486025E1,-3.537609602408E1,1.343830838988E0));
#5932=CARTESIAN_POINT('',(3.034746259124E1,-3.541144790978E1,1.350036491577E0));
#5933=CARTESIAN_POINT('',(3.036232985269E1,-3.544397521845E1,1.356389563060E0));
#5934=CARTESIAN_POINT('',(3.037588252512E1,-3.547388364645E1,1.362850921780E0));
#5935=CARTESIAN_POINT('',(3.038821497122E1,-3.550135331124E1,1.369421356256E0));
#5936=CARTESIAN_POINT('',(3.039944170302E1,-3.552655568016E1,1.376088871552E0));
#5937=CARTESIAN_POINT('',(3.040963746568E1,-3.554963030940E1,1.382870910083E0));
#5938=CARTESIAN_POINT('',(3.041888603961E1,-3.557071459290E1,1.389788274635E0));
#5939=CARTESIAN_POINT('',(3.042723839063E1,-3.558988954336E1,1.396868420846E0));
#5940=CARTESIAN_POINT('',(3.043475146655E1,-3.560726250218E1,1.404185209599E0));
#5941=CARTESIAN_POINT('',(3.044145750576E1,-3.562286732114E1,1.411806047515E0));
#5942=CARTESIAN_POINT('',(3.044734797787E1,-3.563667914400E1,1.419876418102E0));
#5943=CARTESIAN_POINT('',(3.045235148628E1,-3.564849756630E1,1.428492161483E0));
#5944=CARTESIAN_POINT('',(3.045642447171E1,-3.565822969734E1,1.438164049458E0));
#5945=CARTESIAN_POINT('',(3.045907686081E1,-3.566467493521E1,1.448918708138E0));
#5946=CARTESIAN_POINT('',(3.045949927521E1,-3.566586068071E1,1.456259094399E0));
#5947=CARTESIAN_POINT('',(3.045937012968E1,-3.566565630523E1,1.460000000005E0));
#5949=DIRECTION('',(1.E0,0.E0,7.143583501468E-9));
#5950=VECTOR('',#5949,6.161807345460E-1);
#5951=CARTESIAN_POINT('',(2.940741926545E1,-3.424779487501E1,1.309999995598E0));
#5952=LINE('',#5951,#5950);
#5953=CARTESIAN_POINT('',(3.00236E1,-3.43501E1,1.31E0));
#5954=DIRECTION('',(0.E0,0.E0,-1.E0));
#5955=DIRECTION('',(0.E0,1.E0,0.E0));
#5956=AXIS2_PLACEMENT_3D('',#5953,#5954,#5955);
#5958=DIRECTION('',(0.E0,-1.E0,1.295302410351E-10));
#5959=VECTOR('',#5958,6.072573512031E-1);
#5960=CARTESIAN_POINT('',(3.012590512499E1,-3.43501E1,1.31E0));
#5961=LINE('',#5960,#5959);
#5962=CARTESIAN_POINT('',(2.58336E1,-3.85851E1,1.31E0));
#5963=DIRECTION('',(0.E0,0.E0,1.E0));
#5964=DIRECTION('',(7.637553597423E-1,6.455058097840E-1,0.E0));
#5965=AXIS2_PLACEMENT_3D('',#5962,#5963,#5964);
#5967=DIRECTION('',(1.E0,0.E0,2.631149077599E-14));
#5968=VECTOR('',#5967,8.379999999533E0);
#5969=CARTESIAN_POINT('',(2.164360000010E1,-4.081453571320E1,1.813490614199E0));
#5970=LINE('',#5969,#5968);
#5971=DIRECTION('',(2.060028255083E-10,-8.726535498373E-3,-9.999619230642E-1));
#5972=VECTOR('',#5971,1.783558526643E0);
#5973=CARTESIAN_POINT('',(3.002359999963E1,-4.081453571320E1,1.813490614200E0));
#5974=LINE('',#5973,#5972);
#5975=DIRECTION('',(-5.556273813060E-11,-8.726535498370E-3,-9.999619230642E-1));
#5976=VECTOR('',#5975,1.783558526643E0);
#5977=CARTESIAN_POINT('',(2.164360000010E1,-4.081453571320E1,1.813490614199E0));
#5978=LINE('',#5977,#5976);
#5979=DIRECTION('',(0.E0,-1.E0,5.963423458336E-14));
#5980=VECTOR('',#5979,4.445789572597E0);
#5981=CARTESIAN_POINT('',(2.114916428680E1,-3.587431042704E1,1.813490614199E0));
#5982=LINE('',#5981,#5980);
#5983=DIRECTION('',(-8.726535498375E-3,-2.060048174326E-10,-9.999619230642E-1));
#5984=VECTOR('',#5983,1.783558526643E0);
#5985=CARTESIAN_POINT('',(2.114916428680E1,-4.032009999963E1,1.813490614200E0));
#5986=LINE('',#5985,#5984);
#5987=DIRECTION('',(-8.726535498377E-3,1.187422237829E-10,-9.999619230642E-1));
#5988=VECTOR('',#5987,8.835242560958E-1);
#5989=CARTESIAN_POINT('',(2.114131010578E1,-3.435010000010E1,
9.134906141994E-1));
#5990=LINE('',#5989,#5988);
#5991=DIRECTION('',(4.074110863664E-8,1.E0,-3.554617756752E-10));
#5992=VECTOR('',#5991,6.072573527415E-1);
#5993=CARTESIAN_POINT('',(2.114131008104E1,-3.495735735285E1,
9.134906144153E-1));
#5994=LINE('',#5993,#5992);
#5995=CARTESIAN_POINT('',(2.114611079542E1,-3.587914399638E1,1.463490606547E0));
#5996=CARTESIAN_POINT('',(2.114592383390E1,-3.587943444606E1,1.441856453572E0));
#5997=CARTESIAN_POINT('',(2.114553501605E1,-3.587527300288E1,1.397763589881E0));
#5998=CARTESIAN_POINT('',(2.114493631962E1,-3.585281146438E1,1.328974377423E0));
#5999=CARTESIAN_POINT('',(2.114431559629E1,-3.581134165738E1,1.257896243238E0));
#6000=CARTESIAN_POINT('',(2.114370361441E1,-3.575012437119E1,1.187756606231E0));
#6001=CARTESIAN_POINT('',(2.114311900639E1,-3.566951892377E1,1.120771285307E0));
#6002=CARTESIAN_POINT('',(2.114257717496E1,-3.556968286060E1,1.058680521995E0));
#6003=CARTESIAN_POINT('',(2.114209352532E1,-3.545027672585E1,1.003267763237E0));
#6004=CARTESIAN_POINT('',(2.114168926561E1,-3.531027717119E1,
9.569152190506E-1));
#6005=CARTESIAN_POINT('',(2.114139537526E1,-3.514832375478E1,
9.233465997387E-1));
#6006=CARTESIAN_POINT('',(2.114131170257E1,-3.502368908025E1,
9.134902936679E-1));
#6007=CARTESIAN_POINT('',(2.114131008104E1,-3.495735735285E1,
9.134906144153E-1));
#6009=CARTESIAN_POINT('',(2.114916428680E1,-3.587431042704E1,1.813490614199E0));
#6010=CARTESIAN_POINT('',(2.114882467635E1,-3.587484718736E1,1.774575111722E0));
#6011=CARTESIAN_POINT('',(2.114814573194E1,-3.587592090984E1,1.696761848141E0));
#6012=CARTESIAN_POINT('',(2.114712704996E1,-3.587753209932E1,1.580095186202E0));
#6013=CARTESIAN_POINT('',(2.114644994136E1,-3.587860662991E1,1.502352881906E0));
#6014=CARTESIAN_POINT('',(2.114611079542E1,-3.587914399638E1,1.463490606547E0));
#6016=CARTESIAN_POINT('',(2.154129487501E1,-3.495735735285E1,9.1E-1));
#6017=DIRECTION('',(0.E0,1.E0,0.E0));
#6018=DIRECTION('',(-9.999619230642E-1,0.E0,8.726535498374E-3));
#6019=AXIS2_PLACEMENT_3D('',#6016,#6017,#6018);
#6021=CARTESIAN_POINT('',(2.154129487501E1,-3.43501E1,9.1E-1));
#6022=DIRECTION('',(0.E0,1.E0,0.E0));
#6023=DIRECTION('',(-9.999619230642E-1,0.E0,8.726535498374E-3));
#6024=AXIS2_PLACEMENT_3D('',#6021,#6022,#6023);
#6026=CARTESIAN_POINT('',(2.16436E1,-3.424779487501E1,9.1E-1));
#6027=DIRECTION('',(1.E0,0.E0,0.E0));
#6028=DIRECTION('',(0.E0,9.999619230642E-1,8.726535498374E-3));
#6029=AXIS2_PLACEMENT_3D('',#6026,#6027,#6028);
#6031=CARTESIAN_POINT('',(2.225978074689E1,-3.424779487445E1,
9.099999359502E-1));
#6032=DIRECTION('',(1.E0,1.385076239682E-9,-1.587137448110E-7));
#6033=DIRECTION('',(2.664534948804E-14,9.999619216668E-1,8.726695622959E-3));
#6034=AXIS2_PLACEMENT_3D('',#6031,#6032,#6033);
#6036=CARTESIAN_POINT('',(2.320029458435E1,-3.425259465230E1,1.460000000019E0));
#6037=DIRECTION('',(-1.435605048712E-2,-8.725636199196E-3,9.998588735853E-1));
#6038=DIRECTION('',(8.881784197001E-14,9.999619230642E-1,8.726535498375E-3));
#6039=AXIS2_PLACEMENT_3D('',#6036,#6037,#6038);
#6041=CARTESIAN_POINT('',(2.319527581149E1,-3.425564905602E1,1.81E0));
#6042=DIRECTION('',(1.431864753634E-2,8.725640879362E-3,-9.998594098792E-1));
#6043=DIRECTION('',(-5.203795243603E-1,8.539350974322E-1,3.219646771413E-14));
#6044=AXIS2_PLACEMENT_3D('',#6041,#6042,#6043);
#6046=CARTESIAN_POINT('',(2.319527581149E1,-3.425564905602E1,1.81E0));
#6047=DIRECTION('',(1.E0,0.E0,0.E0));
#6048=DIRECTION('',(0.E0,9.999619230642E-1,8.726535498374E-3));
#6049=AXIS2_PLACEMENT_3D('',#6046,#6047,#6048);
#6051=CARTESIAN_POINT('',(2.319527581149E1,-3.425564905602E1,1.81E0));
#6052=DIRECTION('',(-8.539350974316E-1,-5.203795243613E-1,0.E0));
#6053=DIRECTION('',(0.E0,0.E0,1.E0));
#6054=AXIS2_PLACEMENT_3D('',#6051,#6052,#6053);
#6056=CARTESIAN_POINT('',(2.154914905602E1,-3.587431042708E1,1.81E0));
#6057=DIRECTION('',(-8.725705585674E-3,-1.379113226175E-2,-9.998668244986E-1));
#6058=DIRECTION('',(-9.999619230642E-1,0.E0,8.726535498283E-3));
#6059=AXIS2_PLACEMENT_3D('',#6056,#6057,#6058);
#6061=CARTESIAN_POINT('',(2.154914905602E1,-3.587431042708E1,1.81E0));
#6062=DIRECTION('',(5.346724995895E-1,8.450593577866E-1,0.E0));
#6063=DIRECTION('',(-8.450593577866E-1,5.346724995895E-1,0.E0));
#6064=AXIS2_PLACEMENT_3D('',#6061,#6062,#6063);
#6066=CARTESIAN_POINT('',(2.154914905602E1,-3.587431042708E1,1.81E0));
#6067=DIRECTION('',(0.E0,-1.E0,0.E0));
#6068=DIRECTION('',(0.E0,0.E0,1.E0));
#6069=AXIS2_PLACEMENT_3D('',#6066,#6067,#6068);
#6071=CARTESIAN_POINT('',(2.154609464908E1,-3.587914235036E1,1.459999631240E0));
#6072=DIRECTION('',(-8.725701168319E-3,-1.382778541759E-2,-9.998663183094E-1));
#6073=DIRECTION('',(-9.999619225576E-1,-4.126940694305E-6,8.726592568033E-3));
#6074=AXIS2_PLACEMENT_3D('',#6071,#6072,#6073);
#6076=CARTESIAN_POINT('',(2.225978072957E1,-3.424779487501E1,1.309999995633E0));
#6077=CARTESIAN_POINT('',(2.228367629371E1,-3.423571069373E1,1.309999911123E0));
#6078=CARTESIAN_POINT('',(2.232968245537E1,-3.421264455103E1,1.310685063582E0));
#6079=CARTESIAN_POINT('',(2.239308228982E1,-3.418132952119E1,1.313161668453E0));
#6080=CARTESIAN_POINT('',(2.245151287177E1,-3.415289307514E1,1.316679567868E0));
#6081=CARTESIAN_POINT('',(2.250538611637E1,-3.412703873537E1,1.320956168908E0));
#6082=CARTESIAN_POINT('',(2.255508378147E1,-3.410350164303E1,1.325787212737E0));
#6083=CARTESIAN_POINT('',(2.260094552584E1,-3.408206123744E1,1.331030772882E0));
#6084=CARTESIAN_POINT('',(2.264327148510E1,-3.406250623839E1,1.336575106035E0));
#6085=CARTESIAN_POINT('',(2.268232834082E1,-3.404467011897E1,1.342345592751E0));
#6086=CARTESIAN_POINT('',(2.271836316560E1,-3.402839185694E1,1.348285252637E0));
#6087=CARTESIAN_POINT('',(2.275159054060E1,-3.401353101684E1,1.354348862918E0));
#6088=CARTESIAN_POINT('',(2.278221946378E1,-3.399997172114E1,1.360521671307E0));
#6089=CARTESIAN_POINT('',(2.281042470151E1,-3.398758923999E1,1.366769814052E0));
#6090=CARTESIAN_POINT('',(2.283637859142E1,-3.397630487794E1,1.373112789648E0));
#6091=CARTESIAN_POINT('',(2.286022094771E1,-3.396600981422E1,1.379522528971E0));
#6092=CARTESIAN_POINT('',(2.288209025001E1,-3.395665342349E1,1.386050445471E0));
#6093=CARTESIAN_POINT('',(2.290209746450E1,-3.394814221659E1,1.392678245916E0));
#6094=CARTESIAN_POINT('',(2.292032748194E1,-3.394045547246E1,1.399487662945E0));
#6095=CARTESIAN_POINT('',(2.293685905941E1,-3.393351952251E1,1.406487298581E0));
#6096=CARTESIAN_POINT('',(2.295172431348E1,-3.392733594987E1,1.413809307974E0));
#6097=CARTESIAN_POINT('',(2.296491265619E1,-3.392187899441E1,1.421535913640E0));
#6098=CARTESIAN_POINT('',(2.297619255862E1,-3.391725755586E1,1.429822711359E0));
#6099=CARTESIAN_POINT('',(2.298548331278E1,-3.391348221242E1,1.439053772593E0));
#6100=CARTESIAN_POINT('',(2.299162706911E1,-3.391104033268E1,1.449407899634E0));
#6101=CARTESIAN_POINT('',(2.299274283361E1,-3.391065541734E1,1.456425838259E0));
#6102=CARTESIAN_POINT('',(2.299253869529E1,-3.391077957265E1,1.460000000003E0));
#6104=CARTESIAN_POINT('',(2.120782987028E1,-3.566565630520E1,1.460000000010E0));
#6105=CARTESIAN_POINT('',(2.120770071417E1,-3.566586069733E1,1.456258800379E0));
#6106=CARTESIAN_POINT('',(2.120812323047E1,-3.566467471801E1,1.448917852579E0));
#6107=CARTESIAN_POINT('',(2.121077603514E1,-3.565822842105E1,1.438162213656E0));
#6108=CARTESIAN_POINT('',(2.121484964140E1,-3.564849492458E1,1.428489953995E0));
#6109=CARTESIAN_POINT('',(2.121985377507E1,-3.563667498699E1,1.419873636182E0));
#6110=CARTESIAN_POINT('',(2.122574509229E1,-3.562286128282E1,1.411802837269E0));
#6111=CARTESIAN_POINT('',(2.123245199578E1,-3.560725442362E1,1.404181489984E0));
#6112=CARTESIAN_POINT('',(2.123996615373E1,-3.558987913165E1,1.396864347784E0));
#6113=CARTESIAN_POINT('',(2.124831965101E1,-3.557070150729E1,1.389783661941E0));
#6114=CARTESIAN_POINT('',(2.125756964708E1,-3.554961422888E1,1.382865951439E0));
#6115=CARTESIAN_POINT('',(2.126776690594E1,-3.552653620476E1,1.376083389672E0));
#6116=CARTESIAN_POINT('',(2.127899545782E1,-3.550133004859E1,1.369415520626E0));
#6117=CARTESIAN_POINT('',(2.129132988035E1,-3.547385608007E1,1.362844613876E0));
#6118=CARTESIAN_POINT('',(2.130488488321E1,-3.544394286988E1,1.356382914867E0));
#6119=CARTESIAN_POINT('',(2.131975472976E1,-3.541141016545E1,1.350029467534E0));
#6120=CARTESIAN_POINT('',(2.133608543876E1,-3.537605228183E1,1.343823550500E0));
#6121=CARTESIAN_POINT('',(2.135400059829E1,-3.533764133600E1,1.337789799756E0));
#6122=CARTESIAN_POINT('',(2.137367844110E1,-3.529593316447E1,1.331998686347E0));
#6123=CARTESIAN_POINT('',(2.139528606885E1,-3.525064525875E1,1.326519387386E0));
#6124=CARTESIAN_POINT('',(2.141903900523E1,-3.520147504445E1,1.321469363493E0));
#6125=CARTESIAN_POINT('',(2.144516670168E1,-3.514807889783E1,1.316997589232E0));
#6126=CARTESIAN_POINT('',(2.147393026434E1,-3.509007138415E1,1.313315350380E0));
#6127=CARTESIAN_POINT('',(2.150564578703E1,-3.502702139926E1,1.310719777719E0));
#6128=CARTESIAN_POINT('',(2.152903501388E1,-3.498118315619E1,1.310000009698E0));
#6129=CARTESIAN_POINT('',(2.154129487501E1,-3.495735735174E1,1.310000000086E0));
#6131=CARTESIAN_POINT('',(2.58336E1,-3.85851E1,1.81E0));
#6132=DIRECTION('',(0.E0,0.E0,1.E0));
#6133=DIRECTION('',(-5.203795243973E-1,8.539350974097E-1,0.E0));
#6134=AXIS2_PLACEMENT_3D('',#6131,#6132,#6133);
#6136=CARTESIAN_POINT('',(2.121112531293E1,-3.566044142720E1,1.81E0));
#6137=CARTESIAN_POINT('',(2.121075887751E1,-3.566102058489E1,1.771081177707E0));
#6138=CARTESIAN_POINT('',(2.121002618647E1,-3.566217908007E1,1.693263488726E0));
#6139=CARTESIAN_POINT('',(2.120892776189E1,-3.566391740804E1,1.576596822049E0));
#6140=CARTESIAN_POINT('',(2.120819574204E1,-3.566507659248E1,1.498858955492E0));
#6141=CARTESIAN_POINT('',(2.120782987028E1,-3.566565630520E1,1.460000000010E0));
#6143=CARTESIAN_POINT('',(2.58336E1,-3.85851E1,1.46E0));
#6144=DIRECTION('',(0.E0,0.E0,1.E0));
#6145=DIRECTION('',(-5.193896283340E-1,8.545375439260E-1,0.E0));
#6146=AXIS2_PLACEMENT_3D('',#6143,#6144,#6145);
#6148=CARTESIAN_POINT('',(2.299253869529E1,-3.391077957265E1,1.460000000003E0));
#6149=CARTESIAN_POINT('',(2.299193676310E1,-3.391114542824E1,1.498857237761E0));
#6150=CARTESIAN_POINT('',(2.299073315113E1,-3.391187742912E1,1.576592814031E0));
#6151=CARTESIAN_POINT('',(2.298892821831E1,-3.391297585263E1,1.693259480712E0));
#6152=CARTESIAN_POINT('',(2.298772534334E1,-3.391370856548E1,1.771079459987E0));
#6153=CARTESIAN_POINT('',(2.298712400169E1,-3.391407501708E1,1.81E0));
#6155=DIRECTION('',(1.E0,0.E0,-7.087316806489E-9));
#6156=VECTOR('',#6155,6.161807295709E-1);
#6157=CARTESIAN_POINT('',(2.16436E1,-3.424779487501E1,1.31E0));
#6158=LINE('',#6157,#6156);
#6159=CARTESIAN_POINT('',(2.58336E1,-3.85851E1,1.31E0));
#6160=DIRECTION('',(0.E0,0.E0,1.E0));
#6161=DIRECTION('',(-6.359108996288E-1,7.717624814237E-1,0.E0));
#6162=AXIS2_PLACEMENT_3D('',#6159,#6160,#6161);
#6164=DIRECTION('',(0.E0,1.E0,-1.416863274124E-10));
#6165=VECTOR('',#6164,6.072573517413E-1);
#6166=CARTESIAN_POINT('',(2.154129487501E1,-3.495735735174E1,1.310000000086E0));
#6167=LINE('',#6166,#6165);
#6168=CARTESIAN_POINT('',(2.16436E1,-3.43501E1,1.31E0));
#6169=DIRECTION('',(0.E0,0.E0,-1.E0));
#6170=DIRECTION('',(-1.E0,0.E0,0.E0));
#6171=AXIS2_PLACEMENT_3D('',#6168,#6169,#6170);
#6173=CARTESIAN_POINT('',(2.58336E1,-3.73351E1,2.084E0));
#6174=DIRECTION('',(0.E0,0.E0,1.E0));
#6175=DIRECTION('',(0.E0,1.E0,0.E0));
#6176=AXIS2_PLACEMENT_3D('',#6173,#6174,#6175);
#6178=DIRECTION('',(0.E0,0.E0,-1.E0));
#6179=VECTOR('',#6178,1.26E-1);
#6180=CARTESIAN_POINT('',(2.58336E1,-3.69401E1,2.21E0));
#6181=LINE('',#6180,#6179);
#6182=CARTESIAN_POINT('',(2.58336E1,-3.73351E1,2.084E0));
#6183=DIRECTION('',(0.E0,0.E0,1.E0));
#6184=DIRECTION('',(0.E0,-1.E0,0.E0));
#6185=AXIS2_PLACEMENT_3D('',#6182,#6183,#6184);
#6187=DIRECTION('',(0.E0,0.E0,-1.E0));
#6188=VECTOR('',#6187,1.26E-1);
#6189=CARTESIAN_POINT('',(2.58336E1,-3.77301E1,2.21E0));
#6190=LINE('',#6189,#6188);
#6191=CARTESIAN_POINT('',(2.230386334039E1,-3.97951E1,2.2E0));
#6192=DIRECTION('',(0.E0,1.E0,0.E0));
#6193=DIRECTION('',(-1.869849304632E-14,0.E0,1.E0));
#6194=AXIS2_PLACEMENT_3D('',#6191,#6192,#6193);
#6196=CARTESIAN_POINT('',(2.21736E1,-3.97951E1,2.39E0));
#6197=DIRECTION('',(0.E0,0.E0,1.E0));
#6198=DIRECTION('',(1.E0,0.E0,0.E0));
#6199=AXIS2_PLACEMENT_3D('',#6196,#6197,#6198);
#6201=CARTESIAN_POINT('',(2.21736E1,-3.97951E1,2.39E0));
#6202=DIRECTION('',(0.E0,0.E0,1.E0));
#6203=DIRECTION('',(-1.E0,0.E0,0.E0));
#6204=AXIS2_PLACEMENT_3D('',#6201,#6202,#6203);
#6206=CARTESIAN_POINT('',(2.204333665961E1,-3.97951E1,2.2E0));
#6207=DIRECTION('',(0.E0,-1.E0,0.E0));
#6208=DIRECTION('',(0.E0,0.E0,1.E0));
#6209=AXIS2_PLACEMENT_3D('',#6206,#6207,#6208);
#6211=CARTESIAN_POINT('',(3.07848E1,-4.3561E1,0.E0));
#6212=CARTESIAN_POINT('',(2.08788E1,-4.3561E1,0.E0));
#6213=VERTEX_POINT('',#6211);
#6214=VERTEX_POINT('',#6212);
#6215=CARTESIAN_POINT('',(2.08788E1,-3.1115E1,0.E0));
#6216=VERTEX_POINT('',#6215);
#6217=CARTESIAN_POINT('',(3.07848E1,-3.1115E1,0.E0));
#6218=VERTEX_POINT('',#6217);
#6219=CARTESIAN_POINT('',(3.07848E1,-4.3561E1,-1.016E0));
#6220=CARTESIAN_POINT('',(2.08788E1,-4.3561E1,-1.016E0));
#6221=VERTEX_POINT('',#6219);
#6222=VERTEX_POINT('',#6220);
#6223=CARTESIAN_POINT('',(2.08788E1,-3.1115E1,-1.016E0));
#6224=VERTEX_POINT('',#6223);
#6225=CARTESIAN_POINT('',(3.07848E1,-3.1115E1,-1.016E0));
#6226=VERTEX_POINT('',#6225);
#6227=CARTESIAN_POINT('',(2.1135E1,-3.423073485520E1,3.E-2));
#6228=CARTESIAN_POINT('',(2.152273485520E1,-3.3843E1,3.E-2));
#6229=VERTEX_POINT('',#6227);
#6230=VERTEX_POINT('',#6228);
#6231=CARTESIAN_POINT('',(2.152273485520E1,-4.08272E1,3.E-2));
#6232=CARTESIAN_POINT('',(2.1135E1,-4.043946514480E1,3.E-2));
#6233=VERTEX_POINT('',#6231);
#6234=VERTEX_POINT('',#6232);
#6235=CARTESIAN_POINT('',(3.05322E1,-4.043946514480E1,3.E-2));
#6236=CARTESIAN_POINT('',(3.014446514480E1,-4.08272E1,3.E-2));
#6237=VERTEX_POINT('',#6235);
#6238=VERTEX_POINT('',#6236);
#6239=CARTESIAN_POINT('',(3.014446514480E1,-3.3843E1,3.E-2));
#6240=CARTESIAN_POINT('',(3.05322E1,-3.423073485520E1,3.E-2));
#6241=VERTEX_POINT('',#6239);
#6242=VERTEX_POINT('',#6240);
#6243=CARTESIAN_POINT('',(3.014446514480E1,-3.3843E1,0.E0));
#6244=CARTESIAN_POINT('',(2.152273485520E1,-3.3843E1,0.E0));
#6245=VERTEX_POINT('',#6243);
#6246=VERTEX_POINT('',#6244);
#6247=CARTESIAN_POINT('',(2.1135E1,-3.423073485520E1,0.E0));
#6248=CARTESIAN_POINT('',(2.1135E1,-4.043946514480E1,0.E0));
#6249=VERTEX_POINT('',#6247);
#6250=VERTEX_POINT('',#6248);
#6251=CARTESIAN_POINT('',(2.152273485520E1,-4.08272E1,0.E0));
#6252=CARTESIAN_POINT('',(3.014446514480E1,-4.08272E1,0.E0));
#6253=VERTEX_POINT('',#6251);
#6254=VERTEX_POINT('',#6252);
#6255=CARTESIAN_POINT('',(3.05322E1,-4.043946514480E1,0.E0));
#6256=CARTESIAN_POINT('',(3.05322E1,-3.423073485520E1,0.E0));
#6257=VERTEX_POINT('',#6255);
#6258=VERTEX_POINT('',#6256);
#6259=CARTESIAN_POINT('',(3.05336E1,-3.43501E1,3.E-2));
#6260=CARTESIAN_POINT('',(3.05336E1,-4.03201E1,3.E-2));
#6261=VERTEX_POINT('',#6259);
#6262=VERTEX_POINT('',#6260);
#6263=CARTESIAN_POINT('',(3.00236E1,-4.08301E1,3.E-2));
#6264=CARTESIAN_POINT('',(2.16436E1,-4.08301E1,3.E-2));
#6265=VERTEX_POINT('',#6263);
#6266=VERTEX_POINT('',#6264);
#6267=CARTESIAN_POINT('',(2.16436E1,-3.38401E1,3.E-2));
#6268=CARTESIAN_POINT('',(3.00236E1,-3.38401E1,3.E-2));
#6269=VERTEX_POINT('',#6267);
#6270=VERTEX_POINT('',#6268);
#6271=CARTESIAN_POINT('',(2.11336E1,-4.03201E1,3.E-2));
#6272=CARTESIAN_POINT('',(2.11336E1,-3.43501E1,3.E-2));
#6273=VERTEX_POINT('',#6271);
#6274=VERTEX_POINT('',#6272);
#6275=CARTESIAN_POINT('',(2.58336E1,-3.69401E1,2.21E0));
#6276=CARTESIAN_POINT('',(2.58336E1,-3.77301E1,2.21E0));
#6277=VERTEX_POINT('',#6275);
#6278=VERTEX_POINT('',#6276);
#6279=CARTESIAN_POINT('',(2.154914905602E1,-3.587431863452E1,2.21E0));
#6280=CARTESIAN_POINT('',(2.154914905602E1,-4.03201E1,2.21E0));
#6281=VERTEX_POINT('',#6279);
#6282=VERTEX_POINT('',#6280);
#6283=CARTESIAN_POINT('',(2.114916428680E1,-3.587431042704E1,1.813490614199E0));
#6284=CARTESIAN_POINT('',(2.114916428680E1,-4.032009999963E1,1.813490614200E0));
#6285=VERTEX_POINT('',#6283);
#6286=VERTEX_POINT('',#6284);
#6287=CARTESIAN_POINT('',(2.16436E1,-4.041455094398E1,2.21E0));
#6288=VERTEX_POINT('',#6287);
#6289=CARTESIAN_POINT('',(2.16436E1,-4.081453571320E1,1.813490614199E0));
#6290=VERTEX_POINT('',#6289);
#6291=CARTESIAN_POINT('',(3.00236E1,-4.041455094398E1,2.21E0));
#6292=VERTEX_POINT('',#6291);
#6293=CARTESIAN_POINT('',(3.002359999963E1,-4.081453571320E1,1.813490614200E0));
#6294=VERTEX_POINT('',#6293);
#6295=CARTESIAN_POINT('',(3.011805094398E1,-4.03201E1,2.21E0));
#6296=VERTEX_POINT('',#6295);
#6297=CARTESIAN_POINT('',(3.051803571320E1,-4.03201E1,1.813490614199E0));
#6298=VERTEX_POINT('',#6297);
#6299=CARTESIAN_POINT('',(3.011805094398E1,-3.587431905375E1,2.21E0));
#6300=VERTEX_POINT('',#6299);
#6301=CARTESIAN_POINT('',(3.051803571320E1,-3.587431042704E1,1.813490614199E0));
#6302=VERTEX_POINT('',#6301);
#6303=CARTESIAN_POINT('',(2.847191662975E1,-3.425564905602E1,2.21E0));
#6304=CARTESIAN_POINT('',(2.319528335337E1,-3.425564905602E1,2.21E0));
#6305=VERTEX_POINT('',#6303);
#6306=VERTEX_POINT('',#6304);
#6307=CARTESIAN_POINT('',(2.847192418857E1,-3.385566428680E1,1.813490614199E0));
#6308=CARTESIAN_POINT('',(2.319527581143E1,-3.385566428680E1,1.813490614199E0));
#6309=VERTEX_POINT('',#6307);
#6310=VERTEX_POINT('',#6308);
#6311=CARTESIAN_POINT('',(2.121112531291E1,-3.566044142725E1,1.81E0));
#6312=VERTEX_POINT('',#6311);
#6313=CARTESIAN_POINT('',(2.298712400174E1,-3.391407501705E1,1.81E0));
#6314=VERTEX_POINT('',#6313);
#6315=CARTESIAN_POINT('',(3.045607468709E1,-3.566044142725E1,1.81E0));
#6316=VERTEX_POINT('',#6315);
#6317=CARTESIAN_POINT('',(2.868007599826E1,-3.391407501705E1,1.81E0));
#6318=VERTEX_POINT('',#6317);
#6319=VERTEX_POINT('',#5695);
#6320=VERTEX_POINT('',#5798);
#6321=VERTEX_POINT('',#5688);
#6322=VERTEX_POINT('',#5920);
#6323=CARTESIAN_POINT('',(3.002359999990E1,-3.384781010578E1,
9.134906141994E-1));
#6324=VERTEX_POINT('',#6323);
#6325=CARTESIAN_POINT('',(3.00236E1,-3.424779487501E1,1.31E0));
#6326=VERTEX_POINT('',#6325);
#6327=CARTESIAN_POINT('',(3.052588989422E1,-3.43501E1,9.134906141993E-1));
#6328=VERTEX_POINT('',#6327);
#6329=CARTESIAN_POINT('',(3.012590512499E1,-3.43501E1,1.31E0));
#6330=VERTEX_POINT('',#6329);
#6331=CARTESIAN_POINT('',(3.052588991844E1,-3.495735735285E1,
9.134906144107E-1));
#6332=VERTEX_POINT('',#6331);
#6333=CARTESIAN_POINT('',(3.012590512499E1,-3.495735735120E1,1.310000000079E0));
#6334=VERTEX_POINT('',#6333);
#6335=VERTEX_POINT('',#5870);
#6336=VERTEX_POINT('',#5947);
#6337=VERTEX_POINT('',#6148);
#6338=VERTEX_POINT('',#5639);
#6339=VERTEX_POINT('',#5646);
#6340=VERTEX_POINT('',#6076);
#6341=CARTESIAN_POINT('',(2.164360000009E1,-3.384781010578E1,
9.134906141994E-1));
#6342=VERTEX_POINT('',#6341);
#6343=CARTESIAN_POINT('',(2.16436E1,-3.424779487501E1,1.31E0));
#6344=VERTEX_POINT('',#6343);
#6345=CARTESIAN_POINT('',(2.114131010578E1,-3.43501E1,9.134906141993E-1));
#6346=VERTEX_POINT('',#6345);
#6347=CARTESIAN_POINT('',(2.154129487501E1,-3.43501E1,1.31E0));
#6348=VERTEX_POINT('',#6347);
#6349=CARTESIAN_POINT('',(2.114131008104E1,-3.495735735285E1,
9.134906144153E-1));
#6350=VERTEX_POINT('',#6349);
#6351=CARTESIAN_POINT('',(2.154129487501E1,-3.495735735174E1,1.310000000086E0));
#6352=VERTEX_POINT('',#6351);
#6353=VERTEX_POINT('',#5995);
#6354=VERTEX_POINT('',#6104);
#6355=CARTESIAN_POINT('',(2.230386334039E1,-3.97951E1,2.39E0));
#6356=CARTESIAN_POINT('',(2.204333665961E1,-3.97951E1,2.39E0));
#6357=VERTEX_POINT('',#6355);
#6358=VERTEX_POINT('',#6356);
#6359=CARTESIAN_POINT('',(2.24936E1,-3.97951E1,2.21E0));
#6360=CARTESIAN_POINT('',(2.18536E1,-3.97951E1,2.21E0));
#6361=VERTEX_POINT('',#6359);
#6362=VERTEX_POINT('',#6360);
#6363=CARTESIAN_POINT('',(3.007791012797E1,-3.3843E1,3.E-2));
#6364=CARTESIAN_POINT('',(3.05322E1,-3.431233705520E1,3.E-2));
#6365=VERTEX_POINT('',#6363);
#6366=VERTEX_POINT('',#6364);
#6367=CARTESIAN_POINT('',(2.1135E1,-3.431233705520E1,3.E-2));
#6368=CARTESIAN_POINT('',(2.158928987203E1,-3.3843E1,3.E-2));
#6369=VERTEX_POINT('',#6367);
#6370=VERTEX_POINT('',#6368);
#6371=CARTESIAN_POINT('',(2.158928987203E1,-4.08272E1,3.E-2));
#6372=CARTESIAN_POINT('',(2.1135E1,-4.035786294480E1,3.E-2));
#6373=VERTEX_POINT('',#6371);
#6374=VERTEX_POINT('',#6372);
#6375=CARTESIAN_POINT('',(3.05322E1,-4.035786294480E1,3.E-2));
#6376=CARTESIAN_POINT('',(3.007791012797E1,-4.08272E1,3.E-2));
#6377=VERTEX_POINT('',#6375);
#6378=VERTEX_POINT('',#6376);
#6379=CARTESIAN_POINT('',(2.152093485520E1,-4.0835E1,-1.046E0));
#6380=CARTESIAN_POINT('',(3.014266514480E1,-4.0835E1,-1.046E0));
#6381=VERTEX_POINT('',#6379);
#6382=VERTEX_POINT('',#6380);
#6383=CARTESIAN_POINT('',(2.11332E1,-3.423853485520E1,-1.046E0));
#6384=CARTESIAN_POINT('',(2.152093485520E1,-3.38508E1,-1.046E0));
#6385=VERTEX_POINT('',#6383);
#6386=VERTEX_POINT('',#6384);
#6387=CARTESIAN_POINT('',(2.11332E1,-4.044726514480E1,-1.046E0));
#6388=VERTEX_POINT('',#6387);
#6389=CARTESIAN_POINT('',(3.05304E1,-4.044726514480E1,-1.046E0));
#6390=VERTEX_POINT('',#6389);
#6391=CARTESIAN_POINT('',(3.014266514480E1,-3.38508E1,-1.046E0));
#6392=CARTESIAN_POINT('',(3.05304E1,-3.423853485520E1,-1.046E0));
#6393=VERTEX_POINT('',#6391);
#6394=VERTEX_POINT('',#6392);
#6395=CARTESIAN_POINT('',(3.014266514480E1,-3.38508E1,-1.016E0));
#6396=CARTESIAN_POINT('',(2.152093485520E1,-3.38508E1,-1.016E0));
#6397=VERTEX_POINT('',#6395);
#6398=VERTEX_POINT('',#6396);
#6399=CARTESIAN_POINT('',(2.11332E1,-3.423853485520E1,-1.016E0));
#6400=CARTESIAN_POINT('',(2.11332E1,-4.044726514480E1,-1.016E0));
#6401=VERTEX_POINT('',#6399);
#6402=VERTEX_POINT('',#6400);
#6403=CARTESIAN_POINT('',(2.152093485520E1,-4.0835E1,-1.016E0));
#6404=CARTESIAN_POINT('',(3.014266514480E1,-4.0835E1,-1.016E0));
#6405=VERTEX_POINT('',#6403);
#6406=VERTEX_POINT('',#6404);
#6407=CARTESIAN_POINT('',(3.05304E1,-4.044726514480E1,-1.016E0));
#6408=CARTESIAN_POINT('',(3.05304E1,-3.423853485520E1,-1.016E0));
#6409=VERTEX_POINT('',#6407);
#6410=VERTEX_POINT('',#6408);
#6411=CARTESIAN_POINT('',(3.05328E1,-3.98329E1,-1.046E0));
#6412=CARTESIAN_POINT('',(3.05328E1,-3.48429E1,-1.046E0));
#6413=VERTEX_POINT('',#6411);
#6414=VERTEX_POINT('',#6412);
#6415=CARTESIAN_POINT('',(2.95328E1,-3.38429E1,-1.046E0));
#6416=CARTESIAN_POINT('',(2.21328E1,-3.38429E1,-1.046E0));
#6417=VERTEX_POINT('',#6415);
#6418=VERTEX_POINT('',#6416);
#6419=CARTESIAN_POINT('',(3.37098E1,-3.53229E1,-1.631E0));
#6420=CARTESIAN_POINT('',(3.293855664801E1,-3.53229E1,-1.437039708714E0));
#6421=VERTEX_POINT('',#6419);
#6422=VERTEX_POINT('',#6420);
#6423=CARTESIAN_POINT('',(3.26898E1,-3.53229E1,-1.634E0));
#6424=VERTEX_POINT('',#6423);
#6425=CARTESIAN_POINT('',(3.37098E1,-3.53229E1,-3.161E0));
#6426=CARTESIAN_POINT('',(3.293855664801E1,-3.53229E1,-3.354960291286E0));
#6427=VERTEX_POINT('',#6425);
#6428=VERTEX_POINT('',#6426);
#6429=CARTESIAN_POINT('',(3.26898E1,-3.53229E1,-3.158E0));
#6430=VERTEX_POINT('',#6429);
#6431=CARTESIAN_POINT('',(3.37098E1,-3.53229E1,-1.886E0));
#6432=CARTESIAN_POINT('',(3.37098E1,-3.53229E1,-2.906E0));
#6433=VERTEX_POINT('',#6431);
#6434=VERTEX_POINT('',#6432);
#6435=CARTESIAN_POINT('',(3.26898E1,-3.53229E1,-3.156E0));
#6436=CARTESIAN_POINT('',(3.26898E1,-3.53229E1,-1.636E0));
#6437=VERTEX_POINT('',#6435);
#6438=VERTEX_POINT('',#6436);
#6439=CARTESIAN_POINT('',(3.011410927157E1,-3.48429E1,-3.586E0));
#6440=CARTESIAN_POINT('',(3.011410927157E1,-3.98329E1,-3.586E0));
#6441=VERTEX_POINT('',#6439);
#6442=VERTEX_POINT('',#6440);
#6443=CARTESIAN_POINT('',(2.95328E1,-3.426159072843E1,-3.586E0));
#6444=VERTEX_POINT('',#6443);
#6445=CARTESIAN_POINT('',(2.21328E1,-3.426159072843E1,-3.586E0));
#6446=VERTEX_POINT('',#6445);
#6447=CARTESIAN_POINT('',(2.213280000005E1,-3.386160595920E1,
-3.189490614199E0));
#6448=CARTESIAN_POINT('',(2.953279999982E1,-3.386160595920E1,
-3.189490614199E0));
#6449=VERTEX_POINT('',#6447);
#6450=VERTEX_POINT('',#6448);
#6451=CARTESIAN_POINT('',(2.155149072843E1,-3.48429E1,-3.586E0));
#6452=VERTEX_POINT('',#6451);
#6453=CARTESIAN_POINT('',(2.115150595920E1,-3.48429E1,-3.189490614199E0));
#6454=VERTEX_POINT('',#6453);
#6455=CARTESIAN_POINT('',(2.155149072843E1,-3.98329E1,-3.586E0));
#6456=VERTEX_POINT('',#6455);
#6457=CARTESIAN_POINT('',(2.115150595920E1,-3.983289999995E1,
-3.189490614199E0));
#6458=VERTEX_POINT('',#6457);
#6459=CARTESIAN_POINT('',(2.21328E1,-4.041420927157E1,-3.586E0));
#6460=VERTEX_POINT('',#6459);
#6461=CARTESIAN_POINT('',(2.21328E1,-4.081419404080E1,-3.189490614199E0));
#6462=VERTEX_POINT('',#6461);
#6463=CARTESIAN_POINT('',(2.95328E1,-4.041420927157E1,-3.586E0));
#6464=VERTEX_POINT('',#6463);
#6465=CARTESIAN_POINT('',(2.953279999995E1,-4.081419404080E1,
-3.189490614199E0));
#6466=VERTEX_POINT('',#6465);
#6467=CARTESIAN_POINT('',(3.051409404080E1,-3.98329E1,-3.189490614199E0));
#6468=VERTEX_POINT('',#6467);
#6469=VERTEX_POINT('',#835);
#6470=VERTEX_POINT('',#840);
#6471=VERTEX_POINT('',#904);
#6472=VERTEX_POINT('',#909);
#6473=VERTEX_POINT('',#858);
#6474=VERTEX_POINT('',#965);
#6475=VERTEX_POINT('',#811);
#6476=VERTEX_POINT('',#984);
#6477=VERTEX_POINT('',#818);
#6478=VERTEX_POINT('',#940);
#6479=VERTEX_POINT('',#892);
#6480=VERTEX_POINT('',#933);
#6481=CARTESIAN_POINT('',(2.113293333333E1,-3.48429E1,-1.046E0));
#6482=CARTESIAN_POINT('',(2.113293333333E1,-3.98329E1,-1.046E0));
#6483=VERTEX_POINT('',#6481);
#6484=VERTEX_POINT('',#6482);
#6485=CARTESIAN_POINT('',(2.21328E1,-4.08329E1,-1.046E0));
#6486=CARTESIAN_POINT('',(2.95328E1,-4.08329E1,-1.046E0));
#6487=VERTEX_POINT('',#6485);
#6488=VERTEX_POINT('',#6486);
#6489=CARTESIAN_POINT('',(3.05304E1,-3.990214045061E1,-1.046E0));
#6490=VERTEX_POINT('',#6489);
#6491=VERTEX_POINT('',#603);
#6492=CARTESIAN_POINT('',(2.200735044839E1,-3.38508E1,-1.046E0));
#6493=CARTESIAN_POINT('',(2.11332E1,-3.481461855732E1,-1.046E0));
#6494=VERTEX_POINT('',#6492);
#6495=VERTEX_POINT('',#6493);
#6496=CARTESIAN_POINT('',(3.05304E1,-3.477365954939E1,-1.046E0));
#6497=CARTESIAN_POINT('',(2.965824955161E1,-3.38508E1,-1.046E0));
#6498=VERTEX_POINT('',#6496);
#6499=VERTEX_POINT('',#6497);
#6500=CARTESIAN_POINT('',(2.1107E1,-3.0915E1,-1.221570795286E0));
#6501=CARTESIAN_POINT('',(2.1107E1,-3.0915E1,1.3E-1));
#6502=VERTEX_POINT('',#6500);
#6503=VERTEX_POINT('',#6501);
#6504=CARTESIAN_POINT('',(2.1107E1,-3.1065E1,2.8E-1));
#6505=CARTESIAN_POINT('',(2.1107E1,-3.2515E1,2.8E-1));
#6506=VERTEX_POINT('',#6504);
#6507=VERTEX_POINT('',#6505);
#6508=CARTESIAN_POINT('',(2.2937E1,-3.0915E1,-1.221570795286E0));
#6509=CARTESIAN_POINT('',(2.2937E1,-3.0915E1,1.3E-1));
#6510=VERTEX_POINT('',#6508);
#6511=VERTEX_POINT('',#6509);
#6512=CARTESIAN_POINT('',(2.2937E1,-3.1065E1,2.8E-1));
#6513=CARTESIAN_POINT('',(2.2937E1,-3.2515E1,2.8E-1));
#6514=VERTEX_POINT('',#6512);
#6515=VERTEX_POINT('',#6513);
#6516=CARTESIAN_POINT('',(2.1107E1,-3.0665E1,-1.221570795286E0));
#6517=CARTESIAN_POINT('',(2.1107E1,-3.0665E1,1.3E-1));
#6518=VERTEX_POINT('',#6516);
#6519=VERTEX_POINT('',#6517);
#6520=CARTESIAN_POINT('',(2.1107E1,-3.1065E1,5.3E-1));
#6521=CARTESIAN_POINT('',(2.1107E1,-3.2515E1,5.3E-1));
#6522=VERTEX_POINT('',#6520);
#6523=VERTEX_POINT('',#6521);
#6524=CARTESIAN_POINT('',(2.2937E1,-3.0665E1,-1.221570795286E0));
#6525=CARTESIAN_POINT('',(2.2937E1,-3.0665E1,1.3E-1));
#6526=VERTEX_POINT('',#6524);
#6527=VERTEX_POINT('',#6525);
#6528=CARTESIAN_POINT('',(2.2937E1,-3.1065E1,5.3E-1));
#6529=CARTESIAN_POINT('',(2.2937E1,-3.2515E1,5.3E-1));
#6530=VERTEX_POINT('',#6528);
#6531=VERTEX_POINT('',#6529);
#6532=CARTESIAN_POINT('',(2.1107E1,-3.2895E1,-1.212039516665E0));
#6533=CARTESIAN_POINT('',(2.1107E1,-3.107807336141E1,-1.371E0));
#6534=VERTEX_POINT('',#6532);
#6535=VERTEX_POINT('',#6533);
#6536=CARTESIAN_POINT('',(2.2937E1,-3.2895E1,-1.212039516665E0));
#6537=CARTESIAN_POINT('',(2.2937E1,-3.107807336141E1,-1.371E0));
#6538=VERTEX_POINT('',#6536);
#6539=VERTEX_POINT('',#6537);
#6540=CARTESIAN_POINT('',(2.1107E1,-3.291678893569E1,-1.461088191188E0));
#6541=CARTESIAN_POINT('',(2.1107E1,-3.109986229710E1,-1.620048674523E0));
#6542=VERTEX_POINT('',#6540);
#6543=VERTEX_POINT('',#6541);
#6544=CARTESIAN_POINT('',(2.2937E1,-3.291678893569E1,-1.461088191188E0));
#6545=CARTESIAN_POINT('',(2.2937E1,-3.109986229710E1,-1.620048674523E0));
#6546=VERTEX_POINT('',#6544);
#6547=VERTEX_POINT('',#6545);
#6548=CARTESIAN_POINT('',(2.1567E1,-3.224933848797E1,-1.519482538829E0));
#6549=CARTESIAN_POINT('',(2.2477E1,-3.224933848797E1,-1.519482538829E0));
#6550=VERTEX_POINT('',#6548);
#6551=VERTEX_POINT('',#6549);
#6552=CARTESIAN_POINT('',(2.135722509221E1,-3.222754955228E1,
-1.270433864306E0));
#6553=CARTESIAN_POINT('',(2.268677490779E1,-3.222754955228E1,
-1.270433864306E0));
#6554=VERTEX_POINT('',#6552);
#6555=VERTEX_POINT('',#6553);
#6556=CARTESIAN_POINT('',(2.2022E1,-3.115E1,2.8E-1));
#6557=CARTESIAN_POINT('',(2.2022E1,-3.25E1,2.8E-1));
#6558=VERTEX_POINT('',#6556);
#6559=VERTEX_POINT('',#6557);
#6560=CARTESIAN_POINT('',(2.2022E1,-3.140914646239E1,2.5E-1));
#6561=CARTESIAN_POINT('',(2.2022E1,-3.224085353761E1,2.5E-1));
#6562=VERTEX_POINT('',#6560);
#6563=VERTEX_POINT('',#6561);
#6564=CARTESIAN_POINT('',(2.2022E1,-3.135977490779E1,5.3E-1));
#6565=CARTESIAN_POINT('',(2.2022E1,-3.229022509221E1,5.3E-1));
#6566=VERTEX_POINT('',#6564);
#6567=VERTEX_POINT('',#6565);
#6568=CARTESIAN_POINT('',(2.2937E1,-3.1065E1,1.04E0));
#6569=CARTESIAN_POINT('',(2.2657E1,-3.1065E1,1.04E0));
#6570=VERTEX_POINT('',#6568);
#6571=VERTEX_POINT('',#6569);
#6572=CARTESIAN_POINT('',(2.1387E1,-3.1065E1,1.04E0));
#6573=CARTESIAN_POINT('',(2.1107E1,-3.1065E1,1.04E0));
#6574=VERTEX_POINT('',#6572);
#6575=VERTEX_POINT('',#6573);
#6576=CARTESIAN_POINT('',(2.1107E1,-3.2515E1,1.04E0));
#6577=VERTEX_POINT('',#6576);
#6578=CARTESIAN_POINT('',(2.2937E1,-3.2515E1,1.04E0));
#6579=VERTEX_POINT('',#6578);
#6580=CARTESIAN_POINT('',(2.2937E1,-3.1065E1,7.9E-1));
#6581=CARTESIAN_POINT('',(2.2657E1,-3.1065E1,7.9E-1));
#6582=VERTEX_POINT('',#6580);
#6583=VERTEX_POINT('',#6581);
#6584=CARTESIAN_POINT('',(2.1387E1,-3.1065E1,7.9E-1));
#6585=CARTESIAN_POINT('',(2.1107E1,-3.1065E1,7.9E-1));
#6586=VERTEX_POINT('',#6584);
#6587=VERTEX_POINT('',#6585);
#6588=CARTESIAN_POINT('',(2.1107E1,-3.2515E1,7.9E-1));
#6589=VERTEX_POINT('',#6588);
#6590=CARTESIAN_POINT('',(2.2937E1,-3.2515E1,7.9E-1));
#6591=VERTEX_POINT('',#6590);
#6592=CARTESIAN_POINT('',(2.2657E1,-3.0915E1,1.19E0));
#6593=VERTEX_POINT('',#6592);
#6594=CARTESIAN_POINT('',(2.1387E1,-3.0915E1,1.19E0));
#6595=VERTEX_POINT('',#6594);
#6596=CARTESIAN_POINT('',(2.2657E1,-3.0665E1,1.19E0));
#6597=VERTEX_POINT('',#6596);
#6598=CARTESIAN_POINT('',(2.1387E1,-3.0665E1,1.19E0));
#6599=VERTEX_POINT('',#6598);
#6600=CARTESIAN_POINT('',(2.170909786675E1,-3.222057709286E1,
-1.190738288459E0));
#6601=CARTESIAN_POINT('',(2.233490213325E1,-3.222057709286E1,
-1.190738288459E0));
#6602=VERTEX_POINT('',#6600);
#6603=VERTEX_POINT('',#6601);
#6604=CARTESIAN_POINT('',(2.161061709145E1,-3.222777922354E1,
-1.273059018876E0));
#6605=CARTESIAN_POINT('',(2.243338290855E1,-3.222777922354E1,
-1.273059018876E0));
#6606=VERTEX_POINT('',#6604);
#6607=VERTEX_POINT('',#6605);
#6608=CARTESIAN_POINT('',(2.136441515320E1,-3.222399561457E1,
-1.229812170394E0));
#6609=CARTESIAN_POINT('',(2.267958484680E1,-3.222399561457E1,
-1.229812170394E0));
#6610=VERTEX_POINT('',#6608);
#6611=VERTEX_POINT('',#6609);
#6612=CARTESIAN_POINT('',(2.1792E1,-3.0915E1,3.81E0));
#6613=CARTESIAN_POINT('',(2.1387E1,-3.0915E1,3.405E0));
#6614=VERTEX_POINT('',#6612);
#6615=VERTEX_POINT('',#6613);
#6616=CARTESIAN_POINT('',(2.2657E1,-3.0915E1,3.405E0));
#6617=CARTESIAN_POINT('',(2.2252E1,-3.0915E1,3.81E0));
#6618=VERTEX_POINT('',#6616);
#6619=VERTEX_POINT('',#6617);
#6620=CARTESIAN_POINT('',(2.1792E1,-3.0665E1,3.81E0));
#6621=CARTESIAN_POINT('',(2.1387E1,-3.0665E1,3.405E0));
#6622=VERTEX_POINT('',#6620);
#6623=VERTEX_POINT('',#6621);
#6624=CARTESIAN_POINT('',(2.2657E1,-3.0665E1,3.405E0));
#6625=CARTESIAN_POINT('',(2.2252E1,-3.0665E1,3.81E0));
#6626=VERTEX_POINT('',#6624);
#6627=VERTEX_POINT('',#6625);
#6628=CARTESIAN_POINT('',(2.2022E1,-3.117751533632E1,1.239527733500E-1));
#6629=CARTESIAN_POINT('',(2.2022E1,-3.247248466368E1,1.239527733500E-1));
#6630=VERTEX_POINT('',#6628);
#6631=VERTEX_POINT('',#6629);
#6632=CARTESIAN_POINT('',(2.2252E1,-3.0915E1,7.62E0));
#6633=CARTESIAN_POINT('',(2.1792E1,-3.0915E1,7.62E0));
#6634=VERTEX_POINT('',#6632);
#6635=VERTEX_POINT('',#6633);
#6636=CARTESIAN_POINT('',(2.2252E1,-3.0665E1,7.62E0));
#6637=CARTESIAN_POINT('',(2.1792E1,-3.0665E1,7.62E0));
#6638=VERTEX_POINT('',#6636);
#6639=VERTEX_POINT('',#6637);
#6640=CARTESIAN_POINT('',(2.2022E1,-3.132523649927E1,0.E0));
#6641=CARTESIAN_POINT('',(2.2022E1,-3.232476350073E1,0.E0));
#6642=VERTEX_POINT('',#6640);
#6643=VERTEX_POINT('',#6641);
#6644=VERTEX_POINT('',#201);
#6645=VERTEX_POINT('',#219);
#6646=CARTESIAN_POINT('',(2.2937E1,-4.3761E1,-1.221570795286E0));
#6647=CARTESIAN_POINT('',(2.2937E1,-4.3761E1,1.3E-1));
#6648=VERTEX_POINT('',#6646);
#6649=VERTEX_POINT('',#6647);
#6650=CARTESIAN_POINT('',(2.2937E1,-4.3611E1,2.8E-1));
#6651=CARTESIAN_POINT('',(2.2937E1,-4.2161E1,2.8E-1));
#6652=VERTEX_POINT('',#6650);
#6653=VERTEX_POINT('',#6651);
#6654=CARTESIAN_POINT('',(2.1107E1,-4.3761E1,-1.221570795286E0));
#6655=CARTESIAN_POINT('',(2.1107E1,-4.3761E1,1.3E-1));
#6656=VERTEX_POINT('',#6654);
#6657=VERTEX_POINT('',#6655);
#6658=CARTESIAN_POINT('',(2.1107E1,-4.3611E1,2.8E-1));
#6659=CARTESIAN_POINT('',(2.1107E1,-4.2161E1,2.8E-1));
#6660=VERTEX_POINT('',#6658);
#6661=VERTEX_POINT('',#6659);
#6662=CARTESIAN_POINT('',(2.2937E1,-4.4011E1,-1.221570795286E0));
#6663=CARTESIAN_POINT('',(2.2937E1,-4.4011E1,1.3E-1));
#6664=VERTEX_POINT('',#6662);
#6665=VERTEX_POINT('',#6663);
#6666=CARTESIAN_POINT('',(2.2937E1,-4.3611E1,5.3E-1));
#6667=CARTESIAN_POINT('',(2.2937E1,-4.2161E1,5.3E-1));
#6668=VERTEX_POINT('',#6666);
#6669=VERTEX_POINT('',#6667);
#6670=CARTESIAN_POINT('',(2.1107E1,-4.4011E1,-1.221570795286E0));
#6671=CARTESIAN_POINT('',(2.1107E1,-4.4011E1,1.3E-1));
#6672=VERTEX_POINT('',#6670);
#6673=VERTEX_POINT('',#6671);
#6674=CARTESIAN_POINT('',(2.1107E1,-4.3611E1,5.3E-1));
#6675=CARTESIAN_POINT('',(2.1107E1,-4.2161E1,5.3E-1));
#6676=VERTEX_POINT('',#6674);
#6677=VERTEX_POINT('',#6675);
#6678=CARTESIAN_POINT('',(2.2937E1,-4.1781E1,-1.212039516665E0));
#6679=CARTESIAN_POINT('',(2.2937E1,-4.359792663859E1,-1.371E0));
#6680=VERTEX_POINT('',#6678);
#6681=VERTEX_POINT('',#6679);
#6682=CARTESIAN_POINT('',(2.1107E1,-4.1781E1,-1.212039516665E0));
#6683=CARTESIAN_POINT('',(2.1107E1,-4.359792663859E1,-1.371E0));
#6684=VERTEX_POINT('',#6682);
#6685=VERTEX_POINT('',#6683);
#6686=CARTESIAN_POINT('',(2.2937E1,-4.175921106431E1,-1.461088191188E0));
#6687=CARTESIAN_POINT('',(2.2937E1,-4.357613770290E1,-1.620048674523E0));
#6688=VERTEX_POINT('',#6686);
#6689=VERTEX_POINT('',#6687);
#6690=CARTESIAN_POINT('',(2.1107E1,-4.175921106431E1,-1.461088191188E0));
#6691=CARTESIAN_POINT('',(2.1107E1,-4.357613770290E1,-1.620048674523E0));
#6692=VERTEX_POINT('',#6690);
#6693=VERTEX_POINT('',#6691);
#6694=CARTESIAN_POINT('',(2.2477E1,-4.242666151203E1,-1.519482538829E0));
#6695=CARTESIAN_POINT('',(2.1567E1,-4.242666151203E1,-1.519482538829E0));
#6696=VERTEX_POINT('',#6694);
#6697=VERTEX_POINT('',#6695);
#6698=CARTESIAN_POINT('',(2.268677490779E1,-4.244845044772E1,
-1.270433864306E0));
#6699=CARTESIAN_POINT('',(2.135722509221E1,-4.244845044772E1,
-1.270433864306E0));
#6700=VERTEX_POINT('',#6698);
#6701=VERTEX_POINT('',#6699);
#6702=CARTESIAN_POINT('',(2.2022E1,-4.3526E1,2.8E-1));
#6703=CARTESIAN_POINT('',(2.2022E1,-4.2176E1,2.8E-1));
#6704=VERTEX_POINT('',#6702);
#6705=VERTEX_POINT('',#6703);
#6706=CARTESIAN_POINT('',(2.2022E1,-4.326685353761E1,2.5E-1));
#6707=CARTESIAN_POINT('',(2.2022E1,-4.243514646239E1,2.5E-1));
#6708=VERTEX_POINT('',#6706);
#6709=VERTEX_POINT('',#6707);
#6710=CARTESIAN_POINT('',(2.2022E1,-4.331622509221E1,5.3E-1));
#6711=CARTESIAN_POINT('',(2.2022E1,-4.238577490779E1,5.3E-1));
#6712=VERTEX_POINT('',#6710);
#6713=VERTEX_POINT('',#6711);
#6714=CARTESIAN_POINT('',(2.1107E1,-4.3611E1,1.04E0));
#6715=CARTESIAN_POINT('',(2.1387E1,-4.3611E1,1.04E0));
#6716=VERTEX_POINT('',#6714);
#6717=VERTEX_POINT('',#6715);
#6718=CARTESIAN_POINT('',(2.2657E1,-4.3611E1,1.04E0));
#6719=CARTESIAN_POINT('',(2.2937E1,-4.3611E1,1.04E0));
#6720=VERTEX_POINT('',#6718);
#6721=VERTEX_POINT('',#6719);
#6722=CARTESIAN_POINT('',(2.2937E1,-4.2161E1,1.04E0));
#6723=VERTEX_POINT('',#6722);
#6724=CARTESIAN_POINT('',(2.1107E1,-4.2161E1,1.04E0));
#6725=VERTEX_POINT('',#6724);
#6726=CARTESIAN_POINT('',(2.1107E1,-4.3611E1,7.9E-1));
#6727=CARTESIAN_POINT('',(2.1387E1,-4.3611E1,7.9E-1));
#6728=VERTEX_POINT('',#6726);
#6729=VERTEX_POINT('',#6727);
#6730=CARTESIAN_POINT('',(2.2657E1,-4.3611E1,7.9E-1));
#6731=CARTESIAN_POINT('',(2.2937E1,-4.3611E1,7.9E-1));
#6732=VERTEX_POINT('',#6730);
#6733=VERTEX_POINT('',#6731);
#6734=CARTESIAN_POINT('',(2.2937E1,-4.2161E1,7.9E-1));
#6735=VERTEX_POINT('',#6734);
#6736=CARTESIAN_POINT('',(2.1107E1,-4.2161E1,7.9E-1));
#6737=VERTEX_POINT('',#6736);
#6738=CARTESIAN_POINT('',(2.1387E1,-4.3761E1,1.19E0));
#6739=VERTEX_POINT('',#6738);
#6740=CARTESIAN_POINT('',(2.2657E1,-4.3761E1,1.19E0));
#6741=VERTEX_POINT('',#6740);
#6742=CARTESIAN_POINT('',(2.1387E1,-4.4011E1,1.19E0));
#6743=VERTEX_POINT('',#6742);
#6744=CARTESIAN_POINT('',(2.2657E1,-4.4011E1,1.19E0));
#6745=VERTEX_POINT('',#6744);
#6746=CARTESIAN_POINT('',(2.233490213325E1,-4.245542290714E1,
-1.190738288459E0));
#6747=CARTESIAN_POINT('',(2.170909786675E1,-4.245542290714E1,
-1.190738288459E0));
#6748=VERTEX_POINT('',#6746);
#6749=VERTEX_POINT('',#6747);
#6750=CARTESIAN_POINT('',(2.243338290855E1,-4.244822077646E1,
-1.273059018876E0));
#6751=CARTESIAN_POINT('',(2.161061709145E1,-4.244822077646E1,
-1.273059018876E0));
#6752=VERTEX_POINT('',#6750);
#6753=VERTEX_POINT('',#6751);
#6754=CARTESIAN_POINT('',(2.267958484680E1,-4.245200438543E1,
-1.229812170394E0));
#6755=CARTESIAN_POINT('',(2.136441515320E1,-4.245200438543E1,
-1.229812170394E0));
#6756=VERTEX_POINT('',#6754);
#6757=VERTEX_POINT('',#6755);
#6758=CARTESIAN_POINT('',(2.2252E1,-4.3761E1,3.81E0));
#6759=CARTESIAN_POINT('',(2.2657E1,-4.3761E1,3.405E0));
#6760=VERTEX_POINT('',#6758);
#6761=VERTEX_POINT('',#6759);
#6762=CARTESIAN_POINT('',(2.1387E1,-4.3761E1,3.405E0));
#6763=CARTESIAN_POINT('',(2.1792E1,-4.3761E1,3.81E0));
#6764=VERTEX_POINT('',#6762);
#6765=VERTEX_POINT('',#6763);
#6766=CARTESIAN_POINT('',(2.2252E1,-4.4011E1,3.81E0));
#6767=CARTESIAN_POINT('',(2.2657E1,-4.4011E1,3.405E0));
#6768=VERTEX_POINT('',#6766);
#6769=VERTEX_POINT('',#6767);
#6770=CARTESIAN_POINT('',(2.1387E1,-4.4011E1,3.405E0));
#6771=CARTESIAN_POINT('',(2.1792E1,-4.4011E1,3.81E0));
#6772=VERTEX_POINT('',#6770);
#6773=VERTEX_POINT('',#6771);
#6774=CARTESIAN_POINT('',(2.2022E1,-4.349848466368E1,1.239527733500E-1));
#6775=CARTESIAN_POINT('',(2.2022E1,-4.220351533632E1,1.239527733500E-1));
#6776=VERTEX_POINT('',#6774);
#6777=VERTEX_POINT('',#6775);
#6778=CARTESIAN_POINT('',(2.1792E1,-4.3761E1,7.62E0));
#6779=CARTESIAN_POINT('',(2.2252E1,-4.3761E1,7.62E0));
#6780=VERTEX_POINT('',#6778);
#6781=VERTEX_POINT('',#6779);
#6782=CARTESIAN_POINT('',(2.1792E1,-4.4011E1,7.62E0));
#6783=CARTESIAN_POINT('',(2.2252E1,-4.4011E1,7.62E0));
#6784=VERTEX_POINT('',#6782);
#6785=VERTEX_POINT('',#6783);
#6786=CARTESIAN_POINT('',(2.2022E1,-4.335076350073E1,0.E0));
#6787=CARTESIAN_POINT('',(2.2022E1,-4.235123649927E1,0.E0));
#6788=VERTEX_POINT('',#6786);
#6789=VERTEX_POINT('',#6787);
#6790=VERTEX_POINT('',#242);
#6791=VERTEX_POINT('',#260);
#6792=CARTESIAN_POINT('',(2.3647E1,-3.0915E1,-1.221570795286E0));
#6793=CARTESIAN_POINT('',(2.3647E1,-3.0915E1,1.3E-1));
#6794=VERTEX_POINT('',#6792);
#6795=VERTEX_POINT('',#6793);
#6796=CARTESIAN_POINT('',(2.3647E1,-3.1065E1,2.8E-1));
#6797=CARTESIAN_POINT('',(2.3647E1,-3.2515E1,2.8E-1));
#6798=VERTEX_POINT('',#6796);
#6799=VERTEX_POINT('',#6797);
#6800=CARTESIAN_POINT('',(2.5477E1,-3.0915E1,-1.221570795286E0));
#6801=CARTESIAN_POINT('',(2.5477E1,-3.0915E1,1.3E-1));
#6802=VERTEX_POINT('',#6800);
#6803=VERTEX_POINT('',#6801);
#6804=CARTESIAN_POINT('',(2.5477E1,-3.1065E1,2.8E-1));
#6805=CARTESIAN_POINT('',(2.5477E1,-3.2515E1,2.8E-1));
#6806=VERTEX_POINT('',#6804);
#6807=VERTEX_POINT('',#6805);
#6808=CARTESIAN_POINT('',(2.3647E1,-3.0665E1,-1.221570795286E0));
#6809=CARTESIAN_POINT('',(2.3647E1,-3.0665E1,1.3E-1));
#6810=VERTEX_POINT('',#6808);
#6811=VERTEX_POINT('',#6809);
#6812=CARTESIAN_POINT('',(2.3647E1,-3.1065E1,5.3E-1));
#6813=CARTESIAN_POINT('',(2.3647E1,-3.2515E1,5.3E-1));
#6814=VERTEX_POINT('',#6812);
#6815=VERTEX_POINT('',#6813);
#6816=CARTESIAN_POINT('',(2.5477E1,-3.0665E1,-1.221570795286E0));
#6817=CARTESIAN_POINT('',(2.5477E1,-3.0665E1,1.3E-1));
#6818=VERTEX_POINT('',#6816);
#6819=VERTEX_POINT('',#6817);
#6820=CARTESIAN_POINT('',(2.5477E1,-3.1065E1,5.3E-1));
#6821=CARTESIAN_POINT('',(2.5477E1,-3.2515E1,5.3E-1));
#6822=VERTEX_POINT('',#6820);
#6823=VERTEX_POINT('',#6821);
#6824=CARTESIAN_POINT('',(2.3647E1,-3.2895E1,-1.212039516665E0));
#6825=CARTESIAN_POINT('',(2.3647E1,-3.107807336141E1,-1.371E0));
#6826=VERTEX_POINT('',#6824);
#6827=VERTEX_POINT('',#6825);
#6828=CARTESIAN_POINT('',(2.5477E1,-3.2895E1,-1.212039516665E0));
#6829=CARTESIAN_POINT('',(2.5477E1,-3.107807336141E1,-1.371E0));
#6830=VERTEX_POINT('',#6828);
#6831=VERTEX_POINT('',#6829);
#6832=CARTESIAN_POINT('',(2.3647E1,-3.291678893569E1,-1.461088191188E0));
#6833=CARTESIAN_POINT('',(2.3647E1,-3.109986229710E1,-1.620048674523E0));
#6834=VERTEX_POINT('',#6832);
#6835=VERTEX_POINT('',#6833);
#6836=CARTESIAN_POINT('',(2.5477E1,-3.291678893569E1,-1.461088191188E0));
#6837=CARTESIAN_POINT('',(2.5477E1,-3.109986229710E1,-1.620048674523E0));
#6838=VERTEX_POINT('',#6836);
#6839=VERTEX_POINT('',#6837);
#6840=CARTESIAN_POINT('',(2.4107E1,-3.224933848797E1,-1.519482538829E0));
#6841=CARTESIAN_POINT('',(2.5017E1,-3.224933848797E1,-1.519482538829E0));
#6842=VERTEX_POINT('',#6840);
#6843=VERTEX_POINT('',#6841);
#6844=CARTESIAN_POINT('',(2.389722509221E1,-3.222754955228E1,
-1.270433864306E0));
#6845=CARTESIAN_POINT('',(2.522677490779E1,-3.222754955228E1,
-1.270433864306E0));
#6846=VERTEX_POINT('',#6844);
#6847=VERTEX_POINT('',#6845);
#6848=CARTESIAN_POINT('',(2.4562E1,-3.115E1,2.8E-1));
#6849=CARTESIAN_POINT('',(2.4562E1,-3.25E1,2.8E-1));
#6850=VERTEX_POINT('',#6848);
#6851=VERTEX_POINT('',#6849);
#6852=CARTESIAN_POINT('',(2.4562E1,-3.140914646239E1,2.5E-1));
#6853=CARTESIAN_POINT('',(2.4562E1,-3.224085353761E1,2.5E-1));
#6854=VERTEX_POINT('',#6852);
#6855=VERTEX_POINT('',#6853);
#6856=CARTESIAN_POINT('',(2.4562E1,-3.135977490779E1,5.3E-1));
#6857=CARTESIAN_POINT('',(2.4562E1,-3.229022509221E1,5.3E-1));
#6858=VERTEX_POINT('',#6856);
#6859=VERTEX_POINT('',#6857);
#6860=CARTESIAN_POINT('',(2.5477E1,-3.1065E1,1.04E0));
#6861=CARTESIAN_POINT('',(2.5197E1,-3.1065E1,1.04E0));
#6862=VERTEX_POINT('',#6860);
#6863=VERTEX_POINT('',#6861);
#6864=CARTESIAN_POINT('',(2.3927E1,-3.1065E1,1.04E0));
#6865=CARTESIAN_POINT('',(2.3647E1,-3.1065E1,1.04E0));
#6866=VERTEX_POINT('',#6864);
#6867=VERTEX_POINT('',#6865);
#6868=CARTESIAN_POINT('',(2.3647E1,-3.2515E1,1.04E0));
#6869=VERTEX_POINT('',#6868);
#6870=CARTESIAN_POINT('',(2.5477E1,-3.2515E1,1.04E0));
#6871=VERTEX_POINT('',#6870);
#6872=CARTESIAN_POINT('',(2.5477E1,-3.1065E1,7.9E-1));
#6873=CARTESIAN_POINT('',(2.5197E1,-3.1065E1,7.9E-1));
#6874=VERTEX_POINT('',#6872);
#6875=VERTEX_POINT('',#6873);
#6876=CARTESIAN_POINT('',(2.3927E1,-3.1065E1,7.9E-1));
#6877=CARTESIAN_POINT('',(2.3647E1,-3.1065E1,7.9E-1));
#6878=VERTEX_POINT('',#6876);
#6879=VERTEX_POINT('',#6877);
#6880=CARTESIAN_POINT('',(2.3647E1,-3.2515E1,7.9E-1));
#6881=VERTEX_POINT('',#6880);
#6882=CARTESIAN_POINT('',(2.5477E1,-3.2515E1,7.9E-1));
#6883=VERTEX_POINT('',#6882);
#6884=CARTESIAN_POINT('',(2.5197E1,-3.0915E1,1.19E0));
#6885=VERTEX_POINT('',#6884);
#6886=CARTESIAN_POINT('',(2.3927E1,-3.0915E1,1.19E0));
#6887=VERTEX_POINT('',#6886);
#6888=CARTESIAN_POINT('',(2.5197E1,-3.0665E1,1.19E0));
#6889=VERTEX_POINT('',#6888);
#6890=CARTESIAN_POINT('',(2.3927E1,-3.0665E1,1.19E0));
#6891=VERTEX_POINT('',#6890);
#6892=CARTESIAN_POINT('',(2.424909786675E1,-3.222057709286E1,
-1.190738288459E0));
#6893=CARTESIAN_POINT('',(2.487490213325E1,-3.222057709286E1,
-1.190738288459E0));
#6894=VERTEX_POINT('',#6892);
#6895=VERTEX_POINT('',#6893);
#6896=CARTESIAN_POINT('',(2.415061709145E1,-3.222777922354E1,
-1.273059018876E0));
#6897=CARTESIAN_POINT('',(2.497338290855E1,-3.222777922354E1,
-1.273059018876E0));
#6898=VERTEX_POINT('',#6896);
#6899=VERTEX_POINT('',#6897);
#6900=CARTESIAN_POINT('',(2.390441515320E1,-3.222399561457E1,
-1.229812170394E0));
#6901=CARTESIAN_POINT('',(2.521958484680E1,-3.222399561457E1,
-1.229812170394E0));
#6902=VERTEX_POINT('',#6900);
#6903=VERTEX_POINT('',#6901);
#6904=CARTESIAN_POINT('',(2.4332E1,-3.0915E1,3.81E0));
#6905=CARTESIAN_POINT('',(2.3927E1,-3.0915E1,3.405E0));
#6906=VERTEX_POINT('',#6904);
#6907=VERTEX_POINT('',#6905);
#6908=CARTESIAN_POINT('',(2.5197E1,-3.0915E1,3.405E0));
#6909=CARTESIAN_POINT('',(2.4792E1,-3.0915E1,3.81E0));
#6910=VERTEX_POINT('',#6908);
#6911=VERTEX_POINT('',#6909);
#6912=CARTESIAN_POINT('',(2.4332E1,-3.0665E1,3.81E0));
#6913=CARTESIAN_POINT('',(2.3927E1,-3.0665E1,3.405E0));
#6914=VERTEX_POINT('',#6912);
#6915=VERTEX_POINT('',#6913);
#6916=CARTESIAN_POINT('',(2.5197E1,-3.0665E1,3.405E0));
#6917=CARTESIAN_POINT('',(2.4792E1,-3.0665E1,3.81E0));
#6918=VERTEX_POINT('',#6916);
#6919=VERTEX_POINT('',#6917);
#6920=CARTESIAN_POINT('',(2.4562E1,-3.117751533632E1,1.239527733500E-1));
#6921=CARTESIAN_POINT('',(2.4562E1,-3.247248466368E1,1.239527733500E-1));
#6922=VERTEX_POINT('',#6920);
#6923=VERTEX_POINT('',#6921);
#6924=CARTESIAN_POINT('',(2.4792E1,-3.0915E1,7.62E0));
#6925=CARTESIAN_POINT('',(2.4332E1,-3.0915E1,7.62E0));
#6926=VERTEX_POINT('',#6924);
#6927=VERTEX_POINT('',#6925);
#6928=CARTESIAN_POINT('',(2.4792E1,-3.0665E1,7.62E0));
#6929=CARTESIAN_POINT('',(2.4332E1,-3.0665E1,7.62E0));
#6930=VERTEX_POINT('',#6928);
#6931=VERTEX_POINT('',#6929);
#6932=CARTESIAN_POINT('',(2.4562E1,-3.132523649927E1,0.E0));
#6933=CARTESIAN_POINT('',(2.4562E1,-3.232476350073E1,0.E0));
#6934=VERTEX_POINT('',#6932);
#6935=VERTEX_POINT('',#6933);
#6936=VERTEX_POINT('',#284);
#6937=VERTEX_POINT('',#302);
#6938=CARTESIAN_POINT('',(2.5477E1,-4.3761E1,-1.221570795286E0));
#6939=CARTESIAN_POINT('',(2.5477E1,-4.3761E1,1.3E-1));
#6940=VERTEX_POINT('',#6938);
#6941=VERTEX_POINT('',#6939);
#6942=CARTESIAN_POINT('',(2.5477E1,-4.3611E1,2.8E-1));
#6943=CARTESIAN_POINT('',(2.5477E1,-4.2161E1,2.8E-1));
#6944=VERTEX_POINT('',#6942);
#6945=VERTEX_POINT('',#6943);
#6946=CARTESIAN_POINT('',(2.3647E1,-4.3761E1,-1.221570795286E0));
#6947=CARTESIAN_POINT('',(2.3647E1,-4.3761E1,1.3E-1));
#6948=VERTEX_POINT('',#6946);
#6949=VERTEX_POINT('',#6947);
#6950=CARTESIAN_POINT('',(2.3647E1,-4.3611E1,2.8E-1));
#6951=CARTESIAN_POINT('',(2.3647E1,-4.2161E1,2.8E-1));
#6952=VERTEX_POINT('',#6950);
#6953=VERTEX_POINT('',#6951);
#6954=CARTESIAN_POINT('',(2.5477E1,-4.4011E1,-1.221570795286E0));
#6955=CARTESIAN_POINT('',(2.5477E1,-4.4011E1,1.3E-1));
#6956=VERTEX_POINT('',#6954);
#6957=VERTEX_POINT('',#6955);
#6958=CARTESIAN_POINT('',(2.5477E1,-4.3611E1,5.3E-1));
#6959=CARTESIAN_POINT('',(2.5477E1,-4.2161E1,5.3E-1));
#6960=VERTEX_POINT('',#6958);
#6961=VERTEX_POINT('',#6959);
#6962=CARTESIAN_POINT('',(2.3647E1,-4.4011E1,-1.221570795286E0));
#6963=CARTESIAN_POINT('',(2.3647E1,-4.4011E1,1.3E-1));
#6964=VERTEX_POINT('',#6962);
#6965=VERTEX_POINT('',#6963);
#6966=CARTESIAN_POINT('',(2.3647E1,-4.3611E1,5.3E-1));
#6967=CARTESIAN_POINT('',(2.3647E1,-4.2161E1,5.3E-1));
#6968=VERTEX_POINT('',#6966);
#6969=VERTEX_POINT('',#6967);
#6970=CARTESIAN_POINT('',(2.5477E1,-4.1781E1,-1.212039516665E0));
#6971=CARTESIAN_POINT('',(2.5477E1,-4.359792663859E1,-1.371E0));
#6972=VERTEX_POINT('',#6970);
#6973=VERTEX_POINT('',#6971);
#6974=CARTESIAN_POINT('',(2.3647E1,-4.1781E1,-1.212039516665E0));
#6975=CARTESIAN_POINT('',(2.3647E1,-4.359792663859E1,-1.371E0));
#6976=VERTEX_POINT('',#6974);
#6977=VERTEX_POINT('',#6975);
#6978=CARTESIAN_POINT('',(2.5477E1,-4.175921106431E1,-1.461088191188E0));
#6979=CARTESIAN_POINT('',(2.5477E1,-4.357613770290E1,-1.620048674523E0));
#6980=VERTEX_POINT('',#6978);
#6981=VERTEX_POINT('',#6979);
#6982=CARTESIAN_POINT('',(2.3647E1,-4.175921106431E1,-1.461088191188E0));
#6983=CARTESIAN_POINT('',(2.3647E1,-4.357613770290E1,-1.620048674523E0));
#6984=VERTEX_POINT('',#6982);
#6985=VERTEX_POINT('',#6983);
#6986=CARTESIAN_POINT('',(2.5017E1,-4.242666151203E1,-1.519482538829E0));
#6987=CARTESIAN_POINT('',(2.4107E1,-4.242666151203E1,-1.519482538829E0));
#6988=VERTEX_POINT('',#6986);
#6989=VERTEX_POINT('',#6987);
#6990=CARTESIAN_POINT('',(2.522677490779E1,-4.244845044772E1,
-1.270433864306E0));
#6991=CARTESIAN_POINT('',(2.389722509221E1,-4.244845044772E1,
-1.270433864306E0));
#6992=VERTEX_POINT('',#6990);
#6993=VERTEX_POINT('',#6991);
#6994=CARTESIAN_POINT('',(2.4562E1,-4.3526E1,2.8E-1));
#6995=CARTESIAN_POINT('',(2.4562E1,-4.2176E1,2.8E-1));
#6996=VERTEX_POINT('',#6994);
#6997=VERTEX_POINT('',#6995);
#6998=CARTESIAN_POINT('',(2.4562E1,-4.326685353761E1,2.5E-1));
#6999=CARTESIAN_POINT('',(2.4562E1,-4.243514646239E1,2.5E-1));
#7000=VERTEX_POINT('',#6998);
#7001=VERTEX_POINT('',#6999);
#7002=CARTESIAN_POINT('',(2.4562E1,-4.331622509221E1,5.3E-1));
#7003=CARTESIAN_POINT('',(2.4562E1,-4.238577490779E1,5.3E-1));
#7004=VERTEX_POINT('',#7002);
#7005=VERTEX_POINT('',#7003);
#7006=CARTESIAN_POINT('',(2.3647E1,-4.3611E1,1.04E0));
#7007=CARTESIAN_POINT('',(2.3927E1,-4.3611E1,1.04E0));
#7008=VERTEX_POINT('',#7006);
#7009=VERTEX_POINT('',#7007);
#7010=CARTESIAN_POINT('',(2.5197E1,-4.3611E1,1.04E0));
#7011=CARTESIAN_POINT('',(2.5477E1,-4.3611E1,1.04E0));
#7012=VERTEX_POINT('',#7010);
#7013=VERTEX_POINT('',#7011);
#7014=CARTESIAN_POINT('',(2.5477E1,-4.2161E1,1.04E0));
#7015=VERTEX_POINT('',#7014);
#7016=CARTESIAN_POINT('',(2.3647E1,-4.2161E1,1.04E0));
#7017=VERTEX_POINT('',#7016);
#7018=CARTESIAN_POINT('',(2.3647E1,-4.3611E1,7.9E-1));
#7019=CARTESIAN_POINT('',(2.3927E1,-4.3611E1,7.9E-1));
#7020=VERTEX_POINT('',#7018);
#7021=VERTEX_POINT('',#7019);
#7022=CARTESIAN_POINT('',(2.5197E1,-4.3611E1,7.9E-1));
#7023=CARTESIAN_POINT('',(2.5477E1,-4.3611E1,7.9E-1));
#7024=VERTEX_POINT('',#7022);
#7025=VERTEX_POINT('',#7023);
#7026=CARTESIAN_POINT('',(2.5477E1,-4.2161E1,7.9E-1));
#7027=VERTEX_POINT('',#7026);
#7028=CARTESIAN_POINT('',(2.3647E1,-4.2161E1,7.9E-1));
#7029=VERTEX_POINT('',#7028);
#7030=CARTESIAN_POINT('',(2.3927E1,-4.3761E1,1.19E0));
#7031=VERTEX_POINT('',#7030);
#7032=CARTESIAN_POINT('',(2.5197E1,-4.3761E1,1.19E0));
#7033=VERTEX_POINT('',#7032);
#7034=CARTESIAN_POINT('',(2.3927E1,-4.4011E1,1.19E0));
#7035=VERTEX_POINT('',#7034);
#7036=CARTESIAN_POINT('',(2.5197E1,-4.4011E1,1.19E0));
#7037=VERTEX_POINT('',#7036);
#7038=CARTESIAN_POINT('',(2.487490213325E1,-4.245542290714E1,
-1.190738288459E0));
#7039=CARTESIAN_POINT('',(2.424909786675E1,-4.245542290714E1,
-1.190738288459E0));
#7040=VERTEX_POINT('',#7038);
#7041=VERTEX_POINT('',#7039);
#7042=CARTESIAN_POINT('',(2.497338290855E1,-4.244822077646E1,
-1.273059018876E0));
#7043=CARTESIAN_POINT('',(2.415061709145E1,-4.244822077646E1,
-1.273059018876E0));
#7044=VERTEX_POINT('',#7042);
#7045=VERTEX_POINT('',#7043);
#7046=CARTESIAN_POINT('',(2.521958484680E1,-4.245200438543E1,
-1.229812170394E0));
#7047=CARTESIAN_POINT('',(2.390441515320E1,-4.245200438543E1,
-1.229812170394E0));
#7048=VERTEX_POINT('',#7046);
#7049=VERTEX_POINT('',#7047);
#7050=CARTESIAN_POINT('',(2.4792E1,-4.3761E1,3.81E0));
#7051=CARTESIAN_POINT('',(2.5197E1,-4.3761E1,3.405E0));
#7052=VERTEX_POINT('',#7050);
#7053=VERTEX_POINT('',#7051);
#7054=CARTESIAN_POINT('',(2.3927E1,-4.3761E1,3.405E0));
#7055=CARTESIAN_POINT('',(2.4332E1,-4.3761E1,3.81E0));
#7056=VERTEX_POINT('',#7054);
#7057=VERTEX_POINT('',#7055);
#7058=CARTESIAN_POINT('',(2.4792E1,-4.4011E1,3.81E0));
#7059=CARTESIAN_POINT('',(2.5197E1,-4.4011E1,3.405E0));
#7060=VERTEX_POINT('',#7058);
#7061=VERTEX_POINT('',#7059);
#7062=CARTESIAN_POINT('',(2.3927E1,-4.4011E1,3.405E0));
#7063=CARTESIAN_POINT('',(2.4332E1,-4.4011E1,3.81E0));
#7064=VERTEX_POINT('',#7062);
#7065=VERTEX_POINT('',#7063);
#7066=CARTESIAN_POINT('',(2.4562E1,-4.349848466368E1,1.239527733500E-1));
#7067=CARTESIAN_POINT('',(2.4562E1,-4.220351533632E1,1.239527733500E-1));
#7068=VERTEX_POINT('',#7066);
#7069=VERTEX_POINT('',#7067);
#7070=CARTESIAN_POINT('',(2.4332E1,-4.3761E1,7.62E0));
#7071=CARTESIAN_POINT('',(2.4792E1,-4.3761E1,7.62E0));
#7072=VERTEX_POINT('',#7070);
#7073=VERTEX_POINT('',#7071);
#7074=CARTESIAN_POINT('',(2.4332E1,-4.4011E1,7.62E0));
#7075=CARTESIAN_POINT('',(2.4792E1,-4.4011E1,7.62E0));
#7076=VERTEX_POINT('',#7074);
#7077=VERTEX_POINT('',#7075);
#7078=CARTESIAN_POINT('',(2.4562E1,-4.335076350073E1,0.E0));
#7079=CARTESIAN_POINT('',(2.4562E1,-4.235123649927E1,0.E0));
#7080=VERTEX_POINT('',#7078);
#7081=VERTEX_POINT('',#7079);
#7082=VERTEX_POINT('',#326);
#7083=VERTEX_POINT('',#344);
#7084=CARTESIAN_POINT('',(2.6187E1,-3.0915E1,-1.221570795286E0));
#7085=CARTESIAN_POINT('',(2.6187E1,-3.0915E1,1.3E-1));
#7086=VERTEX_POINT('',#7084);
#7087=VERTEX_POINT('',#7085);
#7088=CARTESIAN_POINT('',(2.6187E1,-3.1065E1,2.8E-1));
#7089=CARTESIAN_POINT('',(2.6187E1,-3.2515E1,2.8E-1));
#7090=VERTEX_POINT('',#7088);
#7091=VERTEX_POINT('',#7089);
#7092=CARTESIAN_POINT('',(2.8017E1,-3.0915E1,-1.221570795286E0));
#7093=CARTESIAN_POINT('',(2.8017E1,-3.0915E1,1.3E-1));
#7094=VERTEX_POINT('',#7092);
#7095=VERTEX_POINT('',#7093);
#7096=CARTESIAN_POINT('',(2.8017E1,-3.1065E1,2.8E-1));
#7097=CARTESIAN_POINT('',(2.8017E1,-3.2515E1,2.8E-1));
#7098=VERTEX_POINT('',#7096);
#7099=VERTEX_POINT('',#7097);
#7100=CARTESIAN_POINT('',(2.6187E1,-3.0665E1,-1.221570795286E0));
#7101=CARTESIAN_POINT('',(2.6187E1,-3.0665E1,1.3E-1));
#7102=VERTEX_POINT('',#7100);
#7103=VERTEX_POINT('',#7101);
#7104=CARTESIAN_POINT('',(2.6187E1,-3.1065E1,5.3E-1));
#7105=CARTESIAN_POINT('',(2.6187E1,-3.2515E1,5.3E-1));
#7106=VERTEX_POINT('',#7104);
#7107=VERTEX_POINT('',#7105);
#7108=CARTESIAN_POINT('',(2.8017E1,-3.0665E1,-1.221570795286E0));
#7109=CARTESIAN_POINT('',(2.8017E1,-3.0665E1,1.3E-1));
#7110=VERTEX_POINT('',#7108);
#7111=VERTEX_POINT('',#7109);
#7112=CARTESIAN_POINT('',(2.8017E1,-3.1065E1,5.3E-1));
#7113=CARTESIAN_POINT('',(2.8017E1,-3.2515E1,5.3E-1));
#7114=VERTEX_POINT('',#7112);
#7115=VERTEX_POINT('',#7113);
#7116=CARTESIAN_POINT('',(2.6187E1,-3.2895E1,-1.212039516665E0));
#7117=CARTESIAN_POINT('',(2.6187E1,-3.107807336141E1,-1.371E0));
#7118=VERTEX_POINT('',#7116);
#7119=VERTEX_POINT('',#7117);
#7120=CARTESIAN_POINT('',(2.8017E1,-3.2895E1,-1.212039516665E0));
#7121=CARTESIAN_POINT('',(2.8017E1,-3.107807336141E1,-1.371E0));
#7122=VERTEX_POINT('',#7120);
#7123=VERTEX_POINT('',#7121);
#7124=CARTESIAN_POINT('',(2.6187E1,-3.291678893569E1,-1.461088191188E0));
#7125=CARTESIAN_POINT('',(2.6187E1,-3.109986229710E1,-1.620048674523E0));
#7126=VERTEX_POINT('',#7124);
#7127=VERTEX_POINT('',#7125);
#7128=CARTESIAN_POINT('',(2.8017E1,-3.291678893569E1,-1.461088191188E0));
#7129=CARTESIAN_POINT('',(2.8017E1,-3.109986229710E1,-1.620048674523E0));
#7130=VERTEX_POINT('',#7128);
#7131=VERTEX_POINT('',#7129);
#7132=CARTESIAN_POINT('',(2.6647E1,-3.224933848797E1,-1.519482538829E0));
#7133=CARTESIAN_POINT('',(2.7557E1,-3.224933848797E1,-1.519482538829E0));
#7134=VERTEX_POINT('',#7132);
#7135=VERTEX_POINT('',#7133);
#7136=CARTESIAN_POINT('',(2.643722509221E1,-3.222754955228E1,
-1.270433864306E0));
#7137=CARTESIAN_POINT('',(2.776677490779E1,-3.222754955228E1,
-1.270433864306E0));
#7138=VERTEX_POINT('',#7136);
#7139=VERTEX_POINT('',#7137);
#7140=CARTESIAN_POINT('',(2.7102E1,-3.115E1,2.8E-1));
#7141=CARTESIAN_POINT('',(2.7102E1,-3.25E1,2.8E-1));
#7142=VERTEX_POINT('',#7140);
#7143=VERTEX_POINT('',#7141);
#7144=CARTESIAN_POINT('',(2.7102E1,-3.140914646239E1,2.5E-1));
#7145=CARTESIAN_POINT('',(2.7102E1,-3.224085353761E1,2.5E-1));
#7146=VERTEX_POINT('',#7144);
#7147=VERTEX_POINT('',#7145);
#7148=CARTESIAN_POINT('',(2.7102E1,-3.135977490779E1,5.3E-1));
#7149=CARTESIAN_POINT('',(2.7102E1,-3.229022509221E1,5.3E-1));
#7150=VERTEX_POINT('',#7148);
#7151=VERTEX_POINT('',#7149);
#7152=CARTESIAN_POINT('',(2.8017E1,-3.1065E1,1.04E0));
#7153=CARTESIAN_POINT('',(2.7737E1,-3.1065E1,1.04E0));
#7154=VERTEX_POINT('',#7152);
#7155=VERTEX_POINT('',#7153);
#7156=CARTESIAN_POINT('',(2.6467E1,-3.1065E1,1.04E0));
#7157=CARTESIAN_POINT('',(2.6187E1,-3.1065E1,1.04E0));
#7158=VERTEX_POINT('',#7156);
#7159=VERTEX_POINT('',#7157);
#7160=CARTESIAN_POINT('',(2.6187E1,-3.2515E1,1.04E0));
#7161=VERTEX_POINT('',#7160);
#7162=CARTESIAN_POINT('',(2.8017E1,-3.2515E1,1.04E0));
#7163=VERTEX_POINT('',#7162);
#7164=CARTESIAN_POINT('',(2.8017E1,-3.1065E1,7.9E-1));
#7165=CARTESIAN_POINT('',(2.7737E1,-3.1065E1,7.9E-1));
#7166=VERTEX_POINT('',#7164);
#7167=VERTEX_POINT('',#7165);
#7168=CARTESIAN_POINT('',(2.6467E1,-3.1065E1,7.9E-1));
#7169=CARTESIAN_POINT('',(2.6187E1,-3.1065E1,7.9E-1));
#7170=VERTEX_POINT('',#7168);
#7171=VERTEX_POINT('',#7169);
#7172=CARTESIAN_POINT('',(2.6187E1,-3.2515E1,7.9E-1));
#7173=VERTEX_POINT('',#7172);
#7174=CARTESIAN_POINT('',(2.8017E1,-3.2515E1,7.9E-1));
#7175=VERTEX_POINT('',#7174);
#7176=CARTESIAN_POINT('',(2.7737E1,-3.0915E1,1.19E0));
#7177=VERTEX_POINT('',#7176);
#7178=CARTESIAN_POINT('',(2.6467E1,-3.0915E1,1.19E0));
#7179=VERTEX_POINT('',#7178);
#7180=CARTESIAN_POINT('',(2.7737E1,-3.0665E1,1.19E0));
#7181=VERTEX_POINT('',#7180);
#7182=CARTESIAN_POINT('',(2.6467E1,-3.0665E1,1.19E0));
#7183=VERTEX_POINT('',#7182);
#7184=CARTESIAN_POINT('',(2.678909786675E1,-3.222057709286E1,
-1.190738288459E0));
#7185=CARTESIAN_POINT('',(2.741490213325E1,-3.222057709286E1,
-1.190738288459E0));
#7186=VERTEX_POINT('',#7184);
#7187=VERTEX_POINT('',#7185);
#7188=CARTESIAN_POINT('',(2.669061709145E1,-3.222777922354E1,
-1.273059018876E0));
#7189=CARTESIAN_POINT('',(2.751338290855E1,-3.222777922354E1,
-1.273059018876E0));
#7190=VERTEX_POINT('',#7188);
#7191=VERTEX_POINT('',#7189);
#7192=CARTESIAN_POINT('',(2.644441515320E1,-3.222399561457E1,
-1.229812170394E0));
#7193=CARTESIAN_POINT('',(2.775958484680E1,-3.222399561457E1,
-1.229812170394E0));
#7194=VERTEX_POINT('',#7192);
#7195=VERTEX_POINT('',#7193);
#7196=CARTESIAN_POINT('',(2.6872E1,-3.0915E1,3.81E0));
#7197=CARTESIAN_POINT('',(2.6467E1,-3.0915E1,3.405E0));
#7198=VERTEX_POINT('',#7196);
#7199=VERTEX_POINT('',#7197);
#7200=CARTESIAN_POINT('',(2.7737E1,-3.0915E1,3.405E0));
#7201=CARTESIAN_POINT('',(2.7332E1,-3.0915E1,3.81E0));
#7202=VERTEX_POINT('',#7200);
#7203=VERTEX_POINT('',#7201);
#7204=CARTESIAN_POINT('',(2.6872E1,-3.0665E1,3.81E0));
#7205=CARTESIAN_POINT('',(2.6467E1,-3.0665E1,3.405E0));
#7206=VERTEX_POINT('',#7204);
#7207=VERTEX_POINT('',#7205);
#7208=CARTESIAN_POINT('',(2.7737E1,-3.0665E1,3.405E0));
#7209=CARTESIAN_POINT('',(2.7332E1,-3.0665E1,3.81E0));
#7210=VERTEX_POINT('',#7208);
#7211=VERTEX_POINT('',#7209);
#7212=CARTESIAN_POINT('',(2.7102E1,-3.117751533632E1,1.239527733500E-1));
#7213=CARTESIAN_POINT('',(2.7102E1,-3.247248466368E1,1.239527733500E-1));
#7214=VERTEX_POINT('',#7212);
#7215=VERTEX_POINT('',#7213);
#7216=CARTESIAN_POINT('',(2.7332E1,-3.0915E1,7.62E0));
#7217=CARTESIAN_POINT('',(2.6872E1,-3.0915E1,7.62E0));
#7218=VERTEX_POINT('',#7216);
#7219=VERTEX_POINT('',#7217);
#7220=CARTESIAN_POINT('',(2.7332E1,-3.0665E1,7.62E0));
#7221=CARTESIAN_POINT('',(2.6872E1,-3.0665E1,7.62E0));
#7222=VERTEX_POINT('',#7220);
#7223=VERTEX_POINT('',#7221);
#7224=CARTESIAN_POINT('',(2.7102E1,-3.132523649927E1,0.E0));
#7225=CARTESIAN_POINT('',(2.7102E1,-3.232476350073E1,0.E0));
#7226=VERTEX_POINT('',#7224);
#7227=VERTEX_POINT('',#7225);
#7228=VERTEX_POINT('',#368);
#7229=VERTEX_POINT('',#386);
#7230=CARTESIAN_POINT('',(2.8017E1,-4.3761E1,-1.221570795286E0));
#7231=CARTESIAN_POINT('',(2.8017E1,-4.3761E1,1.3E-1));
#7232=VERTEX_POINT('',#7230);
#7233=VERTEX_POINT('',#7231);
#7234=CARTESIAN_POINT('',(2.8017E1,-4.3611E1,2.8E-1));
#7235=CARTESIAN_POINT('',(2.8017E1,-4.2161E1,2.8E-1));
#7236=VERTEX_POINT('',#7234);
#7237=VERTEX_POINT('',#7235);
#7238=CARTESIAN_POINT('',(2.6187E1,-4.3761E1,-1.221570795286E0));
#7239=CARTESIAN_POINT('',(2.6187E1,-4.3761E1,1.3E-1));
#7240=VERTEX_POINT('',#7238);
#7241=VERTEX_POINT('',#7239);
#7242=CARTESIAN_POINT('',(2.6187E1,-4.3611E1,2.8E-1));
#7243=CARTESIAN_POINT('',(2.6187E1,-4.2161E1,2.8E-1));
#7244=VERTEX_POINT('',#7242);
#7245=VERTEX_POINT('',#7243);
#7246=CARTESIAN_POINT('',(2.8017E1,-4.4011E1,-1.221570795286E0));
#7247=CARTESIAN_POINT('',(2.8017E1,-4.4011E1,1.3E-1));
#7248=VERTEX_POINT('',#7246);
#7249=VERTEX_POINT('',#7247);
#7250=CARTESIAN_POINT('',(2.8017E1,-4.3611E1,5.3E-1));
#7251=CARTESIAN_POINT('',(2.8017E1,-4.2161E1,5.3E-1));
#7252=VERTEX_POINT('',#7250);
#7253=VERTEX_POINT('',#7251);
#7254=CARTESIAN_POINT('',(2.6187E1,-4.4011E1,-1.221570795286E0));
#7255=CARTESIAN_POINT('',(2.6187E1,-4.4011E1,1.3E-1));
#7256=VERTEX_POINT('',#7254);
#7257=VERTEX_POINT('',#7255);
#7258=CARTESIAN_POINT('',(2.6187E1,-4.3611E1,5.3E-1));
#7259=CARTESIAN_POINT('',(2.6187E1,-4.2161E1,5.3E-1));
#7260=VERTEX_POINT('',#7258);
#7261=VERTEX_POINT('',#7259);
#7262=CARTESIAN_POINT('',(2.8017E1,-4.1781E1,-1.212039516665E0));
#7263=CARTESIAN_POINT('',(2.8017E1,-4.359792663859E1,-1.371E0));
#7264=VERTEX_POINT('',#7262);
#7265=VERTEX_POINT('',#7263);
#7266=CARTESIAN_POINT('',(2.6187E1,-4.1781E1,-1.212039516665E0));
#7267=CARTESIAN_POINT('',(2.6187E1,-4.359792663859E1,-1.371E0));
#7268=VERTEX_POINT('',#7266);
#7269=VERTEX_POINT('',#7267);
#7270=CARTESIAN_POINT('',(2.8017E1,-4.175921106431E1,-1.461088191188E0));
#7271=CARTESIAN_POINT('',(2.8017E1,-4.357613770290E1,-1.620048674523E0));
#7272=VERTEX_POINT('',#7270);
#7273=VERTEX_POINT('',#7271);
#7274=CARTESIAN_POINT('',(2.6187E1,-4.175921106431E1,-1.461088191188E0));
#7275=CARTESIAN_POINT('',(2.6187E1,-4.357613770290E1,-1.620048674523E0));
#7276=VERTEX_POINT('',#7274);
#7277=VERTEX_POINT('',#7275);
#7278=CARTESIAN_POINT('',(2.7557E1,-4.242666151203E1,-1.519482538829E0));
#7279=CARTESIAN_POINT('',(2.6647E1,-4.242666151203E1,-1.519482538829E0));
#7280=VERTEX_POINT('',#7278);
#7281=VERTEX_POINT('',#7279);
#7282=CARTESIAN_POINT('',(2.776677490779E1,-4.244845044772E1,
-1.270433864306E0));
#7283=CARTESIAN_POINT('',(2.643722509221E1,-4.244845044772E1,
-1.270433864306E0));
#7284=VERTEX_POINT('',#7282);
#7285=VERTEX_POINT('',#7283);
#7286=CARTESIAN_POINT('',(2.7102E1,-4.3526E1,2.8E-1));
#7287=CARTESIAN_POINT('',(2.7102E1,-4.2176E1,2.8E-1));
#7288=VERTEX_POINT('',#7286);
#7289=VERTEX_POINT('',#7287);
#7290=CARTESIAN_POINT('',(2.7102E1,-4.326685353761E1,2.5E-1));
#7291=CARTESIAN_POINT('',(2.7102E1,-4.243514646239E1,2.5E-1));
#7292=VERTEX_POINT('',#7290);
#7293=VERTEX_POINT('',#7291);
#7294=CARTESIAN_POINT('',(2.7102E1,-4.331622509221E1,5.3E-1));
#7295=CARTESIAN_POINT('',(2.7102E1,-4.238577490779E1,5.3E-1));
#7296=VERTEX_POINT('',#7294);
#7297=VERTEX_POINT('',#7295);
#7298=CARTESIAN_POINT('',(2.6187E1,-4.3611E1,1.04E0));
#7299=CARTESIAN_POINT('',(2.6467E1,-4.3611E1,1.04E0));
#7300=VERTEX_POINT('',#7298);
#7301=VERTEX_POINT('',#7299);
#7302=CARTESIAN_POINT('',(2.7737E1,-4.3611E1,1.04E0));
#7303=CARTESIAN_POINT('',(2.8017E1,-4.3611E1,1.04E0));
#7304=VERTEX_POINT('',#7302);
#7305=VERTEX_POINT('',#7303);
#7306=CARTESIAN_POINT('',(2.8017E1,-4.2161E1,1.04E0));
#7307=VERTEX_POINT('',#7306);
#7308=CARTESIAN_POINT('',(2.6187E1,-4.2161E1,1.04E0));
#7309=VERTEX_POINT('',#7308);
#7310=CARTESIAN_POINT('',(2.6187E1,-4.3611E1,7.9E-1));
#7311=CARTESIAN_POINT('',(2.6467E1,-4.3611E1,7.9E-1));
#7312=VERTEX_POINT('',#7310);
#7313=VERTEX_POINT('',#7311);
#7314=CARTESIAN_POINT('',(2.7737E1,-4.3611E1,7.9E-1));
#7315=CARTESIAN_POINT('',(2.8017E1,-4.3611E1,7.9E-1));
#7316=VERTEX_POINT('',#7314);
#7317=VERTEX_POINT('',#7315);
#7318=CARTESIAN_POINT('',(2.8017E1,-4.2161E1,7.9E-1));
#7319=VERTEX_POINT('',#7318);
#7320=CARTESIAN_POINT('',(2.6187E1,-4.2161E1,7.9E-1));
#7321=VERTEX_POINT('',#7320);
#7322=CARTESIAN_POINT('',(2.6467E1,-4.3761E1,1.19E0));
#7323=VERTEX_POINT('',#7322);
#7324=CARTESIAN_POINT('',(2.7737E1,-4.3761E1,1.19E0));
#7325=VERTEX_POINT('',#7324);
#7326=CARTESIAN_POINT('',(2.6467E1,-4.4011E1,1.19E0));
#7327=VERTEX_POINT('',#7326);
#7328=CARTESIAN_POINT('',(2.7737E1,-4.4011E1,1.19E0));
#7329=VERTEX_POINT('',#7328);
#7330=CARTESIAN_POINT('',(2.741490213325E1,-4.245542290714E1,
-1.190738288459E0));
#7331=CARTESIAN_POINT('',(2.678909786675E1,-4.245542290714E1,
-1.190738288459E0));
#7332=VERTEX_POINT('',#7330);
#7333=VERTEX_POINT('',#7331);
#7334=CARTESIAN_POINT('',(2.751338290855E1,-4.244822077646E1,
-1.273059018876E0));
#7335=CARTESIAN_POINT('',(2.669061709145E1,-4.244822077646E1,
-1.273059018876E0));
#7336=VERTEX_POINT('',#7334);
#7337=VERTEX_POINT('',#7335);
#7338=CARTESIAN_POINT('',(2.775958484680E1,-4.245200438543E1,
-1.229812170394E0));
#7339=CARTESIAN_POINT('',(2.644441515320E1,-4.245200438543E1,
-1.229812170394E0));
#7340=VERTEX_POINT('',#7338);
#7341=VERTEX_POINT('',#7339);
#7342=CARTESIAN_POINT('',(2.7332E1,-4.3761E1,3.81E0));
#7343=CARTESIAN_POINT('',(2.7737E1,-4.3761E1,3.405E0));
#7344=VERTEX_POINT('',#7342);
#7345=VERTEX_POINT('',#7343);
#7346=CARTESIAN_POINT('',(2.6467E1,-4.3761E1,3.405E0));
#7347=CARTESIAN_POINT('',(2.6872E1,-4.3761E1,3.81E0));
#7348=VERTEX_POINT('',#7346);
#7349=VERTEX_POINT('',#7347);
#7350=CARTESIAN_POINT('',(2.7332E1,-4.4011E1,3.81E0));
#7351=CARTESIAN_POINT('',(2.7737E1,-4.4011E1,3.405E0));
#7352=VERTEX_POINT('',#7350);
#7353=VERTEX_POINT('',#7351);
#7354=CARTESIAN_POINT('',(2.6467E1,-4.4011E1,3.405E0));
#7355=CARTESIAN_POINT('',(2.6872E1,-4.4011E1,3.81E0));
#7356=VERTEX_POINT('',#7354);
#7357=VERTEX_POINT('',#7355);
#7358=CARTESIAN_POINT('',(2.7102E1,-4.349848466368E1,1.239527733500E-1));
#7359=CARTESIAN_POINT('',(2.7102E1,-4.220351533632E1,1.239527733500E-1));
#7360=VERTEX_POINT('',#7358);
#7361=VERTEX_POINT('',#7359);
#7362=CARTESIAN_POINT('',(2.6872E1,-4.3761E1,7.62E0));
#7363=CARTESIAN_POINT('',(2.7332E1,-4.3761E1,7.62E0));
#7364=VERTEX_POINT('',#7362);
#7365=VERTEX_POINT('',#7363);
#7366=CARTESIAN_POINT('',(2.6872E1,-4.4011E1,7.62E0));
#7367=CARTESIAN_POINT('',(2.7332E1,-4.4011E1,7.62E0));
#7368=VERTEX_POINT('',#7366);
#7369=VERTEX_POINT('',#7367);
#7370=CARTESIAN_POINT('',(2.7102E1,-4.335076350073E1,0.E0));
#7371=CARTESIAN_POINT('',(2.7102E1,-4.235123649927E1,0.E0));
#7372=VERTEX_POINT('',#7370);
#7373=VERTEX_POINT('',#7371);
#7374=VERTEX_POINT('',#410);
#7375=VERTEX_POINT('',#428);
#7376=CARTESIAN_POINT('',(2.8727E1,-3.0915E1,-1.221570795286E0));
#7377=CARTESIAN_POINT('',(2.8727E1,-3.0915E1,1.3E-1));
#7378=VERTEX_POINT('',#7376);
#7379=VERTEX_POINT('',#7377);
#7380=CARTESIAN_POINT('',(2.8727E1,-3.1065E1,2.8E-1));
#7381=CARTESIAN_POINT('',(2.8727E1,-3.2515E1,2.8E-1));
#7382=VERTEX_POINT('',#7380);
#7383=VERTEX_POINT('',#7381);
#7384=CARTESIAN_POINT('',(3.0557E1,-3.0915E1,-1.221570795286E0));
#7385=CARTESIAN_POINT('',(3.0557E1,-3.0915E1,1.3E-1));
#7386=VERTEX_POINT('',#7384);
#7387=VERTEX_POINT('',#7385);
#7388=CARTESIAN_POINT('',(3.0557E1,-3.1065E1,2.8E-1));
#7389=CARTESIAN_POINT('',(3.0557E1,-3.2515E1,2.8E-1));
#7390=VERTEX_POINT('',#7388);
#7391=VERTEX_POINT('',#7389);
#7392=CARTESIAN_POINT('',(2.8727E1,-3.0665E1,-1.221570795286E0));
#7393=CARTESIAN_POINT('',(2.8727E1,-3.0665E1,1.3E-1));
#7394=VERTEX_POINT('',#7392);
#7395=VERTEX_POINT('',#7393);
#7396=CARTESIAN_POINT('',(2.8727E1,-3.1065E1,5.3E-1));
#7397=CARTESIAN_POINT('',(2.8727E1,-3.2515E1,5.3E-1));
#7398=VERTEX_POINT('',#7396);
#7399=VERTEX_POINT('',#7397);
#7400=CARTESIAN_POINT('',(3.0557E1,-3.0665E1,-1.221570795286E0));
#7401=CARTESIAN_POINT('',(3.0557E1,-3.0665E1,1.3E-1));
#7402=VERTEX_POINT('',#7400);
#7403=VERTEX_POINT('',#7401);
#7404=CARTESIAN_POINT('',(3.0557E1,-3.1065E1,5.3E-1));
#7405=CARTESIAN_POINT('',(3.0557E1,-3.2515E1,5.3E-1));
#7406=VERTEX_POINT('',#7404);
#7407=VERTEX_POINT('',#7405);
#7408=CARTESIAN_POINT('',(2.8727E1,-3.2895E1,-1.212039516665E0));
#7409=CARTESIAN_POINT('',(2.8727E1,-3.107807336141E1,-1.371E0));
#7410=VERTEX_POINT('',#7408);
#7411=VERTEX_POINT('',#7409);
#7412=CARTESIAN_POINT('',(3.0557E1,-3.2895E1,-1.212039516665E0));
#7413=CARTESIAN_POINT('',(3.0557E1,-3.107807336141E1,-1.371E0));
#7414=VERTEX_POINT('',#7412);
#7415=VERTEX_POINT('',#7413);
#7416=CARTESIAN_POINT('',(2.8727E1,-3.291678893569E1,-1.461088191188E0));
#7417=CARTESIAN_POINT('',(2.8727E1,-3.109986229710E1,-1.620048674523E0));
#7418=VERTEX_POINT('',#7416);
#7419=VERTEX_POINT('',#7417);
#7420=CARTESIAN_POINT('',(3.0557E1,-3.291678893569E1,-1.461088191188E0));
#7421=CARTESIAN_POINT('',(3.0557E1,-3.109986229710E1,-1.620048674523E0));
#7422=VERTEX_POINT('',#7420);
#7423=VERTEX_POINT('',#7421);
#7424=CARTESIAN_POINT('',(2.9187E1,-3.224933848797E1,-1.519482538829E0));
#7425=CARTESIAN_POINT('',(3.0097E1,-3.224933848797E1,-1.519482538829E0));
#7426=VERTEX_POINT('',#7424);
#7427=VERTEX_POINT('',#7425);
#7428=CARTESIAN_POINT('',(2.897722509221E1,-3.222754955228E1,
-1.270433864306E0));
#7429=CARTESIAN_POINT('',(3.030677490779E1,-3.222754955228E1,
-1.270433864306E0));
#7430=VERTEX_POINT('',#7428);
#7431=VERTEX_POINT('',#7429);
#7432=CARTESIAN_POINT('',(2.9642E1,-3.115E1,2.8E-1));
#7433=CARTESIAN_POINT('',(2.9642E1,-3.25E1,2.8E-1));
#7434=VERTEX_POINT('',#7432);
#7435=VERTEX_POINT('',#7433);
#7436=CARTESIAN_POINT('',(2.9642E1,-3.140914646239E1,2.5E-1));
#7437=CARTESIAN_POINT('',(2.9642E1,-3.224085353761E1,2.5E-1));
#7438=VERTEX_POINT('',#7436);
#7439=VERTEX_POINT('',#7437);
#7440=CARTESIAN_POINT('',(2.9642E1,-3.135977490779E1,5.3E-1));
#7441=CARTESIAN_POINT('',(2.9642E1,-3.229022509221E1,5.3E-1));
#7442=VERTEX_POINT('',#7440);
#7443=VERTEX_POINT('',#7441);
#7444=CARTESIAN_POINT('',(3.0557E1,-3.1065E1,1.04E0));
#7445=CARTESIAN_POINT('',(3.0277E1,-3.1065E1,1.04E0));
#7446=VERTEX_POINT('',#7444);
#7447=VERTEX_POINT('',#7445);
#7448=CARTESIAN_POINT('',(2.9007E1,-3.1065E1,1.04E0));
#7449=CARTESIAN_POINT('',(2.8727E1,-3.1065E1,1.04E0));
#7450=VERTEX_POINT('',#7448);
#7451=VERTEX_POINT('',#7449);
#7452=CARTESIAN_POINT('',(2.8727E1,-3.2515E1,1.04E0));
#7453=VERTEX_POINT('',#7452);
#7454=CARTESIAN_POINT('',(3.0557E1,-3.2515E1,1.04E0));
#7455=VERTEX_POINT('',#7454);
#7456=CARTESIAN_POINT('',(3.0557E1,-3.1065E1,7.9E-1));
#7457=CARTESIAN_POINT('',(3.0277E1,-3.1065E1,7.9E-1));
#7458=VERTEX_POINT('',#7456);
#7459=VERTEX_POINT('',#7457);
#7460=CARTESIAN_POINT('',(2.9007E1,-3.1065E1,7.9E-1));
#7461=CARTESIAN_POINT('',(2.8727E1,-3.1065E1,7.9E-1));
#7462=VERTEX_POINT('',#7460);
#7463=VERTEX_POINT('',#7461);
#7464=CARTESIAN_POINT('',(2.8727E1,-3.2515E1,7.9E-1));
#7465=VERTEX_POINT('',#7464);
#7466=CARTESIAN_POINT('',(3.0557E1,-3.2515E1,7.9E-1));
#7467=VERTEX_POINT('',#7466);
#7468=CARTESIAN_POINT('',(3.0277E1,-3.0915E1,1.19E0));
#7469=VERTEX_POINT('',#7468);
#7470=CARTESIAN_POINT('',(2.9007E1,-3.0915E1,1.19E0));
#7471=VERTEX_POINT('',#7470);
#7472=CARTESIAN_POINT('',(3.0277E1,-3.0665E1,1.19E0));
#7473=VERTEX_POINT('',#7472);
#7474=CARTESIAN_POINT('',(2.9007E1,-3.0665E1,1.19E0));
#7475=VERTEX_POINT('',#7474);
#7476=CARTESIAN_POINT('',(2.932909786675E1,-3.222057709286E1,
-1.190738288459E0));
#7477=CARTESIAN_POINT('',(2.995490213325E1,-3.222057709286E1,
-1.190738288459E0));
#7478=VERTEX_POINT('',#7476);
#7479=VERTEX_POINT('',#7477);
#7480=CARTESIAN_POINT('',(2.923061709145E1,-3.222777922354E1,
-1.273059018876E0));
#7481=CARTESIAN_POINT('',(3.005338290855E1,-3.222777922354E1,
-1.273059018876E0));
#7482=VERTEX_POINT('',#7480);
#7483=VERTEX_POINT('',#7481);
#7484=CARTESIAN_POINT('',(2.898441515320E1,-3.222399561457E1,
-1.229812170394E0));
#7485=CARTESIAN_POINT('',(3.029958484680E1,-3.222399561457E1,
-1.229812170394E0));
#7486=VERTEX_POINT('',#7484);
#7487=VERTEX_POINT('',#7485);
#7488=CARTESIAN_POINT('',(2.9412E1,-3.0915E1,3.81E0));
#7489=CARTESIAN_POINT('',(2.9007E1,-3.0915E1,3.405E0));
#7490=VERTEX_POINT('',#7488);
#7491=VERTEX_POINT('',#7489);
#7492=CARTESIAN_POINT('',(3.0277E1,-3.0915E1,3.405E0));
#7493=CARTESIAN_POINT('',(2.9872E1,-3.0915E1,3.81E0));
#7494=VERTEX_POINT('',#7492);
#7495=VERTEX_POINT('',#7493);
#7496=CARTESIAN_POINT('',(2.9412E1,-3.0665E1,3.81E0));
#7497=CARTESIAN_POINT('',(2.9007E1,-3.0665E1,3.405E0));
#7498=VERTEX_POINT('',#7496);
#7499=VERTEX_POINT('',#7497);
#7500=CARTESIAN_POINT('',(3.0277E1,-3.0665E1,3.405E0));
#7501=CARTESIAN_POINT('',(2.9872E1,-3.0665E1,3.81E0));
#7502=VERTEX_POINT('',#7500);
#7503=VERTEX_POINT('',#7501);
#7504=CARTESIAN_POINT('',(2.9642E1,-3.117751533632E1,1.239527733500E-1));
#7505=CARTESIAN_POINT('',(2.9642E1,-3.247248466368E1,1.239527733500E-1));
#7506=VERTEX_POINT('',#7504);
#7507=VERTEX_POINT('',#7505);
#7508=CARTESIAN_POINT('',(2.9872E1,-3.0915E1,7.62E0));
#7509=CARTESIAN_POINT('',(2.9412E1,-3.0915E1,7.62E0));
#7510=VERTEX_POINT('',#7508);
#7511=VERTEX_POINT('',#7509);
#7512=CARTESIAN_POINT('',(2.9872E1,-3.0665E1,7.62E0));
#7513=CARTESIAN_POINT('',(2.9412E1,-3.0665E1,7.62E0));
#7514=VERTEX_POINT('',#7512);
#7515=VERTEX_POINT('',#7513);
#7516=CARTESIAN_POINT('',(2.9642E1,-3.132523649927E1,0.E0));
#7517=CARTESIAN_POINT('',(2.9642E1,-3.232476350073E1,0.E0));
#7518=VERTEX_POINT('',#7516);
#7519=VERTEX_POINT('',#7517);
#7520=VERTEX_POINT('',#452);
#7521=VERTEX_POINT('',#470);
#7522=CARTESIAN_POINT('',(3.0557E1,-4.3761E1,-1.221570795286E0));
#7523=CARTESIAN_POINT('',(3.0557E1,-4.3761E1,1.3E-1));
#7524=VERTEX_POINT('',#7522);
#7525=VERTEX_POINT('',#7523);
#7526=CARTESIAN_POINT('',(3.0557E1,-4.3611E1,2.8E-1));
#7527=CARTESIAN_POINT('',(3.0557E1,-4.2161E1,2.8E-1));
#7528=VERTEX_POINT('',#7526);
#7529=VERTEX_POINT('',#7527);
#7530=CARTESIAN_POINT('',(2.8727E1,-4.3761E1,-1.221570795286E0));
#7531=CARTESIAN_POINT('',(2.8727E1,-4.3761E1,1.3E-1));
#7532=VERTEX_POINT('',#7530);
#7533=VERTEX_POINT('',#7531);
#7534=CARTESIAN_POINT('',(2.8727E1,-4.3611E1,2.8E-1));
#7535=CARTESIAN_POINT('',(2.8727E1,-4.2161E1,2.8E-1));
#7536=VERTEX_POINT('',#7534);
#7537=VERTEX_POINT('',#7535);
#7538=CARTESIAN_POINT('',(3.0557E1,-4.4011E1,-1.221570795286E0));
#7539=CARTESIAN_POINT('',(3.0557E1,-4.4011E1,1.3E-1));
#7540=VERTEX_POINT('',#7538);
#7541=VERTEX_POINT('',#7539);
#7542=CARTESIAN_POINT('',(3.0557E1,-4.3611E1,5.3E-1));
#7543=CARTESIAN_POINT('',(3.0557E1,-4.2161E1,5.3E-1));
#7544=VERTEX_POINT('',#7542);
#7545=VERTEX_POINT('',#7543);
#7546=CARTESIAN_POINT('',(2.8727E1,-4.4011E1,-1.221570795286E0));
#7547=CARTESIAN_POINT('',(2.8727E1,-4.4011E1,1.3E-1));
#7548=VERTEX_POINT('',#7546);
#7549=VERTEX_POINT('',#7547);
#7550=CARTESIAN_POINT('',(2.8727E1,-4.3611E1,5.3E-1));
#7551=CARTESIAN_POINT('',(2.8727E1,-4.2161E1,5.3E-1));
#7552=VERTEX_POINT('',#7550);
#7553=VERTEX_POINT('',#7551);
#7554=CARTESIAN_POINT('',(3.0557E1,-4.1781E1,-1.212039516665E0));
#7555=CARTESIAN_POINT('',(3.0557E1,-4.359792663859E1,-1.371E0));
#7556=VERTEX_POINT('',#7554);
#7557=VERTEX_POINT('',#7555);
#7558=CARTESIAN_POINT('',(2.8727E1,-4.1781E1,-1.212039516665E0));
#7559=CARTESIAN_POINT('',(2.8727E1,-4.359792663859E1,-1.371E0));
#7560=VERTEX_POINT('',#7558);
#7561=VERTEX_POINT('',#7559);
#7562=CARTESIAN_POINT('',(3.0557E1,-4.175921106431E1,-1.461088191188E0));
#7563=CARTESIAN_POINT('',(3.0557E1,-4.357613770290E1,-1.620048674523E0));
#7564=VERTEX_POINT('',#7562);
#7565=VERTEX_POINT('',#7563);
#7566=CARTESIAN_POINT('',(2.8727E1,-4.175921106431E1,-1.461088191188E0));
#7567=CARTESIAN_POINT('',(2.8727E1,-4.357613770290E1,-1.620048674523E0));
#7568=VERTEX_POINT('',#7566);
#7569=VERTEX_POINT('',#7567);
#7570=CARTESIAN_POINT('',(3.0097E1,-4.242666151203E1,-1.519482538829E0));
#7571=CARTESIAN_POINT('',(2.9187E1,-4.242666151203E1,-1.519482538829E0));
#7572=VERTEX_POINT('',#7570);
#7573=VERTEX_POINT('',#7571);
#7574=CARTESIAN_POINT('',(3.030677490779E1,-4.244845044772E1,
-1.270433864306E0));
#7575=CARTESIAN_POINT('',(2.897722509221E1,-4.244845044772E1,
-1.270433864306E0));
#7576=VERTEX_POINT('',#7574);
#7577=VERTEX_POINT('',#7575);
#7578=CARTESIAN_POINT('',(2.9642E1,-4.3526E1,2.8E-1));
#7579=CARTESIAN_POINT('',(2.9642E1,-4.2176E1,2.8E-1));
#7580=VERTEX_POINT('',#7578);
#7581=VERTEX_POINT('',#7579);
#7582=CARTESIAN_POINT('',(2.9642E1,-4.326685353761E1,2.5E-1));
#7583=CARTESIAN_POINT('',(2.9642E1,-4.243514646239E1,2.5E-1));
#7584=VERTEX_POINT('',#7582);
#7585=VERTEX_POINT('',#7583);
#7586=CARTESIAN_POINT('',(2.9642E1,-4.331622509221E1,5.3E-1));
#7587=CARTESIAN_POINT('',(2.9642E1,-4.238577490779E1,5.3E-1));
#7588=VERTEX_POINT('',#7586);
#7589=VERTEX_POINT('',#7587);
#7590=CARTESIAN_POINT('',(2.8727E1,-4.3611E1,1.04E0));
#7591=CARTESIAN_POINT('',(2.9007E1,-4.3611E1,1.04E0));
#7592=VERTEX_POINT('',#7590);
#7593=VERTEX_POINT('',#7591);
#7594=CARTESIAN_POINT('',(3.0277E1,-4.3611E1,1.04E0));
#7595=CARTESIAN_POINT('',(3.0557E1,-4.3611E1,1.04E0));
#7596=VERTEX_POINT('',#7594);
#7597=VERTEX_POINT('',#7595);
#7598=CARTESIAN_POINT('',(3.0557E1,-4.2161E1,1.04E0));
#7599=VERTEX_POINT('',#7598);
#7600=CARTESIAN_POINT('',(2.8727E1,-4.2161E1,1.04E0));
#7601=VERTEX_POINT('',#7600);
#7602=CARTESIAN_POINT('',(2.8727E1,-4.3611E1,7.9E-1));
#7603=CARTESIAN_POINT('',(2.9007E1,-4.3611E1,7.9E-1));
#7604=VERTEX_POINT('',#7602);
#7605=VERTEX_POINT('',#7603);
#7606=CARTESIAN_POINT('',(3.0277E1,-4.3611E1,7.9E-1));
#7607=CARTESIAN_POINT('',(3.0557E1,-4.3611E1,7.9E-1));
#7608=VERTEX_POINT('',#7606);
#7609=VERTEX_POINT('',#7607);
#7610=CARTESIAN_POINT('',(3.0557E1,-4.2161E1,7.9E-1));
#7611=VERTEX_POINT('',#7610);
#7612=CARTESIAN_POINT('',(2.8727E1,-4.2161E1,7.9E-1));
#7613=VERTEX_POINT('',#7612);
#7614=CARTESIAN_POINT('',(2.9007E1,-4.3761E1,1.19E0));
#7615=VERTEX_POINT('',#7614);
#7616=CARTESIAN_POINT('',(3.0277E1,-4.3761E1,1.19E0));
#7617=VERTEX_POINT('',#7616);
#7618=CARTESIAN_POINT('',(2.9007E1,-4.4011E1,1.19E0));
#7619=VERTEX_POINT('',#7618);
#7620=CARTESIAN_POINT('',(3.0277E1,-4.4011E1,1.19E0));
#7621=VERTEX_POINT('',#7620);
#7622=CARTESIAN_POINT('',(2.995490213325E1,-4.245542290714E1,
-1.190738288459E0));
#7623=CARTESIAN_POINT('',(2.932909786675E1,-4.245542290714E1,
-1.190738288459E0));
#7624=VERTEX_POINT('',#7622);
#7625=VERTEX_POINT('',#7623);
#7626=CARTESIAN_POINT('',(3.005338290855E1,-4.244822077646E1,
-1.273059018876E0));
#7627=CARTESIAN_POINT('',(2.923061709145E1,-4.244822077646E1,
-1.273059018876E0));
#7628=VERTEX_POINT('',#7626);
#7629=VERTEX_POINT('',#7627);
#7630=CARTESIAN_POINT('',(3.029958484680E1,-4.245200438543E1,
-1.229812170394E0));
#7631=CARTESIAN_POINT('',(2.898441515320E1,-4.245200438543E1,
-1.229812170394E0));
#7632=VERTEX_POINT('',#7630);
#7633=VERTEX_POINT('',#7631);
#7634=CARTESIAN_POINT('',(2.9872E1,-4.3761E1,3.81E0));
#7635=CARTESIAN_POINT('',(3.0277E1,-4.3761E1,3.405E0));
#7636=VERTEX_POINT('',#7634);
#7637=VERTEX_POINT('',#7635);
#7638=CARTESIAN_POINT('',(2.9007E1,-4.3761E1,3.405E0));
#7639=CARTESIAN_POINT('',(2.9412E1,-4.3761E1,3.81E0));
#7640=VERTEX_POINT('',#7638);
#7641=VERTEX_POINT('',#7639);
#7642=CARTESIAN_POINT('',(2.9872E1,-4.4011E1,3.81E0));
#7643=CARTESIAN_POINT('',(3.0277E1,-4.4011E1,3.405E0));
#7644=VERTEX_POINT('',#7642);
#7645=VERTEX_POINT('',#7643);
#7646=CARTESIAN_POINT('',(2.9007E1,-4.4011E1,3.405E0));
#7647=CARTESIAN_POINT('',(2.9412E1,-4.4011E1,3.81E0));
#7648=VERTEX_POINT('',#7646);
#7649=VERTEX_POINT('',#7647);
#7650=CARTESIAN_POINT('',(2.9642E1,-4.349848466368E1,1.239527733500E-1));
#7651=CARTESIAN_POINT('',(2.9642E1,-4.220351533632E1,1.239527733500E-1));
#7652=VERTEX_POINT('',#7650);
#7653=VERTEX_POINT('',#7651);
#7654=CARTESIAN_POINT('',(2.9412E1,-4.3761E1,7.62E0));
#7655=CARTESIAN_POINT('',(2.9872E1,-4.3761E1,7.62E0));
#7656=VERTEX_POINT('',#7654);
#7657=VERTEX_POINT('',#7655);
#7658=CARTESIAN_POINT('',(2.9412E1,-4.4011E1,7.62E0));
#7659=CARTESIAN_POINT('',(2.9872E1,-4.4011E1,7.62E0));
#7660=VERTEX_POINT('',#7658);
#7661=VERTEX_POINT('',#7659);
#7662=CARTESIAN_POINT('',(2.9642E1,-4.335076350073E1,0.E0));
#7663=CARTESIAN_POINT('',(2.9642E1,-4.235123649927E1,0.E0));
#7664=VERTEX_POINT('',#7662);
#7665=VERTEX_POINT('',#7663);
#7666=VERTEX_POINT('',#494);
#7667=VERTEX_POINT('',#512);
#7668=CARTESIAN_POINT('',(2.58336E1,-3.69401E1,2.084E0));
#7669=CARTESIAN_POINT('',(2.58336E1,-3.77301E1,2.084E0));
#7670=VERTEX_POINT('',#7668);
#7671=VERTEX_POINT('',#7669);
#7672=CARTESIAN_POINT('',(3.160149072843E1,-3.53229E1,-1.959623782090E0));
#7673=CARTESIAN_POINT('',(3.160149072843E1,-3.53229E1,-2.832376217910E0));
#7674=VERTEX_POINT('',#7672);
#7675=VERTEX_POINT('',#7673);
#7676=CARTESIAN_POINT('',(0.E0,0.E0,0.E0));
#7677=DIRECTION('',(0.E0,0.E0,1.E0));
#7678=DIRECTION('',(1.E0,0.E0,0.E0));
#7679=AXIS2_PLACEMENT_3D('',#7676,#7677,#7678);
#7680=PLANE('',#7679);
#7682=ORIENTED_EDGE('',*,*,#7681,.T.);
#7684=ORIENTED_EDGE('',*,*,#7683,.T.);
#7686=ORIENTED_EDGE('',*,*,#7685,.T.);
#7688=ORIENTED_EDGE('',*,*,#7687,.T.);
#7689=EDGE_LOOP('',(#7682,#7684,#7686,#7688));
#7690=FACE_OUTER_BOUND('',#7689,.F.);
#7692=ORIENTED_EDGE('',*,*,#7691,.T.);
#7694=ORIENTED_EDGE('',*,*,#7693,.F.);
#7696=ORIENTED_EDGE('',*,*,#7695,.T.);
#7698=ORIENTED_EDGE('',*,*,#7697,.F.);
#7700=ORIENTED_EDGE('',*,*,#7699,.T.);
#7702=ORIENTED_EDGE('',*,*,#7701,.F.);
#7704=ORIENTED_EDGE('',*,*,#7703,.T.);
#7706=ORIENTED_EDGE('',*,*,#7705,.F.);
#7707=EDGE_LOOP('',(#7692,#7694,#7696,#7698,#7700,#7702,#7704,#7706));
#7708=FACE_BOUND('',#7707,.F.);
#7710=ORIENTED_EDGE('',*,*,#7709,.T.);
#7712=ORIENTED_EDGE('',*,*,#7711,.T.);
#7713=EDGE_LOOP('',(#7710,#7712));
#7714=FACE_BOUND('',#7713,.F.);
#7716=ORIENTED_EDGE('',*,*,#7715,.T.);
#7718=ORIENTED_EDGE('',*,*,#7717,.T.);
#7719=EDGE_LOOP('',(#7716,#7718));
#7720=FACE_BOUND('',#7719,.F.);
#7722=ORIENTED_EDGE('',*,*,#7721,.T.);
#7724=ORIENTED_EDGE('',*,*,#7723,.T.);
#7725=EDGE_LOOP('',(#7722,#7724));
#7726=FACE_BOUND('',#7725,.F.);
#7728=ORIENTED_EDGE('',*,*,#7727,.T.);
#7730=ORIENTED_EDGE('',*,*,#7729,.T.);
#7731=EDGE_LOOP('',(#7728,#7730));
#7732=FACE_BOUND('',#7731,.F.);
#7734=ORIENTED_EDGE('',*,*,#7733,.T.);
#7736=ORIENTED_EDGE('',*,*,#7735,.T.);
#7737=EDGE_LOOP('',(#7734,#7736));
#7738=FACE_BOUND('',#7737,.F.);
#7740=ORIENTED_EDGE('',*,*,#7739,.T.);
#7742=ORIENTED_EDGE('',*,*,#7741,.T.);
#7743=EDGE_LOOP('',(#7740,#7742));
#7744=FACE_BOUND('',#7743,.F.);
#7746=ORIENTED_EDGE('',*,*,#7745,.T.);
#7748=ORIENTED_EDGE('',*,*,#7747,.T.);
#7749=EDGE_LOOP('',(#7746,#7748));
#7750=FACE_BOUND('',#7749,.F.);
#7752=ORIENTED_EDGE('',*,*,#7751,.T.);
#7754=ORIENTED_EDGE('',*,*,#7753,.T.);
#7755=EDGE_LOOP('',(#7752,#7754));
#7756=FACE_BOUND('',#7755,.F.);
#7757=ADVANCED_FACE('',(#7690,#7708,#7714,#7720,#7726,#7732,#7738,#7744,#7750,
#7756),#7680,.T.);
#7758=CARTESIAN_POINT('',(3.07848E1,-4.3561E1,0.E0));
#7759=DIRECTION('',(0.E0,1.E0,0.E0));
#7760=DIRECTION('',(-1.E0,0.E0,0.E0));
#7761=AXIS2_PLACEMENT_3D('',#7758,#7759,#7760);
#7762=PLANE('',#7761);
#7763=ORIENTED_EDGE('',*,*,#7681,.F.);
#7765=ORIENTED_EDGE('',*,*,#7764,.T.);
#7767=ORIENTED_EDGE('',*,*,#7766,.T.);
#7769=ORIENTED_EDGE('',*,*,#7768,.F.);
#7770=EDGE_LOOP('',(#7763,#7765,#7767,#7769));
#7771=FACE_OUTER_BOUND('',#7770,.F.);
#7772=ADVANCED_FACE('',(#7771),#7762,.F.);
#7773=CARTESIAN_POINT('',(3.07848E1,-3.1115E1,0.E0));
#7774=DIRECTION('',(-1.E0,0.E0,0.E0));
#7775=DIRECTION('',(0.E0,-1.E0,0.E0));
#7776=AXIS2_PLACEMENT_3D('',#7773,#7774,#7775);
#7777=PLANE('',#7776);
#7778=ORIENTED_EDGE('',*,*,#7687,.F.);
#7780=ORIENTED_EDGE('',*,*,#7779,.T.);
#7782=ORIENTED_EDGE('',*,*,#7781,.T.);
#7783=ORIENTED_EDGE('',*,*,#7764,.F.);
#7784=EDGE_LOOP('',(#7778,#7780,#7782,#7783));
#7785=FACE_OUTER_BOUND('',#7784,.F.);
#7786=ADVANCED_FACE('',(#7785),#7777,.F.);
#7787=CARTESIAN_POINT('',(2.08788E1,-3.1115E1,0.E0));
#7788=DIRECTION('',(0.E0,-1.E0,0.E0));
#7789=DIRECTION('',(1.E0,0.E0,0.E0));
#7790=AXIS2_PLACEMENT_3D('',#7787,#7788,#7789);
#7791=PLANE('',#7790);
#7792=ORIENTED_EDGE('',*,*,#7685,.F.);
#7794=ORIENTED_EDGE('',*,*,#7793,.T.);
#7796=ORIENTED_EDGE('',*,*,#7795,.T.);
#7797=ORIENTED_EDGE('',*,*,#7779,.F.);
#7798=EDGE_LOOP('',(#7792,#7794,#7796,#7797));
#7799=FACE_OUTER_BOUND('',#7798,.F.);
#7800=ADVANCED_FACE('',(#7799),#7791,.F.);
#7801=CARTESIAN_POINT('',(2.08788E1,-4.3561E1,0.E0));
#7802=DIRECTION('',(1.E0,0.E0,0.E0));
#7803=DIRECTION('',(0.E0,1.E0,0.E0));
#7804=AXIS2_PLACEMENT_3D('',#7801,#7802,#7803);
#7805=PLANE('',#7804);
#7806=ORIENTED_EDGE('',*,*,#7683,.F.);
#7807=ORIENTED_EDGE('',*,*,#7768,.T.);
#7809=ORIENTED_EDGE('',*,*,#7808,.T.);
#7810=ORIENTED_EDGE('',*,*,#7793,.F.);
#7811=EDGE_LOOP('',(#7806,#7807,#7809,#7810));
#7812=FACE_OUTER_BOUND('',#7811,.F.);
#7813=ADVANCED_FACE('',(#7812),#7805,.F.);
#7814=CARTESIAN_POINT('',(0.E0,0.E0,-1.016E0));
#7815=DIRECTION('',(0.E0,0.E0,1.E0));
#7816=DIRECTION('',(1.E0,0.E0,0.E0));
#7817=AXIS2_PLACEMENT_3D('',#7814,#7815,#7816);
#7818=PLANE('',#7817);
#7819=ORIENTED_EDGE('',*,*,#7766,.F.);
#7820=ORIENTED_EDGE('',*,*,#7781,.F.);
#7821=ORIENTED_EDGE('',*,*,#7795,.F.);
#7822=ORIENTED_EDGE('',*,*,#7808,.F.);
#7823=EDGE_LOOP('',(#7819,#7820,#7821,#7822));
#7824=FACE_OUTER_BOUND('',#7823,.F.);
#7826=ORIENTED_EDGE('',*,*,#7825,.F.);
#7828=ORIENTED_EDGE('',*,*,#7827,.T.);
#7830=ORIENTED_EDGE('',*,*,#7829,.F.);
#7832=ORIENTED_EDGE('',*,*,#7831,.T.);
#7834=ORIENTED_EDGE('',*,*,#7833,.F.);
#7836=ORIENTED_EDGE('',*,*,#7835,.T.);
#7838=ORIENTED_EDGE('',*,*,#7837,.F.);
#7840=ORIENTED_EDGE('',*,*,#7839,.T.);
#7841=EDGE_LOOP('',(#7826,#7828,#7830,#7832,#7834,#7836,#7838,#7840));
#7842=FACE_BOUND('',#7841,.F.);
#7844=ORIENTED_EDGE('',*,*,#7843,.T.);
#7846=ORIENTED_EDGE('',*,*,#7845,.T.);
#7847=EDGE_LOOP('',(#7844,#7846));
#7848=FACE_BOUND('',#7847,.F.);
#7850=ORIENTED_EDGE('',*,*,#7849,.T.);
#7852=ORIENTED_EDGE('',*,*,#7851,.T.);
#7853=EDGE_LOOP('',(#7850,#7852));
#7854=FACE_BOUND('',#7853,.F.);
#7856=ORIENTED_EDGE('',*,*,#7855,.T.);
#7858=ORIENTED_EDGE('',*,*,#7857,.T.);
#7859=EDGE_LOOP('',(#7856,#7858));
#7860=FACE_BOUND('',#7859,.F.);
#7862=ORIENTED_EDGE('',*,*,#7861,.T.);
#7864=ORIENTED_EDGE('',*,*,#7863,.T.);
#7865=EDGE_LOOP('',(#7862,#7864));
#7866=FACE_BOUND('',#7865,.F.);
#7868=ORIENTED_EDGE('',*,*,#7867,.T.);
#7870=ORIENTED_EDGE('',*,*,#7869,.T.);
#7871=EDGE_LOOP('',(#7868,#7870));
#7872=FACE_BOUND('',#7871,.F.);
#7874=ORIENTED_EDGE('',*,*,#7873,.T.);
#7876=ORIENTED_EDGE('',*,*,#7875,.T.);
#7877=EDGE_LOOP('',(#7874,#7876));
#7878=FACE_BOUND('',#7877,.F.);
#7880=ORIENTED_EDGE('',*,*,#7879,.T.);
#7882=ORIENTED_EDGE('',*,*,#7881,.T.);
#7883=EDGE_LOOP('',(#7880,#7882));
#7884=FACE_BOUND('',#7883,.F.);
#7886=ORIENTED_EDGE('',*,*,#7885,.T.);
#7888=ORIENTED_EDGE('',*,*,#7887,.T.);
#7889=EDGE_LOOP('',(#7886,#7888));
#7890=FACE_BOUND('',#7889,.F.);
#7891=ADVANCED_FACE('',(#7824,#7842,#7848,#7854,#7860,#7866,#7872,#7878,#7884,
#7890),#7818,.F.);
#7892=CARTESIAN_POINT('',(3.014266514480E1,-3.38508E1,-1.046E0));
#7893=DIRECTION('',(0.E0,-1.E0,0.E0));
#7894=DIRECTION('',(-1.E0,0.E0,0.E0));
#7895=AXIS2_PLACEMENT_3D('',#7892,#7893,#7894);
#7896=PLANE('',#7895);
#7898=ORIENTED_EDGE('',*,*,#7897,.F.);
#7900=ORIENTED_EDGE('',*,*,#7899,.F.);
#7902=ORIENTED_EDGE('',*,*,#7901,.T.);
#7903=ORIENTED_EDGE('',*,*,#7825,.T.);
#7905=ORIENTED_EDGE('',*,*,#7904,.F.);
#7907=ORIENTED_EDGE('',*,*,#7906,.F.);
#7908=EDGE_LOOP('',(#7898,#7900,#7902,#7903,#7905,#7907));
#7909=FACE_OUTER_BOUND('',#7908,.F.);
#7910=ADVANCED_FACE('',(#7909),#7896,.F.);
#7911=CARTESIAN_POINT('',(2.58318E1,-3.73429E1,-1.046E0));
#7912=DIRECTION('',(0.E0,0.E0,-1.E0));
#7913=DIRECTION('',(1.E0,0.E0,0.E0));
#7914=AXIS2_PLACEMENT_3D('',#7911,#7912,#7913);
#7915=PLANE('',#7914);
#7916=ORIENTED_EDGE('',*,*,#7897,.T.);
#7918=ORIENTED_EDGE('',*,*,#7917,.F.);
#7920=ORIENTED_EDGE('',*,*,#7919,.F.);
#7922=ORIENTED_EDGE('',*,*,#7921,.F.);
#7923=EDGE_LOOP('',(#7916,#7918,#7920,#7922));
#7924=FACE_OUTER_BOUND('',#7923,.F.);
#7925=ADVANCED_FACE('',(#7924),#7915,.F.);
#7926=CARTESIAN_POINT('',(2.21328E1,-3.48429E1,-2.117745307100E0));
#7927=DIRECTION('',(0.E0,0.E0,1.E0));
#7928=DIRECTION('',(0.E0,1.E0,0.E0));
#7929=AXIS2_PLACEMENT_3D('',#7926,#7927,#7928);
#7930=CONICAL_SURFACE('',#7929,9.906470203996E-1,5.E-1);
#7932=ORIENTED_EDGE('',*,*,#7931,.T.);
#7934=ORIENTED_EDGE('',*,*,#7933,.T.);
#7936=ORIENTED_EDGE('',*,*,#7935,.F.);
#7938=ORIENTED_EDGE('',*,*,#7937,.T.);
#7940=ORIENTED_EDGE('',*,*,#7939,.T.);
#7941=ORIENTED_EDGE('',*,*,#7917,.T.);
#7942=EDGE_LOOP('',(#7932,#7934,#7936,#7938,#7940,#7941));
#7943=FACE_OUTER_BOUND('',#7942,.F.);
#7944=ADVANCED_FACE('',(#7943),#7930,.T.);
#7945=CARTESIAN_POINT('',(2.08788E1,-3.11834E1,-1.046E0));
#7946=DIRECTION('',(0.E0,0.E0,-1.E0));
#7947=DIRECTION('',(0.E0,1.E0,0.E0));
#7948=AXIS2_PLACEMENT_3D('',#7945,#7946,#7947);
#7949=PLANE('',#7948);
#7950=ORIENTED_EDGE('',*,*,#7931,.F.);
#7951=ORIENTED_EDGE('',*,*,#7906,.T.);
#7953=ORIENTED_EDGE('',*,*,#7952,.F.);
#7955=ORIENTED_EDGE('',*,*,#7954,.T.);
#7956=EDGE_LOOP('',(#7950,#7951,#7953,#7955));
#7957=FACE_OUTER_BOUND('',#7956,.F.);
#7958=ADVANCED_FACE('',(#7957),#7949,.T.);
#7959=CARTESIAN_POINT('',(2.162947017315E1,-3.434707017315E1,-1.046E0));
#7960=DIRECTION('',(0.E0,0.E0,-1.E0));
#7961=DIRECTION('',(1.E0,0.E0,0.E0));
#7962=AXIS2_PLACEMENT_3D('',#7959,#7960,#7961);
#7963=CYLINDRICAL_SURFACE('',#7962,5.08E-1);
#7964=ORIENTED_EDGE('',*,*,#7839,.F.);
#7966=ORIENTED_EDGE('',*,*,#7965,.F.);
#7967=ORIENTED_EDGE('',*,*,#7952,.T.);
#7968=ORIENTED_EDGE('',*,*,#7904,.T.);
#7969=EDGE_LOOP('',(#7964,#7966,#7967,#7968));
#7970=FACE_OUTER_BOUND('',#7969,.F.);
#7971=ADVANCED_FACE('',(#7970),#7963,.T.);
#7972=CARTESIAN_POINT('',(2.11332E1,-3.423853485520E1,-1.046E0));
#7973=DIRECTION('',(1.E0,0.E0,0.E0));
#7974=DIRECTION('',(0.E0,-1.E0,0.E0));
#7975=AXIS2_PLACEMENT_3D('',#7972,#7973,#7974);
#7976=PLANE('',#7975);
#7978=ORIENTED_EDGE('',*,*,#7977,.F.);
#7979=ORIENTED_EDGE('',*,*,#7933,.F.);
#7980=ORIENTED_EDGE('',*,*,#7954,.F.);
#7981=ORIENTED_EDGE('',*,*,#7965,.T.);
#7982=ORIENTED_EDGE('',*,*,#7837,.T.);
#7984=ORIENTED_EDGE('',*,*,#7983,.F.);
#7986=ORIENTED_EDGE('',*,*,#7985,.F.);
#7988=ORIENTED_EDGE('',*,*,#7987,.F.);
#7989=EDGE_LOOP('',(#7978,#7979,#7980,#7981,#7982,#7984,#7986,#7988));
#7990=FACE_OUTER_BOUND('',#7989,.F.);
#7991=ADVANCED_FACE('',(#7990),#7976,.F.);
#7992=CARTESIAN_POINT('',(2.11328E1,-4.198752609813E1,-1.046E0));
#7993=DIRECTION('',(-9.999619230642E-1,0.E0,-8.726535498374E-3));
#7994=DIRECTION('',(0.E0,-1.E0,0.E0));
#7995=AXIS2_PLACEMENT_3D('',#7992,#7993,#7994);
#7996=PLANE('',#7995);
#7997=ORIENTED_EDGE('',*,*,#7977,.T.);
#7999=ORIENTED_EDGE('',*,*,#7998,.F.);
#8001=ORIENTED_EDGE('',*,*,#8000,.T.);
#8002=ORIENTED_EDGE('',*,*,#7935,.T.);
#8003=EDGE_LOOP('',(#7997,#7999,#8001,#8002));
#8004=FACE_OUTER_BOUND('',#8003,.F.);
#8005=ADVANCED_FACE('',(#8004),#7996,.T.);
#8006=CARTESIAN_POINT('',(2.21328E1,-3.98329E1,-2.117745307100E0));
#8007=DIRECTION('',(0.E0,0.E0,1.E0));
#8008=DIRECTION('',(-1.E0,0.E0,0.E0));
#8009=AXIS2_PLACEMENT_3D('',#8006,#8007,#8008);
#8010=CONICAL_SURFACE('',#8009,9.906470203996E-1,5.E-1);
#8011=ORIENTED_EDGE('',*,*,#7987,.T.);
#8013=ORIENTED_EDGE('',*,*,#8012,.T.);
#8015=ORIENTED_EDGE('',*,*,#8014,.F.);
#8017=ORIENTED_EDGE('',*,*,#8016,.T.);
#8018=ORIENTED_EDGE('',*,*,#7998,.T.);
#8019=EDGE_LOOP('',(#8011,#8013,#8015,#8017,#8018));
#8020=FACE_OUTER_BOUND('',#8019,.F.);
#8021=ADVANCED_FACE('',(#8020),#8010,.T.);
#8022=CARTESIAN_POINT('',(2.08788E1,-3.11834E1,-1.046E0));
#8023=DIRECTION('',(0.E0,0.E0,-1.E0));
#8024=DIRECTION('',(0.E0,1.E0,0.E0));
#8025=AXIS2_PLACEMENT_3D('',#8022,#8023,#8024);
#8026=PLANE('',#8025);
#8028=ORIENTED_EDGE('',*,*,#8027,.F.);
#8029=ORIENTED_EDGE('',*,*,#8012,.F.);
#8030=ORIENTED_EDGE('',*,*,#7985,.T.);
#8032=ORIENTED_EDGE('',*,*,#8031,.F.);
#8034=ORIENTED_EDGE('',*,*,#8033,.T.);
#8036=ORIENTED_EDGE('',*,*,#8035,.F.);
#8038=ORIENTED_EDGE('',*,*,#8037,.T.);
#8040=ORIENTED_EDGE('',*,*,#8039,.F.);
#8041=EDGE_LOOP('',(#8028,#8029,#8030,#8032,#8034,#8036,#8038,#8040));
#8042=FACE_OUTER_BOUND('',#8041,.F.);
#8043=ADVANCED_FACE('',(#8042),#8026,.T.);
#8044=CARTESIAN_POINT('',(3.168742609813E1,-4.08329E1,-1.046E0));
#8045=DIRECTION('',(0.E0,-9.999619230642E-1,-8.726535498374E-3));
#8046=DIRECTION('',(1.E0,0.E0,0.E0));
#8047=AXIS2_PLACEMENT_3D('',#8044,#8045,#8046);
#8048=PLANE('',#8047);
#8049=ORIENTED_EDGE('',*,*,#8027,.T.);
#8051=ORIENTED_EDGE('',*,*,#8050,.F.);
#8053=ORIENTED_EDGE('',*,*,#8052,.T.);
#8054=ORIENTED_EDGE('',*,*,#8014,.T.);
#8055=EDGE_LOOP('',(#8049,#8051,#8053,#8054));
#8056=FACE_OUTER_BOUND('',#8055,.F.);
#8057=ADVANCED_FACE('',(#8056),#8048,.T.);
#8058=CARTESIAN_POINT('',(2.95328E1,-3.98329E1,-2.117745307100E0));
#8059=DIRECTION('',(0.E0,0.E0,1.E0));
#8060=DIRECTION('',(0.E0,-1.E0,0.E0));
#8061=AXIS2_PLACEMENT_3D('',#8058,#8059,#8060);
#8062=CONICAL_SURFACE('',#8061,9.906470203996E-1,5.E-1);
#8063=ORIENTED_EDGE('',*,*,#8039,.T.);
#8065=ORIENTED_EDGE('',*,*,#8064,.T.);
#8067=ORIENTED_EDGE('',*,*,#8066,.F.);
#8069=ORIENTED_EDGE('',*,*,#8068,.T.);
#8070=ORIENTED_EDGE('',*,*,#8050,.T.);
#8071=EDGE_LOOP('',(#8063,#8065,#8067,#8069,#8070));
#8072=FACE_OUTER_BOUND('',#8071,.F.);
#8073=ADVANCED_FACE('',(#8072),#8062,.T.);
#8074=CARTESIAN_POINT('',(2.58318E1,-3.73429E1,-1.046E0));
#8075=DIRECTION('',(0.E0,0.E0,-1.E0));
#8076=DIRECTION('',(1.E0,0.E0,0.E0));
#8077=AXIS2_PLACEMENT_3D('',#8074,#8075,#8076);
#8078=PLANE('',#8077);
#8080=ORIENTED_EDGE('',*,*,#8079,.T.);
#8082=ORIENTED_EDGE('',*,*,#8081,.F.);
#8084=ORIENTED_EDGE('',*,*,#8083,.F.);
#8085=ORIENTED_EDGE('',*,*,#8064,.F.);
#8086=EDGE_LOOP('',(#8080,#8082,#8084,#8085));
#8087=FACE_OUTER_BOUND('',#8086,.F.);
#8088=ADVANCED_FACE('',(#8087),#8078,.F.);
#8089=CARTESIAN_POINT('',(3.05304E1,-4.044726514480E1,-1.046E0));
#8090=DIRECTION('',(-1.E0,0.E0,0.E0));
#8091=DIRECTION('',(0.E0,1.E0,0.E0));
#8092=AXIS2_PLACEMENT_3D('',#8089,#8090,#8091);
#8093=PLANE('',#8092);
#8094=ORIENTED_EDGE('',*,*,#8079,.F.);
#8095=ORIENTED_EDGE('',*,*,#8037,.F.);
#8097=ORIENTED_EDGE('',*,*,#8096,.T.);
#8098=ORIENTED_EDGE('',*,*,#7829,.T.);
#8100=ORIENTED_EDGE('',*,*,#8099,.F.);
#8102=ORIENTED_EDGE('',*,*,#8101,.F.);
#8103=EDGE_LOOP('',(#8094,#8095,#8097,#8098,#8100,#8102));
#8104=FACE_OUTER_BOUND('',#8103,.F.);
#8105=ADVANCED_FACE('',(#8104),#8093,.F.);
#8106=CARTESIAN_POINT('',(3.003412982685E1,-4.033872982685E1,-1.046E0));
#8107=DIRECTION('',(0.E0,0.E0,-1.E0));
#8108=DIRECTION('',(1.E0,0.E0,0.E0));
#8109=AXIS2_PLACEMENT_3D('',#8106,#8107,#8108);
#8110=CYLINDRICAL_SURFACE('',#8109,5.08E-1);
#8111=ORIENTED_EDGE('',*,*,#7831,.F.);
#8112=ORIENTED_EDGE('',*,*,#8096,.F.);
#8113=ORIENTED_EDGE('',*,*,#8035,.T.);
#8115=ORIENTED_EDGE('',*,*,#8114,.T.);
#8116=EDGE_LOOP('',(#8111,#8112,#8113,#8115));
#8117=FACE_OUTER_BOUND('',#8116,.F.);
#8118=ADVANCED_FACE('',(#8117),#8110,.T.);
#8119=CARTESIAN_POINT('',(2.152093485520E1,-4.0835E1,-1.046E0));
#8120=DIRECTION('',(0.E0,1.E0,0.E0));
#8121=DIRECTION('',(1.E0,0.E0,0.E0));
#8122=AXIS2_PLACEMENT_3D('',#8119,#8120,#8121);
#8123=PLANE('',#8122);
#8124=ORIENTED_EDGE('',*,*,#7833,.T.);
#8125=ORIENTED_EDGE('',*,*,#8114,.F.);
#8126=ORIENTED_EDGE('',*,*,#8033,.F.);
#8128=ORIENTED_EDGE('',*,*,#8127,.T.);
#8129=EDGE_LOOP('',(#8124,#8125,#8126,#8128));
#8130=FACE_OUTER_BOUND('',#8129,.F.);
#8131=ADVANCED_FACE('',(#8130),#8123,.F.);
#8132=CARTESIAN_POINT('',(2.162947017315E1,-4.033872982685E1,-1.046E0));
#8133=DIRECTION('',(0.E0,0.E0,-1.E0));
#8134=DIRECTION('',(1.E0,0.E0,0.E0));
#8135=AXIS2_PLACEMENT_3D('',#8132,#8133,#8134);
#8136=CYLINDRICAL_SURFACE('',#8135,5.08E-1);
#8137=ORIENTED_EDGE('',*,*,#7835,.F.);
#8138=ORIENTED_EDGE('',*,*,#8127,.F.);
#8139=ORIENTED_EDGE('',*,*,#8031,.T.);
#8140=ORIENTED_EDGE('',*,*,#7983,.T.);
#8141=EDGE_LOOP('',(#8137,#8138,#8139,#8140));
#8142=FACE_OUTER_BOUND('',#8141,.F.);
#8143=ADVANCED_FACE('',(#8142),#8136,.T.);
#8144=CARTESIAN_POINT('',(3.003412982685E1,-3.434707017315E1,-1.046E0));
#8145=DIRECTION('',(0.E0,0.E0,-1.E0));
#8146=DIRECTION('',(1.E0,0.E0,0.E0));
#8147=AXIS2_PLACEMENT_3D('',#8144,#8145,#8146);
#8148=CYLINDRICAL_SURFACE('',#8147,5.08E-1);
#8149=ORIENTED_EDGE('',*,*,#7827,.F.);
#8150=ORIENTED_EDGE('',*,*,#7901,.F.);
#8152=ORIENTED_EDGE('',*,*,#8151,.T.);
#8153=ORIENTED_EDGE('',*,*,#8099,.T.);
#8154=EDGE_LOOP('',(#8149,#8150,#8152,#8153));
#8155=FACE_OUTER_BOUND('',#8154,.F.);
#8156=ADVANCED_FACE('',(#8155),#8148,.T.);
#8157=CARTESIAN_POINT('',(2.08788E1,-3.11834E1,-1.046E0));
#8158=DIRECTION('',(0.E0,0.E0,-1.E0));
#8159=DIRECTION('',(0.E0,1.E0,0.E0));
#8160=AXIS2_PLACEMENT_3D('',#8157,#8158,#8159);
#8161=PLANE('',#8160);
#8163=ORIENTED_EDGE('',*,*,#8162,.F.);
#8164=ORIENTED_EDGE('',*,*,#8101,.T.);
#8165=ORIENTED_EDGE('',*,*,#8151,.F.);
#8166=ORIENTED_EDGE('',*,*,#7899,.T.);
#8167=EDGE_LOOP('',(#8163,#8164,#8165,#8166));
#8168=FACE_OUTER_BOUND('',#8167,.F.);
#8169=ADVANCED_FACE('',(#8168),#8161,.T.);
#8170=CARTESIAN_POINT('',(2.95328E1,-3.48429E1,-2.117746469669E0));
#8171=DIRECTION('',(0.E0,0.E0,1.E0));
#8172=DIRECTION('',(1.E0,0.E0,0.E0));
#8173=AXIS2_PLACEMENT_3D('',#8170,#8171,#8172);
#8174=CONICAL_SURFACE('',#8173,9.906470102540E-1,5.E-1);
#8175=ORIENTED_EDGE('',*,*,#8162,.T.);
#8176=ORIENTED_EDGE('',*,*,#7921,.T.);
#8178=ORIENTED_EDGE('',*,*,#8177,.F.);
#8180=ORIENTED_EDGE('',*,*,#8179,.T.);
#8182=ORIENTED_EDGE('',*,*,#8181,.T.);
#8184=ORIENTED_EDGE('',*,*,#8183,.T.);
#8185=ORIENTED_EDGE('',*,*,#8081,.T.);
#8186=EDGE_LOOP('',(#8175,#8176,#8178,#8180,#8182,#8184,#8185));
#8187=FACE_OUTER_BOUND('',#8186,.F.);
#8188=ADVANCED_FACE('',(#8187),#8174,.T.);
#8189=CARTESIAN_POINT('',(1.997817390187E1,-3.38429E1,-1.046E0));
#8190=DIRECTION('',(0.E0,9.999619230642E-1,-8.726535498374E-3));
#8191=DIRECTION('',(-1.E0,0.E0,0.E0));
#8192=AXIS2_PLACEMENT_3D('',#8189,#8190,#8191);
#8193=PLANE('',#8192);
#8195=ORIENTED_EDGE('',*,*,#8194,.T.);
#8196=ORIENTED_EDGE('',*,*,#8177,.T.);
#8197=ORIENTED_EDGE('',*,*,#7919,.T.);
#8198=ORIENTED_EDGE('',*,*,#7939,.F.);
#8199=EDGE_LOOP('',(#8195,#8196,#8197,#8198));
#8200=FACE_OUTER_BOUND('',#8199,.F.);
#8201=ADVANCED_FACE('',(#8200),#8193,.T.);
#8202=CARTESIAN_POINT('',(2.210088474743E1,-3.426159072843E1,-3.186E0));
#8203=DIRECTION('',(1.E0,0.E0,0.E0));
#8204=DIRECTION('',(0.E0,0.E0,-1.E0));
#8205=AXIS2_PLACEMENT_3D('',#8202,#8203,#8204);
#8206=CYLINDRICAL_SURFACE('',#8205,4.E-1);
#8208=ORIENTED_EDGE('',*,*,#8207,.T.);
#8210=ORIENTED_EDGE('',*,*,#8209,.T.);
#8211=ORIENTED_EDGE('',*,*,#8194,.F.);
#8213=ORIENTED_EDGE('',*,*,#8212,.F.);
#8214=EDGE_LOOP('',(#8208,#8210,#8211,#8213));
#8215=FACE_OUTER_BOUND('',#8214,.F.);
#8216=ADVANCED_FACE('',(#8215),#8206,.T.);
#8217=CARTESIAN_POINT('',(2.58318E1,-3.73429E1,-3.586E0));
#8218=DIRECTION('',(0.E0,0.E0,-1.E0));
#8219=DIRECTION('',(1.E0,0.E0,0.E0));
#8220=AXIS2_PLACEMENT_3D('',#8217,#8218,#8219);
#8221=PLANE('',#8220);
#8223=ORIENTED_EDGE('',*,*,#8222,.F.);
#8225=ORIENTED_EDGE('',*,*,#8224,.F.);
#8226=ORIENTED_EDGE('',*,*,#8207,.F.);
#8228=ORIENTED_EDGE('',*,*,#8227,.F.);
#8230=ORIENTED_EDGE('',*,*,#8229,.F.);
#8232=ORIENTED_EDGE('',*,*,#8231,.F.);
#8234=ORIENTED_EDGE('',*,*,#8233,.F.);
#8236=ORIENTED_EDGE('',*,*,#8235,.F.);
#8237=EDGE_LOOP('',(#8223,#8225,#8226,#8228,#8230,#8232,#8234,#8236));
#8238=FACE_OUTER_BOUND('',#8237,.F.);
#8239=ADVANCED_FACE('',(#8238),#8221,.T.);
#8240=CARTESIAN_POINT('',(3.011410927157E1,-3.481098474743E1,-3.186E0));
#8241=DIRECTION('',(0.E0,-1.E0,0.E0));
#8242=DIRECTION('',(0.E0,0.E0,-1.E0));
#8243=AXIS2_PLACEMENT_3D('',#8240,#8241,#8242);
#8244=CYLINDRICAL_SURFACE('',#8243,4.E-1);
#8246=ORIENTED_EDGE('',*,*,#8245,.T.);
#8248=ORIENTED_EDGE('',*,*,#8247,.T.);
#8250=ORIENTED_EDGE('',*,*,#8249,.F.);
#8251=ORIENTED_EDGE('',*,*,#8222,.T.);
#8253=ORIENTED_EDGE('',*,*,#8252,.T.);
#8255=ORIENTED_EDGE('',*,*,#8254,.F.);
#8256=EDGE_LOOP('',(#8246,#8248,#8250,#8251,#8253,#8255));
#8257=FACE_OUTER_BOUND('',#8256,.F.);
#8258=ADVANCED_FACE('',(#8257),#8244,.T.);
#8259=CARTESIAN_POINT('',(3.051427273597E1,-3.631548814100E1,
-3.192880787945E0));
#8260=CARTESIAN_POINT('',(3.051431861692E1,-3.629657519326E1,
-3.216413173050E0));
#8261=CARTESIAN_POINT('',(3.051100204387E1,-3.624485216570E1,
-3.277594811750E0));
#8262=CARTESIAN_POINT('',(3.049239106582E1,-3.613740053201E1,
-3.383030532436E0));
#8263=CARTESIAN_POINT('',(3.045630194829E1,-3.597299754155E1,
-3.502066336527E0));
#8264=CARTESIAN_POINT('',(3.041387574228E1,-3.575675101777E1,
-3.604264172143E0));
#8265=CARTESIAN_POINT('',(3.038614698921E1,-3.552334001832E1,
-3.660414166033E0));
#8266=CARTESIAN_POINT('',(3.038151149530E1,-3.536947108509E1,
-3.669545550807E0));
#8267=CARTESIAN_POINT('',(3.038186694992E1,-3.530700810907E1,
-3.668797999884E0));
#8268=CARTESIAN_POINT('',(3.050637207785E1,-3.607656779969E1,
-3.001325802825E0));
#8269=CARTESIAN_POINT('',(3.050641758641E1,-3.606463749200E1,
-3.016151503688E0));
#8270=CARTESIAN_POINT('',(3.050312743601E1,-3.603144354818E1,
-3.056678889215E0));
#8271=CARTESIAN_POINT('',(3.048459236772E1,-3.595818947820E1,
-3.133021786297E0));
#8272=CARTESIAN_POINT('',(3.044854220659E1,-3.583827630199E1,
-3.225305613173E0));
#8273=CARTESIAN_POINT('',(3.040606565187E1,-3.567168610550E1,
-3.308450229084E0));
#8274=CARTESIAN_POINT('',(3.037826023261E1,-3.548513511608E1,
-3.355501532322E0));
#8275=CARTESIAN_POINT('',(3.037361018893E1,-3.536057929090E1,
-3.363213371887E0));
#8276=CARTESIAN_POINT('',(3.037396657881E1,-3.531004115630E1,
-3.362583173852E0));
#8277=CARTESIAN_POINT('',(3.072357903705E1,-3.590825501938E1,
-2.865932790173E0));
#8278=CARTESIAN_POINT('',(3.072363478358E1,-3.589702124876E1,
-2.879910992628E0));
#8279=CARTESIAN_POINT('',(3.071961821471E1,-3.586631793179E1,
-2.916187289599E0));
#8280=CARTESIAN_POINT('',(3.069899621569E1,-3.580267550535E1,
-2.978488213941E0));
#8281=CARTESIAN_POINT('',(3.066187505483E1,-3.570556028265E1,
-3.048623913972E0));
#8282=CARTESIAN_POINT('',(3.062078270008E1,-3.557811324404E1,
-3.108709340141E0));
#8283=CARTESIAN_POINT('',(3.059508500775E1,-3.544077282158E1,
-3.141676481677E0));
#8284=CARTESIAN_POINT('',(3.059083497019E1,-3.535028757114E1,
-3.147035771264E0));
#8285=CARTESIAN_POINT('',(3.059116564765E1,-3.531355431971E1,
-3.146596989406E0));
#8286=CARTESIAN_POINT('',(3.102976159963E1,-3.591603793835E1,
-2.871557794888E0));
#8287=CARTESIAN_POINT('',(3.102983177798E1,-3.589877805510E1,
-2.893078844844E0));
#8288=CARTESIAN_POINT('',(3.102479122412E1,-3.585296593578E1,
-2.944171539725E0));
#8289=CARTESIAN_POINT('',(3.100122741420E1,-3.576832524341E1,
-3.016281990362E0));
#8290=CARTESIAN_POINT('',(3.096259653447E1,-3.565802775305E1,
-3.082754502826E0));
#8291=CARTESIAN_POINT('',(3.092345539665E1,-3.553467816981E1,
-3.130226856523E0));
#8292=CARTESIAN_POINT('',(3.090072883028E1,-3.541805670296E1,
-3.152951454939E0));
#8293=CARTESIAN_POINT('',(3.089704265539E1,-3.534504614518E1,
-3.156499623967E0));
#8294=CARTESIAN_POINT('',(3.089733708773E1,-3.531534576374E1,
-3.156206353641E0));
#8295=(BOUNDED_SURFACE()B_SPLINE_SURFACE(3,3,((#8259,#8260,#8261,#8262,#8263,
#8264,#8265,#8266,#8267),(#8268,#8269,#8270,#8271,#8272,#8273,#8274,#8275,
#8276),(#8277,#8278,#8279,#8280,#8281,#8282,#8283,#8284,#8285),(#8286,#8287,
#8288,#8289,#8290,#8291,#8292,#8293,#8294)),.UNSPECIFIED.,.F.,.F.,.F.)B_SPLINE_SURFACE_WITH_KNOTS((4,4),(4,1,1,1,1,1,4),(0.E0,1.E0),(3.672572550965E-2,
1.377796563960E-1,2.908255865250E-1,4.656248238575E-1,6.569161981723E-1,
8.401969874227E-1,9.661207553453E-1),.UNSPECIFIED.)GEOMETRIC_REPRESENTATION_ITEM()RATIONAL_B_SPLINE_SURFACE(((1.185796082990E0,1.185796082990E0,1.185796082990E0,
1.185796082990E0,1.185796082990E0,1.185796082990E0,1.185796082990E0,
1.185796082990E0,1.185796082990E0),(9.380679723367E-1,9.380679723367E-1,
9.380679723367E-1,9.380679723367E-1,9.380679723367E-1,9.380679723367E-1,
9.380679723367E-1,9.380679723367E-1,9.380679723367E-1),(9.380679723367E-1,
9.380679723367E-1,9.380679723367E-1,9.380679723367E-1,9.380679723367E-1,
9.380679723367E-1,9.380679723367E-1,9.380679723367E-1,9.380679723367E-1),(
1.185796082990E0,1.185796082990E0,1.185796082990E0,1.185796082990E0,
1.185796082990E0,1.185796082990E0,1.185796082990E0,1.185796082990E0,
1.185796082990E0)))REPRESENTATION_ITEM('')SURFACE());
#8296=ORIENTED_EDGE('',*,*,#8245,.F.);
#8298=ORIENTED_EDGE('',*,*,#8297,.T.);
#8300=ORIENTED_EDGE('',*,*,#8299,.T.);
#8302=ORIENTED_EDGE('',*,*,#8301,.F.);
#8303=EDGE_LOOP('',(#8296,#8298,#8300,#8302));
#8304=FACE_OUTER_BOUND('',#8303,.F.);
#8305=ADVANCED_FACE('',(#8304),#8295,.F.);
#8306=CARTESIAN_POINT('',(3.053243749463E1,-3.529409679550E1,
-1.116168069761E0));
#8307=CARTESIAN_POINT('',(3.053245548340E1,-3.537241150453E1,
-1.114411325464E0));
#8308=CARTESIAN_POINT('',(3.053235473176E1,-3.553332883240E1,
-1.125571832751E0));
#8309=CARTESIAN_POINT('',(3.053182214396E1,-3.576882739820E1,
-1.187592801618E0));
#8310=CARTESIAN_POINT('',(3.053089598135E1,-3.599144506646E1,
-1.295027585515E0));
#8311=CARTESIAN_POINT('',(3.052962204969E1,-3.618939588944E1,
-1.442952767294E0));
#8312=CARTESIAN_POINT('',(3.052804554396E1,-3.635554077199E1,
-1.626069108968E0));
#8313=CARTESIAN_POINT('',(3.052622477607E1,-3.648369190782E1,
-1.837675365677E0));
#8314=CARTESIAN_POINT('',(3.052422656337E1,-3.656907355672E1,
-2.070039540010E0));
#8315=CARTESIAN_POINT('',(3.052212527238E1,-3.660842549301E1,
-2.314547664617E0));
#8316=CARTESIAN_POINT('',(3.051999687015E1,-3.660023857296E1,
-2.562365356321E0));
#8317=CARTESIAN_POINT('',(3.051792146534E1,-3.654465229881E1,
-2.804193956868E0));
#8318=CARTESIAN_POINT('',(3.051598515587E1,-3.644416283853E1,
-3.029862172651E0));
#8319=CARTESIAN_POINT('',(3.051483207095E1,-3.634988892338E1,
-3.164549500031E0));
#8320=CARTESIAN_POINT('',(3.051430215342E1,-3.629731698188E1,
-3.226254919457E0));
#8321=CARTESIAN_POINT('',(3.051994543625E1,-3.530108952830E1,
-1.425713322614E0));
#8322=CARTESIAN_POINT('',(3.051996349492E1,-3.536039132538E1,
-1.424384697262E0));
#8323=CARTESIAN_POINT('',(3.051986263765E1,-3.548224092059E1,
-1.432825222368E0));
#8324=CARTESIAN_POINT('',(3.051933014287E1,-3.566058494953E1,
-1.479734262756E0));
#8325=CARTESIAN_POINT('',(3.051840404066E1,-3.582921768531E1,
-1.561005062998E0));
#8326=CARTESIAN_POINT('',(3.051713020212E1,-3.597922744629E1,
-1.672933121221E0));
#8327=CARTESIAN_POINT('',(3.051555378833E1,-3.610521110609E1,
-1.811532927165E0));
#8328=CARTESIAN_POINT('',(3.051373310321E1,-3.620247405750E1,
-1.971757385624E0));
#8329=CARTESIAN_POINT('',(3.051173495035E1,-3.626737995048E1,
-2.147774174943E0));
#8330=CARTESIAN_POINT('',(3.050963368837E1,-3.629743136309E1,
-2.333074311070E0));
#8331=CARTESIAN_POINT('',(3.050750527819E1,-3.629145243782E1,
-2.520970366160E0));
#8332=CARTESIAN_POINT('',(3.050542983629E1,-3.624951540467E1,
-2.704410372842E0));
#8333=CARTESIAN_POINT('',(3.050349344154E1,-3.617348180878E1,
-2.875667395298E0));
#8334=CARTESIAN_POINT('',(3.050234033729E1,-3.610206035397E1,
-2.977920932896E0));
#8335=CARTESIAN_POINT('',(3.050181036377E1,-3.606221499343E1,
-3.024774642566E0));
#8336=CARTESIAN_POINT('',(3.073810205707E1,-3.530601500155E1,
-1.645728412750E0));
#8337=CARTESIAN_POINT('',(3.073811889504E1,-3.535192460681E1,
-1.644698587921E0));
#8338=CARTESIAN_POINT('',(3.073801988235E1,-3.544625746626E1,
-1.651241011458E0));
#8339=CARTESIAN_POINT('',(3.073748576320E1,-3.558431145342E1,
-1.687598476714E0));
#8340=CARTESIAN_POINT('',(3.073655860599E1,-3.571481474339E1,
-1.750578192508E0));
#8341=CARTESIAN_POINT('',(3.073528314147E1,-3.583085828657E1,
-1.837294142740E0));
#8342=CARTESIAN_POINT('',(3.073370512184E1,-3.592825702848E1,
-1.944640026065E0));
#8343=CARTESIAN_POINT('',(3.073188299147E1,-3.600338348519E1,
-2.068687657829E0));
#8344=CARTESIAN_POINT('',(3.072988379347E1,-3.605343786651E1,
-2.204904568920E0));
#8345=CARTESIAN_POINT('',(3.072778202490E1,-3.607650873789E1,
-2.348241192631E0));
#8346=CARTESIAN_POINT('',(3.072565375360E1,-3.607171114833E1,
-2.493518659002E0));
#8347=CARTESIAN_POINT('',(3.072357895940E1,-3.603912661271E1,
-2.635285828404E0));
#8348=CARTESIAN_POINT('',(3.072164405394E1,-3.598021820708E1,
-2.767579893251E0));
#8349=CARTESIAN_POINT('',(3.072049128730E1,-3.592495272853E1,
-2.846538318386E0));
#8350=CARTESIAN_POINT('',(3.071996229157E1,-3.589413374478E1,
-2.882712253729E0));
#8351=CARTESIAN_POINT('',(3.104782355877E1,-3.530573302392E1,
-1.635944691386E0));
#8352=CARTESIAN_POINT('',(3.104783866368E1,-3.535240922935E1,
-1.634893851062E0));
#8353=CARTESIAN_POINT('',(3.104774226977E1,-3.544831939822E1,
-1.641570171286E0));
#8354=CARTESIAN_POINT('',(3.104720584449E1,-3.558863439370E1,
-1.678663476911E0));
#8355=CARTESIAN_POINT('',(3.104627718945E1,-3.572117281095E1,
-1.742886324414E0));
#8356=CARTESIAN_POINT('',(3.104499941652E1,-3.583887983828E1,
-1.831248935704E0));
#8357=CARTESIAN_POINT('',(3.104341911701E1,-3.593749402535E1,
-1.940529167766E0));
#8358=CARTESIAN_POINT('',(3.104159493481E1,-3.601334860088E1,
-2.066669156007E0));
#8359=CARTESIAN_POINT('',(3.103959425299E1,-3.606364416295E1,
-2.205007751304E0));
#8360=CARTESIAN_POINT('',(3.103749176521E1,-3.608650485704E1,
-2.350378799896E0));
#8361=CARTESIAN_POINT('',(3.103536369110E1,-3.608110879411E1,
-2.497511824703E0));
#8362=CARTESIAN_POINT('',(3.103328981643E1,-3.604761741160E1,
-2.640890057317E0));
#8363=CARTESIAN_POINT('',(3.103135702535E1,-3.598758551051E1,
-2.774509884684E0));
#8364=CARTESIAN_POINT('',(3.103020473802E1,-3.593147942628E1,
-2.854163464837E0));
#8365=CARTESIAN_POINT('',(3.102967713049E1,-3.590023192953E1,
-2.890638355685E0));
#8366=(BOUNDED_SURFACE()B_SPLINE_SURFACE(3,3,((#8306,#8307,#8308,#8309,#8310,
#8311,#8312,#8313,#8314,#8315,#8316,#8317,#8318,#8319,#8320),(#8321,#8322,#8323,
#8324,#8325,#8326,#8327,#8328,#8329,#8330,#8331,#8332,#8333,#8334,#8335),(#8336,
#8337,#8338,#8339,#8340,#8341,#8342,#8343,#8344,#8345,#8346,#8347,#8348,#8349,
#8350),(#8351,#8352,#8353,#8354,#8355,#8356,#8357,#8358,#8359,#8360,#8361,#8362,
#8363,#8364,#8365)),.UNSPECIFIED.,.F.,.F.,.F.)B_SPLINE_SURFACE_WITH_KNOTS((4,4),
(4,1,1,1,1,1,1,1,1,1,1,1,4),(0.E0,1.E0),(3.027541239273E-3,8.288468798613E-2,
1.664887002849E-1,2.499194897388E-1,3.333741769663E-1,4.168356794786E-1,
5.002946880287E-1,5.837495979058E-1,6.672329233221E-1,7.506306323832E-1,
8.342292204369E-1,9.177070098668E-1,9.998961214505E-1),.UNSPECIFIED.)GEOMETRIC_REPRESENTATION_ITEM()RATIONAL_B_SPLINE_SURFACE(((1.189605596486E0,
1.189605596486E0,1.189605596486E0,1.189605596486E0,1.189605596486E0,
1.189605596486E0,1.189605596486E0,1.189605596486E0,1.189605596486E0,
1.189605596486E0,1.189605596486E0,1.189605596486E0,1.189605596486E0,
1.189605596486E0,1.189605596486E0),(9.367981345045E-1,9.367981345045E-1,
9.367981345045E-1,9.367981345045E-1,9.367981345045E-1,9.367981345045E-1,
9.367981345045E-1,9.367981345045E-1,9.367981345045E-1,9.367981345045E-1,
9.367981345045E-1,9.367981345045E-1,9.367981345045E-1,9.367981345045E-1,
9.367981345045E-1),(9.367981345045E-1,9.367981345045E-1,9.367981345045E-1,
9.367981345045E-1,9.367981345045E-1,9.367981345045E-1,9.367981345045E-1,
9.367981345045E-1,9.367981345045E-1,9.367981345045E-1,9.367981345045E-1,
9.367981345045E-1,9.367981345045E-1,9.367981345045E-1,9.367981345045E-1),(
1.189605596486E0,1.189605596486E0,1.189605596486E0,1.189605596486E0,
1.189605596486E0,1.189605596486E0,1.189605596486E0,1.189605596486E0,
1.189605596486E0,1.189605596486E0,1.189605596486E0,1.189605596486E0,
1.189605596486E0,1.189605596486E0,1.189605596486E0)))REPRESENTATION_ITEM('')SURFACE());
#8368=ORIENTED_EDGE('',*,*,#8367,.F.);
#8370=ORIENTED_EDGE('',*,*,#8369,.T.);
#8372=ORIENTED_EDGE('',*,*,#8371,.T.);
#8373=ORIENTED_EDGE('',*,*,#8297,.F.);
#8374=EDGE_LOOP('',(#8368,#8370,#8372,#8373));
#8375=FACE_OUTER_BOUND('',#8374,.F.);
#8376=ADVANCED_FACE('',(#8375),#8366,.F.);
#8377=CARTESIAN_POINT('',(3.05328E1,-3.268827390187E1,-1.046E0));
#8378=DIRECTION('',(9.999619230642E-1,0.E0,-8.726535498374E-3));
#8379=DIRECTION('',(0.E0,1.E0,0.E0));
#8380=AXIS2_PLACEMENT_3D('',#8377,#8378,#8379);
#8381=PLANE('',#8380);
#8383=ORIENTED_EDGE('',*,*,#8382,.T.);
#8384=ORIENTED_EDGE('',*,*,#8367,.T.);
#8385=ORIENTED_EDGE('',*,*,#8254,.T.);
#8386=ORIENTED_EDGE('',*,*,#8066,.T.);
#8387=ORIENTED_EDGE('',*,*,#8083,.T.);
#8388=ORIENTED_EDGE('',*,*,#8183,.F.);
#8389=EDGE_LOOP('',(#8383,#8384,#8385,#8386,#8387,#8388));
#8390=FACE_OUTER_BOUND('',#8389,.F.);
#8391=ADVANCED_FACE('',(#8390),#8381,.T.);
#8392=CARTESIAN_POINT('',(3.053157349689E1,-3.482552676522E1,
-1.216415200037E0));
#8393=CARTESIAN_POINT('',(3.053177632535E1,-3.488102950416E1,
-1.193014894513E0));
#8394=CARTESIAN_POINT('',(3.053212170143E1,-3.499911628424E1,
-1.152772456813E0));
#8395=CARTESIAN_POINT('',(3.053239353105E1,-3.517096550757E1,
-1.121026406685E0));
#8396=CARTESIAN_POINT('',(3.053244686591E1,-3.528512828354E1,
-1.115432485707E0));
#8397=CARTESIAN_POINT('',(3.053244066355E1,-3.533506222867E1,
-1.115903980971E0));
#8398=CARTESIAN_POINT('',(3.051908215051E1,-3.494624118754E1,
-1.501537862244E0));
#8399=CARTESIAN_POINT('',(3.051928499306E1,-3.498828156398E1,
-1.483836677282E0));
#8400=CARTESIAN_POINT('',(3.051963030553E1,-3.507771676782E1,
-1.453397637792E0));
#8401=CARTESIAN_POINT('',(3.051990206748E1,-3.520785174947E1,
-1.429387427900E0));
#8402=CARTESIAN_POINT('',(3.051995552624E1,-3.529429835344E1,
-1.425156760297E0));
#8403=CARTESIAN_POINT('',(3.051994927076E1,-3.533210952899E1,
-1.425513349456E0));
#8404=CARTESIAN_POINT('',(3.073723740562E1,-3.503132960474E1,
-1.704493968421E0));
#8405=CARTESIAN_POINT('',(3.073744000214E1,-3.506386651520E1,
-1.690776385400E0));
#8406=CARTESIAN_POINT('',(3.073778642557E1,-3.513309147608E1,
-1.667185730264E0));
#8407=CARTESIAN_POINT('',(3.073805936920E1,-3.523383297123E1,
-1.648575788790E0));
#8408=CARTESIAN_POINT('',(3.073811066424E1,-3.530075746636E1,
-1.645296561667E0));
#8409=CARTESIAN_POINT('',(3.073810533647E1,-3.533002974104E1,
-1.645572958134E0));
#8410=CARTESIAN_POINT('',(3.104695667608E1,-3.502654479224E1,
-1.695890989815E0));
#8411=CARTESIAN_POINT('',(3.104715892330E1,-3.505959596794E1,
-1.681901786638E0));
#8412=CARTESIAN_POINT('',(3.104750692398E1,-3.512993684676E1,
-1.657838386657E0));
#8413=CARTESIAN_POINT('',(3.104778154527E1,-3.523234511845E1,
-1.638850257503E0));
#8414=CARTESIAN_POINT('',(3.104782976843E1,-3.530038768284E1,
-1.635504077105E0));
#8415=CARTESIAN_POINT('',(3.104782575775E1,-3.533014881173E1,
-1.635786120302E0));
#8416=(BOUNDED_SURFACE()B_SPLINE_SURFACE(3,3,((#8392,#8393,#8394,#8395,#8396,
#8397),(#8398,#8399,#8400,#8401,#8402,#8403),(#8404,#8405,#8406,#8407,#8408,
#8409),(#8410,#8411,#8412,#8413,#8414,#8415)),.UNSPECIFIED.,.F.,.F.,.F.)B_SPLINE_SURFACE_WITH_KNOTS((4,4),(4,1,1,4),(0.E0,1.E0),(2.013448861673E-2,
3.339820356636E-1,6.678855241661E-1,9.280610131091E-1),.UNSPECIFIED.)GEOMETRIC_REPRESENTATION_ITEM()RATIONAL_B_SPLINE_SURFACE(((1.189605042670E0,
1.189605042670E0,1.189605042670E0,1.189605042670E0,1.189605042670E0,
1.189605042670E0),(9.367983191099E-1,9.367983191099E-1,9.367983191099E-1,
9.367983191099E-1,9.367983191099E-1,9.367983191099E-1),(9.367983191099E-1,
9.367983191099E-1,9.367983191099E-1,9.367983191099E-1,9.367983191099E-1,
9.367983191099E-1),(1.189605042670E0,1.189605042670E0,1.189605042670E0,
1.189605042670E0,1.189605042670E0,1.189605042670E0)))REPRESENTATION_ITEM('')SURFACE());
#8417=ORIENTED_EDGE('',*,*,#8382,.F.);
#8419=ORIENTED_EDGE('',*,*,#8418,.T.);
#8421=ORIENTED_EDGE('',*,*,#8420,.T.);
#8422=ORIENTED_EDGE('',*,*,#8369,.F.);
#8423=EDGE_LOOP('',(#8417,#8419,#8421,#8422));
#8424=FACE_OUTER_BOUND('',#8423,.F.);
#8425=ADVANCED_FACE('',(#8424),#8416,.F.);
#8426=CARTESIAN_POINT('',(3.044536088276E1,-3.441523486644E1,
-3.304356489492E0));
#8427=CARTESIAN_POINT('',(3.042829468876E1,-3.435765856407E1,
-3.247361930391E0));
#8428=CARTESIAN_POINT('',(3.039105180381E1,-3.425129114319E1,
-3.119930254996E0));
#8429=CARTESIAN_POINT('',(3.033914843458E1,-3.412908555571E1,
-2.888805713915E0));
#8430=CARTESIAN_POINT('',(3.030556284520E1,-3.405655877474E1,
-2.636062057452E0));
#8431=CARTESIAN_POINT('',(3.029669905407E1,-3.403513212748E1,
-2.377461317601E0));
#8432=CARTESIAN_POINT('',(3.031348961686E1,-3.406350564128E1,
-2.118141144952E0));
#8433=CARTESIAN_POINT('',(3.035453090138E1,-3.414352174587E1,
-1.867405168780E0));
#8434=CARTESIAN_POINT('',(3.041065568714E1,-3.426976486683E1,
-1.645447805776E0));
#8435=CARTESIAN_POINT('',(3.046569886482E1,-3.442342004228E1,
-1.469752799349E0));
#8436=CARTESIAN_POINT('',(3.050657478343E1,-3.458181747243E1,
-1.343582647409E0));
#8437=CARTESIAN_POINT('',(3.052819836843E1,-3.472556960271E1,
-1.260226629062E0));
#8438=CARTESIAN_POINT('',(3.053197790285E1,-3.481367343462E1,
-1.221163068811E0));
#8439=CARTESIAN_POINT('',(3.053153931285E1,-3.485290630431E1,
-1.205589621587E0));
#8440=CARTESIAN_POINT('',(3.043335640540E1,-3.465281733815E1,
-3.106027745349E0));
#8441=CARTESIAN_POINT('',(3.041631496455E1,-3.460855056409E1,
-3.064976805731E0));
#8442=CARTESIAN_POINT('',(3.037907273060E1,-3.452454959295E1,
-2.970701622124E0));
#8443=CARTESIAN_POINT('',(3.032703883907E1,-3.442450698525E1,
-2.791421143665E0));
#8444=CARTESIAN_POINT('',(3.029331013840E1,-3.436383104430E1,
-2.589377200059E0));
#8445=CARTESIAN_POINT('',(3.028440104634E1,-3.434582908092E1,
-2.379839734115E0));
#8446=CARTESIAN_POINT('',(3.030127503470E1,-3.436999910057E1,
-2.170020828243E0));
#8447=CARTESIAN_POINT('',(3.034247950546E1,-3.443705843652E1,
-1.970504512309E0));
#8448=CARTESIAN_POINT('',(3.039872117829E1,-3.454014833707E1,
-1.799678635621E0));
#8449=CARTESIAN_POINT('',(3.045374058083E1,-3.466099894238E1,
-1.670831002361E0));
#8450=CARTESIAN_POINT('',(3.049447831367E1,-3.477966283454E1,
-1.583612609880E0));
#8451=CARTESIAN_POINT('',(3.051595604104E1,-3.488121238691E1,
-1.529171278014E0));
#8452=CARTESIAN_POINT('',(3.051969559092E1,-3.493979986742E1,
-1.504152663740E0));
#8453=CARTESIAN_POINT('',(3.051926136092E1,-3.496524108464E1,
-1.493953744734E0));
#8454=CARTESIAN_POINT('',(3.064660331790E1,-3.479076988630E1,
-2.928774539034E0));
#8455=CARTESIAN_POINT('',(3.062912216357E1,-3.475700437551E1,
-2.895366977458E0));
#8456=CARTESIAN_POINT('',(3.059186836529E1,-3.469461193627E1,
-2.820657347105E0));
#8457=CARTESIAN_POINT('',(3.054215306503E1,-3.462290780182E1,
-2.685105207383E0));
#8458=CARTESIAN_POINT('',(3.051096658602E1,-3.458034481202E1,
-2.536837338486E0));
#8459=CARTESIAN_POINT('',(3.050286221722E1,-3.456776992915E1,
-2.385116462453E0));
#8460=CARTESIAN_POINT('',(3.051825423810E1,-3.458442380317E1,
-2.232975323802E0));
#8461=CARTESIAN_POINT('',(3.055655987707E1,-3.463138268391E1,
-2.085890821824E0));
#8462=CARTESIAN_POINT('',(3.061072517382E1,-3.470545427696E1,
-1.955723284335E0));
#8463=CARTESIAN_POINT('',(3.066616691691E1,-3.479558151781E1,
-1.852725082905E0));
#8464=CARTESIAN_POINT('',(3.070935937453E1,-3.488845447840E1,
-1.778792177896E0));
#8465=CARTESIAN_POINT('',(3.073342810926E1,-3.497270323302E1,
-1.729966689469E0));
#8466=CARTESIAN_POINT('',(3.073787794231E1,-3.502431607408E1,
-1.707088347732E0));
#8467=CARTESIAN_POINT('',(3.073736626156E1,-3.504729548014E1,
-1.697966089488E0));
#8468=CARTESIAN_POINT('',(3.094925225341E1,-3.474120956760E1,
-2.885516375767E0));
#8469=CARTESIAN_POINT('',(3.093114703933E1,-3.470844720451E1,
-2.846582721710E0));
#8470=CARTESIAN_POINT('',(3.089387682846E1,-3.465313962141E1,
-2.765383431729E0));
#8471=CARTESIAN_POINT('',(3.084745216988E1,-3.459789637331E1,
-2.637586682287E0));
#8472=CARTESIAN_POINT('',(3.081987371816E1,-3.456816955448E1,
-2.511913095331E0));
#8473=CARTESIAN_POINT('',(3.081291144627E1,-3.455956681640E1,
-2.389929952404E0));
#8474=CARTESIAN_POINT('',(3.082620019693E1,-3.457018006874E1,
-2.266899345876E0));
#8475=CARTESIAN_POINT('',(3.086039169261E1,-3.460269984238E1,
-2.140057020920E0));
#8476=CARTESIAN_POINT('',(3.091161010958E1,-3.466037421095E1,
-2.014173200213E0));
#8477=CARTESIAN_POINT('',(3.096765125605E1,-3.474143167304E1,
-1.899559057667E0));
#8478=CARTESIAN_POINT('',(3.101432756174E1,-3.483888647239E1,
-1.804781822105E0));
#8479=CARTESIAN_POINT('',(3.104207356245E1,-3.494175771679E1,
-1.734695749919E0));
#8480=CARTESIAN_POINT('',(3.104753145907E1,-3.501338083818E1,
-1.700689542431E0));
#8481=CARTESIAN_POINT('',(3.104690985698E1,-3.504679657609E1,
-1.687660188627E0));
#8482=(BOUNDED_SURFACE()B_SPLINE_SURFACE(3,3,((#8426,#8427,#8428,#8429,#8430,
#8431,#8432,#8433,#8434,#8435,#8436,#8437,#8438,#8439),(#8440,#8441,#8442,#8443,
#8444,#8445,#8446,#8447,#8448,#8449,#8450,#8451,#8452,#8453),(#8454,#8455,#8456,
#8457,#8458,#8459,#8460,#8461,#8462,#8463,#8464,#8465,#8466,#8467),(#8468,#8469,
#8470,#8471,#8472,#8473,#8474,#8475,#8476,#8477,#8478,#8479,#8480,#8481)),
.UNSPECIFIED.,.F.,.F.,.F.)B_SPLINE_SURFACE_WITH_KNOTS((4,4),(4,1,1,1,1,1,1,1,1,
1,1,4),(0.E0,1.E0),(2.373992902643E-3,1.061180489058E-1,2.051528408230E-1,
2.956439672223E-1,3.794671610820E-1,4.642054025841E-1,5.574804321627E-1,
6.572685857185E-1,7.563898624150E-1,8.477866199551E-1,9.284079896401E-1,
9.945637539445E-1),.UNSPECIFIED.)GEOMETRIC_REPRESENTATION_ITEM()RATIONAL_B_SPLINE_SURFACE(((1.189432596245E0,1.189432596245E0,1.189432596245E0,1.189432596245E0,
1.189432596245E0,1.189432596245E0,1.189432596245E0,1.189432596245E0,
1.189432596245E0,1.189432596245E0,1.189432596245E0,1.189432596245E0,
1.189432596245E0,1.189432596245E0),(9.368558012517E-1,9.368558012517E-1,
9.368558012517E-1,9.368558012517E-1,9.368558012517E-1,9.368558012517E-1,
9.368558012517E-1,9.368558012517E-1,9.368558012517E-1,9.368558012517E-1,
9.368558012517E-1,9.368558012517E-1,9.368558012517E-1,9.368558012517E-1),(
9.368558012517E-1,9.368558012517E-1,9.368558012517E-1,9.368558012517E-1,
9.368558012517E-1,9.368558012517E-1,9.368558012517E-1,9.368558012517E-1,
9.368558012517E-1,9.368558012517E-1,9.368558012517E-1,9.368558012517E-1,
9.368558012517E-1,9.368558012517E-1),(1.189432596245E0,1.189432596245E0,
1.189432596245E0,1.189432596245E0,1.189432596245E0,1.189432596245E0,
1.189432596245E0,1.189432596245E0,1.189432596245E0,1.189432596245E0,
1.189432596245E0,1.189432596245E0,1.189432596245E0,1.189432596245E0)))REPRESENTATION_ITEM('')SURFACE());
#8483=ORIENTED_EDGE('',*,*,#8181,.F.);
#8485=ORIENTED_EDGE('',*,*,#8484,.T.);
#8487=ORIENTED_EDGE('',*,*,#8486,.T.);
#8488=ORIENTED_EDGE('',*,*,#8418,.F.);
#8489=EDGE_LOOP('',(#8483,#8485,#8487,#8488));
#8490=FACE_OUTER_BOUND('',#8489,.F.);
#8491=ADVANCED_FACE('',(#8490),#8482,.F.);
#8492=CARTESIAN_POINT('',(3.047144620057E1,-3.484438709749E1,
-3.366734003319E0));
#8493=CARTESIAN_POINT('',(3.047621990525E1,-3.480896537969E1,
-3.357388739693E0));
#8494=CARTESIAN_POINT('',(3.048278333423E1,-3.473689636037E1,
-3.334497692593E0));
#8495=CARTESIAN_POINT('',(3.048158044203E1,-3.463764351132E1,
-3.289810025123E0));
#8496=CARTESIAN_POINT('',(3.047020488409E1,-3.455816016049E1,
-3.241120157377E0));
#8497=CARTESIAN_POINT('',(3.045801497884E1,-3.451541725763E1,
-3.208185275182E0));
#8498=CARTESIAN_POINT('',(3.045221253639E1,-3.449907493972E1,
-3.194466033647E0));
#8499=CARTESIAN_POINT('',(3.055916523521E1,-3.494457477852E1,
-3.159456887691E0));
#8500=CARTESIAN_POINT('',(3.056038417687E1,-3.491612368476E1,
-3.151976814463E0));
#8501=CARTESIAN_POINT('',(3.055946511280E1,-3.485894906667E1,
-3.134090340708E0));
#8502=CARTESIAN_POINT('',(3.054821166586E1,-3.478239337873E1,
-3.101209503080E0));
#8503=CARTESIAN_POINT('',(3.053015495739E1,-3.472237087105E1,
-3.067009993927E0));
#8504=CARTESIAN_POINT('',(3.051540110972E1,-3.469018953768E1,
-3.044213253352E0));
#8505=CARTESIAN_POINT('',(3.050880873768E1,-3.467785011492E1,
-3.034685670164E0));
#8506=CARTESIAN_POINT('',(3.076957775501E1,-3.502536268891E1,
-3.059978670039E0));
#8507=CARTESIAN_POINT('',(3.076967572704E1,-3.499724527558E1,
-3.050399114276E0));
#8508=CARTESIAN_POINT('',(3.076602000082E1,-3.494108323216E1,
-3.027726593175E0));
#8509=CARTESIAN_POINT('',(3.074963557264E1,-3.486696497061E1,
-2.987169135908E0));
#8510=CARTESIAN_POINT('',(3.072625097580E1,-3.480961922101E1,
-2.945935996380E0));
#8511=CARTESIAN_POINT('',(3.070785240115E1,-3.477905343461E1,
-2.918656922993E0));
#8512=CARTESIAN_POINT('',(3.069970099911E1,-3.476735376162E1,
-2.907236461025E0));
#8513=CARTESIAN_POINT('',(3.100890842626E1,-3.505074577883E1,
-3.112634179241E0));
#8514=CARTESIAN_POINT('',(3.101081880873E1,-3.501617638973E1,
-3.097926152238E0));
#8515=CARTESIAN_POINT('',(3.101039190974E1,-3.494669381649E1,
-3.062809978696E0));
#8516=CARTESIAN_POINT('',(3.099608281737E1,-3.485366694970E1,
-2.998513720062E0));
#8517=CARTESIAN_POINT('',(3.097109809424E1,-3.478102091232E1,
-2.931857665515E0));
#8518=CARTESIAN_POINT('',(3.094959836715E1,-3.474240464352E1,
-2.887473442896E0));
#8519=CARTESIAN_POINT('',(3.093981365343E1,-3.472769645526E1,
-2.868919171376E0));
#8520=(BOUNDED_SURFACE()B_SPLINE_SURFACE(3,3,((#8492,#8493,#8494,#8495,#8496,
#8497,#8498),(#8499,#8500,#8501,#8502,#8503,#8504,#8505),(#8506,#8507,#8508,
#8509,#8510,#8511,#8512),(#8513,#8514,#8515,#8516,#8517,#8518,#8519)),
.UNSPECIFIED.,.F.,.F.,.F.)B_SPLINE_SURFACE_WITH_KNOTS((4,4),(4,1,1,1,4),(0.E0,
1.E0),(4.109348736734E-2,2.774578568040E-1,5.307713349942E-1,7.660997924539E-1,
9.272610128529E-1),.UNSPECIFIED.)GEOMETRIC_REPRESENTATION_ITEM()RATIONAL_B_SPLINE_SURFACE(((1.125389089952E0,1.125389089952E0,1.125389089952E0,1.125389089952E0,
1.125389089952E0,1.125389089952E0,1.125389089952E0),(9.582036366827E-1,
9.582036366827E-1,9.582036366827E-1,9.582036366827E-1,9.582036366827E-1,
9.582036366827E-1,9.582036366827E-1),(9.582036366827E-1,9.582036366827E-1,
9.582036366827E-1,9.582036366827E-1,9.582036366827E-1,9.582036366827E-1,
9.582036366827E-1),(1.125389089952E0,1.125389089952E0,1.125389089952E0,
1.125389089952E0,1.125389089952E0,1.125389089952E0,1.125389089952E0)))REPRESENTATION_ITEM('')SURFACE());
#8522=ORIENTED_EDGE('',*,*,#8521,.F.);
#8524=ORIENTED_EDGE('',*,*,#8523,.T.);
#8526=ORIENTED_EDGE('',*,*,#8525,.T.);
#8527=ORIENTED_EDGE('',*,*,#8484,.F.);
#8528=EDGE_LOOP('',(#8522,#8524,#8526,#8527));
#8529=FACE_OUTER_BOUND('',#8528,.F.);
#8530=ADVANCED_FACE('',(#8529),#8520,.F.);
#8531=CARTESIAN_POINT('',(2.95328E1,-3.48429E1,-3.186E0));
#8532=DIRECTION('',(0.E0,0.E0,1.E0));
#8533=DIRECTION('',(-3.226733549211E-2,9.994792739523E-1,0.E0));
#8534=AXIS2_PLACEMENT_3D('',#8531,#8532,#8533);
#8535=TOROIDAL_SURFACE('',#8534,5.813092715735E-1,4.E-1);
#8536=ORIENTED_EDGE('',*,*,#8521,.T.);
#8537=ORIENTED_EDGE('',*,*,#8179,.F.);
#8538=ORIENTED_EDGE('',*,*,#8209,.F.);
#8539=ORIENTED_EDGE('',*,*,#8224,.T.);
#8540=ORIENTED_EDGE('',*,*,#8249,.T.);
#8541=EDGE_LOOP('',(#8536,#8537,#8538,#8539,#8540));
#8542=FACE_OUTER_BOUND('',#8541,.F.);
#8543=ADVANCED_FACE('',(#8542),#8535,.T.);
#8544=CARTESIAN_POINT('',(3.041489370710E1,-3.533604109527E1,
-3.476744798960E0));
#8545=CARTESIAN_POINT('',(3.041456854062E1,-3.528503017499E1,
-3.477336474462E0));
#8546=CARTESIAN_POINT('',(3.041838480482E1,-3.516761402123E1,
-3.470688495318E0));
#8547=CARTESIAN_POINT('',(3.043980455866E1,-3.499120579379E1,
-3.432395342682E0));
#8548=CARTESIAN_POINT('',(3.046272089617E1,-3.487948136559E1,
-3.386463403447E0));
#8549=CARTESIAN_POINT('',(3.047459690760E1,-3.482735997248E1,
-3.359928460082E0));
#8550=CARTESIAN_POINT('',(3.049363731236E1,-3.533360487052E1,
-3.271612733750E0));
#8551=CARTESIAN_POINT('',(3.049332137904E1,-3.529205102210E1,
-3.272096436910E0));
#8552=CARTESIAN_POINT('',(3.049701591584E1,-3.519639950569E1,
-3.266660763995E0));
#8553=CARTESIAN_POINT('',(3.051782814692E1,-3.505281928646E1,
-3.235369768402E0));
#8554=CARTESIAN_POINT('',(3.054036716159E1,-3.496209808657E1,
-3.197908407678E0));
#8555=CARTESIAN_POINT('',(3.055215099492E1,-3.491984355109E1,
-3.176304136647E0));
#8556=CARTESIAN_POINT('',(3.067650916689E1,-3.533135656995E1,
-3.149800476383E0));
#8557=CARTESIAN_POINT('',(3.067621467637E1,-3.529852791450E1,
-3.150160237761E0));
#8558=CARTESIAN_POINT('',(3.067962651703E1,-3.522300625159E1,
-3.146128460370E0));
#8559=CARTESIAN_POINT('',(3.069902785495E1,-3.510797213576E1,
-3.122671221606E0));
#8560=CARTESIAN_POINT('',(3.072069058604E1,-3.503252372175E1,
-3.093659628011E0));
#8561=CARTESIAN_POINT('',(3.073226034764E1,-3.499648894021E1,
-3.076444974141E0));
#8562=CARTESIAN_POINT('',(3.089615229242E1,-3.533012430749E1,
-3.156174994458E0));
#8563=CARTESIAN_POINT('',(3.089588355636E1,-3.530207522590E1,
-3.156440495947E0));
#8564=CARTESIAN_POINT('',(3.089895585725E1,-3.523763422706E1,
-3.153487108164E0));
#8565=CARTESIAN_POINT('',(3.091666260426E1,-3.513634995663E1,
-3.135809827439E0));
#8566=CARTESIAN_POINT('',(3.093727285155E1,-3.506481847854E1,
-3.112114896657E0));
#8567=CARTESIAN_POINT('',(3.094858549658E1,-3.502906543247E1,
-3.097131982174E0));
#8568=(BOUNDED_SURFACE()B_SPLINE_SURFACE(3,3,((#8544,#8545,#8546,#8547,#8548,
#8549),(#8550,#8551,#8552,#8553,#8554,#8555),(#8556,#8557,#8558,#8559,#8560,
#8561),(#8562,#8563,#8564,#8565,#8566,#8567)),.UNSPECIFIED.,.F.,.F.,.F.)B_SPLINE_SURFACE_WITH_KNOTS((4,4),(4,1,1,4),(0.E0,1.E0),(4.553083368237E-2,
3.011568068177E-1,6.321531608300E-1,9.782023892640E-1),.UNSPECIFIED.)GEOMETRIC_REPRESENTATION_ITEM()RATIONAL_B_SPLINE_SURFACE(((1.101421308564E0,
1.101421308564E0,1.101421308564E0,1.101421308564E0,1.101421308564E0,
1.101421308564E0),(9.661928971453E-1,9.661928971453E-1,9.661928971453E-1,
9.661928971453E-1,9.661928971453E-1,9.661928971453E-1),(9.661928971453E-1,
9.661928971453E-1,9.661928971453E-1,9.661928971453E-1,9.661928971453E-1,
9.661928971453E-1),(1.101421308564E0,1.101421308564E0,1.101421308564E0,
1.101421308564E0,1.101421308564E0,1.101421308564E0)))REPRESENTATION_ITEM('')SURFACE());
#8569=ORIENTED_EDGE('',*,*,#8247,.F.);
#8570=ORIENTED_EDGE('',*,*,#8301,.T.);
#8572=ORIENTED_EDGE('',*,*,#8571,.T.);
#8573=ORIENTED_EDGE('',*,*,#8523,.F.);
#8574=EDGE_LOOP('',(#8569,#8570,#8572,#8573));
#8575=FACE_OUTER_BOUND('',#8574,.F.);
#8576=ADVANCED_FACE('',(#8575),#8568,.F.);
#8577=CARTESIAN_POINT('',(3.26898E1,-3.53229E1,-2.396E0));
#8578=DIRECTION('',(1.E0,0.E0,0.E0));
#8579=DIRECTION('',(0.E0,0.E0,-1.E0));
#8580=AXIS2_PLACEMENT_3D('',#8577,#8578,#8579);
#8581=CYLINDRICAL_SURFACE('',#8580,7.6E-1);
#8582=ORIENTED_EDGE('',*,*,#8420,.F.);
#8583=ORIENTED_EDGE('',*,*,#8486,.F.);
#8584=ORIENTED_EDGE('',*,*,#8525,.F.);
#8585=ORIENTED_EDGE('',*,*,#8571,.F.);
#8587=ORIENTED_EDGE('',*,*,#8586,.F.);
#8589=ORIENTED_EDGE('',*,*,#8588,.T.);
#8591=ORIENTED_EDGE('',*,*,#8590,.T.);
#8592=EDGE_LOOP('',(#8582,#8583,#8584,#8585,#8587,#8589,#8591));
#8593=FACE_OUTER_BOUND('',#8592,.F.);
#8594=ADVANCED_FACE('',(#8593),#8581,.T.);
#8595=CARTESIAN_POINT('',(3.26898E1,-3.53229E1,-2.396E0));
#8596=DIRECTION('',(1.E0,0.E0,0.E0));
#8597=DIRECTION('',(0.E0,0.E0,-1.E0));
#8598=AXIS2_PLACEMENT_3D('',#8595,#8596,#8597);
#8599=CYLINDRICAL_SURFACE('',#8598,7.6E-1);
#8600=ORIENTED_EDGE('',*,*,#8371,.F.);
#8601=ORIENTED_EDGE('',*,*,#8590,.F.);
#8603=ORIENTED_EDGE('',*,*,#8602,.T.);
#8604=ORIENTED_EDGE('',*,*,#8586,.T.);
#8605=ORIENTED_EDGE('',*,*,#8299,.F.);
#8606=EDGE_LOOP('',(#8600,#8601,#8603,#8604,#8605));
#8607=FACE_OUTER_BOUND('',#8606,.F.);
#8608=ADVANCED_FACE('',(#8607),#8599,.T.);
#8609=CARTESIAN_POINT('',(3.26898E1,-3.53229E1,-2.396E0));
#8610=DIRECTION('',(-1.E0,0.E0,0.E0));
#8611=DIRECTION('',(0.E0,0.E0,1.E0));
#8612=AXIS2_PLACEMENT_3D('',#8609,#8610,#8611);
#8613=PLANE('',#8612);
#8615=ORIENTED_EDGE('',*,*,#8614,.T.);
#8617=ORIENTED_EDGE('',*,*,#8616,.F.);
#8618=EDGE_LOOP('',(#8615,#8617));
#8619=FACE_OUTER_BOUND('',#8618,.F.);
#8620=ORIENTED_EDGE('',*,*,#8588,.F.);
#8621=ORIENTED_EDGE('',*,*,#8602,.F.);
#8622=EDGE_LOOP('',(#8620,#8621));
#8623=FACE_BOUND('',#8622,.F.);
#8624=ADVANCED_FACE('',(#8619,#8623),#8613,.T.);
#8625=CARTESIAN_POINT('',(3.288977749873E1,-3.53229E1,-2.396E0));
#8626=DIRECTION('',(-1.E0,0.E0,0.E0));
#8627=DIRECTION('',(0.E0,0.E0,1.E0));
#8628=AXIS2_PLACEMENT_3D('',#8625,#8626,#8627);
#8629=TOROIDAL_SURFACE('',#8628,7.65E-1,2.E-1);
#8631=ORIENTED_EDGE('',*,*,#8630,.F.);
#8633=ORIENTED_EDGE('',*,*,#8632,.T.);
#8635=ORIENTED_EDGE('',*,*,#8634,.T.);
#8636=ORIENTED_EDGE('',*,*,#8614,.F.);
#8637=EDGE_LOOP('',(#8631,#8633,#8635,#8636));
#8638=FACE_OUTER_BOUND('',#8637,.F.);
#8639=ADVANCED_FACE('',(#8638),#8629,.T.);
#8640=CARTESIAN_POINT('',(3.288977749873E1,-3.53229E1,-2.396E0));
#8641=DIRECTION('',(-1.E0,0.E0,0.E0));
#8642=DIRECTION('',(0.E0,0.E0,1.E0));
#8643=AXIS2_PLACEMENT_3D('',#8640,#8641,#8642);
#8644=TOROIDAL_SURFACE('',#8643,7.65E-1,2.E-1);
#8645=ORIENTED_EDGE('',*,*,#8630,.T.);
#8646=ORIENTED_EDGE('',*,*,#8616,.T.);
#8647=ORIENTED_EDGE('',*,*,#8634,.F.);
#8649=ORIENTED_EDGE('',*,*,#8648,.F.);
#8650=EDGE_LOOP('',(#8645,#8646,#8647,#8649));
#8651=FACE_OUTER_BOUND('',#8650,.F.);
#8652=ADVANCED_FACE('',(#8651),#8644,.T.);
#8653=CARTESIAN_POINT('',(3.332417832401E1,-3.53229E1,-2.396E0));
#8654=DIRECTION('',(-1.E0,0.E0,0.E0));
#8655=DIRECTION('',(0.E0,0.E0,1.E0));
#8656=AXIS2_PLACEMENT_3D('',#8653,#8654,#8655);
#8657=CONICAL_SURFACE('',#8656,8.619801456430E-1,1.411658517054E1);
#8659=ORIENTED_EDGE('',*,*,#8658,.T.);
#8660=ORIENTED_EDGE('',*,*,#8648,.T.);
#8662=ORIENTED_EDGE('',*,*,#8661,.F.);
#8664=ORIENTED_EDGE('',*,*,#8663,.F.);
#8665=EDGE_LOOP('',(#8659,#8660,#8662,#8664));
#8666=FACE_OUTER_BOUND('',#8665,.F.);
#8667=ADVANCED_FACE('',(#8666),#8657,.T.);
#8668=CARTESIAN_POINT('',(3.332417832401E1,-3.53229E1,-2.396E0));
#8669=DIRECTION('',(-1.E0,0.E0,0.E0));
#8670=DIRECTION('',(0.E0,0.E0,1.E0));
#8671=AXIS2_PLACEMENT_3D('',#8668,#8669,#8670);
#8672=CONICAL_SURFACE('',#8671,8.619801456430E-1,1.411658517054E1);
#8673=ORIENTED_EDGE('',*,*,#8658,.F.);
#8675=ORIENTED_EDGE('',*,*,#8674,.T.);
#8676=ORIENTED_EDGE('',*,*,#8661,.T.);
#8677=ORIENTED_EDGE('',*,*,#8632,.F.);
#8678=EDGE_LOOP('',(#8673,#8675,#8676,#8677));
#8679=FACE_OUTER_BOUND('',#8678,.F.);
#8680=ADVANCED_FACE('',(#8679),#8672,.T.);
#8681=CARTESIAN_POINT('',(3.37098E1,-3.53229E1,-2.396E0));
#8682=DIRECTION('',(-1.E0,0.E0,0.E0));
#8683=DIRECTION('',(0.E0,0.E0,1.E0));
#8684=AXIS2_PLACEMENT_3D('',#8681,#8682,#8683);
#8685=PLANE('',#8684);
#8686=ORIENTED_EDGE('',*,*,#8674,.F.);
#8687=ORIENTED_EDGE('',*,*,#8663,.T.);
#8688=EDGE_LOOP('',(#8686,#8687));
#8689=FACE_OUTER_BOUND('',#8688,.F.);
#8691=ORIENTED_EDGE('',*,*,#8690,.F.);
#8693=ORIENTED_EDGE('',*,*,#8692,.F.);
#8694=EDGE_LOOP('',(#8691,#8693));
#8695=FACE_BOUND('',#8694,.F.);
#8696=ADVANCED_FACE('',(#8689,#8695),#8685,.F.);
#8697=CARTESIAN_POINT('',(3.265564536421E1,-3.53229E1,-2.396E0));
#8698=DIRECTION('',(1.E0,0.E0,0.E0));
#8699=DIRECTION('',(0.E0,0.E0,-1.E0));
#8700=AXIS2_PLACEMENT_3D('',#8697,#8698,#8699);
#8701=CONICAL_SURFACE('',#8700,4.731881089550E-1,2.E0);
#8703=ORIENTED_EDGE('',*,*,#8702,.F.);
#8705=ORIENTED_EDGE('',*,*,#8704,.F.);
#8706=ORIENTED_EDGE('',*,*,#8690,.T.);
#8708=ORIENTED_EDGE('',*,*,#8707,.T.);
#8709=EDGE_LOOP('',(#8703,#8705,#8706,#8708));
#8710=FACE_OUTER_BOUND('',#8709,.F.);
#8711=ADVANCED_FACE('',(#8710),#8701,.F.);
#8712=CARTESIAN_POINT('',(3.160149072843E1,0.E0,2.084E0));
#8713=DIRECTION('',(1.E0,0.E0,0.E0));
#8714=DIRECTION('',(0.E0,-1.E0,0.E0));
#8715=AXIS2_PLACEMENT_3D('',#8712,#8713,#8714);
#8716=PLANE('',#8715);
#8717=ORIENTED_EDGE('',*,*,#8702,.T.);
#8719=ORIENTED_EDGE('',*,*,#8718,.T.);
#8720=EDGE_LOOP('',(#8717,#8719));
#8721=FACE_OUTER_BOUND('',#8720,.F.);
#8722=ADVANCED_FACE('',(#8721),#8716,.T.);
#8723=CARTESIAN_POINT('',(3.265564536421E1,-3.53229E1,-2.396E0));
#8724=DIRECTION('',(1.E0,0.E0,0.E0));
#8725=DIRECTION('',(0.E0,0.E0,-1.E0));
#8726=AXIS2_PLACEMENT_3D('',#8723,#8724,#8725);
#8727=CONICAL_SURFACE('',#8726,4.731881089550E-1,2.E0);
#8728=ORIENTED_EDGE('',*,*,#8718,.F.);
#8729=ORIENTED_EDGE('',*,*,#8707,.F.);
#8730=ORIENTED_EDGE('',*,*,#8692,.T.);
#8731=ORIENTED_EDGE('',*,*,#8704,.T.);
#8732=EDGE_LOOP('',(#8728,#8729,#8730,#8731));
#8733=FACE_OUTER_BOUND('',#8732,.F.);
#8734=ADVANCED_FACE('',(#8733),#8727,.F.);
#8735=CARTESIAN_POINT('',(2.95328E1,-3.98329E1,-3.186E0));
#8736=DIRECTION('',(0.E0,0.E0,1.E0));
#8737=DIRECTION('',(9.994792739523E-1,3.226733549211E-2,0.E0));
#8738=AXIS2_PLACEMENT_3D('',#8735,#8736,#8737);
#8739=TOROIDAL_SURFACE('',#8738,5.813092715735E-1,4.E-1);
#8740=ORIENTED_EDGE('',*,*,#8235,.T.);
#8742=ORIENTED_EDGE('',*,*,#8741,.T.);
#8743=ORIENTED_EDGE('',*,*,#8068,.F.);
#8744=ORIENTED_EDGE('',*,*,#8252,.F.);
#8745=EDGE_LOOP('',(#8740,#8742,#8743,#8744));
#8746=FACE_OUTER_BOUND('',#8745,.F.);
#8747=ADVANCED_FACE('',(#8746),#8739,.T.);
#8748=CARTESIAN_POINT('',(2.956471525257E1,-4.041420927157E1,-3.186E0));
#8749=DIRECTION('',(-1.E0,0.E0,0.E0));
#8750=DIRECTION('',(0.E0,0.E0,-1.E0));
#8751=AXIS2_PLACEMENT_3D('',#8748,#8749,#8750);
#8752=CYLINDRICAL_SURFACE('',#8751,4.E-1);
#8753=ORIENTED_EDGE('',*,*,#8233,.T.);
#8755=ORIENTED_EDGE('',*,*,#8754,.T.);
#8756=ORIENTED_EDGE('',*,*,#8052,.F.);
#8757=ORIENTED_EDGE('',*,*,#8741,.F.);
#8758=EDGE_LOOP('',(#8753,#8755,#8756,#8757));
#8759=FACE_OUTER_BOUND('',#8758,.F.);
#8760=ADVANCED_FACE('',(#8759),#8752,.T.);
#8761=CARTESIAN_POINT('',(2.21328E1,-3.98329E1,-3.186E0));
#8762=DIRECTION('',(0.E0,0.E0,1.E0));
#8763=DIRECTION('',(3.226733549211E-2,-9.994792739523E-1,0.E0));
#8764=AXIS2_PLACEMENT_3D('',#8761,#8762,#8763);
#8765=TOROIDAL_SURFACE('',#8764,5.813092715735E-1,4.E-1);
#8766=ORIENTED_EDGE('',*,*,#8231,.T.);
#8768=ORIENTED_EDGE('',*,*,#8767,.T.);
#8769=ORIENTED_EDGE('',*,*,#8016,.F.);
#8770=ORIENTED_EDGE('',*,*,#8754,.F.);
#8771=EDGE_LOOP('',(#8766,#8768,#8769,#8770));
#8772=FACE_OUTER_BOUND('',#8771,.F.);
#8773=ADVANCED_FACE('',(#8772),#8765,.T.);
#8774=CARTESIAN_POINT('',(2.155149072843E1,-3.986481525257E1,-3.186E0));
#8775=DIRECTION('',(0.E0,1.E0,0.E0));
#8776=DIRECTION('',(0.E0,0.E0,-1.E0));
#8777=AXIS2_PLACEMENT_3D('',#8774,#8775,#8776);
#8778=CYLINDRICAL_SURFACE('',#8777,4.E-1);
#8779=ORIENTED_EDGE('',*,*,#8229,.T.);
#8781=ORIENTED_EDGE('',*,*,#8780,.T.);
#8782=ORIENTED_EDGE('',*,*,#8000,.F.);
#8783=ORIENTED_EDGE('',*,*,#8767,.F.);
#8784=EDGE_LOOP('',(#8779,#8781,#8782,#8783));
#8785=FACE_OUTER_BOUND('',#8784,.F.);
#8786=ADVANCED_FACE('',(#8785),#8778,.T.);
#8787=CARTESIAN_POINT('',(2.21328E1,-3.48429E1,-3.186E0));
#8788=DIRECTION('',(0.E0,0.E0,1.E0));
#8789=DIRECTION('',(-9.994792739523E-1,-3.226733549211E-2,0.E0));
#8790=AXIS2_PLACEMENT_3D('',#8787,#8788,#8789);
#8791=TOROIDAL_SURFACE('',#8790,5.813092715735E-1,4.E-1);
#8792=ORIENTED_EDGE('',*,*,#8227,.T.);
#8793=ORIENTED_EDGE('',*,*,#8212,.T.);
#8794=ORIENTED_EDGE('',*,*,#7937,.F.);
#8795=ORIENTED_EDGE('',*,*,#8780,.F.);
#8796=EDGE_LOOP('',(#8792,#8793,#8794,#8795));
#8797=FACE_OUTER_BOUND('',#8796,.F.);
#8798=ADVANCED_FACE('',(#8797),#8791,.T.);
#8799=CARTESIAN_POINT('',(2.157260687577E1,-3.222940208103E1,
-9.672072638946E-1));
#8800=CARTESIAN_POINT('',(2.145660394884E1,-3.224099582687E1,
-1.015985949614E0));
#8801=CARTESIAN_POINT('',(2.138024469911E1,-3.225454791853E1,
-1.115766007594E0));
#8802=CARTESIAN_POINT('',(2.136349861217E1,-3.226651421040E1,
-1.240452937982E0));
#8803=CARTESIAN_POINT('',(2.155520745344E1,-3.195389856143E1,
-9.913106986215E-1));
#8804=CARTESIAN_POINT('',(2.143471317182E1,-3.189437592179E1,
-1.046311261861E0));
#8805=CARTESIAN_POINT('',(2.135539747535E1,-3.186111545464E1,
-1.150186888047E0));
#8806=CARTESIAN_POINT('',(2.133800302014E1,-3.186281544371E1,
-1.275772003548E0));
#8807=CARTESIAN_POINT('',(2.174489730282E1,-3.175266805645E1,
-1.008916086563E0));
#8808=CARTESIAN_POINT('',(2.167336811780E1,-3.164120130306E1,
-1.068461170892E0));
#8809=CARTESIAN_POINT('',(2.162628383253E1,-3.157374847836E1,
-1.175328240743E0));
#8810=CARTESIAN_POINT('',(2.161595793832E1,-3.156794985797E1,
-1.301569399564E0));
#8811=CARTESIAN_POINT('',(2.202199999999E1,-3.175266805644E1,
-1.008916086563E0));
#8812=CARTESIAN_POINT('',(2.202199999999E1,-3.164120130305E1,
-1.068461170893E0));
#8813=CARTESIAN_POINT('',(2.202199999998E1,-3.157374847835E1,
-1.175328240744E0));
#8814=CARTESIAN_POINT('',(2.202199999998E1,-3.156794985796E1,
-1.301569399565E0));
#8815=CARTESIAN_POINT('',(2.229910269716E1,-3.175266805643E1,
-1.008916086564E0));
#8816=CARTESIAN_POINT('',(2.237063188217E1,-3.164120130304E1,
-1.068461170894E0));
#8817=CARTESIAN_POINT('',(2.241771616743E1,-3.157374847834E1,
-1.175328240745E0));
#8818=CARTESIAN_POINT('',(2.242804206164E1,-3.156794985795E1,
-1.301569399565E0));
#8819=CARTESIAN_POINT('',(2.248879254655E1,-3.195389856140E1,
-9.913106986236E-1));
#8820=CARTESIAN_POINT('',(2.260928682817E1,-3.189437592176E1,
-1.046311261863E0));
#8821=CARTESIAN_POINT('',(2.268860252463E1,-3.186111545461E1,
-1.150186888050E0));
#8822=CARTESIAN_POINT('',(2.270599697984E1,-3.186281544367E1,
-1.275772003551E0));
#8823=CARTESIAN_POINT('',(2.247139312423E1,-3.222940208101E1,
-9.672072638967E-1));
#8824=CARTESIAN_POINT('',(2.258739605116E1,-3.224099582684E1,
-1.015985949616E0));
#8825=CARTESIAN_POINT('',(2.266375530089E1,-3.225454791850E1,
-1.115766007597E0));
#8826=CARTESIAN_POINT('',(2.268050138784E1,-3.226651421037E1,
-1.240452937985E0));
#8827=(BOUNDED_SURFACE()B_SPLINE_SURFACE(3,3,((#8799,#8800,#8801,#8802),(#8803,
#8804,#8805,#8806),(#8807,#8808,#8809,#8810),(#8811,#8812,#8813,#8814),(#8815,
#8816,#8817,#8818),(#8819,#8820,#8821,#8822),(#8823,#8824,#8825,#8826)),
.UNSPECIFIED.,.F.,.F.,.F.)B_SPLINE_SURFACE_WITH_KNOTS((4,3,4),(4,4),(0.E0,1.E0,
2.E0),(0.E0,1.E0),.UNSPECIFIED.)GEOMETRIC_REPRESENTATION_ITEM()RATIONAL_B_SPLINE_SURFACE(((1.270316057070E0,1.159578290978E0,1.159578290978E0,1.270316057070E0),(
1.003166139336E0,9.157167391098E-1,9.157167391098E-1,1.003166139336E0),(
1.003166139336E0,9.157167391098E-1,9.157167391098E-1,1.003166139336E0),(
1.270316057070E0,1.159578290978E0,1.159578290978E0,1.270316057070E0),(
1.003166139336E0,9.157167391098E-1,9.157167391098E-1,1.003166139336E0),(
1.003166139336E0,9.157167391098E-1,9.157167391098E-1,1.003166139336E0),(
1.270316057070E0,1.159578290978E0,1.159578290978E0,1.270316057070E0)))REPRESENTATION_ITEM('')SURFACE());
#8828=ORIENTED_EDGE('',*,*,#7843,.F.);
#8830=ORIENTED_EDGE('',*,*,#8829,.T.);
#8832=ORIENTED_EDGE('',*,*,#8831,.F.);
#8834=ORIENTED_EDGE('',*,*,#8833,.F.);
#8835=EDGE_LOOP('',(#8828,#8830,#8832,#8834));
#8836=FACE_OUTER_BOUND('',#8835,.F.);
#8837=ADVANCED_FACE('',(#8836),#8827,.T.);
#8838=CARTESIAN_POINT('',(2.253829738411E1,-3.217217245493E1,
-1.010167679765E0));
#8839=CARTESIAN_POINT('',(2.261742717662E1,-3.217218501050E1,
-1.067432206538E0));
#8840=CARTESIAN_POINT('',(2.266755805939E1,-3.217634422902E1,
-1.151160013998E0));
#8841=CARTESIAN_POINT('',(2.268050138783E1,-3.218397072164E1,
-1.247674557496E0));
#8842=CARTESIAN_POINT('',(2.255828717868E1,-3.248869208733E1,
-9.824758001461E-1));
#8843=CARTESIAN_POINT('',(2.264048068669E1,-3.253721570185E1,
-1.035496159206E0));
#8844=CARTESIAN_POINT('',(2.269255251683E1,-3.257210799994E1,
-1.116535170608E0));
#8845=CARTESIAN_POINT('',(2.270599697986E1,-3.258766948834E1,
-1.212355491931E0));
#8846=CARTESIAN_POINT('',(2.234035689059E1,-3.271988116816E1,
-9.622493764423E-1));
#8847=CARTESIAN_POINT('',(2.238914953505E1,-3.280383774160E1,
-1.012169753282E0));
#8848=CARTESIAN_POINT('',(2.242006100672E1,-3.286117778601E1,
-1.091244841359E0));
#8849=CARTESIAN_POINT('',(2.242804206168E1,-3.288253507408E1,
-1.186558095915E0));
#8850=CARTESIAN_POINT('',(2.202200000001E1,-3.271988116817E1,
-9.622493764415E-1));
#8851=CARTESIAN_POINT('',(2.202200000002E1,-3.280383774161E1,
-1.012169753281E0));
#8852=CARTESIAN_POINT('',(2.202200000002E1,-3.286117778602E1,
-1.091244841358E0));
#8853=CARTESIAN_POINT('',(2.202200000002E1,-3.288253507409E1,
-1.186558095914E0));
#8854=CARTESIAN_POINT('',(2.170364310944E1,-3.271988116818E1,
-9.622493764408E-1));
#8855=CARTESIAN_POINT('',(2.165485046498E1,-3.280383774162E1,
-1.012169753280E0));
#8856=CARTESIAN_POINT('',(2.162393899332E1,-3.286117778603E1,
-1.091244841357E0));
#8857=CARTESIAN_POINT('',(2.161595793836E1,-3.288253507410E1,
-1.186558095913E0));
#8858=CARTESIAN_POINT('',(2.148571282133E1,-3.248869208735E1,
-9.824758001437E-1));
#8859=CARTESIAN_POINT('',(2.140351931333E1,-3.253721570188E1,
-1.035496159203E0));
#8860=CARTESIAN_POINT('',(2.135144748319E1,-3.257210799997E1,
-1.116535170605E0));
#8861=CARTESIAN_POINT('',(2.133800302016E1,-3.258766948837E1,
-1.212355491928E0));
#8862=CARTESIAN_POINT('',(2.150570261589E1,-3.217217245495E1,
-1.010167679762E0));
#8863=CARTESIAN_POINT('',(2.142657282338E1,-3.217218501053E1,
-1.067432206536E0));
#8864=CARTESIAN_POINT('',(2.137644194061E1,-3.217634422905E1,
-1.151160013995E0));
#8865=CARTESIAN_POINT('',(2.136349861216E1,-3.218397072168E1,
-1.247674557493E0));
#8866=(BOUNDED_SURFACE()B_SPLINE_SURFACE(3,3,((#8838,#8839,#8840,#8841),(#8842,
#8843,#8844,#8845),(#8846,#8847,#8848,#8849),(#8850,#8851,#8852,#8853),(#8854,
#8855,#8856,#8857),(#8858,#8859,#8860,#8861),(#8862,#8863,#8864,#8865)),
.UNSPECIFIED.,.F.,.F.,.F.)B_SPLINE_SURFACE_WITH_KNOTS((4,3,4),(4,4),(0.E0,1.E0,
2.E0),(0.E0,1.E0),.UNSPECIFIED.)GEOMETRIC_REPRESENTATION_ITEM()RATIONAL_B_SPLINE_SURFACE(((1.237810361751E0,1.170413522751E0,1.170413522751E0,1.237810361751E0),(
9.774964544588E-1,9.242733007354E-1,9.242733007354E-1,9.774964544588E-1),(
9.774964544588E-1,9.242733007354E-1,9.242733007354E-1,9.774964544588E-1),(
1.237810361751E0,1.170413522751E0,1.170413522751E0,1.237810361751E0),(
9.774964544588E-1,9.242733007354E-1,9.242733007354E-1,9.774964544588E-1),(
9.774964544588E-1,9.242733007354E-1,9.242733007354E-1,9.774964544588E-1),(
1.237810361751E0,1.170413522751E0,1.170413522751E0,1.237810361751E0)))REPRESENTATION_ITEM('')SURFACE());
#8867=ORIENTED_EDGE('',*,*,#7845,.F.);
#8868=ORIENTED_EDGE('',*,*,#8833,.T.);
#8870=ORIENTED_EDGE('',*,*,#8869,.F.);
#8871=ORIENTED_EDGE('',*,*,#8829,.F.);
#8872=EDGE_LOOP('',(#8867,#8868,#8870,#8871));
#8873=FACE_OUTER_BOUND('',#8872,.F.);
#8874=ADVANCED_FACE('',(#8873),#8866,.T.);
#8875=CARTESIAN_POINT('',(2.2022E1,-3.222577258342E1,-1.250123017350E0));
#8876=DIRECTION('',(0.E0,-8.715574274767E-2,-9.961946980917E-1));
#8877=DIRECTION('',(-1.E0,0.E0,0.E0));
#8878=AXIS2_PLACEMENT_3D('',#8875,#8876,#8877);
#8879=CONICAL_SURFACE('',#8878,6.611798772985E-1,1.E1);
#8881=ORIENTED_EDGE('',*,*,#8880,.T.);
#8883=ORIENTED_EDGE('',*,*,#8882,.F.);
#8884=ORIENTED_EDGE('',*,*,#8869,.T.);
#8886=ORIENTED_EDGE('',*,*,#8885,.T.);
#8887=EDGE_LOOP('',(#8881,#8883,#8884,#8886));
#8888=FACE_OUTER_BOUND('',#8887,.F.);
#8889=ADVANCED_FACE('',(#8888),#8879,.T.);
#8890=CARTESIAN_POINT('',(2.1107E1,-3.2895E1,-1.212039516665E0));
#8891=DIRECTION('',(0.E0,8.715574274767E-2,9.961946980917E-1));
#8892=DIRECTION('',(0.E0,9.961946980917E-1,-8.715574274767E-2));
#8893=AXIS2_PLACEMENT_3D('',#8890,#8891,#8892);
#8894=PLANE('',#8893);
#8896=ORIENTED_EDGE('',*,*,#8895,.T.);
#8898=ORIENTED_EDGE('',*,*,#8897,.T.);
#8900=ORIENTED_EDGE('',*,*,#8899,.F.);
#8902=ORIENTED_EDGE('',*,*,#8901,.F.);
#8903=EDGE_LOOP('',(#8896,#8898,#8900,#8902));
#8904=FACE_OUTER_BOUND('',#8903,.F.);
#8906=ORIENTED_EDGE('',*,*,#8905,.F.);
#8907=ORIENTED_EDGE('',*,*,#8880,.F.);
#8908=EDGE_LOOP('',(#8906,#8907));
#8909=FACE_BOUND('',#8908,.F.);
#8910=ADVANCED_FACE('',(#8904,#8909),#8894,.T.);
#8911=CARTESIAN_POINT('',(2.1107E1,-3.199743114855E1,-1.416044095594E0));
#8912=DIRECTION('',(1.E0,0.E0,0.E0));
#8913=DIRECTION('',(0.E0,9.961946980917E-1,-8.715574274767E-2));
#8914=AXIS2_PLACEMENT_3D('',#8911,#8912,#8913);
#8915=PLANE('',#8914);
#8916=ORIENTED_EDGE('',*,*,#8895,.F.);
#8918=ORIENTED_EDGE('',*,*,#8917,.T.);
#8920=ORIENTED_EDGE('',*,*,#8919,.T.);
#8922=ORIENTED_EDGE('',*,*,#8921,.F.);
#8923=EDGE_LOOP('',(#8916,#8918,#8920,#8922));
#8924=FACE_OUTER_BOUND('',#8923,.F.);
#8925=ADVANCED_FACE('',(#8924),#8915,.F.);
#8926=CARTESIAN_POINT('',(2.2022E1,-3.290589446784E1,-1.336563853927E0));
#8927=DIRECTION('',(0.E0,-9.961946980917E-1,8.715574274767E-2));
#8928=DIRECTION('',(1.E0,0.E0,0.E0));
#8929=AXIS2_PLACEMENT_3D('',#8926,#8927,#8928);
#8930=PLANE('',#8929);
#8931=ORIENTED_EDGE('',*,*,#8901,.T.);
#8933=ORIENTED_EDGE('',*,*,#8932,.T.);
#8935=ORIENTED_EDGE('',*,*,#8934,.F.);
#8936=ORIENTED_EDGE('',*,*,#8917,.F.);
#8937=EDGE_LOOP('',(#8931,#8933,#8935,#8936));
#8938=FACE_OUTER_BOUND('',#8937,.F.);
#8939=ADVANCED_FACE('',(#8938),#8930,.T.);
#8940=CARTESIAN_POINT('',(2.2937E1,-3.199743114855E1,-1.416044095594E0));
#8941=DIRECTION('',(1.E0,0.E0,0.E0));
#8942=DIRECTION('',(0.E0,9.961946980917E-1,-8.715574274767E-2));
#8943=AXIS2_PLACEMENT_3D('',#8940,#8941,#8942);
#8944=PLANE('',#8943);
#8945=ORIENTED_EDGE('',*,*,#8899,.T.);
#8947=ORIENTED_EDGE('',*,*,#8946,.T.);
#8949=ORIENTED_EDGE('',*,*,#8948,.F.);
#8950=ORIENTED_EDGE('',*,*,#8932,.F.);
#8951=EDGE_LOOP('',(#8945,#8947,#8949,#8950));
#8952=FACE_OUTER_BOUND('',#8951,.F.);
#8953=ADVANCED_FACE('',(#8952),#8944,.T.);
#8954=CARTESIAN_POINT('',(2.2937E1,-3.087921269291E1,-1.424322062909E0));
#8955=DIRECTION('',(1.E0,0.E0,0.E0));
#8956=DIRECTION('',(0.E0,9.961946980917E-1,-8.715574274766E-2));
#8957=AXIS2_PLACEMENT_3D('',#8954,#8955,#8956);
#8958=PLANE('',#8957);
#8960=ORIENTED_EDGE('',*,*,#8959,.T.);
#8962=ORIENTED_EDGE('',*,*,#8961,.T.);
#8964=ORIENTED_EDGE('',*,*,#8963,.F.);
#8965=ORIENTED_EDGE('',*,*,#8946,.F.);
#8966=EDGE_LOOP('',(#8960,#8962,#8964,#8965));
#8967=FACE_OUTER_BOUND('',#8966,.F.);
#8968=ADVANCED_FACE('',(#8967),#8958,.T.);
#8969=CARTESIAN_POINT('',(2.1107E1,-3.1065E1,-1.221570795286E0));
#8970=DIRECTION('',(-1.E0,0.E0,0.E0));
#8971=DIRECTION('',(0.E0,1.E0,0.E0));
#8972=AXIS2_PLACEMENT_3D('',#8969,#8970,#8971);
#8973=CYLINDRICAL_SURFACE('',#8972,1.5E-1);
#8975=ORIENTED_EDGE('',*,*,#8974,.T.);
#8977=ORIENTED_EDGE('',*,*,#8976,.T.);
#8978=ORIENTED_EDGE('',*,*,#8959,.F.);
#8979=ORIENTED_EDGE('',*,*,#8897,.F.);
#8980=EDGE_LOOP('',(#8975,#8977,#8978,#8979));
#8981=FACE_OUTER_BOUND('',#8980,.F.);
#8982=ADVANCED_FACE('',(#8981),#8973,.F.);
#8983=CARTESIAN_POINT('',(2.1107E1,-3.087921269291E1,-1.424322062909E0));
#8984=DIRECTION('',(1.E0,0.E0,0.E0));
#8985=DIRECTION('',(0.E0,9.961946980917E-1,-8.715574274766E-2));
#8986=AXIS2_PLACEMENT_3D('',#8983,#8984,#8985);
#8987=PLANE('',#8986);
#8988=ORIENTED_EDGE('',*,*,#8974,.F.);
#8989=ORIENTED_EDGE('',*,*,#8921,.T.);
#8991=ORIENTED_EDGE('',*,*,#8990,.T.);
#8993=ORIENTED_EDGE('',*,*,#8992,.F.);
#8994=EDGE_LOOP('',(#8988,#8989,#8991,#8993));
#8995=FACE_OUTER_BOUND('',#8994,.F.);
#8996=ADVANCED_FACE('',(#8995),#8987,.F.);
#8997=CARTESIAN_POINT('',(2.1107E1,-3.1065E1,-1.221570795286E0));
#8998=DIRECTION('',(-1.E0,0.E0,0.E0));
#8999=DIRECTION('',(0.E0,1.E0,0.E0));
#9000=AXIS2_PLACEMENT_3D('',#8997,#8998,#8999);
#9001=CYLINDRICAL_SURFACE('',#9000,4.E-1);
#9002=ORIENTED_EDGE('',*,*,#8990,.F.);
#9004=ORIENTED_EDGE('',*,*,#9003,.T.);
#9005=ORIENTED_EDGE('',*,*,#8963,.T.);
#9007=ORIENTED_EDGE('',*,*,#9006,.F.);
#9008=EDGE_LOOP('',(#9002,#9004,#9005,#9007));
#9009=FACE_OUTER_BOUND('',#9008,.F.);
#9010=ADVANCED_FACE('',(#9009),#9001,.T.);
#9011=CARTESIAN_POINT('',(2.1107E1,-3.291678893569E1,-1.461088191188E0));
#9012=DIRECTION('',(0.E0,8.715574274767E-2,9.961946980917E-1));
#9013=DIRECTION('',(0.E0,9.961946980917E-1,-8.715574274767E-2));
#9014=AXIS2_PLACEMENT_3D('',#9011,#9012,#9013);
#9015=PLANE('',#9014);
#9016=ORIENTED_EDGE('',*,*,#8919,.F.);
#9017=ORIENTED_EDGE('',*,*,#8934,.T.);
#9018=ORIENTED_EDGE('',*,*,#8948,.T.);
#9019=ORIENTED_EDGE('',*,*,#9003,.F.);
#9020=EDGE_LOOP('',(#9016,#9017,#9018,#9019));
#9021=FACE_OUTER_BOUND('',#9020,.F.);
#9023=ORIENTED_EDGE('',*,*,#9022,.T.);
#9025=ORIENTED_EDGE('',*,*,#9024,.T.);
#9026=EDGE_LOOP('',(#9023,#9025));
#9027=FACE_BOUND('',#9026,.F.);
#9028=ADVANCED_FACE('',(#9021,#9027),#9015,.F.);
#9029=CARTESIAN_POINT('',(2.2022E1,-3.223855885575E1,-1.396270778852E0));
#9030=DIRECTION('',(0.E0,-8.715574274767E-2,-9.961946980917E-1));
#9031=DIRECTION('',(-1.E0,0.E0,0.E0));
#9032=AXIS2_PLACEMENT_3D('',#9029,#9030,#9031);
#9033=CONICAL_SURFACE('',#9032,4.331914542748E-1,1.E1);
#9034=ORIENTED_EDGE('',*,*,#9022,.F.);
#9036=ORIENTED_EDGE('',*,*,#9035,.F.);
#9038=ORIENTED_EDGE('',*,*,#9037,.F.);
#9040=ORIENTED_EDGE('',*,*,#9039,.T.);
#9041=EDGE_LOOP('',(#9034,#9036,#9038,#9040));
#9042=FACE_OUTER_BOUND('',#9041,.F.);
#9043=ADVANCED_FACE('',(#9042),#9033,.F.);
#9044=CARTESIAN_POINT('',(2.2022E1,-3.223855885575E1,-1.396270778852E0));
#9045=DIRECTION('',(0.E0,-8.715574274767E-2,-9.961946980917E-1));
#9046=DIRECTION('',(-1.E0,0.E0,0.E0));
#9047=AXIS2_PLACEMENT_3D('',#9044,#9045,#9046);
#9048=CONICAL_SURFACE('',#9047,4.331914542748E-1,1.E1);
#9049=ORIENTED_EDGE('',*,*,#9024,.F.);
#9050=ORIENTED_EDGE('',*,*,#9039,.F.);
#9052=ORIENTED_EDGE('',*,*,#9051,.F.);
#9053=ORIENTED_EDGE('',*,*,#9035,.T.);
#9054=EDGE_LOOP('',(#9049,#9050,#9052,#9053));
#9055=FACE_OUTER_BOUND('',#9054,.F.);
#9056=ADVANCED_FACE('',(#9055),#9048,.F.);
#9057=CARTESIAN_POINT('',(2.2022E1,-3.222929266713E1,-1.290357758268E0));
#9058=DIRECTION('',(0.E0,-8.715574274767E-2,-9.961946980917E-1));
#9059=DIRECTION('',(-9.999736456494E-1,7.232401402089E-3,-6.327531327516E-4));
#9060=AXIS2_PLACEMENT_3D('',#9057,#9058,#9059);
#9061=TOROIDAL_SURFACE('',#9060,3.129021332485E-1,1.E-1);
#9063=ORIENTED_EDGE('',*,*,#9062,.F.);
#9065=ORIENTED_EDGE('',*,*,#9064,.T.);
#9066=ORIENTED_EDGE('',*,*,#9051,.T.);
#9068=ORIENTED_EDGE('',*,*,#9067,.F.);
#9069=EDGE_LOOP('',(#9063,#9065,#9066,#9068));
#9070=FACE_OUTER_BOUND('',#9069,.F.);
#9071=ADVANCED_FACE('',(#9070),#9061,.F.);
#9072=CARTESIAN_POINT('',(2.2022E1,-3.222057709286E1,-1.190738288459E0));
#9073=DIRECTION('',(0.E0,-8.715574274767E-2,-9.961946980917E-1));
#9074=DIRECTION('',(-1.E0,0.E0,0.E0));
#9075=AXIS2_PLACEMENT_3D('',#9072,#9073,#9074);
#9076=PLANE('',#9075);
#9077=ORIENTED_EDGE('',*,*,#9062,.T.);
#9079=ORIENTED_EDGE('',*,*,#9078,.T.);
#9080=EDGE_LOOP('',(#9077,#9079));
#9081=FACE_OUTER_BOUND('',#9080,.F.);
#9082=ADVANCED_FACE('',(#9081),#9076,.T.);
#9083=CARTESIAN_POINT('',(2.2022E1,-3.222929266713E1,-1.290357758268E0));
#9084=DIRECTION('',(0.E0,-8.715574274767E-2,-9.961946980917E-1));
#9085=DIRECTION('',(9.999736456494E-1,-7.232401402089E-3,6.327531327521E-4));
#9086=AXIS2_PLACEMENT_3D('',#9083,#9084,#9085);
#9087=TOROIDAL_SURFACE('',#9086,3.129021332485E-1,1.E-1);
#9088=ORIENTED_EDGE('',*,*,#9078,.F.);
#9089=ORIENTED_EDGE('',*,*,#9067,.T.);
#9090=ORIENTED_EDGE('',*,*,#9037,.T.);
#9091=ORIENTED_EDGE('',*,*,#9064,.F.);
#9092=EDGE_LOOP('',(#9088,#9089,#9090,#9091));
#9093=FACE_OUTER_BOUND('',#9092,.F.);
#9094=ADVANCED_FACE('',(#9093),#9087,.F.);
#9095=CARTESIAN_POINT('',(2.1107E1,-3.0665E1,-1.221570795286E0));
#9096=DIRECTION('',(0.E0,-1.E0,0.E0));
#9097=DIRECTION('',(0.E0,0.E0,1.E0));
#9098=AXIS2_PLACEMENT_3D('',#9095,#9096,#9097);
#9099=PLANE('',#9098);
#9101=ORIENTED_EDGE('',*,*,#9100,.F.);
#9102=ORIENTED_EDGE('',*,*,#9006,.T.);
#9104=ORIENTED_EDGE('',*,*,#9103,.T.);
#9106=ORIENTED_EDGE('',*,*,#9105,.F.);
#9107=EDGE_LOOP('',(#9101,#9102,#9104,#9106));
#9108=FACE_OUTER_BOUND('',#9107,.F.);
#9109=ADVANCED_FACE('',(#9108),#9099,.F.);
#9110=CARTESIAN_POINT('',(2.1107E1,-3.079E1,-5.457853976431E-1));
#9111=DIRECTION('',(1.E0,0.E0,0.E0));
#9112=DIRECTION('',(0.E0,0.E0,1.E0));
#9113=AXIS2_PLACEMENT_3D('',#9110,#9111,#9112);
#9114=PLANE('',#9113);
#9116=ORIENTED_EDGE('',*,*,#9115,.F.);
#9117=ORIENTED_EDGE('',*,*,#8992,.T.);
#9118=ORIENTED_EDGE('',*,*,#9100,.T.);
#9120=ORIENTED_EDGE('',*,*,#9119,.F.);
#9121=EDGE_LOOP('',(#9116,#9117,#9118,#9120));
#9122=FACE_OUTER_BOUND('',#9121,.F.);
#9123=ADVANCED_FACE('',(#9122),#9114,.F.);
#9124=CARTESIAN_POINT('',(2.1107E1,-3.0915E1,-1.221570795286E0));
#9125=DIRECTION('',(0.E0,-1.E0,0.E0));
#9126=DIRECTION('',(0.E0,0.E0,1.E0));
#9127=AXIS2_PLACEMENT_3D('',#9124,#9125,#9126);
#9128=PLANE('',#9127);
#9129=ORIENTED_EDGE('',*,*,#9115,.T.);
#9131=ORIENTED_EDGE('',*,*,#9130,.T.);
#9133=ORIENTED_EDGE('',*,*,#9132,.F.);
#9134=ORIENTED_EDGE('',*,*,#8976,.F.);
#9135=EDGE_LOOP('',(#9129,#9131,#9133,#9134));
#9136=FACE_OUTER_BOUND('',#9135,.F.);
#9137=ADVANCED_FACE('',(#9136),#9128,.T.);
#9138=CARTESIAN_POINT('',(2.1107E1,-3.1065E1,1.3E-1));
#9139=DIRECTION('',(-1.E0,0.E0,0.E0));
#9140=DIRECTION('',(0.E0,1.E0,0.E0));
#9141=AXIS2_PLACEMENT_3D('',#9138,#9139,#9140);
#9142=CYLINDRICAL_SURFACE('',#9141,1.5E-1);
#9144=ORIENTED_EDGE('',*,*,#9143,.T.);
#9146=ORIENTED_EDGE('',*,*,#9145,.T.);
#9148=ORIENTED_EDGE('',*,*,#9147,.F.);
#9149=ORIENTED_EDGE('',*,*,#9130,.F.);
#9150=EDGE_LOOP('',(#9144,#9146,#9148,#9149));
#9151=FACE_OUTER_BOUND('',#9150,.F.);
#9152=ADVANCED_FACE('',(#9151),#9142,.F.);
#9153=CARTESIAN_POINT('',(2.1107E1,-3.087054563517E1,3.244543648263E-1));
#9154=DIRECTION('',(1.E0,0.E0,0.E0));
#9155=DIRECTION('',(0.E0,0.E0,1.E0));
#9156=AXIS2_PLACEMENT_3D('',#9153,#9154,#9155);
#9157=PLANE('',#9156);
#9158=ORIENTED_EDGE('',*,*,#9143,.F.);
#9159=ORIENTED_EDGE('',*,*,#9119,.T.);
#9161=ORIENTED_EDGE('',*,*,#9160,.T.);
#9163=ORIENTED_EDGE('',*,*,#9162,.F.);
#9164=EDGE_LOOP('',(#9158,#9159,#9161,#9163));
#9165=FACE_OUTER_BOUND('',#9164,.F.);
#9166=ADVANCED_FACE('',(#9165),#9157,.F.);
#9167=CARTESIAN_POINT('',(2.1107E1,-3.1065E1,1.3E-1));
#9168=DIRECTION('',(-1.E0,0.E0,0.E0));
#9169=DIRECTION('',(0.E0,1.E0,0.E0));
#9170=AXIS2_PLACEMENT_3D('',#9167,#9168,#9169);
#9171=CYLINDRICAL_SURFACE('',#9170,4.E-1);
#9172=ORIENTED_EDGE('',*,*,#9160,.F.);
#9173=ORIENTED_EDGE('',*,*,#9105,.T.);
#9175=ORIENTED_EDGE('',*,*,#9174,.T.);
#9177=ORIENTED_EDGE('',*,*,#9176,.F.);
#9178=EDGE_LOOP('',(#9172,#9173,#9175,#9177));
#9179=FACE_OUTER_BOUND('',#9178,.F.);
#9180=ADVANCED_FACE('',(#9179),#9171,.T.);
#9181=CARTESIAN_POINT('',(2.2937E1,-3.087054563517E1,3.244543648263E-1));
#9182=DIRECTION('',(1.E0,0.E0,0.E0));
#9183=DIRECTION('',(0.E0,0.E0,1.E0));
#9184=AXIS2_PLACEMENT_3D('',#9181,#9182,#9183);
#9185=PLANE('',#9184);
#9186=ORIENTED_EDGE('',*,*,#9147,.T.);
#9188=ORIENTED_EDGE('',*,*,#9187,.T.);
#9189=ORIENTED_EDGE('',*,*,#9174,.F.);
#9191=ORIENTED_EDGE('',*,*,#9190,.F.);
#9192=EDGE_LOOP('',(#9186,#9188,#9189,#9191));
#9193=FACE_OUTER_BOUND('',#9192,.F.);
#9194=ADVANCED_FACE('',(#9193),#9185,.T.);
#9195=CARTESIAN_POINT('',(2.2937E1,-3.179E1,4.05E-1));
#9196=DIRECTION('',(1.E0,0.E0,0.E0));
#9197=DIRECTION('',(0.E0,-1.E0,0.E0));
#9198=AXIS2_PLACEMENT_3D('',#9195,#9196,#9197);
#9199=PLANE('',#9198);
#9201=ORIENTED_EDGE('',*,*,#9200,.T.);
#9203=ORIENTED_EDGE('',*,*,#9202,.T.);
#9205=ORIENTED_EDGE('',*,*,#9204,.F.);
#9206=ORIENTED_EDGE('',*,*,#9187,.F.);
#9207=EDGE_LOOP('',(#9201,#9203,#9205,#9206));
#9208=FACE_OUTER_BOUND('',#9207,.F.);
#9209=ADVANCED_FACE('',(#9208),#9199,.T.);
#9210=CARTESIAN_POINT('',(2.1107E1,-3.1065E1,2.8E-1));
#9211=DIRECTION('',(0.E0,0.E0,-1.E0));
#9212=DIRECTION('',(0.E0,-1.E0,0.E0));
#9213=AXIS2_PLACEMENT_3D('',#9210,#9211,#9212);
#9214=PLANE('',#9213);
#9216=ORIENTED_EDGE('',*,*,#9215,.T.);
#9218=ORIENTED_EDGE('',*,*,#9217,.T.);
#9219=ORIENTED_EDGE('',*,*,#9200,.F.);
#9220=ORIENTED_EDGE('',*,*,#9145,.F.);
#9221=EDGE_LOOP('',(#9216,#9218,#9219,#9220));
#9222=FACE_OUTER_BOUND('',#9221,.F.);
#9224=ORIENTED_EDGE('',*,*,#9223,.F.);
#9226=ORIENTED_EDGE('',*,*,#9225,.F.);
#9227=EDGE_LOOP('',(#9224,#9226));
#9228=FACE_BOUND('',#9227,.F.);
#9229=ADVANCED_FACE('',(#9222,#9228),#9214,.T.);
#9230=CARTESIAN_POINT('',(2.1107E1,-3.179E1,4.05E-1));
#9231=DIRECTION('',(1.E0,0.E0,0.E0));
#9232=DIRECTION('',(0.E0,-1.E0,0.E0));
#9233=AXIS2_PLACEMENT_3D('',#9230,#9231,#9232);
#9234=PLANE('',#9233);
#9235=ORIENTED_EDGE('',*,*,#9215,.F.);
#9236=ORIENTED_EDGE('',*,*,#9162,.T.);
#9238=ORIENTED_EDGE('',*,*,#9237,.T.);
#9240=ORIENTED_EDGE('',*,*,#9239,.F.);
#9241=EDGE_LOOP('',(#9235,#9236,#9238,#9240));
#9242=FACE_OUTER_BOUND('',#9241,.F.);
#9243=ADVANCED_FACE('',(#9242),#9234,.F.);
#9244=CARTESIAN_POINT('',(2.1107E1,-3.1065E1,5.3E-1));
#9245=DIRECTION('',(0.E0,0.E0,-1.E0));
#9246=DIRECTION('',(0.E0,-1.E0,0.E0));
#9247=AXIS2_PLACEMENT_3D('',#9244,#9245,#9246);
#9248=PLANE('',#9247);
#9249=ORIENTED_EDGE('',*,*,#9237,.F.);
#9250=ORIENTED_EDGE('',*,*,#9176,.T.);
#9251=ORIENTED_EDGE('',*,*,#9204,.T.);
#9253=ORIENTED_EDGE('',*,*,#9252,.F.);
#9254=EDGE_LOOP('',(#9249,#9250,#9251,#9253));
#9255=FACE_OUTER_BOUND('',#9254,.F.);
#9257=ORIENTED_EDGE('',*,*,#9256,.T.);
#9259=ORIENTED_EDGE('',*,*,#9258,.T.);
#9260=EDGE_LOOP('',(#9257,#9259));
#9261=FACE_BOUND('',#9260,.F.);
#9262=ADVANCED_FACE('',(#9255,#9261),#9248,.F.);
#9263=CARTESIAN_POINT('',(2.1107E1,-3.2515E1,6.6E-1));
#9264=DIRECTION('',(-1.E0,0.E0,0.E0));
#9265=DIRECTION('',(0.E0,1.E0,0.E0));
#9266=AXIS2_PLACEMENT_3D('',#9263,#9264,#9265);
#9267=CYLINDRICAL_SURFACE('',#9266,1.3E-1);
#9269=ORIENTED_EDGE('',*,*,#9268,.F.);
#9270=ORIENTED_EDGE('',*,*,#9252,.T.);
#9272=ORIENTED_EDGE('',*,*,#9271,.T.);
#9274=ORIENTED_EDGE('',*,*,#9273,.F.);
#9275=EDGE_LOOP('',(#9269,#9270,#9272,#9274));
#9276=FACE_OUTER_BOUND('',#9275,.F.);
#9277=ADVANCED_FACE('',(#9276),#9267,.F.);
#9278=CARTESIAN_POINT('',(2.1107E1,-3.277E1,6.6E-1));
#9279=DIRECTION('',(1.E0,0.E0,0.E0));
#9280=DIRECTION('',(0.E0,-1.E0,0.E0));
#9281=AXIS2_PLACEMENT_3D('',#9278,#9279,#9280);
#9282=PLANE('',#9281);
#9284=ORIENTED_EDGE('',*,*,#9283,.F.);
#9285=ORIENTED_EDGE('',*,*,#9239,.T.);
#9286=ORIENTED_EDGE('',*,*,#9268,.T.);
#9288=ORIENTED_EDGE('',*,*,#9287,.F.);
#9289=EDGE_LOOP('',(#9284,#9285,#9286,#9288));
#9290=FACE_OUTER_BOUND('',#9289,.F.);
#9291=ADVANCED_FACE('',(#9290),#9282,.F.);
#9292=CARTESIAN_POINT('',(2.1107E1,-3.2515E1,6.6E-1));
#9293=DIRECTION('',(-1.E0,0.E0,0.E0));
#9294=DIRECTION('',(0.E0,1.E0,0.E0));
#9295=AXIS2_PLACEMENT_3D('',#9292,#9293,#9294);
#9296=CYLINDRICAL_SURFACE('',#9295,3.8E-1);
#9297=ORIENTED_EDGE('',*,*,#9283,.T.);
#9299=ORIENTED_EDGE('',*,*,#9298,.T.);
#9301=ORIENTED_EDGE('',*,*,#9300,.F.);
#9302=ORIENTED_EDGE('',*,*,#9217,.F.);
#9303=EDGE_LOOP('',(#9297,#9299,#9301,#9302));
#9304=FACE_OUTER_BOUND('',#9303,.F.);
#9305=ADVANCED_FACE('',(#9304),#9296,.T.);
#9306=CARTESIAN_POINT('',(2.1107E1,-3.2515E1,1.04E0));
#9307=DIRECTION('',(0.E0,0.E0,1.E0));
#9308=DIRECTION('',(0.E0,1.E0,0.E0));
#9309=AXIS2_PLACEMENT_3D('',#9306,#9307,#9308);
#9310=PLANE('',#9309);
#9312=ORIENTED_EDGE('',*,*,#9311,.F.);
#9314=ORIENTED_EDGE('',*,*,#9313,.F.);
#9315=ORIENTED_EDGE('',*,*,#9298,.F.);
#9317=ORIENTED_EDGE('',*,*,#9316,.T.);
#9319=ORIENTED_EDGE('',*,*,#9318,.F.);
#9321=ORIENTED_EDGE('',*,*,#9320,.T.);
#9322=EDGE_LOOP('',(#9312,#9314,#9315,#9317,#9319,#9321));
#9323=FACE_OUTER_BOUND('',#9322,.F.);
#9324=ADVANCED_FACE('',(#9323),#9310,.T.);
#9325=CARTESIAN_POINT('',(2.2797E1,-3.1065E1,9.15E-1));
#9326=DIRECTION('',(0.E0,1.E0,0.E0));
#9327=DIRECTION('',(-1.E0,0.E0,0.E0));
#9328=AXIS2_PLACEMENT_3D('',#9325,#9326,#9327);
#9329=PLANE('',#9328);
#9330=ORIENTED_EDGE('',*,*,#9311,.T.);
#9332=ORIENTED_EDGE('',*,*,#9331,.T.);
#9334=ORIENTED_EDGE('',*,*,#9333,.F.);
#9336=ORIENTED_EDGE('',*,*,#9335,.F.);
#9337=EDGE_LOOP('',(#9330,#9332,#9334,#9336));
#9338=FACE_OUTER_BOUND('',#9337,.F.);
#9339=ADVANCED_FACE('',(#9338),#9329,.T.);
#9340=CARTESIAN_POINT('',(2.2657E1,-3.087054563517E1,9.955456351737E-1));
#9341=DIRECTION('',(-1.E0,0.E0,0.E0));
#9342=DIRECTION('',(0.E0,0.E0,-1.E0));
#9343=AXIS2_PLACEMENT_3D('',#9340,#9341,#9342);
#9344=PLANE('',#9343);
#9346=ORIENTED_EDGE('',*,*,#9345,.F.);
#9348=ORIENTED_EDGE('',*,*,#9347,.T.);
#9350=ORIENTED_EDGE('',*,*,#9349,.T.);
#9351=ORIENTED_EDGE('',*,*,#9331,.F.);
#9352=EDGE_LOOP('',(#9346,#9348,#9350,#9351));
#9353=FACE_OUTER_BOUND('',#9352,.F.);
#9354=ADVANCED_FACE('',(#9353),#9344,.F.);
#9355=CARTESIAN_POINT('',(2.1107E1,-3.1065E1,1.19E0));
#9356=DIRECTION('',(-1.E0,0.E0,0.E0));
#9357=DIRECTION('',(0.E0,1.E0,0.E0));
#9358=AXIS2_PLACEMENT_3D('',#9355,#9356,#9357);
#9359=CYLINDRICAL_SURFACE('',#9358,1.5E-1);
#9360=ORIENTED_EDGE('',*,*,#9345,.T.);
#9361=ORIENTED_EDGE('',*,*,#9320,.F.);
#9363=ORIENTED_EDGE('',*,*,#9362,.F.);
#9365=ORIENTED_EDGE('',*,*,#9364,.T.);
#9366=EDGE_LOOP('',(#9360,#9361,#9363,#9365));
#9367=FACE_OUTER_BOUND('',#9366,.F.);
#9368=ADVANCED_FACE('',(#9367),#9359,.F.);
#9369=CARTESIAN_POINT('',(2.1387E1,-3.087054563517E1,9.955456351737E-1));
#9370=DIRECTION('',(-1.E0,0.E0,0.E0));
#9371=DIRECTION('',(0.E0,0.E0,-1.E0));
#9372=AXIS2_PLACEMENT_3D('',#9369,#9370,#9371);
#9373=PLANE('',#9372);
#9374=ORIENTED_EDGE('',*,*,#9362,.T.);
#9376=ORIENTED_EDGE('',*,*,#9375,.T.);
#9378=ORIENTED_EDGE('',*,*,#9377,.F.);
#9380=ORIENTED_EDGE('',*,*,#9379,.F.);
#9381=EDGE_LOOP('',(#9374,#9376,#9378,#9380));
#9382=FACE_OUTER_BOUND('',#9381,.F.);
#9383=ADVANCED_FACE('',(#9382),#9373,.T.);
#9384=CARTESIAN_POINT('',(2.1247E1,-3.1065E1,9.15E-1));
#9385=DIRECTION('',(0.E0,1.E0,0.E0));
#9386=DIRECTION('',(-1.E0,0.E0,0.E0));
#9387=AXIS2_PLACEMENT_3D('',#9384,#9385,#9386);
#9388=PLANE('',#9387);
#9389=ORIENTED_EDGE('',*,*,#9318,.T.);
#9391=ORIENTED_EDGE('',*,*,#9390,.T.);
#9393=ORIENTED_EDGE('',*,*,#9392,.F.);
#9394=ORIENTED_EDGE('',*,*,#9375,.F.);
#9395=EDGE_LOOP('',(#9389,#9391,#9393,#9394));
#9396=FACE_OUTER_BOUND('',#9395,.F.);
#9397=ADVANCED_FACE('',(#9396),#9388,.T.);
#9398=CARTESIAN_POINT('',(2.1107E1,-3.179E1,9.15E-1));
#9399=DIRECTION('',(1.E0,0.E0,0.E0));
#9400=DIRECTION('',(0.E0,1.E0,0.E0));
#9401=AXIS2_PLACEMENT_3D('',#9398,#9399,#9400);
#9402=PLANE('',#9401);
#9403=ORIENTED_EDGE('',*,*,#9390,.F.);
#9404=ORIENTED_EDGE('',*,*,#9316,.F.);
#9405=ORIENTED_EDGE('',*,*,#9287,.T.);
#9407=ORIENTED_EDGE('',*,*,#9406,.T.);
#9408=EDGE_LOOP('',(#9403,#9404,#9405,#9407));
#9409=FACE_OUTER_BOUND('',#9408,.F.);
#9410=ADVANCED_FACE('',(#9409),#9402,.F.);
#9411=CARTESIAN_POINT('',(2.1107E1,-3.2515E1,7.9E-1));
#9412=DIRECTION('',(0.E0,0.E0,1.E0));
#9413=DIRECTION('',(0.E0,1.E0,0.E0));
#9414=AXIS2_PLACEMENT_3D('',#9411,#9412,#9413);
#9415=PLANE('',#9414);
#9416=ORIENTED_EDGE('',*,*,#9333,.T.);
#9418=ORIENTED_EDGE('',*,*,#9417,.F.);
#9419=ORIENTED_EDGE('',*,*,#9392,.T.);
#9420=ORIENTED_EDGE('',*,*,#9406,.F.);
#9421=ORIENTED_EDGE('',*,*,#9273,.T.);
#9423=ORIENTED_EDGE('',*,*,#9422,.T.);
#9424=EDGE_LOOP('',(#9416,#9418,#9419,#9420,#9421,#9423));
#9425=FACE_OUTER_BOUND('',#9424,.F.);
#9426=ADVANCED_FACE('',(#9425),#9415,.F.);
#9427=CARTESIAN_POINT('',(2.1107E1,-3.1065E1,1.19E0));
#9428=DIRECTION('',(-1.E0,0.E0,0.E0));
#9429=DIRECTION('',(0.E0,1.E0,0.E0));
#9430=AXIS2_PLACEMENT_3D('',#9427,#9428,#9429);
#9431=CYLINDRICAL_SURFACE('',#9430,4.E-1);
#9432=ORIENTED_EDGE('',*,*,#9349,.F.);
#9434=ORIENTED_EDGE('',*,*,#9433,.F.);
#9435=ORIENTED_EDGE('',*,*,#9377,.T.);
#9436=ORIENTED_EDGE('',*,*,#9417,.T.);
#9437=EDGE_LOOP('',(#9432,#9434,#9435,#9436));
#9438=FACE_OUTER_BOUND('',#9437,.F.);
#9439=ADVANCED_FACE('',(#9438),#9431,.T.);
#9440=CARTESIAN_POINT('',(2.1107E1,-3.0665E1,1.19E0));
#9441=DIRECTION('',(0.E0,-1.E0,0.E0));
#9442=DIRECTION('',(0.E0,0.E0,1.E0));
#9443=AXIS2_PLACEMENT_3D('',#9440,#9441,#9442);
#9444=PLANE('',#9443);
#9446=ORIENTED_EDGE('',*,*,#9445,.T.);
#9448=ORIENTED_EDGE('',*,*,#9447,.T.);
#9450=ORIENTED_EDGE('',*,*,#9449,.T.);
#9452=ORIENTED_EDGE('',*,*,#9451,.F.);
#9453=ORIENTED_EDGE('',*,*,#9433,.T.);
#9455=ORIENTED_EDGE('',*,*,#9454,.T.);
#9457=ORIENTED_EDGE('',*,*,#9456,.T.);
#9459=ORIENTED_EDGE('',*,*,#9458,.F.);
#9460=EDGE_LOOP('',(#9446,#9448,#9450,#9452,#9453,#9455,#9457,#9459));
#9461=FACE_OUTER_BOUND('',#9460,.F.);
#9462=ADVANCED_FACE('',(#9461),#9444,.F.);
#9463=CARTESIAN_POINT('',(3.1412E1,-3.0665E1,7.62E0));
#9464=DIRECTION('',(0.E0,0.E0,-1.E0));
#9465=DIRECTION('',(-1.E0,0.E0,0.E0));
#9466=AXIS2_PLACEMENT_3D('',#9463,#9464,#9465);
#9467=PLANE('',#9466);
#9469=ORIENTED_EDGE('',*,*,#9468,.T.);
#9471=ORIENTED_EDGE('',*,*,#9470,.F.);
#9472=ORIENTED_EDGE('',*,*,#9445,.F.);
#9474=ORIENTED_EDGE('',*,*,#9473,.T.);
#9475=EDGE_LOOP('',(#9469,#9471,#9472,#9474));
#9476=FACE_OUTER_BOUND('',#9475,.F.);
#9477=ADVANCED_FACE('',(#9476),#9467,.F.);
#9478=CARTESIAN_POINT('',(2.1107E1,-3.0915E1,1.19E0));
#9479=DIRECTION('',(0.E0,-1.E0,0.E0));
#9480=DIRECTION('',(0.E0,0.E0,1.E0));
#9481=AXIS2_PLACEMENT_3D('',#9478,#9479,#9480);
#9482=PLANE('',#9481);
#9483=ORIENTED_EDGE('',*,*,#9468,.F.);
#9485=ORIENTED_EDGE('',*,*,#9484,.T.);
#9487=ORIENTED_EDGE('',*,*,#9486,.F.);
#9489=ORIENTED_EDGE('',*,*,#9488,.F.);
#9490=ORIENTED_EDGE('',*,*,#9364,.F.);
#9492=ORIENTED_EDGE('',*,*,#9491,.T.);
#9494=ORIENTED_EDGE('',*,*,#9493,.F.);
#9496=ORIENTED_EDGE('',*,*,#9495,.F.);
#9497=EDGE_LOOP('',(#9483,#9485,#9487,#9489,#9490,#9492,#9494,#9496));
#9498=FACE_OUTER_BOUND('',#9497,.F.);
#9499=ADVANCED_FACE('',(#9498),#9482,.T.);
#9500=CARTESIAN_POINT('',(2.2252E1,-3.079E1,6.625E0));
#9501=DIRECTION('',(-1.E0,0.E0,0.E0));
#9502=DIRECTION('',(0.E0,0.E0,-1.E0));
#9503=AXIS2_PLACEMENT_3D('',#9500,#9501,#9502);
#9504=PLANE('',#9503);
#9505=ORIENTED_EDGE('',*,*,#9473,.F.);
#9506=ORIENTED_EDGE('',*,*,#9458,.T.);
#9508=ORIENTED_EDGE('',*,*,#9507,.F.);
#9509=ORIENTED_EDGE('',*,*,#9484,.F.);
#9510=EDGE_LOOP('',(#9505,#9506,#9508,#9509));
#9511=FACE_OUTER_BOUND('',#9510,.F.);
#9512=ADVANCED_FACE('',(#9511),#9504,.F.);
#9513=CARTESIAN_POINT('',(2.24545E1,-3.079E1,3.6075E0));
#9514=DIRECTION('',(7.071067811866E-1,0.E0,7.071067811865E-1));
#9515=DIRECTION('',(-7.071067811865E-1,0.E0,7.071067811866E-1));
#9516=AXIS2_PLACEMENT_3D('',#9513,#9514,#9515);
#9517=PLANE('',#9516);
#9518=ORIENTED_EDGE('',*,*,#9486,.T.);
#9519=ORIENTED_EDGE('',*,*,#9507,.T.);
#9520=ORIENTED_EDGE('',*,*,#9456,.F.);
#9522=ORIENTED_EDGE('',*,*,#9521,.F.);
#9523=EDGE_LOOP('',(#9518,#9519,#9520,#9522));
#9524=FACE_OUTER_BOUND('',#9523,.F.);
#9525=ADVANCED_FACE('',(#9524),#9517,.T.);
#9526=CARTESIAN_POINT('',(2.2657E1,-3.079E1,6.63E0));
#9527=DIRECTION('',(1.E0,0.E0,0.E0));
#9528=DIRECTION('',(0.E0,0.E0,1.E0));
#9529=AXIS2_PLACEMENT_3D('',#9526,#9527,#9528);
#9530=PLANE('',#9529);
#9531=ORIENTED_EDGE('',*,*,#9521,.T.);
#9532=ORIENTED_EDGE('',*,*,#9454,.F.);
#9533=ORIENTED_EDGE('',*,*,#9347,.F.);
#9534=ORIENTED_EDGE('',*,*,#9488,.T.);
#9535=EDGE_LOOP('',(#9531,#9532,#9533,#9534));
#9536=FACE_OUTER_BOUND('',#9535,.F.);
#9537=ADVANCED_FACE('',(#9536),#9530,.T.);
#9538=CARTESIAN_POINT('',(2.1387E1,-3.079E1,6.63E0));
#9539=DIRECTION('',(1.E0,0.E0,0.E0));
#9540=DIRECTION('',(0.E0,0.E0,1.E0));
#9541=AXIS2_PLACEMENT_3D('',#9538,#9539,#9540);
#9542=PLANE('',#9541);
#9544=ORIENTED_EDGE('',*,*,#9543,.F.);
#9545=ORIENTED_EDGE('',*,*,#9491,.F.);
#9546=ORIENTED_EDGE('',*,*,#9379,.T.);
#9547=ORIENTED_EDGE('',*,*,#9451,.T.);
#9548=EDGE_LOOP('',(#9544,#9545,#9546,#9547));
#9549=FACE_OUTER_BOUND('',#9548,.F.);
#9550=ADVANCED_FACE('',(#9549),#9542,.F.);
#9551=CARTESIAN_POINT('',(2.15895E1,-3.079E1,3.6075E0));
#9552=DIRECTION('',(-7.071067811866E-1,0.E0,7.071067811865E-1));
#9553=DIRECTION('',(-7.071067811865E-1,0.E0,-7.071067811866E-1));
#9554=AXIS2_PLACEMENT_3D('',#9551,#9552,#9553);
#9555=PLANE('',#9554);
#9556=ORIENTED_EDGE('',*,*,#9493,.T.);
#9557=ORIENTED_EDGE('',*,*,#9543,.T.);
#9558=ORIENTED_EDGE('',*,*,#9449,.F.);
#9560=ORIENTED_EDGE('',*,*,#9559,.F.);
#9561=EDGE_LOOP('',(#9556,#9557,#9558,#9560));
#9562=FACE_OUTER_BOUND('',#9561,.F.);
#9563=ADVANCED_FACE('',(#9562),#9555,.T.);
#9564=CARTESIAN_POINT('',(2.1792E1,-3.079E1,6.625E0));
#9565=DIRECTION('',(-1.E0,0.E0,0.E0));
#9566=DIRECTION('',(0.E0,0.E0,-1.E0));
#9567=AXIS2_PLACEMENT_3D('',#9564,#9565,#9566);
#9568=PLANE('',#9567);
#9569=ORIENTED_EDGE('',*,*,#9470,.T.);
#9570=ORIENTED_EDGE('',*,*,#9495,.T.);
#9571=ORIENTED_EDGE('',*,*,#9559,.T.);
#9572=ORIENTED_EDGE('',*,*,#9447,.F.);
#9573=EDGE_LOOP('',(#9569,#9570,#9571,#9572));
#9574=FACE_OUTER_BOUND('',#9573,.F.);
#9575=ADVANCED_FACE('',(#9574),#9568,.T.);
#9576=CARTESIAN_POINT('',(2.2937E1,-3.179E1,9.15E-1));
#9577=DIRECTION('',(1.E0,0.E0,0.E0));
#9578=DIRECTION('',(0.E0,1.E0,0.E0));
#9579=AXIS2_PLACEMENT_3D('',#9576,#9577,#9578);
#9580=PLANE('',#9579);
#9581=ORIENTED_EDGE('',*,*,#9335,.T.);
#9582=ORIENTED_EDGE('',*,*,#9422,.F.);
#9584=ORIENTED_EDGE('',*,*,#9583,.F.);
#9585=ORIENTED_EDGE('',*,*,#9313,.T.);
#9586=EDGE_LOOP('',(#9581,#9582,#9584,#9585));
#9587=FACE_OUTER_BOUND('',#9586,.F.);
#9588=ADVANCED_FACE('',(#9587),#9580,.T.);
#9589=CARTESIAN_POINT('',(2.2937E1,-3.277E1,6.6E-1));
#9590=DIRECTION('',(1.E0,0.E0,0.E0));
#9591=DIRECTION('',(0.E0,-1.E0,0.E0));
#9592=AXIS2_PLACEMENT_3D('',#9589,#9590,#9591);
#9593=PLANE('',#9592);
#9594=ORIENTED_EDGE('',*,*,#9300,.T.);
#9595=ORIENTED_EDGE('',*,*,#9583,.T.);
#9596=ORIENTED_EDGE('',*,*,#9271,.F.);
#9597=ORIENTED_EDGE('',*,*,#9202,.F.);
#9598=EDGE_LOOP('',(#9594,#9595,#9596,#9597));
#9599=FACE_OUTER_BOUND('',#9598,.F.);
#9600=ADVANCED_FACE('',(#9599),#9593,.T.);
#9601=CARTESIAN_POINT('',(2.2022E1,-3.1825E1,3.9E-1));
#9602=DIRECTION('',(0.E0,0.E0,1.E0));
#9603=DIRECTION('',(0.E0,-1.E0,0.E0));
#9604=AXIS2_PLACEMENT_3D('',#9601,#9602,#9603);
#9605=CONICAL_SURFACE('',#9604,4.405393149065E-1,1.E1);
#9606=ORIENTED_EDGE('',*,*,#9256,.F.);
#9608=ORIENTED_EDGE('',*,*,#9607,.F.);
#9610=ORIENTED_EDGE('',*,*,#9609,.T.);
#9612=ORIENTED_EDGE('',*,*,#9611,.T.);
#9613=EDGE_LOOP('',(#9606,#9608,#9610,#9612));
#9614=FACE_OUTER_BOUND('',#9613,.F.);
#9615=ADVANCED_FACE('',(#9614),#9605,.F.);
#9616=CARTESIAN_POINT('',(2.2022E1,-3.1825E1,3.9E-1));
#9617=DIRECTION('',(0.E0,0.E0,1.E0));
#9618=DIRECTION('',(0.E0,-1.E0,0.E0));
#9619=AXIS2_PLACEMENT_3D('',#9616,#9617,#9618);
#9620=CONICAL_SURFACE('',#9619,4.405393149065E-1,1.E1);
#9621=ORIENTED_EDGE('',*,*,#9258,.F.);
#9622=ORIENTED_EDGE('',*,*,#9611,.F.);
#9624=ORIENTED_EDGE('',*,*,#9623,.T.);
#9625=ORIENTED_EDGE('',*,*,#9607,.T.);
#9626=EDGE_LOOP('',(#9621,#9622,#9624,#9625));
#9627=FACE_OUTER_BOUND('',#9626,.F.);
#9628=ADVANCED_FACE('',(#9627),#9620,.F.);
#9629=CARTESIAN_POINT('',(2.2022E1,-3.1825E1,2.5E-1));
#9630=DIRECTION('',(0.E0,0.E0,1.E0));
#9631=DIRECTION('',(0.E0,-1.E0,0.E0));
#9632=AXIS2_PLACEMENT_3D('',#9629,#9630,#9631);
#9633=PLANE('',#9632);
#9634=ORIENTED_EDGE('',*,*,#9609,.F.);
#9635=ORIENTED_EDGE('',*,*,#9623,.F.);
#9636=EDGE_LOOP('',(#9634,#9635));
#9637=FACE_OUTER_BOUND('',#9636,.F.);
#9638=ADVANCED_FACE('',(#9637),#9633,.T.);
#9639=CARTESIAN_POINT('',(2.2022E1,-3.1825E1,2.019763866750E-1));
#9640=DIRECTION('',(0.E0,0.E0,1.E0));
#9641=DIRECTION('',(0.E0,-1.E0,0.E0));
#9642=AXIS2_PLACEMENT_3D('',#9639,#9640,#9641);
#9643=CONICAL_SURFACE('',#9642,6.612423318384E-1,1.E1);
#9645=ORIENTED_EDGE('',*,*,#9644,.T.);
#9647=ORIENTED_EDGE('',*,*,#9646,.T.);
#9648=ORIENTED_EDGE('',*,*,#9223,.T.);
#9650=ORIENTED_EDGE('',*,*,#9649,.F.);
#9651=EDGE_LOOP('',(#9645,#9647,#9648,#9650));
#9652=FACE_OUTER_BOUND('',#9651,.F.);
#9653=ADVANCED_FACE('',(#9652),#9643,.T.);
#9654=CARTESIAN_POINT('',(2.2022E1,-3.1825E1,1.5E-1));
#9655=DIRECTION('',(0.E0,0.E0,1.E0));
#9656=DIRECTION('',(5.124303617787E-2,-9.986862126030E-1,0.E0));
#9657=AXIS2_PLACEMENT_3D('',#9654,#9655,#9656);
#9658=TOROIDAL_SURFACE('',#9657,4.997635007250E-1,1.5E-1);
#9659=ORIENTED_EDGE('',*,*,#7709,.F.);
#9661=ORIENTED_EDGE('',*,*,#9660,.T.);
#9662=ORIENTED_EDGE('',*,*,#9644,.F.);
#9664=ORIENTED_EDGE('',*,*,#9663,.F.);
#9665=EDGE_LOOP('',(#9659,#9661,#9662,#9664));
#9666=FACE_OUTER_BOUND('',#9665,.F.);
#9667=ADVANCED_FACE('',(#9666),#9658,.T.);
#9668=CARTESIAN_POINT('',(2.2022E1,-3.1825E1,1.5E-1));
#9669=DIRECTION('',(0.E0,0.E0,1.E0));
#9670=DIRECTION('',(-5.124303617788E-2,9.986862126030E-1,0.E0));
#9671=AXIS2_PLACEMENT_3D('',#9668,#9669,#9670);
#9672=TOROIDAL_SURFACE('',#9671,4.997635007250E-1,1.5E-1);
#9673=ORIENTED_EDGE('',*,*,#7711,.F.);
#9674=ORIENTED_EDGE('',*,*,#9663,.T.);
#9676=ORIENTED_EDGE('',*,*,#9675,.F.);
#9677=ORIENTED_EDGE('',*,*,#9660,.F.);
#9678=EDGE_LOOP('',(#9673,#9674,#9676,#9677));
#9679=FACE_OUTER_BOUND('',#9678,.F.);
#9680=ADVANCED_FACE('',(#9679),#9672,.T.);
#9681=CARTESIAN_POINT('',(2.2022E1,-3.1825E1,2.019763866750E-1));
#9682=DIRECTION('',(0.E0,0.E0,1.E0));
#9683=DIRECTION('',(0.E0,-1.E0,0.E0));
#9684=AXIS2_PLACEMENT_3D('',#9681,#9682,#9683);
#9685=CONICAL_SURFACE('',#9684,6.612423318384E-1,1.E1);
#9686=ORIENTED_EDGE('',*,*,#9675,.T.);
#9687=ORIENTED_EDGE('',*,*,#9649,.T.);
#9688=ORIENTED_EDGE('',*,*,#9225,.T.);
#9689=ORIENTED_EDGE('',*,*,#9646,.F.);
#9690=EDGE_LOOP('',(#9686,#9687,#9688,#9689));
#9691=FACE_OUTER_BOUND('',#9690,.F.);
#9692=ADVANCED_FACE('',(#9691),#9685,.T.);
#9693=CARTESIAN_POINT('',(2.2937E1,-3.079E1,-5.457853976431E-1));
#9694=DIRECTION('',(1.E0,0.E0,0.E0));
#9695=DIRECTION('',(0.E0,0.E0,1.E0));
#9696=AXIS2_PLACEMENT_3D('',#9693,#9694,#9695);
#9697=PLANE('',#9696);
#9698=ORIENTED_EDGE('',*,*,#9132,.T.);
#9699=ORIENTED_EDGE('',*,*,#9190,.T.);
#9700=ORIENTED_EDGE('',*,*,#9103,.F.);
#9701=ORIENTED_EDGE('',*,*,#8961,.F.);
#9702=EDGE_LOOP('',(#9698,#9699,#9700,#9701));
#9703=FACE_OUTER_BOUND('',#9702,.F.);
#9704=ADVANCED_FACE('',(#9703),#9697,.T.);
#9705=CARTESIAN_POINT('',(2.2022E1,-3.222577258342E1,-1.250123017350E0));
#9706=DIRECTION('',(0.E0,-8.715574274767E-2,-9.961946980917E-1));
#9707=DIRECTION('',(-1.E0,0.E0,0.E0));
#9708=AXIS2_PLACEMENT_3D('',#9705,#9706,#9707);
#9709=CONICAL_SURFACE('',#9708,6.611798772985E-1,1.E1);
#9710=ORIENTED_EDGE('',*,*,#8905,.T.);
#9711=ORIENTED_EDGE('',*,*,#8885,.F.);
#9712=ORIENTED_EDGE('',*,*,#8831,.T.);
#9713=ORIENTED_EDGE('',*,*,#8882,.T.);
#9714=EDGE_LOOP('',(#9710,#9711,#9712,#9713));
#9715=FACE_OUTER_BOUND('',#9714,.F.);
#9716=ADVANCED_FACE('',(#9715),#9709,.T.);
#9717=CARTESIAN_POINT('',(2.247139312423E1,-4.244659791897E1,
-9.672072638951E-1));
#9718=CARTESIAN_POINT('',(2.258739605116E1,-4.243500417313E1,
-1.015985949614E0));
#9719=CARTESIAN_POINT('',(2.266375530089E1,-4.242145208147E1,
-1.115766007594E0));
#9720=CARTESIAN_POINT('',(2.268050138783E1,-4.240948578960E1,
-1.240452937982E0));
#9721=CARTESIAN_POINT('',(2.248879254656E1,-4.272210143857E1,
-9.913106986220E-1));
#9722=CARTESIAN_POINT('',(2.260928682818E1,-4.278162407821E1,
-1.046311261861E0));
#9723=CARTESIAN_POINT('',(2.268860252465E1,-4.281488454536E1,
-1.150186888047E0));
#9724=CARTESIAN_POINT('',(2.270599697986E1,-4.281318455629E1,
-1.275772003548E0));
#9725=CARTESIAN_POINT('',(2.229910269718E1,-4.292333194355E1,
-1.008916086563E0));
#9726=CARTESIAN_POINT('',(2.237063188220E1,-4.303479869694E1,
-1.068461170893E0));
#9727=CARTESIAN_POINT('',(2.241771616747E1,-4.310225152164E1,
-1.175328240744E0));
#9728=CARTESIAN_POINT('',(2.242804206168E1,-4.310805014203E1,
-1.301569399564E0));
#9729=CARTESIAN_POINT('',(2.202200000001E1,-4.292333194356E1,
-1.008916086564E0));
#9730=CARTESIAN_POINT('',(2.202200000001E1,-4.303479869695E1,
-1.068461170894E0));
#9731=CARTESIAN_POINT('',(2.202200000002E1,-4.310225152165E1,
-1.175328240745E0));
#9732=CARTESIAN_POINT('',(2.202200000002E1,-4.310805014204E1,
-1.301569399565E0));
#9733=CARTESIAN_POINT('',(2.174489730284E1,-4.292333194357E1,
-1.008916086564E0));
#9734=CARTESIAN_POINT('',(2.167336811782E1,-4.303479869696E1,
-1.068461170894E0));
#9735=CARTESIAN_POINT('',(2.162628383257E1,-4.310225152166E1,
-1.175328240745E0));
#9736=CARTESIAN_POINT('',(2.161595793836E1,-4.310805014205E1,
-1.301569399565E0));
#9737=CARTESIAN_POINT('',(2.155520745345E1,-4.272210143860E1,
-9.913106986241E-1));
#9738=CARTESIAN_POINT('',(2.143471317183E1,-4.278162407824E1,
-1.046311261864E0));
#9739=CARTESIAN_POINT('',(2.135539747537E1,-4.281488454539E1,
-1.150186888050E0));
#9740=CARTESIAN_POINT('',(2.133800302016E1,-4.281318455633E1,
-1.275772003551E0));
#9741=CARTESIAN_POINT('',(2.157260687577E1,-4.244659791899E1,
-9.672072638971E-1));
#9742=CARTESIAN_POINT('',(2.145660394884E1,-4.243500417316E1,
-1.015985949617E0));
#9743=CARTESIAN_POINT('',(2.138024469911E1,-4.242145208150E1,
-1.115766007597E0));
#9744=CARTESIAN_POINT('',(2.136349861216E1,-4.240948578963E1,
-1.240452937985E0));
#9745=(BOUNDED_SURFACE()B_SPLINE_SURFACE(3,3,((#9717,#9718,#9719,#9720),(#9721,
#9722,#9723,#9724),(#9725,#9726,#9727,#9728),(#9729,#9730,#9731,#9732),(#9733,
#9734,#9735,#9736),(#9737,#9738,#9739,#9740),(#9741,#9742,#9743,#9744)),
.UNSPECIFIED.,.F.,.F.,.F.)B_SPLINE_SURFACE_WITH_KNOTS((4,3,4),(4,4),(0.E0,1.E0,
2.E0),(0.E0,1.E0),.UNSPECIFIED.)GEOMETRIC_REPRESENTATION_ITEM()RATIONAL_B_SPLINE_SURFACE(((1.270316057069E0,1.159578290979E0,1.159578290979E0,1.270316057069E0),(
1.003166139335E0,9.157167391099E-1,9.157167391099E-1,1.003166139335E0),(
1.003166139335E0,9.157167391099E-1,9.157167391099E-1,1.003166139335E0),(
1.270316057069E0,1.159578290979E0,1.159578290979E0,1.270316057069E0),(
1.003166139335E0,9.157167391099E-1,9.157167391099E-1,1.003166139335E0),(
1.003166139335E0,9.157167391099E-1,9.157167391099E-1,1.003166139335E0),(
1.270316057069E0,1.159578290979E0,1.159578290979E0,1.270316057069E0)))REPRESENTATION_ITEM('')SURFACE());
#9746=ORIENTED_EDGE('',*,*,#7849,.F.);
#9748=ORIENTED_EDGE('',*,*,#9747,.T.);
#9750=ORIENTED_EDGE('',*,*,#9749,.F.);
#9752=ORIENTED_EDGE('',*,*,#9751,.F.);
#9753=EDGE_LOOP('',(#9746,#9748,#9750,#9752));
#9754=FACE_OUTER_BOUND('',#9753,.F.);
#9755=ADVANCED_FACE('',(#9754),#9745,.T.);
#9756=CARTESIAN_POINT('',(2.150570261589E1,-4.250382754507E1,
-1.010167679765E0));
#9757=CARTESIAN_POINT('',(2.142657282338E1,-4.250381498950E1,
-1.067432206538E0));
#9758=CARTESIAN_POINT('',(2.137644194061E1,-4.249965577098E1,
-1.151160013998E0));
#9759=CARTESIAN_POINT('',(2.136349861217E1,-4.249202927836E1,
-1.247674557496E0));
#9760=CARTESIAN_POINT('',(2.148571282132E1,-4.218730791267E1,
-9.824758001461E-1));
#9761=CARTESIAN_POINT('',(2.140351931331E1,-4.213878429815E1,
-1.035496159206E0));
#9762=CARTESIAN_POINT('',(2.135144748317E1,-4.210389200006E1,
-1.116535170608E0));
#9763=CARTESIAN_POINT('',(2.133800302014E1,-4.208833051166E1,
-1.212355491931E0));
#9764=CARTESIAN_POINT('',(2.170364310941E1,-4.195611883184E1,
-9.622493764423E-1));
#9765=CARTESIAN_POINT('',(2.165485046495E1,-4.187216225840E1,
-1.012169753282E0));
#9766=CARTESIAN_POINT('',(2.162393899328E1,-4.181482221399E1,
-1.091244841359E0));
#9767=CARTESIAN_POINT('',(2.161595793832E1,-4.179346492592E1,
-1.186558095915E0));
#9768=CARTESIAN_POINT('',(2.202199999999E1,-4.195611883183E1,
-9.622493764415E-1));
#9769=CARTESIAN_POINT('',(2.202199999998E1,-4.187216225839E1,
-1.012169753281E0));
#9770=CARTESIAN_POINT('',(2.202199999998E1,-4.181482221398E1,
-1.091244841358E0));
#9771=CARTESIAN_POINT('',(2.202199999998E1,-4.179346492591E1,
-1.186558095914E0));
#9772=CARTESIAN_POINT('',(2.234035689056E1,-4.195611883182E1,
-9.622493764408E-1));
#9773=CARTESIAN_POINT('',(2.238914953502E1,-4.187216225838E1,
-1.012169753280E0));
#9774=CARTESIAN_POINT('',(2.242006100668E1,-4.181482221397E1,
-1.091244841357E0));
#9775=CARTESIAN_POINT('',(2.242804206164E1,-4.179346492590E1,
-1.186558095913E0));
#9776=CARTESIAN_POINT('',(2.255828717867E1,-4.218730791265E1,
-9.824758001437E-1));
#9777=CARTESIAN_POINT('',(2.264048068667E1,-4.213878429812E1,
-1.035496159203E0));
#9778=CARTESIAN_POINT('',(2.269255251681E1,-4.210389200003E1,
-1.116535170605E0));
#9779=CARTESIAN_POINT('',(2.270599697984E1,-4.208833051163E1,
-1.212355491928E0));
#9780=CARTESIAN_POINT('',(2.253829738411E1,-4.250382754505E1,
-1.010167679762E0));
#9781=CARTESIAN_POINT('',(2.261742717662E1,-4.250381498947E1,
-1.067432206536E0));
#9782=CARTESIAN_POINT('',(2.266755805939E1,-4.249965577095E1,
-1.151160013995E0));
#9783=CARTESIAN_POINT('',(2.268050138784E1,-4.249202927832E1,
-1.247674557493E0));
#9784=(BOUNDED_SURFACE()B_SPLINE_SURFACE(3,3,((#9756,#9757,#9758,#9759),(#9760,
#9761,#9762,#9763),(#9764,#9765,#9766,#9767),(#9768,#9769,#9770,#9771),(#9772,
#9773,#9774,#9775),(#9776,#9777,#9778,#9779),(#9780,#9781,#9782,#9783)),
.UNSPECIFIED.,.F.,.F.,.F.)B_SPLINE_SURFACE_WITH_KNOTS((4,3,4),(4,4),(0.E0,1.E0,
2.E0),(0.E0,1.E0),.UNSPECIFIED.)GEOMETRIC_REPRESENTATION_ITEM()RATIONAL_B_SPLINE_SURFACE(((1.237810361751E0,1.170413522751E0,1.170413522751E0,1.237810361751E0),(
9.774964544588E-1,9.242733007354E-1,9.242733007354E-1,9.774964544588E-1),(
9.774964544588E-1,9.242733007354E-1,9.242733007354E-1,9.774964544588E-1),(
1.237810361751E0,1.170413522751E0,1.170413522751E0,1.237810361751E0),(
9.774964544588E-1,9.242733007354E-1,9.242733007354E-1,9.774964544588E-1),(
9.774964544588E-1,9.242733007354E-1,9.242733007354E-1,9.774964544588E-1),(
1.237810361751E0,1.170413522751E0,1.170413522751E0,1.237810361751E0)))REPRESENTATION_ITEM('')SURFACE());
#9785=ORIENTED_EDGE('',*,*,#7851,.F.);
#9786=ORIENTED_EDGE('',*,*,#9751,.T.);
#9788=ORIENTED_EDGE('',*,*,#9787,.F.);
#9789=ORIENTED_EDGE('',*,*,#9747,.F.);
#9790=EDGE_LOOP('',(#9785,#9786,#9788,#9789));
#9791=FACE_OUTER_BOUND('',#9790,.F.);
#9792=ADVANCED_FACE('',(#9791),#9784,.T.);
#9793=CARTESIAN_POINT('',(2.2022E1,-4.245022741658E1,-1.250123017350E0));
#9794=DIRECTION('',(0.E0,8.715574274767E-2,-9.961946980917E-1));
#9795=DIRECTION('',(1.E0,0.E0,0.E0));
#9796=AXIS2_PLACEMENT_3D('',#9793,#9794,#9795);
#9797=CONICAL_SURFACE('',#9796,6.611798772985E-1,1.E1);
#9799=ORIENTED_EDGE('',*,*,#9798,.T.);
#9801=ORIENTED_EDGE('',*,*,#9800,.F.);
#9802=ORIENTED_EDGE('',*,*,#9787,.T.);
#9804=ORIENTED_EDGE('',*,*,#9803,.T.);
#9805=EDGE_LOOP('',(#9799,#9801,#9802,#9804));
#9806=FACE_OUTER_BOUND('',#9805,.F.);
#9807=ADVANCED_FACE('',(#9806),#9797,.T.);
#9808=CARTESIAN_POINT('',(2.2937E1,-4.1781E1,-1.212039516665E0));
#9809=DIRECTION('',(0.E0,-8.715574274767E-2,9.961946980917E-1));
#9810=DIRECTION('',(0.E0,-9.961946980917E-1,-8.715574274767E-2));
#9811=AXIS2_PLACEMENT_3D('',#9808,#9809,#9810);
#9812=PLANE('',#9811);
#9814=ORIENTED_EDGE('',*,*,#9813,.T.);
#9816=ORIENTED_EDGE('',*,*,#9815,.T.);
#9818=ORIENTED_EDGE('',*,*,#9817,.F.);
#9820=ORIENTED_EDGE('',*,*,#9819,.F.);
#9821=EDGE_LOOP('',(#9814,#9816,#9818,#9820));
#9822=FACE_OUTER_BOUND('',#9821,.F.);
#9824=ORIENTED_EDGE('',*,*,#9823,.F.);
#9825=ORIENTED_EDGE('',*,*,#9798,.F.);
#9826=EDGE_LOOP('',(#9824,#9825));
#9827=FACE_BOUND('',#9826,.F.);
#9828=ADVANCED_FACE('',(#9822,#9827),#9812,.T.);
#9829=CARTESIAN_POINT('',(2.2937E1,-4.267856885145E1,-1.416044095594E0));
#9830=DIRECTION('',(-1.E0,0.E0,0.E0));
#9831=DIRECTION('',(0.E0,-9.961946980917E-1,-8.715574274767E-2));
#9832=AXIS2_PLACEMENT_3D('',#9829,#9830,#9831);
#9833=PLANE('',#9832);
#9834=ORIENTED_EDGE('',*,*,#9813,.F.);
#9836=ORIENTED_EDGE('',*,*,#9835,.T.);
#9838=ORIENTED_EDGE('',*,*,#9837,.T.);
#9840=ORIENTED_EDGE('',*,*,#9839,.F.);
#9841=EDGE_LOOP('',(#9834,#9836,#9838,#9840));
#9842=FACE_OUTER_BOUND('',#9841,.F.);
#9843=ADVANCED_FACE('',(#9842),#9833,.F.);
#9844=CARTESIAN_POINT('',(2.2022E1,-4.177010553216E1,-1.336563853927E0));
#9845=DIRECTION('',(0.E0,9.961946980917E-1,8.715574274767E-2));
#9846=DIRECTION('',(-1.E0,0.E0,0.E0));
#9847=AXIS2_PLACEMENT_3D('',#9844,#9845,#9846);
#9848=PLANE('',#9847);
#9849=ORIENTED_EDGE('',*,*,#9819,.T.);
#9851=ORIENTED_EDGE('',*,*,#9850,.T.);
#9853=ORIENTED_EDGE('',*,*,#9852,.F.);
#9854=ORIENTED_EDGE('',*,*,#9835,.F.);
#9855=EDGE_LOOP('',(#9849,#9851,#9853,#9854));
#9856=FACE_OUTER_BOUND('',#9855,.F.);
#9857=ADVANCED_FACE('',(#9856),#9848,.T.);
#9858=CARTESIAN_POINT('',(2.1107E1,-4.267856885145E1,-1.416044095594E0));
#9859=DIRECTION('',(-1.E0,0.E0,0.E0));
#9860=DIRECTION('',(0.E0,-9.961946980917E-1,-8.715574274767E-2));
#9861=AXIS2_PLACEMENT_3D('',#9858,#9859,#9860);
#9862=PLANE('',#9861);
#9863=ORIENTED_EDGE('',*,*,#9817,.T.);
#9865=ORIENTED_EDGE('',*,*,#9864,.T.);
#9867=ORIENTED_EDGE('',*,*,#9866,.F.);
#9868=ORIENTED_EDGE('',*,*,#9850,.F.);
#9869=EDGE_LOOP('',(#9863,#9865,#9867,#9868));
#9870=FACE_OUTER_BOUND('',#9869,.F.);
#9871=ADVANCED_FACE('',(#9870),#9862,.T.);
#9872=CARTESIAN_POINT('',(2.1107E1,-4.379678730709E1,-1.424322062909E0));
#9873=DIRECTION('',(-1.E0,0.E0,0.E0));
#9874=DIRECTION('',(0.E0,-9.961946980917E-1,-8.715574274766E-2));
#9875=AXIS2_PLACEMENT_3D('',#9872,#9873,#9874);
#9876=PLANE('',#9875);
#9878=ORIENTED_EDGE('',*,*,#9877,.T.);
#9880=ORIENTED_EDGE('',*,*,#9879,.T.);
#9882=ORIENTED_EDGE('',*,*,#9881,.F.);
#9883=ORIENTED_EDGE('',*,*,#9864,.F.);
#9884=EDGE_LOOP('',(#9878,#9880,#9882,#9883));
#9885=FACE_OUTER_BOUND('',#9884,.F.);
#9886=ADVANCED_FACE('',(#9885),#9876,.T.);
#9887=CARTESIAN_POINT('',(2.2937E1,-4.3611E1,-1.221570795286E0));
#9888=DIRECTION('',(1.E0,0.E0,0.E0));
#9889=DIRECTION('',(0.E0,-1.E0,0.E0));
#9890=AXIS2_PLACEMENT_3D('',#9887,#9888,#9889);
#9891=CYLINDRICAL_SURFACE('',#9890,1.5E-1);
#9893=ORIENTED_EDGE('',*,*,#9892,.T.);
#9895=ORIENTED_EDGE('',*,*,#9894,.T.);
#9896=ORIENTED_EDGE('',*,*,#9877,.F.);
#9897=ORIENTED_EDGE('',*,*,#9815,.F.);
#9898=EDGE_LOOP('',(#9893,#9895,#9896,#9897));
#9899=FACE_OUTER_BOUND('',#9898,.F.);
#9900=ADVANCED_FACE('',(#9899),#9891,.F.);
#9901=CARTESIAN_POINT('',(2.2937E1,-4.379678730709E1,-1.424322062909E0));
#9902=DIRECTION('',(-1.E0,0.E0,0.E0));
#9903=DIRECTION('',(0.E0,-9.961946980917E-1,-8.715574274766E-2));
#9904=AXIS2_PLACEMENT_3D('',#9901,#9902,#9903);
#9905=PLANE('',#9904);
#9906=ORIENTED_EDGE('',*,*,#9892,.F.);
#9907=ORIENTED_EDGE('',*,*,#9839,.T.);
#9909=ORIENTED_EDGE('',*,*,#9908,.T.);
#9911=ORIENTED_EDGE('',*,*,#9910,.F.);
#9912=EDGE_LOOP('',(#9906,#9907,#9909,#9911));
#9913=FACE_OUTER_BOUND('',#9912,.F.);
#9914=ADVANCED_FACE('',(#9913),#9905,.F.);
#9915=CARTESIAN_POINT('',(2.2937E1,-4.3611E1,-1.221570795286E0));
#9916=DIRECTION('',(1.E0,0.E0,0.E0));
#9917=DIRECTION('',(0.E0,-1.E0,0.E0));
#9918=AXIS2_PLACEMENT_3D('',#9915,#9916,#9917);
#9919=CYLINDRICAL_SURFACE('',#9918,4.E-1);
#9920=ORIENTED_EDGE('',*,*,#9908,.F.);
#9922=ORIENTED_EDGE('',*,*,#9921,.T.);
#9923=ORIENTED_EDGE('',*,*,#9881,.T.);
#9925=ORIENTED_EDGE('',*,*,#9924,.F.);
#9926=EDGE_LOOP('',(#9920,#9922,#9923,#9925));
#9927=FACE_OUTER_BOUND('',#9926,.F.);
#9928=ADVANCED_FACE('',(#9927),#9919,.T.);
#9929=CARTESIAN_POINT('',(2.2937E1,-4.175921106431E1,-1.461088191188E0));
#9930=DIRECTION('',(0.E0,-8.715574274767E-2,9.961946980917E-1));
#9931=DIRECTION('',(0.E0,-9.961946980917E-1,-8.715574274767E-2));
#9932=AXIS2_PLACEMENT_3D('',#9929,#9930,#9931);
#9933=PLANE('',#9932);
#9934=ORIENTED_EDGE('',*,*,#9837,.F.);
#9935=ORIENTED_EDGE('',*,*,#9852,.T.);
#9936=ORIENTED_EDGE('',*,*,#9866,.T.);
#9937=ORIENTED_EDGE('',*,*,#9921,.F.);
#9938=EDGE_LOOP('',(#9934,#9935,#9936,#9937));
#9939=FACE_OUTER_BOUND('',#9938,.F.);
#9941=ORIENTED_EDGE('',*,*,#9940,.T.);
#9943=ORIENTED_EDGE('',*,*,#9942,.T.);
#9944=EDGE_LOOP('',(#9941,#9943));
#9945=FACE_BOUND('',#9944,.F.);
#9946=ADVANCED_FACE('',(#9939,#9945),#9933,.F.);
#9947=CARTESIAN_POINT('',(2.2022E1,-4.243744114425E1,-1.396270778852E0));
#9948=DIRECTION('',(0.E0,8.715574274767E-2,-9.961946980917E-1));
#9949=DIRECTION('',(1.E0,0.E0,0.E0));
#9950=AXIS2_PLACEMENT_3D('',#9947,#9948,#9949);
#9951=CONICAL_SURFACE('',#9950,4.331914542748E-1,1.E1);
#9952=ORIENTED_EDGE('',*,*,#9940,.F.);
#9954=ORIENTED_EDGE('',*,*,#9953,.F.);
#9956=ORIENTED_EDGE('',*,*,#9955,.F.);
#9958=ORIENTED_EDGE('',*,*,#9957,.T.);
#9959=EDGE_LOOP('',(#9952,#9954,#9956,#9958));
#9960=FACE_OUTER_BOUND('',#9959,.F.);
#9961=ADVANCED_FACE('',(#9960),#9951,.F.);
#9962=CARTESIAN_POINT('',(2.2022E1,-4.243744114425E1,-1.396270778852E0));
#9963=DIRECTION('',(0.E0,8.715574274767E-2,-9.961946980917E-1));
#9964=DIRECTION('',(1.E0,0.E0,0.E0));
#9965=AXIS2_PLACEMENT_3D('',#9962,#9963,#9964);
#9966=CONICAL_SURFACE('',#9965,4.331914542748E-1,1.E1);
#9967=ORIENTED_EDGE('',*,*,#9942,.F.);
#9968=ORIENTED_EDGE('',*,*,#9957,.F.);
#9970=ORIENTED_EDGE('',*,*,#9969,.F.);
#9971=ORIENTED_EDGE('',*,*,#9953,.T.);
#9972=EDGE_LOOP('',(#9967,#9968,#9970,#9971));
#9973=FACE_OUTER_BOUND('',#9972,.F.);
#9974=ADVANCED_FACE('',(#9973),#9966,.F.);
#9975=CARTESIAN_POINT('',(2.2022E1,-4.244670733287E1,-1.290357758268E0));
#9976=DIRECTION('',(0.E0,8.715574274767E-2,-9.961946980917E-1));
#9977=DIRECTION('',(9.999736456494E-1,-7.232401402089E-3,-6.327531327516E-4));
#9978=AXIS2_PLACEMENT_3D('',#9975,#9976,#9977);
#9979=TOROIDAL_SURFACE('',#9978,3.129021332485E-1,1.E-1);
#9981=ORIENTED_EDGE('',*,*,#9980,.F.);
#9983=ORIENTED_EDGE('',*,*,#9982,.T.);
#9984=ORIENTED_EDGE('',*,*,#9969,.T.);
#9986=ORIENTED_EDGE('',*,*,#9985,.F.);
#9987=EDGE_LOOP('',(#9981,#9983,#9984,#9986));
#9988=FACE_OUTER_BOUND('',#9987,.F.);
#9989=ADVANCED_FACE('',(#9988),#9979,.F.);
#9990=CARTESIAN_POINT('',(2.2022E1,-4.245542290714E1,-1.190738288459E0));
#9991=DIRECTION('',(0.E0,8.715574274767E-2,-9.961946980917E-1));
#9992=DIRECTION('',(1.E0,0.E0,0.E0));
#9993=AXIS2_PLACEMENT_3D('',#9990,#9991,#9992);
#9994=PLANE('',#9993);
#9995=ORIENTED_EDGE('',*,*,#9980,.T.);
#9997=ORIENTED_EDGE('',*,*,#9996,.T.);
#9998=EDGE_LOOP('',(#9995,#9997));
#9999=FACE_OUTER_BOUND('',#9998,.F.);
#10000=ADVANCED_FACE('',(#9999),#9994,.T.);
#10001=CARTESIAN_POINT('',(2.2022E1,-4.244670733287E1,-1.290357758268E0));
#10002=DIRECTION('',(0.E0,8.715574274767E-2,-9.961946980917E-1));
#10003=DIRECTION('',(-9.999736456494E-1,7.232401402089E-3,6.327531327521E-4));
#10004=AXIS2_PLACEMENT_3D('',#10001,#10002,#10003);
#10005=TOROIDAL_SURFACE('',#10004,3.129021332485E-1,1.E-1);
#10006=ORIENTED_EDGE('',*,*,#9996,.F.);
#10007=ORIENTED_EDGE('',*,*,#9985,.T.);
#10008=ORIENTED_EDGE('',*,*,#9955,.T.);
#10009=ORIENTED_EDGE('',*,*,#9982,.F.);
#10010=EDGE_LOOP('',(#10006,#10007,#10008,#10009));
#10011=FACE_OUTER_BOUND('',#10010,.F.);
#10012=ADVANCED_FACE('',(#10011),#10005,.F.);
#10013=CARTESIAN_POINT('',(2.2937E1,-4.4011E1,-1.221570795286E0));
#10014=DIRECTION('',(0.E0,1.E0,0.E0));
#10015=DIRECTION('',(0.E0,0.E0,1.E0));
#10016=AXIS2_PLACEMENT_3D('',#10013,#10014,#10015);
#10017=PLANE('',#10016);
#10019=ORIENTED_EDGE('',*,*,#10018,.F.);
#10020=ORIENTED_EDGE('',*,*,#9924,.T.);
#10022=ORIENTED_EDGE('',*,*,#10021,.T.);
#10024=ORIENTED_EDGE('',*,*,#10023,.F.);
#10025=EDGE_LOOP('',(#10019,#10020,#10022,#10024));
#10026=FACE_OUTER_BOUND('',#10025,.F.);
#10027=ADVANCED_FACE('',(#10026),#10017,.F.);
#10028=CARTESIAN_POINT('',(2.2937E1,-4.3886E1,-5.457853976431E-1));
#10029=DIRECTION('',(-1.E0,0.E0,0.E0));
#10030=DIRECTION('',(0.E0,0.E0,1.E0));
#10031=AXIS2_PLACEMENT_3D('',#10028,#10029,#10030);
#10032=PLANE('',#10031);
#10034=ORIENTED_EDGE('',*,*,#10033,.F.);
#10035=ORIENTED_EDGE('',*,*,#9910,.T.);
#10036=ORIENTED_EDGE('',*,*,#10018,.T.);
#10038=ORIENTED_EDGE('',*,*,#10037,.F.);
#10039=EDGE_LOOP('',(#10034,#10035,#10036,#10038));
#10040=FACE_OUTER_BOUND('',#10039,.F.);
#10041=ADVANCED_FACE('',(#10040),#10032,.F.);
#10042=CARTESIAN_POINT('',(2.2937E1,-4.3761E1,-1.221570795286E0));
#10043=DIRECTION('',(0.E0,1.E0,0.E0));
#10044=DIRECTION('',(0.E0,0.E0,1.E0));
#10045=AXIS2_PLACEMENT_3D('',#10042,#10043,#10044);
#10046=PLANE('',#10045);
#10047=ORIENTED_EDGE('',*,*,#10033,.T.);
#10049=ORIENTED_EDGE('',*,*,#10048,.T.);
#10051=ORIENTED_EDGE('',*,*,#10050,.F.);
#10052=ORIENTED_EDGE('',*,*,#9894,.F.);
#10053=EDGE_LOOP('',(#10047,#10049,#10051,#10052));
#10054=FACE_OUTER_BOUND('',#10053,.F.);
#10055=ADVANCED_FACE('',(#10054),#10046,.T.);
#10056=CARTESIAN_POINT('',(2.2937E1,-4.3611E1,1.3E-1));
#10057=DIRECTION('',(1.E0,0.E0,0.E0));
#10058=DIRECTION('',(0.E0,-1.E0,0.E0));
#10059=AXIS2_PLACEMENT_3D('',#10056,#10057,#10058);
#10060=CYLINDRICAL_SURFACE('',#10059,1.5E-1);
#10062=ORIENTED_EDGE('',*,*,#10061,.T.);
#10064=ORIENTED_EDGE('',*,*,#10063,.T.);
#10066=ORIENTED_EDGE('',*,*,#10065,.F.);
#10067=ORIENTED_EDGE('',*,*,#10048,.F.);
#10068=EDGE_LOOP('',(#10062,#10064,#10066,#10067));
#10069=FACE_OUTER_BOUND('',#10068,.F.);
#10070=ADVANCED_FACE('',(#10069),#10060,.F.);
#10071=CARTESIAN_POINT('',(2.2937E1,-4.380545436483E1,3.244543648263E-1));
#10072=DIRECTION('',(-1.E0,0.E0,0.E0));
#10073=DIRECTION('',(0.E0,0.E0,1.E0));
#10074=AXIS2_PLACEMENT_3D('',#10071,#10072,#10073);
#10075=PLANE('',#10074);
#10076=ORIENTED_EDGE('',*,*,#10061,.F.);
#10077=ORIENTED_EDGE('',*,*,#10037,.T.);
#10079=ORIENTED_EDGE('',*,*,#10078,.T.);
#10081=ORIENTED_EDGE('',*,*,#10080,.F.);
#10082=EDGE_LOOP('',(#10076,#10077,#10079,#10081));
#10083=FACE_OUTER_BOUND('',#10082,.F.);
#10084=ADVANCED_FACE('',(#10083),#10075,.F.);
#10085=CARTESIAN_POINT('',(2.2937E1,-4.3611E1,1.3E-1));
#10086=DIRECTION('',(1.E0,0.E0,0.E0));
#10087=DIRECTION('',(0.E0,-1.E0,0.E0));
#10088=AXIS2_PLACEMENT_3D('',#10085,#10086,#10087);
#10089=CYLINDRICAL_SURFACE('',#10088,4.E-1);
#10090=ORIENTED_EDGE('',*,*,#10078,.F.);
#10091=ORIENTED_EDGE('',*,*,#10023,.T.);
#10093=ORIENTED_EDGE('',*,*,#10092,.T.);
#10095=ORIENTED_EDGE('',*,*,#10094,.F.);
#10096=EDGE_LOOP('',(#10090,#10091,#10093,#10095));
#10097=FACE_OUTER_BOUND('',#10096,.F.);
#10098=ADVANCED_FACE('',(#10097),#10089,.T.);
#10099=CARTESIAN_POINT('',(2.1107E1,-4.380545436483E1,3.244543648263E-1));
#10100=DIRECTION('',(-1.E0,0.E0,0.E0));
#10101=DIRECTION('',(0.E0,0.E0,1.E0));
#10102=AXIS2_PLACEMENT_3D('',#10099,#10100,#10101);
#10103=PLANE('',#10102);
#10104=ORIENTED_EDGE('',*,*,#10065,.T.);
#10106=ORIENTED_EDGE('',*,*,#10105,.T.);
#10107=ORIENTED_EDGE('',*,*,#10092,.F.);
#10109=ORIENTED_EDGE('',*,*,#10108,.F.);
#10110=EDGE_LOOP('',(#10104,#10106,#10107,#10109));
#10111=FACE_OUTER_BOUND('',#10110,.F.);
#10112=ADVANCED_FACE('',(#10111),#10103,.T.);
#10113=CARTESIAN_POINT('',(2.1107E1,-4.2886E1,4.05E-1));
#10114=DIRECTION('',(-1.E0,0.E0,0.E0));
#10115=DIRECTION('',(0.E0,1.E0,0.E0));
#10116=AXIS2_PLACEMENT_3D('',#10113,#10114,#10115);
#10117=PLANE('',#10116);
#10119=ORIENTED_EDGE('',*,*,#10118,.T.);
#10121=ORIENTED_EDGE('',*,*,#10120,.T.);
#10123=ORIENTED_EDGE('',*,*,#10122,.F.);
#10124=ORIENTED_EDGE('',*,*,#10105,.F.);
#10125=EDGE_LOOP('',(#10119,#10121,#10123,#10124));
#10126=FACE_OUTER_BOUND('',#10125,.F.);
#10127=ADVANCED_FACE('',(#10126),#10117,.T.);
#10128=CARTESIAN_POINT('',(2.2937E1,-4.3611E1,2.8E-1));
#10129=DIRECTION('',(0.E0,0.E0,-1.E0));
#10130=DIRECTION('',(0.E0,1.E0,0.E0));
#10131=AXIS2_PLACEMENT_3D('',#10128,#10129,#10130);
#10132=PLANE('',#10131);
#10134=ORIENTED_EDGE('',*,*,#10133,.T.);
#10136=ORIENTED_EDGE('',*,*,#10135,.T.);
#10137=ORIENTED_EDGE('',*,*,#10118,.F.);
#10138=ORIENTED_EDGE('',*,*,#10063,.F.);
#10139=EDGE_LOOP('',(#10134,#10136,#10137,#10138));
#10140=FACE_OUTER_BOUND('',#10139,.F.);
#10142=ORIENTED_EDGE('',*,*,#10141,.F.);
#10144=ORIENTED_EDGE('',*,*,#10143,.F.);
#10145=EDGE_LOOP('',(#10142,#10144));
#10146=FACE_BOUND('',#10145,.F.);
#10147=ADVANCED_FACE('',(#10140,#10146),#10132,.T.);
#10148=CARTESIAN_POINT('',(2.2937E1,-4.2886E1,4.05E-1));
#10149=DIRECTION('',(-1.E0,0.E0,0.E0));
#10150=DIRECTION('',(0.E0,1.E0,0.E0));
#10151=AXIS2_PLACEMENT_3D('',#10148,#10149,#10150);
#10152=PLANE('',#10151);
#10153=ORIENTED_EDGE('',*,*,#10133,.F.);
#10154=ORIENTED_EDGE('',*,*,#10080,.T.);
#10156=ORIENTED_EDGE('',*,*,#10155,.T.);
#10158=ORIENTED_EDGE('',*,*,#10157,.F.);
#10159=EDGE_LOOP('',(#10153,#10154,#10156,#10158));
#10160=FACE_OUTER_BOUND('',#10159,.F.);
#10161=ADVANCED_FACE('',(#10160),#10152,.F.);
#10162=CARTESIAN_POINT('',(2.2937E1,-4.3611E1,5.3E-1));
#10163=DIRECTION('',(0.E0,0.E0,-1.E0));
#10164=DIRECTION('',(0.E0,1.E0,0.E0));
#10165=AXIS2_PLACEMENT_3D('',#10162,#10163,#10164);
#10166=PLANE('',#10165);
#10167=ORIENTED_EDGE('',*,*,#10155,.F.);
#10168=ORIENTED_EDGE('',*,*,#10094,.T.);
#10169=ORIENTED_EDGE('',*,*,#10122,.T.);
#10171=ORIENTED_EDGE('',*,*,#10170,.F.);
#10172=EDGE_LOOP('',(#10167,#10168,#10169,#10171));
#10173=FACE_OUTER_BOUND('',#10172,.F.);
#10175=ORIENTED_EDGE('',*,*,#10174,.T.);
#10177=ORIENTED_EDGE('',*,*,#10176,.T.);
#10178=EDGE_LOOP('',(#10175,#10177));
#10179=FACE_BOUND('',#10178,.F.);
#10180=ADVANCED_FACE('',(#10173,#10179),#10166,.F.);
#10181=CARTESIAN_POINT('',(2.2937E1,-4.2161E1,6.6E-1));
#10182=DIRECTION('',(1.E0,0.E0,0.E0));
#10183=DIRECTION('',(0.E0,-1.E0,0.E0));
#10184=AXIS2_PLACEMENT_3D('',#10181,#10182,#10183);
#10185=CYLINDRICAL_SURFACE('',#10184,1.3E-1);
#10187=ORIENTED_EDGE('',*,*,#10186,.F.);
#10188=ORIENTED_EDGE('',*,*,#10170,.T.);
#10190=ORIENTED_EDGE('',*,*,#10189,.T.);
#10192=ORIENTED_EDGE('',*,*,#10191,.F.);
#10193=EDGE_LOOP('',(#10187,#10188,#10190,#10192));
#10194=FACE_OUTER_BOUND('',#10193,.F.);
#10195=ADVANCED_FACE('',(#10194),#10185,.F.);
#10196=CARTESIAN_POINT('',(2.2937E1,-4.1906E1,6.6E-1));
#10197=DIRECTION('',(-1.E0,0.E0,0.E0));
#10198=DIRECTION('',(0.E0,1.E0,0.E0));
#10199=AXIS2_PLACEMENT_3D('',#10196,#10197,#10198);
#10200=PLANE('',#10199);
#10202=ORIENTED_EDGE('',*,*,#10201,.F.);
#10203=ORIENTED_EDGE('',*,*,#10157,.T.);
#10204=ORIENTED_EDGE('',*,*,#10186,.T.);
#10206=ORIENTED_EDGE('',*,*,#10205,.F.);
#10207=EDGE_LOOP('',(#10202,#10203,#10204,#10206));
#10208=FACE_OUTER_BOUND('',#10207,.F.);
#10209=ADVANCED_FACE('',(#10208),#10200,.F.);
#10210=CARTESIAN_POINT('',(2.2937E1,-4.2161E1,6.6E-1));
#10211=DIRECTION('',(1.E0,0.E0,0.E0));
#10212=DIRECTION('',(0.E0,-1.E0,0.E0));
#10213=AXIS2_PLACEMENT_3D('',#10210,#10211,#10212);
#10214=CYLINDRICAL_SURFACE('',#10213,3.8E-1);
#10215=ORIENTED_EDGE('',*,*,#10201,.T.);
#10217=ORIENTED_EDGE('',*,*,#10216,.T.);
#10219=ORIENTED_EDGE('',*,*,#10218,.F.);
#10220=ORIENTED_EDGE('',*,*,#10135,.F.);
#10221=EDGE_LOOP('',(#10215,#10217,#10219,#10220));
#10222=FACE_OUTER_BOUND('',#10221,.F.);
#10223=ADVANCED_FACE('',(#10222),#10214,.T.);
#10224=CARTESIAN_POINT('',(2.2937E1,-4.2161E1,1.04E0));
#10225=DIRECTION('',(0.E0,0.E0,1.E0));
#10226=DIRECTION('',(0.E0,-1.E0,0.E0));
#10227=AXIS2_PLACEMENT_3D('',#10224,#10225,#10226);
#10228=PLANE('',#10227);
#10230=ORIENTED_EDGE('',*,*,#10229,.F.);
#10232=ORIENTED_EDGE('',*,*,#10231,.F.);
#10233=ORIENTED_EDGE('',*,*,#10216,.F.);
#10235=ORIENTED_EDGE('',*,*,#10234,.T.);
#10237=ORIENTED_EDGE('',*,*,#10236,.F.);
#10239=ORIENTED_EDGE('',*,*,#10238,.T.);
#10240=EDGE_LOOP('',(#10230,#10232,#10233,#10235,#10237,#10239));
#10241=FACE_OUTER_BOUND('',#10240,.F.);
#10242=ADVANCED_FACE('',(#10241),#10228,.T.);
#10243=CARTESIAN_POINT('',(2.1247E1,-4.3611E1,9.15E-1));
#10244=DIRECTION('',(0.E0,-1.E0,0.E0));
#10245=DIRECTION('',(1.E0,0.E0,0.E0));
#10246=AXIS2_PLACEMENT_3D('',#10243,#10244,#10245);
#10247=PLANE('',#10246);
#10248=ORIENTED_EDGE('',*,*,#10229,.T.);
#10250=ORIENTED_EDGE('',*,*,#10249,.T.);
#10252=ORIENTED_EDGE('',*,*,#10251,.F.);
#10254=ORIENTED_EDGE('',*,*,#10253,.F.);
#10255=EDGE_LOOP('',(#10248,#10250,#10252,#10254));
#10256=FACE_OUTER_BOUND('',#10255,.F.);
#10257=ADVANCED_FACE('',(#10256),#10247,.T.);
#10258=CARTESIAN_POINT('',(2.1387E1,-4.380545436483E1,9.955456351737E-1));
#10259=DIRECTION('',(1.E0,0.E0,0.E0));
#10260=DIRECTION('',(0.E0,0.E0,-1.E0));
#10261=AXIS2_PLACEMENT_3D('',#10258,#10259,#10260);
#10262=PLANE('',#10261);
#10264=ORIENTED_EDGE('',*,*,#10263,.F.);
#10266=ORIENTED_EDGE('',*,*,#10265,.T.);
#10268=ORIENTED_EDGE('',*,*,#10267,.T.);
#10269=ORIENTED_EDGE('',*,*,#10249,.F.);
#10270=EDGE_LOOP('',(#10264,#10266,#10268,#10269));
#10271=FACE_OUTER_BOUND('',#10270,.F.);
#10272=ADVANCED_FACE('',(#10271),#10262,.F.);
#10273=CARTESIAN_POINT('',(2.2937E1,-4.3611E1,1.19E0));
#10274=DIRECTION('',(1.E0,0.E0,0.E0));
#10275=DIRECTION('',(0.E0,-1.E0,0.E0));
#10276=AXIS2_PLACEMENT_3D('',#10273,#10274,#10275);
#10277=CYLINDRICAL_SURFACE('',#10276,1.5E-1);
#10278=ORIENTED_EDGE('',*,*,#10263,.T.);
#10279=ORIENTED_EDGE('',*,*,#10238,.F.);
#10281=ORIENTED_EDGE('',*,*,#10280,.F.);
#10283=ORIENTED_EDGE('',*,*,#10282,.T.);
#10284=EDGE_LOOP('',(#10278,#10279,#10281,#10283));
#10285=FACE_OUTER_BOUND('',#10284,.F.);
#10286=ADVANCED_FACE('',(#10285),#10277,.F.);
#10287=CARTESIAN_POINT('',(2.2657E1,-4.380545436483E1,9.955456351737E-1));
#10288=DIRECTION('',(1.E0,0.E0,0.E0));
#10289=DIRECTION('',(0.E0,0.E0,-1.E0));
#10290=AXIS2_PLACEMENT_3D('',#10287,#10288,#10289);
#10291=PLANE('',#10290);
#10292=ORIENTED_EDGE('',*,*,#10280,.T.);
#10294=ORIENTED_EDGE('',*,*,#10293,.T.);
#10296=ORIENTED_EDGE('',*,*,#10295,.F.);
#10298=ORIENTED_EDGE('',*,*,#10297,.F.);
#10299=EDGE_LOOP('',(#10292,#10294,#10296,#10298));
#10300=FACE_OUTER_BOUND('',#10299,.F.);
#10301=ADVANCED_FACE('',(#10300),#10291,.T.);
#10302=CARTESIAN_POINT('',(2.2797E1,-4.3611E1,9.15E-1));
#10303=DIRECTION('',(0.E0,-1.E0,0.E0));
#10304=DIRECTION('',(1.E0,0.E0,0.E0));
#10305=AXIS2_PLACEMENT_3D('',#10302,#10303,#10304);
#10306=PLANE('',#10305);
#10307=ORIENTED_EDGE('',*,*,#10236,.T.);
#10309=ORIENTED_EDGE('',*,*,#10308,.T.);
#10311=ORIENTED_EDGE('',*,*,#10310,.F.);
#10312=ORIENTED_EDGE('',*,*,#10293,.F.);
#10313=EDGE_LOOP('',(#10307,#10309,#10311,#10312));
#10314=FACE_OUTER_BOUND('',#10313,.F.);
#10315=ADVANCED_FACE('',(#10314),#10306,.T.);
#10316=CARTESIAN_POINT('',(2.2937E1,-4.2886E1,9.15E-1));
#10317=DIRECTION('',(-1.E0,0.E0,0.E0));
#10318=DIRECTION('',(0.E0,-1.E0,0.E0));
#10319=AXIS2_PLACEMENT_3D('',#10316,#10317,#10318);
#10320=PLANE('',#10319);
#10321=ORIENTED_EDGE('',*,*,#10308,.F.);
#10322=ORIENTED_EDGE('',*,*,#10234,.F.);
#10323=ORIENTED_EDGE('',*,*,#10205,.T.);
#10325=ORIENTED_EDGE('',*,*,#10324,.T.);
#10326=EDGE_LOOP('',(#10321,#10322,#10323,#10325));
#10327=FACE_OUTER_BOUND('',#10326,.F.);
#10328=ADVANCED_FACE('',(#10327),#10320,.F.);
#10329=CARTESIAN_POINT('',(2.2937E1,-4.2161E1,7.9E-1));
#10330=DIRECTION('',(0.E0,0.E0,1.E0));
#10331=DIRECTION('',(0.E0,-1.E0,0.E0));
#10332=AXIS2_PLACEMENT_3D('',#10329,#10330,#10331);
#10333=PLANE('',#10332);
#10334=ORIENTED_EDGE('',*,*,#10251,.T.);
#10336=ORIENTED_EDGE('',*,*,#10335,.F.);
#10337=ORIENTED_EDGE('',*,*,#10310,.T.);
#10338=ORIENTED_EDGE('',*,*,#10324,.F.);
#10339=ORIENTED_EDGE('',*,*,#10191,.T.);
#10341=ORIENTED_EDGE('',*,*,#10340,.T.);
#10342=EDGE_LOOP('',(#10334,#10336,#10337,#10338,#10339,#10341));
#10343=FACE_OUTER_BOUND('',#10342,.F.);
#10344=ADVANCED_FACE('',(#10343),#10333,.F.);
#10345=CARTESIAN_POINT('',(2.2937E1,-4.3611E1,1.19E0));
#10346=DIRECTION('',(1.E0,0.E0,0.E0));
#10347=DIRECTION('',(0.E0,-1.E0,0.E0));
#10348=AXIS2_PLACEMENT_3D('',#10345,#10346,#10347);
#10349=CYLINDRICAL_SURFACE('',#10348,4.E-1);
#10350=ORIENTED_EDGE('',*,*,#10267,.F.);
#10352=ORIENTED_EDGE('',*,*,#10351,.F.);
#10353=ORIENTED_EDGE('',*,*,#10295,.T.);
#10354=ORIENTED_EDGE('',*,*,#10335,.T.);
#10355=EDGE_LOOP('',(#10350,#10352,#10353,#10354));
#10356=FACE_OUTER_BOUND('',#10355,.F.);
#10357=ADVANCED_FACE('',(#10356),#10349,.T.);
#10358=CARTESIAN_POINT('',(2.2937E1,-4.4011E1,1.19E0));
#10359=DIRECTION('',(0.E0,1.E0,0.E0));
#10360=DIRECTION('',(0.E0,0.E0,1.E0));
#10361=AXIS2_PLACEMENT_3D('',#10358,#10359,#10360);
#10362=PLANE('',#10361);
#10364=ORIENTED_EDGE('',*,*,#10363,.T.);
#10366=ORIENTED_EDGE('',*,*,#10365,.T.);
#10368=ORIENTED_EDGE('',*,*,#10367,.T.);
#10370=ORIENTED_EDGE('',*,*,#10369,.F.);
#10371=ORIENTED_EDGE('',*,*,#10351,.T.);
#10373=ORIENTED_EDGE('',*,*,#10372,.T.);
#10375=ORIENTED_EDGE('',*,*,#10374,.T.);
#10377=ORIENTED_EDGE('',*,*,#10376,.F.);
#10378=EDGE_LOOP('',(#10364,#10366,#10368,#10370,#10371,#10373,#10375,#10377));
#10379=FACE_OUTER_BOUND('',#10378,.F.);
#10380=ADVANCED_FACE('',(#10379),#10362,.F.);
#10381=CARTESIAN_POINT('',(3.1412E1,-3.0665E1,7.62E0));
#10382=DIRECTION('',(0.E0,0.E0,-1.E0));
#10383=DIRECTION('',(-1.E0,0.E0,0.E0));
#10384=AXIS2_PLACEMENT_3D('',#10381,#10382,#10383);
#10385=PLANE('',#10384);
#10387=ORIENTED_EDGE('',*,*,#10386,.T.);
#10389=ORIENTED_EDGE('',*,*,#10388,.F.);
#10390=ORIENTED_EDGE('',*,*,#10363,.F.);
#10392=ORIENTED_EDGE('',*,*,#10391,.T.);
#10393=EDGE_LOOP('',(#10387,#10389,#10390,#10392));
#10394=FACE_OUTER_BOUND('',#10393,.F.);
#10395=ADVANCED_FACE('',(#10394),#10385,.F.);
#10396=CARTESIAN_POINT('',(2.2937E1,-4.3761E1,1.19E0));
#10397=DIRECTION('',(0.E0,1.E0,0.E0));
#10398=DIRECTION('',(0.E0,0.E0,1.E0));
#10399=AXIS2_PLACEMENT_3D('',#10396,#10397,#10398);
#10400=PLANE('',#10399);
#10401=ORIENTED_EDGE('',*,*,#10386,.F.);
#10403=ORIENTED_EDGE('',*,*,#10402,.T.);
#10405=ORIENTED_EDGE('',*,*,#10404,.F.);
#10407=ORIENTED_EDGE('',*,*,#10406,.F.);
#10408=ORIENTED_EDGE('',*,*,#10282,.F.);
#10410=ORIENTED_EDGE('',*,*,#10409,.T.);
#10412=ORIENTED_EDGE('',*,*,#10411,.F.);
#10414=ORIENTED_EDGE('',*,*,#10413,.F.);
#10415=EDGE_LOOP('',(#10401,#10403,#10405,#10407,#10408,#10410,#10412,#10414));
#10416=FACE_OUTER_BOUND('',#10415,.F.);
#10417=ADVANCED_FACE('',(#10416),#10400,.T.);
#10418=CARTESIAN_POINT('',(2.1792E1,-4.3886E1,6.625E0));
#10419=DIRECTION('',(1.E0,0.E0,0.E0));
#10420=DIRECTION('',(0.E0,0.E0,-1.E0));
#10421=AXIS2_PLACEMENT_3D('',#10418,#10419,#10420);
#10422=PLANE('',#10421);
#10423=ORIENTED_EDGE('',*,*,#10391,.F.);
#10424=ORIENTED_EDGE('',*,*,#10376,.T.);
#10426=ORIENTED_EDGE('',*,*,#10425,.F.);
#10427=ORIENTED_EDGE('',*,*,#10402,.F.);
#10428=EDGE_LOOP('',(#10423,#10424,#10426,#10427));
#10429=FACE_OUTER_BOUND('',#10428,.F.);
#10430=ADVANCED_FACE('',(#10429),#10422,.F.);
#10431=CARTESIAN_POINT('',(2.15895E1,-4.3886E1,3.6075E0));
#10432=DIRECTION('',(-7.071067811866E-1,0.E0,7.071067811865E-1));
#10433=DIRECTION('',(7.071067811865E-1,0.E0,7.071067811866E-1));
#10434=AXIS2_PLACEMENT_3D('',#10431,#10432,#10433);
#10435=PLANE('',#10434);
#10436=ORIENTED_EDGE('',*,*,#10404,.T.);
#10437=ORIENTED_EDGE('',*,*,#10425,.T.);
#10438=ORIENTED_EDGE('',*,*,#10374,.F.);
#10440=ORIENTED_EDGE('',*,*,#10439,.F.);
#10441=EDGE_LOOP('',(#10436,#10437,#10438,#10440));
#10442=FACE_OUTER_BOUND('',#10441,.F.);
#10443=ADVANCED_FACE('',(#10442),#10435,.T.);
#10444=CARTESIAN_POINT('',(2.1387E1,-4.3886E1,6.63E0));
#10445=DIRECTION('',(-1.E0,0.E0,0.E0));
#10446=DIRECTION('',(0.E0,0.E0,1.E0));
#10447=AXIS2_PLACEMENT_3D('',#10444,#10445,#10446);
#10448=PLANE('',#10447);
#10449=ORIENTED_EDGE('',*,*,#10439,.T.);
#10450=ORIENTED_EDGE('',*,*,#10372,.F.);
#10451=ORIENTED_EDGE('',*,*,#10265,.F.);
#10452=ORIENTED_EDGE('',*,*,#10406,.T.);
#10453=EDGE_LOOP('',(#10449,#10450,#10451,#10452));
#10454=FACE_OUTER_BOUND('',#10453,.F.);
#10455=ADVANCED_FACE('',(#10454),#10448,.T.);
#10456=CARTESIAN_POINT('',(2.2657E1,-4.3886E1,6.63E0));
#10457=DIRECTION('',(-1.E0,0.E0,0.E0));
#10458=DIRECTION('',(0.E0,0.E0,1.E0));
#10459=AXIS2_PLACEMENT_3D('',#10456,#10457,#10458);
#10460=PLANE('',#10459);
#10462=ORIENTED_EDGE('',*,*,#10461,.F.);
#10463=ORIENTED_EDGE('',*,*,#10409,.F.);
#10464=ORIENTED_EDGE('',*,*,#10297,.T.);
#10465=ORIENTED_EDGE('',*,*,#10369,.T.);
#10466=EDGE_LOOP('',(#10462,#10463,#10464,#10465));
#10467=FACE_OUTER_BOUND('',#10466,.F.);
#10468=ADVANCED_FACE('',(#10467),#10460,.F.);
#10469=CARTESIAN_POINT('',(2.24545E1,-4.3886E1,3.6075E0));
#10470=DIRECTION('',(7.071067811866E-1,0.E0,7.071067811865E-1));
#10471=DIRECTION('',(7.071067811865E-1,0.E0,-7.071067811866E-1));
#10472=AXIS2_PLACEMENT_3D('',#10469,#10470,#10471);
#10473=PLANE('',#10472);
#10474=ORIENTED_EDGE('',*,*,#10411,.T.);
#10475=ORIENTED_EDGE('',*,*,#10461,.T.);
#10476=ORIENTED_EDGE('',*,*,#10367,.F.);
#10478=ORIENTED_EDGE('',*,*,#10477,.F.);
#10479=EDGE_LOOP('',(#10474,#10475,#10476,#10478));
#10480=FACE_OUTER_BOUND('',#10479,.F.);
#10481=ADVANCED_FACE('',(#10480),#10473,.T.);
#10482=CARTESIAN_POINT('',(2.2252E1,-4.3886E1,6.625E0));
#10483=DIRECTION('',(1.E0,0.E0,0.E0));
#10484=DIRECTION('',(0.E0,0.E0,-1.E0));
#10485=AXIS2_PLACEMENT_3D('',#10482,#10483,#10484);
#10486=PLANE('',#10485);
#10487=ORIENTED_EDGE('',*,*,#10388,.T.);
#10488=ORIENTED_EDGE('',*,*,#10413,.T.);
#10489=ORIENTED_EDGE('',*,*,#10477,.T.);
#10490=ORIENTED_EDGE('',*,*,#10365,.F.);
#10491=EDGE_LOOP('',(#10487,#10488,#10489,#10490));
#10492=FACE_OUTER_BOUND('',#10491,.F.);
#10493=ADVANCED_FACE('',(#10492),#10486,.T.);
#10494=CARTESIAN_POINT('',(2.1107E1,-4.2886E1,9.15E-1));
#10495=DIRECTION('',(-1.E0,0.E0,0.E0));
#10496=DIRECTION('',(0.E0,-1.E0,0.E0));
#10497=AXIS2_PLACEMENT_3D('',#10494,#10495,#10496);
#10498=PLANE('',#10497);
#10499=ORIENTED_EDGE('',*,*,#10253,.T.);
#10500=ORIENTED_EDGE('',*,*,#10340,.F.);
#10502=ORIENTED_EDGE('',*,*,#10501,.F.);
#10503=ORIENTED_EDGE('',*,*,#10231,.T.);
#10504=EDGE_LOOP('',(#10499,#10500,#10502,#10503));
#10505=FACE_OUTER_BOUND('',#10504,.F.);
#10506=ADVANCED_FACE('',(#10505),#10498,.T.);
#10507=CARTESIAN_POINT('',(2.1107E1,-4.1906E1,6.6E-1));
#10508=DIRECTION('',(-1.E0,0.E0,0.E0));
#10509=DIRECTION('',(0.E0,1.E0,0.E0));
#10510=AXIS2_PLACEMENT_3D('',#10507,#10508,#10509);
#10511=PLANE('',#10510);
#10512=ORIENTED_EDGE('',*,*,#10218,.T.);
#10513=ORIENTED_EDGE('',*,*,#10501,.T.);
#10514=ORIENTED_EDGE('',*,*,#10189,.F.);
#10515=ORIENTED_EDGE('',*,*,#10120,.F.);
#10516=EDGE_LOOP('',(#10512,#10513,#10514,#10515));
#10517=FACE_OUTER_BOUND('',#10516,.F.);
#10518=ADVANCED_FACE('',(#10517),#10511,.T.);
#10519=CARTESIAN_POINT('',(2.2022E1,-4.2851E1,3.9E-1));
#10520=DIRECTION('',(0.E0,0.E0,1.E0));
#10521=DIRECTION('',(0.E0,1.E0,0.E0));
#10522=AXIS2_PLACEMENT_3D('',#10519,#10520,#10521);
#10523=CONICAL_SURFACE('',#10522,4.405393149065E-1,1.E1);
#10524=ORIENTED_EDGE('',*,*,#10174,.F.);
#10526=ORIENTED_EDGE('',*,*,#10525,.F.);
#10528=ORIENTED_EDGE('',*,*,#10527,.T.);
#10530=ORIENTED_EDGE('',*,*,#10529,.T.);
#10531=EDGE_LOOP('',(#10524,#10526,#10528,#10530));
#10532=FACE_OUTER_BOUND('',#10531,.F.);
#10533=ADVANCED_FACE('',(#10532),#10523,.F.);
#10534=CARTESIAN_POINT('',(2.2022E1,-4.2851E1,3.9E-1));
#10535=DIRECTION('',(0.E0,0.E0,1.E0));
#10536=DIRECTION('',(0.E0,1.E0,0.E0));
#10537=AXIS2_PLACEMENT_3D('',#10534,#10535,#10536);
#10538=CONICAL_SURFACE('',#10537,4.405393149065E-1,1.E1);
#10539=ORIENTED_EDGE('',*,*,#10176,.F.);
#10540=ORIENTED_EDGE('',*,*,#10529,.F.);
#10542=ORIENTED_EDGE('',*,*,#10541,.T.);
#10543=ORIENTED_EDGE('',*,*,#10525,.T.);
#10544=EDGE_LOOP('',(#10539,#10540,#10542,#10543));
#10545=FACE_OUTER_BOUND('',#10544,.F.);
#10546=ADVANCED_FACE('',(#10545),#10538,.F.);
#10547=CARTESIAN_POINT('',(2.2022E1,-4.2851E1,2.5E-1));
#10548=DIRECTION('',(0.E0,0.E0,1.E0));
#10549=DIRECTION('',(0.E0,1.E0,0.E0));
#10550=AXIS2_PLACEMENT_3D('',#10547,#10548,#10549);
#10551=PLANE('',#10550);
#10552=ORIENTED_EDGE('',*,*,#10527,.F.);
#10553=ORIENTED_EDGE('',*,*,#10541,.F.);
#10554=EDGE_LOOP('',(#10552,#10553));
#10555=FACE_OUTER_BOUND('',#10554,.F.);
#10556=ADVANCED_FACE('',(#10555),#10551,.T.);
#10557=CARTESIAN_POINT('',(2.2022E1,-4.2851E1,2.019763866750E-1));
#10558=DIRECTION('',(0.E0,0.E0,1.E0));
#10559=DIRECTION('',(0.E0,1.E0,0.E0));
#10560=AXIS2_PLACEMENT_3D('',#10557,#10558,#10559);
#10561=CONICAL_SURFACE('',#10560,6.612423318384E-1,1.E1);
#10563=ORIENTED_EDGE('',*,*,#10562,.T.);
#10565=ORIENTED_EDGE('',*,*,#10564,.T.);
#10566=ORIENTED_EDGE('',*,*,#10141,.T.);
#10568=ORIENTED_EDGE('',*,*,#10567,.F.);
#10569=EDGE_LOOP('',(#10563,#10565,#10566,#10568));
#10570=FACE_OUTER_BOUND('',#10569,.F.);
#10571=ADVANCED_FACE('',(#10570),#10561,.T.);
#10572=CARTESIAN_POINT('',(2.2022E1,-4.2851E1,1.5E-1));
#10573=DIRECTION('',(0.E0,0.E0,1.E0));
#10574=DIRECTION('',(-5.124303617787E-2,9.986862126030E-1,0.E0));
#10575=AXIS2_PLACEMENT_3D('',#10572,#10573,#10574);
#10576=TOROIDAL_SURFACE('',#10575,4.997635007250E-1,1.5E-1);
#10577=ORIENTED_EDGE('',*,*,#7715,.F.);
#10579=ORIENTED_EDGE('',*,*,#10578,.T.);
#10580=ORIENTED_EDGE('',*,*,#10562,.F.);
#10582=ORIENTED_EDGE('',*,*,#10581,.F.);
#10583=EDGE_LOOP('',(#10577,#10579,#10580,#10582));
#10584=FACE_OUTER_BOUND('',#10583,.F.);
#10585=ADVANCED_FACE('',(#10584),#10576,.T.);
#10586=CARTESIAN_POINT('',(2.2022E1,-4.2851E1,1.5E-1));
#10587=DIRECTION('',(0.E0,0.E0,1.E0));
#10588=DIRECTION('',(5.124303617788E-2,-9.986862126030E-1,0.E0));
#10589=AXIS2_PLACEMENT_3D('',#10586,#10587,#10588);
#10590=TOROIDAL_SURFACE('',#10589,4.997635007250E-1,1.5E-1);
#10591=ORIENTED_EDGE('',*,*,#7717,.F.);
#10592=ORIENTED_EDGE('',*,*,#10581,.T.);
#10594=ORIENTED_EDGE('',*,*,#10593,.F.);
#10595=ORIENTED_EDGE('',*,*,#10578,.F.);
#10596=EDGE_LOOP('',(#10591,#10592,#10594,#10595));
#10597=FACE_OUTER_BOUND('',#10596,.F.);
#10598=ADVANCED_FACE('',(#10597),#10590,.T.);
#10599=CARTESIAN_POINT('',(2.2022E1,-4.2851E1,2.019763866750E-1));
#10600=DIRECTION('',(0.E0,0.E0,1.E0));
#10601=DIRECTION('',(0.E0,1.E0,0.E0));
#10602=AXIS2_PLACEMENT_3D('',#10599,#10600,#10601);
#10603=CONICAL_SURFACE('',#10602,6.612423318384E-1,1.E1);
#10604=ORIENTED_EDGE('',*,*,#10593,.T.);
#10605=ORIENTED_EDGE('',*,*,#10567,.T.);
#10606=ORIENTED_EDGE('',*,*,#10143,.T.);
#10607=ORIENTED_EDGE('',*,*,#10564,.F.);
#10608=EDGE_LOOP('',(#10604,#10605,#10606,#10607));
#10609=FACE_OUTER_BOUND('',#10608,.F.);
#10610=ADVANCED_FACE('',(#10609),#10603,.T.);
#10611=CARTESIAN_POINT('',(2.1107E1,-4.3886E1,-5.457853976431E-1));
#10612=DIRECTION('',(-1.E0,0.E0,0.E0));
#10613=DIRECTION('',(0.E0,0.E0,1.E0));
#10614=AXIS2_PLACEMENT_3D('',#10611,#10612,#10613);
#10615=PLANE('',#10614);
#10616=ORIENTED_EDGE('',*,*,#10050,.T.);
#10617=ORIENTED_EDGE('',*,*,#10108,.T.);
#10618=ORIENTED_EDGE('',*,*,#10021,.F.);
#10619=ORIENTED_EDGE('',*,*,#9879,.F.);
#10620=EDGE_LOOP('',(#10616,#10617,#10618,#10619));
#10621=FACE_OUTER_BOUND('',#10620,.F.);
#10622=ADVANCED_FACE('',(#10621),#10615,.T.);
#10623=CARTESIAN_POINT('',(2.2022E1,-4.245022741658E1,-1.250123017350E0));
#10624=DIRECTION('',(0.E0,8.715574274767E-2,-9.961946980917E-1));
#10625=DIRECTION('',(1.E0,0.E0,0.E0));
#10626=AXIS2_PLACEMENT_3D('',#10623,#10624,#10625);
#10627=CONICAL_SURFACE('',#10626,6.611798772985E-1,1.E1);
#10628=ORIENTED_EDGE('',*,*,#9823,.T.);
#10629=ORIENTED_EDGE('',*,*,#9803,.F.);
#10630=ORIENTED_EDGE('',*,*,#9749,.T.);
#10631=ORIENTED_EDGE('',*,*,#9800,.T.);
#10632=EDGE_LOOP('',(#10628,#10629,#10630,#10631));
#10633=FACE_OUTER_BOUND('',#10632,.F.);
#10634=ADVANCED_FACE('',(#10633),#10627,.T.);
#10635=CARTESIAN_POINT('',(2.411260687577E1,-3.222940208103E1,
-9.672072638951E-1));
#10636=CARTESIAN_POINT('',(2.399660394884E1,-3.224099582687E1,
-1.015985949614E0));
#10637=CARTESIAN_POINT('',(2.392024469911E1,-3.225454791853E1,
-1.115766007594E0));
#10638=CARTESIAN_POINT('',(2.390349861217E1,-3.226651421040E1,
-1.240452937982E0));
#10639=CARTESIAN_POINT('',(2.409520745344E1,-3.195389856143E1,
-9.913106986220E-1));
#10640=CARTESIAN_POINT('',(2.397471317182E1,-3.189437592179E1,
-1.046311261861E0));
#10641=CARTESIAN_POINT('',(2.389539747535E1,-3.186111545464E1,
-1.150186888047E0));
#10642=CARTESIAN_POINT('',(2.387800302014E1,-3.186281544371E1,
-1.275772003548E0));
#10643=CARTESIAN_POINT('',(2.428489730282E1,-3.175266805645E1,
-1.008916086563E0));
#10644=CARTESIAN_POINT('',(2.421336811780E1,-3.164120130306E1,
-1.068461170893E0));
#10645=CARTESIAN_POINT('',(2.416628383253E1,-3.157374847836E1,
-1.175328240744E0));
#10646=CARTESIAN_POINT('',(2.415595793832E1,-3.156794985797E1,
-1.301569399564E0));
#10647=CARTESIAN_POINT('',(2.456199999999E1,-3.175266805644E1,
-1.008916086564E0));
#10648=CARTESIAN_POINT('',(2.456199999999E1,-3.164120130305E1,
-1.068461170894E0));
#10649=CARTESIAN_POINT('',(2.456199999998E1,-3.157374847835E1,
-1.175328240745E0));
#10650=CARTESIAN_POINT('',(2.456199999998E1,-3.156794985796E1,
-1.301569399565E0));
#10651=CARTESIAN_POINT('',(2.483910269716E1,-3.175266805643E1,
-1.008916086564E0));
#10652=CARTESIAN_POINT('',(2.491063188218E1,-3.164120130304E1,
-1.068461170894E0));
#10653=CARTESIAN_POINT('',(2.495771616743E1,-3.157374847834E1,
-1.175328240745E0));
#10654=CARTESIAN_POINT('',(2.496804206164E1,-3.156794985795E1,
-1.301569399565E0));
#10655=CARTESIAN_POINT('',(2.502879254655E1,-3.195389856140E1,
-9.913106986241E-1));
#10656=CARTESIAN_POINT('',(2.514928682817E1,-3.189437592176E1,
-1.046311261864E0));
#10657=CARTESIAN_POINT('',(2.522860252463E1,-3.186111545461E1,
-1.150186888050E0));
#10658=CARTESIAN_POINT('',(2.524599697984E1,-3.186281544367E1,
-1.275772003551E0));
#10659=CARTESIAN_POINT('',(2.501139312423E1,-3.222940208101E1,
-9.672072638971E-1));
#10660=CARTESIAN_POINT('',(2.512739605116E1,-3.224099582684E1,
-1.015985949617E0));
#10661=CARTESIAN_POINT('',(2.520375530089E1,-3.225454791850E1,
-1.115766007597E0));
#10662=CARTESIAN_POINT('',(2.522050138784E1,-3.226651421037E1,
-1.240452937985E0));
#10663=(BOUNDED_SURFACE()B_SPLINE_SURFACE(3,3,((#10635,#10636,#10637,#10638),(
#10639,#10640,#10641,#10642),(#10643,#10644,#10645,#10646),(#10647,#10648,
#10649,#10650),(#10651,#10652,#10653,#10654),(#10655,#10656,#10657,#10658),(
#10659,#10660,#10661,#10662)),.UNSPECIFIED.,.F.,.F.,.F.)B_SPLINE_SURFACE_WITH_KNOTS((4,3,4),(4,4),(0.E0,1.E0,2.E0),(0.E0,1.E0),.UNSPECIFIED.)GEOMETRIC_REPRESENTATION_ITEM()RATIONAL_B_SPLINE_SURFACE(((1.270316057069E0,1.159578290979E0,
1.159578290979E0,1.270316057069E0),(1.003166139335E0,9.157167391099E-1,
9.157167391099E-1,1.003166139335E0),(1.003166139335E0,9.157167391099E-1,
9.157167391099E-1,1.003166139335E0),(1.270316057069E0,1.159578290979E0,
1.159578290979E0,1.270316057069E0),(1.003166139335E0,9.157167391099E-1,
9.157167391099E-1,1.003166139335E0),(1.003166139335E0,9.157167391099E-1,
9.157167391099E-1,1.003166139335E0),(1.270316057069E0,1.159578290979E0,
1.159578290979E0,1.270316057069E0)))REPRESENTATION_ITEM('')SURFACE());
#10664=ORIENTED_EDGE('',*,*,#7855,.F.);
#10666=ORIENTED_EDGE('',*,*,#10665,.T.);
#10668=ORIENTED_EDGE('',*,*,#10667,.F.);
#10670=ORIENTED_EDGE('',*,*,#10669,.F.);
#10671=EDGE_LOOP('',(#10664,#10666,#10668,#10670));
#10672=FACE_OUTER_BOUND('',#10671,.F.);
#10673=ADVANCED_FACE('',(#10672),#10663,.T.);
#10674=CARTESIAN_POINT('',(2.507829738411E1,-3.217217245493E1,
-1.010167679765E0));
#10675=CARTESIAN_POINT('',(2.515742717662E1,-3.217218501050E1,
-1.067432206538E0));
#10676=CARTESIAN_POINT('',(2.520755805939E1,-3.217634422902E1,
-1.151160013998E0));
#10677=CARTESIAN_POINT('',(2.522050138783E1,-3.218397072164E1,
-1.247674557496E0));
#10678=CARTESIAN_POINT('',(2.509828717868E1,-3.248869208733E1,
-9.824758001461E-1));
#10679=CARTESIAN_POINT('',(2.518048068669E1,-3.253721570185E1,
-1.035496159206E0));
#10680=CARTESIAN_POINT('',(2.523255251683E1,-3.257210799994E1,
-1.116535170608E0));
#10681=CARTESIAN_POINT('',(2.524599697986E1,-3.258766948834E1,
-1.212355491931E0));
#10682=CARTESIAN_POINT('',(2.488035689059E1,-3.271988116816E1,
-9.622493764423E-1));
#10683=CARTESIAN_POINT('',(2.492914953505E1,-3.280383774160E1,
-1.012169753282E0));
#10684=CARTESIAN_POINT('',(2.496006100672E1,-3.286117778601E1,
-1.091244841359E0));
#10685=CARTESIAN_POINT('',(2.496804206168E1,-3.288253507408E1,
-1.186558095915E0));
#10686=CARTESIAN_POINT('',(2.456200000001E1,-3.271988116817E1,
-9.622493764415E-1));
#10687=CARTESIAN_POINT('',(2.456200000002E1,-3.280383774161E1,
-1.012169753281E0));
#10688=CARTESIAN_POINT('',(2.456200000002E1,-3.286117778602E1,
-1.091244841358E0));
#10689=CARTESIAN_POINT('',(2.456200000002E1,-3.288253507409E1,
-1.186558095914E0));
#10690=CARTESIAN_POINT('',(2.424364310944E1,-3.271988116818E1,
-9.622493764408E-1));
#10691=CARTESIAN_POINT('',(2.419485046498E1,-3.280383774162E1,
-1.012169753280E0));
#10692=CARTESIAN_POINT('',(2.416393899332E1,-3.286117778603E1,
-1.091244841357E0));
#10693=CARTESIAN_POINT('',(2.415595793836E1,-3.288253507410E1,
-1.186558095913E0));
#10694=CARTESIAN_POINT('',(2.402571282133E1,-3.248869208735E1,
-9.824758001437E-1));
#10695=CARTESIAN_POINT('',(2.394351931333E1,-3.253721570188E1,
-1.035496159203E0));
#10696=CARTESIAN_POINT('',(2.389144748319E1,-3.257210799997E1,
-1.116535170605E0));
#10697=CARTESIAN_POINT('',(2.387800302016E1,-3.258766948837E1,
-1.212355491928E0));
#10698=CARTESIAN_POINT('',(2.404570261589E1,-3.217217245495E1,
-1.010167679762E0));
#10699=CARTESIAN_POINT('',(2.396657282338E1,-3.217218501053E1,
-1.067432206536E0));
#10700=CARTESIAN_POINT('',(2.391644194061E1,-3.217634422905E1,
-1.151160013995E0));
#10701=CARTESIAN_POINT('',(2.390349861216E1,-3.218397072168E1,
-1.247674557494E0));
#10702=(BOUNDED_SURFACE()B_SPLINE_SURFACE(3,3,((#10674,#10675,#10676,#10677),(
#10678,#10679,#10680,#10681),(#10682,#10683,#10684,#10685),(#10686,#10687,
#10688,#10689),(#10690,#10691,#10692,#10693),(#10694,#10695,#10696,#10697),(
#10698,#10699,#10700,#10701)),.UNSPECIFIED.,.F.,.F.,.F.)B_SPLINE_SURFACE_WITH_KNOTS((4,3,4),(4,4),(0.E0,1.E0,2.E0),(0.E0,1.E0),.UNSPECIFIED.)GEOMETRIC_REPRESENTATION_ITEM()RATIONAL_B_SPLINE_SURFACE(((1.237810361751E0,1.170413522751E0,
1.170413522751E0,1.237810361751E0),(9.774964544588E-1,9.242733007354E-1,
9.242733007354E-1,9.774964544588E-1),(9.774964544588E-1,9.242733007354E-1,
9.242733007354E-1,9.774964544588E-1),(1.237810361751E0,1.170413522751E0,
1.170413522751E0,1.237810361751E0),(9.774964544588E-1,9.242733007354E-1,
9.242733007354E-1,9.774964544588E-1),(9.774964544588E-1,9.242733007354E-1,
9.242733007354E-1,9.774964544588E-1),(1.237810361751E0,1.170413522751E0,
1.170413522751E0,1.237810361751E0)))REPRESENTATION_ITEM('')SURFACE());
#10703=ORIENTED_EDGE('',*,*,#7857,.F.);
#10704=ORIENTED_EDGE('',*,*,#10669,.T.);
#10706=ORIENTED_EDGE('',*,*,#10705,.F.);
#10707=ORIENTED_EDGE('',*,*,#10665,.F.);
#10708=EDGE_LOOP('',(#10703,#10704,#10706,#10707));
#10709=FACE_OUTER_BOUND('',#10708,.F.);
#10710=ADVANCED_FACE('',(#10709),#10702,.T.);
#10711=CARTESIAN_POINT('',(2.4562E1,-3.222577258342E1,-1.250123017350E0));
#10712=DIRECTION('',(0.E0,-8.715574274767E-2,-9.961946980917E-1));
#10713=DIRECTION('',(-1.E0,0.E0,0.E0));
#10714=AXIS2_PLACEMENT_3D('',#10711,#10712,#10713);
#10715=CONICAL_SURFACE('',#10714,6.611798772985E-1,1.E1);
#10717=ORIENTED_EDGE('',*,*,#10716,.T.);
#10719=ORIENTED_EDGE('',*,*,#10718,.F.);
#10720=ORIENTED_EDGE('',*,*,#10705,.T.);
#10722=ORIENTED_EDGE('',*,*,#10721,.T.);
#10723=EDGE_LOOP('',(#10717,#10719,#10720,#10722));
#10724=FACE_OUTER_BOUND('',#10723,.F.);
#10725=ADVANCED_FACE('',(#10724),#10715,.T.);
#10726=CARTESIAN_POINT('',(2.3647E1,-3.2895E1,-1.212039516665E0));
#10727=DIRECTION('',(0.E0,8.715574274767E-2,9.961946980917E-1));
#10728=DIRECTION('',(0.E0,9.961946980917E-1,-8.715574274767E-2));
#10729=AXIS2_PLACEMENT_3D('',#10726,#10727,#10728);
#10730=PLANE('',#10729);
#10732=ORIENTED_EDGE('',*,*,#10731,.T.);
#10734=ORIENTED_EDGE('',*,*,#10733,.T.);
#10736=ORIENTED_EDGE('',*,*,#10735,.F.);
#10738=ORIENTED_EDGE('',*,*,#10737,.F.);
#10739=EDGE_LOOP('',(#10732,#10734,#10736,#10738));
#10740=FACE_OUTER_BOUND('',#10739,.F.);
#10742=ORIENTED_EDGE('',*,*,#10741,.F.);
#10743=ORIENTED_EDGE('',*,*,#10716,.F.);
#10744=EDGE_LOOP('',(#10742,#10743));
#10745=FACE_BOUND('',#10744,.F.);
#10746=ADVANCED_FACE('',(#10740,#10745),#10730,.T.);
#10747=CARTESIAN_POINT('',(2.3647E1,-3.199743114855E1,-1.416044095594E0));
#10748=DIRECTION('',(1.E0,0.E0,0.E0));
#10749=DIRECTION('',(0.E0,9.961946980917E-1,-8.715574274767E-2));
#10750=AXIS2_PLACEMENT_3D('',#10747,#10748,#10749);
#10751=PLANE('',#10750);
#10752=ORIENTED_EDGE('',*,*,#10731,.F.);
#10754=ORIENTED_EDGE('',*,*,#10753,.T.);
#10756=ORIENTED_EDGE('',*,*,#10755,.T.);
#10758=ORIENTED_EDGE('',*,*,#10757,.F.);
#10759=EDGE_LOOP('',(#10752,#10754,#10756,#10758));
#10760=FACE_OUTER_BOUND('',#10759,.F.);
#10761=ADVANCED_FACE('',(#10760),#10751,.F.);
#10762=CARTESIAN_POINT('',(2.4562E1,-3.290589446784E1,-1.336563853927E0));
#10763=DIRECTION('',(0.E0,-9.961946980917E-1,8.715574274767E-2));
#10764=DIRECTION('',(1.E0,0.E0,0.E0));
#10765=AXIS2_PLACEMENT_3D('',#10762,#10763,#10764);
#10766=PLANE('',#10765);
#10767=ORIENTED_EDGE('',*,*,#10737,.T.);
#10769=ORIENTED_EDGE('',*,*,#10768,.T.);
#10771=ORIENTED_EDGE('',*,*,#10770,.F.);
#10772=ORIENTED_EDGE('',*,*,#10753,.F.);
#10773=EDGE_LOOP('',(#10767,#10769,#10771,#10772));
#10774=FACE_OUTER_BOUND('',#10773,.F.);
#10775=ADVANCED_FACE('',(#10774),#10766,.T.);
#10776=CARTESIAN_POINT('',(2.5477E1,-3.199743114855E1,-1.416044095594E0));
#10777=DIRECTION('',(1.E0,0.E0,0.E0));
#10778=DIRECTION('',(0.E0,9.961946980917E-1,-8.715574274767E-2));
#10779=AXIS2_PLACEMENT_3D('',#10776,#10777,#10778);
#10780=PLANE('',#10779);
#10781=ORIENTED_EDGE('',*,*,#10735,.T.);
#10783=ORIENTED_EDGE('',*,*,#10782,.T.);
#10785=ORIENTED_EDGE('',*,*,#10784,.F.);
#10786=ORIENTED_EDGE('',*,*,#10768,.F.);
#10787=EDGE_LOOP('',(#10781,#10783,#10785,#10786));
#10788=FACE_OUTER_BOUND('',#10787,.F.);
#10789=ADVANCED_FACE('',(#10788),#10780,.T.);
#10790=CARTESIAN_POINT('',(2.5477E1,-3.087921269291E1,-1.424322062909E0));
#10791=DIRECTION('',(1.E0,0.E0,0.E0));
#10792=DIRECTION('',(0.E0,9.961946980917E-1,-8.715574274766E-2));
#10793=AXIS2_PLACEMENT_3D('',#10790,#10791,#10792);
#10794=PLANE('',#10793);
#10796=ORIENTED_EDGE('',*,*,#10795,.T.);
#10798=ORIENTED_EDGE('',*,*,#10797,.T.);
#10800=ORIENTED_EDGE('',*,*,#10799,.F.);
#10801=ORIENTED_EDGE('',*,*,#10782,.F.);
#10802=EDGE_LOOP('',(#10796,#10798,#10800,#10801));
#10803=FACE_OUTER_BOUND('',#10802,.F.);
#10804=ADVANCED_FACE('',(#10803),#10794,.T.);
#10805=CARTESIAN_POINT('',(2.3647E1,-3.1065E1,-1.221570795286E0));
#10806=DIRECTION('',(-1.E0,0.E0,0.E0));
#10807=DIRECTION('',(0.E0,1.E0,0.E0));
#10808=AXIS2_PLACEMENT_3D('',#10805,#10806,#10807);
#10809=CYLINDRICAL_SURFACE('',#10808,1.5E-1);
#10811=ORIENTED_EDGE('',*,*,#10810,.T.);
#10813=ORIENTED_EDGE('',*,*,#10812,.T.);
#10814=ORIENTED_EDGE('',*,*,#10795,.F.);
#10815=ORIENTED_EDGE('',*,*,#10733,.F.);
#10816=EDGE_LOOP('',(#10811,#10813,#10814,#10815));
#10817=FACE_OUTER_BOUND('',#10816,.F.);
#10818=ADVANCED_FACE('',(#10817),#10809,.F.);
#10819=CARTESIAN_POINT('',(2.3647E1,-3.087921269291E1,-1.424322062909E0));
#10820=DIRECTION('',(1.E0,0.E0,0.E0));
#10821=DIRECTION('',(0.E0,9.961946980917E-1,-8.715574274766E-2));
#10822=AXIS2_PLACEMENT_3D('',#10819,#10820,#10821);
#10823=PLANE('',#10822);
#10824=ORIENTED_EDGE('',*,*,#10810,.F.);
#10825=ORIENTED_EDGE('',*,*,#10757,.T.);
#10827=ORIENTED_EDGE('',*,*,#10826,.T.);
#10829=ORIENTED_EDGE('',*,*,#10828,.F.);
#10830=EDGE_LOOP('',(#10824,#10825,#10827,#10829));
#10831=FACE_OUTER_BOUND('',#10830,.F.);
#10832=ADVANCED_FACE('',(#10831),#10823,.F.);
#10833=CARTESIAN_POINT('',(2.3647E1,-3.1065E1,-1.221570795286E0));
#10834=DIRECTION('',(-1.E0,0.E0,0.E0));
#10835=DIRECTION('',(0.E0,1.E0,0.E0));
#10836=AXIS2_PLACEMENT_3D('',#10833,#10834,#10835);
#10837=CYLINDRICAL_SURFACE('',#10836,4.E-1);
#10838=ORIENTED_EDGE('',*,*,#10826,.F.);
#10840=ORIENTED_EDGE('',*,*,#10839,.T.);
#10841=ORIENTED_EDGE('',*,*,#10799,.T.);
#10843=ORIENTED_EDGE('',*,*,#10842,.F.);
#10844=EDGE_LOOP('',(#10838,#10840,#10841,#10843));
#10845=FACE_OUTER_BOUND('',#10844,.F.);
#10846=ADVANCED_FACE('',(#10845),#10837,.T.);
#10847=CARTESIAN_POINT('',(2.3647E1,-3.291678893569E1,-1.461088191188E0));
#10848=DIRECTION('',(0.E0,8.715574274767E-2,9.961946980917E-1));
#10849=DIRECTION('',(0.E0,9.961946980917E-1,-8.715574274767E-2));
#10850=AXIS2_PLACEMENT_3D('',#10847,#10848,#10849);
#10851=PLANE('',#10850);
#10852=ORIENTED_EDGE('',*,*,#10755,.F.);
#10853=ORIENTED_EDGE('',*,*,#10770,.T.);
#10854=ORIENTED_EDGE('',*,*,#10784,.T.);
#10855=ORIENTED_EDGE('',*,*,#10839,.F.);
#10856=EDGE_LOOP('',(#10852,#10853,#10854,#10855));
#10857=FACE_OUTER_BOUND('',#10856,.F.);
#10859=ORIENTED_EDGE('',*,*,#10858,.T.);
#10861=ORIENTED_EDGE('',*,*,#10860,.T.);
#10862=EDGE_LOOP('',(#10859,#10861));
#10863=FACE_BOUND('',#10862,.F.);
#10864=ADVANCED_FACE('',(#10857,#10863),#10851,.F.);
#10865=CARTESIAN_POINT('',(2.4562E1,-3.223855885575E1,-1.396270778852E0));
#10866=DIRECTION('',(0.E0,-8.715574274767E-2,-9.961946980917E-1));
#10867=DIRECTION('',(-1.E0,0.E0,0.E0));
#10868=AXIS2_PLACEMENT_3D('',#10865,#10866,#10867);
#10869=CONICAL_SURFACE('',#10868,4.331914542748E-1,1.E1);
#10870=ORIENTED_EDGE('',*,*,#10858,.F.);
#10872=ORIENTED_EDGE('',*,*,#10871,.F.);
#10874=ORIENTED_EDGE('',*,*,#10873,.F.);
#10876=ORIENTED_EDGE('',*,*,#10875,.T.);
#10877=EDGE_LOOP('',(#10870,#10872,#10874,#10876));
#10878=FACE_OUTER_BOUND('',#10877,.F.);
#10879=ADVANCED_FACE('',(#10878),#10869,.F.);
#10880=CARTESIAN_POINT('',(2.4562E1,-3.223855885575E1,-1.396270778852E0));
#10881=DIRECTION('',(0.E0,-8.715574274767E-2,-9.961946980917E-1));
#10882=DIRECTION('',(-1.E0,0.E0,0.E0));
#10883=AXIS2_PLACEMENT_3D('',#10880,#10881,#10882);
#10884=CONICAL_SURFACE('',#10883,4.331914542748E-1,1.E1);
#10885=ORIENTED_EDGE('',*,*,#10860,.F.);
#10886=ORIENTED_EDGE('',*,*,#10875,.F.);
#10888=ORIENTED_EDGE('',*,*,#10887,.F.);
#10889=ORIENTED_EDGE('',*,*,#10871,.T.);
#10890=EDGE_LOOP('',(#10885,#10886,#10888,#10889));
#10891=FACE_OUTER_BOUND('',#10890,.F.);
#10892=ADVANCED_FACE('',(#10891),#10884,.F.);
#10893=CARTESIAN_POINT('',(2.4562E1,-3.222929266713E1,-1.290357758268E0));
#10894=DIRECTION('',(0.E0,-8.715574274767E-2,-9.961946980917E-1));
#10895=DIRECTION('',(-9.999736456494E-1,7.232401402089E-3,-6.327531327516E-4));
#10896=AXIS2_PLACEMENT_3D('',#10893,#10894,#10895);
#10897=TOROIDAL_SURFACE('',#10896,3.129021332485E-1,1.E-1);
#10899=ORIENTED_EDGE('',*,*,#10898,.F.);
#10901=ORIENTED_EDGE('',*,*,#10900,.T.);
#10902=ORIENTED_EDGE('',*,*,#10887,.T.);
#10904=ORIENTED_EDGE('',*,*,#10903,.F.);
#10905=EDGE_LOOP('',(#10899,#10901,#10902,#10904));
#10906=FACE_OUTER_BOUND('',#10905,.F.);
#10907=ADVANCED_FACE('',(#10906),#10897,.F.);
#10908=CARTESIAN_POINT('',(2.4562E1,-3.222057709286E1,-1.190738288459E0));
#10909=DIRECTION('',(0.E0,-8.715574274767E-2,-9.961946980917E-1));
#10910=DIRECTION('',(-1.E0,0.E0,0.E0));
#10911=AXIS2_PLACEMENT_3D('',#10908,#10909,#10910);
#10912=PLANE('',#10911);
#10913=ORIENTED_EDGE('',*,*,#10898,.T.);
#10915=ORIENTED_EDGE('',*,*,#10914,.T.);
#10916=EDGE_LOOP('',(#10913,#10915));
#10917=FACE_OUTER_BOUND('',#10916,.F.);
#10918=ADVANCED_FACE('',(#10917),#10912,.T.);
#10919=CARTESIAN_POINT('',(2.4562E1,-3.222929266713E1,-1.290357758268E0));
#10920=DIRECTION('',(0.E0,-8.715574274767E-2,-9.961946980917E-1));
#10921=DIRECTION('',(9.999736456494E-1,-7.232401402089E-3,6.327531327521E-4));
#10922=AXIS2_PLACEMENT_3D('',#10919,#10920,#10921);
#10923=TOROIDAL_SURFACE('',#10922,3.129021332485E-1,1.E-1);
#10924=ORIENTED_EDGE('',*,*,#10914,.F.);
#10925=ORIENTED_EDGE('',*,*,#10903,.T.);
#10926=ORIENTED_EDGE('',*,*,#10873,.T.);
#10927=ORIENTED_EDGE('',*,*,#10900,.F.);
#10928=EDGE_LOOP('',(#10924,#10925,#10926,#10927));
#10929=FACE_OUTER_BOUND('',#10928,.F.);
#10930=ADVANCED_FACE('',(#10929),#10923,.F.);
#10931=CARTESIAN_POINT('',(2.3647E1,-3.0665E1,-1.221570795286E0));
#10932=DIRECTION('',(0.E0,-1.E0,0.E0));
#10933=DIRECTION('',(0.E0,0.E0,1.E0));
#10934=AXIS2_PLACEMENT_3D('',#10931,#10932,#10933);
#10935=PLANE('',#10934);
#10937=ORIENTED_EDGE('',*,*,#10936,.F.);
#10938=ORIENTED_EDGE('',*,*,#10842,.T.);
#10940=ORIENTED_EDGE('',*,*,#10939,.T.);
#10942=ORIENTED_EDGE('',*,*,#10941,.F.);
#10943=EDGE_LOOP('',(#10937,#10938,#10940,#10942));
#10944=FACE_OUTER_BOUND('',#10943,.F.);
#10945=ADVANCED_FACE('',(#10944),#10935,.F.);
#10946=CARTESIAN_POINT('',(2.3647E1,-3.079E1,-5.457853976431E-1));
#10947=DIRECTION('',(1.E0,0.E0,0.E0));
#10948=DIRECTION('',(0.E0,0.E0,1.E0));
#10949=AXIS2_PLACEMENT_3D('',#10946,#10947,#10948);
#10950=PLANE('',#10949);
#10952=ORIENTED_EDGE('',*,*,#10951,.F.);
#10953=ORIENTED_EDGE('',*,*,#10828,.T.);
#10954=ORIENTED_EDGE('',*,*,#10936,.T.);
#10956=ORIENTED_EDGE('',*,*,#10955,.F.);
#10957=EDGE_LOOP('',(#10952,#10953,#10954,#10956));
#10958=FACE_OUTER_BOUND('',#10957,.F.);
#10959=ADVANCED_FACE('',(#10958),#10950,.F.);
#10960=CARTESIAN_POINT('',(2.3647E1,-3.0915E1,-1.221570795286E0));
#10961=DIRECTION('',(0.E0,-1.E0,0.E0));
#10962=DIRECTION('',(0.E0,0.E0,1.E0));
#10963=AXIS2_PLACEMENT_3D('',#10960,#10961,#10962);
#10964=PLANE('',#10963);
#10965=ORIENTED_EDGE('',*,*,#10951,.T.);
#10967=ORIENTED_EDGE('',*,*,#10966,.T.);
#10969=ORIENTED_EDGE('',*,*,#10968,.F.);
#10970=ORIENTED_EDGE('',*,*,#10812,.F.);
#10971=EDGE_LOOP('',(#10965,#10967,#10969,#10970));
#10972=FACE_OUTER_BOUND('',#10971,.F.);
#10973=ADVANCED_FACE('',(#10972),#10964,.T.);
#10974=CARTESIAN_POINT('',(2.3647E1,-3.1065E1,1.3E-1));
#10975=DIRECTION('',(-1.E0,0.E0,0.E0));
#10976=DIRECTION('',(0.E0,1.E0,0.E0));
#10977=AXIS2_PLACEMENT_3D('',#10974,#10975,#10976);
#10978=CYLINDRICAL_SURFACE('',#10977,1.5E-1);
#10980=ORIENTED_EDGE('',*,*,#10979,.T.);
#10982=ORIENTED_EDGE('',*,*,#10981,.T.);
#10984=ORIENTED_EDGE('',*,*,#10983,.F.);
#10985=ORIENTED_EDGE('',*,*,#10966,.F.);
#10986=EDGE_LOOP('',(#10980,#10982,#10984,#10985));
#10987=FACE_OUTER_BOUND('',#10986,.F.);
#10988=ADVANCED_FACE('',(#10987),#10978,.F.);
#10989=CARTESIAN_POINT('',(2.3647E1,-3.087054563517E1,3.244543648263E-1));
#10990=DIRECTION('',(1.E0,0.E0,0.E0));
#10991=DIRECTION('',(0.E0,0.E0,1.E0));
#10992=AXIS2_PLACEMENT_3D('',#10989,#10990,#10991);
#10993=PLANE('',#10992);
#10994=ORIENTED_EDGE('',*,*,#10979,.F.);
#10995=ORIENTED_EDGE('',*,*,#10955,.T.);
#10997=ORIENTED_EDGE('',*,*,#10996,.T.);
#10999=ORIENTED_EDGE('',*,*,#10998,.F.);
#11000=EDGE_LOOP('',(#10994,#10995,#10997,#10999));
#11001=FACE_OUTER_BOUND('',#11000,.F.);
#11002=ADVANCED_FACE('',(#11001),#10993,.F.);
#11003=CARTESIAN_POINT('',(2.3647E1,-3.1065E1,1.3E-1));
#11004=DIRECTION('',(-1.E0,0.E0,0.E0));
#11005=DIRECTION('',(0.E0,1.E0,0.E0));
#11006=AXIS2_PLACEMENT_3D('',#11003,#11004,#11005);
#11007=CYLINDRICAL_SURFACE('',#11006,4.E-1);
#11008=ORIENTED_EDGE('',*,*,#10996,.F.);
#11009=ORIENTED_EDGE('',*,*,#10941,.T.);
#11011=ORIENTED_EDGE('',*,*,#11010,.T.);
#11013=ORIENTED_EDGE('',*,*,#11012,.F.);
#11014=EDGE_LOOP('',(#11008,#11009,#11011,#11013));
#11015=FACE_OUTER_BOUND('',#11014,.F.);
#11016=ADVANCED_FACE('',(#11015),#11007,.T.);
#11017=CARTESIAN_POINT('',(2.5477E1,-3.087054563517E1,3.244543648263E-1));
#11018=DIRECTION('',(1.E0,0.E0,0.E0));
#11019=DIRECTION('',(0.E0,0.E0,1.E0));
#11020=AXIS2_PLACEMENT_3D('',#11017,#11018,#11019);
#11021=PLANE('',#11020);
#11022=ORIENTED_EDGE('',*,*,#10983,.T.);
#11024=ORIENTED_EDGE('',*,*,#11023,.T.);
#11025=ORIENTED_EDGE('',*,*,#11010,.F.);
#11027=ORIENTED_EDGE('',*,*,#11026,.F.);
#11028=EDGE_LOOP('',(#11022,#11024,#11025,#11027));
#11029=FACE_OUTER_BOUND('',#11028,.F.);
#11030=ADVANCED_FACE('',(#11029),#11021,.T.);
#11031=CARTESIAN_POINT('',(2.5477E1,-3.179E1,4.05E-1));
#11032=DIRECTION('',(1.E0,0.E0,0.E0));
#11033=DIRECTION('',(0.E0,-1.E0,0.E0));
#11034=AXIS2_PLACEMENT_3D('',#11031,#11032,#11033);
#11035=PLANE('',#11034);
#11037=ORIENTED_EDGE('',*,*,#11036,.T.);
#11039=ORIENTED_EDGE('',*,*,#11038,.T.);
#11041=ORIENTED_EDGE('',*,*,#11040,.F.);
#11042=ORIENTED_EDGE('',*,*,#11023,.F.);
#11043=EDGE_LOOP('',(#11037,#11039,#11041,#11042));
#11044=FACE_OUTER_BOUND('',#11043,.F.);
#11045=ADVANCED_FACE('',(#11044),#11035,.T.);
#11046=CARTESIAN_POINT('',(2.3647E1,-3.1065E1,2.8E-1));
#11047=DIRECTION('',(0.E0,0.E0,-1.E0));
#11048=DIRECTION('',(0.E0,-1.E0,0.E0));
#11049=AXIS2_PLACEMENT_3D('',#11046,#11047,#11048);
#11050=PLANE('',#11049);
#11052=ORIENTED_EDGE('',*,*,#11051,.T.);
#11054=ORIENTED_EDGE('',*,*,#11053,.T.);
#11055=ORIENTED_EDGE('',*,*,#11036,.F.);
#11056=ORIENTED_EDGE('',*,*,#10981,.F.);
#11057=EDGE_LOOP('',(#11052,#11054,#11055,#11056));
#11058=FACE_OUTER_BOUND('',#11057,.F.);
#11060=ORIENTED_EDGE('',*,*,#11059,.F.);
#11062=ORIENTED_EDGE('',*,*,#11061,.F.);
#11063=EDGE_LOOP('',(#11060,#11062));
#11064=FACE_BOUND('',#11063,.F.);
#11065=ADVANCED_FACE('',(#11058,#11064),#11050,.T.);
#11066=CARTESIAN_POINT('',(2.3647E1,-3.179E1,4.05E-1));
#11067=DIRECTION('',(1.E0,0.E0,0.E0));
#11068=DIRECTION('',(0.E0,-1.E0,0.E0));
#11069=AXIS2_PLACEMENT_3D('',#11066,#11067,#11068);
#11070=PLANE('',#11069);
#11071=ORIENTED_EDGE('',*,*,#11051,.F.);
#11072=ORIENTED_EDGE('',*,*,#10998,.T.);
#11074=ORIENTED_EDGE('',*,*,#11073,.T.);
#11076=ORIENTED_EDGE('',*,*,#11075,.F.);
#11077=EDGE_LOOP('',(#11071,#11072,#11074,#11076));
#11078=FACE_OUTER_BOUND('',#11077,.F.);
#11079=ADVANCED_FACE('',(#11078),#11070,.F.);
#11080=CARTESIAN_POINT('',(2.3647E1,-3.1065E1,5.3E-1));
#11081=DIRECTION('',(0.E0,0.E0,-1.E0));
#11082=DIRECTION('',(0.E0,-1.E0,0.E0));
#11083=AXIS2_PLACEMENT_3D('',#11080,#11081,#11082);
#11084=PLANE('',#11083);
#11085=ORIENTED_EDGE('',*,*,#11073,.F.);
#11086=ORIENTED_EDGE('',*,*,#11012,.T.);
#11087=ORIENTED_EDGE('',*,*,#11040,.T.);
#11089=ORIENTED_EDGE('',*,*,#11088,.F.);
#11090=EDGE_LOOP('',(#11085,#11086,#11087,#11089));
#11091=FACE_OUTER_BOUND('',#11090,.F.);
#11093=ORIENTED_EDGE('',*,*,#11092,.T.);
#11095=ORIENTED_EDGE('',*,*,#11094,.T.);
#11096=EDGE_LOOP('',(#11093,#11095));
#11097=FACE_BOUND('',#11096,.F.);
#11098=ADVANCED_FACE('',(#11091,#11097),#11084,.F.);
#11099=CARTESIAN_POINT('',(2.3647E1,-3.2515E1,6.6E-1));
#11100=DIRECTION('',(-1.E0,0.E0,0.E0));
#11101=DIRECTION('',(0.E0,1.E0,0.E0));
#11102=AXIS2_PLACEMENT_3D('',#11099,#11100,#11101);
#11103=CYLINDRICAL_SURFACE('',#11102,1.3E-1);
#11105=ORIENTED_EDGE('',*,*,#11104,.F.);
#11106=ORIENTED_EDGE('',*,*,#11088,.T.);
#11108=ORIENTED_EDGE('',*,*,#11107,.T.);
#11110=ORIENTED_EDGE('',*,*,#11109,.F.);
#11111=EDGE_LOOP('',(#11105,#11106,#11108,#11110));
#11112=FACE_OUTER_BOUND('',#11111,.F.);
#11113=ADVANCED_FACE('',(#11112),#11103,.F.);
#11114=CARTESIAN_POINT('',(2.3647E1,-3.277E1,6.6E-1));
#11115=DIRECTION('',(1.E0,0.E0,0.E0));
#11116=DIRECTION('',(0.E0,-1.E0,0.E0));
#11117=AXIS2_PLACEMENT_3D('',#11114,#11115,#11116);
#11118=PLANE('',#11117);
#11120=ORIENTED_EDGE('',*,*,#11119,.F.);
#11121=ORIENTED_EDGE('',*,*,#11075,.T.);
#11122=ORIENTED_EDGE('',*,*,#11104,.T.);
#11124=ORIENTED_EDGE('',*,*,#11123,.F.);
#11125=EDGE_LOOP('',(#11120,#11121,#11122,#11124));
#11126=FACE_OUTER_BOUND('',#11125,.F.);
#11127=ADVANCED_FACE('',(#11126),#11118,.F.);
#11128=CARTESIAN_POINT('',(2.3647E1,-3.2515E1,6.6E-1));
#11129=DIRECTION('',(-1.E0,0.E0,0.E0));
#11130=DIRECTION('',(0.E0,1.E0,0.E0));
#11131=AXIS2_PLACEMENT_3D('',#11128,#11129,#11130);
#11132=CYLINDRICAL_SURFACE('',#11131,3.8E-1);
#11133=ORIENTED_EDGE('',*,*,#11119,.T.);
#11135=ORIENTED_EDGE('',*,*,#11134,.T.);
#11137=ORIENTED_EDGE('',*,*,#11136,.F.);
#11138=ORIENTED_EDGE('',*,*,#11053,.F.);
#11139=EDGE_LOOP('',(#11133,#11135,#11137,#11138));
#11140=FACE_OUTER_BOUND('',#11139,.F.);
#11141=ADVANCED_FACE('',(#11140),#11132,.T.);
#11142=CARTESIAN_POINT('',(2.3647E1,-3.2515E1,1.04E0));
#11143=DIRECTION('',(0.E0,0.E0,1.E0));
#11144=DIRECTION('',(0.E0,1.E0,0.E0));
#11145=AXIS2_PLACEMENT_3D('',#11142,#11143,#11144);
#11146=PLANE('',#11145);
#11148=ORIENTED_EDGE('',*,*,#11147,.F.);
#11150=ORIENTED_EDGE('',*,*,#11149,.F.);
#11151=ORIENTED_EDGE('',*,*,#11134,.F.);
#11153=ORIENTED_EDGE('',*,*,#11152,.T.);
#11155=ORIENTED_EDGE('',*,*,#11154,.F.);
#11157=ORIENTED_EDGE('',*,*,#11156,.T.);
#11158=EDGE_LOOP('',(#11148,#11150,#11151,#11153,#11155,#11157));
#11159=FACE_OUTER_BOUND('',#11158,.F.);
#11160=ADVANCED_FACE('',(#11159),#11146,.T.);
#11161=CARTESIAN_POINT('',(2.5337E1,-3.1065E1,9.15E-1));
#11162=DIRECTION('',(0.E0,1.E0,0.E0));
#11163=DIRECTION('',(-1.E0,0.E0,0.E0));
#11164=AXIS2_PLACEMENT_3D('',#11161,#11162,#11163);
#11165=PLANE('',#11164);
#11166=ORIENTED_EDGE('',*,*,#11147,.T.);
#11168=ORIENTED_EDGE('',*,*,#11167,.T.);
#11170=ORIENTED_EDGE('',*,*,#11169,.F.);
#11172=ORIENTED_EDGE('',*,*,#11171,.F.);
#11173=EDGE_LOOP('',(#11166,#11168,#11170,#11172));
#11174=FACE_OUTER_BOUND('',#11173,.F.);
#11175=ADVANCED_FACE('',(#11174),#11165,.T.);
#11176=CARTESIAN_POINT('',(2.5197E1,-3.087054563517E1,9.955456351737E-1));
#11177=DIRECTION('',(-1.E0,0.E0,0.E0));
#11178=DIRECTION('',(0.E0,0.E0,-1.E0));
#11179=AXIS2_PLACEMENT_3D('',#11176,#11177,#11178);
#11180=PLANE('',#11179);
#11182=ORIENTED_EDGE('',*,*,#11181,.F.);
#11184=ORIENTED_EDGE('',*,*,#11183,.T.);
#11186=ORIENTED_EDGE('',*,*,#11185,.T.);
#11187=ORIENTED_EDGE('',*,*,#11167,.F.);
#11188=EDGE_LOOP('',(#11182,#11184,#11186,#11187));
#11189=FACE_OUTER_BOUND('',#11188,.F.);
#11190=ADVANCED_FACE('',(#11189),#11180,.F.);
#11191=CARTESIAN_POINT('',(2.3647E1,-3.1065E1,1.19E0));
#11192=DIRECTION('',(-1.E0,0.E0,0.E0));
#11193=DIRECTION('',(0.E0,1.E0,0.E0));
#11194=AXIS2_PLACEMENT_3D('',#11191,#11192,#11193);
#11195=CYLINDRICAL_SURFACE('',#11194,1.5E-1);
#11196=ORIENTED_EDGE('',*,*,#11181,.T.);
#11197=ORIENTED_EDGE('',*,*,#11156,.F.);
#11199=ORIENTED_EDGE('',*,*,#11198,.F.);
#11201=ORIENTED_EDGE('',*,*,#11200,.T.);
#11202=EDGE_LOOP('',(#11196,#11197,#11199,#11201));
#11203=FACE_OUTER_BOUND('',#11202,.F.);
#11204=ADVANCED_FACE('',(#11203),#11195,.F.);
#11205=CARTESIAN_POINT('',(2.3927E1,-3.087054563517E1,9.955456351737E-1));
#11206=DIRECTION('',(-1.E0,0.E0,0.E0));
#11207=DIRECTION('',(0.E0,0.E0,-1.E0));
#11208=AXIS2_PLACEMENT_3D('',#11205,#11206,#11207);
#11209=PLANE('',#11208);
#11210=ORIENTED_EDGE('',*,*,#11198,.T.);
#11212=ORIENTED_EDGE('',*,*,#11211,.T.);
#11214=ORIENTED_EDGE('',*,*,#11213,.F.);
#11216=ORIENTED_EDGE('',*,*,#11215,.F.);
#11217=EDGE_LOOP('',(#11210,#11212,#11214,#11216));
#11218=FACE_OUTER_BOUND('',#11217,.F.);
#11219=ADVANCED_FACE('',(#11218),#11209,.T.);
#11220=CARTESIAN_POINT('',(2.3787E1,-3.1065E1,9.15E-1));
#11221=DIRECTION('',(0.E0,1.E0,0.E0));
#11222=DIRECTION('',(-1.E0,0.E0,0.E0));
#11223=AXIS2_PLACEMENT_3D('',#11220,#11221,#11222);
#11224=PLANE('',#11223);
#11225=ORIENTED_EDGE('',*,*,#11154,.T.);
#11227=ORIENTED_EDGE('',*,*,#11226,.T.);
#11229=ORIENTED_EDGE('',*,*,#11228,.F.);
#11230=ORIENTED_EDGE('',*,*,#11211,.F.);
#11231=EDGE_LOOP('',(#11225,#11227,#11229,#11230));
#11232=FACE_OUTER_BOUND('',#11231,.F.);
#11233=ADVANCED_FACE('',(#11232),#11224,.T.);
#11234=CARTESIAN_POINT('',(2.3647E1,-3.179E1,9.15E-1));
#11235=DIRECTION('',(1.E0,0.E0,0.E0));
#11236=DIRECTION('',(0.E0,1.E0,0.E0));
#11237=AXIS2_PLACEMENT_3D('',#11234,#11235,#11236);
#11238=PLANE('',#11237);
#11239=ORIENTED_EDGE('',*,*,#11226,.F.);
#11240=ORIENTED_EDGE('',*,*,#11152,.F.);
#11241=ORIENTED_EDGE('',*,*,#11123,.T.);
#11243=ORIENTED_EDGE('',*,*,#11242,.T.);
#11244=EDGE_LOOP('',(#11239,#11240,#11241,#11243));
#11245=FACE_OUTER_BOUND('',#11244,.F.);
#11246=ADVANCED_FACE('',(#11245),#11238,.F.);
#11247=CARTESIAN_POINT('',(2.3647E1,-3.2515E1,7.9E-1));
#11248=DIRECTION('',(0.E0,0.E0,1.E0));
#11249=DIRECTION('',(0.E0,1.E0,0.E0));
#11250=AXIS2_PLACEMENT_3D('',#11247,#11248,#11249);
#11251=PLANE('',#11250);
#11252=ORIENTED_EDGE('',*,*,#11169,.T.);
#11254=ORIENTED_EDGE('',*,*,#11253,.F.);
#11255=ORIENTED_EDGE('',*,*,#11228,.T.);
#11256=ORIENTED_EDGE('',*,*,#11242,.F.);
#11257=ORIENTED_EDGE('',*,*,#11109,.T.);
#11259=ORIENTED_EDGE('',*,*,#11258,.T.);
#11260=EDGE_LOOP('',(#11252,#11254,#11255,#11256,#11257,#11259));
#11261=FACE_OUTER_BOUND('',#11260,.F.);
#11262=ADVANCED_FACE('',(#11261),#11251,.F.);
#11263=CARTESIAN_POINT('',(2.3647E1,-3.1065E1,1.19E0));
#11264=DIRECTION('',(-1.E0,0.E0,0.E0));
#11265=DIRECTION('',(0.E0,1.E0,0.E0));
#11266=AXIS2_PLACEMENT_3D('',#11263,#11264,#11265);
#11267=CYLINDRICAL_SURFACE('',#11266,4.E-1);
#11268=ORIENTED_EDGE('',*,*,#11185,.F.);
#11270=ORIENTED_EDGE('',*,*,#11269,.F.);
#11271=ORIENTED_EDGE('',*,*,#11213,.T.);
#11272=ORIENTED_EDGE('',*,*,#11253,.T.);
#11273=EDGE_LOOP('',(#11268,#11270,#11271,#11272));
#11274=FACE_OUTER_BOUND('',#11273,.F.);
#11275=ADVANCED_FACE('',(#11274),#11267,.T.);
#11276=CARTESIAN_POINT('',(2.3647E1,-3.0665E1,1.19E0));
#11277=DIRECTION('',(0.E0,-1.E0,0.E0));
#11278=DIRECTION('',(0.E0,0.E0,1.E0));
#11279=AXIS2_PLACEMENT_3D('',#11276,#11277,#11278);
#11280=PLANE('',#11279);
#11282=ORIENTED_EDGE('',*,*,#11281,.T.);
#11284=ORIENTED_EDGE('',*,*,#11283,.T.);
#11286=ORIENTED_EDGE('',*,*,#11285,.T.);
#11288=ORIENTED_EDGE('',*,*,#11287,.F.);
#11289=ORIENTED_EDGE('',*,*,#11269,.T.);
#11291=ORIENTED_EDGE('',*,*,#11290,.T.);
#11293=ORIENTED_EDGE('',*,*,#11292,.T.);
#11295=ORIENTED_EDGE('',*,*,#11294,.F.);
#11296=EDGE_LOOP('',(#11282,#11284,#11286,#11288,#11289,#11291,#11293,#11295));
#11297=FACE_OUTER_BOUND('',#11296,.F.);
#11298=ADVANCED_FACE('',(#11297),#11280,.F.);
#11299=CARTESIAN_POINT('',(3.1412E1,-3.0665E1,7.62E0));
#11300=DIRECTION('',(0.E0,0.E0,-1.E0));
#11301=DIRECTION('',(-1.E0,0.E0,0.E0));
#11302=AXIS2_PLACEMENT_3D('',#11299,#11300,#11301);
#11303=PLANE('',#11302);
#11305=ORIENTED_EDGE('',*,*,#11304,.T.);
#11307=ORIENTED_EDGE('',*,*,#11306,.F.);
#11308=ORIENTED_EDGE('',*,*,#11281,.F.);
#11310=ORIENTED_EDGE('',*,*,#11309,.T.);
#11311=EDGE_LOOP('',(#11305,#11307,#11308,#11310));
#11312=FACE_OUTER_BOUND('',#11311,.F.);
#11313=ADVANCED_FACE('',(#11312),#11303,.F.);
#11314=CARTESIAN_POINT('',(2.3647E1,-3.0915E1,1.19E0));
#11315=DIRECTION('',(0.E0,-1.E0,0.E0));
#11316=DIRECTION('',(0.E0,0.E0,1.E0));
#11317=AXIS2_PLACEMENT_3D('',#11314,#11315,#11316);
#11318=PLANE('',#11317);
#11319=ORIENTED_EDGE('',*,*,#11304,.F.);
#11321=ORIENTED_EDGE('',*,*,#11320,.T.);
#11323=ORIENTED_EDGE('',*,*,#11322,.F.);
#11325=ORIENTED_EDGE('',*,*,#11324,.F.);
#11326=ORIENTED_EDGE('',*,*,#11200,.F.);
#11328=ORIENTED_EDGE('',*,*,#11327,.T.);
#11330=ORIENTED_EDGE('',*,*,#11329,.F.);
#11332=ORIENTED_EDGE('',*,*,#11331,.F.);
#11333=EDGE_LOOP('',(#11319,#11321,#11323,#11325,#11326,#11328,#11330,#11332));
#11334=FACE_OUTER_BOUND('',#11333,.F.);
#11335=ADVANCED_FACE('',(#11334),#11318,.T.);
#11336=CARTESIAN_POINT('',(2.4792E1,-3.079E1,6.625E0));
#11337=DIRECTION('',(-1.E0,0.E0,0.E0));
#11338=DIRECTION('',(0.E0,0.E0,-1.E0));
#11339=AXIS2_PLACEMENT_3D('',#11336,#11337,#11338);
#11340=PLANE('',#11339);
#11341=ORIENTED_EDGE('',*,*,#11309,.F.);
#11342=ORIENTED_EDGE('',*,*,#11294,.T.);
#11344=ORIENTED_EDGE('',*,*,#11343,.F.);
#11345=ORIENTED_EDGE('',*,*,#11320,.F.);
#11346=EDGE_LOOP('',(#11341,#11342,#11344,#11345));
#11347=FACE_OUTER_BOUND('',#11346,.F.);
#11348=ADVANCED_FACE('',(#11347),#11340,.F.);
#11349=CARTESIAN_POINT('',(2.49945E1,-3.079E1,3.6075E0));
#11350=DIRECTION('',(7.071067811866E-1,0.E0,7.071067811865E-1));
#11351=DIRECTION('',(-7.071067811865E-1,0.E0,7.071067811866E-1));
#11352=AXIS2_PLACEMENT_3D('',#11349,#11350,#11351);
#11353=PLANE('',#11352);
#11354=ORIENTED_EDGE('',*,*,#11322,.T.);
#11355=ORIENTED_EDGE('',*,*,#11343,.T.);
#11356=ORIENTED_EDGE('',*,*,#11292,.F.);
#11358=ORIENTED_EDGE('',*,*,#11357,.F.);
#11359=EDGE_LOOP('',(#11354,#11355,#11356,#11358));
#11360=FACE_OUTER_BOUND('',#11359,.F.);
#11361=ADVANCED_FACE('',(#11360),#11353,.T.);
#11362=CARTESIAN_POINT('',(2.5197E1,-3.079E1,6.63E0));
#11363=DIRECTION('',(1.E0,0.E0,0.E0));
#11364=DIRECTION('',(0.E0,0.E0,1.E0));
#11365=AXIS2_PLACEMENT_3D('',#11362,#11363,#11364);
#11366=PLANE('',#11365);
#11367=ORIENTED_EDGE('',*,*,#11357,.T.);
#11368=ORIENTED_EDGE('',*,*,#11290,.F.);
#11369=ORIENTED_EDGE('',*,*,#11183,.F.);
#11370=ORIENTED_EDGE('',*,*,#11324,.T.);
#11371=EDGE_LOOP('',(#11367,#11368,#11369,#11370));
#11372=FACE_OUTER_BOUND('',#11371,.F.);
#11373=ADVANCED_FACE('',(#11372),#11366,.T.);
#11374=CARTESIAN_POINT('',(2.3927E1,-3.079E1,6.63E0));
#11375=DIRECTION('',(1.E0,0.E0,0.E0));
#11376=DIRECTION('',(0.E0,0.E0,1.E0));
#11377=AXIS2_PLACEMENT_3D('',#11374,#11375,#11376);
#11378=PLANE('',#11377);
#11380=ORIENTED_EDGE('',*,*,#11379,.F.);
#11381=ORIENTED_EDGE('',*,*,#11327,.F.);
#11382=ORIENTED_EDGE('',*,*,#11215,.T.);
#11383=ORIENTED_EDGE('',*,*,#11287,.T.);
#11384=EDGE_LOOP('',(#11380,#11381,#11382,#11383));
#11385=FACE_OUTER_BOUND('',#11384,.F.);
#11386=ADVANCED_FACE('',(#11385),#11378,.F.);
#11387=CARTESIAN_POINT('',(2.41295E1,-3.079E1,3.6075E0));
#11388=DIRECTION('',(-7.071067811866E-1,0.E0,7.071067811865E-1));
#11389=DIRECTION('',(-7.071067811865E-1,0.E0,-7.071067811866E-1));
#11390=AXIS2_PLACEMENT_3D('',#11387,#11388,#11389);
#11391=PLANE('',#11390);
#11392=ORIENTED_EDGE('',*,*,#11329,.T.);
#11393=ORIENTED_EDGE('',*,*,#11379,.T.);
#11394=ORIENTED_EDGE('',*,*,#11285,.F.);
#11396=ORIENTED_EDGE('',*,*,#11395,.F.);
#11397=EDGE_LOOP('',(#11392,#11393,#11394,#11396));
#11398=FACE_OUTER_BOUND('',#11397,.F.);
#11399=ADVANCED_FACE('',(#11398),#11391,.T.);
#11400=CARTESIAN_POINT('',(2.4332E1,-3.079E1,6.625E0));
#11401=DIRECTION('',(-1.E0,0.E0,0.E0));
#11402=DIRECTION('',(0.E0,0.E0,-1.E0));
#11403=AXIS2_PLACEMENT_3D('',#11400,#11401,#11402);
#11404=PLANE('',#11403);
#11405=ORIENTED_EDGE('',*,*,#11306,.T.);
#11406=ORIENTED_EDGE('',*,*,#11331,.T.);
#11407=ORIENTED_EDGE('',*,*,#11395,.T.);
#11408=ORIENTED_EDGE('',*,*,#11283,.F.);
#11409=EDGE_LOOP('',(#11405,#11406,#11407,#11408));
#11410=FACE_OUTER_BOUND('',#11409,.F.);
#11411=ADVANCED_FACE('',(#11410),#11404,.T.);
#11412=CARTESIAN_POINT('',(2.5477E1,-3.179E1,9.15E-1));
#11413=DIRECTION('',(1.E0,0.E0,0.E0));
#11414=DIRECTION('',(0.E0,1.E0,0.E0));
#11415=AXIS2_PLACEMENT_3D('',#11412,#11413,#11414);
#11416=PLANE('',#11415);
#11417=ORIENTED_EDGE('',*,*,#11171,.T.);
#11418=ORIENTED_EDGE('',*,*,#11258,.F.);
#11420=ORIENTED_EDGE('',*,*,#11419,.F.);
#11421=ORIENTED_EDGE('',*,*,#11149,.T.);
#11422=EDGE_LOOP('',(#11417,#11418,#11420,#11421));
#11423=FACE_OUTER_BOUND('',#11422,.F.);
#11424=ADVANCED_FACE('',(#11423),#11416,.T.);
#11425=CARTESIAN_POINT('',(2.5477E1,-3.277E1,6.6E-1));
#11426=DIRECTION('',(1.E0,0.E0,0.E0));
#11427=DIRECTION('',(0.E0,-1.E0,0.E0));
#11428=AXIS2_PLACEMENT_3D('',#11425,#11426,#11427);
#11429=PLANE('',#11428);
#11430=ORIENTED_EDGE('',*,*,#11136,.T.);
#11431=ORIENTED_EDGE('',*,*,#11419,.T.);
#11432=ORIENTED_EDGE('',*,*,#11107,.F.);
#11433=ORIENTED_EDGE('',*,*,#11038,.F.);
#11434=EDGE_LOOP('',(#11430,#11431,#11432,#11433));
#11435=FACE_OUTER_BOUND('',#11434,.F.);
#11436=ADVANCED_FACE('',(#11435),#11429,.T.);
#11437=CARTESIAN_POINT('',(2.4562E1,-3.1825E1,3.9E-1));
#11438=DIRECTION('',(0.E0,0.E0,1.E0));
#11439=DIRECTION('',(0.E0,-1.E0,0.E0));
#11440=AXIS2_PLACEMENT_3D('',#11437,#11438,#11439);
#11441=CONICAL_SURFACE('',#11440,4.405393149065E-1,1.E1);
#11442=ORIENTED_EDGE('',*,*,#11092,.F.);
#11444=ORIENTED_EDGE('',*,*,#11443,.F.);
#11446=ORIENTED_EDGE('',*,*,#11445,.T.);
#11448=ORIENTED_EDGE('',*,*,#11447,.T.);
#11449=EDGE_LOOP('',(#11442,#11444,#11446,#11448));
#11450=FACE_OUTER_BOUND('',#11449,.F.);
#11451=ADVANCED_FACE('',(#11450),#11441,.F.);
#11452=CARTESIAN_POINT('',(2.4562E1,-3.1825E1,3.9E-1));
#11453=DIRECTION('',(0.E0,0.E0,1.E0));
#11454=DIRECTION('',(0.E0,-1.E0,0.E0));
#11455=AXIS2_PLACEMENT_3D('',#11452,#11453,#11454);
#11456=CONICAL_SURFACE('',#11455,4.405393149065E-1,1.E1);
#11457=ORIENTED_EDGE('',*,*,#11094,.F.);
#11458=ORIENTED_EDGE('',*,*,#11447,.F.);
#11460=ORIENTED_EDGE('',*,*,#11459,.T.);
#11461=ORIENTED_EDGE('',*,*,#11443,.T.);
#11462=EDGE_LOOP('',(#11457,#11458,#11460,#11461));
#11463=FACE_OUTER_BOUND('',#11462,.F.);
#11464=ADVANCED_FACE('',(#11463),#11456,.F.);
#11465=CARTESIAN_POINT('',(2.4562E1,-3.1825E1,2.5E-1));
#11466=DIRECTION('',(0.E0,0.E0,1.E0));
#11467=DIRECTION('',(0.E0,-1.E0,0.E0));
#11468=AXIS2_PLACEMENT_3D('',#11465,#11466,#11467);
#11469=PLANE('',#11468);
#11470=ORIENTED_EDGE('',*,*,#11445,.F.);
#11471=ORIENTED_EDGE('',*,*,#11459,.F.);
#11472=EDGE_LOOP('',(#11470,#11471));
#11473=FACE_OUTER_BOUND('',#11472,.F.);
#11474=ADVANCED_FACE('',(#11473),#11469,.T.);
#11475=CARTESIAN_POINT('',(2.4562E1,-3.1825E1,2.019763866750E-1));
#11476=DIRECTION('',(0.E0,0.E0,1.E0));
#11477=DIRECTION('',(0.E0,-1.E0,0.E0));
#11478=AXIS2_PLACEMENT_3D('',#11475,#11476,#11477);
#11479=CONICAL_SURFACE('',#11478,6.612423318384E-1,1.E1);
#11481=ORIENTED_EDGE('',*,*,#11480,.T.);
#11483=ORIENTED_EDGE('',*,*,#11482,.T.);
#11484=ORIENTED_EDGE('',*,*,#11059,.T.);
#11486=ORIENTED_EDGE('',*,*,#11485,.F.);
#11487=EDGE_LOOP('',(#11481,#11483,#11484,#11486));
#11488=FACE_OUTER_BOUND('',#11487,.F.);
#11489=ADVANCED_FACE('',(#11488),#11479,.T.);
#11490=CARTESIAN_POINT('',(2.4562E1,-3.1825E1,1.5E-1));
#11491=DIRECTION('',(0.E0,0.E0,1.E0));
#11492=DIRECTION('',(5.124303617787E-2,-9.986862126030E-1,0.E0));
#11493=AXIS2_PLACEMENT_3D('',#11490,#11491,#11492);
#11494=TOROIDAL_SURFACE('',#11493,4.997635007250E-1,1.5E-1);
#11495=ORIENTED_EDGE('',*,*,#7721,.F.);
#11497=ORIENTED_EDGE('',*,*,#11496,.T.);
#11498=ORIENTED_EDGE('',*,*,#11480,.F.);
#11500=ORIENTED_EDGE('',*,*,#11499,.F.);
#11501=EDGE_LOOP('',(#11495,#11497,#11498,#11500));
#11502=FACE_OUTER_BOUND('',#11501,.F.);
#11503=ADVANCED_FACE('',(#11502),#11494,.T.);
#11504=CARTESIAN_POINT('',(2.4562E1,-3.1825E1,1.5E-1));
#11505=DIRECTION('',(0.E0,0.E0,1.E0));
#11506=DIRECTION('',(-5.124303617788E-2,9.986862126030E-1,0.E0));
#11507=AXIS2_PLACEMENT_3D('',#11504,#11505,#11506);
#11508=TOROIDAL_SURFACE('',#11507,4.997635007250E-1,1.5E-1);
#11509=ORIENTED_EDGE('',*,*,#7723,.F.);
#11510=ORIENTED_EDGE('',*,*,#11499,.T.);
#11512=ORIENTED_EDGE('',*,*,#11511,.F.);
#11513=ORIENTED_EDGE('',*,*,#11496,.F.);
#11514=EDGE_LOOP('',(#11509,#11510,#11512,#11513));
#11515=FACE_OUTER_BOUND('',#11514,.F.);
#11516=ADVANCED_FACE('',(#11515),#11508,.T.);
#11517=CARTESIAN_POINT('',(2.4562E1,-3.1825E1,2.019763866750E-1));
#11518=DIRECTION('',(0.E0,0.E0,1.E0));
#11519=DIRECTION('',(0.E0,-1.E0,0.E0));
#11520=AXIS2_PLACEMENT_3D('',#11517,#11518,#11519);
#11521=CONICAL_SURFACE('',#11520,6.612423318384E-1,1.E1);
#11522=ORIENTED_EDGE('',*,*,#11511,.T.);
#11523=ORIENTED_EDGE('',*,*,#11485,.T.);
#11524=ORIENTED_EDGE('',*,*,#11061,.T.);
#11525=ORIENTED_EDGE('',*,*,#11482,.F.);
#11526=EDGE_LOOP('',(#11522,#11523,#11524,#11525));
#11527=FACE_OUTER_BOUND('',#11526,.F.);
#11528=ADVANCED_FACE('',(#11527),#11521,.T.);
#11529=CARTESIAN_POINT('',(2.5477E1,-3.079E1,-5.457853976431E-1));
#11530=DIRECTION('',(1.E0,0.E0,0.E0));
#11531=DIRECTION('',(0.E0,0.E0,1.E0));
#11532=AXIS2_PLACEMENT_3D('',#11529,#11530,#11531);
#11533=PLANE('',#11532);
#11534=ORIENTED_EDGE('',*,*,#10968,.T.);
#11535=ORIENTED_EDGE('',*,*,#11026,.T.);
#11536=ORIENTED_EDGE('',*,*,#10939,.F.);
#11537=ORIENTED_EDGE('',*,*,#10797,.F.);
#11538=EDGE_LOOP('',(#11534,#11535,#11536,#11537));
#11539=FACE_OUTER_BOUND('',#11538,.F.);
#11540=ADVANCED_FACE('',(#11539),#11533,.T.);
#11541=CARTESIAN_POINT('',(2.4562E1,-3.222577258342E1,-1.250123017350E0));
#11542=DIRECTION('',(0.E0,-8.715574274767E-2,-9.961946980917E-1));
#11543=DIRECTION('',(-1.E0,0.E0,0.E0));
#11544=AXIS2_PLACEMENT_3D('',#11541,#11542,#11543);
#11545=CONICAL_SURFACE('',#11544,6.611798772985E-1,1.E1);
#11546=ORIENTED_EDGE('',*,*,#10741,.T.);
#11547=ORIENTED_EDGE('',*,*,#10721,.F.);
#11548=ORIENTED_EDGE('',*,*,#10667,.T.);
#11549=ORIENTED_EDGE('',*,*,#10718,.T.);
#11550=EDGE_LOOP('',(#11546,#11547,#11548,#11549));
#11551=FACE_OUTER_BOUND('',#11550,.F.);
#11552=ADVANCED_FACE('',(#11551),#11545,.T.);
#11553=CARTESIAN_POINT('',(2.501139312423E1,-4.244659791897E1,
-9.672072638951E-1));
#11554=CARTESIAN_POINT('',(2.512739605116E1,-4.243500417313E1,
-1.015985949614E0));
#11555=CARTESIAN_POINT('',(2.520375530089E1,-4.242145208147E1,
-1.115766007594E0));
#11556=CARTESIAN_POINT('',(2.522050138783E1,-4.240948578960E1,
-1.240452937982E0));
#11557=CARTESIAN_POINT('',(2.502879254656E1,-4.272210143857E1,
-9.913106986220E-1));
#11558=CARTESIAN_POINT('',(2.514928682818E1,-4.278162407821E1,
-1.046311261861E0));
#11559=CARTESIAN_POINT('',(2.522860252465E1,-4.281488454536E1,
-1.150186888047E0));
#11560=CARTESIAN_POINT('',(2.524599697986E1,-4.281318455629E1,
-1.275772003548E0));
#11561=CARTESIAN_POINT('',(2.483910269718E1,-4.292333194355E1,
-1.008916086563E0));
#11562=CARTESIAN_POINT('',(2.491063188220E1,-4.303479869694E1,
-1.068461170893E0));
#11563=CARTESIAN_POINT('',(2.495771616747E1,-4.310225152164E1,
-1.175328240744E0));
#11564=CARTESIAN_POINT('',(2.496804206168E1,-4.310805014203E1,
-1.301569399564E0));
#11565=CARTESIAN_POINT('',(2.456200000001E1,-4.292333194356E1,
-1.008916086564E0));
#11566=CARTESIAN_POINT('',(2.456200000001E1,-4.303479869695E1,
-1.068461170894E0));
#11567=CARTESIAN_POINT('',(2.456200000002E1,-4.310225152165E1,
-1.175328240745E0));
#11568=CARTESIAN_POINT('',(2.456200000002E1,-4.310805014204E1,
-1.301569399565E0));
#11569=CARTESIAN_POINT('',(2.428489730284E1,-4.292333194357E1,
-1.008916086564E0));
#11570=CARTESIAN_POINT('',(2.421336811782E1,-4.303479869696E1,
-1.068461170894E0));
#11571=CARTESIAN_POINT('',(2.416628383257E1,-4.310225152166E1,
-1.175328240745E0));
#11572=CARTESIAN_POINT('',(2.415595793836E1,-4.310805014205E1,
-1.301569399565E0));
#11573=CARTESIAN_POINT('',(2.409520745345E1,-4.272210143860E1,
-9.913106986241E-1));
#11574=CARTESIAN_POINT('',(2.397471317183E1,-4.278162407824E1,
-1.046311261864E0));
#11575=CARTESIAN_POINT('',(2.389539747537E1,-4.281488454539E1,
-1.150186888050E0));
#11576=CARTESIAN_POINT('',(2.387800302016E1,-4.281318455633E1,
-1.275772003551E0));
#11577=CARTESIAN_POINT('',(2.411260687577E1,-4.244659791899E1,
-9.672072638971E-1));
#11578=CARTESIAN_POINT('',(2.399660394884E1,-4.243500417316E1,
-1.015985949617E0));
#11579=CARTESIAN_POINT('',(2.392024469911E1,-4.242145208150E1,
-1.115766007597E0));
#11580=CARTESIAN_POINT('',(2.390349861216E1,-4.240948578963E1,
-1.240452937985E0));
#11581=(BOUNDED_SURFACE()B_SPLINE_SURFACE(3,3,((#11553,#11554,#11555,#11556),(
#11557,#11558,#11559,#11560),(#11561,#11562,#11563,#11564),(#11565,#11566,
#11567,#11568),(#11569,#11570,#11571,#11572),(#11573,#11574,#11575,#11576),(
#11577,#11578,#11579,#11580)),.UNSPECIFIED.,.F.,.F.,.F.)B_SPLINE_SURFACE_WITH_KNOTS((4,3,4),(4,4),(0.E0,1.E0,2.E0),(0.E0,1.E0),.UNSPECIFIED.)GEOMETRIC_REPRESENTATION_ITEM()RATIONAL_B_SPLINE_SURFACE(((1.270316057069E0,1.159578290979E0,
1.159578290979E0,1.270316057069E0),(1.003166139335E0,9.157167391099E-1,
9.157167391099E-1,1.003166139335E0),(1.003166139335E0,9.157167391099E-1,
9.157167391099E-1,1.003166139335E0),(1.270316057069E0,1.159578290979E0,
1.159578290979E0,1.270316057069E0),(1.003166139335E0,9.157167391099E-1,
9.157167391099E-1,1.003166139335E0),(1.003166139335E0,9.157167391099E-1,
9.157167391099E-1,1.003166139335E0),(1.270316057069E0,1.159578290979E0,
1.159578290979E0,1.270316057069E0)))REPRESENTATION_ITEM('')SURFACE());
#11582=ORIENTED_EDGE('',*,*,#7861,.F.);
#11584=ORIENTED_EDGE('',*,*,#11583,.T.);
#11586=ORIENTED_EDGE('',*,*,#11585,.F.);
#11588=ORIENTED_EDGE('',*,*,#11587,.F.);
#11589=EDGE_LOOP('',(#11582,#11584,#11586,#11588));
#11590=FACE_OUTER_BOUND('',#11589,.F.);
#11591=ADVANCED_FACE('',(#11590),#11581,.T.);
#11592=CARTESIAN_POINT('',(2.404570261589E1,-4.250382754507E1,
-1.010167679765E0));
#11593=CARTESIAN_POINT('',(2.396657282338E1,-4.250381498950E1,
-1.067432206538E0));
#11594=CARTESIAN_POINT('',(2.391644194061E1,-4.249965577098E1,
-1.151160013998E0));
#11595=CARTESIAN_POINT('',(2.390349861217E1,-4.249202927836E1,
-1.247674557496E0));
#11596=CARTESIAN_POINT('',(2.402571282132E1,-4.218730791267E1,
-9.824758001461E-1));
#11597=CARTESIAN_POINT('',(2.394351931331E1,-4.213878429815E1,
-1.035496159206E0));
#11598=CARTESIAN_POINT('',(2.389144748317E1,-4.210389200006E1,
-1.116535170608E0));
#11599=CARTESIAN_POINT('',(2.387800302014E1,-4.208833051166E1,
-1.212355491931E0));
#11600=CARTESIAN_POINT('',(2.424364310941E1,-4.195611883184E1,
-9.622493764423E-1));
#11601=CARTESIAN_POINT('',(2.419485046495E1,-4.187216225840E1,
-1.012169753282E0));
#11602=CARTESIAN_POINT('',(2.416393899328E1,-4.181482221399E1,
-1.091244841359E0));
#11603=CARTESIAN_POINT('',(2.415595793832E1,-4.179346492592E1,
-1.186558095915E0));
#11604=CARTESIAN_POINT('',(2.456199999999E1,-4.195611883183E1,
-9.622493764415E-1));
#11605=CARTESIAN_POINT('',(2.456199999998E1,-4.187216225839E1,
-1.012169753281E0));
#11606=CARTESIAN_POINT('',(2.456199999998E1,-4.181482221398E1,
-1.091244841358E0));
#11607=CARTESIAN_POINT('',(2.456199999998E1,-4.179346492591E1,
-1.186558095914E0));
#11608=CARTESIAN_POINT('',(2.488035689056E1,-4.195611883182E1,
-9.622493764408E-1));
#11609=CARTESIAN_POINT('',(2.492914953502E1,-4.187216225838E1,
-1.012169753280E0));
#11610=CARTESIAN_POINT('',(2.496006100668E1,-4.181482221397E1,
-1.091244841357E0));
#11611=CARTESIAN_POINT('',(2.496804206164E1,-4.179346492590E1,
-1.186558095913E0));
#11612=CARTESIAN_POINT('',(2.509828717867E1,-4.218730791265E1,
-9.824758001437E-1));
#11613=CARTESIAN_POINT('',(2.518048068667E1,-4.213878429812E1,
-1.035496159203E0));
#11614=CARTESIAN_POINT('',(2.523255251681E1,-4.210389200003E1,
-1.116535170605E0));
#11615=CARTESIAN_POINT('',(2.524599697984E1,-4.208833051163E1,
-1.212355491928E0));
#11616=CARTESIAN_POINT('',(2.507829738411E1,-4.250382754505E1,
-1.010167679762E0));
#11617=CARTESIAN_POINT('',(2.515742717662E1,-4.250381498947E1,
-1.067432206536E0));
#11618=CARTESIAN_POINT('',(2.520755805939E1,-4.249965577095E1,
-1.151160013995E0));
#11619=CARTESIAN_POINT('',(2.522050138784E1,-4.249202927832E1,
-1.247674557493E0));
#11620=(BOUNDED_SURFACE()B_SPLINE_SURFACE(3,3,((#11592,#11593,#11594,#11595),(
#11596,#11597,#11598,#11599),(#11600,#11601,#11602,#11603),(#11604,#11605,
#11606,#11607),(#11608,#11609,#11610,#11611),(#11612,#11613,#11614,#11615),(
#11616,#11617,#11618,#11619)),.UNSPECIFIED.,.F.,.F.,.F.)B_SPLINE_SURFACE_WITH_KNOTS((4,3,4),(4,4),(0.E0,1.E0,2.E0),(0.E0,1.E0),.UNSPECIFIED.)GEOMETRIC_REPRESENTATION_ITEM()RATIONAL_B_SPLINE_SURFACE(((1.237810361751E0,1.170413522751E0,
1.170413522751E0,1.237810361751E0),(9.774964544588E-1,9.242733007354E-1,
9.242733007354E-1,9.774964544588E-1),(9.774964544588E-1,9.242733007354E-1,
9.242733007354E-1,9.774964544588E-1),(1.237810361751E0,1.170413522751E0,
1.170413522751E0,1.237810361751E0),(9.774964544588E-1,9.242733007354E-1,
9.242733007354E-1,9.774964544588E-1),(9.774964544588E-1,9.242733007354E-1,
9.242733007354E-1,9.774964544588E-1),(1.237810361751E0,1.170413522751E0,
1.170413522751E0,1.237810361751E0)))REPRESENTATION_ITEM('')SURFACE());
#11621=ORIENTED_EDGE('',*,*,#7863,.F.);
#11622=ORIENTED_EDGE('',*,*,#11587,.T.);
#11624=ORIENTED_EDGE('',*,*,#11623,.F.);
#11625=ORIENTED_EDGE('',*,*,#11583,.F.);
#11626=EDGE_LOOP('',(#11621,#11622,#11624,#11625));
#11627=FACE_OUTER_BOUND('',#11626,.F.);
#11628=ADVANCED_FACE('',(#11627),#11620,.T.);
#11629=CARTESIAN_POINT('',(2.4562E1,-4.245022741658E1,-1.250123017350E0));
#11630=DIRECTION('',(0.E0,8.715574274767E-2,-9.961946980917E-1));
#11631=DIRECTION('',(1.E0,0.E0,0.E0));
#11632=AXIS2_PLACEMENT_3D('',#11629,#11630,#11631);
#11633=CONICAL_SURFACE('',#11632,6.611798772985E-1,1.E1);
#11635=ORIENTED_EDGE('',*,*,#11634,.T.);
#11637=ORIENTED_EDGE('',*,*,#11636,.F.);
#11638=ORIENTED_EDGE('',*,*,#11623,.T.);
#11640=ORIENTED_EDGE('',*,*,#11639,.T.);
#11641=EDGE_LOOP('',(#11635,#11637,#11638,#11640));
#11642=FACE_OUTER_BOUND('',#11641,.F.);
#11643=ADVANCED_FACE('',(#11642),#11633,.T.);
#11644=CARTESIAN_POINT('',(2.5477E1,-4.1781E1,-1.212039516665E0));
#11645=DIRECTION('',(0.E0,-8.715574274767E-2,9.961946980917E-1));
#11646=DIRECTION('',(0.E0,-9.961946980917E-1,-8.715574274767E-2));
#11647=AXIS2_PLACEMENT_3D('',#11644,#11645,#11646);
#11648=PLANE('',#11647);
#11650=ORIENTED_EDGE('',*,*,#11649,.T.);
#11652=ORIENTED_EDGE('',*,*,#11651,.T.);
#11654=ORIENTED_EDGE('',*,*,#11653,.F.);
#11656=ORIENTED_EDGE('',*,*,#11655,.F.);
#11657=EDGE_LOOP('',(#11650,#11652,#11654,#11656));
#11658=FACE_OUTER_BOUND('',#11657,.F.);
#11660=ORIENTED_EDGE('',*,*,#11659,.F.);
#11661=ORIENTED_EDGE('',*,*,#11634,.F.);
#11662=EDGE_LOOP('',(#11660,#11661));
#11663=FACE_BOUND('',#11662,.F.);
#11664=ADVANCED_FACE('',(#11658,#11663),#11648,.T.);
#11665=CARTESIAN_POINT('',(2.5477E1,-4.267856885145E1,-1.416044095594E0));
#11666=DIRECTION('',(-1.E0,0.E0,0.E0));
#11667=DIRECTION('',(0.E0,-9.961946980917E-1,-8.715574274767E-2));
#11668=AXIS2_PLACEMENT_3D('',#11665,#11666,#11667);
#11669=PLANE('',#11668);
#11670=ORIENTED_EDGE('',*,*,#11649,.F.);
#11672=ORIENTED_EDGE('',*,*,#11671,.T.);
#11674=ORIENTED_EDGE('',*,*,#11673,.T.);
#11676=ORIENTED_EDGE('',*,*,#11675,.F.);
#11677=EDGE_LOOP('',(#11670,#11672,#11674,#11676));
#11678=FACE_OUTER_BOUND('',#11677,.F.);
#11679=ADVANCED_FACE('',(#11678),#11669,.F.);
#11680=CARTESIAN_POINT('',(2.4562E1,-4.177010553216E1,-1.336563853927E0));
#11681=DIRECTION('',(0.E0,9.961946980917E-1,8.715574274767E-2));
#11682=DIRECTION('',(-1.E0,0.E0,0.E0));
#11683=AXIS2_PLACEMENT_3D('',#11680,#11681,#11682);
#11684=PLANE('',#11683);
#11685=ORIENTED_EDGE('',*,*,#11655,.T.);
#11687=ORIENTED_EDGE('',*,*,#11686,.T.);
#11689=ORIENTED_EDGE('',*,*,#11688,.F.);
#11690=ORIENTED_EDGE('',*,*,#11671,.F.);
#11691=EDGE_LOOP('',(#11685,#11687,#11689,#11690));
#11692=FACE_OUTER_BOUND('',#11691,.F.);
#11693=ADVANCED_FACE('',(#11692),#11684,.T.);
#11694=CARTESIAN_POINT('',(2.3647E1,-4.267856885145E1,-1.416044095594E0));
#11695=DIRECTION('',(-1.E0,0.E0,0.E0));
#11696=DIRECTION('',(0.E0,-9.961946980917E-1,-8.715574274767E-2));
#11697=AXIS2_PLACEMENT_3D('',#11694,#11695,#11696);
#11698=PLANE('',#11697);
#11699=ORIENTED_EDGE('',*,*,#11653,.T.);
#11701=ORIENTED_EDGE('',*,*,#11700,.T.);
#11703=ORIENTED_EDGE('',*,*,#11702,.F.);
#11704=ORIENTED_EDGE('',*,*,#11686,.F.);
#11705=EDGE_LOOP('',(#11699,#11701,#11703,#11704));
#11706=FACE_OUTER_BOUND('',#11705,.F.);
#11707=ADVANCED_FACE('',(#11706),#11698,.T.);
#11708=CARTESIAN_POINT('',(2.3647E1,-4.379678730709E1,-1.424322062909E0));
#11709=DIRECTION('',(-1.E0,0.E0,0.E0));
#11710=DIRECTION('',(0.E0,-9.961946980917E-1,-8.715574274766E-2));
#11711=AXIS2_PLACEMENT_3D('',#11708,#11709,#11710);
#11712=PLANE('',#11711);
#11714=ORIENTED_EDGE('',*,*,#11713,.T.);
#11716=ORIENTED_EDGE('',*,*,#11715,.T.);
#11718=ORIENTED_EDGE('',*,*,#11717,.F.);
#11719=ORIENTED_EDGE('',*,*,#11700,.F.);
#11720=EDGE_LOOP('',(#11714,#11716,#11718,#11719));
#11721=FACE_OUTER_BOUND('',#11720,.F.);
#11722=ADVANCED_FACE('',(#11721),#11712,.T.);
#11723=CARTESIAN_POINT('',(2.5477E1,-4.3611E1,-1.221570795286E0));
#11724=DIRECTION('',(1.E0,0.E0,0.E0));
#11725=DIRECTION('',(0.E0,-1.E0,0.E0));
#11726=AXIS2_PLACEMENT_3D('',#11723,#11724,#11725);
#11727=CYLINDRICAL_SURFACE('',#11726,1.5E-1);
#11729=ORIENTED_EDGE('',*,*,#11728,.T.);
#11731=ORIENTED_EDGE('',*,*,#11730,.T.);
#11732=ORIENTED_EDGE('',*,*,#11713,.F.);
#11733=ORIENTED_EDGE('',*,*,#11651,.F.);
#11734=EDGE_LOOP('',(#11729,#11731,#11732,#11733));
#11735=FACE_OUTER_BOUND('',#11734,.F.);
#11736=ADVANCED_FACE('',(#11735),#11727,.F.);
#11737=CARTESIAN_POINT('',(2.5477E1,-4.379678730709E1,-1.424322062909E0));
#11738=DIRECTION('',(-1.E0,0.E0,0.E0));
#11739=DIRECTION('',(0.E0,-9.961946980917E-1,-8.715574274766E-2));
#11740=AXIS2_PLACEMENT_3D('',#11737,#11738,#11739);
#11741=PLANE('',#11740);
#11742=ORIENTED_EDGE('',*,*,#11728,.F.);
#11743=ORIENTED_EDGE('',*,*,#11675,.T.);
#11745=ORIENTED_EDGE('',*,*,#11744,.T.);
#11747=ORIENTED_EDGE('',*,*,#11746,.F.);
#11748=EDGE_LOOP('',(#11742,#11743,#11745,#11747));
#11749=FACE_OUTER_BOUND('',#11748,.F.);
#11750=ADVANCED_FACE('',(#11749),#11741,.F.);
#11751=CARTESIAN_POINT('',(2.5477E1,-4.3611E1,-1.221570795286E0));
#11752=DIRECTION('',(1.E0,0.E0,0.E0));
#11753=DIRECTION('',(0.E0,-1.E0,0.E0));
#11754=AXIS2_PLACEMENT_3D('',#11751,#11752,#11753);
#11755=CYLINDRICAL_SURFACE('',#11754,4.E-1);
#11756=ORIENTED_EDGE('',*,*,#11744,.F.);
#11758=ORIENTED_EDGE('',*,*,#11757,.T.);
#11759=ORIENTED_EDGE('',*,*,#11717,.T.);
#11761=ORIENTED_EDGE('',*,*,#11760,.F.);
#11762=EDGE_LOOP('',(#11756,#11758,#11759,#11761));
#11763=FACE_OUTER_BOUND('',#11762,.F.);
#11764=ADVANCED_FACE('',(#11763),#11755,.T.);
#11765=CARTESIAN_POINT('',(2.5477E1,-4.175921106431E1,-1.461088191188E0));
#11766=DIRECTION('',(0.E0,-8.715574274767E-2,9.961946980917E-1));
#11767=DIRECTION('',(0.E0,-9.961946980917E-1,-8.715574274767E-2));
#11768=AXIS2_PLACEMENT_3D('',#11765,#11766,#11767);
#11769=PLANE('',#11768);
#11770=ORIENTED_EDGE('',*,*,#11673,.F.);
#11771=ORIENTED_EDGE('',*,*,#11688,.T.);
#11772=ORIENTED_EDGE('',*,*,#11702,.T.);
#11773=ORIENTED_EDGE('',*,*,#11757,.F.);
#11774=EDGE_LOOP('',(#11770,#11771,#11772,#11773));
#11775=FACE_OUTER_BOUND('',#11774,.F.);
#11777=ORIENTED_EDGE('',*,*,#11776,.T.);
#11779=ORIENTED_EDGE('',*,*,#11778,.T.);
#11780=EDGE_LOOP('',(#11777,#11779));
#11781=FACE_BOUND('',#11780,.F.);
#11782=ADVANCED_FACE('',(#11775,#11781),#11769,.F.);
#11783=CARTESIAN_POINT('',(2.4562E1,-4.243744114425E1,-1.396270778852E0));
#11784=DIRECTION('',(0.E0,8.715574274767E-2,-9.961946980917E-1));
#11785=DIRECTION('',(1.E0,0.E0,0.E0));
#11786=AXIS2_PLACEMENT_3D('',#11783,#11784,#11785);
#11787=CONICAL_SURFACE('',#11786,4.331914542748E-1,1.E1);
#11788=ORIENTED_EDGE('',*,*,#11776,.F.);
#11790=ORIENTED_EDGE('',*,*,#11789,.F.);
#11792=ORIENTED_EDGE('',*,*,#11791,.F.);
#11794=ORIENTED_EDGE('',*,*,#11793,.T.);
#11795=EDGE_LOOP('',(#11788,#11790,#11792,#11794));
#11796=FACE_OUTER_BOUND('',#11795,.F.);
#11797=ADVANCED_FACE('',(#11796),#11787,.F.);
#11798=CARTESIAN_POINT('',(2.4562E1,-4.243744114425E1,-1.396270778852E0));
#11799=DIRECTION('',(0.E0,8.715574274767E-2,-9.961946980917E-1));
#11800=DIRECTION('',(1.E0,0.E0,0.E0));
#11801=AXIS2_PLACEMENT_3D('',#11798,#11799,#11800);
#11802=CONICAL_SURFACE('',#11801,4.331914542748E-1,1.E1);
#11803=ORIENTED_EDGE('',*,*,#11778,.F.);
#11804=ORIENTED_EDGE('',*,*,#11793,.F.);
#11806=ORIENTED_EDGE('',*,*,#11805,.F.);
#11807=ORIENTED_EDGE('',*,*,#11789,.T.);
#11808=EDGE_LOOP('',(#11803,#11804,#11806,#11807));
#11809=FACE_OUTER_BOUND('',#11808,.F.);
#11810=ADVANCED_FACE('',(#11809),#11802,.F.);
#11811=CARTESIAN_POINT('',(2.4562E1,-4.244670733287E1,-1.290357758268E0));
#11812=DIRECTION('',(0.E0,8.715574274767E-2,-9.961946980917E-1));
#11813=DIRECTION('',(9.999736456494E-1,-7.232401402089E-3,-6.327531327516E-4));
#11814=AXIS2_PLACEMENT_3D('',#11811,#11812,#11813);
#11815=TOROIDAL_SURFACE('',#11814,3.129021332485E-1,1.E-1);
#11817=ORIENTED_EDGE('',*,*,#11816,.F.);
#11819=ORIENTED_EDGE('',*,*,#11818,.T.);
#11820=ORIENTED_EDGE('',*,*,#11805,.T.);
#11822=ORIENTED_EDGE('',*,*,#11821,.F.);
#11823=EDGE_LOOP('',(#11817,#11819,#11820,#11822));
#11824=FACE_OUTER_BOUND('',#11823,.F.);
#11825=ADVANCED_FACE('',(#11824),#11815,.F.);
#11826=CARTESIAN_POINT('',(2.4562E1,-4.245542290714E1,-1.190738288459E0));
#11827=DIRECTION('',(0.E0,8.715574274767E-2,-9.961946980917E-1));
#11828=DIRECTION('',(1.E0,0.E0,0.E0));
#11829=AXIS2_PLACEMENT_3D('',#11826,#11827,#11828);
#11830=PLANE('',#11829);
#11831=ORIENTED_EDGE('',*,*,#11816,.T.);
#11833=ORIENTED_EDGE('',*,*,#11832,.T.);
#11834=EDGE_LOOP('',(#11831,#11833));
#11835=FACE_OUTER_BOUND('',#11834,.F.);
#11836=ADVANCED_FACE('',(#11835),#11830,.T.);
#11837=CARTESIAN_POINT('',(2.4562E1,-4.244670733287E1,-1.290357758268E0));
#11838=DIRECTION('',(0.E0,8.715574274767E-2,-9.961946980917E-1));
#11839=DIRECTION('',(-9.999736456494E-1,7.232401402089E-3,6.327531327521E-4));
#11840=AXIS2_PLACEMENT_3D('',#11837,#11838,#11839);
#11841=TOROIDAL_SURFACE('',#11840,3.129021332485E-1,1.E-1);
#11842=ORIENTED_EDGE('',*,*,#11832,.F.);
#11843=ORIENTED_EDGE('',*,*,#11821,.T.);
#11844=ORIENTED_EDGE('',*,*,#11791,.T.);
#11845=ORIENTED_EDGE('',*,*,#11818,.F.);
#11846=EDGE_LOOP('',(#11842,#11843,#11844,#11845));
#11847=FACE_OUTER_BOUND('',#11846,.F.);
#11848=ADVANCED_FACE('',(#11847),#11841,.F.);
#11849=CARTESIAN_POINT('',(2.5477E1,-4.4011E1,-1.221570795286E0));
#11850=DIRECTION('',(0.E0,1.E0,0.E0));
#11851=DIRECTION('',(0.E0,0.E0,1.E0));
#11852=AXIS2_PLACEMENT_3D('',#11849,#11850,#11851);
#11853=PLANE('',#11852);
#11855=ORIENTED_EDGE('',*,*,#11854,.F.);
#11856=ORIENTED_EDGE('',*,*,#11760,.T.);
#11858=ORIENTED_EDGE('',*,*,#11857,.T.);
#11860=ORIENTED_EDGE('',*,*,#11859,.F.);
#11861=EDGE_LOOP('',(#11855,#11856,#11858,#11860));
#11862=FACE_OUTER_BOUND('',#11861,.F.);
#11863=ADVANCED_FACE('',(#11862),#11853,.F.);
#11864=CARTESIAN_POINT('',(2.5477E1,-4.3886E1,-5.457853976431E-1));
#11865=DIRECTION('',(-1.E0,0.E0,0.E0));
#11866=DIRECTION('',(0.E0,0.E0,1.E0));
#11867=AXIS2_PLACEMENT_3D('',#11864,#11865,#11866);
#11868=PLANE('',#11867);
#11870=ORIENTED_EDGE('',*,*,#11869,.F.);
#11871=ORIENTED_EDGE('',*,*,#11746,.T.);
#11872=ORIENTED_EDGE('',*,*,#11854,.T.);
#11874=ORIENTED_EDGE('',*,*,#11873,.F.);
#11875=EDGE_LOOP('',(#11870,#11871,#11872,#11874));
#11876=FACE_OUTER_BOUND('',#11875,.F.);
#11877=ADVANCED_FACE('',(#11876),#11868,.F.);
#11878=CARTESIAN_POINT('',(2.5477E1,-4.3761E1,-1.221570795286E0));
#11879=DIRECTION('',(0.E0,1.E0,0.E0));
#11880=DIRECTION('',(0.E0,0.E0,1.E0));
#11881=AXIS2_PLACEMENT_3D('',#11878,#11879,#11880);
#11882=PLANE('',#11881);
#11883=ORIENTED_EDGE('',*,*,#11869,.T.);
#11885=ORIENTED_EDGE('',*,*,#11884,.T.);
#11887=ORIENTED_EDGE('',*,*,#11886,.F.);
#11888=ORIENTED_EDGE('',*,*,#11730,.F.);
#11889=EDGE_LOOP('',(#11883,#11885,#11887,#11888));
#11890=FACE_OUTER_BOUND('',#11889,.F.);
#11891=ADVANCED_FACE('',(#11890),#11882,.T.);
#11892=CARTESIAN_POINT('',(2.5477E1,-4.3611E1,1.3E-1));
#11893=DIRECTION('',(1.E0,0.E0,0.E0));
#11894=DIRECTION('',(0.E0,-1.E0,0.E0));
#11895=AXIS2_PLACEMENT_3D('',#11892,#11893,#11894);
#11896=CYLINDRICAL_SURFACE('',#11895,1.5E-1);
#11898=ORIENTED_EDGE('',*,*,#11897,.T.);
#11900=ORIENTED_EDGE('',*,*,#11899,.T.);
#11902=ORIENTED_EDGE('',*,*,#11901,.F.);
#11903=ORIENTED_EDGE('',*,*,#11884,.F.);
#11904=EDGE_LOOP('',(#11898,#11900,#11902,#11903));
#11905=FACE_OUTER_BOUND('',#11904,.F.);
#11906=ADVANCED_FACE('',(#11905),#11896,.F.);
#11907=CARTESIAN_POINT('',(2.5477E1,-4.380545436483E1,3.244543648263E-1));
#11908=DIRECTION('',(-1.E0,0.E0,0.E0));
#11909=DIRECTION('',(0.E0,0.E0,1.E0));
#11910=AXIS2_PLACEMENT_3D('',#11907,#11908,#11909);
#11911=PLANE('',#11910);
#11912=ORIENTED_EDGE('',*,*,#11897,.F.);
#11913=ORIENTED_EDGE('',*,*,#11873,.T.);
#11915=ORIENTED_EDGE('',*,*,#11914,.T.);
#11917=ORIENTED_EDGE('',*,*,#11916,.F.);
#11918=EDGE_LOOP('',(#11912,#11913,#11915,#11917));
#11919=FACE_OUTER_BOUND('',#11918,.F.);
#11920=ADVANCED_FACE('',(#11919),#11911,.F.);
#11921=CARTESIAN_POINT('',(2.5477E1,-4.3611E1,1.3E-1));
#11922=DIRECTION('',(1.E0,0.E0,0.E0));
#11923=DIRECTION('',(0.E0,-1.E0,0.E0));
#11924=AXIS2_PLACEMENT_3D('',#11921,#11922,#11923);
#11925=CYLINDRICAL_SURFACE('',#11924,4.E-1);
#11926=ORIENTED_EDGE('',*,*,#11914,.F.);
#11927=ORIENTED_EDGE('',*,*,#11859,.T.);
#11929=ORIENTED_EDGE('',*,*,#11928,.T.);
#11931=ORIENTED_EDGE('',*,*,#11930,.F.);
#11932=EDGE_LOOP('',(#11926,#11927,#11929,#11931));
#11933=FACE_OUTER_BOUND('',#11932,.F.);
#11934=ADVANCED_FACE('',(#11933),#11925,.T.);
#11935=CARTESIAN_POINT('',(2.3647E1,-4.380545436483E1,3.244543648263E-1));
#11936=DIRECTION('',(-1.E0,0.E0,0.E0));
#11937=DIRECTION('',(0.E0,0.E0,1.E0));
#11938=AXIS2_PLACEMENT_3D('',#11935,#11936,#11937);
#11939=PLANE('',#11938);
#11940=ORIENTED_EDGE('',*,*,#11901,.T.);
#11942=ORIENTED_EDGE('',*,*,#11941,.T.);
#11943=ORIENTED_EDGE('',*,*,#11928,.F.);
#11945=ORIENTED_EDGE('',*,*,#11944,.F.);
#11946=EDGE_LOOP('',(#11940,#11942,#11943,#11945));
#11947=FACE_OUTER_BOUND('',#11946,.F.);
#11948=ADVANCED_FACE('',(#11947),#11939,.T.);
#11949=CARTESIAN_POINT('',(2.3647E1,-4.2886E1,4.05E-1));
#11950=DIRECTION('',(-1.E0,0.E0,0.E0));
#11951=DIRECTION('',(0.E0,1.E0,0.E0));
#11952=AXIS2_PLACEMENT_3D('',#11949,#11950,#11951);
#11953=PLANE('',#11952);
#11955=ORIENTED_EDGE('',*,*,#11954,.T.);
#11957=ORIENTED_EDGE('',*,*,#11956,.T.);
#11959=ORIENTED_EDGE('',*,*,#11958,.F.);
#11960=ORIENTED_EDGE('',*,*,#11941,.F.);
#11961=EDGE_LOOP('',(#11955,#11957,#11959,#11960));
#11962=FACE_OUTER_BOUND('',#11961,.F.);
#11963=ADVANCED_FACE('',(#11962),#11953,.T.);
#11964=CARTESIAN_POINT('',(2.5477E1,-4.3611E1,2.8E-1));
#11965=DIRECTION('',(0.E0,0.E0,-1.E0));
#11966=DIRECTION('',(0.E0,1.E0,0.E0));
#11967=AXIS2_PLACEMENT_3D('',#11964,#11965,#11966);
#11968=PLANE('',#11967);
#11970=ORIENTED_EDGE('',*,*,#11969,.T.);
#11972=ORIENTED_EDGE('',*,*,#11971,.T.);
#11973=ORIENTED_EDGE('',*,*,#11954,.F.);
#11974=ORIENTED_EDGE('',*,*,#11899,.F.);
#11975=EDGE_LOOP('',(#11970,#11972,#11973,#11974));
#11976=FACE_OUTER_BOUND('',#11975,.F.);
#11978=ORIENTED_EDGE('',*,*,#11977,.F.);
#11980=ORIENTED_EDGE('',*,*,#11979,.F.);
#11981=EDGE_LOOP('',(#11978,#11980));
#11982=FACE_BOUND('',#11981,.F.);
#11983=ADVANCED_FACE('',(#11976,#11982),#11968,.T.);
#11984=CARTESIAN_POINT('',(2.5477E1,-4.2886E1,4.05E-1));
#11985=DIRECTION('',(-1.E0,0.E0,0.E0));
#11986=DIRECTION('',(0.E0,1.E0,0.E0));
#11987=AXIS2_PLACEMENT_3D('',#11984,#11985,#11986);
#11988=PLANE('',#11987);
#11989=ORIENTED_EDGE('',*,*,#11969,.F.);
#11990=ORIENTED_EDGE('',*,*,#11916,.T.);
#11992=ORIENTED_EDGE('',*,*,#11991,.T.);
#11994=ORIENTED_EDGE('',*,*,#11993,.F.);
#11995=EDGE_LOOP('',(#11989,#11990,#11992,#11994));
#11996=FACE_OUTER_BOUND('',#11995,.F.);
#11997=ADVANCED_FACE('',(#11996),#11988,.F.);
#11998=CARTESIAN_POINT('',(2.5477E1,-4.3611E1,5.3E-1));
#11999=DIRECTION('',(0.E0,0.E0,-1.E0));
#12000=DIRECTION('',(0.E0,1.E0,0.E0));
#12001=AXIS2_PLACEMENT_3D('',#11998,#11999,#12000);
#12002=PLANE('',#12001);
#12003=ORIENTED_EDGE('',*,*,#11991,.F.);
#12004=ORIENTED_EDGE('',*,*,#11930,.T.);
#12005=ORIENTED_EDGE('',*,*,#11958,.T.);
#12007=ORIENTED_EDGE('',*,*,#12006,.F.);
#12008=EDGE_LOOP('',(#12003,#12004,#12005,#12007));
#12009=FACE_OUTER_BOUND('',#12008,.F.);
#12011=ORIENTED_EDGE('',*,*,#12010,.T.);
#12013=ORIENTED_EDGE('',*,*,#12012,.T.);
#12014=EDGE_LOOP('',(#12011,#12013));
#12015=FACE_BOUND('',#12014,.F.);
#12016=ADVANCED_FACE('',(#12009,#12015),#12002,.F.);
#12017=CARTESIAN_POINT('',(2.5477E1,-4.2161E1,6.6E-1));
#12018=DIRECTION('',(1.E0,0.E0,0.E0));
#12019=DIRECTION('',(0.E0,-1.E0,0.E0));
#12020=AXIS2_PLACEMENT_3D('',#12017,#12018,#12019);
#12021=CYLINDRICAL_SURFACE('',#12020,1.3E-1);
#12023=ORIENTED_EDGE('',*,*,#12022,.F.);
#12024=ORIENTED_EDGE('',*,*,#12006,.T.);
#12026=ORIENTED_EDGE('',*,*,#12025,.T.);
#12028=ORIENTED_EDGE('',*,*,#12027,.F.);
#12029=EDGE_LOOP('',(#12023,#12024,#12026,#12028));
#12030=FACE_OUTER_BOUND('',#12029,.F.);
#12031=ADVANCED_FACE('',(#12030),#12021,.F.);
#12032=CARTESIAN_POINT('',(2.5477E1,-4.1906E1,6.6E-1));
#12033=DIRECTION('',(-1.E0,0.E0,0.E0));
#12034=DIRECTION('',(0.E0,1.E0,0.E0));
#12035=AXIS2_PLACEMENT_3D('',#12032,#12033,#12034);
#12036=PLANE('',#12035);
#12038=ORIENTED_EDGE('',*,*,#12037,.F.);
#12039=ORIENTED_EDGE('',*,*,#11993,.T.);
#12040=ORIENTED_EDGE('',*,*,#12022,.T.);
#12042=ORIENTED_EDGE('',*,*,#12041,.F.);
#12043=EDGE_LOOP('',(#12038,#12039,#12040,#12042));
#12044=FACE_OUTER_BOUND('',#12043,.F.);
#12045=ADVANCED_FACE('',(#12044),#12036,.F.);
#12046=CARTESIAN_POINT('',(2.5477E1,-4.2161E1,6.6E-1));
#12047=DIRECTION('',(1.E0,0.E0,0.E0));
#12048=DIRECTION('',(0.E0,-1.E0,0.E0));
#12049=AXIS2_PLACEMENT_3D('',#12046,#12047,#12048);
#12050=CYLINDRICAL_SURFACE('',#12049,3.8E-1);
#12051=ORIENTED_EDGE('',*,*,#12037,.T.);
#12053=ORIENTED_EDGE('',*,*,#12052,.T.);
#12055=ORIENTED_EDGE('',*,*,#12054,.F.);
#12056=ORIENTED_EDGE('',*,*,#11971,.F.);
#12057=EDGE_LOOP('',(#12051,#12053,#12055,#12056));
#12058=FACE_OUTER_BOUND('',#12057,.F.);
#12059=ADVANCED_FACE('',(#12058),#12050,.T.);
#12060=CARTESIAN_POINT('',(2.5477E1,-4.2161E1,1.04E0));
#12061=DIRECTION('',(0.E0,0.E0,1.E0));
#12062=DIRECTION('',(0.E0,-1.E0,0.E0));
#12063=AXIS2_PLACEMENT_3D('',#12060,#12061,#12062);
#12064=PLANE('',#12063);
#12066=ORIENTED_EDGE('',*,*,#12065,.F.);
#12068=ORIENTED_EDGE('',*,*,#12067,.F.);
#12069=ORIENTED_EDGE('',*,*,#12052,.F.);
#12071=ORIENTED_EDGE('',*,*,#12070,.T.);
#12073=ORIENTED_EDGE('',*,*,#12072,.F.);
#12075=ORIENTED_EDGE('',*,*,#12074,.T.);
#12076=EDGE_LOOP('',(#12066,#12068,#12069,#12071,#12073,#12075));
#12077=FACE_OUTER_BOUND('',#12076,.F.);
#12078=ADVANCED_FACE('',(#12077),#12064,.T.);
#12079=CARTESIAN_POINT('',(2.3787E1,-4.3611E1,9.15E-1));
#12080=DIRECTION('',(0.E0,-1.E0,0.E0));
#12081=DIRECTION('',(1.E0,0.E0,0.E0));
#12082=AXIS2_PLACEMENT_3D('',#12079,#12080,#12081);
#12083=PLANE('',#12082);
#12084=ORIENTED_EDGE('',*,*,#12065,.T.);
#12086=ORIENTED_EDGE('',*,*,#12085,.T.);
#12088=ORIENTED_EDGE('',*,*,#12087,.F.);
#12090=ORIENTED_EDGE('',*,*,#12089,.F.);
#12091=EDGE_LOOP('',(#12084,#12086,#12088,#12090));
#12092=FACE_OUTER_BOUND('',#12091,.F.);
#12093=ADVANCED_FACE('',(#12092),#12083,.T.);
#12094=CARTESIAN_POINT('',(2.3927E1,-4.380545436483E1,9.955456351737E-1));
#12095=DIRECTION('',(1.E0,0.E0,0.E0));
#12096=DIRECTION('',(0.E0,0.E0,-1.E0));
#12097=AXIS2_PLACEMENT_3D('',#12094,#12095,#12096);
#12098=PLANE('',#12097);
#12100=ORIENTED_EDGE('',*,*,#12099,.F.);
#12102=ORIENTED_EDGE('',*,*,#12101,.T.);
#12104=ORIENTED_EDGE('',*,*,#12103,.T.);
#12105=ORIENTED_EDGE('',*,*,#12085,.F.);
#12106=EDGE_LOOP('',(#12100,#12102,#12104,#12105));
#12107=FACE_OUTER_BOUND('',#12106,.F.);
#12108=ADVANCED_FACE('',(#12107),#12098,.F.);
#12109=CARTESIAN_POINT('',(2.5477E1,-4.3611E1,1.19E0));
#12110=DIRECTION('',(1.E0,0.E0,0.E0));
#12111=DIRECTION('',(0.E0,-1.E0,0.E0));
#12112=AXIS2_PLACEMENT_3D('',#12109,#12110,#12111);
#12113=CYLINDRICAL_SURFACE('',#12112,1.5E-1);
#12114=ORIENTED_EDGE('',*,*,#12099,.T.);
#12115=ORIENTED_EDGE('',*,*,#12074,.F.);
#12117=ORIENTED_EDGE('',*,*,#12116,.F.);
#12119=ORIENTED_EDGE('',*,*,#12118,.T.);
#12120=EDGE_LOOP('',(#12114,#12115,#12117,#12119));
#12121=FACE_OUTER_BOUND('',#12120,.F.);
#12122=ADVANCED_FACE('',(#12121),#12113,.F.);
#12123=CARTESIAN_POINT('',(2.5197E1,-4.380545436483E1,9.955456351737E-1));
#12124=DIRECTION('',(1.E0,0.E0,0.E0));
#12125=DIRECTION('',(0.E0,0.E0,-1.E0));
#12126=AXIS2_PLACEMENT_3D('',#12123,#12124,#12125);
#12127=PLANE('',#12126);
#12128=ORIENTED_EDGE('',*,*,#12116,.T.);
#12130=ORIENTED_EDGE('',*,*,#12129,.T.);
#12132=ORIENTED_EDGE('',*,*,#12131,.F.);
#12134=ORIENTED_EDGE('',*,*,#12133,.F.);
#12135=EDGE_LOOP('',(#12128,#12130,#12132,#12134));
#12136=FACE_OUTER_BOUND('',#12135,.F.);
#12137=ADVANCED_FACE('',(#12136),#12127,.T.);
#12138=CARTESIAN_POINT('',(2.5337E1,-4.3611E1,9.15E-1));
#12139=DIRECTION('',(0.E0,-1.E0,0.E0));
#12140=DIRECTION('',(1.E0,0.E0,0.E0));
#12141=AXIS2_PLACEMENT_3D('',#12138,#12139,#12140);
#12142=PLANE('',#12141);
#12143=ORIENTED_EDGE('',*,*,#12072,.T.);
#12145=ORIENTED_EDGE('',*,*,#12144,.T.);
#12147=ORIENTED_EDGE('',*,*,#12146,.F.);
#12148=ORIENTED_EDGE('',*,*,#12129,.F.);
#12149=EDGE_LOOP('',(#12143,#12145,#12147,#12148));
#12150=FACE_OUTER_BOUND('',#12149,.F.);
#12151=ADVANCED_FACE('',(#12150),#12142,.T.);
#12152=CARTESIAN_POINT('',(2.5477E1,-4.2886E1,9.15E-1));
#12153=DIRECTION('',(-1.E0,0.E0,0.E0));
#12154=DIRECTION('',(0.E0,-1.E0,0.E0));
#12155=AXIS2_PLACEMENT_3D('',#12152,#12153,#12154);
#12156=PLANE('',#12155);
#12157=ORIENTED_EDGE('',*,*,#12144,.F.);
#12158=ORIENTED_EDGE('',*,*,#12070,.F.);
#12159=ORIENTED_EDGE('',*,*,#12041,.T.);
#12161=ORIENTED_EDGE('',*,*,#12160,.T.);
#12162=EDGE_LOOP('',(#12157,#12158,#12159,#12161));
#12163=FACE_OUTER_BOUND('',#12162,.F.);
#12164=ADVANCED_FACE('',(#12163),#12156,.F.);
#12165=CARTESIAN_POINT('',(2.5477E1,-4.2161E1,7.9E-1));
#12166=DIRECTION('',(0.E0,0.E0,1.E0));
#12167=DIRECTION('',(0.E0,-1.E0,0.E0));
#12168=AXIS2_PLACEMENT_3D('',#12165,#12166,#12167);
#12169=PLANE('',#12168);
#12170=ORIENTED_EDGE('',*,*,#12087,.T.);
#12172=ORIENTED_EDGE('',*,*,#12171,.F.);
#12173=ORIENTED_EDGE('',*,*,#12146,.T.);
#12174=ORIENTED_EDGE('',*,*,#12160,.F.);
#12175=ORIENTED_EDGE('',*,*,#12027,.T.);
#12177=ORIENTED_EDGE('',*,*,#12176,.T.);
#12178=EDGE_LOOP('',(#12170,#12172,#12173,#12174,#12175,#12177));
#12179=FACE_OUTER_BOUND('',#12178,.F.);
#12180=ADVANCED_FACE('',(#12179),#12169,.F.);
#12181=CARTESIAN_POINT('',(2.5477E1,-4.3611E1,1.19E0));
#12182=DIRECTION('',(1.E0,0.E0,0.E0));
#12183=DIRECTION('',(0.E0,-1.E0,0.E0));
#12184=AXIS2_PLACEMENT_3D('',#12181,#12182,#12183);
#12185=CYLINDRICAL_SURFACE('',#12184,4.E-1);
#12186=ORIENTED_EDGE('',*,*,#12103,.F.);
#12188=ORIENTED_EDGE('',*,*,#12187,.F.);
#12189=ORIENTED_EDGE('',*,*,#12131,.T.);
#12190=ORIENTED_EDGE('',*,*,#12171,.T.);
#12191=EDGE_LOOP('',(#12186,#12188,#12189,#12190));
#12192=FACE_OUTER_BOUND('',#12191,.F.);
#12193=ADVANCED_FACE('',(#12192),#12185,.T.);
#12194=CARTESIAN_POINT('',(2.5477E1,-4.4011E1,1.19E0));
#12195=DIRECTION('',(0.E0,1.E0,0.E0));
#12196=DIRECTION('',(0.E0,0.E0,1.E0));
#12197=AXIS2_PLACEMENT_3D('',#12194,#12195,#12196);
#12198=PLANE('',#12197);
#12200=ORIENTED_EDGE('',*,*,#12199,.T.);
#12202=ORIENTED_EDGE('',*,*,#12201,.T.);
#12204=ORIENTED_EDGE('',*,*,#12203,.T.);
#12206=ORIENTED_EDGE('',*,*,#12205,.F.);
#12207=ORIENTED_EDGE('',*,*,#12187,.T.);
#12209=ORIENTED_EDGE('',*,*,#12208,.T.);
#12211=ORIENTED_EDGE('',*,*,#12210,.T.);
#12213=ORIENTED_EDGE('',*,*,#12212,.F.);
#12214=EDGE_LOOP('',(#12200,#12202,#12204,#12206,#12207,#12209,#12211,#12213));
#12215=FACE_OUTER_BOUND('',#12214,.F.);
#12216=ADVANCED_FACE('',(#12215),#12198,.F.);
#12217=CARTESIAN_POINT('',(3.1412E1,-3.0665E1,7.62E0));
#12218=DIRECTION('',(0.E0,0.E0,-1.E0));
#12219=DIRECTION('',(-1.E0,0.E0,0.E0));
#12220=AXIS2_PLACEMENT_3D('',#12217,#12218,#12219);
#12221=PLANE('',#12220);
#12223=ORIENTED_EDGE('',*,*,#12222,.T.);
#12225=ORIENTED_EDGE('',*,*,#12224,.F.);
#12226=ORIENTED_EDGE('',*,*,#12199,.F.);
#12228=ORIENTED_EDGE('',*,*,#12227,.T.);
#12229=EDGE_LOOP('',(#12223,#12225,#12226,#12228));
#12230=FACE_OUTER_BOUND('',#12229,.F.);
#12231=ADVANCED_FACE('',(#12230),#12221,.F.);
#12232=CARTESIAN_POINT('',(2.5477E1,-4.3761E1,1.19E0));
#12233=DIRECTION('',(0.E0,1.E0,0.E0));
#12234=DIRECTION('',(0.E0,0.E0,1.E0));
#12235=AXIS2_PLACEMENT_3D('',#12232,#12233,#12234);
#12236=PLANE('',#12235);
#12237=ORIENTED_EDGE('',*,*,#12222,.F.);
#12239=ORIENTED_EDGE('',*,*,#12238,.T.);
#12241=ORIENTED_EDGE('',*,*,#12240,.F.);
#12243=ORIENTED_EDGE('',*,*,#12242,.F.);
#12244=ORIENTED_EDGE('',*,*,#12118,.F.);
#12246=ORIENTED_EDGE('',*,*,#12245,.T.);
#12248=ORIENTED_EDGE('',*,*,#12247,.F.);
#12250=ORIENTED_EDGE('',*,*,#12249,.F.);
#12251=EDGE_LOOP('',(#12237,#12239,#12241,#12243,#12244,#12246,#12248,#12250));
#12252=FACE_OUTER_BOUND('',#12251,.F.);
#12253=ADVANCED_FACE('',(#12252),#12236,.T.);
#12254=CARTESIAN_POINT('',(2.4332E1,-4.3886E1,6.625E0));
#12255=DIRECTION('',(1.E0,0.E0,0.E0));
#12256=DIRECTION('',(0.E0,0.E0,-1.E0));
#12257=AXIS2_PLACEMENT_3D('',#12254,#12255,#12256);
#12258=PLANE('',#12257);
#12259=ORIENTED_EDGE('',*,*,#12227,.F.);
#12260=ORIENTED_EDGE('',*,*,#12212,.T.);
#12262=ORIENTED_EDGE('',*,*,#12261,.F.);
#12263=ORIENTED_EDGE('',*,*,#12238,.F.);
#12264=EDGE_LOOP('',(#12259,#12260,#12262,#12263));
#12265=FACE_OUTER_BOUND('',#12264,.F.);
#12266=ADVANCED_FACE('',(#12265),#12258,.F.);
#12267=CARTESIAN_POINT('',(2.41295E1,-4.3886E1,3.6075E0));
#12268=DIRECTION('',(-7.071067811866E-1,0.E0,7.071067811865E-1));
#12269=DIRECTION('',(7.071067811865E-1,0.E0,7.071067811866E-1));
#12270=AXIS2_PLACEMENT_3D('',#12267,#12268,#12269);
#12271=PLANE('',#12270);
#12272=ORIENTED_EDGE('',*,*,#12240,.T.);
#12273=ORIENTED_EDGE('',*,*,#12261,.T.);
#12274=ORIENTED_EDGE('',*,*,#12210,.F.);
#12276=ORIENTED_EDGE('',*,*,#12275,.F.);
#12277=EDGE_LOOP('',(#12272,#12273,#12274,#12276));
#12278=FACE_OUTER_BOUND('',#12277,.F.);
#12279=ADVANCED_FACE('',(#12278),#12271,.T.);
#12280=CARTESIAN_POINT('',(2.3927E1,-4.3886E1,6.63E0));
#12281=DIRECTION('',(-1.E0,0.E0,0.E0));
#12282=DIRECTION('',(0.E0,0.E0,1.E0));
#12283=AXIS2_PLACEMENT_3D('',#12280,#12281,#12282);
#12284=PLANE('',#12283);
#12285=ORIENTED_EDGE('',*,*,#12275,.T.);
#12286=ORIENTED_EDGE('',*,*,#12208,.F.);
#12287=ORIENTED_EDGE('',*,*,#12101,.F.);
#12288=ORIENTED_EDGE('',*,*,#12242,.T.);
#12289=EDGE_LOOP('',(#12285,#12286,#12287,#12288));
#12290=FACE_OUTER_BOUND('',#12289,.F.);
#12291=ADVANCED_FACE('',(#12290),#12284,.T.);
#12292=CARTESIAN_POINT('',(2.5197E1,-4.3886E1,6.63E0));
#12293=DIRECTION('',(-1.E0,0.E0,0.E0));
#12294=DIRECTION('',(0.E0,0.E0,1.E0));
#12295=AXIS2_PLACEMENT_3D('',#12292,#12293,#12294);
#12296=PLANE('',#12295);
#12298=ORIENTED_EDGE('',*,*,#12297,.F.);
#12299=ORIENTED_EDGE('',*,*,#12245,.F.);
#12300=ORIENTED_EDGE('',*,*,#12133,.T.);
#12301=ORIENTED_EDGE('',*,*,#12205,.T.);
#12302=EDGE_LOOP('',(#12298,#12299,#12300,#12301));
#12303=FACE_OUTER_BOUND('',#12302,.F.);
#12304=ADVANCED_FACE('',(#12303),#12296,.F.);
#12305=CARTESIAN_POINT('',(2.49945E1,-4.3886E1,3.6075E0));
#12306=DIRECTION('',(7.071067811866E-1,0.E0,7.071067811865E-1));
#12307=DIRECTION('',(7.071067811865E-1,0.E0,-7.071067811866E-1));
#12308=AXIS2_PLACEMENT_3D('',#12305,#12306,#12307);
#12309=PLANE('',#12308);
#12310=ORIENTED_EDGE('',*,*,#12247,.T.);
#12311=ORIENTED_EDGE('',*,*,#12297,.T.);
#12312=ORIENTED_EDGE('',*,*,#12203,.F.);
#12314=ORIENTED_EDGE('',*,*,#12313,.F.);
#12315=EDGE_LOOP('',(#12310,#12311,#12312,#12314));
#12316=FACE_OUTER_BOUND('',#12315,.F.);
#12317=ADVANCED_FACE('',(#12316),#12309,.T.);
#12318=CARTESIAN_POINT('',(2.4792E1,-4.3886E1,6.625E0));
#12319=DIRECTION('',(1.E0,0.E0,0.E0));
#12320=DIRECTION('',(0.E0,0.E0,-1.E0));
#12321=AXIS2_PLACEMENT_3D('',#12318,#12319,#12320);
#12322=PLANE('',#12321);
#12323=ORIENTED_EDGE('',*,*,#12224,.T.);
#12324=ORIENTED_EDGE('',*,*,#12249,.T.);
#12325=ORIENTED_EDGE('',*,*,#12313,.T.);
#12326=ORIENTED_EDGE('',*,*,#12201,.F.);
#12327=EDGE_LOOP('',(#12323,#12324,#12325,#12326));
#12328=FACE_OUTER_BOUND('',#12327,.F.);
#12329=ADVANCED_FACE('',(#12328),#12322,.T.);
#12330=CARTESIAN_POINT('',(2.3647E1,-4.2886E1,9.15E-1));
#12331=DIRECTION('',(-1.E0,0.E0,0.E0));
#12332=DIRECTION('',(0.E0,-1.E0,0.E0));
#12333=AXIS2_PLACEMENT_3D('',#12330,#12331,#12332);
#12334=PLANE('',#12333);
#12335=ORIENTED_EDGE('',*,*,#12089,.T.);
#12336=ORIENTED_EDGE('',*,*,#12176,.F.);
#12338=ORIENTED_EDGE('',*,*,#12337,.F.);
#12339=ORIENTED_EDGE('',*,*,#12067,.T.);
#12340=EDGE_LOOP('',(#12335,#12336,#12338,#12339));
#12341=FACE_OUTER_BOUND('',#12340,.F.);
#12342=ADVANCED_FACE('',(#12341),#12334,.T.);
#12343=CARTESIAN_POINT('',(2.3647E1,-4.1906E1,6.6E-1));
#12344=DIRECTION('',(-1.E0,0.E0,0.E0));
#12345=DIRECTION('',(0.E0,1.E0,0.E0));
#12346=AXIS2_PLACEMENT_3D('',#12343,#12344,#12345);
#12347=PLANE('',#12346);
#12348=ORIENTED_EDGE('',*,*,#12054,.T.);
#12349=ORIENTED_EDGE('',*,*,#12337,.T.);
#12350=ORIENTED_EDGE('',*,*,#12025,.F.);
#12351=ORIENTED_EDGE('',*,*,#11956,.F.);
#12352=EDGE_LOOP('',(#12348,#12349,#12350,#12351));
#12353=FACE_OUTER_BOUND('',#12352,.F.);
#12354=ADVANCED_FACE('',(#12353),#12347,.T.);
#12355=CARTESIAN_POINT('',(2.4562E1,-4.2851E1,3.9E-1));
#12356=DIRECTION('',(0.E0,0.E0,1.E0));
#12357=DIRECTION('',(0.E0,1.E0,0.E0));
#12358=AXIS2_PLACEMENT_3D('',#12355,#12356,#12357);
#12359=CONICAL_SURFACE('',#12358,4.405393149065E-1,1.E1);
#12360=ORIENTED_EDGE('',*,*,#12010,.F.);
#12362=ORIENTED_EDGE('',*,*,#12361,.F.);
#12364=ORIENTED_EDGE('',*,*,#12363,.T.);
#12366=ORIENTED_EDGE('',*,*,#12365,.T.);
#12367=EDGE_LOOP('',(#12360,#12362,#12364,#12366));
#12368=FACE_OUTER_BOUND('',#12367,.F.);
#12369=ADVANCED_FACE('',(#12368),#12359,.F.);
#12370=CARTESIAN_POINT('',(2.4562E1,-4.2851E1,3.9E-1));
#12371=DIRECTION('',(0.E0,0.E0,1.E0));
#12372=DIRECTION('',(0.E0,1.E0,0.E0));
#12373=AXIS2_PLACEMENT_3D('',#12370,#12371,#12372);
#12374=CONICAL_SURFACE('',#12373,4.405393149065E-1,1.E1);
#12375=ORIENTED_EDGE('',*,*,#12012,.F.);
#12376=ORIENTED_EDGE('',*,*,#12365,.F.);
#12378=ORIENTED_EDGE('',*,*,#12377,.T.);
#12379=ORIENTED_EDGE('',*,*,#12361,.T.);
#12380=EDGE_LOOP('',(#12375,#12376,#12378,#12379));
#12381=FACE_OUTER_BOUND('',#12380,.F.);
#12382=ADVANCED_FACE('',(#12381),#12374,.F.);
#12383=CARTESIAN_POINT('',(2.4562E1,-4.2851E1,2.5E-1));
#12384=DIRECTION('',(0.E0,0.E0,1.E0));
#12385=DIRECTION('',(0.E0,1.E0,0.E0));
#12386=AXIS2_PLACEMENT_3D('',#12383,#12384,#12385);
#12387=PLANE('',#12386);
#12388=ORIENTED_EDGE('',*,*,#12363,.F.);
#12389=ORIENTED_EDGE('',*,*,#12377,.F.);
#12390=EDGE_LOOP('',(#12388,#12389));
#12391=FACE_OUTER_BOUND('',#12390,.F.);
#12392=ADVANCED_FACE('',(#12391),#12387,.T.);
#12393=CARTESIAN_POINT('',(2.4562E1,-4.2851E1,2.019763866750E-1));
#12394=DIRECTION('',(0.E0,0.E0,1.E0));
#12395=DIRECTION('',(0.E0,1.E0,0.E0));
#12396=AXIS2_PLACEMENT_3D('',#12393,#12394,#12395);
#12397=CONICAL_SURFACE('',#12396,6.612423318384E-1,1.E1);
#12399=ORIENTED_EDGE('',*,*,#12398,.T.);
#12401=ORIENTED_EDGE('',*,*,#12400,.T.);
#12402=ORIENTED_EDGE('',*,*,#11977,.T.);
#12404=ORIENTED_EDGE('',*,*,#12403,.F.);
#12405=EDGE_LOOP('',(#12399,#12401,#12402,#12404));
#12406=FACE_OUTER_BOUND('',#12405,.F.);
#12407=ADVANCED_FACE('',(#12406),#12397,.T.);
#12408=CARTESIAN_POINT('',(2.4562E1,-4.2851E1,1.5E-1));
#12409=DIRECTION('',(0.E0,0.E0,1.E0));
#12410=DIRECTION('',(-5.124303617787E-2,9.986862126030E-1,0.E0));
#12411=AXIS2_PLACEMENT_3D('',#12408,#12409,#12410);
#12412=TOROIDAL_SURFACE('',#12411,4.997635007250E-1,1.5E-1);
#12413=ORIENTED_EDGE('',*,*,#7727,.F.);
#12415=ORIENTED_EDGE('',*,*,#12414,.T.);
#12416=ORIENTED_EDGE('',*,*,#12398,.F.);
#12418=ORIENTED_EDGE('',*,*,#12417,.F.);
#12419=EDGE_LOOP('',(#12413,#12415,#12416,#12418));
#12420=FACE_OUTER_BOUND('',#12419,.F.);
#12421=ADVANCED_FACE('',(#12420),#12412,.T.);
#12422=CARTESIAN_POINT('',(2.4562E1,-4.2851E1,1.5E-1));
#12423=DIRECTION('',(0.E0,0.E0,1.E0));
#12424=DIRECTION('',(5.124303617788E-2,-9.986862126030E-1,0.E0));
#12425=AXIS2_PLACEMENT_3D('',#12422,#12423,#12424);
#12426=TOROIDAL_SURFACE('',#12425,4.997635007250E-1,1.5E-1);
#12427=ORIENTED_EDGE('',*,*,#7729,.F.);
#12428=ORIENTED_EDGE('',*,*,#12417,.T.);
#12430=ORIENTED_EDGE('',*,*,#12429,.F.);
#12431=ORIENTED_EDGE('',*,*,#12414,.F.);
#12432=EDGE_LOOP('',(#12427,#12428,#12430,#12431));
#12433=FACE_OUTER_BOUND('',#12432,.F.);
#12434=ADVANCED_FACE('',(#12433),#12426,.T.);
#12435=CARTESIAN_POINT('',(2.4562E1,-4.2851E1,2.019763866750E-1));
#12436=DIRECTION('',(0.E0,0.E0,1.E0));
#12437=DIRECTION('',(0.E0,1.E0,0.E0));
#12438=AXIS2_PLACEMENT_3D('',#12435,#12436,#12437);
#12439=CONICAL_SURFACE('',#12438,6.612423318384E-1,1.E1);
#12440=ORIENTED_EDGE('',*,*,#12429,.T.);
#12441=ORIENTED_EDGE('',*,*,#12403,.T.);
#12442=ORIENTED_EDGE('',*,*,#11979,.T.);
#12443=ORIENTED_EDGE('',*,*,#12400,.F.);
#12444=EDGE_LOOP('',(#12440,#12441,#12442,#12443));
#12445=FACE_OUTER_BOUND('',#12444,.F.);
#12446=ADVANCED_FACE('',(#12445),#12439,.T.);
#12447=CARTESIAN_POINT('',(2.3647E1,-4.3886E1,-5.457853976431E-1));
#12448=DIRECTION('',(-1.E0,0.E0,0.E0));
#12449=DIRECTION('',(0.E0,0.E0,1.E0));
#12450=AXIS2_PLACEMENT_3D('',#12447,#12448,#12449);
#12451=PLANE('',#12450);
#12452=ORIENTED_EDGE('',*,*,#11886,.T.);
#12453=ORIENTED_EDGE('',*,*,#11944,.T.);
#12454=ORIENTED_EDGE('',*,*,#11857,.F.);
#12455=ORIENTED_EDGE('',*,*,#11715,.F.);
#12456=EDGE_LOOP('',(#12452,#12453,#12454,#12455));
#12457=FACE_OUTER_BOUND('',#12456,.F.);
#12458=ADVANCED_FACE('',(#12457),#12451,.T.);
#12459=CARTESIAN_POINT('',(2.4562E1,-4.245022741658E1,-1.250123017350E0));
#12460=DIRECTION('',(0.E0,8.715574274767E-2,-9.961946980917E-1));
#12461=DIRECTION('',(1.E0,0.E0,0.E0));
#12462=AXIS2_PLACEMENT_3D('',#12459,#12460,#12461);
#12463=CONICAL_SURFACE('',#12462,6.611798772985E-1,1.E1);
#12464=ORIENTED_EDGE('',*,*,#11659,.T.);
#12465=ORIENTED_EDGE('',*,*,#11639,.F.);
#12466=ORIENTED_EDGE('',*,*,#11585,.T.);
#12467=ORIENTED_EDGE('',*,*,#11636,.T.);
#12468=EDGE_LOOP('',(#12464,#12465,#12466,#12467));
#12469=FACE_OUTER_BOUND('',#12468,.F.);
#12470=ADVANCED_FACE('',(#12469),#12463,.T.);
#12471=CARTESIAN_POINT('',(2.665260687577E1,-3.222940208103E1,
-9.672072638951E-1));
#12472=CARTESIAN_POINT('',(2.653660394884E1,-3.224099582687E1,
-1.015985949614E0));
#12473=CARTESIAN_POINT('',(2.646024469911E1,-3.225454791853E1,
-1.115766007594E0));
#12474=CARTESIAN_POINT('',(2.644349861217E1,-3.226651421040E1,
-1.240452937982E0));
#12475=CARTESIAN_POINT('',(2.663520745344E1,-3.195389856143E1,
-9.913106986220E-1));
#12476=CARTESIAN_POINT('',(2.651471317182E1,-3.189437592179E1,
-1.046311261861E0));
#12477=CARTESIAN_POINT('',(2.643539747535E1,-3.186111545464E1,
-1.150186888047E0));
#12478=CARTESIAN_POINT('',(2.641800302014E1,-3.186281544371E1,
-1.275772003548E0));
#12479=CARTESIAN_POINT('',(2.682489730282E1,-3.175266805645E1,
-1.008916086563E0));
#12480=CARTESIAN_POINT('',(2.675336811780E1,-3.164120130306E1,
-1.068461170893E0));
#12481=CARTESIAN_POINT('',(2.670628383253E1,-3.157374847836E1,
-1.175328240744E0));
#12482=CARTESIAN_POINT('',(2.669595793832E1,-3.156794985797E1,
-1.301569399564E0));
#12483=CARTESIAN_POINT('',(2.710199999999E1,-3.175266805644E1,
-1.008916086564E0));
#12484=CARTESIAN_POINT('',(2.710199999999E1,-3.164120130305E1,
-1.068461170894E0));
#12485=CARTESIAN_POINT('',(2.710199999998E1,-3.157374847835E1,
-1.175328240745E0));
#12486=CARTESIAN_POINT('',(2.710199999998E1,-3.156794985796E1,
-1.301569399565E0));
#12487=CARTESIAN_POINT('',(2.737910269716E1,-3.175266805643E1,
-1.008916086564E0));
#12488=CARTESIAN_POINT('',(2.745063188218E1,-3.164120130304E1,
-1.068461170894E0));
#12489=CARTESIAN_POINT('',(2.749771616743E1,-3.157374847834E1,
-1.175328240745E0));
#12490=CARTESIAN_POINT('',(2.750804206164E1,-3.156794985795E1,
-1.301569399565E0));
#12491=CARTESIAN_POINT('',(2.756879254655E1,-3.195389856140E1,
-9.913106986241E-1));
#12492=CARTESIAN_POINT('',(2.768928682817E1,-3.189437592176E1,
-1.046311261864E0));
#12493=CARTESIAN_POINT('',(2.776860252463E1,-3.186111545461E1,
-1.150186888050E0));
#12494=CARTESIAN_POINT('',(2.778599697984E1,-3.186281544367E1,
-1.275772003551E0));
#12495=CARTESIAN_POINT('',(2.755139312423E1,-3.222940208101E1,
-9.672072638971E-1));
#12496=CARTESIAN_POINT('',(2.766739605116E1,-3.224099582684E1,
-1.015985949617E0));
#12497=CARTESIAN_POINT('',(2.774375530089E1,-3.225454791850E1,
-1.115766007597E0));
#12498=CARTESIAN_POINT('',(2.776050138784E1,-3.226651421037E1,
-1.240452937985E0));
#12499=(BOUNDED_SURFACE()B_SPLINE_SURFACE(3,3,((#12471,#12472,#12473,#12474),(
#12475,#12476,#12477,#12478),(#12479,#12480,#12481,#12482),(#12483,#12484,
#12485,#12486),(#12487,#12488,#12489,#12490),(#12491,#12492,#12493,#12494),(
#12495,#12496,#12497,#12498)),.UNSPECIFIED.,.F.,.F.,.F.)B_SPLINE_SURFACE_WITH_KNOTS((4,3,4),(4,4),(0.E0,1.E0,2.E0),(0.E0,1.E0),.UNSPECIFIED.)GEOMETRIC_REPRESENTATION_ITEM()RATIONAL_B_SPLINE_SURFACE(((1.270316057069E0,1.159578290979E0,
1.159578290979E0,1.270316057069E0),(1.003166139335E0,9.157167391099E-1,
9.157167391099E-1,1.003166139335E0),(1.003166139335E0,9.157167391099E-1,
9.157167391099E-1,1.003166139335E0),(1.270316057069E0,1.159578290979E0,
1.159578290979E0,1.270316057069E0),(1.003166139335E0,9.157167391099E-1,
9.157167391099E-1,1.003166139335E0),(1.003166139335E0,9.157167391099E-1,
9.157167391099E-1,1.003166139335E0),(1.270316057069E0,1.159578290979E0,
1.159578290979E0,1.270316057069E0)))REPRESENTATION_ITEM('')SURFACE());
#12500=ORIENTED_EDGE('',*,*,#7867,.F.);
#12502=ORIENTED_EDGE('',*,*,#12501,.T.);
#12504=ORIENTED_EDGE('',*,*,#12503,.F.);
#12506=ORIENTED_EDGE('',*,*,#12505,.F.);
#12507=EDGE_LOOP('',(#12500,#12502,#12504,#12506));
#12508=FACE_OUTER_BOUND('',#12507,.F.);
#12509=ADVANCED_FACE('',(#12508),#12499,.T.);
#12510=CARTESIAN_POINT('',(2.761829738411E1,-3.217217245493E1,
-1.010167679765E0));
#12511=CARTESIAN_POINT('',(2.769742717662E1,-3.217218501050E1,
-1.067432206538E0));
#12512=CARTESIAN_POINT('',(2.774755805939E1,-3.217634422902E1,
-1.151160013998E0));
#12513=CARTESIAN_POINT('',(2.776050138783E1,-3.218397072164E1,
-1.247674557496E0));
#12514=CARTESIAN_POINT('',(2.763828717868E1,-3.248869208733E1,
-9.824758001461E-1));
#12515=CARTESIAN_POINT('',(2.772048068669E1,-3.253721570185E1,
-1.035496159206E0));
#12516=CARTESIAN_POINT('',(2.777255251683E1,-3.257210799994E1,
-1.116535170608E0));
#12517=CARTESIAN_POINT('',(2.778599697986E1,-3.258766948834E1,
-1.212355491931E0));
#12518=CARTESIAN_POINT('',(2.742035689059E1,-3.271988116816E1,
-9.622493764423E-1));
#12519=CARTESIAN_POINT('',(2.746914953505E1,-3.280383774160E1,
-1.012169753282E0));
#12520=CARTESIAN_POINT('',(2.750006100672E1,-3.286117778601E1,
-1.091244841359E0));
#12521=CARTESIAN_POINT('',(2.750804206168E1,-3.288253507408E1,
-1.186558095915E0));
#12522=CARTESIAN_POINT('',(2.710200000001E1,-3.271988116817E1,
-9.622493764415E-1));
#12523=CARTESIAN_POINT('',(2.710200000002E1,-3.280383774161E1,
-1.012169753281E0));
#12524=CARTESIAN_POINT('',(2.710200000002E1,-3.286117778602E1,
-1.091244841358E0));
#12525=CARTESIAN_POINT('',(2.710200000002E1,-3.288253507409E1,
-1.186558095914E0));
#12526=CARTESIAN_POINT('',(2.678364310944E1,-3.271988116818E1,
-9.622493764408E-1));
#12527=CARTESIAN_POINT('',(2.673485046498E1,-3.280383774162E1,
-1.012169753280E0));
#12528=CARTESIAN_POINT('',(2.670393899332E1,-3.286117778603E1,
-1.091244841357E0));
#12529=CARTESIAN_POINT('',(2.669595793836E1,-3.288253507410E1,
-1.186558095913E0));
#12530=CARTESIAN_POINT('',(2.656571282133E1,-3.248869208735E1,
-9.824758001437E-1));
#12531=CARTESIAN_POINT('',(2.648351931333E1,-3.253721570188E1,
-1.035496159203E0));
#12532=CARTESIAN_POINT('',(2.643144748319E1,-3.257210799997E1,
-1.116535170605E0));
#12533=CARTESIAN_POINT('',(2.641800302016E1,-3.258766948837E1,
-1.212355491928E0));
#12534=CARTESIAN_POINT('',(2.658570261589E1,-3.217217245495E1,
-1.010167679762E0));
#12535=CARTESIAN_POINT('',(2.650657282338E1,-3.217218501053E1,
-1.067432206536E0));
#12536=CARTESIAN_POINT('',(2.645644194061E1,-3.217634422905E1,
-1.151160013995E0));
#12537=CARTESIAN_POINT('',(2.644349861216E1,-3.218397072168E1,
-1.247674557494E0));
#12538=(BOUNDED_SURFACE()B_SPLINE_SURFACE(3,3,((#12510,#12511,#12512,#12513),(
#12514,#12515,#12516,#12517),(#12518,#12519,#12520,#12521),(#12522,#12523,
#12524,#12525),(#12526,#12527,#12528,#12529),(#12530,#12531,#12532,#12533),(
#12534,#12535,#12536,#12537)),.UNSPECIFIED.,.F.,.F.,.F.)B_SPLINE_SURFACE_WITH_KNOTS((4,3,4),(4,4),(0.E0,1.E0,2.E0),(0.E0,1.E0),.UNSPECIFIED.)GEOMETRIC_REPRESENTATION_ITEM()RATIONAL_B_SPLINE_SURFACE(((1.237810361751E0,1.170413522751E0,
1.170413522751E0,1.237810361751E0),(9.774964544588E-1,9.242733007354E-1,
9.242733007354E-1,9.774964544588E-1),(9.774964544588E-1,9.242733007354E-1,
9.242733007354E-1,9.774964544588E-1),(1.237810361751E0,1.170413522751E0,
1.170413522751E0,1.237810361751E0),(9.774964544588E-1,9.242733007354E-1,
9.242733007354E-1,9.774964544588E-1),(9.774964544588E-1,9.242733007354E-1,
9.242733007354E-1,9.774964544588E-1),(1.237810361751E0,1.170413522751E0,
1.170413522751E0,1.237810361751E0)))REPRESENTATION_ITEM('')SURFACE());
#12539=ORIENTED_EDGE('',*,*,#7869,.F.);
#12540=ORIENTED_EDGE('',*,*,#12505,.T.);
#12542=ORIENTED_EDGE('',*,*,#12541,.F.);
#12543=ORIENTED_EDGE('',*,*,#12501,.F.);
#12544=EDGE_LOOP('',(#12539,#12540,#12542,#12543));
#12545=FACE_OUTER_BOUND('',#12544,.F.);
#12546=ADVANCED_FACE('',(#12545),#12538,.T.);
#12547=CARTESIAN_POINT('',(2.7102E1,-3.222577258342E1,-1.250123017350E0));
#12548=DIRECTION('',(0.E0,-8.715574274767E-2,-9.961946980917E-1));
#12549=DIRECTION('',(-1.E0,0.E0,0.E0));
#12550=AXIS2_PLACEMENT_3D('',#12547,#12548,#12549);
#12551=CONICAL_SURFACE('',#12550,6.611798772985E-1,1.E1);
#12553=ORIENTED_EDGE('',*,*,#12552,.T.);
#12555=ORIENTED_EDGE('',*,*,#12554,.F.);
#12556=ORIENTED_EDGE('',*,*,#12541,.T.);
#12558=ORIENTED_EDGE('',*,*,#12557,.T.);
#12559=EDGE_LOOP('',(#12553,#12555,#12556,#12558));
#12560=FACE_OUTER_BOUND('',#12559,.F.);
#12561=ADVANCED_FACE('',(#12560),#12551,.T.);
#12562=CARTESIAN_POINT('',(2.6187E1,-3.2895E1,-1.212039516665E0));
#12563=DIRECTION('',(0.E0,8.715574274767E-2,9.961946980917E-1));
#12564=DIRECTION('',(0.E0,9.961946980917E-1,-8.715574274767E-2));
#12565=AXIS2_PLACEMENT_3D('',#12562,#12563,#12564);
#12566=PLANE('',#12565);
#12568=ORIENTED_EDGE('',*,*,#12567,.T.);
#12570=ORIENTED_EDGE('',*,*,#12569,.T.);
#12572=ORIENTED_EDGE('',*,*,#12571,.F.);
#12574=ORIENTED_EDGE('',*,*,#12573,.F.);
#12575=EDGE_LOOP('',(#12568,#12570,#12572,#12574));
#12576=FACE_OUTER_BOUND('',#12575,.F.);
#12578=ORIENTED_EDGE('',*,*,#12577,.F.);
#12579=ORIENTED_EDGE('',*,*,#12552,.F.);
#12580=EDGE_LOOP('',(#12578,#12579));
#12581=FACE_BOUND('',#12580,.F.);
#12582=ADVANCED_FACE('',(#12576,#12581),#12566,.T.);
#12583=CARTESIAN_POINT('',(2.6187E1,-3.199743114855E1,-1.416044095594E0));
#12584=DIRECTION('',(1.E0,0.E0,0.E0));
#12585=DIRECTION('',(0.E0,9.961946980917E-1,-8.715574274767E-2));
#12586=AXIS2_PLACEMENT_3D('',#12583,#12584,#12585);
#12587=PLANE('',#12586);
#12588=ORIENTED_EDGE('',*,*,#12567,.F.);
#12590=ORIENTED_EDGE('',*,*,#12589,.T.);
#12592=ORIENTED_EDGE('',*,*,#12591,.T.);
#12594=ORIENTED_EDGE('',*,*,#12593,.F.);
#12595=EDGE_LOOP('',(#12588,#12590,#12592,#12594));
#12596=FACE_OUTER_BOUND('',#12595,.F.);
#12597=ADVANCED_FACE('',(#12596),#12587,.F.);
#12598=CARTESIAN_POINT('',(2.7102E1,-3.290589446784E1,-1.336563853927E0));
#12599=DIRECTION('',(0.E0,-9.961946980917E-1,8.715574274767E-2));
#12600=DIRECTION('',(1.E0,0.E0,0.E0));
#12601=AXIS2_PLACEMENT_3D('',#12598,#12599,#12600);
#12602=PLANE('',#12601);
#12603=ORIENTED_EDGE('',*,*,#12573,.T.);
#12605=ORIENTED_EDGE('',*,*,#12604,.T.);
#12607=ORIENTED_EDGE('',*,*,#12606,.F.);
#12608=ORIENTED_EDGE('',*,*,#12589,.F.);
#12609=EDGE_LOOP('',(#12603,#12605,#12607,#12608));
#12610=FACE_OUTER_BOUND('',#12609,.F.);
#12611=ADVANCED_FACE('',(#12610),#12602,.T.);
#12612=CARTESIAN_POINT('',(2.8017E1,-3.199743114855E1,-1.416044095594E0));
#12613=DIRECTION('',(1.E0,0.E0,0.E0));
#12614=DIRECTION('',(0.E0,9.961946980917E-1,-8.715574274767E-2));
#12615=AXIS2_PLACEMENT_3D('',#12612,#12613,#12614);
#12616=PLANE('',#12615);
#12617=ORIENTED_EDGE('',*,*,#12571,.T.);
#12619=ORIENTED_EDGE('',*,*,#12618,.T.);
#12621=ORIENTED_EDGE('',*,*,#12620,.F.);
#12622=ORIENTED_EDGE('',*,*,#12604,.F.);
#12623=EDGE_LOOP('',(#12617,#12619,#12621,#12622));
#12624=FACE_OUTER_BOUND('',#12623,.F.);
#12625=ADVANCED_FACE('',(#12624),#12616,.T.);
#12626=CARTESIAN_POINT('',(2.8017E1,-3.087921269291E1,-1.424322062909E0));
#12627=DIRECTION('',(1.E0,0.E0,0.E0));
#12628=DIRECTION('',(0.E0,9.961946980917E-1,-8.715574274766E-2));
#12629=AXIS2_PLACEMENT_3D('',#12626,#12627,#12628);
#12630=PLANE('',#12629);
#12632=ORIENTED_EDGE('',*,*,#12631,.T.);
#12634=ORIENTED_EDGE('',*,*,#12633,.T.);
#12636=ORIENTED_EDGE('',*,*,#12635,.F.);
#12637=ORIENTED_EDGE('',*,*,#12618,.F.);
#12638=EDGE_LOOP('',(#12632,#12634,#12636,#12637));
#12639=FACE_OUTER_BOUND('',#12638,.F.);
#12640=ADVANCED_FACE('',(#12639),#12630,.T.);
#12641=CARTESIAN_POINT('',(2.6187E1,-3.1065E1,-1.221570795286E0));
#12642=DIRECTION('',(-1.E0,0.E0,0.E0));
#12643=DIRECTION('',(0.E0,1.E0,0.E0));
#12644=AXIS2_PLACEMENT_3D('',#12641,#12642,#12643);
#12645=CYLINDRICAL_SURFACE('',#12644,1.5E-1);
#12647=ORIENTED_EDGE('',*,*,#12646,.T.);
#12649=ORIENTED_EDGE('',*,*,#12648,.T.);
#12650=ORIENTED_EDGE('',*,*,#12631,.F.);
#12651=ORIENTED_EDGE('',*,*,#12569,.F.);
#12652=EDGE_LOOP('',(#12647,#12649,#12650,#12651));
#12653=FACE_OUTER_BOUND('',#12652,.F.);
#12654=ADVANCED_FACE('',(#12653),#12645,.F.);
#12655=CARTESIAN_POINT('',(2.6187E1,-3.087921269291E1,-1.424322062909E0));
#12656=DIRECTION('',(1.E0,0.E0,0.E0));
#12657=DIRECTION('',(0.E0,9.961946980917E-1,-8.715574274766E-2));
#12658=AXIS2_PLACEMENT_3D('',#12655,#12656,#12657);
#12659=PLANE('',#12658);
#12660=ORIENTED_EDGE('',*,*,#12646,.F.);
#12661=ORIENTED_EDGE('',*,*,#12593,.T.);
#12663=ORIENTED_EDGE('',*,*,#12662,.T.);
#12665=ORIENTED_EDGE('',*,*,#12664,.F.);
#12666=EDGE_LOOP('',(#12660,#12661,#12663,#12665));
#12667=FACE_OUTER_BOUND('',#12666,.F.);
#12668=ADVANCED_FACE('',(#12667),#12659,.F.);
#12669=CARTESIAN_POINT('',(2.6187E1,-3.1065E1,-1.221570795286E0));
#12670=DIRECTION('',(-1.E0,0.E0,0.E0));
#12671=DIRECTION('',(0.E0,1.E0,0.E0));
#12672=AXIS2_PLACEMENT_3D('',#12669,#12670,#12671);
#12673=CYLINDRICAL_SURFACE('',#12672,4.E-1);
#12674=ORIENTED_EDGE('',*,*,#12662,.F.);
#12676=ORIENTED_EDGE('',*,*,#12675,.T.);
#12677=ORIENTED_EDGE('',*,*,#12635,.T.);
#12679=ORIENTED_EDGE('',*,*,#12678,.F.);
#12680=EDGE_LOOP('',(#12674,#12676,#12677,#12679));
#12681=FACE_OUTER_BOUND('',#12680,.F.);
#12682=ADVANCED_FACE('',(#12681),#12673,.T.);
#12683=CARTESIAN_POINT('',(2.6187E1,-3.291678893569E1,-1.461088191188E0));
#12684=DIRECTION('',(0.E0,8.715574274767E-2,9.961946980917E-1));
#12685=DIRECTION('',(0.E0,9.961946980917E-1,-8.715574274767E-2));
#12686=AXIS2_PLACEMENT_3D('',#12683,#12684,#12685);
#12687=PLANE('',#12686);
#12688=ORIENTED_EDGE('',*,*,#12591,.F.);
#12689=ORIENTED_EDGE('',*,*,#12606,.T.);
#12690=ORIENTED_EDGE('',*,*,#12620,.T.);
#12691=ORIENTED_EDGE('',*,*,#12675,.F.);
#12692=EDGE_LOOP('',(#12688,#12689,#12690,#12691));
#12693=FACE_OUTER_BOUND('',#12692,.F.);
#12695=ORIENTED_EDGE('',*,*,#12694,.T.);
#12697=ORIENTED_EDGE('',*,*,#12696,.T.);
#12698=EDGE_LOOP('',(#12695,#12697));
#12699=FACE_BOUND('',#12698,.F.);
#12700=ADVANCED_FACE('',(#12693,#12699),#12687,.F.);
#12701=CARTESIAN_POINT('',(2.7102E1,-3.223855885575E1,-1.396270778852E0));
#12702=DIRECTION('',(0.E0,-8.715574274767E-2,-9.961946980917E-1));
#12703=DIRECTION('',(-1.E0,0.E0,0.E0));
#12704=AXIS2_PLACEMENT_3D('',#12701,#12702,#12703);
#12705=CONICAL_SURFACE('',#12704,4.331914542748E-1,1.E1);
#12706=ORIENTED_EDGE('',*,*,#12694,.F.);
#12708=ORIENTED_EDGE('',*,*,#12707,.F.);
#12710=ORIENTED_EDGE('',*,*,#12709,.F.);
#12712=ORIENTED_EDGE('',*,*,#12711,.T.);
#12713=EDGE_LOOP('',(#12706,#12708,#12710,#12712));
#12714=FACE_OUTER_BOUND('',#12713,.F.);
#12715=ADVANCED_FACE('',(#12714),#12705,.F.);
#12716=CARTESIAN_POINT('',(2.7102E1,-3.223855885575E1,-1.396270778852E0));
#12717=DIRECTION('',(0.E0,-8.715574274767E-2,-9.961946980917E-1));
#12718=DIRECTION('',(-1.E0,0.E0,0.E0));
#12719=AXIS2_PLACEMENT_3D('',#12716,#12717,#12718);
#12720=CONICAL_SURFACE('',#12719,4.331914542748E-1,1.E1);
#12721=ORIENTED_EDGE('',*,*,#12696,.F.);
#12722=ORIENTED_EDGE('',*,*,#12711,.F.);
#12724=ORIENTED_EDGE('',*,*,#12723,.F.);
#12725=ORIENTED_EDGE('',*,*,#12707,.T.);
#12726=EDGE_LOOP('',(#12721,#12722,#12724,#12725));
#12727=FACE_OUTER_BOUND('',#12726,.F.);
#12728=ADVANCED_FACE('',(#12727),#12720,.F.);
#12729=CARTESIAN_POINT('',(2.7102E1,-3.222929266713E1,-1.290357758268E0));
#12730=DIRECTION('',(0.E0,-8.715574274767E-2,-9.961946980917E-1));
#12731=DIRECTION('',(-9.999736456494E-1,7.232401402089E-3,-6.327531327516E-4));
#12732=AXIS2_PLACEMENT_3D('',#12729,#12730,#12731);
#12733=TOROIDAL_SURFACE('',#12732,3.129021332485E-1,1.E-1);
#12735=ORIENTED_EDGE('',*,*,#12734,.F.);
#12737=ORIENTED_EDGE('',*,*,#12736,.T.);
#12738=ORIENTED_EDGE('',*,*,#12723,.T.);
#12740=ORIENTED_EDGE('',*,*,#12739,.F.);
#12741=EDGE_LOOP('',(#12735,#12737,#12738,#12740));
#12742=FACE_OUTER_BOUND('',#12741,.F.);
#12743=ADVANCED_FACE('',(#12742),#12733,.F.);
#12744=CARTESIAN_POINT('',(2.7102E1,-3.222057709286E1,-1.190738288459E0));
#12745=DIRECTION('',(0.E0,-8.715574274767E-2,-9.961946980917E-1));
#12746=DIRECTION('',(-1.E0,0.E0,0.E0));
#12747=AXIS2_PLACEMENT_3D('',#12744,#12745,#12746);
#12748=PLANE('',#12747);
#12749=ORIENTED_EDGE('',*,*,#12734,.T.);
#12751=ORIENTED_EDGE('',*,*,#12750,.T.);
#12752=EDGE_LOOP('',(#12749,#12751));
#12753=FACE_OUTER_BOUND('',#12752,.F.);
#12754=ADVANCED_FACE('',(#12753),#12748,.T.);
#12755=CARTESIAN_POINT('',(2.7102E1,-3.222929266713E1,-1.290357758268E0));
#12756=DIRECTION('',(0.E0,-8.715574274767E-2,-9.961946980917E-1));
#12757=DIRECTION('',(9.999736456494E-1,-7.232401402089E-3,6.327531327521E-4));
#12758=AXIS2_PLACEMENT_3D('',#12755,#12756,#12757);
#12759=TOROIDAL_SURFACE('',#12758,3.129021332485E-1,1.E-1);
#12760=ORIENTED_EDGE('',*,*,#12750,.F.);
#12761=ORIENTED_EDGE('',*,*,#12739,.T.);
#12762=ORIENTED_EDGE('',*,*,#12709,.T.);
#12763=ORIENTED_EDGE('',*,*,#12736,.F.);
#12764=EDGE_LOOP('',(#12760,#12761,#12762,#12763));
#12765=FACE_OUTER_BOUND('',#12764,.F.);
#12766=ADVANCED_FACE('',(#12765),#12759,.F.);
#12767=CARTESIAN_POINT('',(2.6187E1,-3.0665E1,-1.221570795286E0));
#12768=DIRECTION('',(0.E0,-1.E0,0.E0));
#12769=DIRECTION('',(0.E0,0.E0,1.E0));
#12770=AXIS2_PLACEMENT_3D('',#12767,#12768,#12769);
#12771=PLANE('',#12770);
#12773=ORIENTED_EDGE('',*,*,#12772,.F.);
#12774=ORIENTED_EDGE('',*,*,#12678,.T.);
#12776=ORIENTED_EDGE('',*,*,#12775,.T.);
#12778=ORIENTED_EDGE('',*,*,#12777,.F.);
#12779=EDGE_LOOP('',(#12773,#12774,#12776,#12778));
#12780=FACE_OUTER_BOUND('',#12779,.F.);
#12781=ADVANCED_FACE('',(#12780),#12771,.F.);
#12782=CARTESIAN_POINT('',(2.6187E1,-3.079E1,-5.457853976431E-1));
#12783=DIRECTION('',(1.E0,0.E0,0.E0));
#12784=DIRECTION('',(0.E0,0.E0,1.E0));
#12785=AXIS2_PLACEMENT_3D('',#12782,#12783,#12784);
#12786=PLANE('',#12785);
#12788=ORIENTED_EDGE('',*,*,#12787,.F.);
#12789=ORIENTED_EDGE('',*,*,#12664,.T.);
#12790=ORIENTED_EDGE('',*,*,#12772,.T.);
#12792=ORIENTED_EDGE('',*,*,#12791,.F.);
#12793=EDGE_LOOP('',(#12788,#12789,#12790,#12792));
#12794=FACE_OUTER_BOUND('',#12793,.F.);
#12795=ADVANCED_FACE('',(#12794),#12786,.F.);
#12796=CARTESIAN_POINT('',(2.6187E1,-3.0915E1,-1.221570795286E0));
#12797=DIRECTION('',(0.E0,-1.E0,0.E0));
#12798=DIRECTION('',(0.E0,0.E0,1.E0));
#12799=AXIS2_PLACEMENT_3D('',#12796,#12797,#12798);
#12800=PLANE('',#12799);
#12801=ORIENTED_EDGE('',*,*,#12787,.T.);
#12803=ORIENTED_EDGE('',*,*,#12802,.T.);
#12805=ORIENTED_EDGE('',*,*,#12804,.F.);
#12806=ORIENTED_EDGE('',*,*,#12648,.F.);
#12807=EDGE_LOOP('',(#12801,#12803,#12805,#12806));
#12808=FACE_OUTER_BOUND('',#12807,.F.);
#12809=ADVANCED_FACE('',(#12808),#12800,.T.);
#12810=CARTESIAN_POINT('',(2.6187E1,-3.1065E1,1.3E-1));
#12811=DIRECTION('',(-1.E0,0.E0,0.E0));
#12812=DIRECTION('',(0.E0,1.E0,0.E0));
#12813=AXIS2_PLACEMENT_3D('',#12810,#12811,#12812);
#12814=CYLINDRICAL_SURFACE('',#12813,1.5E-1);
#12816=ORIENTED_EDGE('',*,*,#12815,.T.);
#12818=ORIENTED_EDGE('',*,*,#12817,.T.);
#12820=ORIENTED_EDGE('',*,*,#12819,.F.);
#12821=ORIENTED_EDGE('',*,*,#12802,.F.);
#12822=EDGE_LOOP('',(#12816,#12818,#12820,#12821));
#12823=FACE_OUTER_BOUND('',#12822,.F.);
#12824=ADVANCED_FACE('',(#12823),#12814,.F.);
#12825=CARTESIAN_POINT('',(2.6187E1,-3.087054563517E1,3.244543648263E-1));
#12826=DIRECTION('',(1.E0,0.E0,0.E0));
#12827=DIRECTION('',(0.E0,0.E0,1.E0));
#12828=AXIS2_PLACEMENT_3D('',#12825,#12826,#12827);
#12829=PLANE('',#12828);
#12830=ORIENTED_EDGE('',*,*,#12815,.F.);
#12831=ORIENTED_EDGE('',*,*,#12791,.T.);
#12833=ORIENTED_EDGE('',*,*,#12832,.T.);
#12835=ORIENTED_EDGE('',*,*,#12834,.F.);
#12836=EDGE_LOOP('',(#12830,#12831,#12833,#12835));
#12837=FACE_OUTER_BOUND('',#12836,.F.);
#12838=ADVANCED_FACE('',(#12837),#12829,.F.);
#12839=CARTESIAN_POINT('',(2.6187E1,-3.1065E1,1.3E-1));
#12840=DIRECTION('',(-1.E0,0.E0,0.E0));
#12841=DIRECTION('',(0.E0,1.E0,0.E0));
#12842=AXIS2_PLACEMENT_3D('',#12839,#12840,#12841);
#12843=CYLINDRICAL_SURFACE('',#12842,4.E-1);
#12844=ORIENTED_EDGE('',*,*,#12832,.F.);
#12845=ORIENTED_EDGE('',*,*,#12777,.T.);
#12847=ORIENTED_EDGE('',*,*,#12846,.T.);
#12849=ORIENTED_EDGE('',*,*,#12848,.F.);
#12850=EDGE_LOOP('',(#12844,#12845,#12847,#12849));
#12851=FACE_OUTER_BOUND('',#12850,.F.);
#12852=ADVANCED_FACE('',(#12851),#12843,.T.);
#12853=CARTESIAN_POINT('',(2.8017E1,-3.087054563517E1,3.244543648263E-1));
#12854=DIRECTION('',(1.E0,0.E0,0.E0));
#12855=DIRECTION('',(0.E0,0.E0,1.E0));
#12856=AXIS2_PLACEMENT_3D('',#12853,#12854,#12855);
#12857=PLANE('',#12856);
#12858=ORIENTED_EDGE('',*,*,#12819,.T.);
#12860=ORIENTED_EDGE('',*,*,#12859,.T.);
#12861=ORIENTED_EDGE('',*,*,#12846,.F.);
#12863=ORIENTED_EDGE('',*,*,#12862,.F.);
#12864=EDGE_LOOP('',(#12858,#12860,#12861,#12863));
#12865=FACE_OUTER_BOUND('',#12864,.F.);
#12866=ADVANCED_FACE('',(#12865),#12857,.T.);
#12867=CARTESIAN_POINT('',(2.8017E1,-3.179E1,4.05E-1));
#12868=DIRECTION('',(1.E0,0.E0,0.E0));
#12869=DIRECTION('',(0.E0,-1.E0,0.E0));
#12870=AXIS2_PLACEMENT_3D('',#12867,#12868,#12869);
#12871=PLANE('',#12870);
#12873=ORIENTED_EDGE('',*,*,#12872,.T.);
#12875=ORIENTED_EDGE('',*,*,#12874,.T.);
#12877=ORIENTED_EDGE('',*,*,#12876,.F.);
#12878=ORIENTED_EDGE('',*,*,#12859,.F.);
#12879=EDGE_LOOP('',(#12873,#12875,#12877,#12878));
#12880=FACE_OUTER_BOUND('',#12879,.F.);
#12881=ADVANCED_FACE('',(#12880),#12871,.T.);
#12882=CARTESIAN_POINT('',(2.6187E1,-3.1065E1,2.8E-1));
#12883=DIRECTION('',(0.E0,0.E0,-1.E0));
#12884=DIRECTION('',(0.E0,-1.E0,0.E0));
#12885=AXIS2_PLACEMENT_3D('',#12882,#12883,#12884);
#12886=PLANE('',#12885);
#12888=ORIENTED_EDGE('',*,*,#12887,.T.);
#12890=ORIENTED_EDGE('',*,*,#12889,.T.);
#12891=ORIENTED_EDGE('',*,*,#12872,.F.);
#12892=ORIENTED_EDGE('',*,*,#12817,.F.);
#12893=EDGE_LOOP('',(#12888,#12890,#12891,#12892));
#12894=FACE_OUTER_BOUND('',#12893,.F.);
#12896=ORIENTED_EDGE('',*,*,#12895,.F.);
#12898=ORIENTED_EDGE('',*,*,#12897,.F.);
#12899=EDGE_LOOP('',(#12896,#12898));
#12900=FACE_BOUND('',#12899,.F.);
#12901=ADVANCED_FACE('',(#12894,#12900),#12886,.T.);
#12902=CARTESIAN_POINT('',(2.6187E1,-3.179E1,4.05E-1));
#12903=DIRECTION('',(1.E0,0.E0,0.E0));
#12904=DIRECTION('',(0.E0,-1.E0,0.E0));
#12905=AXIS2_PLACEMENT_3D('',#12902,#12903,#12904);
#12906=PLANE('',#12905);
#12907=ORIENTED_EDGE('',*,*,#12887,.F.);
#12908=ORIENTED_EDGE('',*,*,#12834,.T.);
#12910=ORIENTED_EDGE('',*,*,#12909,.T.);
#12912=ORIENTED_EDGE('',*,*,#12911,.F.);
#12913=EDGE_LOOP('',(#12907,#12908,#12910,#12912));
#12914=FACE_OUTER_BOUND('',#12913,.F.);
#12915=ADVANCED_FACE('',(#12914),#12906,.F.);
#12916=CARTESIAN_POINT('',(2.6187E1,-3.1065E1,5.3E-1));
#12917=DIRECTION('',(0.E0,0.E0,-1.E0));
#12918=DIRECTION('',(0.E0,-1.E0,0.E0));
#12919=AXIS2_PLACEMENT_3D('',#12916,#12917,#12918);
#12920=PLANE('',#12919);
#12921=ORIENTED_EDGE('',*,*,#12909,.F.);
#12922=ORIENTED_EDGE('',*,*,#12848,.T.);
#12923=ORIENTED_EDGE('',*,*,#12876,.T.);
#12925=ORIENTED_EDGE('',*,*,#12924,.F.);
#12926=EDGE_LOOP('',(#12921,#12922,#12923,#12925));
#12927=FACE_OUTER_BOUND('',#12926,.F.);
#12929=ORIENTED_EDGE('',*,*,#12928,.T.);
#12931=ORIENTED_EDGE('',*,*,#12930,.T.);
#12932=EDGE_LOOP('',(#12929,#12931));
#12933=FACE_BOUND('',#12932,.F.);
#12934=ADVANCED_FACE('',(#12927,#12933),#12920,.F.);
#12935=CARTESIAN_POINT('',(2.6187E1,-3.2515E1,6.6E-1));
#12936=DIRECTION('',(-1.E0,0.E0,0.E0));
#12937=DIRECTION('',(0.E0,1.E0,0.E0));
#12938=AXIS2_PLACEMENT_3D('',#12935,#12936,#12937);
#12939=CYLINDRICAL_SURFACE('',#12938,1.3E-1);
#12941=ORIENTED_EDGE('',*,*,#12940,.F.);
#12942=ORIENTED_EDGE('',*,*,#12924,.T.);
#12944=ORIENTED_EDGE('',*,*,#12943,.T.);
#12946=ORIENTED_EDGE('',*,*,#12945,.F.);
#12947=EDGE_LOOP('',(#12941,#12942,#12944,#12946));
#12948=FACE_OUTER_BOUND('',#12947,.F.);
#12949=ADVANCED_FACE('',(#12948),#12939,.F.);
#12950=CARTESIAN_POINT('',(2.6187E1,-3.277E1,6.6E-1));
#12951=DIRECTION('',(1.E0,0.E0,0.E0));
#12952=DIRECTION('',(0.E0,-1.E0,0.E0));
#12953=AXIS2_PLACEMENT_3D('',#12950,#12951,#12952);
#12954=PLANE('',#12953);
#12956=ORIENTED_EDGE('',*,*,#12955,.F.);
#12957=ORIENTED_EDGE('',*,*,#12911,.T.);
#12958=ORIENTED_EDGE('',*,*,#12940,.T.);
#12960=ORIENTED_EDGE('',*,*,#12959,.F.);
#12961=EDGE_LOOP('',(#12956,#12957,#12958,#12960));
#12962=FACE_OUTER_BOUND('',#12961,.F.);
#12963=ADVANCED_FACE('',(#12962),#12954,.F.);
#12964=CARTESIAN_POINT('',(2.6187E1,-3.2515E1,6.6E-1));
#12965=DIRECTION('',(-1.E0,0.E0,0.E0));
#12966=DIRECTION('',(0.E0,1.E0,0.E0));
#12967=AXIS2_PLACEMENT_3D('',#12964,#12965,#12966);
#12968=CYLINDRICAL_SURFACE('',#12967,3.8E-1);
#12969=ORIENTED_EDGE('',*,*,#12955,.T.);
#12971=ORIENTED_EDGE('',*,*,#12970,.T.);
#12973=ORIENTED_EDGE('',*,*,#12972,.F.);
#12974=ORIENTED_EDGE('',*,*,#12889,.F.);
#12975=EDGE_LOOP('',(#12969,#12971,#12973,#12974));
#12976=FACE_OUTER_BOUND('',#12975,.F.);
#12977=ADVANCED_FACE('',(#12976),#12968,.T.);
#12978=CARTESIAN_POINT('',(2.6187E1,-3.2515E1,1.04E0));
#12979=DIRECTION('',(0.E0,0.E0,1.E0));
#12980=DIRECTION('',(0.E0,1.E0,0.E0));
#12981=AXIS2_PLACEMENT_3D('',#12978,#12979,#12980);
#12982=PLANE('',#12981);
#12984=ORIENTED_EDGE('',*,*,#12983,.F.);
#12986=ORIENTED_EDGE('',*,*,#12985,.F.);
#12987=ORIENTED_EDGE('',*,*,#12970,.F.);
#12989=ORIENTED_EDGE('',*,*,#12988,.T.);
#12991=ORIENTED_EDGE('',*,*,#12990,.F.);
#12993=ORIENTED_EDGE('',*,*,#12992,.T.);
#12994=EDGE_LOOP('',(#12984,#12986,#12987,#12989,#12991,#12993));
#12995=FACE_OUTER_BOUND('',#12994,.F.);
#12996=ADVANCED_FACE('',(#12995),#12982,.T.);
#12997=CARTESIAN_POINT('',(2.7877E1,-3.1065E1,9.15E-1));
#12998=DIRECTION('',(0.E0,1.E0,0.E0));
#12999=DIRECTION('',(-1.E0,0.E0,0.E0));
#13000=AXIS2_PLACEMENT_3D('',#12997,#12998,#12999);
#13001=PLANE('',#13000);
#13002=ORIENTED_EDGE('',*,*,#12983,.T.);
#13004=ORIENTED_EDGE('',*,*,#13003,.T.);
#13006=ORIENTED_EDGE('',*,*,#13005,.F.);
#13008=ORIENTED_EDGE('',*,*,#13007,.F.);
#13009=EDGE_LOOP('',(#13002,#13004,#13006,#13008));
#13010=FACE_OUTER_BOUND('',#13009,.F.);
#13011=ADVANCED_FACE('',(#13010),#13001,.T.);
#13012=CARTESIAN_POINT('',(2.7737E1,-3.087054563517E1,9.955456351737E-1));
#13013=DIRECTION('',(-1.E0,0.E0,0.E0));
#13014=DIRECTION('',(0.E0,0.E0,-1.E0));
#13015=AXIS2_PLACEMENT_3D('',#13012,#13013,#13014);
#13016=PLANE('',#13015);
#13018=ORIENTED_EDGE('',*,*,#13017,.F.);
#13020=ORIENTED_EDGE('',*,*,#13019,.T.);
#13022=ORIENTED_EDGE('',*,*,#13021,.T.);
#13023=ORIENTED_EDGE('',*,*,#13003,.F.);
#13024=EDGE_LOOP('',(#13018,#13020,#13022,#13023));
#13025=FACE_OUTER_BOUND('',#13024,.F.);
#13026=ADVANCED_FACE('',(#13025),#13016,.F.);
#13027=CARTESIAN_POINT('',(2.6187E1,-3.1065E1,1.19E0));
#13028=DIRECTION('',(-1.E0,0.E0,0.E0));
#13029=DIRECTION('',(0.E0,1.E0,0.E0));
#13030=AXIS2_PLACEMENT_3D('',#13027,#13028,#13029);
#13031=CYLINDRICAL_SURFACE('',#13030,1.5E-1);
#13032=ORIENTED_EDGE('',*,*,#13017,.T.);
#13033=ORIENTED_EDGE('',*,*,#12992,.F.);
#13035=ORIENTED_EDGE('',*,*,#13034,.F.);
#13037=ORIENTED_EDGE('',*,*,#13036,.T.);
#13038=EDGE_LOOP('',(#13032,#13033,#13035,#13037));
#13039=FACE_OUTER_BOUND('',#13038,.F.);
#13040=ADVANCED_FACE('',(#13039),#13031,.F.);
#13041=CARTESIAN_POINT('',(2.6467E1,-3.087054563517E1,9.955456351737E-1));
#13042=DIRECTION('',(-1.E0,0.E0,0.E0));
#13043=DIRECTION('',(0.E0,0.E0,-1.E0));
#13044=AXIS2_PLACEMENT_3D('',#13041,#13042,#13043);
#13045=PLANE('',#13044);
#13046=ORIENTED_EDGE('',*,*,#13034,.T.);
#13048=ORIENTED_EDGE('',*,*,#13047,.T.);
#13050=ORIENTED_EDGE('',*,*,#13049,.F.);
#13052=ORIENTED_EDGE('',*,*,#13051,.F.);
#13053=EDGE_LOOP('',(#13046,#13048,#13050,#13052));
#13054=FACE_OUTER_BOUND('',#13053,.F.);
#13055=ADVANCED_FACE('',(#13054),#13045,.T.);
#13056=CARTESIAN_POINT('',(2.6327E1,-3.1065E1,9.15E-1));
#13057=DIRECTION('',(0.E0,1.E0,0.E0));
#13058=DIRECTION('',(-1.E0,0.E0,0.E0));
#13059=AXIS2_PLACEMENT_3D('',#13056,#13057,#13058);
#13060=PLANE('',#13059);
#13061=ORIENTED_EDGE('',*,*,#12990,.T.);
#13063=ORIENTED_EDGE('',*,*,#13062,.T.);
#13065=ORIENTED_EDGE('',*,*,#13064,.F.);
#13066=ORIENTED_EDGE('',*,*,#13047,.F.);
#13067=EDGE_LOOP('',(#13061,#13063,#13065,#13066));
#13068=FACE_OUTER_BOUND('',#13067,.F.);
#13069=ADVANCED_FACE('',(#13068),#13060,.T.);
#13070=CARTESIAN_POINT('',(2.6187E1,-3.179E1,9.15E-1));
#13071=DIRECTION('',(1.E0,0.E0,0.E0));
#13072=DIRECTION('',(0.E0,1.E0,0.E0));
#13073=AXIS2_PLACEMENT_3D('',#13070,#13071,#13072);
#13074=PLANE('',#13073);
#13075=ORIENTED_EDGE('',*,*,#13062,.F.);
#13076=ORIENTED_EDGE('',*,*,#12988,.F.);
#13077=ORIENTED_EDGE('',*,*,#12959,.T.);
#13079=ORIENTED_EDGE('',*,*,#13078,.T.);
#13080=EDGE_LOOP('',(#13075,#13076,#13077,#13079));
#13081=FACE_OUTER_BOUND('',#13080,.F.);
#13082=ADVANCED_FACE('',(#13081),#13074,.F.);
#13083=CARTESIAN_POINT('',(2.6187E1,-3.2515E1,7.9E-1));
#13084=DIRECTION('',(0.E0,0.E0,1.E0));
#13085=DIRECTION('',(0.E0,1.E0,0.E0));
#13086=AXIS2_PLACEMENT_3D('',#13083,#13084,#13085);
#13087=PLANE('',#13086);
#13088=ORIENTED_EDGE('',*,*,#13005,.T.);
#13090=ORIENTED_EDGE('',*,*,#13089,.F.);
#13091=ORIENTED_EDGE('',*,*,#13064,.T.);
#13092=ORIENTED_EDGE('',*,*,#13078,.F.);
#13093=ORIENTED_EDGE('',*,*,#12945,.T.);
#13095=ORIENTED_EDGE('',*,*,#13094,.T.);
#13096=EDGE_LOOP('',(#13088,#13090,#13091,#13092,#13093,#13095));
#13097=FACE_OUTER_BOUND('',#13096,.F.);
#13098=ADVANCED_FACE('',(#13097),#13087,.F.);
#13099=CARTESIAN_POINT('',(2.6187E1,-3.1065E1,1.19E0));
#13100=DIRECTION('',(-1.E0,0.E0,0.E0));
#13101=DIRECTION('',(0.E0,1.E0,0.E0));
#13102=AXIS2_PLACEMENT_3D('',#13099,#13100,#13101);
#13103=CYLINDRICAL_SURFACE('',#13102,4.E-1);
#13104=ORIENTED_EDGE('',*,*,#13021,.F.);
#13106=ORIENTED_EDGE('',*,*,#13105,.F.);
#13107=ORIENTED_EDGE('',*,*,#13049,.T.);
#13108=ORIENTED_EDGE('',*,*,#13089,.T.);
#13109=EDGE_LOOP('',(#13104,#13106,#13107,#13108));
#13110=FACE_OUTER_BOUND('',#13109,.F.);
#13111=ADVANCED_FACE('',(#13110),#13103,.T.);
#13112=CARTESIAN_POINT('',(2.6187E1,-3.0665E1,1.19E0));
#13113=DIRECTION('',(0.E0,-1.E0,0.E0));
#13114=DIRECTION('',(0.E0,0.E0,1.E0));
#13115=AXIS2_PLACEMENT_3D('',#13112,#13113,#13114);
#13116=PLANE('',#13115);
#13118=ORIENTED_EDGE('',*,*,#13117,.T.);
#13120=ORIENTED_EDGE('',*,*,#13119,.T.);
#13122=ORIENTED_EDGE('',*,*,#13121,.T.);
#13124=ORIENTED_EDGE('',*,*,#13123,.F.);
#13125=ORIENTED_EDGE('',*,*,#13105,.T.);
#13127=ORIENTED_EDGE('',*,*,#13126,.T.);
#13129=ORIENTED_EDGE('',*,*,#13128,.T.);
#13131=ORIENTED_EDGE('',*,*,#13130,.F.);
#13132=EDGE_LOOP('',(#13118,#13120,#13122,#13124,#13125,#13127,#13129,#13131));
#13133=FACE_OUTER_BOUND('',#13132,.F.);
#13134=ADVANCED_FACE('',(#13133),#13116,.F.);
#13135=CARTESIAN_POINT('',(3.1412E1,-3.0665E1,7.62E0));
#13136=DIRECTION('',(0.E0,0.E0,-1.E0));
#13137=DIRECTION('',(-1.E0,0.E0,0.E0));
#13138=AXIS2_PLACEMENT_3D('',#13135,#13136,#13137);
#13139=PLANE('',#13138);
#13141=ORIENTED_EDGE('',*,*,#13140,.T.);
#13143=ORIENTED_EDGE('',*,*,#13142,.F.);
#13144=ORIENTED_EDGE('',*,*,#13117,.F.);
#13146=ORIENTED_EDGE('',*,*,#13145,.T.);
#13147=EDGE_LOOP('',(#13141,#13143,#13144,#13146));
#13148=FACE_OUTER_BOUND('',#13147,.F.);
#13149=ADVANCED_FACE('',(#13148),#13139,.F.);
#13150=CARTESIAN_POINT('',(2.6187E1,-3.0915E1,1.19E0));
#13151=DIRECTION('',(0.E0,-1.E0,0.E0));
#13152=DIRECTION('',(0.E0,0.E0,1.E0));
#13153=AXIS2_PLACEMENT_3D('',#13150,#13151,#13152);
#13154=PLANE('',#13153);
#13155=ORIENTED_EDGE('',*,*,#13140,.F.);
#13157=ORIENTED_EDGE('',*,*,#13156,.T.);
#13159=ORIENTED_EDGE('',*,*,#13158,.F.);
#13161=ORIENTED_EDGE('',*,*,#13160,.F.);
#13162=ORIENTED_EDGE('',*,*,#13036,.F.);
#13164=ORIENTED_EDGE('',*,*,#13163,.T.);
#13166=ORIENTED_EDGE('',*,*,#13165,.F.);
#13168=ORIENTED_EDGE('',*,*,#13167,.F.);
#13169=EDGE_LOOP('',(#13155,#13157,#13159,#13161,#13162,#13164,#13166,#13168));
#13170=FACE_OUTER_BOUND('',#13169,.F.);
#13171=ADVANCED_FACE('',(#13170),#13154,.T.);
#13172=CARTESIAN_POINT('',(2.7332E1,-3.079E1,6.625E0));
#13173=DIRECTION('',(-1.E0,0.E0,0.E0));
#13174=DIRECTION('',(0.E0,0.E0,-1.E0));
#13175=AXIS2_PLACEMENT_3D('',#13172,#13173,#13174);
#13176=PLANE('',#13175);
#13177=ORIENTED_EDGE('',*,*,#13145,.F.);
#13178=ORIENTED_EDGE('',*,*,#13130,.T.);
#13180=ORIENTED_EDGE('',*,*,#13179,.F.);
#13181=ORIENTED_EDGE('',*,*,#13156,.F.);
#13182=EDGE_LOOP('',(#13177,#13178,#13180,#13181));
#13183=FACE_OUTER_BOUND('',#13182,.F.);
#13184=ADVANCED_FACE('',(#13183),#13176,.F.);
#13185=CARTESIAN_POINT('',(2.75345E1,-3.079E1,3.6075E0));
#13186=DIRECTION('',(7.071067811866E-1,0.E0,7.071067811865E-1));
#13187=DIRECTION('',(-7.071067811865E-1,0.E0,7.071067811866E-1));
#13188=AXIS2_PLACEMENT_3D('',#13185,#13186,#13187);
#13189=PLANE('',#13188);
#13190=ORIENTED_EDGE('',*,*,#13158,.T.);
#13191=ORIENTED_EDGE('',*,*,#13179,.T.);
#13192=ORIENTED_EDGE('',*,*,#13128,.F.);
#13194=ORIENTED_EDGE('',*,*,#13193,.F.);
#13195=EDGE_LOOP('',(#13190,#13191,#13192,#13194));
#13196=FACE_OUTER_BOUND('',#13195,.F.);
#13197=ADVANCED_FACE('',(#13196),#13189,.T.);
#13198=CARTESIAN_POINT('',(2.7737E1,-3.079E1,6.63E0));
#13199=DIRECTION('',(1.E0,0.E0,0.E0));
#13200=DIRECTION('',(0.E0,0.E0,1.E0));
#13201=AXIS2_PLACEMENT_3D('',#13198,#13199,#13200);
#13202=PLANE('',#13201);
#13203=ORIENTED_EDGE('',*,*,#13193,.T.);
#13204=ORIENTED_EDGE('',*,*,#13126,.F.);
#13205=ORIENTED_EDGE('',*,*,#13019,.F.);
#13206=ORIENTED_EDGE('',*,*,#13160,.T.);
#13207=EDGE_LOOP('',(#13203,#13204,#13205,#13206));
#13208=FACE_OUTER_BOUND('',#13207,.F.);
#13209=ADVANCED_FACE('',(#13208),#13202,.T.);
#13210=CARTESIAN_POINT('',(2.6467E1,-3.079E1,6.63E0));
#13211=DIRECTION('',(1.E0,0.E0,0.E0));
#13212=DIRECTION('',(0.E0,0.E0,1.E0));
#13213=AXIS2_PLACEMENT_3D('',#13210,#13211,#13212);
#13214=PLANE('',#13213);
#13216=ORIENTED_EDGE('',*,*,#13215,.F.);
#13217=ORIENTED_EDGE('',*,*,#13163,.F.);
#13218=ORIENTED_EDGE('',*,*,#13051,.T.);
#13219=ORIENTED_EDGE('',*,*,#13123,.T.);
#13220=EDGE_LOOP('',(#13216,#13217,#13218,#13219));
#13221=FACE_OUTER_BOUND('',#13220,.F.);
#13222=ADVANCED_FACE('',(#13221),#13214,.F.);
#13223=CARTESIAN_POINT('',(2.66695E1,-3.079E1,3.6075E0));
#13224=DIRECTION('',(-7.071067811866E-1,0.E0,7.071067811865E-1));
#13225=DIRECTION('',(-7.071067811865E-1,0.E0,-7.071067811866E-1));
#13226=AXIS2_PLACEMENT_3D('',#13223,#13224,#13225);
#13227=PLANE('',#13226);
#13228=ORIENTED_EDGE('',*,*,#13165,.T.);
#13229=ORIENTED_EDGE('',*,*,#13215,.T.);
#13230=ORIENTED_EDGE('',*,*,#13121,.F.);
#13232=ORIENTED_EDGE('',*,*,#13231,.F.);
#13233=EDGE_LOOP('',(#13228,#13229,#13230,#13232));
#13234=FACE_OUTER_BOUND('',#13233,.F.);
#13235=ADVANCED_FACE('',(#13234),#13227,.T.);
#13236=CARTESIAN_POINT('',(2.6872E1,-3.079E1,6.625E0));
#13237=DIRECTION('',(-1.E0,0.E0,0.E0));
#13238=DIRECTION('',(0.E0,0.E0,-1.E0));
#13239=AXIS2_PLACEMENT_3D('',#13236,#13237,#13238);
#13240=PLANE('',#13239);
#13241=ORIENTED_EDGE('',*,*,#13142,.T.);
#13242=ORIENTED_EDGE('',*,*,#13167,.T.);
#13243=ORIENTED_EDGE('',*,*,#13231,.T.);
#13244=ORIENTED_EDGE('',*,*,#13119,.F.);
#13245=EDGE_LOOP('',(#13241,#13242,#13243,#13244));
#13246=FACE_OUTER_BOUND('',#13245,.F.);
#13247=ADVANCED_FACE('',(#13246),#13240,.T.);
#13248=CARTESIAN_POINT('',(2.8017E1,-3.179E1,9.15E-1));
#13249=DIRECTION('',(1.E0,0.E0,0.E0));
#13250=DIRECTION('',(0.E0,1.E0,0.E0));
#13251=AXIS2_PLACEMENT_3D('',#13248,#13249,#13250);
#13252=PLANE('',#13251);
#13253=ORIENTED_EDGE('',*,*,#13007,.T.);
#13254=ORIENTED_EDGE('',*,*,#13094,.F.);
#13256=ORIENTED_EDGE('',*,*,#13255,.F.);
#13257=ORIENTED_EDGE('',*,*,#12985,.T.);
#13258=EDGE_LOOP('',(#13253,#13254,#13256,#13257));
#13259=FACE_OUTER_BOUND('',#13258,.F.);
#13260=ADVANCED_FACE('',(#13259),#13252,.T.);
#13261=CARTESIAN_POINT('',(2.8017E1,-3.277E1,6.6E-1));
#13262=DIRECTION('',(1.E0,0.E0,0.E0));
#13263=DIRECTION('',(0.E0,-1.E0,0.E0));
#13264=AXIS2_PLACEMENT_3D('',#13261,#13262,#13263);
#13265=PLANE('',#13264);
#13266=ORIENTED_EDGE('',*,*,#12972,.T.);
#13267=ORIENTED_EDGE('',*,*,#13255,.T.);
#13268=ORIENTED_EDGE('',*,*,#12943,.F.);
#13269=ORIENTED_EDGE('',*,*,#12874,.F.);
#13270=EDGE_LOOP('',(#13266,#13267,#13268,#13269));
#13271=FACE_OUTER_BOUND('',#13270,.F.);
#13272=ADVANCED_FACE('',(#13271),#13265,.T.);
#13273=CARTESIAN_POINT('',(2.7102E1,-3.1825E1,3.9E-1));
#13274=DIRECTION('',(0.E0,0.E0,1.E0));
#13275=DIRECTION('',(0.E0,-1.E0,0.E0));
#13276=AXIS2_PLACEMENT_3D('',#13273,#13274,#13275);
#13277=CONICAL_SURFACE('',#13276,4.405393149065E-1,1.E1);
#13278=ORIENTED_EDGE('',*,*,#12928,.F.);
#13280=ORIENTED_EDGE('',*,*,#13279,.F.);
#13282=ORIENTED_EDGE('',*,*,#13281,.T.);
#13284=ORIENTED_EDGE('',*,*,#13283,.T.);
#13285=EDGE_LOOP('',(#13278,#13280,#13282,#13284));
#13286=FACE_OUTER_BOUND('',#13285,.F.);
#13287=ADVANCED_FACE('',(#13286),#13277,.F.);
#13288=CARTESIAN_POINT('',(2.7102E1,-3.1825E1,3.9E-1));
#13289=DIRECTION('',(0.E0,0.E0,1.E0));
#13290=DIRECTION('',(0.E0,-1.E0,0.E0));
#13291=AXIS2_PLACEMENT_3D('',#13288,#13289,#13290);
#13292=CONICAL_SURFACE('',#13291,4.405393149065E-1,1.E1);
#13293=ORIENTED_EDGE('',*,*,#12930,.F.);
#13294=ORIENTED_EDGE('',*,*,#13283,.F.);
#13296=ORIENTED_EDGE('',*,*,#13295,.T.);
#13297=ORIENTED_EDGE('',*,*,#13279,.T.);
#13298=EDGE_LOOP('',(#13293,#13294,#13296,#13297));
#13299=FACE_OUTER_BOUND('',#13298,.F.);
#13300=ADVANCED_FACE('',(#13299),#13292,.F.);
#13301=CARTESIAN_POINT('',(2.7102E1,-3.1825E1,2.5E-1));
#13302=DIRECTION('',(0.E0,0.E0,1.E0));
#13303=DIRECTION('',(0.E0,-1.E0,0.E0));
#13304=AXIS2_PLACEMENT_3D('',#13301,#13302,#13303);
#13305=PLANE('',#13304);
#13306=ORIENTED_EDGE('',*,*,#13281,.F.);
#13307=ORIENTED_EDGE('',*,*,#13295,.F.);
#13308=EDGE_LOOP('',(#13306,#13307));
#13309=FACE_OUTER_BOUND('',#13308,.F.);
#13310=ADVANCED_FACE('',(#13309),#13305,.T.);
#13311=CARTESIAN_POINT('',(2.7102E1,-3.1825E1,2.019763866750E-1));
#13312=DIRECTION('',(0.E0,0.E0,1.E0));
#13313=DIRECTION('',(0.E0,-1.E0,0.E0));
#13314=AXIS2_PLACEMENT_3D('',#13311,#13312,#13313);
#13315=CONICAL_SURFACE('',#13314,6.612423318384E-1,1.E1);
#13317=ORIENTED_EDGE('',*,*,#13316,.T.);
#13319=ORIENTED_EDGE('',*,*,#13318,.T.);
#13320=ORIENTED_EDGE('',*,*,#12895,.T.);
#13322=ORIENTED_EDGE('',*,*,#13321,.F.);
#13323=EDGE_LOOP('',(#13317,#13319,#13320,#13322));
#13324=FACE_OUTER_BOUND('',#13323,.F.);
#13325=ADVANCED_FACE('',(#13324),#13315,.T.);
#13326=CARTESIAN_POINT('',(2.7102E1,-3.1825E1,1.5E-1));
#13327=DIRECTION('',(0.E0,0.E0,1.E0));
#13328=DIRECTION('',(5.124303617787E-2,-9.986862126030E-1,0.E0));
#13329=AXIS2_PLACEMENT_3D('',#13326,#13327,#13328);
#13330=TOROIDAL_SURFACE('',#13329,4.997635007250E-1,1.5E-1);
#13331=ORIENTED_EDGE('',*,*,#7733,.F.);
#13333=ORIENTED_EDGE('',*,*,#13332,.T.);
#13334=ORIENTED_EDGE('',*,*,#13316,.F.);
#13336=ORIENTED_EDGE('',*,*,#13335,.F.);
#13337=EDGE_LOOP('',(#13331,#13333,#13334,#13336));
#13338=FACE_OUTER_BOUND('',#13337,.F.);
#13339=ADVANCED_FACE('',(#13338),#13330,.T.);
#13340=CARTESIAN_POINT('',(2.7102E1,-3.1825E1,1.5E-1));
#13341=DIRECTION('',(0.E0,0.E0,1.E0));
#13342=DIRECTION('',(-5.124303617788E-2,9.986862126030E-1,0.E0));
#13343=AXIS2_PLACEMENT_3D('',#13340,#13341,#13342);
#13344=TOROIDAL_SURFACE('',#13343,4.997635007250E-1,1.5E-1);
#13345=ORIENTED_EDGE('',*,*,#7735,.F.);
#13346=ORIENTED_EDGE('',*,*,#13335,.T.);
#13348=ORIENTED_EDGE('',*,*,#13347,.F.);
#13349=ORIENTED_EDGE('',*,*,#13332,.F.);
#13350=EDGE_LOOP('',(#13345,#13346,#13348,#13349));
#13351=FACE_OUTER_BOUND('',#13350,.F.);
#13352=ADVANCED_FACE('',(#13351),#13344,.T.);
#13353=CARTESIAN_POINT('',(2.7102E1,-3.1825E1,2.019763866750E-1));
#13354=DIRECTION('',(0.E0,0.E0,1.E0));
#13355=DIRECTION('',(0.E0,-1.E0,0.E0));
#13356=AXIS2_PLACEMENT_3D('',#13353,#13354,#13355);
#13357=CONICAL_SURFACE('',#13356,6.612423318384E-1,1.E1);
#13358=ORIENTED_EDGE('',*,*,#13347,.T.);
#13359=ORIENTED_EDGE('',*,*,#13321,.T.);
#13360=ORIENTED_EDGE('',*,*,#12897,.T.);
#13361=ORIENTED_EDGE('',*,*,#13318,.F.);
#13362=EDGE_LOOP('',(#13358,#13359,#13360,#13361));
#13363=FACE_OUTER_BOUND('',#13362,.F.);
#13364=ADVANCED_FACE('',(#13363),#13357,.T.);
#13365=CARTESIAN_POINT('',(2.8017E1,-3.079E1,-5.457853976431E-1));
#13366=DIRECTION('',(1.E0,0.E0,0.E0));
#13367=DIRECTION('',(0.E0,0.E0,1.E0));
#13368=AXIS2_PLACEMENT_3D('',#13365,#13366,#13367);
#13369=PLANE('',#13368);
#13370=ORIENTED_EDGE('',*,*,#12804,.T.);
#13371=ORIENTED_EDGE('',*,*,#12862,.T.);
#13372=ORIENTED_EDGE('',*,*,#12775,.F.);
#13373=ORIENTED_EDGE('',*,*,#12633,.F.);
#13374=EDGE_LOOP('',(#13370,#13371,#13372,#13373));
#13375=FACE_OUTER_BOUND('',#13374,.F.);
#13376=ADVANCED_FACE('',(#13375),#13369,.T.);
#13377=CARTESIAN_POINT('',(2.7102E1,-3.222577258342E1,-1.250123017350E0));
#13378=DIRECTION('',(0.E0,-8.715574274767E-2,-9.961946980917E-1));
#13379=DIRECTION('',(-1.E0,0.E0,0.E0));
#13380=AXIS2_PLACEMENT_3D('',#13377,#13378,#13379);
#13381=CONICAL_SURFACE('',#13380,6.611798772985E-1,1.E1);
#13382=ORIENTED_EDGE('',*,*,#12577,.T.);
#13383=ORIENTED_EDGE('',*,*,#12557,.F.);
#13384=ORIENTED_EDGE('',*,*,#12503,.T.);
#13385=ORIENTED_EDGE('',*,*,#12554,.T.);
#13386=EDGE_LOOP('',(#13382,#13383,#13384,#13385));
#13387=FACE_OUTER_BOUND('',#13386,.F.);
#13388=ADVANCED_FACE('',(#13387),#13381,.T.);
#13389=CARTESIAN_POINT('',(2.755139312423E1,-4.244659791897E1,
-9.672072638951E-1));
#13390=CARTESIAN_POINT('',(2.766739605116E1,-4.243500417313E1,
-1.015985949614E0));
#13391=CARTESIAN_POINT('',(2.774375530089E1,-4.242145208147E1,
-1.115766007594E0));
#13392=CARTESIAN_POINT('',(2.776050138783E1,-4.240948578960E1,
-1.240452937982E0));
#13393=CARTESIAN_POINT('',(2.756879254656E1,-4.272210143857E1,
-9.913106986220E-1));
#13394=CARTESIAN_POINT('',(2.768928682818E1,-4.278162407821E1,
-1.046311261861E0));
#13395=CARTESIAN_POINT('',(2.776860252465E1,-4.281488454536E1,
-1.150186888047E0));
#13396=CARTESIAN_POINT('',(2.778599697986E1,-4.281318455629E1,
-1.275772003548E0));
#13397=CARTESIAN_POINT('',(2.737910269718E1,-4.292333194355E1,
-1.008916086563E0));
#13398=CARTESIAN_POINT('',(2.745063188220E1,-4.303479869694E1,
-1.068461170893E0));
#13399=CARTESIAN_POINT('',(2.749771616747E1,-4.310225152164E1,
-1.175328240744E0));
#13400=CARTESIAN_POINT('',(2.750804206168E1,-4.310805014203E1,
-1.301569399564E0));
#13401=CARTESIAN_POINT('',(2.710200000001E1,-4.292333194356E1,
-1.008916086564E0));
#13402=CARTESIAN_POINT('',(2.710200000001E1,-4.303479869695E1,
-1.068461170894E0));
#13403=CARTESIAN_POINT('',(2.710200000002E1,-4.310225152165E1,
-1.175328240745E0));
#13404=CARTESIAN_POINT('',(2.710200000002E1,-4.310805014204E1,
-1.301569399565E0));
#13405=CARTESIAN_POINT('',(2.682489730284E1,-4.292333194357E1,
-1.008916086564E0));
#13406=CARTESIAN_POINT('',(2.675336811782E1,-4.303479869696E1,
-1.068461170894E0));
#13407=CARTESIAN_POINT('',(2.670628383257E1,-4.310225152166E1,
-1.175328240745E0));
#13408=CARTESIAN_POINT('',(2.669595793836E1,-4.310805014205E1,
-1.301569399565E0));
#13409=CARTESIAN_POINT('',(2.663520745345E1,-4.272210143860E1,
-9.913106986241E-1));
#13410=CARTESIAN_POINT('',(2.651471317183E1,-4.278162407824E1,
-1.046311261864E0));
#13411=CARTESIAN_POINT('',(2.643539747537E1,-4.281488454539E1,
-1.150186888050E0));
#13412=CARTESIAN_POINT('',(2.641800302016E1,-4.281318455633E1,
-1.275772003551E0));
#13413=CARTESIAN_POINT('',(2.665260687577E1,-4.244659791899E1,
-9.672072638971E-1));
#13414=CARTESIAN_POINT('',(2.653660394884E1,-4.243500417316E1,
-1.015985949617E0));
#13415=CARTESIAN_POINT('',(2.646024469911E1,-4.242145208150E1,
-1.115766007597E0));
#13416=CARTESIAN_POINT('',(2.644349861216E1,-4.240948578963E1,
-1.240452937985E0));
#13417=(BOUNDED_SURFACE()B_SPLINE_SURFACE(3,3,((#13389,#13390,#13391,#13392),(
#13393,#13394,#13395,#13396),(#13397,#13398,#13399,#13400),(#13401,#13402,
#13403,#13404),(#13405,#13406,#13407,#13408),(#13409,#13410,#13411,#13412),(
#13413,#13414,#13415,#13416)),.UNSPECIFIED.,.F.,.F.,.F.)B_SPLINE_SURFACE_WITH_KNOTS((4,3,4),(4,4),(0.E0,1.E0,2.E0),(0.E0,1.E0),.UNSPECIFIED.)GEOMETRIC_REPRESENTATION_ITEM()RATIONAL_B_SPLINE_SURFACE(((1.270316057069E0,1.159578290979E0,
1.159578290979E0,1.270316057069E0),(1.003166139335E0,9.157167391099E-1,
9.157167391099E-1,1.003166139335E0),(1.003166139335E0,9.157167391099E-1,
9.157167391099E-1,1.003166139335E0),(1.270316057069E0,1.159578290979E0,
1.159578290979E0,1.270316057069E0),(1.003166139335E0,9.157167391099E-1,
9.157167391099E-1,1.003166139335E0),(1.003166139335E0,9.157167391099E-1,
9.157167391099E-1,1.003166139335E0),(1.270316057069E0,1.159578290979E0,
1.159578290979E0,1.270316057069E0)))REPRESENTATION_ITEM('')SURFACE());
#13418=ORIENTED_EDGE('',*,*,#7873,.F.);
#13420=ORIENTED_EDGE('',*,*,#13419,.T.);
#13422=ORIENTED_EDGE('',*,*,#13421,.F.);
#13424=ORIENTED_EDGE('',*,*,#13423,.F.);
#13425=EDGE_LOOP('',(#13418,#13420,#13422,#13424));
#13426=FACE_OUTER_BOUND('',#13425,.F.);
#13427=ADVANCED_FACE('',(#13426),#13417,.T.);
#13428=CARTESIAN_POINT('',(2.658570261589E1,-4.250382754507E1,
-1.010167679765E0));
#13429=CARTESIAN_POINT('',(2.650657282338E1,-4.250381498950E1,
-1.067432206538E0));
#13430=CARTESIAN_POINT('',(2.645644194061E1,-4.249965577098E1,
-1.151160013998E0));
#13431=CARTESIAN_POINT('',(2.644349861217E1,-4.249202927836E1,
-1.247674557496E0));
#13432=CARTESIAN_POINT('',(2.656571282132E1,-4.218730791267E1,
-9.824758001461E-1));
#13433=CARTESIAN_POINT('',(2.648351931331E1,-4.213878429815E1,
-1.035496159206E0));
#13434=CARTESIAN_POINT('',(2.643144748317E1,-4.210389200006E1,
-1.116535170608E0));
#13435=CARTESIAN_POINT('',(2.641800302014E1,-4.208833051166E1,
-1.212355491931E0));
#13436=CARTESIAN_POINT('',(2.678364310941E1,-4.195611883184E1,
-9.622493764423E-1));
#13437=CARTESIAN_POINT('',(2.673485046495E1,-4.187216225840E1,
-1.012169753282E0));
#13438=CARTESIAN_POINT('',(2.670393899328E1,-4.181482221399E1,
-1.091244841359E0));
#13439=CARTESIAN_POINT('',(2.669595793832E1,-4.179346492592E1,
-1.186558095915E0));
#13440=CARTESIAN_POINT('',(2.710199999999E1,-4.195611883183E1,
-9.622493764415E-1));
#13441=CARTESIAN_POINT('',(2.710199999998E1,-4.187216225839E1,
-1.012169753281E0));
#13442=CARTESIAN_POINT('',(2.710199999998E1,-4.181482221398E1,
-1.091244841358E0));
#13443=CARTESIAN_POINT('',(2.710199999998E1,-4.179346492591E1,
-1.186558095914E0));
#13444=CARTESIAN_POINT('',(2.742035689056E1,-4.195611883182E1,
-9.622493764408E-1));
#13445=CARTESIAN_POINT('',(2.746914953502E1,-4.187216225838E1,
-1.012169753280E0));
#13446=CARTESIAN_POINT('',(2.750006100668E1,-4.181482221397E1,
-1.091244841357E0));
#13447=CARTESIAN_POINT('',(2.750804206164E1,-4.179346492590E1,
-1.186558095913E0));
#13448=CARTESIAN_POINT('',(2.763828717867E1,-4.218730791265E1,
-9.824758001437E-1));
#13449=CARTESIAN_POINT('',(2.772048068667E1,-4.213878429812E1,
-1.035496159203E0));
#13450=CARTESIAN_POINT('',(2.777255251681E1,-4.210389200003E1,
-1.116535170605E0));
#13451=CARTESIAN_POINT('',(2.778599697984E1,-4.208833051163E1,
-1.212355491928E0));
#13452=CARTESIAN_POINT('',(2.761829738411E1,-4.250382754505E1,
-1.010167679762E0));
#13453=CARTESIAN_POINT('',(2.769742717662E1,-4.250381498947E1,
-1.067432206536E0));
#13454=CARTESIAN_POINT('',(2.774755805939E1,-4.249965577095E1,
-1.151160013995E0));
#13455=CARTESIAN_POINT('',(2.776050138784E1,-4.249202927832E1,
-1.247674557493E0));
#13456=(BOUNDED_SURFACE()B_SPLINE_SURFACE(3,3,((#13428,#13429,#13430,#13431),(
#13432,#13433,#13434,#13435),(#13436,#13437,#13438,#13439),(#13440,#13441,
#13442,#13443),(#13444,#13445,#13446,#13447),(#13448,#13449,#13450,#13451),(
#13452,#13453,#13454,#13455)),.UNSPECIFIED.,.F.,.F.,.F.)B_SPLINE_SURFACE_WITH_KNOTS((4,3,4),(4,4),(0.E0,1.E0,2.E0),(0.E0,1.E0),.UNSPECIFIED.)GEOMETRIC_REPRESENTATION_ITEM()RATIONAL_B_SPLINE_SURFACE(((1.237810361751E0,1.170413522751E0,
1.170413522751E0,1.237810361751E0),(9.774964544588E-1,9.242733007354E-1,
9.242733007354E-1,9.774964544588E-1),(9.774964544588E-1,9.242733007354E-1,
9.242733007354E-1,9.774964544588E-1),(1.237810361751E0,1.170413522751E0,
1.170413522751E0,1.237810361751E0),(9.774964544588E-1,9.242733007354E-1,
9.242733007354E-1,9.774964544588E-1),(9.774964544588E-1,9.242733007354E-1,
9.242733007354E-1,9.774964544588E-1),(1.237810361751E0,1.170413522751E0,
1.170413522751E0,1.237810361751E0)))REPRESENTATION_ITEM('')SURFACE());
#13457=ORIENTED_EDGE('',*,*,#7875,.F.);
#13458=ORIENTED_EDGE('',*,*,#13423,.T.);
#13460=ORIENTED_EDGE('',*,*,#13459,.F.);
#13461=ORIENTED_EDGE('',*,*,#13419,.F.);
#13462=EDGE_LOOP('',(#13457,#13458,#13460,#13461));
#13463=FACE_OUTER_BOUND('',#13462,.F.);
#13464=ADVANCED_FACE('',(#13463),#13456,.T.);
#13465=CARTESIAN_POINT('',(2.7102E1,-4.245022741658E1,-1.250123017350E0));
#13466=DIRECTION('',(0.E0,8.715574274767E-2,-9.961946980917E-1));
#13467=DIRECTION('',(1.E0,0.E0,0.E0));
#13468=AXIS2_PLACEMENT_3D('',#13465,#13466,#13467);
#13469=CONICAL_SURFACE('',#13468,6.611798772985E-1,1.E1);
#13471=ORIENTED_EDGE('',*,*,#13470,.T.);
#13473=ORIENTED_EDGE('',*,*,#13472,.F.);
#13474=ORIENTED_EDGE('',*,*,#13459,.T.);
#13476=ORIENTED_EDGE('',*,*,#13475,.T.);
#13477=EDGE_LOOP('',(#13471,#13473,#13474,#13476));
#13478=FACE_OUTER_BOUND('',#13477,.F.);
#13479=ADVANCED_FACE('',(#13478),#13469,.T.);
#13480=CARTESIAN_POINT('',(2.8017E1,-4.1781E1,-1.212039516665E0));
#13481=DIRECTION('',(0.E0,-8.715574274767E-2,9.961946980917E-1));
#13482=DIRECTION('',(0.E0,-9.961946980917E-1,-8.715574274767E-2));
#13483=AXIS2_PLACEMENT_3D('',#13480,#13481,#13482);
#13484=PLANE('',#13483);
#13486=ORIENTED_EDGE('',*,*,#13485,.T.);
#13488=ORIENTED_EDGE('',*,*,#13487,.T.);
#13490=ORIENTED_EDGE('',*,*,#13489,.F.);
#13492=ORIENTED_EDGE('',*,*,#13491,.F.);
#13493=EDGE_LOOP('',(#13486,#13488,#13490,#13492));
#13494=FACE_OUTER_BOUND('',#13493,.F.);
#13496=ORIENTED_EDGE('',*,*,#13495,.F.);
#13497=ORIENTED_EDGE('',*,*,#13470,.F.);
#13498=EDGE_LOOP('',(#13496,#13497));
#13499=FACE_BOUND('',#13498,.F.);
#13500=ADVANCED_FACE('',(#13494,#13499),#13484,.T.);
#13501=CARTESIAN_POINT('',(2.8017E1,-4.267856885145E1,-1.416044095594E0));
#13502=DIRECTION('',(-1.E0,0.E0,0.E0));
#13503=DIRECTION('',(0.E0,-9.961946980917E-1,-8.715574274767E-2));
#13504=AXIS2_PLACEMENT_3D('',#13501,#13502,#13503);
#13505=PLANE('',#13504);
#13506=ORIENTED_EDGE('',*,*,#13485,.F.);
#13508=ORIENTED_EDGE('',*,*,#13507,.T.);
#13510=ORIENTED_EDGE('',*,*,#13509,.T.);
#13512=ORIENTED_EDGE('',*,*,#13511,.F.);
#13513=EDGE_LOOP('',(#13506,#13508,#13510,#13512));
#13514=FACE_OUTER_BOUND('',#13513,.F.);
#13515=ADVANCED_FACE('',(#13514),#13505,.F.);
#13516=CARTESIAN_POINT('',(2.7102E1,-4.177010553216E1,-1.336563853927E0));
#13517=DIRECTION('',(0.E0,9.961946980917E-1,8.715574274767E-2));
#13518=DIRECTION('',(-1.E0,0.E0,0.E0));
#13519=AXIS2_PLACEMENT_3D('',#13516,#13517,#13518);
#13520=PLANE('',#13519);
#13521=ORIENTED_EDGE('',*,*,#13491,.T.);
#13523=ORIENTED_EDGE('',*,*,#13522,.T.);
#13525=ORIENTED_EDGE('',*,*,#13524,.F.);
#13526=ORIENTED_EDGE('',*,*,#13507,.F.);
#13527=EDGE_LOOP('',(#13521,#13523,#13525,#13526));
#13528=FACE_OUTER_BOUND('',#13527,.F.);
#13529=ADVANCED_FACE('',(#13528),#13520,.T.);
#13530=CARTESIAN_POINT('',(2.6187E1,-4.267856885145E1,-1.416044095594E0));
#13531=DIRECTION('',(-1.E0,0.E0,0.E0));
#13532=DIRECTION('',(0.E0,-9.961946980917E-1,-8.715574274767E-2));
#13533=AXIS2_PLACEMENT_3D('',#13530,#13531,#13532);
#13534=PLANE('',#13533);
#13535=ORIENTED_EDGE('',*,*,#13489,.T.);
#13537=ORIENTED_EDGE('',*,*,#13536,.T.);
#13539=ORIENTED_EDGE('',*,*,#13538,.F.);
#13540=ORIENTED_EDGE('',*,*,#13522,.F.);
#13541=EDGE_LOOP('',(#13535,#13537,#13539,#13540));
#13542=FACE_OUTER_BOUND('',#13541,.F.);
#13543=ADVANCED_FACE('',(#13542),#13534,.T.);
#13544=CARTESIAN_POINT('',(2.6187E1,-4.379678730709E1,-1.424322062909E0));
#13545=DIRECTION('',(-1.E0,0.E0,0.E0));
#13546=DIRECTION('',(0.E0,-9.961946980917E-1,-8.715574274766E-2));
#13547=AXIS2_PLACEMENT_3D('',#13544,#13545,#13546);
#13548=PLANE('',#13547);
#13550=ORIENTED_EDGE('',*,*,#13549,.T.);
#13552=ORIENTED_EDGE('',*,*,#13551,.T.);
#13554=ORIENTED_EDGE('',*,*,#13553,.F.);
#13555=ORIENTED_EDGE('',*,*,#13536,.F.);
#13556=EDGE_LOOP('',(#13550,#13552,#13554,#13555));
#13557=FACE_OUTER_BOUND('',#13556,.F.);
#13558=ADVANCED_FACE('',(#13557),#13548,.T.);
#13559=CARTESIAN_POINT('',(2.8017E1,-4.3611E1,-1.221570795286E0));
#13560=DIRECTION('',(1.E0,0.E0,0.E0));
#13561=DIRECTION('',(0.E0,-1.E0,0.E0));
#13562=AXIS2_PLACEMENT_3D('',#13559,#13560,#13561);
#13563=CYLINDRICAL_SURFACE('',#13562,1.5E-1);
#13565=ORIENTED_EDGE('',*,*,#13564,.T.);
#13567=ORIENTED_EDGE('',*,*,#13566,.T.);
#13568=ORIENTED_EDGE('',*,*,#13549,.F.);
#13569=ORIENTED_EDGE('',*,*,#13487,.F.);
#13570=EDGE_LOOP('',(#13565,#13567,#13568,#13569));
#13571=FACE_OUTER_BOUND('',#13570,.F.);
#13572=ADVANCED_FACE('',(#13571),#13563,.F.);
#13573=CARTESIAN_POINT('',(2.8017E1,-4.379678730709E1,-1.424322062909E0));
#13574=DIRECTION('',(-1.E0,0.E0,0.E0));
#13575=DIRECTION('',(0.E0,-9.961946980917E-1,-8.715574274766E-2));
#13576=AXIS2_PLACEMENT_3D('',#13573,#13574,#13575);
#13577=PLANE('',#13576);
#13578=ORIENTED_EDGE('',*,*,#13564,.F.);
#13579=ORIENTED_EDGE('',*,*,#13511,.T.);
#13581=ORIENTED_EDGE('',*,*,#13580,.T.);
#13583=ORIENTED_EDGE('',*,*,#13582,.F.);
#13584=EDGE_LOOP('',(#13578,#13579,#13581,#13583));
#13585=FACE_OUTER_BOUND('',#13584,.F.);
#13586=ADVANCED_FACE('',(#13585),#13577,.F.);
#13587=CARTESIAN_POINT('',(2.8017E1,-4.3611E1,-1.221570795286E0));
#13588=DIRECTION('',(1.E0,0.E0,0.E0));
#13589=DIRECTION('',(0.E0,-1.E0,0.E0));
#13590=AXIS2_PLACEMENT_3D('',#13587,#13588,#13589);
#13591=CYLINDRICAL_SURFACE('',#13590,4.E-1);
#13592=ORIENTED_EDGE('',*,*,#13580,.F.);
#13594=ORIENTED_EDGE('',*,*,#13593,.T.);
#13595=ORIENTED_EDGE('',*,*,#13553,.T.);
#13597=ORIENTED_EDGE('',*,*,#13596,.F.);
#13598=EDGE_LOOP('',(#13592,#13594,#13595,#13597));
#13599=FACE_OUTER_BOUND('',#13598,.F.);
#13600=ADVANCED_FACE('',(#13599),#13591,.T.);
#13601=CARTESIAN_POINT('',(2.8017E1,-4.175921106431E1,-1.461088191188E0));
#13602=DIRECTION('',(0.E0,-8.715574274767E-2,9.961946980917E-1));
#13603=DIRECTION('',(0.E0,-9.961946980917E-1,-8.715574274767E-2));
#13604=AXIS2_PLACEMENT_3D('',#13601,#13602,#13603);
#13605=PLANE('',#13604);
#13606=ORIENTED_EDGE('',*,*,#13509,.F.);
#13607=ORIENTED_EDGE('',*,*,#13524,.T.);
#13608=ORIENTED_EDGE('',*,*,#13538,.T.);
#13609=ORIENTED_EDGE('',*,*,#13593,.F.);
#13610=EDGE_LOOP('',(#13606,#13607,#13608,#13609));
#13611=FACE_OUTER_BOUND('',#13610,.F.);
#13613=ORIENTED_EDGE('',*,*,#13612,.T.);
#13615=ORIENTED_EDGE('',*,*,#13614,.T.);
#13616=EDGE_LOOP('',(#13613,#13615));
#13617=FACE_BOUND('',#13616,.F.);
#13618=ADVANCED_FACE('',(#13611,#13617),#13605,.F.);
#13619=CARTESIAN_POINT('',(2.7102E1,-4.243744114425E1,-1.396270778852E0));
#13620=DIRECTION('',(0.E0,8.715574274767E-2,-9.961946980917E-1));
#13621=DIRECTION('',(1.E0,0.E0,0.E0));
#13622=AXIS2_PLACEMENT_3D('',#13619,#13620,#13621);
#13623=CONICAL_SURFACE('',#13622,4.331914542748E-1,1.E1);
#13624=ORIENTED_EDGE('',*,*,#13612,.F.);
#13626=ORIENTED_EDGE('',*,*,#13625,.F.);
#13628=ORIENTED_EDGE('',*,*,#13627,.F.);
#13630=ORIENTED_EDGE('',*,*,#13629,.T.);
#13631=EDGE_LOOP('',(#13624,#13626,#13628,#13630));
#13632=FACE_OUTER_BOUND('',#13631,.F.);
#13633=ADVANCED_FACE('',(#13632),#13623,.F.);
#13634=CARTESIAN_POINT('',(2.7102E1,-4.243744114425E1,-1.396270778852E0));
#13635=DIRECTION('',(0.E0,8.715574274767E-2,-9.961946980917E-1));
#13636=DIRECTION('',(1.E0,0.E0,0.E0));
#13637=AXIS2_PLACEMENT_3D('',#13634,#13635,#13636);
#13638=CONICAL_SURFACE('',#13637,4.331914542748E-1,1.E1);
#13639=ORIENTED_EDGE('',*,*,#13614,.F.);
#13640=ORIENTED_EDGE('',*,*,#13629,.F.);
#13642=ORIENTED_EDGE('',*,*,#13641,.F.);
#13643=ORIENTED_EDGE('',*,*,#13625,.T.);
#13644=EDGE_LOOP('',(#13639,#13640,#13642,#13643));
#13645=FACE_OUTER_BOUND('',#13644,.F.);
#13646=ADVANCED_FACE('',(#13645),#13638,.F.);
#13647=CARTESIAN_POINT('',(2.7102E1,-4.244670733287E1,-1.290357758268E0));
#13648=DIRECTION('',(0.E0,8.715574274767E-2,-9.961946980917E-1));
#13649=DIRECTION('',(9.999736456494E-1,-7.232401402089E-3,-6.327531327516E-4));
#13650=AXIS2_PLACEMENT_3D('',#13647,#13648,#13649);
#13651=TOROIDAL_SURFACE('',#13650,3.129021332485E-1,1.E-1);
#13653=ORIENTED_EDGE('',*,*,#13652,.F.);
#13655=ORIENTED_EDGE('',*,*,#13654,.T.);
#13656=ORIENTED_EDGE('',*,*,#13641,.T.);
#13658=ORIENTED_EDGE('',*,*,#13657,.F.);
#13659=EDGE_LOOP('',(#13653,#13655,#13656,#13658));
#13660=FACE_OUTER_BOUND('',#13659,.F.);
#13661=ADVANCED_FACE('',(#13660),#13651,.F.);
#13662=CARTESIAN_POINT('',(2.7102E1,-4.245542290714E1,-1.190738288459E0));
#13663=DIRECTION('',(0.E0,8.715574274767E-2,-9.961946980917E-1));
#13664=DIRECTION('',(1.E0,0.E0,0.E0));
#13665=AXIS2_PLACEMENT_3D('',#13662,#13663,#13664);
#13666=PLANE('',#13665);
#13667=ORIENTED_EDGE('',*,*,#13652,.T.);
#13669=ORIENTED_EDGE('',*,*,#13668,.T.);
#13670=EDGE_LOOP('',(#13667,#13669));
#13671=FACE_OUTER_BOUND('',#13670,.F.);
#13672=ADVANCED_FACE('',(#13671),#13666,.T.);
#13673=CARTESIAN_POINT('',(2.7102E1,-4.244670733287E1,-1.290357758268E0));
#13674=DIRECTION('',(0.E0,8.715574274767E-2,-9.961946980917E-1));
#13675=DIRECTION('',(-9.999736456494E-1,7.232401402089E-3,6.327531327521E-4));
#13676=AXIS2_PLACEMENT_3D('',#13673,#13674,#13675);
#13677=TOROIDAL_SURFACE('',#13676,3.129021332485E-1,1.E-1);
#13678=ORIENTED_EDGE('',*,*,#13668,.F.);
#13679=ORIENTED_EDGE('',*,*,#13657,.T.);
#13680=ORIENTED_EDGE('',*,*,#13627,.T.);
#13681=ORIENTED_EDGE('',*,*,#13654,.F.);
#13682=EDGE_LOOP('',(#13678,#13679,#13680,#13681));
#13683=FACE_OUTER_BOUND('',#13682,.F.);
#13684=ADVANCED_FACE('',(#13683),#13677,.F.);
#13685=CARTESIAN_POINT('',(2.8017E1,-4.4011E1,-1.221570795286E0));
#13686=DIRECTION('',(0.E0,1.E0,0.E0));
#13687=DIRECTION('',(0.E0,0.E0,1.E0));
#13688=AXIS2_PLACEMENT_3D('',#13685,#13686,#13687);
#13689=PLANE('',#13688);
#13691=ORIENTED_EDGE('',*,*,#13690,.F.);
#13692=ORIENTED_EDGE('',*,*,#13596,.T.);
#13694=ORIENTED_EDGE('',*,*,#13693,.T.);
#13696=ORIENTED_EDGE('',*,*,#13695,.F.);
#13697=EDGE_LOOP('',(#13691,#13692,#13694,#13696));
#13698=FACE_OUTER_BOUND('',#13697,.F.);
#13699=ADVANCED_FACE('',(#13698),#13689,.F.);
#13700=CARTESIAN_POINT('',(2.8017E1,-4.3886E1,-5.457853976431E-1));
#13701=DIRECTION('',(-1.E0,0.E0,0.E0));
#13702=DIRECTION('',(0.E0,0.E0,1.E0));
#13703=AXIS2_PLACEMENT_3D('',#13700,#13701,#13702);
#13704=PLANE('',#13703);
#13706=ORIENTED_EDGE('',*,*,#13705,.F.);
#13707=ORIENTED_EDGE('',*,*,#13582,.T.);
#13708=ORIENTED_EDGE('',*,*,#13690,.T.);
#13710=ORIENTED_EDGE('',*,*,#13709,.F.);
#13711=EDGE_LOOP('',(#13706,#13707,#13708,#13710));
#13712=FACE_OUTER_BOUND('',#13711,.F.);
#13713=ADVANCED_FACE('',(#13712),#13704,.F.);
#13714=CARTESIAN_POINT('',(2.8017E1,-4.3761E1,-1.221570795286E0));
#13715=DIRECTION('',(0.E0,1.E0,0.E0));
#13716=DIRECTION('',(0.E0,0.E0,1.E0));
#13717=AXIS2_PLACEMENT_3D('',#13714,#13715,#13716);
#13718=PLANE('',#13717);
#13719=ORIENTED_EDGE('',*,*,#13705,.T.);
#13721=ORIENTED_EDGE('',*,*,#13720,.T.);
#13723=ORIENTED_EDGE('',*,*,#13722,.F.);
#13724=ORIENTED_EDGE('',*,*,#13566,.F.);
#13725=EDGE_LOOP('',(#13719,#13721,#13723,#13724));
#13726=FACE_OUTER_BOUND('',#13725,.F.);
#13727=ADVANCED_FACE('',(#13726),#13718,.T.);
#13728=CARTESIAN_POINT('',(2.8017E1,-4.3611E1,1.3E-1));
#13729=DIRECTION('',(1.E0,0.E0,0.E0));
#13730=DIRECTION('',(0.E0,-1.E0,0.E0));
#13731=AXIS2_PLACEMENT_3D('',#13728,#13729,#13730);
#13732=CYLINDRICAL_SURFACE('',#13731,1.5E-1);
#13734=ORIENTED_EDGE('',*,*,#13733,.T.);
#13736=ORIENTED_EDGE('',*,*,#13735,.T.);
#13738=ORIENTED_EDGE('',*,*,#13737,.F.);
#13739=ORIENTED_EDGE('',*,*,#13720,.F.);
#13740=EDGE_LOOP('',(#13734,#13736,#13738,#13739));
#13741=FACE_OUTER_BOUND('',#13740,.F.);
#13742=ADVANCED_FACE('',(#13741),#13732,.F.);
#13743=CARTESIAN_POINT('',(2.8017E1,-4.380545436483E1,3.244543648263E-1));
#13744=DIRECTION('',(-1.E0,0.E0,0.E0));
#13745=DIRECTION('',(0.E0,0.E0,1.E0));
#13746=AXIS2_PLACEMENT_3D('',#13743,#13744,#13745);
#13747=PLANE('',#13746);
#13748=ORIENTED_EDGE('',*,*,#13733,.F.);
#13749=ORIENTED_EDGE('',*,*,#13709,.T.);
#13751=ORIENTED_EDGE('',*,*,#13750,.T.);
#13753=ORIENTED_EDGE('',*,*,#13752,.F.);
#13754=EDGE_LOOP('',(#13748,#13749,#13751,#13753));
#13755=FACE_OUTER_BOUND('',#13754,.F.);
#13756=ADVANCED_FACE('',(#13755),#13747,.F.);
#13757=CARTESIAN_POINT('',(2.8017E1,-4.3611E1,1.3E-1));
#13758=DIRECTION('',(1.E0,0.E0,0.E0));
#13759=DIRECTION('',(0.E0,-1.E0,0.E0));
#13760=AXIS2_PLACEMENT_3D('',#13757,#13758,#13759);
#13761=CYLINDRICAL_SURFACE('',#13760,4.E-1);
#13762=ORIENTED_EDGE('',*,*,#13750,.F.);
#13763=ORIENTED_EDGE('',*,*,#13695,.T.);
#13765=ORIENTED_EDGE('',*,*,#13764,.T.);
#13767=ORIENTED_EDGE('',*,*,#13766,.F.);
#13768=EDGE_LOOP('',(#13762,#13763,#13765,#13767));
#13769=FACE_OUTER_BOUND('',#13768,.F.);
#13770=ADVANCED_FACE('',(#13769),#13761,.T.);
#13771=CARTESIAN_POINT('',(2.6187E1,-4.380545436483E1,3.244543648263E-1));
#13772=DIRECTION('',(-1.E0,0.E0,0.E0));
#13773=DIRECTION('',(0.E0,0.E0,1.E0));
#13774=AXIS2_PLACEMENT_3D('',#13771,#13772,#13773);
#13775=PLANE('',#13774);
#13776=ORIENTED_EDGE('',*,*,#13737,.T.);
#13778=ORIENTED_EDGE('',*,*,#13777,.T.);
#13779=ORIENTED_EDGE('',*,*,#13764,.F.);
#13781=ORIENTED_EDGE('',*,*,#13780,.F.);
#13782=EDGE_LOOP('',(#13776,#13778,#13779,#13781));
#13783=FACE_OUTER_BOUND('',#13782,.F.);
#13784=ADVANCED_FACE('',(#13783),#13775,.T.);
#13785=CARTESIAN_POINT('',(2.6187E1,-4.2886E1,4.05E-1));
#13786=DIRECTION('',(-1.E0,0.E0,0.E0));
#13787=DIRECTION('',(0.E0,1.E0,0.E0));
#13788=AXIS2_PLACEMENT_3D('',#13785,#13786,#13787);
#13789=PLANE('',#13788);
#13791=ORIENTED_EDGE('',*,*,#13790,.T.);
#13793=ORIENTED_EDGE('',*,*,#13792,.T.);
#13795=ORIENTED_EDGE('',*,*,#13794,.F.);
#13796=ORIENTED_EDGE('',*,*,#13777,.F.);
#13797=EDGE_LOOP('',(#13791,#13793,#13795,#13796));
#13798=FACE_OUTER_BOUND('',#13797,.F.);
#13799=ADVANCED_FACE('',(#13798),#13789,.T.);
#13800=CARTESIAN_POINT('',(2.8017E1,-4.3611E1,2.8E-1));
#13801=DIRECTION('',(0.E0,0.E0,-1.E0));
#13802=DIRECTION('',(0.E0,1.E0,0.E0));
#13803=AXIS2_PLACEMENT_3D('',#13800,#13801,#13802);
#13804=PLANE('',#13803);
#13806=ORIENTED_EDGE('',*,*,#13805,.T.);
#13808=ORIENTED_EDGE('',*,*,#13807,.T.);
#13809=ORIENTED_EDGE('',*,*,#13790,.F.);
#13810=ORIENTED_EDGE('',*,*,#13735,.F.);
#13811=EDGE_LOOP('',(#13806,#13808,#13809,#13810));
#13812=FACE_OUTER_BOUND('',#13811,.F.);
#13814=ORIENTED_EDGE('',*,*,#13813,.F.);
#13816=ORIENTED_EDGE('',*,*,#13815,.F.);
#13817=EDGE_LOOP('',(#13814,#13816));
#13818=FACE_BOUND('',#13817,.F.);
#13819=ADVANCED_FACE('',(#13812,#13818),#13804,.T.);
#13820=CARTESIAN_POINT('',(2.8017E1,-4.2886E1,4.05E-1));
#13821=DIRECTION('',(-1.E0,0.E0,0.E0));
#13822=DIRECTION('',(0.E0,1.E0,0.E0));
#13823=AXIS2_PLACEMENT_3D('',#13820,#13821,#13822);
#13824=PLANE('',#13823);
#13825=ORIENTED_EDGE('',*,*,#13805,.F.);
#13826=ORIENTED_EDGE('',*,*,#13752,.T.);
#13828=ORIENTED_EDGE('',*,*,#13827,.T.);
#13830=ORIENTED_EDGE('',*,*,#13829,.F.);
#13831=EDGE_LOOP('',(#13825,#13826,#13828,#13830));
#13832=FACE_OUTER_BOUND('',#13831,.F.);
#13833=ADVANCED_FACE('',(#13832),#13824,.F.);
#13834=CARTESIAN_POINT('',(2.8017E1,-4.3611E1,5.3E-1));
#13835=DIRECTION('',(0.E0,0.E0,-1.E0));
#13836=DIRECTION('',(0.E0,1.E0,0.E0));
#13837=AXIS2_PLACEMENT_3D('',#13834,#13835,#13836);
#13838=PLANE('',#13837);
#13839=ORIENTED_EDGE('',*,*,#13827,.F.);
#13840=ORIENTED_EDGE('',*,*,#13766,.T.);
#13841=ORIENTED_EDGE('',*,*,#13794,.T.);
#13843=ORIENTED_EDGE('',*,*,#13842,.F.);
#13844=EDGE_LOOP('',(#13839,#13840,#13841,#13843));
#13845=FACE_OUTER_BOUND('',#13844,.F.);
#13847=ORIENTED_EDGE('',*,*,#13846,.T.);
#13849=ORIENTED_EDGE('',*,*,#13848,.T.);
#13850=EDGE_LOOP('',(#13847,#13849));
#13851=FACE_BOUND('',#13850,.F.);
#13852=ADVANCED_FACE('',(#13845,#13851),#13838,.F.);
#13853=CARTESIAN_POINT('',(2.8017E1,-4.2161E1,6.6E-1));
#13854=DIRECTION('',(1.E0,0.E0,0.E0));
#13855=DIRECTION('',(0.E0,-1.E0,0.E0));
#13856=AXIS2_PLACEMENT_3D('',#13853,#13854,#13855);
#13857=CYLINDRICAL_SURFACE('',#13856,1.3E-1);
#13859=ORIENTED_EDGE('',*,*,#13858,.F.);
#13860=ORIENTED_EDGE('',*,*,#13842,.T.);
#13862=ORIENTED_EDGE('',*,*,#13861,.T.);
#13864=ORIENTED_EDGE('',*,*,#13863,.F.);
#13865=EDGE_LOOP('',(#13859,#13860,#13862,#13864));
#13866=FACE_OUTER_BOUND('',#13865,.F.);
#13867=ADVANCED_FACE('',(#13866),#13857,.F.);
#13868=CARTESIAN_POINT('',(2.8017E1,-4.1906E1,6.6E-1));
#13869=DIRECTION('',(-1.E0,0.E0,0.E0));
#13870=DIRECTION('',(0.E0,1.E0,0.E0));
#13871=AXIS2_PLACEMENT_3D('',#13868,#13869,#13870);
#13872=PLANE('',#13871);
#13874=ORIENTED_EDGE('',*,*,#13873,.F.);
#13875=ORIENTED_EDGE('',*,*,#13829,.T.);
#13876=ORIENTED_EDGE('',*,*,#13858,.T.);
#13878=ORIENTED_EDGE('',*,*,#13877,.F.);
#13879=EDGE_LOOP('',(#13874,#13875,#13876,#13878));
#13880=FACE_OUTER_BOUND('',#13879,.F.);
#13881=ADVANCED_FACE('',(#13880),#13872,.F.);
#13882=CARTESIAN_POINT('',(2.8017E1,-4.2161E1,6.6E-1));
#13883=DIRECTION('',(1.E0,0.E0,0.E0));
#13884=DIRECTION('',(0.E0,-1.E0,0.E0));
#13885=AXIS2_PLACEMENT_3D('',#13882,#13883,#13884);
#13886=CYLINDRICAL_SURFACE('',#13885,3.8E-1);
#13887=ORIENTED_EDGE('',*,*,#13873,.T.);
#13889=ORIENTED_EDGE('',*,*,#13888,.T.);
#13891=ORIENTED_EDGE('',*,*,#13890,.F.);
#13892=ORIENTED_EDGE('',*,*,#13807,.F.);
#13893=EDGE_LOOP('',(#13887,#13889,#13891,#13892));
#13894=FACE_OUTER_BOUND('',#13893,.F.);
#13895=ADVANCED_FACE('',(#13894),#13886,.T.);
#13896=CARTESIAN_POINT('',(2.8017E1,-4.2161E1,1.04E0));
#13897=DIRECTION('',(0.E0,0.E0,1.E0));
#13898=DIRECTION('',(0.E0,-1.E0,0.E0));
#13899=AXIS2_PLACEMENT_3D('',#13896,#13897,#13898);
#13900=PLANE('',#13899);
#13902=ORIENTED_EDGE('',*,*,#13901,.F.);
#13904=ORIENTED_EDGE('',*,*,#13903,.F.);
#13905=ORIENTED_EDGE('',*,*,#13888,.F.);
#13907=ORIENTED_EDGE('',*,*,#13906,.T.);
#13909=ORIENTED_EDGE('',*,*,#13908,.F.);
#13911=ORIENTED_EDGE('',*,*,#13910,.T.);
#13912=EDGE_LOOP('',(#13902,#13904,#13905,#13907,#13909,#13911));
#13913=FACE_OUTER_BOUND('',#13912,.F.);
#13914=ADVANCED_FACE('',(#13913),#13900,.T.);
#13915=CARTESIAN_POINT('',(2.6327E1,-4.3611E1,9.15E-1));
#13916=DIRECTION('',(0.E0,-1.E0,0.E0));
#13917=DIRECTION('',(1.E0,0.E0,0.E0));
#13918=AXIS2_PLACEMENT_3D('',#13915,#13916,#13917);
#13919=PLANE('',#13918);
#13920=ORIENTED_EDGE('',*,*,#13901,.T.);
#13922=ORIENTED_EDGE('',*,*,#13921,.T.);
#13924=ORIENTED_EDGE('',*,*,#13923,.F.);
#13926=ORIENTED_EDGE('',*,*,#13925,.F.);
#13927=EDGE_LOOP('',(#13920,#13922,#13924,#13926));
#13928=FACE_OUTER_BOUND('',#13927,.F.);
#13929=ADVANCED_FACE('',(#13928),#13919,.T.);
#13930=CARTESIAN_POINT('',(2.6467E1,-4.380545436483E1,9.955456351737E-1));
#13931=DIRECTION('',(1.E0,0.E0,0.E0));
#13932=DIRECTION('',(0.E0,0.E0,-1.E0));
#13933=AXIS2_PLACEMENT_3D('',#13930,#13931,#13932);
#13934=PLANE('',#13933);
#13936=ORIENTED_EDGE('',*,*,#13935,.F.);
#13938=ORIENTED_EDGE('',*,*,#13937,.T.);
#13940=ORIENTED_EDGE('',*,*,#13939,.T.);
#13941=ORIENTED_EDGE('',*,*,#13921,.F.);
#13942=EDGE_LOOP('',(#13936,#13938,#13940,#13941));
#13943=FACE_OUTER_BOUND('',#13942,.F.);
#13944=ADVANCED_FACE('',(#13943),#13934,.F.);
#13945=CARTESIAN_POINT('',(2.8017E1,-4.3611E1,1.19E0));
#13946=DIRECTION('',(1.E0,0.E0,0.E0));
#13947=DIRECTION('',(0.E0,-1.E0,0.E0));
#13948=AXIS2_PLACEMENT_3D('',#13945,#13946,#13947);
#13949=CYLINDRICAL_SURFACE('',#13948,1.5E-1);
#13950=ORIENTED_EDGE('',*,*,#13935,.T.);
#13951=ORIENTED_EDGE('',*,*,#13910,.F.);
#13953=ORIENTED_EDGE('',*,*,#13952,.F.);
#13955=ORIENTED_EDGE('',*,*,#13954,.T.);
#13956=EDGE_LOOP('',(#13950,#13951,#13953,#13955));
#13957=FACE_OUTER_BOUND('',#13956,.F.);
#13958=ADVANCED_FACE('',(#13957),#13949,.F.);
#13959=CARTESIAN_POINT('',(2.7737E1,-4.380545436483E1,9.955456351737E-1));
#13960=DIRECTION('',(1.E0,0.E0,0.E0));
#13961=DIRECTION('',(0.E0,0.E0,-1.E0));
#13962=AXIS2_PLACEMENT_3D('',#13959,#13960,#13961);
#13963=PLANE('',#13962);
#13964=ORIENTED_EDGE('',*,*,#13952,.T.);
#13966=ORIENTED_EDGE('',*,*,#13965,.T.);
#13968=ORIENTED_EDGE('',*,*,#13967,.F.);
#13970=ORIENTED_EDGE('',*,*,#13969,.F.);
#13971=EDGE_LOOP('',(#13964,#13966,#13968,#13970));
#13972=FACE_OUTER_BOUND('',#13971,.F.);
#13973=ADVANCED_FACE('',(#13972),#13963,.T.);
#13974=CARTESIAN_POINT('',(2.7877E1,-4.3611E1,9.15E-1));
#13975=DIRECTION('',(0.E0,-1.E0,0.E0));
#13976=DIRECTION('',(1.E0,0.E0,0.E0));
#13977=AXIS2_PLACEMENT_3D('',#13974,#13975,#13976);
#13978=PLANE('',#13977);
#13979=ORIENTED_EDGE('',*,*,#13908,.T.);
#13981=ORIENTED_EDGE('',*,*,#13980,.T.);
#13983=ORIENTED_EDGE('',*,*,#13982,.F.);
#13984=ORIENTED_EDGE('',*,*,#13965,.F.);
#13985=EDGE_LOOP('',(#13979,#13981,#13983,#13984));
#13986=FACE_OUTER_BOUND('',#13985,.F.);
#13987=ADVANCED_FACE('',(#13986),#13978,.T.);
#13988=CARTESIAN_POINT('',(2.8017E1,-4.2886E1,9.15E-1));
#13989=DIRECTION('',(-1.E0,0.E0,0.E0));
#13990=DIRECTION('',(0.E0,-1.E0,0.E0));
#13991=AXIS2_PLACEMENT_3D('',#13988,#13989,#13990);
#13992=PLANE('',#13991);
#13993=ORIENTED_EDGE('',*,*,#13980,.F.);
#13994=ORIENTED_EDGE('',*,*,#13906,.F.);
#13995=ORIENTED_EDGE('',*,*,#13877,.T.);
#13997=ORIENTED_EDGE('',*,*,#13996,.T.);
#13998=EDGE_LOOP('',(#13993,#13994,#13995,#13997));
#13999=FACE_OUTER_BOUND('',#13998,.F.);
#14000=ADVANCED_FACE('',(#13999),#13992,.F.);
#14001=CARTESIAN_POINT('',(2.8017E1,-4.2161E1,7.9E-1));
#14002=DIRECTION('',(0.E0,0.E0,1.E0));
#14003=DIRECTION('',(0.E0,-1.E0,0.E0));
#14004=AXIS2_PLACEMENT_3D('',#14001,#14002,#14003);
#14005=PLANE('',#14004);
#14006=ORIENTED_EDGE('',*,*,#13923,.T.);
#14008=ORIENTED_EDGE('',*,*,#14007,.F.);
#14009=ORIENTED_EDGE('',*,*,#13982,.T.);
#14010=ORIENTED_EDGE('',*,*,#13996,.F.);
#14011=ORIENTED_EDGE('',*,*,#13863,.T.);
#14013=ORIENTED_EDGE('',*,*,#14012,.T.);
#14014=EDGE_LOOP('',(#14006,#14008,#14009,#14010,#14011,#14013));
#14015=FACE_OUTER_BOUND('',#14014,.F.);
#14016=ADVANCED_FACE('',(#14015),#14005,.F.);
#14017=CARTESIAN_POINT('',(2.8017E1,-4.3611E1,1.19E0));
#14018=DIRECTION('',(1.E0,0.E0,0.E0));
#14019=DIRECTION('',(0.E0,-1.E0,0.E0));
#14020=AXIS2_PLACEMENT_3D('',#14017,#14018,#14019);
#14021=CYLINDRICAL_SURFACE('',#14020,4.E-1);
#14022=ORIENTED_EDGE('',*,*,#13939,.F.);
#14024=ORIENTED_EDGE('',*,*,#14023,.F.);
#14025=ORIENTED_EDGE('',*,*,#13967,.T.);
#14026=ORIENTED_EDGE('',*,*,#14007,.T.);
#14027=EDGE_LOOP('',(#14022,#14024,#14025,#14026));
#14028=FACE_OUTER_BOUND('',#14027,.F.);
#14029=ADVANCED_FACE('',(#14028),#14021,.T.);
#14030=CARTESIAN_POINT('',(2.8017E1,-4.4011E1,1.19E0));
#14031=DIRECTION('',(0.E0,1.E0,0.E0));
#14032=DIRECTION('',(0.E0,0.E0,1.E0));
#14033=AXIS2_PLACEMENT_3D('',#14030,#14031,#14032);
#14034=PLANE('',#14033);
#14036=ORIENTED_EDGE('',*,*,#14035,.T.);
#14038=ORIENTED_EDGE('',*,*,#14037,.T.);
#14040=ORIENTED_EDGE('',*,*,#14039,.T.);
#14042=ORIENTED_EDGE('',*,*,#14041,.F.);
#14043=ORIENTED_EDGE('',*,*,#14023,.T.);
#14045=ORIENTED_EDGE('',*,*,#14044,.T.);
#14047=ORIENTED_EDGE('',*,*,#14046,.T.);
#14049=ORIENTED_EDGE('',*,*,#14048,.F.);
#14050=EDGE_LOOP('',(#14036,#14038,#14040,#14042,#14043,#14045,#14047,#14049));
#14051=FACE_OUTER_BOUND('',#14050,.F.);
#14052=ADVANCED_FACE('',(#14051),#14034,.F.);
#14053=CARTESIAN_POINT('',(3.1412E1,-3.0665E1,7.62E0));
#14054=DIRECTION('',(0.E0,0.E0,-1.E0));
#14055=DIRECTION('',(-1.E0,0.E0,0.E0));
#14056=AXIS2_PLACEMENT_3D('',#14053,#14054,#14055);
#14057=PLANE('',#14056);
#14059=ORIENTED_EDGE('',*,*,#14058,.T.);
#14061=ORIENTED_EDGE('',*,*,#14060,.F.);
#14062=ORIENTED_EDGE('',*,*,#14035,.F.);
#14064=ORIENTED_EDGE('',*,*,#14063,.T.);
#14065=EDGE_LOOP('',(#14059,#14061,#14062,#14064));
#14066=FACE_OUTER_BOUND('',#14065,.F.);
#14067=ADVANCED_FACE('',(#14066),#14057,.F.);
#14068=CARTESIAN_POINT('',(2.8017E1,-4.3761E1,1.19E0));
#14069=DIRECTION('',(0.E0,1.E0,0.E0));
#14070=DIRECTION('',(0.E0,0.E0,1.E0));
#14071=AXIS2_PLACEMENT_3D('',#14068,#14069,#14070);
#14072=PLANE('',#14071);
#14073=ORIENTED_EDGE('',*,*,#14058,.F.);
#14075=ORIENTED_EDGE('',*,*,#14074,.T.);
#14077=ORIENTED_EDGE('',*,*,#14076,.F.);
#14079=ORIENTED_EDGE('',*,*,#14078,.F.);
#14080=ORIENTED_EDGE('',*,*,#13954,.F.);
#14082=ORIENTED_EDGE('',*,*,#14081,.T.);
#14084=ORIENTED_EDGE('',*,*,#14083,.F.);
#14086=ORIENTED_EDGE('',*,*,#14085,.F.);
#14087=EDGE_LOOP('',(#14073,#14075,#14077,#14079,#14080,#14082,#14084,#14086));
#14088=FACE_OUTER_BOUND('',#14087,.F.);
#14089=ADVANCED_FACE('',(#14088),#14072,.T.);
#14090=CARTESIAN_POINT('',(2.6872E1,-4.3886E1,6.625E0));
#14091=DIRECTION('',(1.E0,0.E0,0.E0));
#14092=DIRECTION('',(0.E0,0.E0,-1.E0));
#14093=AXIS2_PLACEMENT_3D('',#14090,#14091,#14092);
#14094=PLANE('',#14093);
#14095=ORIENTED_EDGE('',*,*,#14063,.F.);
#14096=ORIENTED_EDGE('',*,*,#14048,.T.);
#14098=ORIENTED_EDGE('',*,*,#14097,.F.);
#14099=ORIENTED_EDGE('',*,*,#14074,.F.);
#14100=EDGE_LOOP('',(#14095,#14096,#14098,#14099));
#14101=FACE_OUTER_BOUND('',#14100,.F.);
#14102=ADVANCED_FACE('',(#14101),#14094,.F.);
#14103=CARTESIAN_POINT('',(2.66695E1,-4.3886E1,3.6075E0));
#14104=DIRECTION('',(-7.071067811866E-1,0.E0,7.071067811865E-1));
#14105=DIRECTION('',(7.071067811865E-1,0.E0,7.071067811866E-1));
#14106=AXIS2_PLACEMENT_3D('',#14103,#14104,#14105);
#14107=PLANE('',#14106);
#14108=ORIENTED_EDGE('',*,*,#14076,.T.);
#14109=ORIENTED_EDGE('',*,*,#14097,.T.);
#14110=ORIENTED_EDGE('',*,*,#14046,.F.);
#14112=ORIENTED_EDGE('',*,*,#14111,.F.);
#14113=EDGE_LOOP('',(#14108,#14109,#14110,#14112));
#14114=FACE_OUTER_BOUND('',#14113,.F.);
#14115=ADVANCED_FACE('',(#14114),#14107,.T.);
#14116=CARTESIAN_POINT('',(2.6467E1,-4.3886E1,6.63E0));
#14117=DIRECTION('',(-1.E0,0.E0,0.E0));
#14118=DIRECTION('',(0.E0,0.E0,1.E0));
#14119=AXIS2_PLACEMENT_3D('',#14116,#14117,#14118);
#14120=PLANE('',#14119);
#14121=ORIENTED_EDGE('',*,*,#14111,.T.);
#14122=ORIENTED_EDGE('',*,*,#14044,.F.);
#14123=ORIENTED_EDGE('',*,*,#13937,.F.);
#14124=ORIENTED_EDGE('',*,*,#14078,.T.);
#14125=EDGE_LOOP('',(#14121,#14122,#14123,#14124));
#14126=FACE_OUTER_BOUND('',#14125,.F.);
#14127=ADVANCED_FACE('',(#14126),#14120,.T.);
#14128=CARTESIAN_POINT('',(2.7737E1,-4.3886E1,6.63E0));
#14129=DIRECTION('',(-1.E0,0.E0,0.E0));
#14130=DIRECTION('',(0.E0,0.E0,1.E0));
#14131=AXIS2_PLACEMENT_3D('',#14128,#14129,#14130);
#14132=PLANE('',#14131);
#14134=ORIENTED_EDGE('',*,*,#14133,.F.);
#14135=ORIENTED_EDGE('',*,*,#14081,.F.);
#14136=ORIENTED_EDGE('',*,*,#13969,.T.);
#14137=ORIENTED_EDGE('',*,*,#14041,.T.);
#14138=EDGE_LOOP('',(#14134,#14135,#14136,#14137));
#14139=FACE_OUTER_BOUND('',#14138,.F.);
#14140=ADVANCED_FACE('',(#14139),#14132,.F.);
#14141=CARTESIAN_POINT('',(2.75345E1,-4.3886E1,3.6075E0));
#14142=DIRECTION('',(7.071067811866E-1,0.E0,7.071067811865E-1));
#14143=DIRECTION('',(7.071067811865E-1,0.E0,-7.071067811866E-1));
#14144=AXIS2_PLACEMENT_3D('',#14141,#14142,#14143);
#14145=PLANE('',#14144);
#14146=ORIENTED_EDGE('',*,*,#14083,.T.);
#14147=ORIENTED_EDGE('',*,*,#14133,.T.);
#14148=ORIENTED_EDGE('',*,*,#14039,.F.);
#14150=ORIENTED_EDGE('',*,*,#14149,.F.);
#14151=EDGE_LOOP('',(#14146,#14147,#14148,#14150));
#14152=FACE_OUTER_BOUND('',#14151,.F.);
#14153=ADVANCED_FACE('',(#14152),#14145,.T.);
#14154=CARTESIAN_POINT('',(2.7332E1,-4.3886E1,6.625E0));
#14155=DIRECTION('',(1.E0,0.E0,0.E0));
#14156=DIRECTION('',(0.E0,0.E0,-1.E0));
#14157=AXIS2_PLACEMENT_3D('',#14154,#14155,#14156);
#14158=PLANE('',#14157);
#14159=ORIENTED_EDGE('',*,*,#14060,.T.);
#14160=ORIENTED_EDGE('',*,*,#14085,.T.);
#14161=ORIENTED_EDGE('',*,*,#14149,.T.);
#14162=ORIENTED_EDGE('',*,*,#14037,.F.);
#14163=EDGE_LOOP('',(#14159,#14160,#14161,#14162));
#14164=FACE_OUTER_BOUND('',#14163,.F.);
#14165=ADVANCED_FACE('',(#14164),#14158,.T.);
#14166=CARTESIAN_POINT('',(2.6187E1,-4.2886E1,9.15E-1));
#14167=DIRECTION('',(-1.E0,0.E0,0.E0));
#14168=DIRECTION('',(0.E0,-1.E0,0.E0));
#14169=AXIS2_PLACEMENT_3D('',#14166,#14167,#14168);
#14170=PLANE('',#14169);
#14171=ORIENTED_EDGE('',*,*,#13925,.T.);
#14172=ORIENTED_EDGE('',*,*,#14012,.F.);
#14174=ORIENTED_EDGE('',*,*,#14173,.F.);
#14175=ORIENTED_EDGE('',*,*,#13903,.T.);
#14176=EDGE_LOOP('',(#14171,#14172,#14174,#14175));
#14177=FACE_OUTER_BOUND('',#14176,.F.);
#14178=ADVANCED_FACE('',(#14177),#14170,.T.);
#14179=CARTESIAN_POINT('',(2.6187E1,-4.1906E1,6.6E-1));
#14180=DIRECTION('',(-1.E0,0.E0,0.E0));
#14181=DIRECTION('',(0.E0,1.E0,0.E0));
#14182=AXIS2_PLACEMENT_3D('',#14179,#14180,#14181);
#14183=PLANE('',#14182);
#14184=ORIENTED_EDGE('',*,*,#13890,.T.);
#14185=ORIENTED_EDGE('',*,*,#14173,.T.);
#14186=ORIENTED_EDGE('',*,*,#13861,.F.);
#14187=ORIENTED_EDGE('',*,*,#13792,.F.);
#14188=EDGE_LOOP('',(#14184,#14185,#14186,#14187));
#14189=FACE_OUTER_BOUND('',#14188,.F.);
#14190=ADVANCED_FACE('',(#14189),#14183,.T.);
#14191=CARTESIAN_POINT('',(2.7102E1,-4.2851E1,3.9E-1));
#14192=DIRECTION('',(0.E0,0.E0,1.E0));
#14193=DIRECTION('',(0.E0,1.E0,0.E0));
#14194=AXIS2_PLACEMENT_3D('',#14191,#14192,#14193);
#14195=CONICAL_SURFACE('',#14194,4.405393149065E-1,1.E1);
#14196=ORIENTED_EDGE('',*,*,#13846,.F.);
#14198=ORIENTED_EDGE('',*,*,#14197,.F.);
#14200=ORIENTED_EDGE('',*,*,#14199,.T.);
#14202=ORIENTED_EDGE('',*,*,#14201,.T.);
#14203=EDGE_LOOP('',(#14196,#14198,#14200,#14202));
#14204=FACE_OUTER_BOUND('',#14203,.F.);
#14205=ADVANCED_FACE('',(#14204),#14195,.F.);
#14206=CARTESIAN_POINT('',(2.7102E1,-4.2851E1,3.9E-1));
#14207=DIRECTION('',(0.E0,0.E0,1.E0));
#14208=DIRECTION('',(0.E0,1.E0,0.E0));
#14209=AXIS2_PLACEMENT_3D('',#14206,#14207,#14208);
#14210=CONICAL_SURFACE('',#14209,4.405393149065E-1,1.E1);
#14211=ORIENTED_EDGE('',*,*,#13848,.F.);
#14212=ORIENTED_EDGE('',*,*,#14201,.F.);
#14214=ORIENTED_EDGE('',*,*,#14213,.T.);
#14215=ORIENTED_EDGE('',*,*,#14197,.T.);
#14216=EDGE_LOOP('',(#14211,#14212,#14214,#14215));
#14217=FACE_OUTER_BOUND('',#14216,.F.);
#14218=ADVANCED_FACE('',(#14217),#14210,.F.);
#14219=CARTESIAN_POINT('',(2.7102E1,-4.2851E1,2.5E-1));
#14220=DIRECTION('',(0.E0,0.E0,1.E0));
#14221=DIRECTION('',(0.E0,1.E0,0.E0));
#14222=AXIS2_PLACEMENT_3D('',#14219,#14220,#14221);
#14223=PLANE('',#14222);
#14224=ORIENTED_EDGE('',*,*,#14199,.F.);
#14225=ORIENTED_EDGE('',*,*,#14213,.F.);
#14226=EDGE_LOOP('',(#14224,#14225));
#14227=FACE_OUTER_BOUND('',#14226,.F.);
#14228=ADVANCED_FACE('',(#14227),#14223,.T.);
#14229=CARTESIAN_POINT('',(2.7102E1,-4.2851E1,2.019763866750E-1));
#14230=DIRECTION('',(0.E0,0.E0,1.E0));
#14231=DIRECTION('',(0.E0,1.E0,0.E0));
#14232=AXIS2_PLACEMENT_3D('',#14229,#14230,#14231);
#14233=CONICAL_SURFACE('',#14232,6.612423318384E-1,1.E1);
#14235=ORIENTED_EDGE('',*,*,#14234,.T.);
#14237=ORIENTED_EDGE('',*,*,#14236,.T.);
#14238=ORIENTED_EDGE('',*,*,#13813,.T.);
#14240=ORIENTED_EDGE('',*,*,#14239,.F.);
#14241=EDGE_LOOP('',(#14235,#14237,#14238,#14240));
#14242=FACE_OUTER_BOUND('',#14241,.F.);
#14243=ADVANCED_FACE('',(#14242),#14233,.T.);
#14244=CARTESIAN_POINT('',(2.7102E1,-4.2851E1,1.5E-1));
#14245=DIRECTION('',(0.E0,0.E0,1.E0));
#14246=DIRECTION('',(-5.124303617787E-2,9.986862126030E-1,0.E0));
#14247=AXIS2_PLACEMENT_3D('',#14244,#14245,#14246);
#14248=TOROIDAL_SURFACE('',#14247,4.997635007250E-1,1.5E-1);
#14249=ORIENTED_EDGE('',*,*,#7739,.F.);
#14251=ORIENTED_EDGE('',*,*,#14250,.T.);
#14252=ORIENTED_EDGE('',*,*,#14234,.F.);
#14254=ORIENTED_EDGE('',*,*,#14253,.F.);
#14255=EDGE_LOOP('',(#14249,#14251,#14252,#14254));
#14256=FACE_OUTER_BOUND('',#14255,.F.);
#14257=ADVANCED_FACE('',(#14256),#14248,.T.);
#14258=CARTESIAN_POINT('',(2.7102E1,-4.2851E1,1.5E-1));
#14259=DIRECTION('',(0.E0,0.E0,1.E0));
#14260=DIRECTION('',(5.124303617788E-2,-9.986862126030E-1,0.E0));
#14261=AXIS2_PLACEMENT_3D('',#14258,#14259,#14260);
#14262=TOROIDAL_SURFACE('',#14261,4.997635007250E-1,1.5E-1);
#14263=ORIENTED_EDGE('',*,*,#7741,.F.);
#14264=ORIENTED_EDGE('',*,*,#14253,.T.);
#14266=ORIENTED_EDGE('',*,*,#14265,.F.);
#14267=ORIENTED_EDGE('',*,*,#14250,.F.);
#14268=EDGE_LOOP('',(#14263,#14264,#14266,#14267));
#14269=FACE_OUTER_BOUND('',#14268,.F.);
#14270=ADVANCED_FACE('',(#14269),#14262,.T.);
#14271=CARTESIAN_POINT('',(2.7102E1,-4.2851E1,2.019763866750E-1));
#14272=DIRECTION('',(0.E0,0.E0,1.E0));
#14273=DIRECTION('',(0.E0,1.E0,0.E0));
#14274=AXIS2_PLACEMENT_3D('',#14271,#14272,#14273);
#14275=CONICAL_SURFACE('',#14274,6.612423318384E-1,1.E1);
#14276=ORIENTED_EDGE('',*,*,#14265,.T.);
#14277=ORIENTED_EDGE('',*,*,#14239,.T.);
#14278=ORIENTED_EDGE('',*,*,#13815,.T.);
#14279=ORIENTED_EDGE('',*,*,#14236,.F.);
#14280=EDGE_LOOP('',(#14276,#14277,#14278,#14279));
#14281=FACE_OUTER_BOUND('',#14280,.F.);
#14282=ADVANCED_FACE('',(#14281),#14275,.T.);
#14283=CARTESIAN_POINT('',(2.6187E1,-4.3886E1,-5.457853976431E-1));
#14284=DIRECTION('',(-1.E0,0.E0,0.E0));
#14285=DIRECTION('',(0.E0,0.E0,1.E0));
#14286=AXIS2_PLACEMENT_3D('',#14283,#14284,#14285);
#14287=PLANE('',#14286);
#14288=ORIENTED_EDGE('',*,*,#13722,.T.);
#14289=ORIENTED_EDGE('',*,*,#13780,.T.);
#14290=ORIENTED_EDGE('',*,*,#13693,.F.);
#14291=ORIENTED_EDGE('',*,*,#13551,.F.);
#14292=EDGE_LOOP('',(#14288,#14289,#14290,#14291));
#14293=FACE_OUTER_BOUND('',#14292,.F.);
#14294=ADVANCED_FACE('',(#14293),#14287,.T.);
#14295=CARTESIAN_POINT('',(2.7102E1,-4.245022741658E1,-1.250123017350E0));
#14296=DIRECTION('',(0.E0,8.715574274767E-2,-9.961946980917E-1));
#14297=DIRECTION('',(1.E0,0.E0,0.E0));
#14298=AXIS2_PLACEMENT_3D('',#14295,#14296,#14297);
#14299=CONICAL_SURFACE('',#14298,6.611798772985E-1,1.E1);
#14300=ORIENTED_EDGE('',*,*,#13495,.T.);
#14301=ORIENTED_EDGE('',*,*,#13475,.F.);
#14302=ORIENTED_EDGE('',*,*,#13421,.T.);
#14303=ORIENTED_EDGE('',*,*,#13472,.T.);
#14304=EDGE_LOOP('',(#14300,#14301,#14302,#14303));
#14305=FACE_OUTER_BOUND('',#14304,.F.);
#14306=ADVANCED_FACE('',(#14305),#14299,.T.);
#14307=CARTESIAN_POINT('',(2.919260687577E1,-3.222940208103E1,
-9.672072638951E-1));
#14308=CARTESIAN_POINT('',(2.907660394884E1,-3.224099582687E1,
-1.015985949614E0));
#14309=CARTESIAN_POINT('',(2.900024469911E1,-3.225454791853E1,
-1.115766007594E0));
#14310=CARTESIAN_POINT('',(2.898349861217E1,-3.226651421040E1,
-1.240452937982E0));
#14311=CARTESIAN_POINT('',(2.917520745344E1,-3.195389856143E1,
-9.913106986220E-1));
#14312=CARTESIAN_POINT('',(2.905471317182E1,-3.189437592179E1,
-1.046311261861E0));
#14313=CARTESIAN_POINT('',(2.897539747535E1,-3.186111545464E1,
-1.150186888047E0));
#14314=CARTESIAN_POINT('',(2.895800302014E1,-3.186281544371E1,
-1.275772003548E0));
#14315=CARTESIAN_POINT('',(2.936489730282E1,-3.175266805645E1,
-1.008916086563E0));
#14316=CARTESIAN_POINT('',(2.929336811780E1,-3.164120130306E1,
-1.068461170893E0));
#14317=CARTESIAN_POINT('',(2.924628383253E1,-3.157374847836E1,
-1.175328240744E0));
#14318=CARTESIAN_POINT('',(2.923595793832E1,-3.156794985797E1,
-1.301569399564E0));
#14319=CARTESIAN_POINT('',(2.964199999999E1,-3.175266805644E1,
-1.008916086564E0));
#14320=CARTESIAN_POINT('',(2.964199999999E1,-3.164120130305E1,
-1.068461170894E0));
#14321=CARTESIAN_POINT('',(2.964199999998E1,-3.157374847835E1,
-1.175328240745E0));
#14322=CARTESIAN_POINT('',(2.964199999998E1,-3.156794985796E1,
-1.301569399565E0));
#14323=CARTESIAN_POINT('',(2.991910269716E1,-3.175266805643E1,
-1.008916086564E0));
#14324=CARTESIAN_POINT('',(2.999063188218E1,-3.164120130304E1,
-1.068461170894E0));
#14325=CARTESIAN_POINT('',(3.003771616743E1,-3.157374847834E1,
-1.175328240745E0));
#14326=CARTESIAN_POINT('',(3.004804206164E1,-3.156794985795E1,
-1.301569399565E0));
#14327=CARTESIAN_POINT('',(3.010879254655E1,-3.195389856140E1,
-9.913106986241E-1));
#14328=CARTESIAN_POINT('',(3.022928682817E1,-3.189437592176E1,
-1.046311261864E0));
#14329=CARTESIAN_POINT('',(3.030860252463E1,-3.186111545461E1,
-1.150186888050E0));
#14330=CARTESIAN_POINT('',(3.032599697984E1,-3.186281544367E1,
-1.275772003551E0));
#14331=CARTESIAN_POINT('',(3.009139312423E1,-3.222940208101E1,
-9.672072638971E-1));
#14332=CARTESIAN_POINT('',(3.020739605116E1,-3.224099582684E1,
-1.015985949617E0));
#14333=CARTESIAN_POINT('',(3.028375530089E1,-3.225454791850E1,
-1.115766007597E0));
#14334=CARTESIAN_POINT('',(3.030050138784E1,-3.226651421037E1,
-1.240452937985E0));
#14335=(BOUNDED_SURFACE()B_SPLINE_SURFACE(3,3,((#14307,#14308,#14309,#14310),(
#14311,#14312,#14313,#14314),(#14315,#14316,#14317,#14318),(#14319,#14320,
#14321,#14322),(#14323,#14324,#14325,#14326),(#14327,#14328,#14329,#14330),(
#14331,#14332,#14333,#14334)),.UNSPECIFIED.,.F.,.F.,.F.)B_SPLINE_SURFACE_WITH_KNOTS((4,3,4),(4,4),(0.E0,1.E0,2.E0),(0.E0,1.E0),.UNSPECIFIED.)GEOMETRIC_REPRESENTATION_ITEM()RATIONAL_B_SPLINE_SURFACE(((1.270316057069E0,1.159578290979E0,
1.159578290979E0,1.270316057069E0),(1.003166139335E0,9.157167391099E-1,
9.157167391099E-1,1.003166139335E0),(1.003166139335E0,9.157167391099E-1,
9.157167391099E-1,1.003166139335E0),(1.270316057069E0,1.159578290979E0,
1.159578290979E0,1.270316057069E0),(1.003166139335E0,9.157167391099E-1,
9.157167391099E-1,1.003166139335E0),(1.003166139335E0,9.157167391099E-1,
9.157167391099E-1,1.003166139335E0),(1.270316057069E0,1.159578290979E0,
1.159578290979E0,1.270316057069E0)))REPRESENTATION_ITEM('')SURFACE());
#14336=ORIENTED_EDGE('',*,*,#7879,.F.);
#14338=ORIENTED_EDGE('',*,*,#14337,.T.);
#14340=ORIENTED_EDGE('',*,*,#14339,.F.);
#14342=ORIENTED_EDGE('',*,*,#14341,.F.);
#14343=EDGE_LOOP('',(#14336,#14338,#14340,#14342));
#14344=FACE_OUTER_BOUND('',#14343,.F.);
#14345=ADVANCED_FACE('',(#14344),#14335,.T.);
#14346=CARTESIAN_POINT('',(3.015829738411E1,-3.217217245493E1,
-1.010167679765E0));
#14347=CARTESIAN_POINT('',(3.023742717662E1,-3.217218501050E1,
-1.067432206538E0));
#14348=CARTESIAN_POINT('',(3.028755805939E1,-3.217634422902E1,
-1.151160013998E0));
#14349=CARTESIAN_POINT('',(3.030050138783E1,-3.218397072164E1,
-1.247674557496E0));
#14350=CARTESIAN_POINT('',(3.017828717868E1,-3.248869208733E1,
-9.824758001461E-1));
#14351=CARTESIAN_POINT('',(3.026048068669E1,-3.253721570185E1,
-1.035496159206E0));
#14352=CARTESIAN_POINT('',(3.031255251683E1,-3.257210799994E1,
-1.116535170608E0));
#14353=CARTESIAN_POINT('',(3.032599697986E1,-3.258766948834E1,
-1.212355491931E0));
#14354=CARTESIAN_POINT('',(2.996035689059E1,-3.271988116816E1,
-9.622493764423E-1));
#14355=CARTESIAN_POINT('',(3.000914953505E1,-3.280383774160E1,
-1.012169753282E0));
#14356=CARTESIAN_POINT('',(3.004006100672E1,-3.286117778601E1,
-1.091244841359E0));
#14357=CARTESIAN_POINT('',(3.004804206168E1,-3.288253507408E1,
-1.186558095915E0));
#14358=CARTESIAN_POINT('',(2.964200000001E1,-3.271988116817E1,
-9.622493764415E-1));
#14359=CARTESIAN_POINT('',(2.964200000002E1,-3.280383774161E1,
-1.012169753281E0));
#14360=CARTESIAN_POINT('',(2.964200000002E1,-3.286117778602E1,
-1.091244841358E0));
#14361=CARTESIAN_POINT('',(2.964200000002E1,-3.288253507409E1,
-1.186558095914E0));
#14362=CARTESIAN_POINT('',(2.932364310944E1,-3.271988116818E1,
-9.622493764408E-1));
#14363=CARTESIAN_POINT('',(2.927485046498E1,-3.280383774162E1,
-1.012169753280E0));
#14364=CARTESIAN_POINT('',(2.924393899332E1,-3.286117778603E1,
-1.091244841357E0));
#14365=CARTESIAN_POINT('',(2.923595793836E1,-3.288253507410E1,
-1.186558095913E0));
#14366=CARTESIAN_POINT('',(2.910571282133E1,-3.248869208735E1,
-9.824758001437E-1));
#14367=CARTESIAN_POINT('',(2.902351931333E1,-3.253721570188E1,
-1.035496159203E0));
#14368=CARTESIAN_POINT('',(2.897144748319E1,-3.257210799997E1,
-1.116535170605E0));
#14369=CARTESIAN_POINT('',(2.895800302016E1,-3.258766948837E1,
-1.212355491928E0));
#14370=CARTESIAN_POINT('',(2.912570261589E1,-3.217217245495E1,
-1.010167679762E0));
#14371=CARTESIAN_POINT('',(2.904657282338E1,-3.217218501053E1,
-1.067432206536E0));
#14372=CARTESIAN_POINT('',(2.899644194061E1,-3.217634422905E1,
-1.151160013995E0));
#14373=CARTESIAN_POINT('',(2.898349861216E1,-3.218397072168E1,
-1.247674557494E0));
#14374=(BOUNDED_SURFACE()B_SPLINE_SURFACE(3,3,((#14346,#14347,#14348,#14349),(
#14350,#14351,#14352,#14353),(#14354,#14355,#14356,#14357),(#14358,#14359,
#14360,#14361),(#14362,#14363,#14364,#14365),(#14366,#14367,#14368,#14369),(
#14370,#14371,#14372,#14373)),.UNSPECIFIED.,.F.,.F.,.F.)B_SPLINE_SURFACE_WITH_KNOTS((4,3,4),(4,4),(0.E0,1.E0,2.E0),(0.E0,1.E0),.UNSPECIFIED.)GEOMETRIC_REPRESENTATION_ITEM()RATIONAL_B_SPLINE_SURFACE(((1.237810361751E0,1.170413522751E0,
1.170413522751E0,1.237810361751E0),(9.774964544588E-1,9.242733007354E-1,
9.242733007354E-1,9.774964544588E-1),(9.774964544588E-1,9.242733007354E-1,
9.242733007354E-1,9.774964544588E-1),(1.237810361751E0,1.170413522751E0,
1.170413522751E0,1.237810361751E0),(9.774964544588E-1,9.242733007354E-1,
9.242733007354E-1,9.774964544588E-1),(9.774964544588E-1,9.242733007354E-1,
9.242733007354E-1,9.774964544588E-1),(1.237810361751E0,1.170413522751E0,
1.170413522751E0,1.237810361751E0)))REPRESENTATION_ITEM('')SURFACE());
#14375=ORIENTED_EDGE('',*,*,#7881,.F.);
#14376=ORIENTED_EDGE('',*,*,#14341,.T.);
#14378=ORIENTED_EDGE('',*,*,#14377,.F.);
#14379=ORIENTED_EDGE('',*,*,#14337,.F.);
#14380=EDGE_LOOP('',(#14375,#14376,#14378,#14379));
#14381=FACE_OUTER_BOUND('',#14380,.F.);
#14382=ADVANCED_FACE('',(#14381),#14374,.T.);
#14383=CARTESIAN_POINT('',(2.9642E1,-3.222577258342E1,-1.250123017350E0));
#14384=DIRECTION('',(0.E0,-8.715574274767E-2,-9.961946980917E-1));
#14385=DIRECTION('',(-1.E0,0.E0,0.E0));
#14386=AXIS2_PLACEMENT_3D('',#14383,#14384,#14385);
#14387=CONICAL_SURFACE('',#14386,6.611798772985E-1,1.E1);
#14389=ORIENTED_EDGE('',*,*,#14388,.T.);
#14391=ORIENTED_EDGE('',*,*,#14390,.F.);
#14392=ORIENTED_EDGE('',*,*,#14377,.T.);
#14394=ORIENTED_EDGE('',*,*,#14393,.T.);
#14395=EDGE_LOOP('',(#14389,#14391,#14392,#14394));
#14396=FACE_OUTER_BOUND('',#14395,.F.);
#14397=ADVANCED_FACE('',(#14396),#14387,.T.);
#14398=CARTESIAN_POINT('',(2.8727E1,-3.2895E1,-1.212039516665E0));
#14399=DIRECTION('',(0.E0,8.715574274767E-2,9.961946980917E-1));
#14400=DIRECTION('',(0.E0,9.961946980917E-1,-8.715574274767E-2));
#14401=AXIS2_PLACEMENT_3D('',#14398,#14399,#14400);
#14402=PLANE('',#14401);
#14404=ORIENTED_EDGE('',*,*,#14403,.T.);
#14406=ORIENTED_EDGE('',*,*,#14405,.T.);
#14408=ORIENTED_EDGE('',*,*,#14407,.F.);
#14410=ORIENTED_EDGE('',*,*,#14409,.F.);
#14411=EDGE_LOOP('',(#14404,#14406,#14408,#14410));
#14412=FACE_OUTER_BOUND('',#14411,.F.);
#14414=ORIENTED_EDGE('',*,*,#14413,.F.);
#14415=ORIENTED_EDGE('',*,*,#14388,.F.);
#14416=EDGE_LOOP('',(#14414,#14415));
#14417=FACE_BOUND('',#14416,.F.);
#14418=ADVANCED_FACE('',(#14412,#14417),#14402,.T.);
#14419=CARTESIAN_POINT('',(2.8727E1,-3.199743114855E1,-1.416044095594E0));
#14420=DIRECTION('',(1.E0,0.E0,0.E0));
#14421=DIRECTION('',(0.E0,9.961946980917E-1,-8.715574274767E-2));
#14422=AXIS2_PLACEMENT_3D('',#14419,#14420,#14421);
#14423=PLANE('',#14422);
#14424=ORIENTED_EDGE('',*,*,#14403,.F.);
#14426=ORIENTED_EDGE('',*,*,#14425,.T.);
#14428=ORIENTED_EDGE('',*,*,#14427,.T.);
#14430=ORIENTED_EDGE('',*,*,#14429,.F.);
#14431=EDGE_LOOP('',(#14424,#14426,#14428,#14430));
#14432=FACE_OUTER_BOUND('',#14431,.F.);
#14433=ADVANCED_FACE('',(#14432),#14423,.F.);
#14434=CARTESIAN_POINT('',(2.9642E1,-3.290589446784E1,-1.336563853927E0));
#14435=DIRECTION('',(0.E0,-9.961946980917E-1,8.715574274767E-2));
#14436=DIRECTION('',(1.E0,0.E0,0.E0));
#14437=AXIS2_PLACEMENT_3D('',#14434,#14435,#14436);
#14438=PLANE('',#14437);
#14439=ORIENTED_EDGE('',*,*,#14409,.T.);
#14441=ORIENTED_EDGE('',*,*,#14440,.T.);
#14443=ORIENTED_EDGE('',*,*,#14442,.F.);
#14444=ORIENTED_EDGE('',*,*,#14425,.F.);
#14445=EDGE_LOOP('',(#14439,#14441,#14443,#14444));
#14446=FACE_OUTER_BOUND('',#14445,.F.);
#14447=ADVANCED_FACE('',(#14446),#14438,.T.);
#14448=CARTESIAN_POINT('',(3.0557E1,-3.199743114855E1,-1.416044095594E0));
#14449=DIRECTION('',(1.E0,0.E0,0.E0));
#14450=DIRECTION('',(0.E0,9.961946980917E-1,-8.715574274767E-2));
#14451=AXIS2_PLACEMENT_3D('',#14448,#14449,#14450);
#14452=PLANE('',#14451);
#14453=ORIENTED_EDGE('',*,*,#14407,.T.);
#14455=ORIENTED_EDGE('',*,*,#14454,.T.);
#14457=ORIENTED_EDGE('',*,*,#14456,.F.);
#14458=ORIENTED_EDGE('',*,*,#14440,.F.);
#14459=EDGE_LOOP('',(#14453,#14455,#14457,#14458));
#14460=FACE_OUTER_BOUND('',#14459,.F.);
#14461=ADVANCED_FACE('',(#14460),#14452,.T.);
#14462=CARTESIAN_POINT('',(3.0557E1,-3.087921269291E1,-1.424322062909E0));
#14463=DIRECTION('',(1.E0,0.E0,0.E0));
#14464=DIRECTION('',(0.E0,9.961946980917E-1,-8.715574274766E-2));
#14465=AXIS2_PLACEMENT_3D('',#14462,#14463,#14464);
#14466=PLANE('',#14465);
#14468=ORIENTED_EDGE('',*,*,#14467,.T.);
#14470=ORIENTED_EDGE('',*,*,#14469,.T.);
#14472=ORIENTED_EDGE('',*,*,#14471,.F.);
#14473=ORIENTED_EDGE('',*,*,#14454,.F.);
#14474=EDGE_LOOP('',(#14468,#14470,#14472,#14473));
#14475=FACE_OUTER_BOUND('',#14474,.F.);
#14476=ADVANCED_FACE('',(#14475),#14466,.T.);
#14477=CARTESIAN_POINT('',(2.8727E1,-3.1065E1,-1.221570795286E0));
#14478=DIRECTION('',(-1.E0,0.E0,0.E0));
#14479=DIRECTION('',(0.E0,1.E0,0.E0));
#14480=AXIS2_PLACEMENT_3D('',#14477,#14478,#14479);
#14481=CYLINDRICAL_SURFACE('',#14480,1.5E-1);
#14483=ORIENTED_EDGE('',*,*,#14482,.T.);
#14485=ORIENTED_EDGE('',*,*,#14484,.T.);
#14486=ORIENTED_EDGE('',*,*,#14467,.F.);
#14487=ORIENTED_EDGE('',*,*,#14405,.F.);
#14488=EDGE_LOOP('',(#14483,#14485,#14486,#14487));
#14489=FACE_OUTER_BOUND('',#14488,.F.);
#14490=ADVANCED_FACE('',(#14489),#14481,.F.);
#14491=CARTESIAN_POINT('',(2.8727E1,-3.087921269291E1,-1.424322062909E0));
#14492=DIRECTION('',(1.E0,0.E0,0.E0));
#14493=DIRECTION('',(0.E0,9.961946980917E-1,-8.715574274766E-2));
#14494=AXIS2_PLACEMENT_3D('',#14491,#14492,#14493);
#14495=PLANE('',#14494);
#14496=ORIENTED_EDGE('',*,*,#14482,.F.);
#14497=ORIENTED_EDGE('',*,*,#14429,.T.);
#14499=ORIENTED_EDGE('',*,*,#14498,.T.);
#14501=ORIENTED_EDGE('',*,*,#14500,.F.);
#14502=EDGE_LOOP('',(#14496,#14497,#14499,#14501));
#14503=FACE_OUTER_BOUND('',#14502,.F.);
#14504=ADVANCED_FACE('',(#14503),#14495,.F.);
#14505=CARTESIAN_POINT('',(2.8727E1,-3.1065E1,-1.221570795286E0));
#14506=DIRECTION('',(-1.E0,0.E0,0.E0));
#14507=DIRECTION('',(0.E0,1.E0,0.E0));
#14508=AXIS2_PLACEMENT_3D('',#14505,#14506,#14507);
#14509=CYLINDRICAL_SURFACE('',#14508,4.E-1);
#14510=ORIENTED_EDGE('',*,*,#14498,.F.);
#14512=ORIENTED_EDGE('',*,*,#14511,.T.);
#14513=ORIENTED_EDGE('',*,*,#14471,.T.);
#14515=ORIENTED_EDGE('',*,*,#14514,.F.);
#14516=EDGE_LOOP('',(#14510,#14512,#14513,#14515));
#14517=FACE_OUTER_BOUND('',#14516,.F.);
#14518=ADVANCED_FACE('',(#14517),#14509,.T.);
#14519=CARTESIAN_POINT('',(2.8727E1,-3.291678893569E1,-1.461088191188E0));
#14520=DIRECTION('',(0.E0,8.715574274767E-2,9.961946980917E-1));
#14521=DIRECTION('',(0.E0,9.961946980917E-1,-8.715574274767E-2));
#14522=AXIS2_PLACEMENT_3D('',#14519,#14520,#14521);
#14523=PLANE('',#14522);
#14524=ORIENTED_EDGE('',*,*,#14427,.F.);
#14525=ORIENTED_EDGE('',*,*,#14442,.T.);
#14526=ORIENTED_EDGE('',*,*,#14456,.T.);
#14527=ORIENTED_EDGE('',*,*,#14511,.F.);
#14528=EDGE_LOOP('',(#14524,#14525,#14526,#14527));
#14529=FACE_OUTER_BOUND('',#14528,.F.);
#14531=ORIENTED_EDGE('',*,*,#14530,.T.);
#14533=ORIENTED_EDGE('',*,*,#14532,.T.);
#14534=EDGE_LOOP('',(#14531,#14533));
#14535=FACE_BOUND('',#14534,.F.);
#14536=ADVANCED_FACE('',(#14529,#14535),#14523,.F.);
#14537=CARTESIAN_POINT('',(2.9642E1,-3.223855885575E1,-1.396270778852E0));
#14538=DIRECTION('',(0.E0,-8.715574274767E-2,-9.961946980917E-1));
#14539=DIRECTION('',(-1.E0,0.E0,0.E0));
#14540=AXIS2_PLACEMENT_3D('',#14537,#14538,#14539);
#14541=CONICAL_SURFACE('',#14540,4.331914542748E-1,1.E1);
#14542=ORIENTED_EDGE('',*,*,#14530,.F.);
#14544=ORIENTED_EDGE('',*,*,#14543,.F.);
#14546=ORIENTED_EDGE('',*,*,#14545,.F.);
#14548=ORIENTED_EDGE('',*,*,#14547,.T.);
#14549=EDGE_LOOP('',(#14542,#14544,#14546,#14548));
#14550=FACE_OUTER_BOUND('',#14549,.F.);
#14551=ADVANCED_FACE('',(#14550),#14541,.F.);
#14552=CARTESIAN_POINT('',(2.9642E1,-3.223855885575E1,-1.396270778852E0));
#14553=DIRECTION('',(0.E0,-8.715574274767E-2,-9.961946980917E-1));
#14554=DIRECTION('',(-1.E0,0.E0,0.E0));
#14555=AXIS2_PLACEMENT_3D('',#14552,#14553,#14554);
#14556=CONICAL_SURFACE('',#14555,4.331914542748E-1,1.E1);
#14557=ORIENTED_EDGE('',*,*,#14532,.F.);
#14558=ORIENTED_EDGE('',*,*,#14547,.F.);
#14560=ORIENTED_EDGE('',*,*,#14559,.F.);
#14561=ORIENTED_EDGE('',*,*,#14543,.T.);
#14562=EDGE_LOOP('',(#14557,#14558,#14560,#14561));
#14563=FACE_OUTER_BOUND('',#14562,.F.);
#14564=ADVANCED_FACE('',(#14563),#14556,.F.);
#14565=CARTESIAN_POINT('',(2.9642E1,-3.222929266713E1,-1.290357758268E0));
#14566=DIRECTION('',(0.E0,-8.715574274767E-2,-9.961946980917E-1));
#14567=DIRECTION('',(-9.999736456494E-1,7.232401402089E-3,-6.327531327516E-4));
#14568=AXIS2_PLACEMENT_3D('',#14565,#14566,#14567);
#14569=TOROIDAL_SURFACE('',#14568,3.129021332485E-1,1.E-1);
#14571=ORIENTED_EDGE('',*,*,#14570,.F.);
#14573=ORIENTED_EDGE('',*,*,#14572,.T.);
#14574=ORIENTED_EDGE('',*,*,#14559,.T.);
#14576=ORIENTED_EDGE('',*,*,#14575,.F.);
#14577=EDGE_LOOP('',(#14571,#14573,#14574,#14576));
#14578=FACE_OUTER_BOUND('',#14577,.F.);
#14579=ADVANCED_FACE('',(#14578),#14569,.F.);
#14580=CARTESIAN_POINT('',(2.9642E1,-3.222057709286E1,-1.190738288459E0));
#14581=DIRECTION('',(0.E0,-8.715574274767E-2,-9.961946980917E-1));
#14582=DIRECTION('',(-1.E0,0.E0,0.E0));
#14583=AXIS2_PLACEMENT_3D('',#14580,#14581,#14582);
#14584=PLANE('',#14583);
#14585=ORIENTED_EDGE('',*,*,#14570,.T.);
#14587=ORIENTED_EDGE('',*,*,#14586,.T.);
#14588=EDGE_LOOP('',(#14585,#14587));
#14589=FACE_OUTER_BOUND('',#14588,.F.);
#14590=ADVANCED_FACE('',(#14589),#14584,.T.);
#14591=CARTESIAN_POINT('',(2.9642E1,-3.222929266713E1,-1.290357758268E0));
#14592=DIRECTION('',(0.E0,-8.715574274767E-2,-9.961946980917E-1));
#14593=DIRECTION('',(9.999736456494E-1,-7.232401402089E-3,6.327531327521E-4));
#14594=AXIS2_PLACEMENT_3D('',#14591,#14592,#14593);
#14595=TOROIDAL_SURFACE('',#14594,3.129021332485E-1,1.E-1);
#14596=ORIENTED_EDGE('',*,*,#14586,.F.);
#14597=ORIENTED_EDGE('',*,*,#14575,.T.);
#14598=ORIENTED_EDGE('',*,*,#14545,.T.);
#14599=ORIENTED_EDGE('',*,*,#14572,.F.);
#14600=EDGE_LOOP('',(#14596,#14597,#14598,#14599));
#14601=FACE_OUTER_BOUND('',#14600,.F.);
#14602=ADVANCED_FACE('',(#14601),#14595,.F.);
#14603=CARTESIAN_POINT('',(2.8727E1,-3.0665E1,-1.221570795286E0));
#14604=DIRECTION('',(0.E0,-1.E0,0.E0));
#14605=DIRECTION('',(0.E0,0.E0,1.E0));
#14606=AXIS2_PLACEMENT_3D('',#14603,#14604,#14605);
#14607=PLANE('',#14606);
#14609=ORIENTED_EDGE('',*,*,#14608,.F.);
#14610=ORIENTED_EDGE('',*,*,#14514,.T.);
#14612=ORIENTED_EDGE('',*,*,#14611,.T.);
#14614=ORIENTED_EDGE('',*,*,#14613,.F.);
#14615=EDGE_LOOP('',(#14609,#14610,#14612,#14614));
#14616=FACE_OUTER_BOUND('',#14615,.F.);
#14617=ADVANCED_FACE('',(#14616),#14607,.F.);
#14618=CARTESIAN_POINT('',(2.8727E1,-3.079E1,-5.457853976431E-1));
#14619=DIRECTION('',(1.E0,0.E0,0.E0));
#14620=DIRECTION('',(0.E0,0.E0,1.E0));
#14621=AXIS2_PLACEMENT_3D('',#14618,#14619,#14620);
#14622=PLANE('',#14621);
#14624=ORIENTED_EDGE('',*,*,#14623,.F.);
#14625=ORIENTED_EDGE('',*,*,#14500,.T.);
#14626=ORIENTED_EDGE('',*,*,#14608,.T.);
#14628=ORIENTED_EDGE('',*,*,#14627,.F.);
#14629=EDGE_LOOP('',(#14624,#14625,#14626,#14628));
#14630=FACE_OUTER_BOUND('',#14629,.F.);
#14631=ADVANCED_FACE('',(#14630),#14622,.F.);
#14632=CARTESIAN_POINT('',(2.8727E1,-3.0915E1,-1.221570795286E0));
#14633=DIRECTION('',(0.E0,-1.E0,0.E0));
#14634=DIRECTION('',(0.E0,0.E0,1.E0));
#14635=AXIS2_PLACEMENT_3D('',#14632,#14633,#14634);
#14636=PLANE('',#14635);
#14637=ORIENTED_EDGE('',*,*,#14623,.T.);
#14639=ORIENTED_EDGE('',*,*,#14638,.T.);
#14641=ORIENTED_EDGE('',*,*,#14640,.F.);
#14642=ORIENTED_EDGE('',*,*,#14484,.F.);
#14643=EDGE_LOOP('',(#14637,#14639,#14641,#14642));
#14644=FACE_OUTER_BOUND('',#14643,.F.);
#14645=ADVANCED_FACE('',(#14644),#14636,.T.);
#14646=CARTESIAN_POINT('',(2.8727E1,-3.1065E1,1.3E-1));
#14647=DIRECTION('',(-1.E0,0.E0,0.E0));
#14648=DIRECTION('',(0.E0,1.E0,0.E0));
#14649=AXIS2_PLACEMENT_3D('',#14646,#14647,#14648);
#14650=CYLINDRICAL_SURFACE('',#14649,1.5E-1);
#14652=ORIENTED_EDGE('',*,*,#14651,.T.);
#14654=ORIENTED_EDGE('',*,*,#14653,.T.);
#14656=ORIENTED_EDGE('',*,*,#14655,.F.);
#14657=ORIENTED_EDGE('',*,*,#14638,.F.);
#14658=EDGE_LOOP('',(#14652,#14654,#14656,#14657));
#14659=FACE_OUTER_BOUND('',#14658,.F.);
#14660=ADVANCED_FACE('',(#14659),#14650,.F.);
#14661=CARTESIAN_POINT('',(2.8727E1,-3.087054563517E1,3.244543648263E-1));
#14662=DIRECTION('',(1.E0,0.E0,0.E0));
#14663=DIRECTION('',(0.E0,0.E0,1.E0));
#14664=AXIS2_PLACEMENT_3D('',#14661,#14662,#14663);
#14665=PLANE('',#14664);
#14666=ORIENTED_EDGE('',*,*,#14651,.F.);
#14667=ORIENTED_EDGE('',*,*,#14627,.T.);
#14669=ORIENTED_EDGE('',*,*,#14668,.T.);
#14671=ORIENTED_EDGE('',*,*,#14670,.F.);
#14672=EDGE_LOOP('',(#14666,#14667,#14669,#14671));
#14673=FACE_OUTER_BOUND('',#14672,.F.);
#14674=ADVANCED_FACE('',(#14673),#14665,.F.);
#14675=CARTESIAN_POINT('',(2.8727E1,-3.1065E1,1.3E-1));
#14676=DIRECTION('',(-1.E0,0.E0,0.E0));
#14677=DIRECTION('',(0.E0,1.E0,0.E0));
#14678=AXIS2_PLACEMENT_3D('',#14675,#14676,#14677);
#14679=CYLINDRICAL_SURFACE('',#14678,4.E-1);
#14680=ORIENTED_EDGE('',*,*,#14668,.F.);
#14681=ORIENTED_EDGE('',*,*,#14613,.T.);
#14683=ORIENTED_EDGE('',*,*,#14682,.T.);
#14685=ORIENTED_EDGE('',*,*,#14684,.F.);
#14686=EDGE_LOOP('',(#14680,#14681,#14683,#14685));
#14687=FACE_OUTER_BOUND('',#14686,.F.);
#14688=ADVANCED_FACE('',(#14687),#14679,.T.);
#14689=CARTESIAN_POINT('',(3.0557E1,-3.087054563517E1,3.244543648263E-1));
#14690=DIRECTION('',(1.E0,0.E0,0.E0));
#14691=DIRECTION('',(0.E0,0.E0,1.E0));
#14692=AXIS2_PLACEMENT_3D('',#14689,#14690,#14691);
#14693=PLANE('',#14692);
#14694=ORIENTED_EDGE('',*,*,#14655,.T.);
#14696=ORIENTED_EDGE('',*,*,#14695,.T.);
#14697=ORIENTED_EDGE('',*,*,#14682,.F.);
#14699=ORIENTED_EDGE('',*,*,#14698,.F.);
#14700=EDGE_LOOP('',(#14694,#14696,#14697,#14699));
#14701=FACE_OUTER_BOUND('',#14700,.F.);
#14702=ADVANCED_FACE('',(#14701),#14693,.T.);
#14703=CARTESIAN_POINT('',(3.0557E1,-3.179E1,4.05E-1));
#14704=DIRECTION('',(1.E0,0.E0,0.E0));
#14705=DIRECTION('',(0.E0,-1.E0,0.E0));
#14706=AXIS2_PLACEMENT_3D('',#14703,#14704,#14705);
#14707=PLANE('',#14706);
#14709=ORIENTED_EDGE('',*,*,#14708,.T.);
#14711=ORIENTED_EDGE('',*,*,#14710,.T.);
#14713=ORIENTED_EDGE('',*,*,#14712,.F.);
#14714=ORIENTED_EDGE('',*,*,#14695,.F.);
#14715=EDGE_LOOP('',(#14709,#14711,#14713,#14714));
#14716=FACE_OUTER_BOUND('',#14715,.F.);
#14717=ADVANCED_FACE('',(#14716),#14707,.T.);
#14718=CARTESIAN_POINT('',(2.8727E1,-3.1065E1,2.8E-1));
#14719=DIRECTION('',(0.E0,0.E0,-1.E0));
#14720=DIRECTION('',(0.E0,-1.E0,0.E0));
#14721=AXIS2_PLACEMENT_3D('',#14718,#14719,#14720);
#14722=PLANE('',#14721);
#14724=ORIENTED_EDGE('',*,*,#14723,.T.);
#14726=ORIENTED_EDGE('',*,*,#14725,.T.);
#14727=ORIENTED_EDGE('',*,*,#14708,.F.);
#14728=ORIENTED_EDGE('',*,*,#14653,.F.);
#14729=EDGE_LOOP('',(#14724,#14726,#14727,#14728));
#14730=FACE_OUTER_BOUND('',#14729,.F.);
#14732=ORIENTED_EDGE('',*,*,#14731,.F.);
#14734=ORIENTED_EDGE('',*,*,#14733,.F.);
#14735=EDGE_LOOP('',(#14732,#14734));
#14736=FACE_BOUND('',#14735,.F.);
#14737=ADVANCED_FACE('',(#14730,#14736),#14722,.T.);
#14738=CARTESIAN_POINT('',(2.8727E1,-3.179E1,4.05E-1));
#14739=DIRECTION('',(1.E0,0.E0,0.E0));
#14740=DIRECTION('',(0.E0,-1.E0,0.E0));
#14741=AXIS2_PLACEMENT_3D('',#14738,#14739,#14740);
#14742=PLANE('',#14741);
#14743=ORIENTED_EDGE('',*,*,#14723,.F.);
#14744=ORIENTED_EDGE('',*,*,#14670,.T.);
#14746=ORIENTED_EDGE('',*,*,#14745,.T.);
#14748=ORIENTED_EDGE('',*,*,#14747,.F.);
#14749=EDGE_LOOP('',(#14743,#14744,#14746,#14748));
#14750=FACE_OUTER_BOUND('',#14749,.F.);
#14751=ADVANCED_FACE('',(#14750),#14742,.F.);
#14752=CARTESIAN_POINT('',(2.8727E1,-3.1065E1,5.3E-1));
#14753=DIRECTION('',(0.E0,0.E0,-1.E0));
#14754=DIRECTION('',(0.E0,-1.E0,0.E0));
#14755=AXIS2_PLACEMENT_3D('',#14752,#14753,#14754);
#14756=PLANE('',#14755);
#14757=ORIENTED_EDGE('',*,*,#14745,.F.);
#14758=ORIENTED_EDGE('',*,*,#14684,.T.);
#14759=ORIENTED_EDGE('',*,*,#14712,.T.);
#14761=ORIENTED_EDGE('',*,*,#14760,.F.);
#14762=EDGE_LOOP('',(#14757,#14758,#14759,#14761));
#14763=FACE_OUTER_BOUND('',#14762,.F.);
#14765=ORIENTED_EDGE('',*,*,#14764,.T.);
#14767=ORIENTED_EDGE('',*,*,#14766,.T.);
#14768=EDGE_LOOP('',(#14765,#14767));
#14769=FACE_BOUND('',#14768,.F.);
#14770=ADVANCED_FACE('',(#14763,#14769),#14756,.F.);
#14771=CARTESIAN_POINT('',(2.8727E1,-3.2515E1,6.6E-1));
#14772=DIRECTION('',(-1.E0,0.E0,0.E0));
#14773=DIRECTION('',(0.E0,1.E0,0.E0));
#14774=AXIS2_PLACEMENT_3D('',#14771,#14772,#14773);
#14775=CYLINDRICAL_SURFACE('',#14774,1.3E-1);
#14777=ORIENTED_EDGE('',*,*,#14776,.F.);
#14778=ORIENTED_EDGE('',*,*,#14760,.T.);
#14780=ORIENTED_EDGE('',*,*,#14779,.T.);
#14782=ORIENTED_EDGE('',*,*,#14781,.F.);
#14783=EDGE_LOOP('',(#14777,#14778,#14780,#14782));
#14784=FACE_OUTER_BOUND('',#14783,.F.);
#14785=ADVANCED_FACE('',(#14784),#14775,.F.);
#14786=CARTESIAN_POINT('',(2.8727E1,-3.277E1,6.6E-1));
#14787=DIRECTION('',(1.E0,0.E0,0.E0));
#14788=DIRECTION('',(0.E0,-1.E0,0.E0));
#14789=AXIS2_PLACEMENT_3D('',#14786,#14787,#14788);
#14790=PLANE('',#14789);
#14792=ORIENTED_EDGE('',*,*,#14791,.F.);
#14793=ORIENTED_EDGE('',*,*,#14747,.T.);
#14794=ORIENTED_EDGE('',*,*,#14776,.T.);
#14796=ORIENTED_EDGE('',*,*,#14795,.F.);
#14797=EDGE_LOOP('',(#14792,#14793,#14794,#14796));
#14798=FACE_OUTER_BOUND('',#14797,.F.);
#14799=ADVANCED_FACE('',(#14798),#14790,.F.);
#14800=CARTESIAN_POINT('',(2.8727E1,-3.2515E1,6.6E-1));
#14801=DIRECTION('',(-1.E0,0.E0,0.E0));
#14802=DIRECTION('',(0.E0,1.E0,0.E0));
#14803=AXIS2_PLACEMENT_3D('',#14800,#14801,#14802);
#14804=CYLINDRICAL_SURFACE('',#14803,3.8E-1);
#14805=ORIENTED_EDGE('',*,*,#14791,.T.);
#14807=ORIENTED_EDGE('',*,*,#14806,.T.);
#14809=ORIENTED_EDGE('',*,*,#14808,.F.);
#14810=ORIENTED_EDGE('',*,*,#14725,.F.);
#14811=EDGE_LOOP('',(#14805,#14807,#14809,#14810));
#14812=FACE_OUTER_BOUND('',#14811,.F.);
#14813=ADVANCED_FACE('',(#14812),#14804,.T.);
#14814=CARTESIAN_POINT('',(2.8727E1,-3.2515E1,1.04E0));
#14815=DIRECTION('',(0.E0,0.E0,1.E0));
#14816=DIRECTION('',(0.E0,1.E0,0.E0));
#14817=AXIS2_PLACEMENT_3D('',#14814,#14815,#14816);
#14818=PLANE('',#14817);
#14820=ORIENTED_EDGE('',*,*,#14819,.F.);
#14822=ORIENTED_EDGE('',*,*,#14821,.F.);
#14823=ORIENTED_EDGE('',*,*,#14806,.F.);
#14825=ORIENTED_EDGE('',*,*,#14824,.T.);
#14827=ORIENTED_EDGE('',*,*,#14826,.F.);
#14829=ORIENTED_EDGE('',*,*,#14828,.T.);
#14830=EDGE_LOOP('',(#14820,#14822,#14823,#14825,#14827,#14829));
#14831=FACE_OUTER_BOUND('',#14830,.F.);
#14832=ADVANCED_FACE('',(#14831),#14818,.T.);
#14833=CARTESIAN_POINT('',(3.0417E1,-3.1065E1,9.15E-1));
#14834=DIRECTION('',(0.E0,1.E0,0.E0));
#14835=DIRECTION('',(-1.E0,0.E0,0.E0));
#14836=AXIS2_PLACEMENT_3D('',#14833,#14834,#14835);
#14837=PLANE('',#14836);
#14838=ORIENTED_EDGE('',*,*,#14819,.T.);
#14840=ORIENTED_EDGE('',*,*,#14839,.T.);
#14842=ORIENTED_EDGE('',*,*,#14841,.F.);
#14844=ORIENTED_EDGE('',*,*,#14843,.F.);
#14845=EDGE_LOOP('',(#14838,#14840,#14842,#14844));
#14846=FACE_OUTER_BOUND('',#14845,.F.);
#14847=ADVANCED_FACE('',(#14846),#14837,.T.);
#14848=CARTESIAN_POINT('',(3.0277E1,-3.087054563517E1,9.955456351737E-1));
#14849=DIRECTION('',(-1.E0,0.E0,0.E0));
#14850=DIRECTION('',(0.E0,0.E0,-1.E0));
#14851=AXIS2_PLACEMENT_3D('',#14848,#14849,#14850);
#14852=PLANE('',#14851);
#14854=ORIENTED_EDGE('',*,*,#14853,.F.);
#14856=ORIENTED_EDGE('',*,*,#14855,.T.);
#14858=ORIENTED_EDGE('',*,*,#14857,.T.);
#14859=ORIENTED_EDGE('',*,*,#14839,.F.);
#14860=EDGE_LOOP('',(#14854,#14856,#14858,#14859));
#14861=FACE_OUTER_BOUND('',#14860,.F.);
#14862=ADVANCED_FACE('',(#14861),#14852,.F.);
#14863=CARTESIAN_POINT('',(2.8727E1,-3.1065E1,1.19E0));
#14864=DIRECTION('',(-1.E0,0.E0,0.E0));
#14865=DIRECTION('',(0.E0,1.E0,0.E0));
#14866=AXIS2_PLACEMENT_3D('',#14863,#14864,#14865);
#14867=CYLINDRICAL_SURFACE('',#14866,1.5E-1);
#14868=ORIENTED_EDGE('',*,*,#14853,.T.);
#14869=ORIENTED_EDGE('',*,*,#14828,.F.);
#14871=ORIENTED_EDGE('',*,*,#14870,.F.);
#14873=ORIENTED_EDGE('',*,*,#14872,.T.);
#14874=EDGE_LOOP('',(#14868,#14869,#14871,#14873));
#14875=FACE_OUTER_BOUND('',#14874,.F.);
#14876=ADVANCED_FACE('',(#14875),#14867,.F.);
#14877=CARTESIAN_POINT('',(2.9007E1,-3.087054563517E1,9.955456351737E-1));
#14878=DIRECTION('',(-1.E0,0.E0,0.E0));
#14879=DIRECTION('',(0.E0,0.E0,-1.E0));
#14880=AXIS2_PLACEMENT_3D('',#14877,#14878,#14879);
#14881=PLANE('',#14880);
#14882=ORIENTED_EDGE('',*,*,#14870,.T.);
#14884=ORIENTED_EDGE('',*,*,#14883,.T.);
#14886=ORIENTED_EDGE('',*,*,#14885,.F.);
#14888=ORIENTED_EDGE('',*,*,#14887,.F.);
#14889=EDGE_LOOP('',(#14882,#14884,#14886,#14888));
#14890=FACE_OUTER_BOUND('',#14889,.F.);
#14891=ADVANCED_FACE('',(#14890),#14881,.T.);
#14892=CARTESIAN_POINT('',(2.8867E1,-3.1065E1,9.15E-1));
#14893=DIRECTION('',(0.E0,1.E0,0.E0));
#14894=DIRECTION('',(-1.E0,0.E0,0.E0));
#14895=AXIS2_PLACEMENT_3D('',#14892,#14893,#14894);
#14896=PLANE('',#14895);
#14897=ORIENTED_EDGE('',*,*,#14826,.T.);
#14899=ORIENTED_EDGE('',*,*,#14898,.T.);
#14901=ORIENTED_EDGE('',*,*,#14900,.F.);
#14902=ORIENTED_EDGE('',*,*,#14883,.F.);
#14903=EDGE_LOOP('',(#14897,#14899,#14901,#14902));
#14904=FACE_OUTER_BOUND('',#14903,.F.);
#14905=ADVANCED_FACE('',(#14904),#14896,.T.);
#14906=CARTESIAN_POINT('',(2.8727E1,-3.179E1,9.15E-1));
#14907=DIRECTION('',(1.E0,0.E0,0.E0));
#14908=DIRECTION('',(0.E0,1.E0,0.E0));
#14909=AXIS2_PLACEMENT_3D('',#14906,#14907,#14908);
#14910=PLANE('',#14909);
#14911=ORIENTED_EDGE('',*,*,#14898,.F.);
#14912=ORIENTED_EDGE('',*,*,#14824,.F.);
#14913=ORIENTED_EDGE('',*,*,#14795,.T.);
#14915=ORIENTED_EDGE('',*,*,#14914,.T.);
#14916=EDGE_LOOP('',(#14911,#14912,#14913,#14915));
#14917=FACE_OUTER_BOUND('',#14916,.F.);
#14918=ADVANCED_FACE('',(#14917),#14910,.F.);
#14919=CARTESIAN_POINT('',(2.8727E1,-3.2515E1,7.9E-1));
#14920=DIRECTION('',(0.E0,0.E0,1.E0));
#14921=DIRECTION('',(0.E0,1.E0,0.E0));
#14922=AXIS2_PLACEMENT_3D('',#14919,#14920,#14921);
#14923=PLANE('',#14922);
#14924=ORIENTED_EDGE('',*,*,#14841,.T.);
#14926=ORIENTED_EDGE('',*,*,#14925,.F.);
#14927=ORIENTED_EDGE('',*,*,#14900,.T.);
#14928=ORIENTED_EDGE('',*,*,#14914,.F.);
#14929=ORIENTED_EDGE('',*,*,#14781,.T.);
#14931=ORIENTED_EDGE('',*,*,#14930,.T.);
#14932=EDGE_LOOP('',(#14924,#14926,#14927,#14928,#14929,#14931));
#14933=FACE_OUTER_BOUND('',#14932,.F.);
#14934=ADVANCED_FACE('',(#14933),#14923,.F.);
#14935=CARTESIAN_POINT('',(2.8727E1,-3.1065E1,1.19E0));
#14936=DIRECTION('',(-1.E0,0.E0,0.E0));
#14937=DIRECTION('',(0.E0,1.E0,0.E0));
#14938=AXIS2_PLACEMENT_3D('',#14935,#14936,#14937);
#14939=CYLINDRICAL_SURFACE('',#14938,4.E-1);
#14940=ORIENTED_EDGE('',*,*,#14857,.F.);
#14942=ORIENTED_EDGE('',*,*,#14941,.F.);
#14943=ORIENTED_EDGE('',*,*,#14885,.T.);
#14944=ORIENTED_EDGE('',*,*,#14925,.T.);
#14945=EDGE_LOOP('',(#14940,#14942,#14943,#14944));
#14946=FACE_OUTER_BOUND('',#14945,.F.);
#14947=ADVANCED_FACE('',(#14946),#14939,.T.);
#14948=CARTESIAN_POINT('',(2.8727E1,-3.0665E1,1.19E0));
#14949=DIRECTION('',(0.E0,-1.E0,0.E0));
#14950=DIRECTION('',(0.E0,0.E0,1.E0));
#14951=AXIS2_PLACEMENT_3D('',#14948,#14949,#14950);
#14952=PLANE('',#14951);
#14954=ORIENTED_EDGE('',*,*,#14953,.T.);
#14956=ORIENTED_EDGE('',*,*,#14955,.T.);
#14958=ORIENTED_EDGE('',*,*,#14957,.T.);
#14960=ORIENTED_EDGE('',*,*,#14959,.F.);
#14961=ORIENTED_EDGE('',*,*,#14941,.T.);
#14963=ORIENTED_EDGE('',*,*,#14962,.T.);
#14965=ORIENTED_EDGE('',*,*,#14964,.T.);
#14967=ORIENTED_EDGE('',*,*,#14966,.F.);
#14968=EDGE_LOOP('',(#14954,#14956,#14958,#14960,#14961,#14963,#14965,#14967));
#14969=FACE_OUTER_BOUND('',#14968,.F.);
#14970=ADVANCED_FACE('',(#14969),#14952,.F.);
#14971=CARTESIAN_POINT('',(3.1412E1,-3.0665E1,7.62E0));
#14972=DIRECTION('',(0.E0,0.E0,-1.E0));
#14973=DIRECTION('',(-1.E0,0.E0,0.E0));
#14974=AXIS2_PLACEMENT_3D('',#14971,#14972,#14973);
#14975=PLANE('',#14974);
#14977=ORIENTED_EDGE('',*,*,#14976,.T.);
#14979=ORIENTED_EDGE('',*,*,#14978,.F.);
#14980=ORIENTED_EDGE('',*,*,#14953,.F.);
#14982=ORIENTED_EDGE('',*,*,#14981,.T.);
#14983=EDGE_LOOP('',(#14977,#14979,#14980,#14982));
#14984=FACE_OUTER_BOUND('',#14983,.F.);
#14985=ADVANCED_FACE('',(#14984),#14975,.F.);
#14986=CARTESIAN_POINT('',(2.8727E1,-3.0915E1,1.19E0));
#14987=DIRECTION('',(0.E0,-1.E0,0.E0));
#14988=DIRECTION('',(0.E0,0.E0,1.E0));
#14989=AXIS2_PLACEMENT_3D('',#14986,#14987,#14988);
#14990=PLANE('',#14989);
#14991=ORIENTED_EDGE('',*,*,#14976,.F.);
#14993=ORIENTED_EDGE('',*,*,#14992,.T.);
#14995=ORIENTED_EDGE('',*,*,#14994,.F.);
#14997=ORIENTED_EDGE('',*,*,#14996,.F.);
#14998=ORIENTED_EDGE('',*,*,#14872,.F.);
#15000=ORIENTED_EDGE('',*,*,#14999,.T.);
#15002=ORIENTED_EDGE('',*,*,#15001,.F.);
#15004=ORIENTED_EDGE('',*,*,#15003,.F.);
#15005=EDGE_LOOP('',(#14991,#14993,#14995,#14997,#14998,#15000,#15002,#15004));
#15006=FACE_OUTER_BOUND('',#15005,.F.);
#15007=ADVANCED_FACE('',(#15006),#14990,.T.);
#15008=CARTESIAN_POINT('',(2.9872E1,-3.079E1,6.625E0));
#15009=DIRECTION('',(-1.E0,0.E0,0.E0));
#15010=DIRECTION('',(0.E0,0.E0,-1.E0));
#15011=AXIS2_PLACEMENT_3D('',#15008,#15009,#15010);
#15012=PLANE('',#15011);
#15013=ORIENTED_EDGE('',*,*,#14981,.F.);
#15014=ORIENTED_EDGE('',*,*,#14966,.T.);
#15016=ORIENTED_EDGE('',*,*,#15015,.F.);
#15017=ORIENTED_EDGE('',*,*,#14992,.F.);
#15018=EDGE_LOOP('',(#15013,#15014,#15016,#15017));
#15019=FACE_OUTER_BOUND('',#15018,.F.);
#15020=ADVANCED_FACE('',(#15019),#15012,.F.);
#15021=CARTESIAN_POINT('',(3.00745E1,-3.079E1,3.6075E0));
#15022=DIRECTION('',(7.071067811866E-1,0.E0,7.071067811865E-1));
#15023=DIRECTION('',(-7.071067811865E-1,0.E0,7.071067811866E-1));
#15024=AXIS2_PLACEMENT_3D('',#15021,#15022,#15023);
#15025=PLANE('',#15024);
#15026=ORIENTED_EDGE('',*,*,#14994,.T.);
#15027=ORIENTED_EDGE('',*,*,#15015,.T.);
#15028=ORIENTED_EDGE('',*,*,#14964,.F.);
#15030=ORIENTED_EDGE('',*,*,#15029,.F.);
#15031=EDGE_LOOP('',(#15026,#15027,#15028,#15030));
#15032=FACE_OUTER_BOUND('',#15031,.F.);
#15033=ADVANCED_FACE('',(#15032),#15025,.T.);
#15034=CARTESIAN_POINT('',(3.0277E1,-3.079E1,6.63E0));
#15035=DIRECTION('',(1.E0,0.E0,0.E0));
#15036=DIRECTION('',(0.E0,0.E0,1.E0));
#15037=AXIS2_PLACEMENT_3D('',#15034,#15035,#15036);
#15038=PLANE('',#15037);
#15039=ORIENTED_EDGE('',*,*,#15029,.T.);
#15040=ORIENTED_EDGE('',*,*,#14962,.F.);
#15041=ORIENTED_EDGE('',*,*,#14855,.F.);
#15042=ORIENTED_EDGE('',*,*,#14996,.T.);
#15043=EDGE_LOOP('',(#15039,#15040,#15041,#15042));
#15044=FACE_OUTER_BOUND('',#15043,.F.);
#15045=ADVANCED_FACE('',(#15044),#15038,.T.);
#15046=CARTESIAN_POINT('',(2.9007E1,-3.079E1,6.63E0));
#15047=DIRECTION('',(1.E0,0.E0,0.E0));
#15048=DIRECTION('',(0.E0,0.E0,1.E0));
#15049=AXIS2_PLACEMENT_3D('',#15046,#15047,#15048);
#15050=PLANE('',#15049);
#15052=ORIENTED_EDGE('',*,*,#15051,.F.);
#15053=ORIENTED_EDGE('',*,*,#14999,.F.);
#15054=ORIENTED_EDGE('',*,*,#14887,.T.);
#15055=ORIENTED_EDGE('',*,*,#14959,.T.);
#15056=EDGE_LOOP('',(#15052,#15053,#15054,#15055));
#15057=FACE_OUTER_BOUND('',#15056,.F.);
#15058=ADVANCED_FACE('',(#15057),#15050,.F.);
#15059=CARTESIAN_POINT('',(2.92095E1,-3.079E1,3.6075E0));
#15060=DIRECTION('',(-7.071067811866E-1,0.E0,7.071067811865E-1));
#15061=DIRECTION('',(-7.071067811865E-1,0.E0,-7.071067811866E-1));
#15062=AXIS2_PLACEMENT_3D('',#15059,#15060,#15061);
#15063=PLANE('',#15062);
#15064=ORIENTED_EDGE('',*,*,#15001,.T.);
#15065=ORIENTED_EDGE('',*,*,#15051,.T.);
#15066=ORIENTED_EDGE('',*,*,#14957,.F.);
#15068=ORIENTED_EDGE('',*,*,#15067,.F.);
#15069=EDGE_LOOP('',(#15064,#15065,#15066,#15068));
#15070=FACE_OUTER_BOUND('',#15069,.F.);
#15071=ADVANCED_FACE('',(#15070),#15063,.T.);
#15072=CARTESIAN_POINT('',(2.9412E1,-3.079E1,6.625E0));
#15073=DIRECTION('',(-1.E0,0.E0,0.E0));
#15074=DIRECTION('',(0.E0,0.E0,-1.E0));
#15075=AXIS2_PLACEMENT_3D('',#15072,#15073,#15074);
#15076=PLANE('',#15075);
#15077=ORIENTED_EDGE('',*,*,#14978,.T.);
#15078=ORIENTED_EDGE('',*,*,#15003,.T.);
#15079=ORIENTED_EDGE('',*,*,#15067,.T.);
#15080=ORIENTED_EDGE('',*,*,#14955,.F.);
#15081=EDGE_LOOP('',(#15077,#15078,#15079,#15080));
#15082=FACE_OUTER_BOUND('',#15081,.F.);
#15083=ADVANCED_FACE('',(#15082),#15076,.T.);
#15084=CARTESIAN_POINT('',(3.0557E1,-3.179E1,9.15E-1));
#15085=DIRECTION('',(1.E0,0.E0,0.E0));
#15086=DIRECTION('',(0.E0,1.E0,0.E0));
#15087=AXIS2_PLACEMENT_3D('',#15084,#15085,#15086);
#15088=PLANE('',#15087);
#15089=ORIENTED_EDGE('',*,*,#14843,.T.);
#15090=ORIENTED_EDGE('',*,*,#14930,.F.);
#15092=ORIENTED_EDGE('',*,*,#15091,.F.);
#15093=ORIENTED_EDGE('',*,*,#14821,.T.);
#15094=EDGE_LOOP('',(#15089,#15090,#15092,#15093));
#15095=FACE_OUTER_BOUND('',#15094,.F.);
#15096=ADVANCED_FACE('',(#15095),#15088,.T.);
#15097=CARTESIAN_POINT('',(3.0557E1,-3.277E1,6.6E-1));
#15098=DIRECTION('',(1.E0,0.E0,0.E0));
#15099=DIRECTION('',(0.E0,-1.E0,0.E0));
#15100=AXIS2_PLACEMENT_3D('',#15097,#15098,#15099);
#15101=PLANE('',#15100);
#15102=ORIENTED_EDGE('',*,*,#14808,.T.);
#15103=ORIENTED_EDGE('',*,*,#15091,.T.);
#15104=ORIENTED_EDGE('',*,*,#14779,.F.);
#15105=ORIENTED_EDGE('',*,*,#14710,.F.);
#15106=EDGE_LOOP('',(#15102,#15103,#15104,#15105));
#15107=FACE_OUTER_BOUND('',#15106,.F.);
#15108=ADVANCED_FACE('',(#15107),#15101,.T.);
#15109=CARTESIAN_POINT('',(2.9642E1,-3.1825E1,3.9E-1));
#15110=DIRECTION('',(0.E0,0.E0,1.E0));
#15111=DIRECTION('',(0.E0,-1.E0,0.E0));
#15112=AXIS2_PLACEMENT_3D('',#15109,#15110,#15111);
#15113=CONICAL_SURFACE('',#15112,4.405393149065E-1,1.E1);
#15114=ORIENTED_EDGE('',*,*,#14764,.F.);
#15116=ORIENTED_EDGE('',*,*,#15115,.F.);
#15118=ORIENTED_EDGE('',*,*,#15117,.T.);
#15120=ORIENTED_EDGE('',*,*,#15119,.T.);
#15121=EDGE_LOOP('',(#15114,#15116,#15118,#15120));
#15122=FACE_OUTER_BOUND('',#15121,.F.);
#15123=ADVANCED_FACE('',(#15122),#15113,.F.);
#15124=CARTESIAN_POINT('',(2.9642E1,-3.1825E1,3.9E-1));
#15125=DIRECTION('',(0.E0,0.E0,1.E0));
#15126=DIRECTION('',(0.E0,-1.E0,0.E0));
#15127=AXIS2_PLACEMENT_3D('',#15124,#15125,#15126);
#15128=CONICAL_SURFACE('',#15127,4.405393149065E-1,1.E1);
#15129=ORIENTED_EDGE('',*,*,#14766,.F.);
#15130=ORIENTED_EDGE('',*,*,#15119,.F.);
#15132=ORIENTED_EDGE('',*,*,#15131,.T.);
#15133=ORIENTED_EDGE('',*,*,#15115,.T.);
#15134=EDGE_LOOP('',(#15129,#15130,#15132,#15133));
#15135=FACE_OUTER_BOUND('',#15134,.F.);
#15136=ADVANCED_FACE('',(#15135),#15128,.F.);
#15137=CARTESIAN_POINT('',(2.9642E1,-3.1825E1,2.5E-1));
#15138=DIRECTION('',(0.E0,0.E0,1.E0));
#15139=DIRECTION('',(0.E0,-1.E0,0.E0));
#15140=AXIS2_PLACEMENT_3D('',#15137,#15138,#15139);
#15141=PLANE('',#15140);
#15142=ORIENTED_EDGE('',*,*,#15117,.F.);
#15143=ORIENTED_EDGE('',*,*,#15131,.F.);
#15144=EDGE_LOOP('',(#15142,#15143));
#15145=FACE_OUTER_BOUND('',#15144,.F.);
#15146=ADVANCED_FACE('',(#15145),#15141,.T.);
#15147=CARTESIAN_POINT('',(2.9642E1,-3.1825E1,2.019763866750E-1));
#15148=DIRECTION('',(0.E0,0.E0,1.E0));
#15149=DIRECTION('',(0.E0,-1.E0,0.E0));
#15150=AXIS2_PLACEMENT_3D('',#15147,#15148,#15149);
#15151=CONICAL_SURFACE('',#15150,6.612423318384E-1,1.E1);
#15153=ORIENTED_EDGE('',*,*,#15152,.T.);
#15155=ORIENTED_EDGE('',*,*,#15154,.T.);
#15156=ORIENTED_EDGE('',*,*,#14731,.T.);
#15158=ORIENTED_EDGE('',*,*,#15157,.F.);
#15159=EDGE_LOOP('',(#15153,#15155,#15156,#15158));
#15160=FACE_OUTER_BOUND('',#15159,.F.);
#15161=ADVANCED_FACE('',(#15160),#15151,.T.);
#15162=CARTESIAN_POINT('',(2.9642E1,-3.1825E1,1.5E-1));
#15163=DIRECTION('',(0.E0,0.E0,1.E0));
#15164=DIRECTION('',(5.124303617787E-2,-9.986862126030E-1,0.E0));
#15165=AXIS2_PLACEMENT_3D('',#15162,#15163,#15164);
#15166=TOROIDAL_SURFACE('',#15165,4.997635007250E-1,1.5E-1);
#15167=ORIENTED_EDGE('',*,*,#7745,.F.);
#15169=ORIENTED_EDGE('',*,*,#15168,.T.);
#15170=ORIENTED_EDGE('',*,*,#15152,.F.);
#15172=ORIENTED_EDGE('',*,*,#15171,.F.);
#15173=EDGE_LOOP('',(#15167,#15169,#15170,#15172));
#15174=FACE_OUTER_BOUND('',#15173,.F.);
#15175=ADVANCED_FACE('',(#15174),#15166,.T.);
#15176=CARTESIAN_POINT('',(2.9642E1,-3.1825E1,1.5E-1));
#15177=DIRECTION('',(0.E0,0.E0,1.E0));
#15178=DIRECTION('',(-5.124303617788E-2,9.986862126030E-1,0.E0));
#15179=AXIS2_PLACEMENT_3D('',#15176,#15177,#15178);
#15180=TOROIDAL_SURFACE('',#15179,4.997635007250E-1,1.5E-1);
#15181=ORIENTED_EDGE('',*,*,#7747,.F.);
#15182=ORIENTED_EDGE('',*,*,#15171,.T.);
#15184=ORIENTED_EDGE('',*,*,#15183,.F.);
#15185=ORIENTED_EDGE('',*,*,#15168,.F.);
#15186=EDGE_LOOP('',(#15181,#15182,#15184,#15185));
#15187=FACE_OUTER_BOUND('',#15186,.F.);
#15188=ADVANCED_FACE('',(#15187),#15180,.T.);
#15189=CARTESIAN_POINT('',(2.9642E1,-3.1825E1,2.019763866750E-1));
#15190=DIRECTION('',(0.E0,0.E0,1.E0));
#15191=DIRECTION('',(0.E0,-1.E0,0.E0));
#15192=AXIS2_PLACEMENT_3D('',#15189,#15190,#15191);
#15193=CONICAL_SURFACE('',#15192,6.612423318384E-1,1.E1);
#15194=ORIENTED_EDGE('',*,*,#15183,.T.);
#15195=ORIENTED_EDGE('',*,*,#15157,.T.);
#15196=ORIENTED_EDGE('',*,*,#14733,.T.);
#15197=ORIENTED_EDGE('',*,*,#15154,.F.);
#15198=EDGE_LOOP('',(#15194,#15195,#15196,#15197));
#15199=FACE_OUTER_BOUND('',#15198,.F.);
#15200=ADVANCED_FACE('',(#15199),#15193,.T.);
#15201=CARTESIAN_POINT('',(3.0557E1,-3.079E1,-5.457853976431E-1));
#15202=DIRECTION('',(1.E0,0.E0,0.E0));
#15203=DIRECTION('',(0.E0,0.E0,1.E0));
#15204=AXIS2_PLACEMENT_3D('',#15201,#15202,#15203);
#15205=PLANE('',#15204);
#15206=ORIENTED_EDGE('',*,*,#14640,.T.);
#15207=ORIENTED_EDGE('',*,*,#14698,.T.);
#15208=ORIENTED_EDGE('',*,*,#14611,.F.);
#15209=ORIENTED_EDGE('',*,*,#14469,.F.);
#15210=EDGE_LOOP('',(#15206,#15207,#15208,#15209));
#15211=FACE_OUTER_BOUND('',#15210,.F.);
#15212=ADVANCED_FACE('',(#15211),#15205,.T.);
#15213=CARTESIAN_POINT('',(2.9642E1,-3.222577258342E1,-1.250123017350E0));
#15214=DIRECTION('',(0.E0,-8.715574274767E-2,-9.961946980917E-1));
#15215=DIRECTION('',(-1.E0,0.E0,0.E0));
#15216=AXIS2_PLACEMENT_3D('',#15213,#15214,#15215);
#15217=CONICAL_SURFACE('',#15216,6.611798772985E-1,1.E1);
#15218=ORIENTED_EDGE('',*,*,#14413,.T.);
#15219=ORIENTED_EDGE('',*,*,#14393,.F.);
#15220=ORIENTED_EDGE('',*,*,#14339,.T.);
#15221=ORIENTED_EDGE('',*,*,#14390,.T.);
#15222=EDGE_LOOP('',(#15218,#15219,#15220,#15221));
#15223=FACE_OUTER_BOUND('',#15222,.F.);
#15224=ADVANCED_FACE('',(#15223),#15217,.T.);
#15225=CARTESIAN_POINT('',(3.009139312423E1,-4.244659791897E1,
-9.672072638951E-1));
#15226=CARTESIAN_POINT('',(3.020739605116E1,-4.243500417313E1,
-1.015985949614E0));
#15227=CARTESIAN_POINT('',(3.028375530089E1,-4.242145208147E1,
-1.115766007594E0));
#15228=CARTESIAN_POINT('',(3.030050138783E1,-4.240948578960E1,
-1.240452937982E0));
#15229=CARTESIAN_POINT('',(3.010879254656E1,-4.272210143857E1,
-9.913106986220E-1));
#15230=CARTESIAN_POINT('',(3.022928682818E1,-4.278162407821E1,
-1.046311261861E0));
#15231=CARTESIAN_POINT('',(3.030860252465E1,-4.281488454536E1,
-1.150186888047E0));
#15232=CARTESIAN_POINT('',(3.032599697986E1,-4.281318455629E1,
-1.275772003548E0));
#15233=CARTESIAN_POINT('',(2.991910269718E1,-4.292333194355E1,
-1.008916086563E0));
#15234=CARTESIAN_POINT('',(2.999063188220E1,-4.303479869694E1,
-1.068461170893E0));
#15235=CARTESIAN_POINT('',(3.003771616747E1,-4.310225152164E1,
-1.175328240744E0));
#15236=CARTESIAN_POINT('',(3.004804206168E1,-4.310805014203E1,
-1.301569399564E0));
#15237=CARTESIAN_POINT('',(2.964200000001E1,-4.292333194356E1,
-1.008916086564E0));
#15238=CARTESIAN_POINT('',(2.964200000001E1,-4.303479869695E1,
-1.068461170894E0));
#15239=CARTESIAN_POINT('',(2.964200000002E1,-4.310225152165E1,
-1.175328240745E0));
#15240=CARTESIAN_POINT('',(2.964200000002E1,-4.310805014204E1,
-1.301569399565E0));
#15241=CARTESIAN_POINT('',(2.936489730284E1,-4.292333194357E1,
-1.008916086564E0));
#15242=CARTESIAN_POINT('',(2.929336811782E1,-4.303479869696E1,
-1.068461170894E0));
#15243=CARTESIAN_POINT('',(2.924628383257E1,-4.310225152166E1,
-1.175328240745E0));
#15244=CARTESIAN_POINT('',(2.923595793836E1,-4.310805014205E1,
-1.301569399565E0));
#15245=CARTESIAN_POINT('',(2.917520745345E1,-4.272210143860E1,
-9.913106986241E-1));
#15246=CARTESIAN_POINT('',(2.905471317183E1,-4.278162407824E1,
-1.046311261864E0));
#15247=CARTESIAN_POINT('',(2.897539747537E1,-4.281488454539E1,
-1.150186888050E0));
#15248=CARTESIAN_POINT('',(2.895800302016E1,-4.281318455633E1,
-1.275772003551E0));
#15249=CARTESIAN_POINT('',(2.919260687577E1,-4.244659791899E1,
-9.672072638971E-1));
#15250=CARTESIAN_POINT('',(2.907660394884E1,-4.243500417316E1,
-1.015985949617E0));
#15251=CARTESIAN_POINT('',(2.900024469911E1,-4.242145208150E1,
-1.115766007597E0));
#15252=CARTESIAN_POINT('',(2.898349861216E1,-4.240948578963E1,
-1.240452937985E0));
#15253=(BOUNDED_SURFACE()B_SPLINE_SURFACE(3,3,((#15225,#15226,#15227,#15228),(
#15229,#15230,#15231,#15232),(#15233,#15234,#15235,#15236),(#15237,#15238,
#15239,#15240),(#15241,#15242,#15243,#15244),(#15245,#15246,#15247,#15248),(
#15249,#15250,#15251,#15252)),.UNSPECIFIED.,.F.,.F.,.F.)B_SPLINE_SURFACE_WITH_KNOTS((4,3,4),(4,4),(0.E0,1.E0,2.E0),(0.E0,1.E0),.UNSPECIFIED.)GEOMETRIC_REPRESENTATION_ITEM()RATIONAL_B_SPLINE_SURFACE(((1.270316057069E0,1.159578290979E0,
1.159578290979E0,1.270316057069E0),(1.003166139335E0,9.157167391099E-1,
9.157167391099E-1,1.003166139335E0),(1.003166139335E0,9.157167391099E-1,
9.157167391099E-1,1.003166139335E0),(1.270316057069E0,1.159578290979E0,
1.159578290979E0,1.270316057069E0),(1.003166139335E0,9.157167391099E-1,
9.157167391099E-1,1.003166139335E0),(1.003166139335E0,9.157167391099E-1,
9.157167391099E-1,1.003166139335E0),(1.270316057069E0,1.159578290979E0,
1.159578290979E0,1.270316057069E0)))REPRESENTATION_ITEM('')SURFACE());
#15254=ORIENTED_EDGE('',*,*,#7885,.F.);
#15256=ORIENTED_EDGE('',*,*,#15255,.T.);
#15258=ORIENTED_EDGE('',*,*,#15257,.F.);
#15260=ORIENTED_EDGE('',*,*,#15259,.F.);
#15261=EDGE_LOOP('',(#15254,#15256,#15258,#15260));
#15262=FACE_OUTER_BOUND('',#15261,.F.);
#15263=ADVANCED_FACE('',(#15262),#15253,.T.);
#15264=CARTESIAN_POINT('',(2.912570261589E1,-4.250382754507E1,
-1.010167679765E0));
#15265=CARTESIAN_POINT('',(2.904657282338E1,-4.250381498950E1,
-1.067432206538E0));
#15266=CARTESIAN_POINT('',(2.899644194061E1,-4.249965577098E1,
-1.151160013998E0));
#15267=CARTESIAN_POINT('',(2.898349861217E1,-4.249202927836E1,
-1.247674557496E0));
#15268=CARTESIAN_POINT('',(2.910571282132E1,-4.218730791267E1,
-9.824758001461E-1));
#15269=CARTESIAN_POINT('',(2.902351931331E1,-4.213878429815E1,
-1.035496159206E0));
#15270=CARTESIAN_POINT('',(2.897144748317E1,-4.210389200006E1,
-1.116535170608E0));
#15271=CARTESIAN_POINT('',(2.895800302014E1,-4.208833051166E1,
-1.212355491931E0));
#15272=CARTESIAN_POINT('',(2.932364310941E1,-4.195611883184E1,
-9.622493764423E-1));
#15273=CARTESIAN_POINT('',(2.927485046495E1,-4.187216225840E1,
-1.012169753282E0));
#15274=CARTESIAN_POINT('',(2.924393899328E1,-4.181482221399E1,
-1.091244841359E0));
#15275=CARTESIAN_POINT('',(2.923595793832E1,-4.179346492592E1,
-1.186558095915E0));
#15276=CARTESIAN_POINT('',(2.964199999999E1,-4.195611883183E1,
-9.622493764415E-1));
#15277=CARTESIAN_POINT('',(2.964199999998E1,-4.187216225839E1,
-1.012169753281E0));
#15278=CARTESIAN_POINT('',(2.964199999998E1,-4.181482221398E1,
-1.091244841358E0));
#15279=CARTESIAN_POINT('',(2.964199999998E1,-4.179346492591E1,
-1.186558095914E0));
#15280=CARTESIAN_POINT('',(2.996035689056E1,-4.195611883182E1,
-9.622493764408E-1));
#15281=CARTESIAN_POINT('',(3.000914953502E1,-4.187216225838E1,
-1.012169753280E0));
#15282=CARTESIAN_POINT('',(3.004006100668E1,-4.181482221397E1,
-1.091244841357E0));
#15283=CARTESIAN_POINT('',(3.004804206164E1,-4.179346492590E1,
-1.186558095913E0));
#15284=CARTESIAN_POINT('',(3.017828717867E1,-4.218730791265E1,
-9.824758001437E-1));
#15285=CARTESIAN_POINT('',(3.026048068667E1,-4.213878429812E1,
-1.035496159203E0));
#15286=CARTESIAN_POINT('',(3.031255251681E1,-4.210389200003E1,
-1.116535170605E0));
#15287=CARTESIAN_POINT('',(3.032599697984E1,-4.208833051163E1,
-1.212355491928E0));
#15288=CARTESIAN_POINT('',(3.015829738411E1,-4.250382754505E1,
-1.010167679762E0));
#15289=CARTESIAN_POINT('',(3.023742717662E1,-4.250381498947E1,
-1.067432206536E0));
#15290=CARTESIAN_POINT('',(3.028755805939E1,-4.249965577095E1,
-1.151160013995E0));
#15291=CARTESIAN_POINT('',(3.030050138784E1,-4.249202927832E1,
-1.247674557493E0));
#15292=(BOUNDED_SURFACE()B_SPLINE_SURFACE(3,3,((#15264,#15265,#15266,#15267),(
#15268,#15269,#15270,#15271),(#15272,#15273,#15274,#15275),(#15276,#15277,
#15278,#15279),(#15280,#15281,#15282,#15283),(#15284,#15285,#15286,#15287),(
#15288,#15289,#15290,#15291)),.UNSPECIFIED.,.F.,.F.,.F.)B_SPLINE_SURFACE_WITH_KNOTS((4,3,4),(4,4),(0.E0,1.E0,2.E0),(0.E0,1.E0),.UNSPECIFIED.)GEOMETRIC_REPRESENTATION_ITEM()RATIONAL_B_SPLINE_SURFACE(((1.237810361751E0,1.170413522751E0,
1.170413522751E0,1.237810361751E0),(9.774964544588E-1,9.242733007354E-1,
9.242733007354E-1,9.774964544588E-1),(9.774964544588E-1,9.242733007354E-1,
9.242733007354E-1,9.774964544588E-1),(1.237810361751E0,1.170413522751E0,
1.170413522751E0,1.237810361751E0),(9.774964544588E-1,9.242733007354E-1,
9.242733007354E-1,9.774964544588E-1),(9.774964544588E-1,9.242733007354E-1,
9.242733007354E-1,9.774964544588E-1),(1.237810361751E0,1.170413522751E0,
1.170413522751E0,1.237810361751E0)))REPRESENTATION_ITEM('')SURFACE());
#15293=ORIENTED_EDGE('',*,*,#7887,.F.);
#15294=ORIENTED_EDGE('',*,*,#15259,.T.);
#15296=ORIENTED_EDGE('',*,*,#15295,.F.);
#15297=ORIENTED_EDGE('',*,*,#15255,.F.);
#15298=EDGE_LOOP('',(#15293,#15294,#15296,#15297));
#15299=FACE_OUTER_BOUND('',#15298,.F.);
#15300=ADVANCED_FACE('',(#15299),#15292,.T.);
#15301=CARTESIAN_POINT('',(2.9642E1,-4.245022741658E1,-1.250123017350E0));
#15302=DIRECTION('',(0.E0,8.715574274767E-2,-9.961946980917E-1));
#15303=DIRECTION('',(1.E0,0.E0,0.E0));
#15304=AXIS2_PLACEMENT_3D('',#15301,#15302,#15303);
#15305=CONICAL_SURFACE('',#15304,6.611798772985E-1,1.E1);
#15307=ORIENTED_EDGE('',*,*,#15306,.T.);
#15309=ORIENTED_EDGE('',*,*,#15308,.F.);
#15310=ORIENTED_EDGE('',*,*,#15295,.T.);
#15312=ORIENTED_EDGE('',*,*,#15311,.T.);
#15313=EDGE_LOOP('',(#15307,#15309,#15310,#15312));
#15314=FACE_OUTER_BOUND('',#15313,.F.);
#15315=ADVANCED_FACE('',(#15314),#15305,.T.);
#15316=CARTESIAN_POINT('',(3.0557E1,-4.1781E1,-1.212039516665E0));
#15317=DIRECTION('',(0.E0,-8.715574274767E-2,9.961946980917E-1));
#15318=DIRECTION('',(0.E0,-9.961946980917E-1,-8.715574274767E-2));
#15319=AXIS2_PLACEMENT_3D('',#15316,#15317,#15318);
#15320=PLANE('',#15319);
#15322=ORIENTED_EDGE('',*,*,#15321,.T.);
#15324=ORIENTED_EDGE('',*,*,#15323,.T.);
#15326=ORIENTED_EDGE('',*,*,#15325,.F.);
#15328=ORIENTED_EDGE('',*,*,#15327,.F.);
#15329=EDGE_LOOP('',(#15322,#15324,#15326,#15328));
#15330=FACE_OUTER_BOUND('',#15329,.F.);
#15332=ORIENTED_EDGE('',*,*,#15331,.F.);
#15333=ORIENTED_EDGE('',*,*,#15306,.F.);
#15334=EDGE_LOOP('',(#15332,#15333));
#15335=FACE_BOUND('',#15334,.F.);
#15336=ADVANCED_FACE('',(#15330,#15335),#15320,.T.);
#15337=CARTESIAN_POINT('',(3.0557E1,-4.267856885145E1,-1.416044095594E0));
#15338=DIRECTION('',(-1.E0,0.E0,0.E0));
#15339=DIRECTION('',(0.E0,-9.961946980917E-1,-8.715574274767E-2));
#15340=AXIS2_PLACEMENT_3D('',#15337,#15338,#15339);
#15341=PLANE('',#15340);
#15342=ORIENTED_EDGE('',*,*,#15321,.F.);
#15344=ORIENTED_EDGE('',*,*,#15343,.T.);
#15346=ORIENTED_EDGE('',*,*,#15345,.T.);
#15348=ORIENTED_EDGE('',*,*,#15347,.F.);
#15349=EDGE_LOOP('',(#15342,#15344,#15346,#15348));
#15350=FACE_OUTER_BOUND('',#15349,.F.);
#15351=ADVANCED_FACE('',(#15350),#15341,.F.);
#15352=CARTESIAN_POINT('',(2.9642E1,-4.177010553216E1,-1.336563853927E0));
#15353=DIRECTION('',(0.E0,9.961946980917E-1,8.715574274767E-2));
#15354=DIRECTION('',(-1.E0,0.E0,0.E0));
#15355=AXIS2_PLACEMENT_3D('',#15352,#15353,#15354);
#15356=PLANE('',#15355);
#15357=ORIENTED_EDGE('',*,*,#15327,.T.);
#15359=ORIENTED_EDGE('',*,*,#15358,.T.);
#15361=ORIENTED_EDGE('',*,*,#15360,.F.);
#15362=ORIENTED_EDGE('',*,*,#15343,.F.);
#15363=EDGE_LOOP('',(#15357,#15359,#15361,#15362));
#15364=FACE_OUTER_BOUND('',#15363,.F.);
#15365=ADVANCED_FACE('',(#15364),#15356,.T.);
#15366=CARTESIAN_POINT('',(2.8727E1,-4.267856885145E1,-1.416044095594E0));
#15367=DIRECTION('',(-1.E0,0.E0,0.E0));
#15368=DIRECTION('',(0.E0,-9.961946980917E-1,-8.715574274767E-2));
#15369=AXIS2_PLACEMENT_3D('',#15366,#15367,#15368);
#15370=PLANE('',#15369);
#15371=ORIENTED_EDGE('',*,*,#15325,.T.);
#15373=ORIENTED_EDGE('',*,*,#15372,.T.);
#15375=ORIENTED_EDGE('',*,*,#15374,.F.);
#15376=ORIENTED_EDGE('',*,*,#15358,.F.);
#15377=EDGE_LOOP('',(#15371,#15373,#15375,#15376));
#15378=FACE_OUTER_BOUND('',#15377,.F.);
#15379=ADVANCED_FACE('',(#15378),#15370,.T.);
#15380=CARTESIAN_POINT('',(2.8727E1,-4.379678730709E1,-1.424322062909E0));
#15381=DIRECTION('',(-1.E0,0.E0,0.E0));
#15382=DIRECTION('',(0.E0,-9.961946980917E-1,-8.715574274766E-2));
#15383=AXIS2_PLACEMENT_3D('',#15380,#15381,#15382);
#15384=PLANE('',#15383);
#15386=ORIENTED_EDGE('',*,*,#15385,.T.);
#15388=ORIENTED_EDGE('',*,*,#15387,.T.);
#15390=ORIENTED_EDGE('',*,*,#15389,.F.);
#15391=ORIENTED_EDGE('',*,*,#15372,.F.);
#15392=EDGE_LOOP('',(#15386,#15388,#15390,#15391));
#15393=FACE_OUTER_BOUND('',#15392,.F.);
#15394=ADVANCED_FACE('',(#15393),#15384,.T.);
#15395=CARTESIAN_POINT('',(3.0557E1,-4.3611E1,-1.221570795286E0));
#15396=DIRECTION('',(1.E0,0.E0,0.E0));
#15397=DIRECTION('',(0.E0,-1.E0,0.E0));
#15398=AXIS2_PLACEMENT_3D('',#15395,#15396,#15397);
#15399=CYLINDRICAL_SURFACE('',#15398,1.5E-1);
#15401=ORIENTED_EDGE('',*,*,#15400,.T.);
#15403=ORIENTED_EDGE('',*,*,#15402,.T.);
#15404=ORIENTED_EDGE('',*,*,#15385,.F.);
#15405=ORIENTED_EDGE('',*,*,#15323,.F.);
#15406=EDGE_LOOP('',(#15401,#15403,#15404,#15405));
#15407=FACE_OUTER_BOUND('',#15406,.F.);
#15408=ADVANCED_FACE('',(#15407),#15399,.F.);
#15409=CARTESIAN_POINT('',(3.0557E1,-4.379678730709E1,-1.424322062909E0));
#15410=DIRECTION('',(-1.E0,0.E0,0.E0));
#15411=DIRECTION('',(0.E0,-9.961946980917E-1,-8.715574274766E-2));
#15412=AXIS2_PLACEMENT_3D('',#15409,#15410,#15411);
#15413=PLANE('',#15412);
#15414=ORIENTED_EDGE('',*,*,#15400,.F.);
#15415=ORIENTED_EDGE('',*,*,#15347,.T.);
#15417=ORIENTED_EDGE('',*,*,#15416,.T.);
#15419=ORIENTED_EDGE('',*,*,#15418,.F.);
#15420=EDGE_LOOP('',(#15414,#15415,#15417,#15419));
#15421=FACE_OUTER_BOUND('',#15420,.F.);
#15422=ADVANCED_FACE('',(#15421),#15413,.F.);
#15423=CARTESIAN_POINT('',(3.0557E1,-4.3611E1,-1.221570795286E0));
#15424=DIRECTION('',(1.E0,0.E0,0.E0));
#15425=DIRECTION('',(0.E0,-1.E0,0.E0));
#15426=AXIS2_PLACEMENT_3D('',#15423,#15424,#15425);
#15427=CYLINDRICAL_SURFACE('',#15426,4.E-1);
#15428=ORIENTED_EDGE('',*,*,#15416,.F.);
#15430=ORIENTED_EDGE('',*,*,#15429,.T.);
#15431=ORIENTED_EDGE('',*,*,#15389,.T.);
#15433=ORIENTED_EDGE('',*,*,#15432,.F.);
#15434=EDGE_LOOP('',(#15428,#15430,#15431,#15433));
#15435=FACE_OUTER_BOUND('',#15434,.F.);
#15436=ADVANCED_FACE('',(#15435),#15427,.T.);
#15437=CARTESIAN_POINT('',(3.0557E1,-4.175921106431E1,-1.461088191188E0));
#15438=DIRECTION('',(0.E0,-8.715574274767E-2,9.961946980917E-1));
#15439=DIRECTION('',(0.E0,-9.961946980917E-1,-8.715574274767E-2));
#15440=AXIS2_PLACEMENT_3D('',#15437,#15438,#15439);
#15441=PLANE('',#15440);
#15442=ORIENTED_EDGE('',*,*,#15345,.F.);
#15443=ORIENTED_EDGE('',*,*,#15360,.T.);
#15444=ORIENTED_EDGE('',*,*,#15374,.T.);
#15445=ORIENTED_EDGE('',*,*,#15429,.F.);
#15446=EDGE_LOOP('',(#15442,#15443,#15444,#15445));
#15447=FACE_OUTER_BOUND('',#15446,.F.);
#15449=ORIENTED_EDGE('',*,*,#15448,.T.);
#15451=ORIENTED_EDGE('',*,*,#15450,.T.);
#15452=EDGE_LOOP('',(#15449,#15451));
#15453=FACE_BOUND('',#15452,.F.);
#15454=ADVANCED_FACE('',(#15447,#15453),#15441,.F.);
#15455=CARTESIAN_POINT('',(2.9642E1,-4.243744114425E1,-1.396270778852E0));
#15456=DIRECTION('',(0.E0,8.715574274767E-2,-9.961946980917E-1));
#15457=DIRECTION('',(1.E0,0.E0,0.E0));
#15458=AXIS2_PLACEMENT_3D('',#15455,#15456,#15457);
#15459=CONICAL_SURFACE('',#15458,4.331914542748E-1,1.E1);
#15460=ORIENTED_EDGE('',*,*,#15448,.F.);
#15462=ORIENTED_EDGE('',*,*,#15461,.F.);
#15464=ORIENTED_EDGE('',*,*,#15463,.F.);
#15466=ORIENTED_EDGE('',*,*,#15465,.T.);
#15467=EDGE_LOOP('',(#15460,#15462,#15464,#15466));
#15468=FACE_OUTER_BOUND('',#15467,.F.);
#15469=ADVANCED_FACE('',(#15468),#15459,.F.);
#15470=CARTESIAN_POINT('',(2.9642E1,-4.243744114425E1,-1.396270778852E0));
#15471=DIRECTION('',(0.E0,8.715574274767E-2,-9.961946980917E-1));
#15472=DIRECTION('',(1.E0,0.E0,0.E0));
#15473=AXIS2_PLACEMENT_3D('',#15470,#15471,#15472);
#15474=CONICAL_SURFACE('',#15473,4.331914542748E-1,1.E1);
#15475=ORIENTED_EDGE('',*,*,#15450,.F.);
#15476=ORIENTED_EDGE('',*,*,#15465,.F.);
#15478=ORIENTED_EDGE('',*,*,#15477,.F.);
#15479=ORIENTED_EDGE('',*,*,#15461,.T.);
#15480=EDGE_LOOP('',(#15475,#15476,#15478,#15479));
#15481=FACE_OUTER_BOUND('',#15480,.F.);
#15482=ADVANCED_FACE('',(#15481),#15474,.F.);
#15483=CARTESIAN_POINT('',(2.9642E1,-4.244670733287E1,-1.290357758268E0));
#15484=DIRECTION('',(0.E0,8.715574274767E-2,-9.961946980917E-1));
#15485=DIRECTION('',(9.999736456494E-1,-7.232401402089E-3,-6.327531327516E-4));
#15486=AXIS2_PLACEMENT_3D('',#15483,#15484,#15485);
#15487=TOROIDAL_SURFACE('',#15486,3.129021332485E-1,1.E-1);
#15489=ORIENTED_EDGE('',*,*,#15488,.F.);
#15491=ORIENTED_EDGE('',*,*,#15490,.T.);
#15492=ORIENTED_EDGE('',*,*,#15477,.T.);
#15494=ORIENTED_EDGE('',*,*,#15493,.F.);
#15495=EDGE_LOOP('',(#15489,#15491,#15492,#15494));
#15496=FACE_OUTER_BOUND('',#15495,.F.);
#15497=ADVANCED_FACE('',(#15496),#15487,.F.);
#15498=CARTESIAN_POINT('',(2.9642E1,-4.245542290714E1,-1.190738288459E0));
#15499=DIRECTION('',(0.E0,8.715574274767E-2,-9.961946980917E-1));
#15500=DIRECTION('',(1.E0,0.E0,0.E0));
#15501=AXIS2_PLACEMENT_3D('',#15498,#15499,#15500);
#15502=PLANE('',#15501);
#15503=ORIENTED_EDGE('',*,*,#15488,.T.);
#15505=ORIENTED_EDGE('',*,*,#15504,.T.);
#15506=EDGE_LOOP('',(#15503,#15505));
#15507=FACE_OUTER_BOUND('',#15506,.F.);
#15508=ADVANCED_FACE('',(#15507),#15502,.T.);
#15509=CARTESIAN_POINT('',(2.9642E1,-4.244670733287E1,-1.290357758268E0));
#15510=DIRECTION('',(0.E0,8.715574274767E-2,-9.961946980917E-1));
#15511=DIRECTION('',(-9.999736456494E-1,7.232401402089E-3,6.327531327521E-4));
#15512=AXIS2_PLACEMENT_3D('',#15509,#15510,#15511);
#15513=TOROIDAL_SURFACE('',#15512,3.129021332485E-1,1.E-1);
#15514=ORIENTED_EDGE('',*,*,#15504,.F.);
#15515=ORIENTED_EDGE('',*,*,#15493,.T.);
#15516=ORIENTED_EDGE('',*,*,#15463,.T.);
#15517=ORIENTED_EDGE('',*,*,#15490,.F.);
#15518=EDGE_LOOP('',(#15514,#15515,#15516,#15517));
#15519=FACE_OUTER_BOUND('',#15518,.F.);
#15520=ADVANCED_FACE('',(#15519),#15513,.F.);
#15521=CARTESIAN_POINT('',(3.0557E1,-4.4011E1,-1.221570795286E0));
#15522=DIRECTION('',(0.E0,1.E0,0.E0));
#15523=DIRECTION('',(0.E0,0.E0,1.E0));
#15524=AXIS2_PLACEMENT_3D('',#15521,#15522,#15523);
#15525=PLANE('',#15524);
#15527=ORIENTED_EDGE('',*,*,#15526,.F.);
#15528=ORIENTED_EDGE('',*,*,#15432,.T.);
#15530=ORIENTED_EDGE('',*,*,#15529,.T.);
#15532=ORIENTED_EDGE('',*,*,#15531,.F.);
#15533=EDGE_LOOP('',(#15527,#15528,#15530,#15532));
#15534=FACE_OUTER_BOUND('',#15533,.F.);
#15535=ADVANCED_FACE('',(#15534),#15525,.F.);
#15536=CARTESIAN_POINT('',(3.0557E1,-4.3886E1,-5.457853976431E-1));
#15537=DIRECTION('',(-1.E0,0.E0,0.E0));
#15538=DIRECTION('',(0.E0,0.E0,1.E0));
#15539=AXIS2_PLACEMENT_3D('',#15536,#15537,#15538);
#15540=PLANE('',#15539);
#15542=ORIENTED_EDGE('',*,*,#15541,.F.);
#15543=ORIENTED_EDGE('',*,*,#15418,.T.);
#15544=ORIENTED_EDGE('',*,*,#15526,.T.);
#15546=ORIENTED_EDGE('',*,*,#15545,.F.);
#15547=EDGE_LOOP('',(#15542,#15543,#15544,#15546));
#15548=FACE_OUTER_BOUND('',#15547,.F.);
#15549=ADVANCED_FACE('',(#15548),#15540,.F.);
#15550=CARTESIAN_POINT('',(3.0557E1,-4.3761E1,-1.221570795286E0));
#15551=DIRECTION('',(0.E0,1.E0,0.E0));
#15552=DIRECTION('',(0.E0,0.E0,1.E0));
#15553=AXIS2_PLACEMENT_3D('',#15550,#15551,#15552);
#15554=PLANE('',#15553);
#15555=ORIENTED_EDGE('',*,*,#15541,.T.);
#15557=ORIENTED_EDGE('',*,*,#15556,.T.);
#15559=ORIENTED_EDGE('',*,*,#15558,.F.);
#15560=ORIENTED_EDGE('',*,*,#15402,.F.);
#15561=EDGE_LOOP('',(#15555,#15557,#15559,#15560));
#15562=FACE_OUTER_BOUND('',#15561,.F.);
#15563=ADVANCED_FACE('',(#15562),#15554,.T.);
#15564=CARTESIAN_POINT('',(3.0557E1,-4.3611E1,1.3E-1));
#15565=DIRECTION('',(1.E0,0.E0,0.E0));
#15566=DIRECTION('',(0.E0,-1.E0,0.E0));
#15567=AXIS2_PLACEMENT_3D('',#15564,#15565,#15566);
#15568=CYLINDRICAL_SURFACE('',#15567,1.5E-1);
#15570=ORIENTED_EDGE('',*,*,#15569,.T.);
#15572=ORIENTED_EDGE('',*,*,#15571,.T.);
#15574=ORIENTED_EDGE('',*,*,#15573,.F.);
#15575=ORIENTED_EDGE('',*,*,#15556,.F.);
#15576=EDGE_LOOP('',(#15570,#15572,#15574,#15575));
#15577=FACE_OUTER_BOUND('',#15576,.F.);
#15578=ADVANCED_FACE('',(#15577),#15568,.F.);
#15579=CARTESIAN_POINT('',(3.0557E1,-4.380545436483E1,3.244543648263E-1));
#15580=DIRECTION('',(-1.E0,0.E0,0.E0));
#15581=DIRECTION('',(0.E0,0.E0,1.E0));
#15582=AXIS2_PLACEMENT_3D('',#15579,#15580,#15581);
#15583=PLANE('',#15582);
#15584=ORIENTED_EDGE('',*,*,#15569,.F.);
#15585=ORIENTED_EDGE('',*,*,#15545,.T.);
#15587=ORIENTED_EDGE('',*,*,#15586,.T.);
#15589=ORIENTED_EDGE('',*,*,#15588,.F.);
#15590=EDGE_LOOP('',(#15584,#15585,#15587,#15589));
#15591=FACE_OUTER_BOUND('',#15590,.F.);
#15592=ADVANCED_FACE('',(#15591),#15583,.F.);
#15593=CARTESIAN_POINT('',(3.0557E1,-4.3611E1,1.3E-1));
#15594=DIRECTION('',(1.E0,0.E0,0.E0));
#15595=DIRECTION('',(0.E0,-1.E0,0.E0));
#15596=AXIS2_PLACEMENT_3D('',#15593,#15594,#15595);
#15597=CYLINDRICAL_SURFACE('',#15596,4.E-1);
#15598=ORIENTED_EDGE('',*,*,#15586,.F.);
#15599=ORIENTED_EDGE('',*,*,#15531,.T.);
#15601=ORIENTED_EDGE('',*,*,#15600,.T.);
#15603=ORIENTED_EDGE('',*,*,#15602,.F.);
#15604=EDGE_LOOP('',(#15598,#15599,#15601,#15603));
#15605=FACE_OUTER_BOUND('',#15604,.F.);
#15606=ADVANCED_FACE('',(#15605),#15597,.T.);
#15607=CARTESIAN_POINT('',(2.8727E1,-4.380545436483E1,3.244543648263E-1));
#15608=DIRECTION('',(-1.E0,0.E0,0.E0));
#15609=DIRECTION('',(0.E0,0.E0,1.E0));
#15610=AXIS2_PLACEMENT_3D('',#15607,#15608,#15609);
#15611=PLANE('',#15610);
#15612=ORIENTED_EDGE('',*,*,#15573,.T.);
#15614=ORIENTED_EDGE('',*,*,#15613,.T.);
#15615=ORIENTED_EDGE('',*,*,#15600,.F.);
#15617=ORIENTED_EDGE('',*,*,#15616,.F.);
#15618=EDGE_LOOP('',(#15612,#15614,#15615,#15617));
#15619=FACE_OUTER_BOUND('',#15618,.F.);
#15620=ADVANCED_FACE('',(#15619),#15611,.T.);
#15621=CARTESIAN_POINT('',(2.8727E1,-4.2886E1,4.05E-1));
#15622=DIRECTION('',(-1.E0,0.E0,0.E0));
#15623=DIRECTION('',(0.E0,1.E0,0.E0));
#15624=AXIS2_PLACEMENT_3D('',#15621,#15622,#15623);
#15625=PLANE('',#15624);
#15627=ORIENTED_EDGE('',*,*,#15626,.T.);
#15629=ORIENTED_EDGE('',*,*,#15628,.T.);
#15631=ORIENTED_EDGE('',*,*,#15630,.F.);
#15632=ORIENTED_EDGE('',*,*,#15613,.F.);
#15633=EDGE_LOOP('',(#15627,#15629,#15631,#15632));
#15634=FACE_OUTER_BOUND('',#15633,.F.);
#15635=ADVANCED_FACE('',(#15634),#15625,.T.);
#15636=CARTESIAN_POINT('',(3.0557E1,-4.3611E1,2.8E-1));
#15637=DIRECTION('',(0.E0,0.E0,-1.E0));
#15638=DIRECTION('',(0.E0,1.E0,0.E0));
#15639=AXIS2_PLACEMENT_3D('',#15636,#15637,#15638);
#15640=PLANE('',#15639);
#15642=ORIENTED_EDGE('',*,*,#15641,.T.);
#15644=ORIENTED_EDGE('',*,*,#15643,.T.);
#15645=ORIENTED_EDGE('',*,*,#15626,.F.);
#15646=ORIENTED_EDGE('',*,*,#15571,.F.);
#15647=EDGE_LOOP('',(#15642,#15644,#15645,#15646));
#15648=FACE_OUTER_BOUND('',#15647,.F.);
#15650=ORIENTED_EDGE('',*,*,#15649,.F.);
#15652=ORIENTED_EDGE('',*,*,#15651,.F.);
#15653=EDGE_LOOP('',(#15650,#15652));
#15654=FACE_BOUND('',#15653,.F.);
#15655=ADVANCED_FACE('',(#15648,#15654),#15640,.T.);
#15656=CARTESIAN_POINT('',(3.0557E1,-4.2886E1,4.05E-1));
#15657=DIRECTION('',(-1.E0,0.E0,0.E0));
#15658=DIRECTION('',(0.E0,1.E0,0.E0));
#15659=AXIS2_PLACEMENT_3D('',#15656,#15657,#15658);
#15660=PLANE('',#15659);
#15661=ORIENTED_EDGE('',*,*,#15641,.F.);
#15662=ORIENTED_EDGE('',*,*,#15588,.T.);
#15664=ORIENTED_EDGE('',*,*,#15663,.T.);
#15666=ORIENTED_EDGE('',*,*,#15665,.F.);
#15667=EDGE_LOOP('',(#15661,#15662,#15664,#15666));
#15668=FACE_OUTER_BOUND('',#15667,.F.);
#15669=ADVANCED_FACE('',(#15668),#15660,.F.);
#15670=CARTESIAN_POINT('',(3.0557E1,-4.3611E1,5.3E-1));
#15671=DIRECTION('',(0.E0,0.E0,-1.E0));
#15672=DIRECTION('',(0.E0,1.E0,0.E0));
#15673=AXIS2_PLACEMENT_3D('',#15670,#15671,#15672);
#15674=PLANE('',#15673);
#15675=ORIENTED_EDGE('',*,*,#15663,.F.);
#15676=ORIENTED_EDGE('',*,*,#15602,.T.);
#15677=ORIENTED_EDGE('',*,*,#15630,.T.);
#15679=ORIENTED_EDGE('',*,*,#15678,.F.);
#15680=EDGE_LOOP('',(#15675,#15676,#15677,#15679));
#15681=FACE_OUTER_BOUND('',#15680,.F.);
#15683=ORIENTED_EDGE('',*,*,#15682,.T.);
#15685=ORIENTED_EDGE('',*,*,#15684,.T.);
#15686=EDGE_LOOP('',(#15683,#15685));
#15687=FACE_BOUND('',#15686,.F.);
#15688=ADVANCED_FACE('',(#15681,#15687),#15674,.F.);
#15689=CARTESIAN_POINT('',(3.0557E1,-4.2161E1,6.6E-1));
#15690=DIRECTION('',(1.E0,0.E0,0.E0));
#15691=DIRECTION('',(0.E0,-1.E0,0.E0));
#15692=AXIS2_PLACEMENT_3D('',#15689,#15690,#15691);
#15693=CYLINDRICAL_SURFACE('',#15692,1.3E-1);
#15695=ORIENTED_EDGE('',*,*,#15694,.F.);
#15696=ORIENTED_EDGE('',*,*,#15678,.T.);
#15698=ORIENTED_EDGE('',*,*,#15697,.T.);
#15700=ORIENTED_EDGE('',*,*,#15699,.F.);
#15701=EDGE_LOOP('',(#15695,#15696,#15698,#15700));
#15702=FACE_OUTER_BOUND('',#15701,.F.);
#15703=ADVANCED_FACE('',(#15702),#15693,.F.);
#15704=CARTESIAN_POINT('',(3.0557E1,-4.1906E1,6.6E-1));
#15705=DIRECTION('',(-1.E0,0.E0,0.E0));
#15706=DIRECTION('',(0.E0,1.E0,0.E0));
#15707=AXIS2_PLACEMENT_3D('',#15704,#15705,#15706);
#15708=PLANE('',#15707);
#15710=ORIENTED_EDGE('',*,*,#15709,.F.);
#15711=ORIENTED_EDGE('',*,*,#15665,.T.);
#15712=ORIENTED_EDGE('',*,*,#15694,.T.);
#15714=ORIENTED_EDGE('',*,*,#15713,.F.);
#15715=EDGE_LOOP('',(#15710,#15711,#15712,#15714));
#15716=FACE_OUTER_BOUND('',#15715,.F.);
#15717=ADVANCED_FACE('',(#15716),#15708,.F.);
#15718=CARTESIAN_POINT('',(3.0557E1,-4.2161E1,6.6E-1));
#15719=DIRECTION('',(1.E0,0.E0,0.E0));
#15720=DIRECTION('',(0.E0,-1.E0,0.E0));
#15721=AXIS2_PLACEMENT_3D('',#15718,#15719,#15720);
#15722=CYLINDRICAL_SURFACE('',#15721,3.8E-1);
#15723=ORIENTED_EDGE('',*,*,#15709,.T.);
#15725=ORIENTED_EDGE('',*,*,#15724,.T.);
#15727=ORIENTED_EDGE('',*,*,#15726,.F.);
#15728=ORIENTED_EDGE('',*,*,#15643,.F.);
#15729=EDGE_LOOP('',(#15723,#15725,#15727,#15728));
#15730=FACE_OUTER_BOUND('',#15729,.F.);
#15731=ADVANCED_FACE('',(#15730),#15722,.T.);
#15732=CARTESIAN_POINT('',(3.0557E1,-4.2161E1,1.04E0));
#15733=DIRECTION('',(0.E0,0.E0,1.E0));
#15734=DIRECTION('',(0.E0,-1.E0,0.E0));
#15735=AXIS2_PLACEMENT_3D('',#15732,#15733,#15734);
#15736=PLANE('',#15735);
#15738=ORIENTED_EDGE('',*,*,#15737,.F.);
#15740=ORIENTED_EDGE('',*,*,#15739,.F.);
#15741=ORIENTED_EDGE('',*,*,#15724,.F.);
#15743=ORIENTED_EDGE('',*,*,#15742,.T.);
#15745=ORIENTED_EDGE('',*,*,#15744,.F.);
#15747=ORIENTED_EDGE('',*,*,#15746,.T.);
#15748=EDGE_LOOP('',(#15738,#15740,#15741,#15743,#15745,#15747));
#15749=FACE_OUTER_BOUND('',#15748,.F.);
#15750=ADVANCED_FACE('',(#15749),#15736,.T.);
#15751=CARTESIAN_POINT('',(2.8867E1,-4.3611E1,9.15E-1));
#15752=DIRECTION('',(0.E0,-1.E0,0.E0));
#15753=DIRECTION('',(1.E0,0.E0,0.E0));
#15754=AXIS2_PLACEMENT_3D('',#15751,#15752,#15753);
#15755=PLANE('',#15754);
#15756=ORIENTED_EDGE('',*,*,#15737,.T.);
#15758=ORIENTED_EDGE('',*,*,#15757,.T.);
#15760=ORIENTED_EDGE('',*,*,#15759,.F.);
#15762=ORIENTED_EDGE('',*,*,#15761,.F.);
#15763=EDGE_LOOP('',(#15756,#15758,#15760,#15762));
#15764=FACE_OUTER_BOUND('',#15763,.F.);
#15765=ADVANCED_FACE('',(#15764),#15755,.T.);
#15766=CARTESIAN_POINT('',(2.9007E1,-4.380545436483E1,9.955456351737E-1));
#15767=DIRECTION('',(1.E0,0.E0,0.E0));
#15768=DIRECTION('',(0.E0,0.E0,-1.E0));
#15769=AXIS2_PLACEMENT_3D('',#15766,#15767,#15768);
#15770=PLANE('',#15769);
#15772=ORIENTED_EDGE('',*,*,#15771,.F.);
#15774=ORIENTED_EDGE('',*,*,#15773,.T.);
#15776=ORIENTED_EDGE('',*,*,#15775,.T.);
#15777=ORIENTED_EDGE('',*,*,#15757,.F.);
#15778=EDGE_LOOP('',(#15772,#15774,#15776,#15777));
#15779=FACE_OUTER_BOUND('',#15778,.F.);
#15780=ADVANCED_FACE('',(#15779),#15770,.F.);
#15781=CARTESIAN_POINT('',(3.0557E1,-4.3611E1,1.19E0));
#15782=DIRECTION('',(1.E0,0.E0,0.E0));
#15783=DIRECTION('',(0.E0,-1.E0,0.E0));
#15784=AXIS2_PLACEMENT_3D('',#15781,#15782,#15783);
#15785=CYLINDRICAL_SURFACE('',#15784,1.5E-1);
#15786=ORIENTED_EDGE('',*,*,#15771,.T.);
#15787=ORIENTED_EDGE('',*,*,#15746,.F.);
#15789=ORIENTED_EDGE('',*,*,#15788,.F.);
#15791=ORIENTED_EDGE('',*,*,#15790,.T.);
#15792=EDGE_LOOP('',(#15786,#15787,#15789,#15791));
#15793=FACE_OUTER_BOUND('',#15792,.F.);
#15794=ADVANCED_FACE('',(#15793),#15785,.F.);
#15795=CARTESIAN_POINT('',(3.0277E1,-4.380545436483E1,9.955456351737E-1));
#15796=DIRECTION('',(1.E0,0.E0,0.E0));
#15797=DIRECTION('',(0.E0,0.E0,-1.E0));
#15798=AXIS2_PLACEMENT_3D('',#15795,#15796,#15797);
#15799=PLANE('',#15798);
#15800=ORIENTED_EDGE('',*,*,#15788,.T.);
#15802=ORIENTED_EDGE('',*,*,#15801,.T.);
#15804=ORIENTED_EDGE('',*,*,#15803,.F.);
#15806=ORIENTED_EDGE('',*,*,#15805,.F.);
#15807=EDGE_LOOP('',(#15800,#15802,#15804,#15806));
#15808=FACE_OUTER_BOUND('',#15807,.F.);
#15809=ADVANCED_FACE('',(#15808),#15799,.T.);
#15810=CARTESIAN_POINT('',(3.0417E1,-4.3611E1,9.15E-1));
#15811=DIRECTION('',(0.E0,-1.E0,0.E0));
#15812=DIRECTION('',(1.E0,0.E0,0.E0));
#15813=AXIS2_PLACEMENT_3D('',#15810,#15811,#15812);
#15814=PLANE('',#15813);
#15815=ORIENTED_EDGE('',*,*,#15744,.T.);
#15817=ORIENTED_EDGE('',*,*,#15816,.T.);
#15819=ORIENTED_EDGE('',*,*,#15818,.F.);
#15820=ORIENTED_EDGE('',*,*,#15801,.F.);
#15821=EDGE_LOOP('',(#15815,#15817,#15819,#15820));
#15822=FACE_OUTER_BOUND('',#15821,.F.);
#15823=ADVANCED_FACE('',(#15822),#15814,.T.);
#15824=CARTESIAN_POINT('',(3.0557E1,-4.2886E1,9.15E-1));
#15825=DIRECTION('',(-1.E0,0.E0,0.E0));
#15826=DIRECTION('',(0.E0,-1.E0,0.E0));
#15827=AXIS2_PLACEMENT_3D('',#15824,#15825,#15826);
#15828=PLANE('',#15827);
#15829=ORIENTED_EDGE('',*,*,#15816,.F.);
#15830=ORIENTED_EDGE('',*,*,#15742,.F.);
#15831=ORIENTED_EDGE('',*,*,#15713,.T.);
#15833=ORIENTED_EDGE('',*,*,#15832,.T.);
#15834=EDGE_LOOP('',(#15829,#15830,#15831,#15833));
#15835=FACE_OUTER_BOUND('',#15834,.F.);
#15836=ADVANCED_FACE('',(#15835),#15828,.F.);
#15837=CARTESIAN_POINT('',(3.0557E1,-4.2161E1,7.9E-1));
#15838=DIRECTION('',(0.E0,0.E0,1.E0));
#15839=DIRECTION('',(0.E0,-1.E0,0.E0));
#15840=AXIS2_PLACEMENT_3D('',#15837,#15838,#15839);
#15841=PLANE('',#15840);
#15842=ORIENTED_EDGE('',*,*,#15759,.T.);
#15844=ORIENTED_EDGE('',*,*,#15843,.F.);
#15845=ORIENTED_EDGE('',*,*,#15818,.T.);
#15846=ORIENTED_EDGE('',*,*,#15832,.F.);
#15847=ORIENTED_EDGE('',*,*,#15699,.T.);
#15849=ORIENTED_EDGE('',*,*,#15848,.T.);
#15850=EDGE_LOOP('',(#15842,#15844,#15845,#15846,#15847,#15849));
#15851=FACE_OUTER_BOUND('',#15850,.F.);
#15852=ADVANCED_FACE('',(#15851),#15841,.F.);
#15853=CARTESIAN_POINT('',(3.0557E1,-4.3611E1,1.19E0));
#15854=DIRECTION('',(1.E0,0.E0,0.E0));
#15855=DIRECTION('',(0.E0,-1.E0,0.E0));
#15856=AXIS2_PLACEMENT_3D('',#15853,#15854,#15855);
#15857=CYLINDRICAL_SURFACE('',#15856,4.E-1);
#15858=ORIENTED_EDGE('',*,*,#15775,.F.);
#15860=ORIENTED_EDGE('',*,*,#15859,.F.);
#15861=ORIENTED_EDGE('',*,*,#15803,.T.);
#15862=ORIENTED_EDGE('',*,*,#15843,.T.);
#15863=EDGE_LOOP('',(#15858,#15860,#15861,#15862));
#15864=FACE_OUTER_BOUND('',#15863,.F.);
#15865=ADVANCED_FACE('',(#15864),#15857,.T.);
#15866=CARTESIAN_POINT('',(3.0557E1,-4.4011E1,1.19E0));
#15867=DIRECTION('',(0.E0,1.E0,0.E0));
#15868=DIRECTION('',(0.E0,0.E0,1.E0));
#15869=AXIS2_PLACEMENT_3D('',#15866,#15867,#15868);
#15870=PLANE('',#15869);
#15872=ORIENTED_EDGE('',*,*,#15871,.T.);
#15874=ORIENTED_EDGE('',*,*,#15873,.T.);
#15876=ORIENTED_EDGE('',*,*,#15875,.T.);
#15878=ORIENTED_EDGE('',*,*,#15877,.F.);
#15879=ORIENTED_EDGE('',*,*,#15859,.T.);
#15881=ORIENTED_EDGE('',*,*,#15880,.T.);
#15883=ORIENTED_EDGE('',*,*,#15882,.T.);
#15885=ORIENTED_EDGE('',*,*,#15884,.F.);
#15886=EDGE_LOOP('',(#15872,#15874,#15876,#15878,#15879,#15881,#15883,#15885));
#15887=FACE_OUTER_BOUND('',#15886,.F.);
#15888=ADVANCED_FACE('',(#15887),#15870,.F.);
#15889=CARTESIAN_POINT('',(3.1412E1,-3.0665E1,7.62E0));
#15890=DIRECTION('',(0.E0,0.E0,-1.E0));
#15891=DIRECTION('',(-1.E0,0.E0,0.E0));
#15892=AXIS2_PLACEMENT_3D('',#15889,#15890,#15891);
#15893=PLANE('',#15892);
#15895=ORIENTED_EDGE('',*,*,#15894,.T.);
#15897=ORIENTED_EDGE('',*,*,#15896,.F.);
#15898=ORIENTED_EDGE('',*,*,#15871,.F.);
#15900=ORIENTED_EDGE('',*,*,#15899,.T.);
#15901=EDGE_LOOP('',(#15895,#15897,#15898,#15900));
#15902=FACE_OUTER_BOUND('',#15901,.F.);
#15903=ADVANCED_FACE('',(#15902),#15893,.F.);
#15904=CARTESIAN_POINT('',(3.0557E1,-4.3761E1,1.19E0));
#15905=DIRECTION('',(0.E0,1.E0,0.E0));
#15906=DIRECTION('',(0.E0,0.E0,1.E0));
#15907=AXIS2_PLACEMENT_3D('',#15904,#15905,#15906);
#15908=PLANE('',#15907);
#15909=ORIENTED_EDGE('',*,*,#15894,.F.);
#15911=ORIENTED_EDGE('',*,*,#15910,.T.);
#15913=ORIENTED_EDGE('',*,*,#15912,.F.);
#15915=ORIENTED_EDGE('',*,*,#15914,.F.);
#15916=ORIENTED_EDGE('',*,*,#15790,.F.);
#15918=ORIENTED_EDGE('',*,*,#15917,.T.);
#15920=ORIENTED_EDGE('',*,*,#15919,.F.);
#15922=ORIENTED_EDGE('',*,*,#15921,.F.);
#15923=EDGE_LOOP('',(#15909,#15911,#15913,#15915,#15916,#15918,#15920,#15922));
#15924=FACE_OUTER_BOUND('',#15923,.F.);
#15925=ADVANCED_FACE('',(#15924),#15908,.T.);
#15926=CARTESIAN_POINT('',(2.9412E1,-4.3886E1,6.625E0));
#15927=DIRECTION('',(1.E0,0.E0,0.E0));
#15928=DIRECTION('',(0.E0,0.E0,-1.E0));
#15929=AXIS2_PLACEMENT_3D('',#15926,#15927,#15928);
#15930=PLANE('',#15929);
#15931=ORIENTED_EDGE('',*,*,#15899,.F.);
#15932=ORIENTED_EDGE('',*,*,#15884,.T.);
#15934=ORIENTED_EDGE('',*,*,#15933,.F.);
#15935=ORIENTED_EDGE('',*,*,#15910,.F.);
#15936=EDGE_LOOP('',(#15931,#15932,#15934,#15935));
#15937=FACE_OUTER_BOUND('',#15936,.F.);
#15938=ADVANCED_FACE('',(#15937),#15930,.F.);
#15939=CARTESIAN_POINT('',(2.92095E1,-4.3886E1,3.6075E0));
#15940=DIRECTION('',(-7.071067811866E-1,0.E0,7.071067811865E-1));
#15941=DIRECTION('',(7.071067811865E-1,0.E0,7.071067811866E-1));
#15942=AXIS2_PLACEMENT_3D('',#15939,#15940,#15941);
#15943=PLANE('',#15942);
#15944=ORIENTED_EDGE('',*,*,#15912,.T.);
#15945=ORIENTED_EDGE('',*,*,#15933,.T.);
#15946=ORIENTED_EDGE('',*,*,#15882,.F.);
#15948=ORIENTED_EDGE('',*,*,#15947,.F.);
#15949=EDGE_LOOP('',(#15944,#15945,#15946,#15948));
#15950=FACE_OUTER_BOUND('',#15949,.F.);
#15951=ADVANCED_FACE('',(#15950),#15943,.T.);
#15952=CARTESIAN_POINT('',(2.9007E1,-4.3886E1,6.63E0));
#15953=DIRECTION('',(-1.E0,0.E0,0.E0));
#15954=DIRECTION('',(0.E0,0.E0,1.E0));
#15955=AXIS2_PLACEMENT_3D('',#15952,#15953,#15954);
#15956=PLANE('',#15955);
#15957=ORIENTED_EDGE('',*,*,#15947,.T.);
#15958=ORIENTED_EDGE('',*,*,#15880,.F.);
#15959=ORIENTED_EDGE('',*,*,#15773,.F.);
#15960=ORIENTED_EDGE('',*,*,#15914,.T.);
#15961=EDGE_LOOP('',(#15957,#15958,#15959,#15960));
#15962=FACE_OUTER_BOUND('',#15961,.F.);
#15963=ADVANCED_FACE('',(#15962),#15956,.T.);
#15964=CARTESIAN_POINT('',(3.0277E1,-4.3886E1,6.63E0));
#15965=DIRECTION('',(-1.E0,0.E0,0.E0));
#15966=DIRECTION('',(0.E0,0.E0,1.E0));
#15967=AXIS2_PLACEMENT_3D('',#15964,#15965,#15966);
#15968=PLANE('',#15967);
#15970=ORIENTED_EDGE('',*,*,#15969,.F.);
#15971=ORIENTED_EDGE('',*,*,#15917,.F.);
#15972=ORIENTED_EDGE('',*,*,#15805,.T.);
#15973=ORIENTED_EDGE('',*,*,#15877,.T.);
#15974=EDGE_LOOP('',(#15970,#15971,#15972,#15973));
#15975=FACE_OUTER_BOUND('',#15974,.F.);
#15976=ADVANCED_FACE('',(#15975),#15968,.F.);
#15977=CARTESIAN_POINT('',(3.00745E1,-4.3886E1,3.6075E0));
#15978=DIRECTION('',(7.071067811866E-1,0.E0,7.071067811865E-1));
#15979=DIRECTION('',(7.071067811865E-1,0.E0,-7.071067811866E-1));
#15980=AXIS2_PLACEMENT_3D('',#15977,#15978,#15979);
#15981=PLANE('',#15980);
#15982=ORIENTED_EDGE('',*,*,#15919,.T.);
#15983=ORIENTED_EDGE('',*,*,#15969,.T.);
#15984=ORIENTED_EDGE('',*,*,#15875,.F.);
#15986=ORIENTED_EDGE('',*,*,#15985,.F.);
#15987=EDGE_LOOP('',(#15982,#15983,#15984,#15986));
#15988=FACE_OUTER_BOUND('',#15987,.F.);
#15989=ADVANCED_FACE('',(#15988),#15981,.T.);
#15990=CARTESIAN_POINT('',(2.9872E1,-4.3886E1,6.625E0));
#15991=DIRECTION('',(1.E0,0.E0,0.E0));
#15992=DIRECTION('',(0.E0,0.E0,-1.E0));
#15993=AXIS2_PLACEMENT_3D('',#15990,#15991,#15992);
#15994=PLANE('',#15993);
#15995=ORIENTED_EDGE('',*,*,#15896,.T.);
#15996=ORIENTED_EDGE('',*,*,#15921,.T.);
#15997=ORIENTED_EDGE('',*,*,#15985,.T.);
#15998=ORIENTED_EDGE('',*,*,#15873,.F.);
#15999=EDGE_LOOP('',(#15995,#15996,#15997,#15998));
#16000=FACE_OUTER_BOUND('',#15999,.F.);
#16001=ADVANCED_FACE('',(#16000),#15994,.T.);
#16002=CARTESIAN_POINT('',(2.8727E1,-4.2886E1,9.15E-1));
#16003=DIRECTION('',(-1.E0,0.E0,0.E0));
#16004=DIRECTION('',(0.E0,-1.E0,0.E0));
#16005=AXIS2_PLACEMENT_3D('',#16002,#16003,#16004);
#16006=PLANE('',#16005);
#16007=ORIENTED_EDGE('',*,*,#15761,.T.);
#16008=ORIENTED_EDGE('',*,*,#15848,.F.);
#16010=ORIENTED_EDGE('',*,*,#16009,.F.);
#16011=ORIENTED_EDGE('',*,*,#15739,.T.);
#16012=EDGE_LOOP('',(#16007,#16008,#16010,#16011));
#16013=FACE_OUTER_BOUND('',#16012,.F.);
#16014=ADVANCED_FACE('',(#16013),#16006,.T.);
#16015=CARTESIAN_POINT('',(2.8727E1,-4.1906E1,6.6E-1));
#16016=DIRECTION('',(-1.E0,0.E0,0.E0));
#16017=DIRECTION('',(0.E0,1.E0,0.E0));
#16018=AXIS2_PLACEMENT_3D('',#16015,#16016,#16017);
#16019=PLANE('',#16018);
#16020=ORIENTED_EDGE('',*,*,#15726,.T.);
#16021=ORIENTED_EDGE('',*,*,#16009,.T.);
#16022=ORIENTED_EDGE('',*,*,#15697,.F.);
#16023=ORIENTED_EDGE('',*,*,#15628,.F.);
#16024=EDGE_LOOP('',(#16020,#16021,#16022,#16023));
#16025=FACE_OUTER_BOUND('',#16024,.F.);
#16026=ADVANCED_FACE('',(#16025),#16019,.T.);
#16027=CARTESIAN_POINT('',(2.9642E1,-4.2851E1,3.9E-1));
#16028=DIRECTION('',(0.E0,0.E0,1.E0));
#16029=DIRECTION('',(0.E0,1.E0,0.E0));
#16030=AXIS2_PLACEMENT_3D('',#16027,#16028,#16029);
#16031=CONICAL_SURFACE('',#16030,4.405393149065E-1,1.E1);
#16032=ORIENTED_EDGE('',*,*,#15682,.F.);
#16034=ORIENTED_EDGE('',*,*,#16033,.F.);
#16036=ORIENTED_EDGE('',*,*,#16035,.T.);
#16038=ORIENTED_EDGE('',*,*,#16037,.T.);
#16039=EDGE_LOOP('',(#16032,#16034,#16036,#16038));
#16040=FACE_OUTER_BOUND('',#16039,.F.);
#16041=ADVANCED_FACE('',(#16040),#16031,.F.);
#16042=CARTESIAN_POINT('',(2.9642E1,-4.2851E1,3.9E-1));
#16043=DIRECTION('',(0.E0,0.E0,1.E0));
#16044=DIRECTION('',(0.E0,1.E0,0.E0));
#16045=AXIS2_PLACEMENT_3D('',#16042,#16043,#16044);
#16046=CONICAL_SURFACE('',#16045,4.405393149065E-1,1.E1);
#16047=ORIENTED_EDGE('',*,*,#15684,.F.);
#16048=ORIENTED_EDGE('',*,*,#16037,.F.);
#16050=ORIENTED_EDGE('',*,*,#16049,.T.);
#16051=ORIENTED_EDGE('',*,*,#16033,.T.);
#16052=EDGE_LOOP('',(#16047,#16048,#16050,#16051));
#16053=FACE_OUTER_BOUND('',#16052,.F.);
#16054=ADVANCED_FACE('',(#16053),#16046,.F.);
#16055=CARTESIAN_POINT('',(2.9642E1,-4.2851E1,2.5E-1));
#16056=DIRECTION('',(0.E0,0.E0,1.E0));
#16057=DIRECTION('',(0.E0,1.E0,0.E0));
#16058=AXIS2_PLACEMENT_3D('',#16055,#16056,#16057);
#16059=PLANE('',#16058);
#16060=ORIENTED_EDGE('',*,*,#16035,.F.);
#16061=ORIENTED_EDGE('',*,*,#16049,.F.);
#16062=EDGE_LOOP('',(#16060,#16061));
#16063=FACE_OUTER_BOUND('',#16062,.F.);
#16064=ADVANCED_FACE('',(#16063),#16059,.T.);
#16065=CARTESIAN_POINT('',(2.9642E1,-4.2851E1,2.019763866750E-1));
#16066=DIRECTION('',(0.E0,0.E0,1.E0));
#16067=DIRECTION('',(0.E0,1.E0,0.E0));
#16068=AXIS2_PLACEMENT_3D('',#16065,#16066,#16067);
#16069=CONICAL_SURFACE('',#16068,6.612423318384E-1,1.E1);
#16071=ORIENTED_EDGE('',*,*,#16070,.T.);
#16073=ORIENTED_EDGE('',*,*,#16072,.T.);
#16074=ORIENTED_EDGE('',*,*,#15649,.T.);
#16076=ORIENTED_EDGE('',*,*,#16075,.F.);
#16077=EDGE_LOOP('',(#16071,#16073,#16074,#16076));
#16078=FACE_OUTER_BOUND('',#16077,.F.);
#16079=ADVANCED_FACE('',(#16078),#16069,.T.);
#16080=CARTESIAN_POINT('',(2.9642E1,-4.2851E1,1.5E-1));
#16081=DIRECTION('',(0.E0,0.E0,1.E0));
#16082=DIRECTION('',(-5.124303617787E-2,9.986862126030E-1,0.E0));
#16083=AXIS2_PLACEMENT_3D('',#16080,#16081,#16082);
#16084=TOROIDAL_SURFACE('',#16083,4.997635007250E-1,1.5E-1);
#16085=ORIENTED_EDGE('',*,*,#7751,.F.);
#16087=ORIENTED_EDGE('',*,*,#16086,.T.);
#16088=ORIENTED_EDGE('',*,*,#16070,.F.);
#16090=ORIENTED_EDGE('',*,*,#16089,.F.);
#16091=EDGE_LOOP('',(#16085,#16087,#16088,#16090));
#16092=FACE_OUTER_BOUND('',#16091,.F.);
#16093=ADVANCED_FACE('',(#16092),#16084,.T.);
#16094=CARTESIAN_POINT('',(2.9642E1,-4.2851E1,1.5E-1));
#16095=DIRECTION('',(0.E0,0.E0,1.E0));
#16096=DIRECTION('',(5.124303617788E-2,-9.986862126030E-1,0.E0));
#16097=AXIS2_PLACEMENT_3D('',#16094,#16095,#16096);
#16098=TOROIDAL_SURFACE('',#16097,4.997635007250E-1,1.5E-1);
#16099=ORIENTED_EDGE('',*,*,#7753,.F.);
#16100=ORIENTED_EDGE('',*,*,#16089,.T.);
#16102=ORIENTED_EDGE('',*,*,#16101,.F.);
#16103=ORIENTED_EDGE('',*,*,#16086,.F.);
#16104=EDGE_LOOP('',(#16099,#16100,#16102,#16103));
#16105=FACE_OUTER_BOUND('',#16104,.F.);
#16106=ADVANCED_FACE('',(#16105),#16098,.T.);
#16107=CARTESIAN_POINT('',(2.9642E1,-4.2851E1,2.019763866750E-1));
#16108=DIRECTION('',(0.E0,0.E0,1.E0));
#16109=DIRECTION('',(0.E0,1.E0,0.E0));
#16110=AXIS2_PLACEMENT_3D('',#16107,#16108,#16109);
#16111=CONICAL_SURFACE('',#16110,6.612423318384E-1,1.E1);
#16112=ORIENTED_EDGE('',*,*,#16101,.T.);
#16113=ORIENTED_EDGE('',*,*,#16075,.T.);
#16114=ORIENTED_EDGE('',*,*,#15651,.T.);
#16115=ORIENTED_EDGE('',*,*,#16072,.F.);
#16116=EDGE_LOOP('',(#16112,#16113,#16114,#16115));
#16117=FACE_OUTER_BOUND('',#16116,.F.);
#16118=ADVANCED_FACE('',(#16117),#16111,.T.);
#16119=CARTESIAN_POINT('',(2.8727E1,-4.3886E1,-5.457853976431E-1));
#16120=DIRECTION('',(-1.E0,0.E0,0.E0));
#16121=DIRECTION('',(0.E0,0.E0,1.E0));
#16122=AXIS2_PLACEMENT_3D('',#16119,#16120,#16121);
#16123=PLANE('',#16122);
#16124=ORIENTED_EDGE('',*,*,#15558,.T.);
#16125=ORIENTED_EDGE('',*,*,#15616,.T.);
#16126=ORIENTED_EDGE('',*,*,#15529,.F.);
#16127=ORIENTED_EDGE('',*,*,#15387,.F.);
#16128=EDGE_LOOP('',(#16124,#16125,#16126,#16127));
#16129=FACE_OUTER_BOUND('',#16128,.F.);
#16130=ADVANCED_FACE('',(#16129),#16123,.T.);
#16131=CARTESIAN_POINT('',(2.9642E1,-4.245022741658E1,-1.250123017350E0));
#16132=DIRECTION('',(0.E0,8.715574274767E-2,-9.961946980917E-1));
#16133=DIRECTION('',(1.E0,0.E0,0.E0));
#16134=AXIS2_PLACEMENT_3D('',#16131,#16132,#16133);
#16135=CONICAL_SURFACE('',#16134,6.611798772985E-1,1.E1);
#16136=ORIENTED_EDGE('',*,*,#15331,.T.);
#16137=ORIENTED_EDGE('',*,*,#15311,.F.);
#16138=ORIENTED_EDGE('',*,*,#15257,.T.);
#16139=ORIENTED_EDGE('',*,*,#15308,.T.);
#16140=EDGE_LOOP('',(#16136,#16137,#16138,#16139));
#16141=FACE_OUTER_BOUND('',#16140,.F.);
#16142=ADVANCED_FACE('',(#16141),#16135,.T.);
#16143=CARTESIAN_POINT('',(3.014446514480E1,-3.3843E1,0.E0));
#16144=DIRECTION('',(0.E0,-1.E0,0.E0));
#16145=DIRECTION('',(-1.E0,0.E0,0.E0));
#16146=AXIS2_PLACEMENT_3D('',#16143,#16144,#16145);
#16147=PLANE('',#16146);
#16149=ORIENTED_EDGE('',*,*,#16148,.T.);
#16151=ORIENTED_EDGE('',*,*,#16150,.T.);
#16153=ORIENTED_EDGE('',*,*,#16152,.F.);
#16154=ORIENTED_EDGE('',*,*,#7691,.F.);
#16156=ORIENTED_EDGE('',*,*,#16155,.T.);
#16158=ORIENTED_EDGE('',*,*,#16157,.T.);
#16159=EDGE_LOOP('',(#16149,#16151,#16153,#16154,#16156,#16158));
#16160=FACE_OUTER_BOUND('',#16159,.F.);
#16161=ADVANCED_FACE('',(#16160),#16147,.F.);
#16162=CARTESIAN_POINT('',(2.58336E1,-3.73351E1,3.E-2));
#16163=DIRECTION('',(0.E0,0.E0,1.E0));
#16164=DIRECTION('',(1.E0,0.E0,0.E0));
#16165=AXIS2_PLACEMENT_3D('',#16162,#16163,#16164);
#16166=PLANE('',#16165);
#16167=ORIENTED_EDGE('',*,*,#16148,.F.);
#16169=ORIENTED_EDGE('',*,*,#16168,.F.);
#16171=ORIENTED_EDGE('',*,*,#16170,.F.);
#16173=ORIENTED_EDGE('',*,*,#16172,.F.);
#16174=EDGE_LOOP('',(#16167,#16169,#16171,#16173));
#16175=FACE_OUTER_BOUND('',#16174,.F.);
#16176=ADVANCED_FACE('',(#16175),#16166,.F.);
#16177=CARTESIAN_POINT('',(3.00236E1,-3.43501E1,4.717453070997E-1));
#16178=DIRECTION('',(0.E0,0.E0,-1.E0));
#16179=DIRECTION('',(0.E0,1.E0,0.E0));
#16180=AXIS2_PLACEMENT_3D('',#16177,#16178,#16179);
#16181=CONICAL_SURFACE('',#16180,5.061449471078E-1,5.E-1);
#16183=ORIENTED_EDGE('',*,*,#16182,.T.);
#16185=ORIENTED_EDGE('',*,*,#16184,.T.);
#16187=ORIENTED_EDGE('',*,*,#16186,.F.);
#16189=ORIENTED_EDGE('',*,*,#16188,.F.);
#16191=ORIENTED_EDGE('',*,*,#16190,.T.);
#16192=ORIENTED_EDGE('',*,*,#16168,.T.);
#16193=EDGE_LOOP('',(#16183,#16185,#16187,#16189,#16191,#16192));
#16194=FACE_OUTER_BOUND('',#16193,.F.);
#16195=ADVANCED_FACE('',(#16194),#16181,.T.);
#16196=CARTESIAN_POINT('',(2.08806E1,-3.11756E1,3.E-2));
#16197=DIRECTION('',(0.E0,0.E0,-1.E0));
#16198=DIRECTION('',(0.E0,1.E0,0.E0));
#16199=AXIS2_PLACEMENT_3D('',#16196,#16197,#16198);
#16200=PLANE('',#16199);
#16201=ORIENTED_EDGE('',*,*,#16182,.F.);
#16202=ORIENTED_EDGE('',*,*,#16157,.F.);
#16204=ORIENTED_EDGE('',*,*,#16203,.T.);
#16206=ORIENTED_EDGE('',*,*,#16205,.F.);
#16207=EDGE_LOOP('',(#16201,#16202,#16204,#16206));
#16208=FACE_OUTER_BOUND('',#16207,.F.);
#16209=ADVANCED_FACE('',(#16208),#16200,.F.);
#16210=CARTESIAN_POINT('',(3.003592982685E1,-3.433927017315E1,0.E0));
#16211=DIRECTION('',(0.E0,0.E0,-1.E0));
#16212=DIRECTION('',(1.E0,0.E0,0.E0));
#16213=AXIS2_PLACEMENT_3D('',#16210,#16211,#16212);
#16214=CYLINDRICAL_SURFACE('',#16213,5.08E-1);
#16215=ORIENTED_EDGE('',*,*,#7705,.T.);
#16217=ORIENTED_EDGE('',*,*,#16216,.T.);
#16218=ORIENTED_EDGE('',*,*,#16203,.F.);
#16219=ORIENTED_EDGE('',*,*,#16155,.F.);
#16220=EDGE_LOOP('',(#16215,#16217,#16218,#16219));
#16221=FACE_OUTER_BOUND('',#16220,.F.);
#16222=ADVANCED_FACE('',(#16221),#16214,.T.);
#16223=CARTESIAN_POINT('',(3.05322E1,-4.043946514480E1,0.E0));
#16224=DIRECTION('',(-1.E0,0.E0,0.E0));
#16225=DIRECTION('',(0.E0,1.E0,0.E0));
#16226=AXIS2_PLACEMENT_3D('',#16223,#16224,#16225);
#16227=PLANE('',#16226);
#16229=ORIENTED_EDGE('',*,*,#16228,.T.);
#16230=ORIENTED_EDGE('',*,*,#16205,.T.);
#16231=ORIENTED_EDGE('',*,*,#16216,.F.);
#16232=ORIENTED_EDGE('',*,*,#7703,.F.);
#16234=ORIENTED_EDGE('',*,*,#16233,.T.);
#16236=ORIENTED_EDGE('',*,*,#16235,.T.);
#16237=EDGE_LOOP('',(#16229,#16230,#16231,#16232,#16234,#16236));
#16238=FACE_OUTER_BOUND('',#16237,.F.);
#16239=ADVANCED_FACE('',(#16238),#16227,.F.);
#16240=CARTESIAN_POINT('',(2.58336E1,-3.73351E1,3.E-2));
#16241=DIRECTION('',(0.E0,0.E0,1.E0));
#16242=DIRECTION('',(1.E0,0.E0,0.E0));
#16243=AXIS2_PLACEMENT_3D('',#16240,#16241,#16242);
#16244=PLANE('',#16243);
#16245=ORIENTED_EDGE('',*,*,#16228,.F.);
#16247=ORIENTED_EDGE('',*,*,#16246,.F.);
#16249=ORIENTED_EDGE('',*,*,#16248,.F.);
#16250=ORIENTED_EDGE('',*,*,#16184,.F.);
#16251=EDGE_LOOP('',(#16245,#16247,#16249,#16250));
#16252=FACE_OUTER_BOUND('',#16251,.F.);
#16253=ADVANCED_FACE('',(#16252),#16244,.F.);
#16254=CARTESIAN_POINT('',(3.00236E1,-4.03201E1,9.217453070997E-1));
#16255=DIRECTION('',(0.E0,0.E0,-1.E0));
#16256=DIRECTION('',(1.E0,0.E0,0.E0));
#16257=AXIS2_PLACEMENT_3D('',#16254,#16255,#16256);
#16258=CONICAL_SURFACE('',#16257,5.022178566019E-1,5.E-1);
#16260=ORIENTED_EDGE('',*,*,#16259,.T.);
#16262=ORIENTED_EDGE('',*,*,#16261,.T.);
#16264=ORIENTED_EDGE('',*,*,#16263,.F.);
#16266=ORIENTED_EDGE('',*,*,#16265,.T.);
#16268=ORIENTED_EDGE('',*,*,#16267,.T.);
#16269=ORIENTED_EDGE('',*,*,#16246,.T.);
#16270=EDGE_LOOP('',(#16260,#16262,#16264,#16266,#16268,#16269));
#16271=FACE_OUTER_BOUND('',#16270,.F.);
#16272=ADVANCED_FACE('',(#16271),#16258,.T.);
#16273=CARTESIAN_POINT('',(2.08806E1,-3.11756E1,3.E-2));
#16274=DIRECTION('',(0.E0,0.E0,-1.E0));
#16275=DIRECTION('',(0.E0,1.E0,0.E0));
#16276=AXIS2_PLACEMENT_3D('',#16273,#16274,#16275);
#16277=PLANE('',#16276);
#16278=ORIENTED_EDGE('',*,*,#16259,.F.);
#16279=ORIENTED_EDGE('',*,*,#16235,.F.);
#16281=ORIENTED_EDGE('',*,*,#16280,.T.);
#16283=ORIENTED_EDGE('',*,*,#16282,.F.);
#16284=EDGE_LOOP('',(#16278,#16279,#16281,#16283));
#16285=FACE_OUTER_BOUND('',#16284,.F.);
#16286=ADVANCED_FACE('',(#16285),#16277,.F.);
#16287=CARTESIAN_POINT('',(3.003592982685E1,-4.033092982685E1,0.E0));
#16288=DIRECTION('',(0.E0,0.E0,-1.E0));
#16289=DIRECTION('',(1.E0,0.E0,0.E0));
#16290=AXIS2_PLACEMENT_3D('',#16287,#16288,#16289);
#16291=CYLINDRICAL_SURFACE('',#16290,5.08E-1);
#16292=ORIENTED_EDGE('',*,*,#7701,.T.);
#16294=ORIENTED_EDGE('',*,*,#16293,.T.);
#16295=ORIENTED_EDGE('',*,*,#16280,.F.);
#16296=ORIENTED_EDGE('',*,*,#16233,.F.);
#16297=EDGE_LOOP('',(#16292,#16294,#16295,#16296));
#16298=FACE_OUTER_BOUND('',#16297,.F.);
#16299=ADVANCED_FACE('',(#16298),#16291,.T.);
#16300=CARTESIAN_POINT('',(2.152273485520E1,-4.08272E1,0.E0));
#16301=DIRECTION('',(0.E0,1.E0,0.E0));
#16302=DIRECTION('',(1.E0,0.E0,0.E0));
#16303=AXIS2_PLACEMENT_3D('',#16300,#16301,#16302);
#16304=PLANE('',#16303);
#16306=ORIENTED_EDGE('',*,*,#16305,.T.);
#16307=ORIENTED_EDGE('',*,*,#16282,.T.);
#16308=ORIENTED_EDGE('',*,*,#16293,.F.);
#16309=ORIENTED_EDGE('',*,*,#7699,.F.);
#16311=ORIENTED_EDGE('',*,*,#16310,.T.);
#16313=ORIENTED_EDGE('',*,*,#16312,.T.);
#16314=EDGE_LOOP('',(#16306,#16307,#16308,#16309,#16311,#16313));
#16315=FACE_OUTER_BOUND('',#16314,.F.);
#16316=ADVANCED_FACE('',(#16315),#16304,.F.);
#16317=CARTESIAN_POINT('',(2.58336E1,-3.73351E1,3.E-2));
#16318=DIRECTION('',(0.E0,0.E0,1.E0));
#16319=DIRECTION('',(1.E0,0.E0,0.E0));
#16320=AXIS2_PLACEMENT_3D('',#16317,#16318,#16319);
#16321=PLANE('',#16320);
#16322=ORIENTED_EDGE('',*,*,#16305,.F.);
#16324=ORIENTED_EDGE('',*,*,#16323,.F.);
#16326=ORIENTED_EDGE('',*,*,#16325,.F.);
#16327=ORIENTED_EDGE('',*,*,#16261,.F.);
#16328=EDGE_LOOP('',(#16322,#16324,#16326,#16327));
#16329=FACE_OUTER_BOUND('',#16328,.F.);
#16330=ADVANCED_FACE('',(#16329),#16321,.F.);
#16331=CARTESIAN_POINT('',(2.16436E1,-4.03201E1,9.217453070997E-1));
#16332=DIRECTION('',(0.E0,0.E0,-1.E0));
#16333=DIRECTION('',(0.E0,-1.E0,0.E0));
#16334=AXIS2_PLACEMENT_3D('',#16331,#16332,#16333);
#16335=CONICAL_SURFACE('',#16334,5.022178566019E-1,5.E-1);
#16337=ORIENTED_EDGE('',*,*,#16336,.T.);
#16339=ORIENTED_EDGE('',*,*,#16338,.T.);
#16341=ORIENTED_EDGE('',*,*,#16340,.F.);
#16343=ORIENTED_EDGE('',*,*,#16342,.T.);
#16345=ORIENTED_EDGE('',*,*,#16344,.T.);
#16346=ORIENTED_EDGE('',*,*,#16323,.T.);
#16347=EDGE_LOOP('',(#16337,#16339,#16341,#16343,#16345,#16346));
#16348=FACE_OUTER_BOUND('',#16347,.F.);
#16349=ADVANCED_FACE('',(#16348),#16335,.T.);
#16350=CARTESIAN_POINT('',(2.08806E1,-3.11756E1,3.E-2));
#16351=DIRECTION('',(0.E0,0.E0,-1.E0));
#16352=DIRECTION('',(0.E0,1.E0,0.E0));
#16353=AXIS2_PLACEMENT_3D('',#16350,#16351,#16352);
#16354=PLANE('',#16353);
#16355=ORIENTED_EDGE('',*,*,#16336,.F.);
#16356=ORIENTED_EDGE('',*,*,#16312,.F.);
#16358=ORIENTED_EDGE('',*,*,#16357,.T.);
#16360=ORIENTED_EDGE('',*,*,#16359,.F.);
#16361=EDGE_LOOP('',(#16355,#16356,#16358,#16360));
#16362=FACE_OUTER_BOUND('',#16361,.F.);
#16363=ADVANCED_FACE('',(#16362),#16354,.F.);
#16364=CARTESIAN_POINT('',(2.163127017315E1,-4.033092982685E1,0.E0));
#16365=DIRECTION('',(0.E0,0.E0,-1.E0));
#16366=DIRECTION('',(1.E0,0.E0,0.E0));
#16367=AXIS2_PLACEMENT_3D('',#16364,#16365,#16366);
#16368=CYLINDRICAL_SURFACE('',#16367,5.08E-1);
#16369=ORIENTED_EDGE('',*,*,#7697,.T.);
#16371=ORIENTED_EDGE('',*,*,#16370,.T.);
#16372=ORIENTED_EDGE('',*,*,#16357,.F.);
#16373=ORIENTED_EDGE('',*,*,#16310,.F.);
#16374=EDGE_LOOP('',(#16369,#16371,#16372,#16373));
#16375=FACE_OUTER_BOUND('',#16374,.F.);
#16376=ADVANCED_FACE('',(#16375),#16368,.T.);
#16377=CARTESIAN_POINT('',(2.1135E1,-3.423073485520E1,0.E0));
#16378=DIRECTION('',(1.E0,0.E0,0.E0));
#16379=DIRECTION('',(0.E0,-1.E0,0.E0));
#16380=AXIS2_PLACEMENT_3D('',#16377,#16378,#16379);
#16381=PLANE('',#16380);
#16383=ORIENTED_EDGE('',*,*,#16382,.T.);
#16384=ORIENTED_EDGE('',*,*,#16359,.T.);
#16385=ORIENTED_EDGE('',*,*,#16370,.F.);
#16386=ORIENTED_EDGE('',*,*,#7695,.F.);
#16388=ORIENTED_EDGE('',*,*,#16387,.T.);
#16390=ORIENTED_EDGE('',*,*,#16389,.T.);
#16391=EDGE_LOOP('',(#16383,#16384,#16385,#16386,#16388,#16390));
#16392=FACE_OUTER_BOUND('',#16391,.F.);
#16393=ADVANCED_FACE('',(#16392),#16381,.F.);
#16394=CARTESIAN_POINT('',(2.58336E1,-3.73351E1,3.E-2));
#16395=DIRECTION('',(0.E0,0.E0,1.E0));
#16396=DIRECTION('',(1.E0,0.E0,0.E0));
#16397=AXIS2_PLACEMENT_3D('',#16394,#16395,#16396);
#16398=PLANE('',#16397);
#16399=ORIENTED_EDGE('',*,*,#16382,.F.);
#16401=ORIENTED_EDGE('',*,*,#16400,.F.);
#16403=ORIENTED_EDGE('',*,*,#16402,.F.);
#16404=ORIENTED_EDGE('',*,*,#16338,.F.);
#16405=EDGE_LOOP('',(#16399,#16401,#16403,#16404));
#16406=FACE_OUTER_BOUND('',#16405,.F.);
#16407=ADVANCED_FACE('',(#16406),#16398,.F.);
#16408=CARTESIAN_POINT('',(2.16436E1,-3.43501E1,4.717453070997E-1));
#16409=DIRECTION('',(0.E0,0.E0,-1.E0));
#16410=DIRECTION('',(-1.E0,0.E0,0.E0));
#16411=AXIS2_PLACEMENT_3D('',#16408,#16409,#16410);
#16412=CONICAL_SURFACE('',#16411,5.061449471078E-1,5.E-1);
#16414=ORIENTED_EDGE('',*,*,#16413,.T.);
#16415=ORIENTED_EDGE('',*,*,#16172,.T.);
#16417=ORIENTED_EDGE('',*,*,#16416,.F.);
#16419=ORIENTED_EDGE('',*,*,#16418,.F.);
#16421=ORIENTED_EDGE('',*,*,#16420,.T.);
#16422=ORIENTED_EDGE('',*,*,#16400,.T.);
#16423=EDGE_LOOP('',(#16414,#16415,#16417,#16419,#16421,#16422));
#16424=FACE_OUTER_BOUND('',#16423,.F.);
#16425=ADVANCED_FACE('',(#16424),#16412,.T.);
#16426=CARTESIAN_POINT('',(2.08806E1,-3.11756E1,3.E-2));
#16427=DIRECTION('',(0.E0,0.E0,-1.E0));
#16428=DIRECTION('',(0.E0,1.E0,0.E0));
#16429=AXIS2_PLACEMENT_3D('',#16426,#16427,#16428);
#16430=PLANE('',#16429);
#16431=ORIENTED_EDGE('',*,*,#16413,.F.);
#16432=ORIENTED_EDGE('',*,*,#16389,.F.);
#16434=ORIENTED_EDGE('',*,*,#16433,.T.);
#16435=ORIENTED_EDGE('',*,*,#16150,.F.);
#16436=EDGE_LOOP('',(#16431,#16432,#16434,#16435));
#16437=FACE_OUTER_BOUND('',#16436,.F.);
#16438=ADVANCED_FACE('',(#16437),#16430,.F.);
#16439=CARTESIAN_POINT('',(2.163127017315E1,-3.433927017315E1,0.E0));
#16440=DIRECTION('',(0.E0,0.E0,-1.E0));
#16441=DIRECTION('',(1.E0,0.E0,0.E0));
#16442=AXIS2_PLACEMENT_3D('',#16439,#16440,#16441);
#16443=CYLINDRICAL_SURFACE('',#16442,5.08E-1);
#16444=ORIENTED_EDGE('',*,*,#7693,.T.);
#16445=ORIENTED_EDGE('',*,*,#16152,.T.);
#16446=ORIENTED_EDGE('',*,*,#16433,.F.);
#16447=ORIENTED_EDGE('',*,*,#16387,.F.);
#16448=EDGE_LOOP('',(#16444,#16445,#16446,#16447));
#16449=FACE_OUTER_BOUND('',#16448,.F.);
#16450=ADVANCED_FACE('',(#16449),#16443,.T.);
#16451=CARTESIAN_POINT('',(3.168822609813E1,-3.38401E1,3.E-2));
#16452=DIRECTION('',(0.E0,9.999619230642E-1,8.726535498374E-3));
#16453=DIRECTION('',(1.E0,0.E0,0.E0));
#16454=AXIS2_PLACEMENT_3D('',#16451,#16452,#16453);
#16455=PLANE('',#16454);
#16457=ORIENTED_EDGE('',*,*,#16456,.T.);
#16459=ORIENTED_EDGE('',*,*,#16458,.F.);
#16461=ORIENTED_EDGE('',*,*,#16460,.F.);
#16463=ORIENTED_EDGE('',*,*,#16462,.F.);
#16464=ORIENTED_EDGE('',*,*,#16416,.T.);
#16465=ORIENTED_EDGE('',*,*,#16170,.T.);
#16466=ORIENTED_EDGE('',*,*,#16190,.F.);
#16468=ORIENTED_EDGE('',*,*,#16467,.F.);
#16470=ORIENTED_EDGE('',*,*,#16469,.F.);
#16472=ORIENTED_EDGE('',*,*,#16471,.F.);
#16473=EDGE_LOOP('',(#16457,#16459,#16461,#16463,#16464,#16465,#16466,#16468,
#16470,#16472));
#16474=FACE_OUTER_BOUND('',#16473,.F.);
#16475=ADVANCED_FACE('',(#16474),#16455,.T.);
#16476=CARTESIAN_POINT('',(3.005174546278E1,-3.425564905602E1,1.81E0));
#16477=DIRECTION('',(-1.E0,0.E0,0.E0));
#16478=DIRECTION('',(0.E0,0.E0,1.E0));
#16479=AXIS2_PLACEMENT_3D('',#16476,#16477,#16478);
#16480=CYLINDRICAL_SURFACE('',#16479,4.E-1);
#16482=ORIENTED_EDGE('',*,*,#16481,.T.);
#16484=ORIENTED_EDGE('',*,*,#16483,.F.);
#16485=ORIENTED_EDGE('',*,*,#16456,.F.);
#16487=ORIENTED_EDGE('',*,*,#16486,.F.);
#16488=EDGE_LOOP('',(#16482,#16484,#16485,#16487));
#16489=FACE_OUTER_BOUND('',#16488,.F.);
#16490=ADVANCED_FACE('',(#16489),#16480,.T.);
#16491=CARTESIAN_POINT('',(2.58336E1,-3.73351E1,2.21E0));
#16492=DIRECTION('',(0.E0,0.E0,1.E0));
#16493=DIRECTION('',(1.E0,0.E0,0.E0));
#16494=AXIS2_PLACEMENT_3D('',#16491,#16492,#16493);
#16495=PLANE('',#16494);
#16497=ORIENTED_EDGE('',*,*,#16496,.F.);
#16499=ORIENTED_EDGE('',*,*,#16498,.F.);
#16500=ORIENTED_EDGE('',*,*,#16481,.F.);
#16502=ORIENTED_EDGE('',*,*,#16501,.F.);
#16504=ORIENTED_EDGE('',*,*,#16503,.F.);
#16506=ORIENTED_EDGE('',*,*,#16505,.F.);
#16508=ORIENTED_EDGE('',*,*,#16507,.F.);
#16510=ORIENTED_EDGE('',*,*,#16509,.F.);
#16511=EDGE_LOOP('',(#16497,#16499,#16500,#16502,#16504,#16506,#16508,#16510));
#16512=FACE_OUTER_BOUND('',#16511,.F.);
#16514=ORIENTED_EDGE('',*,*,#16513,.T.);
#16516=ORIENTED_EDGE('',*,*,#16515,.T.);
#16517=EDGE_LOOP('',(#16514,#16516));
#16518=FACE_BOUND('',#16517,.F.);
#16520=ORIENTED_EDGE('',*,*,#16519,.T.);
#16522=ORIENTED_EDGE('',*,*,#16521,.T.);
#16523=EDGE_LOOP('',(#16520,#16522));
#16524=FACE_BOUND('',#16523,.F.);
#16525=ADVANCED_FACE('',(#16512,#16518,#16524),#16495,.T.);
#16526=CARTESIAN_POINT('',(2.154914905602E1,-3.432195453722E1,1.81E0));
#16527=DIRECTION('',(0.E0,-1.E0,0.E0));
#16528=DIRECTION('',(0.E0,0.E0,1.E0));
#16529=AXIS2_PLACEMENT_3D('',#16526,#16527,#16528);
#16530=CYLINDRICAL_SURFACE('',#16529,4.E-1);
#16531=ORIENTED_EDGE('',*,*,#16496,.T.);
#16533=ORIENTED_EDGE('',*,*,#16532,.T.);
#16535=ORIENTED_EDGE('',*,*,#16534,.F.);
#16537=ORIENTED_EDGE('',*,*,#16536,.F.);
#16538=EDGE_LOOP('',(#16531,#16533,#16535,#16537));
#16539=FACE_OUTER_BOUND('',#16538,.F.);
#16540=ADVANCED_FACE('',(#16539),#16530,.T.);
#16541=CARTESIAN_POINT('',(2.165581128978E1,-4.039913831107E1,
2.209738011379E0));
#16542=CARTESIAN_POINT('',(2.169339625840E1,-4.064240929185E1,
2.218651594052E0));
#16543=CARTESIAN_POINT('',(2.172010604761E1,-4.081529001667E1,
2.045239673881E0));
#16544=CARTESIAN_POINT('',(2.171907309946E1,-4.080860419735E1,
1.799013995389E0));
#16545=CARTESIAN_POINT('',(2.159735534810E1,-4.040816965844E1,
2.209738011379E0));
#16546=CARTESIAN_POINT('',(2.145501954068E1,-4.067923810483E1,
2.218651594052E0));
#16547=CARTESIAN_POINT('',(2.135386848076E1,-4.087187312170E1,
2.045239673881E0));
#16548=CARTESIAN_POINT('',(2.135778029748E1,-4.086442334430E1,
1.799013995389E0));
#16549=CARTESIAN_POINT('',(2.155553034152E1,-4.036634465184E1,
2.209738011379E0));
#16550=CARTESIAN_POINT('',(2.128446189504E1,-4.050868045907E1,
2.218651594052E0));
#16551=CARTESIAN_POINT('',(2.109182687810E1,-4.060983151886E1,
2.045239673881E0));
#16552=CARTESIAN_POINT('',(2.109927665550E1,-4.060591970214E1,
1.799013995389E0));
#16553=CARTESIAN_POINT('',(2.156456168894E1,-4.030788871017E1,
2.209738011379E0));
#16554=CARTESIAN_POINT('',(2.132129070819E1,-4.027030374138E1,
2.218651594052E0));
#16555=CARTESIAN_POINT('',(2.114840998339E1,-4.024359395205E1,
2.045239673881E0));
#16556=CARTESIAN_POINT('',(2.115509580270E1,-4.024462690020E1,
1.799013995389E0));
#16557=(BOUNDED_SURFACE()B_SPLINE_SURFACE(3,3,((#16541,#16542,#16543,#16544),(
#16545,#16546,#16547,#16548),(#16549,#16550,#16551,#16552),(#16553,#16554,
#16555,#16556)),.UNSPECIFIED.,.F.,.F.,.F.)B_SPLINE_SURFACE_WITH_KNOTS((4,4),(4,
4),(0.E0,1.E0),(0.E0,1.E0),.UNSPECIFIED.)GEOMETRIC_REPRESENTATION_ITEM()RATIONAL_B_SPLINE_SURFACE(((1.492883194435E0,1.178625207193E0,1.178625207193E0,
1.492883194435E0),(1.085674231284E0,8.571353877926E-1,8.571353877926E-1,
1.085674231284E0),(1.085674231284E0,8.571353877926E-1,8.571353877926E-1,
1.085674231284E0),(1.492883194435E0,1.178625207193E0,1.178625207193E0,
1.492883194435E0)))REPRESENTATION_ITEM('')SURFACE());
#16558=ORIENTED_EDGE('',*,*,#16509,.T.);
#16560=ORIENTED_EDGE('',*,*,#16559,.T.);
#16561=ORIENTED_EDGE('',*,*,#16342,.F.);
#16562=ORIENTED_EDGE('',*,*,#16532,.F.);
#16563=EDGE_LOOP('',(#16558,#16560,#16561,#16562));
#16564=FACE_OUTER_BOUND('',#16563,.F.);
#16565=ADVANCED_FACE('',(#16564),#16557,.T.);
#16566=CARTESIAN_POINT('',(2.161545453722E1,-4.041455094398E1,1.81E0));
#16567=DIRECTION('',(1.E0,0.E0,0.E0));
#16568=DIRECTION('',(0.E0,0.E0,1.E0));
#16569=AXIS2_PLACEMENT_3D('',#16566,#16567,#16568);
#16570=CYLINDRICAL_SURFACE('',#16569,4.E-1);
#16571=ORIENTED_EDGE('',*,*,#16507,.T.);
#16573=ORIENTED_EDGE('',*,*,#16572,.T.);
#16575=ORIENTED_EDGE('',*,*,#16574,.F.);
#16576=ORIENTED_EDGE('',*,*,#16559,.F.);
#16577=EDGE_LOOP('',(#16571,#16573,#16575,#16576));
#16578=FACE_OUTER_BOUND('',#16577,.F.);
#16579=ADVANCED_FACE('',(#16578),#16570,.T.);
#16580=CARTESIAN_POINT('',(3.010263831107E1,-4.030788871022E1,
2.209738011379E0));
#16581=CARTESIAN_POINT('',(3.034590929185E1,-4.027030374160E1,
2.218651594052E0));
#16582=CARTESIAN_POINT('',(3.051879001667E1,-4.024359395239E1,
2.045239673881E0));
#16583=CARTESIAN_POINT('',(3.051210419735E1,-4.024462690054E1,
1.799013995389E0));
#16584=CARTESIAN_POINT('',(3.011166965844E1,-4.036634465190E1,
2.209738011379E0));
#16585=CARTESIAN_POINT('',(3.038273810483E1,-4.050868045932E1,
2.218651594052E0));
#16586=CARTESIAN_POINT('',(3.057537312170E1,-4.060983151924E1,
2.045239673881E0));
#16587=CARTESIAN_POINT('',(3.056792334430E1,-4.060591970252E1,
1.799013995389E0));
#16588=CARTESIAN_POINT('',(3.006984465184E1,-4.040816965848E1,
2.209738011379E0));
#16589=CARTESIAN_POINT('',(3.021218045907E1,-4.067923810496E1,
2.218651594052E0));
#16590=CARTESIAN_POINT('',(3.031333151886E1,-4.087187312190E1,
2.045239673881E0));
#16591=CARTESIAN_POINT('',(3.030941970214E1,-4.086442334450E1,
1.799013995389E0));
#16592=CARTESIAN_POINT('',(3.001138871017E1,-4.039913831106E1,
2.209738011379E0));
#16593=CARTESIAN_POINT('',(2.997380374138E1,-4.064240929181E1,
2.218651594052E0));
#16594=CARTESIAN_POINT('',(2.994709395205E1,-4.081529001661E1,
2.045239673881E0));
#16595=CARTESIAN_POINT('',(2.994812690020E1,-4.080860419730E1,
1.799013995389E0));
#16596=(BOUNDED_SURFACE()B_SPLINE_SURFACE(3,3,((#16580,#16581,#16582,#16583),(
#16584,#16585,#16586,#16587),(#16588,#16589,#16590,#16591),(#16592,#16593,
#16594,#16595)),.UNSPECIFIED.,.F.,.F.,.F.)B_SPLINE_SURFACE_WITH_KNOTS((4,4),(4,
4),(0.E0,1.E0),(0.E0,1.E0),.UNSPECIFIED.)GEOMETRIC_REPRESENTATION_ITEM()RATIONAL_B_SPLINE_SURFACE(((1.492883194435E0,1.178625207193E0,1.178625207193E0,
1.492883194435E0),(1.085674231284E0,8.571353877926E-1,8.571353877926E-1,
1.085674231284E0),(1.085674231284E0,8.571353877926E-1,8.571353877926E-1,
1.085674231284E0),(1.492883194435E0,1.178625207193E0,1.178625207193E0,
1.492883194435E0)))REPRESENTATION_ITEM('')SURFACE());
#16597=ORIENTED_EDGE('',*,*,#16505,.T.);
#16599=ORIENTED_EDGE('',*,*,#16598,.T.);
#16600=ORIENTED_EDGE('',*,*,#16265,.F.);
#16601=ORIENTED_EDGE('',*,*,#16572,.F.);
#16602=EDGE_LOOP('',(#16597,#16599,#16600,#16601));
#16603=FACE_OUTER_BOUND('',#16602,.F.);
#16604=ADVANCED_FACE('',(#16603),#16596,.T.);
#16605=CARTESIAN_POINT('',(3.011805094398E1,-4.034824546278E1,1.81E0));
#16606=DIRECTION('',(0.E0,1.E0,0.E0));
#16607=DIRECTION('',(0.E0,0.E0,1.E0));
#16608=AXIS2_PLACEMENT_3D('',#16605,#16606,#16607);
#16609=CYLINDRICAL_SURFACE('',#16608,4.E-1);
#16610=ORIENTED_EDGE('',*,*,#16503,.T.);
#16612=ORIENTED_EDGE('',*,*,#16611,.F.);
#16614=ORIENTED_EDGE('',*,*,#16613,.F.);
#16615=ORIENTED_EDGE('',*,*,#16598,.F.);
#16616=EDGE_LOOP('',(#16610,#16612,#16614,#16615));
#16617=FACE_OUTER_BOUND('',#16616,.F.);
#16618=ADVANCED_FACE('',(#16617),#16609,.T.);
#16619=CARTESIAN_POINT('',(3.011805094398E1,-3.587431042708E1,1.81E0));
#16620=DIRECTION('',(5.975472023961E-1,3.780705501737E-1,-7.071067811865E-1));
#16621=DIRECTION('',(5.975472023961E-1,3.780705501737E-1,7.071067811865E-1));
#16622=AXIS2_PLACEMENT_3D('',#16619,#16620,#16621);
#16623=SPHERICAL_SURFACE('',#16622,4.E-1);
#16624=ORIENTED_EDGE('',*,*,#16611,.T.);
#16626=ORIENTED_EDGE('',*,*,#16625,.T.);
#16628=ORIENTED_EDGE('',*,*,#16627,.T.);
#16629=EDGE_LOOP('',(#16624,#16626,#16628));
#16630=FACE_OUTER_BOUND('',#16629,.F.);
#16631=ADVANCED_FACE('',(#16630),#16623,.T.);
#16632=CARTESIAN_POINT('',(2.58336E1,-3.85851E1,1.81E0));
#16633=DIRECTION('',(0.E0,0.E0,1.E0));
#16634=DIRECTION('',(9.287458754658E-1,3.707170063610E-1,0.E0));
#16635=AXIS2_PLACEMENT_3D('',#16632,#16633,#16634);
#16636=TOROIDAL_SURFACE('',#16635,5.07E0,4.E-1);
#16638=ORIENTED_EDGE('',*,*,#16637,.F.);
#16639=ORIENTED_EDGE('',*,*,#16625,.F.);
#16640=ORIENTED_EDGE('',*,*,#16501,.T.);
#16642=ORIENTED_EDGE('',*,*,#16641,.F.);
#16643=EDGE_LOOP('',(#16638,#16639,#16640,#16642));
#16644=FACE_OUTER_BOUND('',#16643,.F.);
#16645=ADVANCED_FACE('',(#16644),#16636,.T.);
#16646=CARTESIAN_POINT('',(2.58336E1,-3.85851E1,2.21E0));
#16647=DIRECTION('',(0.E0,0.E0,1.E0));
#16648=DIRECTION('',(1.E0,0.E0,0.E0));
#16649=AXIS2_PLACEMENT_3D('',#16646,#16647,#16648);
#16650=CYLINDRICAL_SURFACE('',#16649,5.47E0);
#16651=ORIENTED_EDGE('',*,*,#16637,.T.);
#16653=ORIENTED_EDGE('',*,*,#16652,.T.);
#16655=ORIENTED_EDGE('',*,*,#16654,.F.);
#16657=ORIENTED_EDGE('',*,*,#16656,.T.);
#16658=EDGE_LOOP('',(#16651,#16653,#16655,#16657));
#16659=FACE_OUTER_BOUND('',#16658,.F.);
#16660=ADVANCED_FACE('',(#16659),#16650,.T.);
#16661=CARTESIAN_POINT('',(2.845765808325E1,-3.385605440414E1,
1.828171567897E0));
#16662=CARTESIAN_POINT('',(2.845708174818E1,-3.385570315345E1,
1.787922226363E0));
#16663=CARTESIAN_POINT('',(2.845527218500E1,-3.385460080023E1,
1.661605058069E0));
#16664=CARTESIAN_POINT('',(2.845346006664E1,-3.385349844734E1,
1.535287928994E0));
#16665=CARTESIAN_POINT('',(2.845222416517E1,-3.385274734515E1,
1.449220143312E0));
#16666=CARTESIAN_POINT('',(2.854157809775E1,-3.385300490096E1,
1.826996519922E0));
#16667=CARTESIAN_POINT('',(2.854100175753E1,-3.385265364713E1,
1.786746818516E0));
#16668=CARTESIAN_POINT('',(2.853919217815E1,-3.385155128404E1,
1.660428519699E0));
#16669=CARTESIAN_POINT('',(2.853738004352E1,-3.385044892126E1,
1.534110256608E0));
#16670=CARTESIAN_POINT('',(2.853614413093E1,-3.384969781231E1,
1.448041696614E0));
#16671=CARTESIAN_POINT('',(2.862242782345E1,-3.387569262895E1,
1.825640830361E0));
#16672=CARTESIAN_POINT('',(2.862185147826E1,-3.387534137210E1,
1.785390782248E0));
#16673=CARTESIAN_POINT('',(2.862004188327E1,-3.387423899950E1,
1.659071394271E0));
#16674=CARTESIAN_POINT('',(2.861822973297E1,-3.387313662719E1,
1.532752038652E0));
#16675=CARTESIAN_POINT('',(2.861699380968E1,-3.387238551173E1,
1.446682732675E0));
#16676=CARTESIAN_POINT('',(2.869250583792E1,-3.392195644563E1,
1.824233636795E0));
#16677=CARTESIAN_POINT('',(2.869192948843E1,-3.392160518616E1,
1.783983288167E0));
#16678=CARTESIAN_POINT('',(2.869011987992E1,-3.392050280532E1,
1.657662956140E0));
#16679=CARTESIAN_POINT('',(2.868830771604E1,-3.391940042474E1,
1.531342653552E0));
#16680=CARTESIAN_POINT('',(2.868707178346E1,-3.391864930365E1,
1.445272700981E0));
#16681=(BOUNDED_SURFACE()B_SPLINE_SURFACE(3,3,((#16661,#16662,#16663,#16664,
#16665),(#16666,#16667,#16668,#16669,#16670),(#16671,#16672,#16673,#16674,
#16675),(#16676,#16677,#16678,#16679,#16680)),.UNSPECIFIED.,.F.,.F.,.F.)B_SPLINE_SURFACE_WITH_KNOTS((4,4),(4,1,4),(0.E0,1.E0),(5.126152546026E-1,
6.667945527906E-1,9.964863823209E-1),.UNSPECIFIED.)GEOMETRIC_REPRESENTATION_ITEM()RATIONAL_B_SPLINE_SURFACE(((1.024394944199E0,1.024394944199E0,1.024394944199E0,
1.024394944199E0,1.024394944199E0),(9.918683519338E-1,9.918683519338E-1,
9.918683519338E-1,9.918683519338E-1,9.918683519338E-1),(9.918683519338E-1,
9.918683519338E-1,9.918683519338E-1,9.918683519338E-1,9.918683519338E-1),(
1.024394944199E0,1.024394944199E0,1.024394944199E0,1.024394944199E0,
1.024394944199E0)))REPRESENTATION_ITEM('')SURFACE());
#16683=ORIENTED_EDGE('',*,*,#16682,.F.);
#16684=ORIENTED_EDGE('',*,*,#16471,.T.);
#16686=ORIENTED_EDGE('',*,*,#16685,.T.);
#16687=ORIENTED_EDGE('',*,*,#16652,.F.);
#16688=EDGE_LOOP('',(#16683,#16684,#16686,#16687));
#16689=FACE_OUTER_BOUND('',#16688,.F.);
#16690=ADVANCED_FACE('',(#16689),#16681,.T.);
#16691=CARTESIAN_POINT('',(2.847192418851E1,-3.425564905602E1,1.81E0));
#16692=DIRECTION('',(9.626843948807E-1,-2.701446534488E-1,-1.614379342840E-2));
#16693=DIRECTION('',(2.702475387232E-1,9.627802082533E-1,4.531932233327E-3));
#16694=AXIS2_PLACEMENT_3D('',#16691,#16692,#16693);
#16695=SPHERICAL_SURFACE('',#16694,4.E-1);
#16696=ORIENTED_EDGE('',*,*,#16682,.T.);
#16697=ORIENTED_EDGE('',*,*,#16641,.T.);
#16698=ORIENTED_EDGE('',*,*,#16486,.T.);
#16699=EDGE_LOOP('',(#16696,#16697,#16698));
#16700=FACE_OUTER_BOUND('',#16699,.F.);
#16701=ADVANCED_FACE('',(#16700),#16695,.T.);
#16702=CARTESIAN_POINT('',(2.812315202294E1,-3.405389777688E1,
1.520562527937E0));
#16703=CARTESIAN_POINT('',(2.812260282260E1,-3.405399054735E1,
1.515845159776E0));
#16704=CARTESIAN_POINT('',(2.811880355293E1,-3.405460409976E1,
1.479063456780E0));
#16705=CARTESIAN_POINT('',(2.811870952725E1,-3.405408692838E1,
1.406914711996E0));
#16706=CARTESIAN_POINT('',(2.813753742566E1,-3.404891660656E1,
1.305153201317E0));
#16707=CARTESIAN_POINT('',(2.817575596436E1,-3.403913071672E1,
1.207188138189E0));
#16708=CARTESIAN_POINT('',(2.823076689998E1,-3.402526840345E1,
1.118797982823E0));
#16709=CARTESIAN_POINT('',(2.829822355591E1,-3.400844714874E1,
1.043051971164E0));
#16710=CARTESIAN_POINT('',(2.837507750099E1,-3.398967681783E1,
9.798275062020E-1));
#16711=CARTESIAN_POINT('',(2.845982709672E1,-3.396974969704E1,
9.279826478374E-1));
#16712=CARTESIAN_POINT('',(2.855192075479E1,-3.394932559436E1,
8.864813451847E-1));
#16713=CARTESIAN_POINT('',(2.865124629139E1,-3.392901760156E1,
8.547412297409E-1));
#16714=CARTESIAN_POINT('',(2.875804843988E1,-3.390939966075E1,
8.325928397064E-1));
#16715=CARTESIAN_POINT('',(2.887282430553E1,-3.389104933138E1,
8.203512980043E-1));
#16716=CARTESIAN_POINT('',(2.899623916654E1,-3.387461760604E1,
8.189303985798E-1));
#16717=CARTESIAN_POINT('',(2.912876553866E1,-3.386093856119E1,
8.299548671213E-1));
#16718=CARTESIAN_POINT('',(2.927065121199E1,-3.385109381137E1,
8.559135736790E-1));
#16719=CARTESIAN_POINT('',(2.937078665263E1,-3.384810542326E1,
8.855163451184E-1));
#16720=CARTESIAN_POINT('',(2.942414428676E1,-3.384782275758E1,
9.050316212070E-1));
#16721=CARTESIAN_POINT('',(2.942935148797E1,-3.384780805042E1,
9.069734441915E-1));
#16722=CARTESIAN_POINT('',(2.824522605312E1,-3.384020059670E1,
1.510246919170E0));
#16723=CARTESIAN_POINT('',(2.824468542561E1,-3.384025378974E1,
1.506449076425E0));
#16724=CARTESIAN_POINT('',(2.824094144410E1,-3.384059929852E1,
1.476820911789E0));
#16725=CARTESIAN_POINT('',(2.824078472430E1,-3.384016439878E1,
1.418505954446E0));
#16726=CARTESIAN_POINT('',(2.825908156104E1,-3.383667712257E1,
1.336719614247E0));
#16727=CARTESIAN_POINT('',(2.829621198284E1,-3.383035885910E1,
1.259479393824E0));
#16728=CARTESIAN_POINT('',(2.834943832461E1,-3.382186822778E1,
1.192164319148E0));
#16729=CARTESIAN_POINT('',(2.841429951965E1,-3.381228590718E1,
1.137341224560E0));
#16730=CARTESIAN_POINT('',(2.848762418138E1,-3.380260387702E1,
1.094667556231E0));
#16731=CARTESIAN_POINT('',(2.856776048312E1,-3.379365543223E1,
1.062901499216E0));
#16732=CARTESIAN_POINT('',(2.865397575835E1,-3.378617910982E1,
1.040897434295E0));
#16733=CARTESIAN_POINT('',(2.874594405456E1,-3.378088174435E1,
1.027896204268E0));
#16734=CARTESIAN_POINT('',(2.884364536700E1,-3.377846469735E1,
1.023505095491E0));
#16735=CARTESIAN_POINT('',(2.894723984142E1,-3.377968099210E1,
1.027741971049E0));
#16736=CARTESIAN_POINT('',(2.905695206973E1,-3.378542138330E1,
1.041091366737E0));
#16737=CARTESIAN_POINT('',(2.917270797155E1,-3.379678681417E1,
1.064508308753E0));
#16738=CARTESIAN_POINT('',(2.929405614078E1,-3.381518278980E1,
1.099468566244E0));
#16739=CARTESIAN_POINT('',(2.937746599741E1,-3.383331193834E1,
1.131730143531E0));
#16740=CARTESIAN_POINT('',(2.942112517446E1,-3.384470623523E1,
1.151320992395E0));
#16741=CARTESIAN_POINT('',(2.942537800572E1,-3.384583539220E1,
1.153256661318E0));
#16742=CARTESIAN_POINT('',(2.848375302918E1,-3.378330870123E1,
1.486944298834E0));
#16743=CARTESIAN_POINT('',(2.848336844313E1,-3.378328472864E1,
1.484928880653E0));
#16744=CARTESIAN_POINT('',(2.848070291702E1,-3.378310575186E1,
1.469202952948E0));
#16745=CARTESIAN_POINT('',(2.848054033441E1,-3.378283250277E1,
1.438213585160E0));
#16746=CARTESIAN_POINT('',(2.849335129550E1,-3.378263585183E1,
1.394837838779E0));
#16747=CARTESIAN_POINT('',(2.851968878950E1,-3.378289628980E1,
1.354154189576E0));
#16748=CARTESIAN_POINT('',(2.855810611191E1,-3.378411625446E1,
1.319153579502E0));
#16749=CARTESIAN_POINT('',(2.860589291584E1,-3.378685407079E1,
1.291216153990E0));
#16750=CARTESIAN_POINT('',(2.866107550973E1,-3.379163780225E1,
1.270114361536E0));
#16751=CARTESIAN_POINT('',(2.872261194248E1,-3.379897367878E1,
1.255128681705E0));
#16752=CARTESIAN_POINT('',(2.879001537726E1,-3.380935857276E1,
1.245592697196E0));
#16753=CARTESIAN_POINT('',(2.886302481656E1,-3.382328953795E1,
1.241049057516E0));
#16754=CARTESIAN_POINT('',(2.894157038709E1,-3.384129922989E1,
1.241241259730E0));
#16755=CARTESIAN_POINT('',(2.902571314967E1,-3.386400390795E1,
1.246134521377E0));
#16756=CARTESIAN_POINT('',(2.911558445767E1,-3.389216977842E1,
1.255938839133E0));
#16757=CARTESIAN_POINT('',(2.921111828274E1,-3.392671169004E1,
1.271094768878E0));
#16758=CARTESIAN_POINT('',(2.931203129117E1,-3.396877992340E1,
1.292286374767E0));
#16759=CARTESIAN_POINT('',(2.938206608341E1,-3.400268228851E1,
1.310988754957E0));
#16760=CARTESIAN_POINT('',(2.941900908140E1,-3.402219546410E1,
1.322113240520E0));
#16761=CARTESIAN_POINT('',(2.942261071145E1,-3.402411422703E1,
1.323210334423E0));
#16762=CARTESIAN_POINT('',(2.868809622060E1,-3.391915097896E1,
1.465370950170E0));
#16763=CARTESIAN_POINT('',(2.868791659989E1,-3.391906098489E1,
1.464875202691E0));
#16764=CARTESIAN_POINT('',(2.868667162045E1,-3.391843230853E1,
1.461020543076E0));
#16765=CARTESIAN_POINT('',(2.868656370887E1,-3.391829800200E1,
1.453591661518E0));
#16766=CARTESIAN_POINT('',(2.869239847054E1,-3.392092143033E1,
1.442804523903E0));
#16767=CARTESIAN_POINT('',(2.870505427398E1,-3.392671700329E1,
1.431422635297E0));
#16768=CARTESIAN_POINT('',(2.872499047845E1,-3.393585395386E1,
1.419568348445E0));
#16769=CARTESIAN_POINT('',(2.875200693620E1,-3.394821258474E1,
1.407500261167E0));
#16770=CARTESIAN_POINT('',(2.878589192182E1,-3.396370398905E1,
1.395368156107E0));
#16771=CARTESIAN_POINT('',(2.882658826943E1,-3.398234580914E1,
1.383267132513E0));
#16772=CARTESIAN_POINT('',(2.887412663113E1,-3.400422547742E1,
1.371296115284E0));
#16773=CARTESIAN_POINT('',(2.892854866717E1,-3.402945922593E1,
1.359587556319E0));
#16774=CARTESIAN_POINT('',(2.898998099869E1,-3.405822142153E1,
1.348294604915E0));
#16775=CARTESIAN_POINT('',(2.905868605123E1,-3.409076570234E1,
1.337607694554E0));
#16776=CARTESIAN_POINT('',(2.913510827018E1,-3.412744807171E1,
1.327790381269E0));
#16777=CARTESIAN_POINT('',(2.921973924232E1,-3.416866184669E1,
1.319248882780E0));
#16778=CARTESIAN_POINT('',(2.931322483230E1,-3.421488415001E1,
1.312596938918E0));
#16779=CARTESIAN_POINT('',(2.938168182239E1,-3.424925416613E1,
1.310085146835E0));
#16780=CARTESIAN_POINT('',(2.941913238196E1,-3.426820082824E1,
1.309548087959E0));
#16781=CARTESIAN_POINT('',(2.942279723206E1,-3.427005627978E1,
1.309503770427E0));
#16782=(BOUNDED_SURFACE()B_SPLINE_SURFACE(3,3,((#16702,#16703,#16704,#16705,
#16706,#16707,#16708,#16709,#16710,#16711,#16712,#16713,#16714,#16715,#16716,
#16717,#16718,#16719,#16720,#16721),(#16722,#16723,#16724,#16725,#16726,#16727,
#16728,#16729,#16730,#16731,#16732,#16733,#16734,#16735,#16736,#16737,#16738,
#16739,#16740,#16741),(#16742,#16743,#16744,#16745,#16746,#16747,#16748,#16749,
#16750,#16751,#16752,#16753,#16754,#16755,#16756,#16757,#16758,#16759,#16760,
#16761),(#16762,#16763,#16764,#16765,#16766,#16767,#16768,#16769,#16770,#16771,
#16772,#16773,#16774,#16775,#16776,#16777,#16778,#16779,#16780,#16781)),
.UNSPECIFIED.,.F.,.F.,.F.)B_SPLINE_SURFACE_WITH_KNOTS((4,4),(4,1,1,1,1,1,1,1,1,
1,1,1,1,1,1,1,1,4),(0.E0,1.E0),(2.526015701308E-2,2.941857751120E-2,
5.756705085504E-2,8.723044598804E-2,1.202178873730E-1,1.562914969286E-1,
1.955602160937E-1,2.385812831121E-1,2.858175667792E-1,3.377680094420E-1,
3.949705145997E-1,4.576978531783E-1,5.266177973902E-1,6.026443489460E-1,
6.866451166384E-1,7.796232708304E-1,8.833409338929E-1,8.946053697295E-1),
.UNSPECIFIED.)GEOMETRIC_REPRESENTATION_ITEM()RATIONAL_B_SPLINE_SURFACE(((
1.187482433056E0,1.187482433056E0,1.187482433056E0,1.187482433056E0,
1.187482433056E0,1.187482433056E0,1.187482433056E0,1.187482433056E0,
1.187482433056E0,1.187482433056E0,1.187482433056E0,1.187482433056E0,
1.187482433056E0,1.187482433056E0,1.187482433056E0,1.187482433056E0,
1.187482433056E0,1.187482433056E0,1.187482433056E0,1.187482433056E0),(
9.375058556481E-1,9.375058556481E-1,9.375058556481E-1,9.375058556481E-1,
9.375058556481E-1,9.375058556481E-1,9.375058556481E-1,9.375058556481E-1,
9.375058556481E-1,9.375058556481E-1,9.375058556481E-1,9.375058556481E-1,
9.375058556481E-1,9.375058556481E-1,9.375058556481E-1,9.375058556481E-1,
9.375058556481E-1,9.375058556481E-1,9.375058556481E-1,9.375058556481E-1),(
9.375058556481E-1,9.375058556481E-1,9.375058556481E-1,9.375058556481E-1,
9.375058556481E-1,9.375058556481E-1,9.375058556481E-1,9.375058556481E-1,
9.375058556481E-1,9.375058556481E-1,9.375058556481E-1,9.375058556481E-1,
9.375058556481E-1,9.375058556481E-1,9.375058556481E-1,9.375058556481E-1,
9.375058556481E-1,9.375058556481E-1,9.375058556481E-1,9.375058556481E-1),(
1.187482433056E0,1.187482433056E0,1.187482433056E0,1.187482433056E0,
1.187482433056E0,1.187482433056E0,1.187482433056E0,1.187482433056E0,
1.187482433056E0,1.187482433056E0,1.187482433056E0,1.187482433056E0,
1.187482433056E0,1.187482433056E0,1.187482433056E0,1.187482433056E0,
1.187482433056E0,1.187482433056E0,1.187482433056E0,1.187482433056E0)))REPRESENTATION_ITEM('')SURFACE());
#16783=ORIENTED_EDGE('',*,*,#16469,.T.);
#16785=ORIENTED_EDGE('',*,*,#16784,.T.);
#16787=ORIENTED_EDGE('',*,*,#16786,.F.);
#16788=ORIENTED_EDGE('',*,*,#16685,.F.);
#16789=EDGE_LOOP('',(#16783,#16785,#16787,#16788));
#16790=FACE_OUTER_BOUND('',#16789,.F.);
#16791=ADVANCED_FACE('',(#16790),#16782,.T.);
#16792=CARTESIAN_POINT('',(2.162283145327E1,-3.424779487501E1,9.1E-1));
#16793=DIRECTION('',(1.E0,0.E0,0.E0));
#16794=DIRECTION('',(0.E0,9.999619230642E-1,8.726535498374E-3));
#16795=AXIS2_PLACEMENT_3D('',#16792,#16793,#16794);
#16796=CYLINDRICAL_SURFACE('',#16795,4.E-1);
#16797=ORIENTED_EDGE('',*,*,#16467,.T.);
#16799=ORIENTED_EDGE('',*,*,#16798,.T.);
#16801=ORIENTED_EDGE('',*,*,#16800,.F.);
#16802=ORIENTED_EDGE('',*,*,#16784,.F.);
#16803=EDGE_LOOP('',(#16797,#16799,#16801,#16802));
#16804=FACE_OUTER_BOUND('',#16803,.F.);
#16805=ADVANCED_FACE('',(#16804),#16796,.T.);
#16806=CARTESIAN_POINT('',(3.001121186297E1,-3.426314779852E1,
1.309738011379E0));
#16807=CARTESIAN_POINT('',(2.997649227313E1,-3.401945136843E1,
1.318651594052E0));
#16808=CARTESIAN_POINT('',(2.995181876774E1,-3.384626829771E1,
1.145239673881E0));
#16809=CARTESIAN_POINT('',(2.995277296665E1,-3.385296580965E1,
8.990139953886E-1));
#16810=CARTESIAN_POINT('',(3.007441444990E1,-3.425414328460E1,
1.309738011379E0));
#16811=CARTESIAN_POINT('',(3.021682947593E1,-3.398521036991E1,
1.318651594052E0));
#16812=CARTESIAN_POINT('',(3.031803683262E1,-3.379409297040E1,
1.145239673881E0));
#16813=CARTESIAN_POINT('',(3.031412283874E1,-3.380148405696E1,
8.990139953886E-1));
#16814=CARTESIAN_POINT('',(3.011955671539E1,-3.429928555009E1,
1.309738011379E0));
#16815=CARTESIAN_POINT('',(3.038848963007E1,-3.415687052402E1,
1.318651594052E0));
#16816=CARTESIAN_POINT('',(3.057960702956E1,-3.405566316730E1,
1.145239673881E0));
#16817=CARTESIAN_POINT('',(3.057221594300E1,-3.405957716119E1,
8.990139953886E-1));
#16818=CARTESIAN_POINT('',(3.011055220149E1,-3.436248813702E1,
1.309738011379E0));
#16819=CARTESIAN_POINT('',(3.035424863158E1,-3.439720772682E1,
1.318651594052E0));
#16820=CARTESIAN_POINT('',(3.052743170230E1,-3.442188123219E1,
1.145239673881E0));
#16821=CARTESIAN_POINT('',(3.052073419036E1,-3.442092703329E1,
8.990139953886E-1));
#16822=(BOUNDED_SURFACE()B_SPLINE_SURFACE(3,3,((#16806,#16807,#16808,#16809),(
#16810,#16811,#16812,#16813),(#16814,#16815,#16816,#16817),(#16818,#16819,
#16820,#16821)),.UNSPECIFIED.,.F.,.F.,.F.)B_SPLINE_SURFACE_WITH_KNOTS((4,4),(4,
4),(0.E0,1.E0),(0.E0,1.E0),.UNSPECIFIED.)GEOMETRIC_REPRESENTATION_ITEM()RATIONAL_B_SPLINE_SURFACE(((1.484064563499E0,1.171662933953E0,1.171662933953E0,
1.484064563499E0),(1.088613774930E0,8.594561455391E-1,8.594561455391E-1,
1.088613774930E0),(1.088613774930E0,8.594561455391E-1,8.594561455391E-1,
1.088613774930E0),(1.484064563499E0,1.171662933953E0,1.171662933953E0,
1.484064563499E0)))REPRESENTATION_ITEM('')SURFACE());
#16823=ORIENTED_EDGE('',*,*,#16188,.T.);
#16825=ORIENTED_EDGE('',*,*,#16824,.T.);
#16827=ORIENTED_EDGE('',*,*,#16826,.F.);
#16828=ORIENTED_EDGE('',*,*,#16798,.F.);
#16829=EDGE_LOOP('',(#16823,#16825,#16827,#16828));
#16830=FACE_OUTER_BOUND('',#16829,.F.);
#16831=ADVANCED_FACE('',(#16830),#16822,.T.);
#16832=CARTESIAN_POINT('',(3.012590512499E1,-3.432933145327E1,9.1E-1));
#16833=DIRECTION('',(0.E0,-1.E0,0.E0));
#16834=DIRECTION('',(9.999619230642E-1,0.E0,8.726535498374E-3));
#16835=AXIS2_PLACEMENT_3D('',#16832,#16833,#16834);
#16836=CYLINDRICAL_SURFACE('',#16835,4.E-1);
#16838=ORIENTED_EDGE('',*,*,#16837,.T.);
#16840=ORIENTED_EDGE('',*,*,#16839,.T.);
#16842=ORIENTED_EDGE('',*,*,#16841,.F.);
#16843=ORIENTED_EDGE('',*,*,#16824,.F.);
#16844=EDGE_LOOP('',(#16838,#16840,#16842,#16843));
#16845=FACE_OUTER_BOUND('',#16844,.F.);
#16846=ADVANCED_FACE('',(#16845),#16836,.T.);
#16847=CARTESIAN_POINT('',(3.05336E1,-4.198472609813E1,3.E-2));
#16848=DIRECTION('',(9.999619230642E-1,0.E0,8.726535498374E-3));
#16849=DIRECTION('',(0.E0,-1.E0,0.E0));
#16850=AXIS2_PLACEMENT_3D('',#16847,#16848,#16849);
#16851=PLANE('',#16850);
#16852=ORIENTED_EDGE('',*,*,#16613,.T.);
#16854=ORIENTED_EDGE('',*,*,#16853,.F.);
#16856=ORIENTED_EDGE('',*,*,#16855,.F.);
#16857=ORIENTED_EDGE('',*,*,#16837,.F.);
#16858=ORIENTED_EDGE('',*,*,#16186,.T.);
#16859=ORIENTED_EDGE('',*,*,#16248,.T.);
#16860=ORIENTED_EDGE('',*,*,#16267,.F.);
#16861=EDGE_LOOP('',(#16852,#16854,#16856,#16857,#16858,#16859,#16860));
#16862=FACE_OUTER_BOUND('',#16861,.F.);
#16863=ADVANCED_FACE('',(#16862),#16851,.T.);
#16864=CARTESIAN_POINT('',(3.052095272281E1,-3.589381767450E1,
1.449212355524E0));
#16865=CARTESIAN_POINT('',(3.052020161714E1,-3.589262744718E1,
1.535280540796E0));
#16866=CARTESIAN_POINT('',(3.051909926348E1,-3.589088223213E1,
1.661597758414E0));
#16867=CARTESIAN_POINT('',(3.051799690952E1,-3.588913937254E1,
1.787915010840E0));
#16868=CARTESIAN_POINT('',(3.051764566155E1,-3.588858427615E1,
1.828164041543E0));
#16869=CARTESIAN_POINT('',(3.052408746704E1,-3.580754114126E1,
1.448046603491E0));
#16870=CARTESIAN_POINT('',(3.052333635496E1,-3.580635090380E1,
1.534115522409E0));
#16871=CARTESIAN_POINT('',(3.052223399192E1,-3.580460567390E1,
1.660433814626E0));
#16872=CARTESIAN_POINT('',(3.052113162861E1,-3.580286279952E1,
1.786752138545E0));
#16873=CARTESIAN_POINT('',(3.052078037766E1,-3.580230769844E1,
1.827001510350E0));
#16874=CARTESIAN_POINT('',(3.050006408628E1,-3.572462031593E1,
1.446690251800E0));
#16875=CARTESIAN_POINT('',(3.049931296805E1,-3.572343006872E1,
1.532759875830E0));
#16876=CARTESIAN_POINT('',(3.049821059600E1,-3.572168482454E1,
1.659079200849E0));
#16877=CARTESIAN_POINT('',(3.049710822371E1,-3.571994193596E1,
1.785398554587E0));
#16878=CARTESIAN_POINT('',(3.049675696990E1,-3.571938683035E1,
1.825648254225E0));
#16879=CARTESIAN_POINT('',(3.045129580522E1,-3.565338485797E1,
1.445279550275E0));
#16880=CARTESIAN_POINT('',(3.045054468170E1,-3.565219460239E1,
1.531349780050E0));
#16881=CARTESIAN_POINT('',(3.044944230191E1,-3.565044934595E1,
1.657669992328E0));
#16882=CARTESIAN_POINT('',(3.044833992189E1,-3.564870644517E1,
1.783990230760E0));
#16883=CARTESIAN_POINT('',(3.044798866563E1,-3.564815133567E1,
1.824240212033E0));
#16884=(BOUNDED_SURFACE()B_SPLINE_SURFACE(3,3,((#16864,#16865,#16866,#16867,
#16868),(#16869,#16870,#16871,#16872,#16873),(#16874,#16875,#16876,#16877,
#16878),(#16879,#16880,#16881,#16882,#16883)),.UNSPECIFIED.,.F.,.F.,.F.)B_SPLINE_SURFACE_WITH_KNOTS((4,4),(4,1,4),(0.E0,1.E0),(3.513479209067E-3,
3.332067761061E-1,4.873848648217E-1),.UNSPECIFIED.)GEOMETRIC_REPRESENTATION_ITEM()RATIONAL_B_SPLINE_SURFACE(((1.025760215433E0,1.025760215433E0,1.025760215433E0,
1.025760215433E0,1.025760215433E0),(9.914132615223E-1,9.914132615223E-1,
9.914132615223E-1,9.914132615223E-1,9.914132615223E-1),(9.914132615223E-1,
9.914132615223E-1,9.914132615223E-1,9.914132615223E-1,9.914132615223E-1),(
1.025760215433E0,1.025760215433E0,1.025760215433E0,1.025760215433E0,
1.025760215433E0)))REPRESENTATION_ITEM('')SURFACE());
#16885=ORIENTED_EDGE('',*,*,#16627,.F.);
#16886=ORIENTED_EDGE('',*,*,#16656,.F.);
#16888=ORIENTED_EDGE('',*,*,#16887,.F.);
#16889=ORIENTED_EDGE('',*,*,#16853,.T.);
#16890=EDGE_LOOP('',(#16885,#16886,#16888,#16889));
#16891=FACE_OUTER_BOUND('',#16890,.F.);
#16892=ADVANCED_FACE('',(#16891),#16884,.T.);
#16893=CARTESIAN_POINT('',(3.052589359197E1,-3.493533158464E1,
9.070472020685E-1));
#16894=CARTESIAN_POINT('',(3.052587152746E1,-3.494320047574E1,
9.040959003378E-1));
#16895=CARTESIAN_POINT('',(3.052549296876E1,-3.500070105568E1,
8.831698080308E-1));
#16896=CARTESIAN_POINT('',(3.052199230628E1,-3.510671790156E1,
8.527545325001E-1));
#16897=CARTESIAN_POINT('',(3.051118460976E1,-3.525332275162E1,
8.281053929724E-1));
#16898=CARTESIAN_POINT('',(3.049635728745E1,-3.539002676997E1,
8.196183200444E-1));
#16899=CARTESIAN_POINT('',(3.047869059488E1,-3.551705330251E1,
8.246926209216E-1));
#16900=CARTESIAN_POINT('',(3.045910813147E1,-3.563487661834E1,
8.416906742970E-1));
#16901=CARTESIAN_POINT('',(3.043835306680E1,-3.574411190870E1,
8.697940850208E-1));
#16902=CARTESIAN_POINT('',(3.041710683408E1,-3.584517055803E1,
9.088785889185E-1));
#16903=CARTESIAN_POINT('',(3.039608045295E1,-3.593805715093E1,
9.593513590580E-1));
#16904=CARTESIAN_POINT('',(3.037604695540E1,-3.602224343546E1,
1.022089555166E0));
#16905=CARTESIAN_POINT('',(3.035787955416E1,-3.609636704989E1,
1.098292871315E0));
#16906=CARTESIAN_POINT('',(3.034267284068E1,-3.615745311787E1,
1.188385299314E0));
#16907=CARTESIAN_POINT('',(3.033170481221E1,-3.620080502041E1,
1.289623120347E0));
#16908=CARTESIAN_POINT('',(3.032571716513E1,-3.622310427348E1,
1.395793310604E0));
#16909=CARTESIAN_POINT('',(3.032488649399E1,-3.622422216684E1,
1.472846188329E0));
#16910=CARTESIAN_POINT('',(3.032547376872E1,-3.622041886172E1,
1.512599937561E0));
#16911=CARTESIAN_POINT('',(3.032559150653E1,-3.621970809386E1,
1.518886681302E0));
#16912=CARTESIAN_POINT('',(3.052782491569E1,-3.493944236266E1,
1.153329077974E0));
#16913=CARTESIAN_POINT('',(3.052953914164E1,-3.494582548872E1,
1.150388792365E0));
#16914=CARTESIAN_POINT('',(3.054177484839E1,-3.499260458685E1,
1.129310801449E0));
#16915=CARTESIAN_POINT('',(3.056061529540E1,-3.508056849202E1,
1.095699674116E0));
#16916=CARTESIAN_POINT('',(3.057889618077E1,-3.520562081817E1,
1.060988730462E0));
#16917=CARTESIAN_POINT('',(3.058975347007E1,-3.532482107383E1,
1.038823806207E0));
#16918=CARTESIAN_POINT('',(3.059470008749E1,-3.543763612740E1,
1.027696675675E0));
#16919=CARTESIAN_POINT('',(3.059493529581E1,-3.554394855923E1,
1.026687626057E0));
#16920=CARTESIAN_POINT('',(3.059144102906E1,-3.564390346800E1,
1.035438483771E0));
#16921=CARTESIAN_POINT('',(3.058507451657E1,-3.573755085933E1,
1.054140683366E0));
#16922=CARTESIAN_POINT('',(3.057666835492E1,-3.582461296804E1,
1.083447490275E0));
#16923=CARTESIAN_POINT('',(3.056708490946E1,-3.590433200485E1,
1.124422341471E0));
#16924=CARTESIAN_POINT('',(3.055726138318E1,-3.597515221915E1,
1.178392870356E0));
#16925=CARTESIAN_POINT('',(3.054829271684E1,-3.603394360624E1,
1.246001288504E0));
#16926=CARTESIAN_POINT('',(3.054141124166E1,-3.607587712135E1,
1.325032824418E0));
#16927=CARTESIAN_POINT('',(3.053746903902E1,-3.609747191368E1,
1.409784104748E0));
#16928=CARTESIAN_POINT('',(3.053682856529E1,-3.609848861370E1,
1.471739160886E0));
#16929=CARTESIAN_POINT('',(3.053714115559E1,-3.609474987277E1,
1.503601175229E0));
#16930=CARTESIAN_POINT('',(3.053720597817E1,-3.609405232502E1,
1.508636409110E0));
#16931=CARTESIAN_POINT('',(3.034951652643E1,-3.494230476996E1,
1.323251430451E0));
#16932=CARTESIAN_POINT('',(3.035242920505E1,-3.494767446929E1,
1.321585197734E0));
#16933=CARTESIAN_POINT('',(3.037346773835E1,-3.498697479614E1,
1.309605610941E0));
#16934=CARTESIAN_POINT('',(3.040914424341E1,-3.506025266347E1,
1.290056582089E0));
#16935=CARTESIAN_POINT('',(3.045210083029E1,-3.516337142213E1,
1.268846245416E0));
#16936=CARTESIAN_POINT('',(3.048707707871E1,-3.526085549522E1,
1.254206348173E0));
#16937=CARTESIAN_POINT('',(3.051529307966E1,-3.535234739324E1,
1.245446408219E0));
#16938=CARTESIAN_POINT('',(3.053772822384E1,-3.543773434768E1,
1.242153186446E0));
#16939=CARTESIAN_POINT('',(3.055519806518E1,-3.551707355717E1,
1.244193044837E0));
#16940=CARTESIAN_POINT('',(3.056837677561E1,-3.559034016589E1,
1.251722277301E0));
#16941=CARTESIAN_POINT('',(3.057786284627E1,-3.565728992733E1,
1.265148637130E0));
#16942=CARTESIAN_POINT('',(3.058423405481E1,-3.571739498385E1,
1.285103512319E0));
#16943=CARTESIAN_POINT('',(3.058808014842E1,-3.576966738490E1,
1.312359343377E0));
#16944=CARTESIAN_POINT('',(3.059000652033E1,-3.581215899959E1,
1.347313401735E0));
#16945=CARTESIAN_POINT('',(3.059064517482E1,-3.584191775753E1,
1.388789265747E0));
#16946=CARTESIAN_POINT('',(3.059059581920E1,-3.585703507162E1,
1.433628664666E0));
#16947=CARTESIAN_POINT('',(3.059032027725E1,-3.585769012793E1,
1.466491850448E0));
#16948=CARTESIAN_POINT('',(3.059010899222E1,-3.585502923929E1,
1.483373374334E0));
#16949=CARTESIAN_POINT('',(3.059007328825E1,-3.585453342948E1,
1.486040545139E0));
#16950=CARTESIAN_POINT('',(3.010357565846E1,-3.494211110825E1,
1.309503065501E0));
#16951=CARTESIAN_POINT('',(3.010639209222E1,-3.494757972934E1,
1.309569318844E0));
#16952=CARTESIAN_POINT('',(3.012686275732E1,-3.498736706962E1,
1.310192516750E0));
#16953=CARTESIAN_POINT('',(3.016323778031E1,-3.505860048675E1,
1.313082888787E0));
#16954=CARTESIAN_POINT('',(3.021087372355E1,-3.515325635708E1,
1.320409521490E0));
#16955=CARTESIAN_POINT('',(3.025317141379E1,-3.523852626522E1,
1.329745243500E0));
#16956=CARTESIAN_POINT('',(3.029061754014E1,-3.531504955994E1,
1.340426162423E0));
#16957=CARTESIAN_POINT('',(3.032361494171E1,-3.538331152643E1,
1.352014224332E0));
#16958=CARTESIAN_POINT('',(3.035251272202E1,-3.544371916739E1,
1.364222839654E0));
#16959=CARTESIAN_POINT('',(3.037755874838E1,-3.549650656020E1,
1.376844514687E0));
#16960=CARTESIAN_POINT('',(3.039890956894E1,-3.554175767743E1,
1.389704934549E0));
#16961=CARTESIAN_POINT('',(3.041666417848E1,-3.557948885318E1,
1.402657964255E0));
#16962=CARTESIAN_POINT('',(3.043087285138E1,-3.560968254261E1,
1.415588340597E0));
#16963=CARTESIAN_POINT('',(3.044147070073E1,-3.563216310120E1,
1.428339922190E0));
#16964=CARTESIAN_POINT('',(3.044831386799E1,-3.564667946600E1,
1.440628289887E0));
#16965=CARTESIAN_POINT('',(3.045154630930E1,-3.565363701114E1,
1.452268417089E0));
#16966=CARTESIAN_POINT('',(3.045157996787E1,-3.565389836251E1,
1.460418095013E0));
#16967=CARTESIAN_POINT('',(3.045092645998E1,-3.565264791738E1,
1.464691013539E0));
#16968=CARTESIAN_POINT('',(3.045080610375E1,-3.565241495965E1,
1.465369072748E0));
#16969=(BOUNDED_SURFACE()B_SPLINE_SURFACE(3,3,((#16893,#16894,#16895,#16896,
#16897,#16898,#16899,#16900,#16901,#16902,#16903,#16904,#16905,#16906,#16907,
#16908,#16909,#16910,#16911),(#16912,#16913,#16914,#16915,#16916,#16917,#16918,
#16919,#16920,#16921,#16922,#16923,#16924,#16925,#16926,#16927,#16928,#16929,
#16930),(#16931,#16932,#16933,#16934,#16935,#16936,#16937,#16938,#16939,#16940,
#16941,#16942,#16943,#16944,#16945,#16946,#16947,#16948,#16949),(#16950,#16951,
#16952,#16953,#16954,#16955,#16956,#16957,#16958,#16959,#16960,#16961,#16962,
#16963,#16964,#16965,#16966,#16967,#16968)),.UNSPECIFIED.,.F.,.F.,.F.)B_SPLINE_SURFACE_WITH_KNOTS((4,4),(4,1,1,1,1,1,1,1,1,1,1,1,1,1,1,1,4),(0.E0,1.E0),(
1.050331644455E-1,1.222886483318E-1,2.303645427359E-1,3.269402220249E-1,
4.139783333796E-1,4.924356744816E-1,5.632739900777E-1,6.275733735713E-1,
6.858665314934E-1,7.385726699746E-1,7.863774656599E-1,8.297757370341E-1,
8.694154118403E-1,9.056683827239E-1,9.381284360158E-1,9.685021104843E-1,
9.742385907560E-1),.UNSPECIFIED.)GEOMETRIC_REPRESENTATION_ITEM()RATIONAL_B_SPLINE_SURFACE(((1.187483015627E0,1.187483015627E0,1.187483015627E0,1.187483015627E0,
1.187483015627E0,1.187483015627E0,1.187483015627E0,1.187483015627E0,
1.187483015627E0,1.187483015627E0,1.187483015627E0,1.187483015627E0,
1.187483015627E0,1.187483015627E0,1.187483015627E0,1.187483015627E0,
1.187483015627E0,1.187483015627E0,1.187483015627E0),(9.375056614576E-1,
9.375056614576E-1,9.375056614576E-1,9.375056614576E-1,9.375056614576E-1,
9.375056614576E-1,9.375056614576E-1,9.375056614576E-1,9.375056614576E-1,
9.375056614576E-1,9.375056614576E-1,9.375056614576E-1,9.375056614576E-1,
9.375056614576E-1,9.375056614576E-1,9.375056614576E-1,9.375056614576E-1,
9.375056614576E-1,9.375056614576E-1),(9.375056614576E-1,9.375056614576E-1,
9.375056614576E-1,9.375056614576E-1,9.375056614576E-1,9.375056614576E-1,
9.375056614576E-1,9.375056614576E-1,9.375056614576E-1,9.375056614576E-1,
9.375056614576E-1,9.375056614576E-1,9.375056614576E-1,9.375056614576E-1,
9.375056614576E-1,9.375056614576E-1,9.375056614576E-1,9.375056614576E-1,
9.375056614576E-1),(1.187483015627E0,1.187483015627E0,1.187483015627E0,
1.187483015627E0,1.187483015627E0,1.187483015627E0,1.187483015627E0,
1.187483015627E0,1.187483015627E0,1.187483015627E0,1.187483015627E0,
1.187483015627E0,1.187483015627E0,1.187483015627E0,1.187483015627E0,
1.187483015627E0,1.187483015627E0,1.187483015627E0,1.187483015627E0)))REPRESENTATION_ITEM('')SURFACE());
#16970=ORIENTED_EDGE('',*,*,#16855,.T.);
#16971=ORIENTED_EDGE('',*,*,#16887,.T.);
#16973=ORIENTED_EDGE('',*,*,#16972,.F.);
#16974=ORIENTED_EDGE('',*,*,#16839,.F.);
#16975=EDGE_LOOP('',(#16970,#16971,#16973,#16974));
#16976=FACE_OUTER_BOUND('',#16975,.F.);
#16977=ADVANCED_FACE('',(#16976),#16969,.T.);
#16978=CARTESIAN_POINT('',(2.58336E1,-3.85851E1,1.46E0));
#16979=DIRECTION('',(0.E0,0.E0,1.E0));
#16980=DIRECTION('',(8.599959476055E-1,5.103008623372E-1,0.E0));
#16981=AXIS2_PLACEMENT_3D('',#16978,#16979,#16980);
#16982=TOROIDAL_SURFACE('',#16981,5.62E0,1.5E-1);
#16983=ORIENTED_EDGE('',*,*,#16786,.T.);
#16985=ORIENTED_EDGE('',*,*,#16984,.F.);
#16986=ORIENTED_EDGE('',*,*,#16972,.T.);
#16987=ORIENTED_EDGE('',*,*,#16654,.T.);
#16988=EDGE_LOOP('',(#16983,#16985,#16986,#16987));
#16989=FACE_OUTER_BOUND('',#16988,.F.);
#16990=ADVANCED_FACE('',(#16989),#16982,.F.);
#16991=CARTESIAN_POINT('',(2.58336E1,-3.73351E1,1.31E0));
#16992=DIRECTION('',(0.E0,0.E0,1.E0));
#16993=DIRECTION('',(1.E0,0.E0,0.E0));
#16994=AXIS2_PLACEMENT_3D('',#16991,#16992,#16993);
#16995=PLANE('',#16994);
#16996=ORIENTED_EDGE('',*,*,#16800,.T.);
#16997=ORIENTED_EDGE('',*,*,#16826,.T.);
#16998=ORIENTED_EDGE('',*,*,#16841,.T.);
#16999=ORIENTED_EDGE('',*,*,#16984,.T.);
#17000=EDGE_LOOP('',(#16996,#16997,#16998,#16999));
#17001=FACE_OUTER_BOUND('',#17000,.F.);
#17002=ADVANCED_FACE('',(#17001),#16995,.T.);
#17003=CARTESIAN_POINT('',(1.997897390187E1,-4.08301E1,3.E-2));
#17004=DIRECTION('',(0.E0,-9.999619230642E-1,8.726535498374E-3));
#17005=DIRECTION('',(-1.E0,0.E0,0.E0));
#17006=AXIS2_PLACEMENT_3D('',#17003,#17004,#17005);
#17007=PLANE('',#17006);
#17008=ORIENTED_EDGE('',*,*,#16574,.T.);
#17009=ORIENTED_EDGE('',*,*,#16263,.T.);
#17010=ORIENTED_EDGE('',*,*,#16325,.T.);
#17011=ORIENTED_EDGE('',*,*,#16344,.F.);
#17012=EDGE_LOOP('',(#17008,#17009,#17010,#17011));
#17013=FACE_OUTER_BOUND('',#17012,.F.);
#17014=ADVANCED_FACE('',(#17013),#17007,.T.);
#17015=CARTESIAN_POINT('',(2.11336E1,-3.268547390187E1,3.E-2));
#17016=DIRECTION('',(-9.999619230642E-1,0.E0,8.726535498374E-3));
#17017=DIRECTION('',(0.E0,1.E0,0.E0));
#17018=AXIS2_PLACEMENT_3D('',#17015,#17016,#17017);
#17019=PLANE('',#17018);
#17020=ORIENTED_EDGE('',*,*,#16534,.T.);
#17021=ORIENTED_EDGE('',*,*,#16340,.T.);
#17022=ORIENTED_EDGE('',*,*,#16402,.T.);
#17023=ORIENTED_EDGE('',*,*,#16420,.F.);
#17025=ORIENTED_EDGE('',*,*,#17024,.F.);
#17027=ORIENTED_EDGE('',*,*,#17026,.F.);
#17029=ORIENTED_EDGE('',*,*,#17028,.F.);
#17030=EDGE_LOOP('',(#17020,#17021,#17022,#17023,#17025,#17027,#17029));
#17031=FACE_OUTER_BOUND('',#17030,.F.);
#17032=ADVANCED_FACE('',(#17031),#17019,.T.);
#17033=CARTESIAN_POINT('',(2.154129487501E1,-3.550405776641E1,9.1E-1));
#17034=DIRECTION('',(0.E0,1.E0,0.E0));
#17035=DIRECTION('',(-9.999619230642E-1,0.E0,8.726535498374E-3));
#17036=AXIS2_PLACEMENT_3D('',#17033,#17034,#17035);
#17037=CYLINDRICAL_SURFACE('',#17036,4.E-1);
#17038=ORIENTED_EDGE('',*,*,#17024,.T.);
#17040=ORIENTED_EDGE('',*,*,#17039,.T.);
#17042=ORIENTED_EDGE('',*,*,#17041,.F.);
#17044=ORIENTED_EDGE('',*,*,#17043,.F.);
#17045=EDGE_LOOP('',(#17038,#17040,#17042,#17044));
#17046=FACE_OUTER_BOUND('',#17045,.F.);
#17047=ADVANCED_FACE('',(#17046),#17037,.T.);
#17048=CARTESIAN_POINT('',(2.155664779852E1,-3.436248813703E1,
1.309738011379E0));
#17049=CARTESIAN_POINT('',(2.131295136843E1,-3.439720772687E1,
1.318651594052E0));
#17050=CARTESIAN_POINT('',(2.113976829771E1,-3.442188123226E1,
1.145239673881E0));
#17051=CARTESIAN_POINT('',(2.114646580965E1,-3.442092703335E1,
8.990139953886E-1));
#17052=CARTESIAN_POINT('',(2.154764328460E1,-3.429928555010E1,
1.309738011379E0));
#17053=CARTESIAN_POINT('',(2.127871036991E1,-3.415687052407E1,
1.318651594052E0));
#17054=CARTESIAN_POINT('',(2.108759297040E1,-3.405566316738E1,
1.145239673881E0));
#17055=CARTESIAN_POINT('',(2.109498405696E1,-3.405957716126E1,
8.990139953886E-1));
#17056=CARTESIAN_POINT('',(2.159278555009E1,-3.425414328461E1,
1.309738011379E0));
#17057=CARTESIAN_POINT('',(2.145037052402E1,-3.398521036993E1,
1.318651594052E0));
#17058=CARTESIAN_POINT('',(2.134916316730E1,-3.379409297044E1,
1.145239673881E0));
#17059=CARTESIAN_POINT('',(2.135307716119E1,-3.380148405700E1,
8.990139953886E-1));
#17060=CARTESIAN_POINT('',(2.165598813702E1,-3.426314779851E1,
1.309738011379E0));
#17061=CARTESIAN_POINT('',(2.169070772682E1,-3.401945136842E1,
1.318651594052E0));
#17062=CARTESIAN_POINT('',(2.171538123219E1,-3.384626829770E1,
1.145239673881E0));
#17063=CARTESIAN_POINT('',(2.171442703329E1,-3.385296580964E1,
8.990139953886E-1));
#17064=(BOUNDED_SURFACE()B_SPLINE_SURFACE(3,3,((#17048,#17049,#17050,#17051),(
#17052,#17053,#17054,#17055),(#17056,#17057,#17058,#17059),(#17060,#17061,
#17062,#17063)),.UNSPECIFIED.,.F.,.F.,.F.)B_SPLINE_SURFACE_WITH_KNOTS((4,4),(4,
4),(0.E0,1.E0),(0.E0,1.E0),.UNSPECIFIED.)GEOMETRIC_REPRESENTATION_ITEM()RATIONAL_B_SPLINE_SURFACE(((1.484064563499E0,1.171662933953E0,1.171662933953E0,
1.484064563499E0),(1.088613774930E0,8.594561455391E-1,8.594561455391E-1,
1.088613774930E0),(1.088613774930E0,8.594561455391E-1,8.594561455391E-1,
1.088613774930E0),(1.484064563499E0,1.171662933953E0,1.171662933953E0,
1.484064563499E0)))REPRESENTATION_ITEM('')SURFACE());
#17065=ORIENTED_EDGE('',*,*,#16418,.T.);
#17067=ORIENTED_EDGE('',*,*,#17066,.T.);
#17069=ORIENTED_EDGE('',*,*,#17068,.F.);
#17070=ORIENTED_EDGE('',*,*,#17039,.F.);
#17071=EDGE_LOOP('',(#17065,#17067,#17069,#17070));
#17072=FACE_OUTER_BOUND('',#17071,.F.);
#17073=ADVANCED_FACE('',(#17072),#17064,.T.);
#17074=CARTESIAN_POINT('',(2.162283145327E1,-3.424779487501E1,9.1E-1));
#17075=DIRECTION('',(1.E0,0.E0,0.E0));
#17076=DIRECTION('',(0.E0,9.999619230642E-1,8.726535498374E-3));
#17077=AXIS2_PLACEMENT_3D('',#17074,#17075,#17076);
#17078=CYLINDRICAL_SURFACE('',#17077,4.E-1);
#17079=ORIENTED_EDGE('',*,*,#16462,.T.);
#17081=ORIENTED_EDGE('',*,*,#17080,.T.);
#17083=ORIENTED_EDGE('',*,*,#17082,.F.);
#17084=ORIENTED_EDGE('',*,*,#17066,.F.);
#17085=EDGE_LOOP('',(#17079,#17081,#17083,#17084));
#17086=FACE_OUTER_BOUND('',#17085,.F.);
#17087=ADVANCED_FACE('',(#17086),#17078,.T.);
#17088=CARTESIAN_POINT('',(2.223772702160E1,-3.384780771148E1,
9.070187557849E-1));
#17089=CARTESIAN_POINT('',(2.224297224174E1,-3.384782232098E1,
9.050621677985E-1));
#17090=CARTESIAN_POINT('',(2.229634622770E1,-3.384810398753E1,
8.855377947559E-1));
#17091=CARTESIAN_POINT('',(2.239648405750E1,-3.385109133425E1,
8.559311787728E-1));
#17092=CARTESIAN_POINT('',(2.253833302123E1,-3.386093002163E1,
8.299690974264E-1));
#17093=CARTESIAN_POINT('',(2.267085509257E1,-3.387460489875E1,
8.189336866125E-1));
#17094=CARTESIAN_POINT('',(2.279428803971E1,-3.389103630556E1,
8.203456543441E-1));
#17095=CARTESIAN_POINT('',(2.290908003494E1,-3.390938729566E1,
8.325815183409E-1));
#17096=CARTESIAN_POINT('',(2.301589202397E1,-3.392900555927E1,
8.547249322023E-1));
#17097=CARTESIAN_POINT('',(2.311522664977E1,-3.394931431125E1,
8.864609826570E-1));
#17098=CARTESIAN_POINT('',(2.320732984033E1,-3.396973980194E1,
9.279597106024E-1));
#17099=CARTESIAN_POINT('',(2.329208801359E1,-3.398966851114E1,
9.798027565846E-1));
#17100=CARTESIAN_POINT('',(2.336894991435E1,-3.400844057663E1,
1.043026174972E0));
#17101=CARTESIAN_POINT('',(2.343641431260E1,-3.402526368742E1,
1.118772429332E0));
#17102=CARTESIAN_POINT('',(2.349143267176E1,-3.403912783175E1,
1.207164699254E0));
#17103=CARTESIAN_POINT('',(2.352965761538E1,-3.404891531036E1,
1.305134236545E0));
#17104=CARTESIAN_POINT('',(2.354848971617E1,-3.405408662688E1,
1.406902172148E0));
#17105=CARTESIAN_POINT('',(2.354839717434E1,-3.405460282584E1,
1.478860691442E0));
#17106=CARTESIAN_POINT('',(2.354463702659E1,-3.405399695618E1,
1.515458522524E0));
#17107=CARTESIAN_POINT('',(2.354411460929E1,-3.405390901528E1,
1.519987517978E0));
#17108=CARTESIAN_POINT('',(2.224172277117E1,-3.384586174194E1,
1.153301817865E0));
#17109=CARTESIAN_POINT('',(2.224600652952E1,-3.384472406813E1,
1.151351641754E0));
#17110=CARTESIAN_POINT('',(2.228967843225E1,-3.383332483847E1,
1.131752790335E0));
#17111=CARTESIAN_POINT('',(2.237308962161E1,-3.381519379599E1,
1.099488419169E0));
#17112=CARTESIAN_POINT('',(2.249440444882E1,-3.379679802442E1,
1.064530321354E0));
#17113=CARTESIAN_POINT('',(2.261015463498E1,-3.378542811636E1,
1.041106100304E0));
#17114=CARTESIAN_POINT('',(2.271988154776E1,-3.377968326797E1,
1.027748007231E0));
#17115=CARTESIAN_POINT('',(2.282348960562E1,-3.377846418055E1,
1.023504898222E0));
#17116=CARTESIAN_POINT('',(2.292119914698E1,-3.378087932415E1,
1.027890885699E0));
#17117=CARTESIAN_POINT('',(2.301317524454E1,-3.378617548414E1,
1.040887639220E0));
#17118=CARTESIAN_POINT('',(2.309939897902E1,-3.379365134017E1,
1.062888244961E0));
#17119=CARTESIAN_POINT('',(2.317954304669E1,-3.380259982902E1,
1.094651509529E0));
#17120=CARTESIAN_POINT('',(2.325287505609E1,-3.381228231174E1,
1.137323080173E0));
#17121=CARTESIAN_POINT('',(2.331774354402E1,-3.382186542350E1,
1.192145242872E0));
#17122=CARTESIAN_POINT('',(2.337097699385E1,-3.383035703582E1,
1.259461136467E0));
#17123=CARTESIAN_POINT('',(2.340811362042E1,-3.383667627308E1,
1.336704449326E0));
#17124=CARTESIAN_POINT('',(2.342641455158E1,-3.384016418069E1,
1.418495814919E0));
#17125=CARTESIAN_POINT('',(2.342625945411E1,-3.384059822846E1,
1.476657040599E0));
#17126=CARTESIAN_POINT('',(2.342255384889E1,-3.384025739530E1,
1.506137631463E0));
#17127=CARTESIAN_POINT('',(2.342203954614E1,-3.384020704468E1,
1.509783980097E0));
#17128=CARTESIAN_POINT('',(2.224450525754E1,-3.402415898727E1,
1.323235921783E0));
#17129=CARTESIAN_POINT('',(2.224813312663E1,-3.402222598637E1,
1.322130637465E0));
#17130=CARTESIAN_POINT('',(2.228508713810E1,-3.400270562446E1,
1.311001777237E0));
#17131=CARTESIAN_POINT('',(2.235512327578E1,-3.396880124001E1,
1.292297970070E0));
#17132=CARTESIAN_POINT('',(2.245600912610E1,-3.392674017367E1,
1.271108424485E0));
#17133=CARTESIAN_POINT('',(2.255153885253E1,-3.389219541227E1,
1.255948918377E0));
#17134=CARTESIAN_POINT('',(2.264142274927E1,-3.386402239264E1,
1.246139701811E0));
#17135=CARTESIAN_POINT('',(2.272557706530E1,-3.384131226627E1,
1.241242819879E0));
#17136=CARTESIAN_POINT('',(2.280412980935E1,-3.382329900346E1,
1.241047690508E0));
#17137=CARTESIAN_POINT('',(2.287714603732E1,-3.380936515074E1,
1.245588728757E0));
#17138=CARTESIAN_POINT('',(2.294455666854E1,-3.379897790561E1,
1.255122617682E0));
#17139=CARTESIAN_POINT('',(2.300609960436E1,-3.379164031144E1,
1.270106565943E0));
#17140=CARTESIAN_POINT('',(2.306128818734E1,-3.378685538541E1,
1.291207010480E0));
#17141=CARTESIAN_POINT('',(2.310908070294E1,-3.378411680831E1,
1.319143731037E0));
#17142=CARTESIAN_POINT('',(2.314750335564E1,-3.378289643220E1,
1.354144611351E0));
#17143=CARTESIAN_POINT('',(2.317384532925E1,-3.378263584622E1,
1.394829807719E0));
#17144=CARTESIAN_POINT('',(2.318665917942E1,-3.378283244608E1,
1.438208195191E0));
#17145=CARTESIAN_POINT('',(2.318649787146E1,-3.378310502760E1,
1.469115872939E0));
#17146=CARTESIAN_POINT('',(2.318385953129E1,-3.378328283999E1,
1.484763573493E0));
#17147=CARTESIAN_POINT('',(2.318349364955E1,-3.378330578873E1,
1.486698627794E0));
#17148=CARTESIAN_POINT('',(2.224431725965E1,-3.427009955181E1,
1.309502738897E0));
#17149=CARTESIAN_POINT('',(2.224800902514E1,-3.426823045221E1,
1.309547252550E0));
#17150=CARTESIAN_POINT('',(2.228547188102E1,-3.424927745321E1,
1.310083807319E0));
#17151=CARTESIAN_POINT('',(2.235393128991E1,-3.421490609821E1,
1.312594992801E0));
#17152=CARTESIAN_POINT('',(2.244739481597E1,-3.416869422316E1,
1.319243326997E0));
#17153=CARTESIAN_POINT('',(2.253202531652E1,-3.412748013411E1,
1.327782653168E0));
#17154=CARTESIAN_POINT('',(2.260846065722E1,-3.409079106959E1,
1.337600031697E0));
#17155=CARTESIAN_POINT('',(2.267717703068E1,-3.405824115894E1,
1.348287453539E0));
#17156=CARTESIAN_POINT('',(2.273861670240E1,-3.402947533607E1,
1.359580625375E0));
#17157=CARTESIAN_POINT('',(2.279304542847E1,-3.400423836217E1,
1.371289560114E0));
#17158=CARTESIAN_POINT('',(2.284059033107E1,-3.398235561726E1,
1.383261231841E0));
#17159=CARTESIAN_POINT('',(2.288129226450E1,-3.396371121249E1,
1.395362955123E0));
#17160=CARTESIAN_POINT('',(2.291518198743E1,-3.394821764108E1,
1.407495788659E0));
#17161=CARTESIAN_POINT('',(2.294220244182E1,-3.393585719013E1,
1.419564655187E0));
#17162=CARTESIAN_POINT('',(2.296214185872E1,-3.392671877232E1,
1.431419755934E0));
#17163=CARTESIAN_POINT('',(2.297479998072E1,-3.392092213094E1,
1.442802457501E0));
#17164=CARTESIAN_POINT('',(2.298063608978E1,-3.391829808077E1,
1.453590371548E0));
#17165=CARTESIAN_POINT('',(2.298052883857E1,-3.391843185161E1,
1.460999655152E0));
#17166=CARTESIAN_POINT('',(2.297929647706E1,-3.391905437888E1,
1.464834687822E0));
#17167=CARTESIAN_POINT('',(2.297912559059E1,-3.391914004536E1,
1.465310532417E0));
#17168=(BOUNDED_SURFACE()B_SPLINE_SURFACE(3,3,((#17088,#17089,#17090,#17091,
#17092,#17093,#17094,#17095,#17096,#17097,#17098,#17099,#17100,#17101,#17102,
#17103,#17104,#17105,#17106,#17107),(#17108,#17109,#17110,#17111,#17112,#17113,
#17114,#17115,#17116,#17117,#17118,#17119,#17120,#17121,#17122,#17123,#17124,
#17125,#17126,#17127),(#17128,#17129,#17130,#17131,#17132,#17133,#17134,#17135,
#17136,#17137,#17138,#17139,#17140,#17141,#17142,#17143,#17144,#17145,#17146,
#17147),(#17148,#17149,#17150,#17151,#17152,#17153,#17154,#17155,#17156,#17157,
#17158,#17159,#17160,#17161,#17162,#17163,#17164,#17165,#17166,#17167)),
.UNSPECIFIED.,.F.,.F.,.F.)B_SPLINE_SURFACE_WITH_KNOTS((4,4),(4,1,1,1,1,1,1,1,1,
1,1,1,1,1,1,1,1,4),(0.E0,1.E0),(1.053069768392E-1,1.166543904491E-1,
2.203283189894E-1,3.132751259124E-1,3.972866489019E-1,4.733325616335E-1,
5.422606433161E-1,6.049929308508E-1,6.622023744410E-1,7.141587017483E-1,
7.613996496586E-1,8.044249097284E-1,8.436971850719E-1,8.797737620467E-1,
9.127639050176E-1,9.424295183898E-1,9.705797155363E-1,9.745708923841E-1),
.UNSPECIFIED.)GEOMETRIC_REPRESENTATION_ITEM()RATIONAL_B_SPLINE_SURFACE(((
1.187482420757E0,1.187482420757E0,1.187482420757E0,1.187482420757E0,
1.187482420757E0,1.187482420757E0,1.187482420757E0,1.187482420757E0,
1.187482420757E0,1.187482420757E0,1.187482420757E0,1.187482420757E0,
1.187482420757E0,1.187482420757E0,1.187482420757E0,1.187482420757E0,
1.187482420757E0,1.187482420757E0,1.187482420757E0,1.187482420757E0),(
9.375058597476E-1,9.375058597476E-1,9.375058597476E-1,9.375058597476E-1,
9.375058597476E-1,9.375058597476E-1,9.375058597476E-1,9.375058597476E-1,
9.375058597476E-1,9.375058597476E-1,9.375058597476E-1,9.375058597476E-1,
9.375058597476E-1,9.375058597476E-1,9.375058597476E-1,9.375058597476E-1,
9.375058597476E-1,9.375058597476E-1,9.375058597476E-1,9.375058597476E-1),(
9.375058597476E-1,9.375058597476E-1,9.375058597476E-1,9.375058597476E-1,
9.375058597476E-1,9.375058597476E-1,9.375058597476E-1,9.375058597476E-1,
9.375058597476E-1,9.375058597476E-1,9.375058597476E-1,9.375058597476E-1,
9.375058597476E-1,9.375058597476E-1,9.375058597476E-1,9.375058597476E-1,
9.375058597476E-1,9.375058597476E-1,9.375058597476E-1,9.375058597476E-1),(
1.187482420757E0,1.187482420757E0,1.187482420757E0,1.187482420757E0,
1.187482420757E0,1.187482420757E0,1.187482420757E0,1.187482420757E0,
1.187482420757E0,1.187482420757E0,1.187482420757E0,1.187482420757E0,
1.187482420757E0,1.187482420757E0,1.187482420757E0,1.187482420757E0,
1.187482420757E0,1.187482420757E0,1.187482420757E0,1.187482420757E0)))REPRESENTATION_ITEM('')SURFACE());
#17169=ORIENTED_EDGE('',*,*,#16460,.T.);
#17171=ORIENTED_EDGE('',*,*,#17170,.T.);
#17173=ORIENTED_EDGE('',*,*,#17172,.F.);
#17174=ORIENTED_EDGE('',*,*,#17080,.F.);
#17175=EDGE_LOOP('',(#17169,#17171,#17173,#17174));
#17176=FACE_OUTER_BOUND('',#17175,.F.);
#17177=ADVANCED_FACE('',(#17176),#17168,.T.);
#17178=CARTESIAN_POINT('',(2.321497583483E1,-3.385274734515E1,
1.449220143301E0));
#17179=CARTESIAN_POINT('',(2.321373993336E1,-3.385349844734E1,
1.535287928994E0));
#17180=CARTESIAN_POINT('',(2.321192781500E1,-3.385460080023E1,
1.661605058072E0));
#17181=CARTESIAN_POINT('',(2.321011825182E1,-3.385570315345E1,
1.787922226370E0));
#17182=CARTESIAN_POINT('',(2.320954191675E1,-3.385605440414E1,
1.828171567897E0));
#17183=CARTESIAN_POINT('',(2.313105586907E1,-3.384969781231E1,
1.448041696603E0));
#17184=CARTESIAN_POINT('',(2.312981995648E1,-3.385044892126E1,
1.534110256608E0));
#17185=CARTESIAN_POINT('',(2.312800782185E1,-3.385155128404E1,
1.660428519703E0));
#17186=CARTESIAN_POINT('',(2.312619824247E1,-3.385265364713E1,
1.786746818522E0));
#17187=CARTESIAN_POINT('',(2.312562190225E1,-3.385300490096E1,
1.826996519922E0));
#17188=CARTESIAN_POINT('',(2.305020619032E1,-3.387238551173E1,
1.446682732664E0));
#17189=CARTESIAN_POINT('',(2.304897026703E1,-3.387313662719E1,
1.532752038652E0));
#17190=CARTESIAN_POINT('',(2.304715811673E1,-3.387423899950E1,
1.659071394274E0));
#17191=CARTESIAN_POINT('',(2.304534852174E1,-3.387534137210E1,
1.785390782255E0));
#17192=CARTESIAN_POINT('',(2.304477217655E1,-3.387569262895E1,
1.825640830361E0));
#17193=CARTESIAN_POINT('',(2.298012821654E1,-3.391864930365E1,
1.445272700969E0));
#17194=CARTESIAN_POINT('',(2.297889228396E1,-3.391940042474E1,
1.531342653552E0));
#17195=CARTESIAN_POINT('',(2.297708012008E1,-3.392050280532E1,
1.657662956143E0));
#17196=CARTESIAN_POINT('',(2.297527051157E1,-3.392160518616E1,
1.783983288174E0));
#17197=CARTESIAN_POINT('',(2.297469416208E1,-3.392195644563E1,
1.824233636795E0));
#17198=(BOUNDED_SURFACE()B_SPLINE_SURFACE(3,3,((#17178,#17179,#17180,#17181,
#17182),(#17183,#17184,#17185,#17186,#17187),(#17188,#17189,#17190,#17191,
#17192),(#17193,#17194,#17195,#17196,#17197)),.UNSPECIFIED.,.F.,.F.,.F.)B_SPLINE_SURFACE_WITH_KNOTS((4,4),(4,1,4),(0.E0,1.E0),(3.513617664940E-3,
3.332054472356E-1,4.873847453974E-1),.UNSPECIFIED.)GEOMETRIC_REPRESENTATION_ITEM()RATIONAL_B_SPLINE_SURFACE(((1.024394944199E0,1.024394944199E0,1.024394944199E0,
1.024394944199E0,1.024394944199E0),(9.918683519338E-1,9.918683519338E-1,
9.918683519338E-1,9.918683519338E-1,9.918683519338E-1),(9.918683519338E-1,
9.918683519338E-1,9.918683519338E-1,9.918683519338E-1,9.918683519338E-1),(
1.024394944199E0,1.024394944199E0,1.024394944199E0,1.024394944199E0,
1.024394944199E0)))REPRESENTATION_ITEM('')SURFACE());
#17200=ORIENTED_EDGE('',*,*,#17199,.F.);
#17202=ORIENTED_EDGE('',*,*,#17201,.F.);
#17203=ORIENTED_EDGE('',*,*,#17170,.F.);
#17204=ORIENTED_EDGE('',*,*,#16458,.T.);
#17205=EDGE_LOOP('',(#17200,#17202,#17203,#17204));
#17206=FACE_OUTER_BOUND('',#17205,.F.);
#17207=ADVANCED_FACE('',(#17206),#17198,.T.);
#17208=CARTESIAN_POINT('',(2.319527581149E1,-3.425564905602E1,1.81E0));
#17209=DIRECTION('',(-3.679638904665E-1,6.038232980871E-1,-7.071067811865E-1));
#17210=DIRECTION('',(-3.679638904665E-1,6.038232980871E-1,7.071067811865E-1));
#17211=AXIS2_PLACEMENT_3D('',#17208,#17209,#17210);
#17212=SPHERICAL_SURFACE('',#17211,4.E-1);
#17213=ORIENTED_EDGE('',*,*,#17199,.T.);
#17214=ORIENTED_EDGE('',*,*,#16483,.T.);
#17216=ORIENTED_EDGE('',*,*,#17215,.T.);
#17217=EDGE_LOOP('',(#17213,#17214,#17216));
#17218=FACE_OUTER_BOUND('',#17217,.F.);
#17219=ADVANCED_FACE('',(#17218),#17212,.T.);
#17220=CARTESIAN_POINT('',(2.58336E1,-3.85851E1,1.81E0));
#17221=DIRECTION('',(0.E0,0.E0,1.E0));
#17222=DIRECTION('',(-3.461458366539E-1,9.381807180747E-1,0.E0));
#17223=AXIS2_PLACEMENT_3D('',#17220,#17221,#17222);
#17224=TOROIDAL_SURFACE('',#17223,5.07E0,4.E-1);
#17226=ORIENTED_EDGE('',*,*,#17225,.F.);
#17228=ORIENTED_EDGE('',*,*,#17227,.F.);
#17229=ORIENTED_EDGE('',*,*,#17215,.F.);
#17230=ORIENTED_EDGE('',*,*,#16498,.T.);
#17231=EDGE_LOOP('',(#17226,#17228,#17229,#17230));
#17232=FACE_OUTER_BOUND('',#17231,.F.);
#17233=ADVANCED_FACE('',(#17232),#17224,.T.);
#17234=CARTESIAN_POINT('',(2.154914905602E1,-3.587431042708E1,1.81E0));
#17235=DIRECTION('',(2.782376169026E-1,9.603843670541E-1,-1.567469484145E-2));
#17236=DIRECTION('',(-9.604726391743E-1,2.783373352408E-1,4.542819461196E-3));
#17237=AXIS2_PLACEMENT_3D('',#17234,#17235,#17236);
#17238=SPHERICAL_SURFACE('',#17237,4.E-1);
#17240=ORIENTED_EDGE('',*,*,#17239,.T.);
#17241=ORIENTED_EDGE('',*,*,#17225,.T.);
#17242=ORIENTED_EDGE('',*,*,#16536,.T.);
#17243=EDGE_LOOP('',(#17240,#17241,#17242));
#17244=FACE_OUTER_BOUND('',#17243,.F.);
#17245=ADVANCED_FACE('',(#17244),#17238,.T.);
#17246=CARTESIAN_POINT('',(2.114955433845E1,-3.588858427615E1,
1.828164041543E0));
#17247=CARTESIAN_POINT('',(2.114920309048E1,-3.588913937254E1,
1.787915010841E0));
#17248=CARTESIAN_POINT('',(2.114810073652E1,-3.589088223213E1,
1.661597758423E0));
#17249=CARTESIAN_POINT('',(2.114699838286E1,-3.589262744718E1,
1.535280540811E0));
#17250=CARTESIAN_POINT('',(2.114624727719E1,-3.589381767450E1,
1.449212355545E0));
#17251=CARTESIAN_POINT('',(2.114641962234E1,-3.580230769844E1,
1.827001510350E0));
#17252=CARTESIAN_POINT('',(2.114606837139E1,-3.580286279952E1,
1.786752138547E0));
#17253=CARTESIAN_POINT('',(2.114496600808E1,-3.580460567390E1,
1.660433814635E0));
#17254=CARTESIAN_POINT('',(2.114386364504E1,-3.580635090380E1,
1.534115522424E0));
#17255=CARTESIAN_POINT('',(2.114311253296E1,-3.580754114126E1,
1.448046603511E0));
#17256=CARTESIAN_POINT('',(2.117044303010E1,-3.571938683035E1,
1.825648254225E0));
#17257=CARTESIAN_POINT('',(2.117009177629E1,-3.571994193596E1,
1.785398554589E0));
#17258=CARTESIAN_POINT('',(2.116898940400E1,-3.572168482454E1,
1.659079200858E0));
#17259=CARTESIAN_POINT('',(2.116788703195E1,-3.572343006872E1,
1.532759875845E0));
#17260=CARTESIAN_POINT('',(2.116713591372E1,-3.572462031592E1,
1.446690251821E0));
#17261=CARTESIAN_POINT('',(2.121921133437E1,-3.564815133567E1,
1.824240212033E0));
#17262=CARTESIAN_POINT('',(2.121886007811E1,-3.564870644517E1,
1.783990230762E0));
#17263=CARTESIAN_POINT('',(2.121775769809E1,-3.565044934595E1,
1.657669992337E0));
#17264=CARTESIAN_POINT('',(2.121665531830E1,-3.565219460239E1,
1.531349780066E0));
#17265=CARTESIAN_POINT('',(2.121590419478E1,-3.565338485797E1,
1.445279550296E0));
#17266=(BOUNDED_SURFACE()B_SPLINE_SURFACE(3,3,((#17246,#17247,#17248,#17249,
#17250),(#17251,#17252,#17253,#17254,#17255),(#17256,#17257,#17258,#17259,
#17260),(#17261,#17262,#17263,#17264,#17265)),.UNSPECIFIED.,.F.,.F.,.F.)B_SPLINE_SURFACE_WITH_KNOTS((4,4),(4,1,4),(0.E0,1.E0),(5.126151351783E-1,
6.667932238870E-1,9.964865207647E-1),.UNSPECIFIED.)GEOMETRIC_REPRESENTATION_ITEM()RATIONAL_B_SPLINE_SURFACE(((1.025760215433E0,1.025760215433E0,1.025760215433E0,
1.025760215433E0,1.025760215433E0),(9.914132615223E-1,9.914132615223E-1,
9.914132615223E-1,9.914132615223E-1,9.914132615223E-1),(9.914132615223E-1,
9.914132615223E-1,9.914132615223E-1,9.914132615223E-1,9.914132615223E-1),(
1.025760215433E0,1.025760215433E0,1.025760215433E0,1.025760215433E0,
1.025760215433E0)))REPRESENTATION_ITEM('')SURFACE());
#17267=ORIENTED_EDGE('',*,*,#17239,.F.);
#17268=ORIENTED_EDGE('',*,*,#17028,.T.);
#17270=ORIENTED_EDGE('',*,*,#17269,.T.);
#17272=ORIENTED_EDGE('',*,*,#17271,.F.);
#17273=EDGE_LOOP('',(#17267,#17268,#17270,#17272));
#17274=FACE_OUTER_BOUND('',#17273,.F.);
#17275=ADVANCED_FACE('',(#17274),#17266,.T.);
#17276=CARTESIAN_POINT('',(2.134159831503E1,-3.621964677522E1,
1.519426688573E0));
#17277=CARTESIAN_POINT('',(2.134172084642E1,-3.622038388383E1,
1.512964174297E0));
#17278=CARTESIAN_POINT('',(2.134231535999E1,-3.622422428924E1,
1.473038834595E0));
#17279=CARTESIAN_POINT('',(2.134148329430E1,-3.622310558984E1,
1.395810102583E0));
#17280=CARTESIAN_POINT('',(2.133549707857E1,-3.620081234890E1,
1.289648266012E0));
#17281=CARTESIAN_POINT('',(2.132453123776E1,-3.615746936590E1,
1.188415974868E0));
#17282=CARTESIAN_POINT('',(2.130932698973E1,-3.609639347407E1,
1.098325864109E0));
#17283=CARTESIAN_POINT('',(2.129116202850E1,-3.602228045195E1,
1.022122381967E0));
#17284=CARTESIAN_POINT('',(2.127113077723E1,-3.593810523154E1,
9.593823935984E-1));
#17285=CARTESIAN_POINT('',(2.125010643347E1,-3.584523090658E1,
9.089067918475E-1));
#17286=CARTESIAN_POINT('',(2.122886162903E1,-3.574418481111E1,
8.698176784106E-1));
#17287=CARTESIAN_POINT('',(2.120810722200E1,-3.563496222615E1,
8.417079627722E-1));
#17288=CARTESIAN_POINT('',(2.118852545821E1,-3.551715716901E1,
8.247026528874E-1));
#17289=CARTESIAN_POINT('',(2.117085872905E1,-3.539015378260E1,
8.196176459055E-1));
#17290=CARTESIAN_POINT('',(2.115602714906E1,-3.525345287078E1,
8.280899581241E-1));
#17291=CARTESIAN_POINT('',(2.114521202330E1,-3.510681352888E1,
8.527304669872E-1));
#17292=CARTESIAN_POINT('',(2.114170901186E1,-3.500078971975E1,
8.831416200300E-1));
#17293=CARTESIAN_POINT('',(2.114132904918E1,-3.494329428461E1,
9.040616470666E-1));
#17294=CARTESIAN_POINT('',(2.114130675109E1,-3.493545585696E1,
9.070005978366E-1));
#17295=CARTESIAN_POINT('',(2.112998842984E1,-3.609399216018E1,
1.509068912008E0));
#17296=CARTESIAN_POINT('',(2.113005600643E1,-3.609471550100E1,
1.503893104860E0));
#17297=CARTESIAN_POINT('',(2.113037288482E1,-3.609849051060E1,
1.471894041773E0));
#17298=CARTESIAN_POINT('',(2.112973130848E1,-3.609747319144E1,
1.409797604909E0));
#17299=CARTESIAN_POINT('',(2.112578999747E1,-3.607588423264E1,
1.325052771411E0));
#17300=CARTESIAN_POINT('',(2.111890980792E1,-3.603395931001E1,
1.246024895864E0));
#17301=CARTESIAN_POINT('',(2.110994237160E1,-3.597517759154E1,
1.178417064026E0));
#17302=CARTESIAN_POINT('',(2.110011974138E1,-3.590436725299E1,
1.124444823280E0));
#17303=CARTESIAN_POINT('',(2.109053666939E1,-3.582465830860E1,
1.083466795432E0));
#17304=CARTESIAN_POINT('',(2.108213025225E1,-3.573760715432E1,
1.054155859199E0));
#17305=CARTESIAN_POINT('',(2.107576257639E1,-3.564397065553E1,
1.035448191820E0));
#17306=CARTESIAN_POINT('',(2.107226612332E1,-3.554402640526E1,
1.026690708831E0));
#17307=CARTESIAN_POINT('',(2.107249804399E1,-3.543772921940E1,
1.027691970540E0));
#17308=CARTESIAN_POINT('',(2.107743939250E1,-3.532493301931E1,
1.038808403655E0));
#17309=CARTESIAN_POINT('',(2.108829041444E1,-3.520573301590E1,
1.060962364149E0));
#17310=CARTESIAN_POINT('',(2.110656924796E1,-3.508064852987E1,
1.095671550639E0));
#17311=CARTESIAN_POINT('',(2.112540814375E1,-3.499267757556E1,
1.129280897930E0));
#17312=CARTESIAN_POINT('',(2.113764084219E1,-3.494590178282E1,
1.150354311588E0));
#17313=CARTESIAN_POINT('',(2.113934800669E1,-3.493954317308E1,
1.153282624870E0));
#17314=CARTESIAN_POINT('',(2.107712979138E1,-3.585449069174E1,
1.486269644286E0));
#17315=CARTESIAN_POINT('',(2.107709297140E1,-3.585500480271E1,
1.483528050290E0));
#17316=CARTESIAN_POINT('',(2.107688038898E1,-3.585769134174E1,
1.466574002099E0));
#17317=CARTESIAN_POINT('',(2.107660425477E1,-3.585703597965E1,
1.433635822818E0));
#17318=CARTESIAN_POINT('',(2.107655479569E1,-3.584192278069E1,
1.388799788464E0));
#17319=CARTESIAN_POINT('',(2.107719315221E1,-3.581217023879E1,
1.347325714377E0));
#17320=CARTESIAN_POINT('',(2.107911881584E1,-3.576968590128E1,
1.312371723784E0));
#17321=CARTESIAN_POINT('',(2.108296366558E1,-3.571742126408E1,
1.285114685592E0));
#17322=CARTESIAN_POINT('',(2.108933296800E1,-3.565732444312E1,
1.265157797506E0));
#17323=CARTESIAN_POINT('',(2.109881630913E1,-3.559038382659E1,
1.251728898133E0));
#17324=CARTESIAN_POINT('',(2.111199144737E1,-3.551712650983E1,
1.244196433876E0));
#17325=CARTESIAN_POINT('',(2.112945686235E1,-3.543779651756E1,
1.242152768923E0));
#17326=CARTESIAN_POINT('',(2.115188567949E1,-3.535242251633E1,
1.245441493266E0));
#17327=CARTESIAN_POINT('',(2.118009284606E1,-3.526094663993E1,
1.254195367498E0));
#17328=CARTESIAN_POINT('',(2.121506333011E1,-3.516346358770E1,
1.268829620901E0));
#17329=CARTESIAN_POINT('',(2.125802482222E1,-3.506031911677E1,
1.290040001726E0));
#17330=CARTESIAN_POINT('',(2.129370135714E1,-3.498703579863E1,
1.309588376848E0));
#17331=CARTESIAN_POINT('',(2.131473640195E1,-3.494773857619E1,
1.321565593237E0));
#17332=CARTESIAN_POINT('',(2.131763744726E1,-3.494238957554E1,
1.323225091952E0));
#17333=CARTESIAN_POINT('',(2.121640425208E1,-3.565239489761E1,
1.465427322692E0));
#17334=CARTESIAN_POINT('',(2.121627952340E1,-3.565263645173E1,
1.464730167558E0));
#17335=CARTESIAN_POINT('',(2.121562002529E1,-3.565389884803E1,
1.460438483900E0));
#17336=CARTESIAN_POINT('',(2.121565349807E1,-3.565363743281E1,
1.452270190098E0));
#17337=CARTESIAN_POINT('',(2.121888501418E1,-3.564668183033E1,
1.440631119484E0));
#17338=CARTESIAN_POINT('',(2.122572661900E1,-3.563216875752E1,
1.428343854559E0));
#17339=CARTESIAN_POINT('',(2.123632234391E1,-3.560969271229E1,
1.415593364629E0));
#17340=CARTESIAN_POINT('',(2.125052838949E1,-3.557950461465E1,
1.402664019839E0));
#17341=CARTESIAN_POINT('',(2.126827984744E1,-3.554178010670E1,
1.389711955850E0));
#17342=CARTESIAN_POINT('',(2.128962684710E1,-3.549653697320E1,
1.376852470976E0));
#17343=CARTESIAN_POINT('',(2.131466859806E1,-3.544375834491E1,
1.364231483163E0));
#17344=CARTESIAN_POINT('',(2.134356173219E1,-3.538335999737E1,
1.352023239493E0));
#17345=CARTESIAN_POINT('',(2.137655263646E1,-3.531511086089E1,
1.340435714655E0));
#17346=CARTESIAN_POINT('',(2.141399028335E1,-3.523860400680E1,
1.329755059465E0));
#17347=CARTESIAN_POINT('',(2.145628490911E1,-3.515333902734E1,
1.320417176222E0));
#17348=CARTESIAN_POINT('',(2.150392990271E1,-3.505866393788E1,
1.313086178151E0));
#17349=CARTESIAN_POINT('',(2.154030632279E1,-3.498742734423E1,
1.310194350146E0));
#17350=CARTESIAN_POINT('',(2.156077444736E1,-3.494764467334E1,
1.309570313118E0));
#17351=CARTESIAN_POINT('',(2.156357981932E1,-3.494219747384E1,
1.309504115525E0));
#17352=(BOUNDED_SURFACE()B_SPLINE_SURFACE(3,3,((#17276,#17277,#17278,#17279,
#17280,#17281,#17282,#17283,#17284,#17285,#17286,#17287,#17288,#17289,#17290,
#17291,#17292,#17293,#17294),(#17295,#17296,#17297,#17298,#17299,#17300,#17301,
#17302,#17303,#17304,#17305,#17306,#17307,#17308,#17309,#17310,#17311,#17312,
#17313),(#17314,#17315,#17316,#17317,#17318,#17319,#17320,#17321,#17322,#17323,
#17324,#17325,#17326,#17327,#17328,#17329,#17330,#17331,#17332),(#17333,#17334,
#17335,#17336,#17337,#17338,#17339,#17340,#17341,#17342,#17343,#17344,#17345,
#17346,#17347,#17348,#17349,#17350,#17351)),.UNSPECIFIED.,.F.,.F.,.F.)B_SPLINE_SURFACE_WITH_KNOTS((4,4),(4,1,1,1,1,1,1,1,1,1,1,1,1,1,1,1,4),(0.E0,1.E0),(
2.559711721399E-2,3.149555943268E-2,6.186682372423E-2,9.432371162565E-2,
1.305729356999E-1,1.702083853234E-1,2.136015388767E-1,2.614004110442E-1,
3.140996350151E-1,3.723838582622E-1,4.366752212595E-1,5.075048608642E-1,
5.859417177608E-1,6.729601577509E-1,7.695612694509E-1,8.776884454921E-1,
8.948759253427E-1),.UNSPECIFIED.)GEOMETRIC_REPRESENTATION_ITEM()RATIONAL_B_SPLINE_SURFACE(((1.187482987761E0,1.187482987761E0,1.187482987761E0,1.187482987761E0,
1.187482987761E0,1.187482987761E0,1.187482987761E0,1.187482987761E0,
1.187482987761E0,1.187482987761E0,1.187482987761E0,1.187482987761E0,
1.187482987761E0,1.187482987761E0,1.187482987761E0,1.187482987761E0,
1.187482987761E0,1.187482987761E0,1.187482987761E0),(9.375056707463E-1,
9.375056707463E-1,9.375056707463E-1,9.375056707463E-1,9.375056707463E-1,
9.375056707463E-1,9.375056707463E-1,9.375056707463E-1,9.375056707463E-1,
9.375056707463E-1,9.375056707463E-1,9.375056707463E-1,9.375056707463E-1,
9.375056707463E-1,9.375056707463E-1,9.375056707463E-1,9.375056707463E-1,
9.375056707463E-1,9.375056707463E-1),(9.375056707463E-1,9.375056707463E-1,
9.375056707463E-1,9.375056707463E-1,9.375056707463E-1,9.375056707463E-1,
9.375056707463E-1,9.375056707463E-1,9.375056707463E-1,9.375056707463E-1,
9.375056707463E-1,9.375056707463E-1,9.375056707463E-1,9.375056707463E-1,
9.375056707463E-1,9.375056707463E-1,9.375056707463E-1,9.375056707463E-1,
9.375056707463E-1),(1.187482987761E0,1.187482987761E0,1.187482987761E0,
1.187482987761E0,1.187482987761E0,1.187482987761E0,1.187482987761E0,
1.187482987761E0,1.187482987761E0,1.187482987761E0,1.187482987761E0,
1.187482987761E0,1.187482987761E0,1.187482987761E0,1.187482987761E0,
1.187482987761E0,1.187482987761E0,1.187482987761E0,1.187482987761E0)))REPRESENTATION_ITEM('')SURFACE());
#17353=ORIENTED_EDGE('',*,*,#17026,.T.);
#17354=ORIENTED_EDGE('',*,*,#17043,.T.);
#17356=ORIENTED_EDGE('',*,*,#17355,.F.);
#17357=ORIENTED_EDGE('',*,*,#17269,.F.);
#17358=EDGE_LOOP('',(#17353,#17354,#17356,#17357));
#17359=FACE_OUTER_BOUND('',#17358,.F.);
#17360=ADVANCED_FACE('',(#17359),#17352,.T.);
#17361=CARTESIAN_POINT('',(2.58336E1,-3.85851E1,1.46E0));
#17362=DIRECTION('',(0.E0,0.E0,1.E0));
#17363=DIRECTION('',(8.599959476055E-1,5.103008623372E-1,0.E0));
#17364=AXIS2_PLACEMENT_3D('',#17361,#17362,#17363);
#17365=TOROIDAL_SURFACE('',#17364,5.62E0,1.5E-1);
#17366=ORIENTED_EDGE('',*,*,#17172,.T.);
#17368=ORIENTED_EDGE('',*,*,#17367,.T.);
#17369=ORIENTED_EDGE('',*,*,#17355,.T.);
#17371=ORIENTED_EDGE('',*,*,#17370,.F.);
#17372=EDGE_LOOP('',(#17366,#17368,#17369,#17371));
#17373=FACE_OUTER_BOUND('',#17372,.F.);
#17374=ADVANCED_FACE('',(#17373),#17365,.F.);
#17375=CARTESIAN_POINT('',(2.58336E1,-3.85851E1,2.21E0));
#17376=DIRECTION('',(0.E0,0.E0,1.E0));
#17377=DIRECTION('',(1.E0,0.E0,0.E0));
#17378=AXIS2_PLACEMENT_3D('',#17375,#17376,#17377);
#17379=CYLINDRICAL_SURFACE('',#17378,5.47E0);
#17380=ORIENTED_EDGE('',*,*,#17227,.T.);
#17381=ORIENTED_EDGE('',*,*,#17271,.T.);
#17382=ORIENTED_EDGE('',*,*,#17367,.F.);
#17383=ORIENTED_EDGE('',*,*,#17201,.T.);
#17384=EDGE_LOOP('',(#17380,#17381,#17382,#17383));
#17385=FACE_OUTER_BOUND('',#17384,.F.);
#17386=ADVANCED_FACE('',(#17385),#17379,.T.);
#17387=CARTESIAN_POINT('',(2.58336E1,-3.73351E1,1.31E0));
#17388=DIRECTION('',(0.E0,0.E0,1.E0));
#17389=DIRECTION('',(1.E0,0.E0,0.E0));
#17390=AXIS2_PLACEMENT_3D('',#17387,#17388,#17389);
#17391=PLANE('',#17390);
#17392=ORIENTED_EDGE('',*,*,#17082,.T.);
#17393=ORIENTED_EDGE('',*,*,#17370,.T.);
#17394=ORIENTED_EDGE('',*,*,#17041,.T.);
#17395=ORIENTED_EDGE('',*,*,#17068,.T.);
#17396=EDGE_LOOP('',(#17392,#17393,#17394,#17395));
#17397=FACE_OUTER_BOUND('',#17396,.F.);
#17398=ADVANCED_FACE('',(#17397),#17391,.T.);
#17399=CARTESIAN_POINT('',(2.58336E1,-3.73351E1,2.21E0));
#17400=DIRECTION('',(0.E0,0.E0,1.E0));
#17401=DIRECTION('',(0.E0,1.E0,0.E0));
#17402=AXIS2_PLACEMENT_3D('',#17399,#17400,#17401);
#17403=CYLINDRICAL_SURFACE('',#17402,3.95E-1);
#17405=ORIENTED_EDGE('',*,*,#17404,.T.);
#17407=ORIENTED_EDGE('',*,*,#17406,.F.);
#17408=ORIENTED_EDGE('',*,*,#16513,.F.);
#17410=ORIENTED_EDGE('',*,*,#17409,.T.);
#17411=EDGE_LOOP('',(#17405,#17407,#17408,#17410));
#17412=FACE_OUTER_BOUND('',#17411,.F.);
#17413=ADVANCED_FACE('',(#17412),#17403,.F.);
#17414=CARTESIAN_POINT('',(0.E0,0.E0,2.084E0));
#17415=DIRECTION('',(0.E0,0.E0,-1.E0));
#17416=DIRECTION('',(1.E0,0.E0,0.E0));
#17417=AXIS2_PLACEMENT_3D('',#17414,#17415,#17416);
#17418=PLANE('',#17417);
#17419=ORIENTED_EDGE('',*,*,#17404,.F.);
#17421=ORIENTED_EDGE('',*,*,#17420,.F.);
#17422=EDGE_LOOP('',(#17419,#17421));
#17423=FACE_OUTER_BOUND('',#17422,.F.);
#17424=ADVANCED_FACE('',(#17423),#17418,.F.);
#17425=CARTESIAN_POINT('',(2.58336E1,-3.73351E1,2.21E0));
#17426=DIRECTION('',(0.E0,0.E0,1.E0));
#17427=DIRECTION('',(0.E0,1.E0,0.E0));
#17428=AXIS2_PLACEMENT_3D('',#17425,#17426,#17427);
#17429=CYLINDRICAL_SURFACE('',#17428,3.95E-1);
#17430=ORIENTED_EDGE('',*,*,#17420,.T.);
#17431=ORIENTED_EDGE('',*,*,#17409,.F.);
#17432=ORIENTED_EDGE('',*,*,#16515,.F.);
#17433=ORIENTED_EDGE('',*,*,#17406,.T.);
#17434=EDGE_LOOP('',(#17430,#17431,#17432,#17433));
#17435=FACE_OUTER_BOUND('',#17434,.F.);
#17436=ADVANCED_FACE('',(#17435),#17429,.F.);
#17437=CARTESIAN_POINT('',(2.249183492133E1,-3.983061640533E1,
2.195526991097E0));
#17438=CARTESIAN_POINT('',(2.249464981260E1,-3.983093055948E1,
2.315804121192E0));
#17439=CARTESIAN_POINT('',(2.240790596918E1,-3.982124956818E1,
2.398607468748E0));
#17440=CARTESIAN_POINT('',(2.228868479934E1,-3.980794396560E1,
2.389448651650E0));
#17441=CARTESIAN_POINT('',(2.251452210082E1,-3.962733421191E1,
2.195526991097E0));
#17442=CARTESIAN_POINT('',(2.251753766755E1,-3.962585026902E1,
2.315804121192E0));
#17443=CARTESIAN_POINT('',(2.242460979777E1,-3.967157953465E1,
2.398607468748E0));
#17444=CARTESIAN_POINT('',(2.229688927133E1,-3.973443006479E1,
2.389448651650E0));
#17445=CARTESIAN_POINT('',(2.237814426952E1,-3.947488931891E1,
2.195526991097E0));
#17446=CARTESIAN_POINT('',(2.237995353003E1,-3.947205695141E1,
2.315804121192E0));
#17447=CARTESIAN_POINT('',(2.232419925890E1,-3.955933934350E1,
2.398607468748E0));
#17448=CARTESIAN_POINT('',(2.224757031135E1,-3.967930069732E1,
2.389448651650E0));
#17449=CARTESIAN_POINT('',(2.217359999980E1,-3.947488931904E1,
2.195526991097E0));
#17450=CARTESIAN_POINT('',(2.217359999980E1,-3.947205695154E1,
2.315804121192E0));
#17451=CARTESIAN_POINT('',(2.217359999985E1,-3.955933934359E1,
2.398607468748E0));
#17452=CARTESIAN_POINT('',(2.217359999993E1,-3.967930069737E1,
2.389448651650E0));
#17453=CARTESIAN_POINT('',(2.196905573008E1,-3.947488931917E1,
2.195526991097E0));
#17454=CARTESIAN_POINT('',(2.196724646956E1,-3.947205695167E1,
2.315804121192E0));
#17455=CARTESIAN_POINT('',(2.202300074080E1,-3.955933934369E1,
2.398607468748E0));
#17456=CARTESIAN_POINT('',(2.209962968851E1,-3.967930069741E1,
2.389448651650E0));
#17457=CARTESIAN_POINT('',(2.183267789897E1,-3.962733421235E1,
2.195526991097E0));
#17458=CARTESIAN_POINT('',(2.182966233223E1,-3.962585026945E1,
2.315804121192E0));
#17459=CARTESIAN_POINT('',(2.192259020207E1,-3.967157953497E1,
2.398607468748E0));
#17460=CARTESIAN_POINT('',(2.205031072860E1,-3.973443006495E1,
2.389448651650E0));
#17461=CARTESIAN_POINT('',(2.185536507871E1,-3.983061640574E1,
2.195526991097E0));
#17462=CARTESIAN_POINT('',(2.185255018745E1,-3.983093055988E1,
2.315804121192E0));
#17463=CARTESIAN_POINT('',(2.193929403085E1,-3.982124956848E1,
2.398607468748E0));
#17464=CARTESIAN_POINT('',(2.205851520068E1,-3.980794396574E1,
2.389448651650E0));
#17465=(BOUNDED_SURFACE()B_SPLINE_SURFACE(3,3,((#17437,#17438,#17439,#17440),(
#17441,#17442,#17443,#17444),(#17445,#17446,#17447,#17448),(#17449,#17450,
#17451,#17452),(#17453,#17454,#17455,#17456),(#17457,#17458,#17459,#17460),(
#17461,#17462,#17463,#17464)),.UNSPECIFIED.,.F.,.F.,.F.)B_SPLINE_SURFACE_WITH_KNOTS((4,3,4),(4,4),(0.E0,1.E0,2.E0),(0.E0,1.E0),.UNSPECIFIED.)GEOMETRIC_REPRESENTATION_ITEM()RATIONAL_B_SPLINE_SURFACE(((1.436222195437E0,1.121188942556E0,
1.121188942556E0,1.436222195437E0),(1.117131851780E0,8.720906023953E-1,
8.720906023953E-1,1.117131851780E0),(1.117131851780E0,8.720906023953E-1,
8.720906023953E-1,1.117131851780E0),(1.436222195437E0,1.121188942556E0,
1.121188942556E0,1.436222195437E0),(1.117131851780E0,8.720906023953E-1,
8.720906023953E-1,1.117131851780E0),(1.117131851780E0,8.720906023953E-1,
8.720906023953E-1,1.117131851780E0),(1.436222195437E0,1.121188942556E0,
1.121188942556E0,1.436222195437E0)))REPRESENTATION_ITEM('')SURFACE());
#17467=ORIENTED_EDGE('',*,*,#17466,.T.);
#17469=ORIENTED_EDGE('',*,*,#17468,.T.);
#17470=ORIENTED_EDGE('',*,*,#16519,.F.);
#17472=ORIENTED_EDGE('',*,*,#17471,.F.);
#17473=EDGE_LOOP('',(#17467,#17469,#17470,#17472));
#17474=FACE_OUTER_BOUND('',#17473,.F.);
#17475=ADVANCED_FACE('',(#17474),#17465,.T.);
#17476=CARTESIAN_POINT('',(2.58336E1,-3.73351E1,2.39E0));
#17477=DIRECTION('',(0.E0,0.E0,1.E0));
#17478=DIRECTION('',(1.E0,0.E0,0.E0));
#17479=AXIS2_PLACEMENT_3D('',#17476,#17477,#17478);
#17480=PLANE('',#17479);
#17481=ORIENTED_EDGE('',*,*,#17466,.F.);
#17483=ORIENTED_EDGE('',*,*,#17482,.F.);
#17484=EDGE_LOOP('',(#17481,#17483));
#17485=FACE_OUTER_BOUND('',#17484,.F.);
#17486=ADVANCED_FACE('',(#17485),#17480,.T.);
#17487=CARTESIAN_POINT('',(2.185536507867E1,-3.975958359467E1,
2.195526991097E0));
#17488=CARTESIAN_POINT('',(2.185255018740E1,-3.975926944052E1,
2.315804121192E0));
#17489=CARTESIAN_POINT('',(2.193929403082E1,-3.976895043182E1,
2.398607468748E0));
#17490=CARTESIAN_POINT('',(2.205851520066E1,-3.978225603440E1,
2.389448651650E0));
#17491=CARTESIAN_POINT('',(2.183267789918E1,-3.996286578809E1,
2.195526991097E0));
#17492=CARTESIAN_POINT('',(2.182966233245E1,-3.996434973098E1,
2.315804121192E0));
#17493=CARTESIAN_POINT('',(2.192259020223E1,-3.991862046535E1,
2.398607468748E0));
#17494=CARTESIAN_POINT('',(2.205031072867E1,-3.985576993521E1,
2.389448651650E0));
#17495=CARTESIAN_POINT('',(2.196905573048E1,-4.011531068109E1,
2.195526991097E0));
#17496=CARTESIAN_POINT('',(2.196724646997E1,-4.011814304859E1,
2.315804121192E0));
#17497=CARTESIAN_POINT('',(2.202300074110E1,-4.003086065650E1,
2.398607468748E0));
#17498=CARTESIAN_POINT('',(2.209962968865E1,-3.991089930268E1,
2.389448651650E0));
#17499=CARTESIAN_POINT('',(2.217360000020E1,-4.011531068096E1,
2.195526991097E0));
#17500=CARTESIAN_POINT('',(2.217360000020E1,-4.011814304846E1,
2.315804121192E0));
#17501=CARTESIAN_POINT('',(2.217360000015E1,-4.003086065641E1,
2.398607468748E0));
#17502=CARTESIAN_POINT('',(2.217360000007E1,-3.991089930263E1,
2.389448651650E0));
#17503=CARTESIAN_POINT('',(2.237814426992E1,-4.011531068083E1,
2.195526991097E0));
#17504=CARTESIAN_POINT('',(2.237995353044E1,-4.011814304833E1,
2.315804121192E0));
#17505=CARTESIAN_POINT('',(2.232419925920E1,-4.003086065631E1,
2.398607468748E0));
#17506=CARTESIAN_POINT('',(2.224757031149E1,-3.991089930259E1,
2.389448651650E0));
#17507=CARTESIAN_POINT('',(2.251452210103E1,-3.996286578765E1,
2.195526991097E0));
#17508=CARTESIAN_POINT('',(2.251753766777E1,-3.996434973055E1,
2.315804121192E0));
#17509=CARTESIAN_POINT('',(2.242460979793E1,-3.991862046503E1,
2.398607468748E0));
#17510=CARTESIAN_POINT('',(2.229688927140E1,-3.985576993505E1,
2.389448651650E0));
#17511=CARTESIAN_POINT('',(2.249183492129E1,-3.975958359426E1,
2.195526991097E0));
#17512=CARTESIAN_POINT('',(2.249464981255E1,-3.975926944012E1,
2.315804121192E0));
#17513=CARTESIAN_POINT('',(2.240790596915E1,-3.976895043152E1,
2.398607468748E0));
#17514=CARTESIAN_POINT('',(2.228868479932E1,-3.978225603426E1,
2.389448651650E0));
#17515=(BOUNDED_SURFACE()B_SPLINE_SURFACE(3,3,((#17487,#17488,#17489,#17490),(
#17491,#17492,#17493,#17494),(#17495,#17496,#17497,#17498),(#17499,#17500,
#17501,#17502),(#17503,#17504,#17505,#17506),(#17507,#17508,#17509,#17510),(
#17511,#17512,#17513,#17514)),.UNSPECIFIED.,.F.,.F.,.F.)B_SPLINE_SURFACE_WITH_KNOTS((4,3,4),(4,4),(0.E0,1.E0,2.E0),(0.E0,1.E0),.UNSPECIFIED.)GEOMETRIC_REPRESENTATION_ITEM()RATIONAL_B_SPLINE_SURFACE(((1.436222195437E0,1.121188942556E0,
1.121188942556E0,1.436222195437E0),(1.117131851780E0,8.720906023953E-1,
8.720906023953E-1,1.117131851780E0),(1.117131851780E0,8.720906023953E-1,
8.720906023953E-1,1.117131851780E0),(1.436222195437E0,1.121188942556E0,
1.121188942556E0,1.436222195437E0),(1.117131851780E0,8.720906023953E-1,
8.720906023953E-1,1.117131851780E0),(1.117131851780E0,8.720906023953E-1,
8.720906023953E-1,1.117131851780E0),(1.436222195437E0,1.121188942556E0,
1.121188942556E0,1.436222195437E0)))REPRESENTATION_ITEM('')SURFACE());
#17516=ORIENTED_EDGE('',*,*,#17482,.T.);
#17517=ORIENTED_EDGE('',*,*,#17471,.T.);
#17518=ORIENTED_EDGE('',*,*,#16521,.F.);
#17519=ORIENTED_EDGE('',*,*,#17468,.F.);
#17520=EDGE_LOOP('',(#17516,#17517,#17518,#17519));
#17521=FACE_OUTER_BOUND('',#17520,.F.);
#17522=ADVANCED_FACE('',(#17521),#17515,.T.);
#17523=CLOSED_SHELL('',(#7757,#7772,#7786,#7800,#7813,#7891,#7910,#7925,#7944,
#7958,#7971,#7991,#8005,#8021,#8043,#8057,#8073,#8088,#8105,#8118,#8131,#8143,
#8156,#8169,#8188,#8201,#8216,#8239,#8258,#8305,#8376,#8391,#8425,#8491,#8530,
#8543,#8576,#8594,#8608,#8624,#8639,#8652,#8667,#8680,#8696,#8711,#8722,#8734,
#8747,#8760,#8773,#8786,#8798,#8837,#8874,#8889,#8910,#8925,#8939,#8953,#8968,
#8982,#8996,#9010,#9028,#9043,#9056,#9071,#9082,#9094,#9109,#9123,#9137,#9152,
#9166,#9180,#9194,#9209,#9229,#9243,#9262,#9277,#9291,#9305,#9324,#9339,#9354,
#9368,#9383,#9397,#9410,#9426,#9439,#9462,#9477,#9499,#9512,#9525,#9537,#9550,
#9563,#9575,#9588,#9600,#9615,#9628,#9638,#9653,#9667,#9680,#9692,#9704,#9716,
#9755,#9792,#9807,#9828,#9843,#9857,#9871,#9886,#9900,#9914,#9928,#9946,#9961,
#9974,#9989,#10000,#10012,#10027,#10041,#10055,#10070,#10084,#10098,#10112,
#10127,#10147,#10161,#10180,#10195,#10209,#10223,#10242,#10257,#10272,#10286,
#10301,#10315,#10328,#10344,#10357,#10380,#10395,#10417,#10430,#10443,#10455,
#10468,#10481,#10493,#10506,#10518,#10533,#10546,#10556,#10571,#10585,#10598,
#10610,#10622,#10634,#10673,#10710,#10725,#10746,#10761,#10775,#10789,#10804,
#10818,#10832,#10846,#10864,#10879,#10892,#10907,#10918,#10930,#10945,#10959,
#10973,#10988,#11002,#11016,#11030,#11045,#11065,#11079,#11098,#11113,#11127,
#11141,#11160,#11175,#11190,#11204,#11219,#11233,#11246,#11262,#11275,#11298,
#11313,#11335,#11348,#11361,#11373,#11386,#11399,#11411,#11424,#11436,#11451,
#11464,#11474,#11489,#11503,#11516,#11528,#11540,#11552,#11591,#11628,#11643,
#11664,#11679,#11693,#11707,#11722,#11736,#11750,#11764,#11782,#11797,#11810,
#11825,#11836,#11848,#11863,#11877,#11891,#11906,#11920,#11934,#11948,#11963,
#11983,#11997,#12016,#12031,#12045,#12059,#12078,#12093,#12108,#12122,#12137,
#12151,#12164,#12180,#12193,#12216,#12231,#12253,#12266,#12279,#12291,#12304,
#12317,#12329,#12342,#12354,#12369,#12382,#12392,#12407,#12421,#12434,#12446,
#12458,#12470,#12509,#12546,#12561,#12582,#12597,#12611,#12625,#12640,#12654,
#12668,#12682,#12700,#12715,#12728,#12743,#12754,#12766,#12781,#12795,#12809,
#12824,#12838,#12852,#12866,#12881,#12901,#12915,#12934,#12949,#12963,#12977,
#12996,#13011,#13026,#13040,#13055,#13069,#13082,#13098,#13111,#13134,#13149,
#13171,#13184,#13197,#13209,#13222,#13235,#13247,#13260,#13272,#13287,#13300,
#13310,#13325,#13339,#13352,#13364,#13376,#13388,#13427,#13464,#13479,#13500,
#13515,#13529,#13543,#13558,#13572,#13586,#13600,#13618,#13633,#13646,#13661,
#13672,#13684,#13699,#13713,#13727,#13742,#13756,#13770,#13784,#13799,#13819,
#13833,#13852,#13867,#13881,#13895,#13914,#13929,#13944,#13958,#13973,#13987,
#14000,#14016,#14029,#14052,#14067,#14089,#14102,#14115,#14127,#14140,#14153,
#14165,#14178,#14190,#14205,#14218,#14228,#14243,#14257,#14270,#14282,#14294,
#14306,#14345,#14382,#14397,#14418,#14433,#14447,#14461,#14476,#14490,#14504,
#14518,#14536,#14551,#14564,#14579,#14590,#14602,#14617,#14631,#14645,#14660,
#14674,#14688,#14702,#14717,#14737,#14751,#14770,#14785,#14799,#14813,#14832,
#14847,#14862,#14876,#14891,#14905,#14918,#14934,#14947,#14970,#14985,#15007,
#15020,#15033,#15045,#15058,#15071,#15083,#15096,#15108,#15123,#15136,#15146,
#15161,#15175,#15188,#15200,#15212,#15224,#15263,#15300,#15315,#15336,#15351,
#15365,#15379,#15394,#15408,#15422,#15436,#15454,#15469,#15482,#15497,#15508,
#15520,#15535,#15549,#15563,#15578,#15592,#15606,#15620,#15635,#15655,#15669,
#15688,#15703,#15717,#15731,#15750,#15765,#15780,#15794,#15809,#15823,#15836,
#15852,#15865,#15888,#15903,#15925,#15938,#15951,#15963,#15976,#15989,#16001,
#16014,#16026,#16041,#16054,#16064,#16079,#16093,#16106,#16118,#16130,#16142,
#16161,#16176,#16195,#16209,#16222,#16239,#16253,#16272,#16286,#16299,#16316,
#16330,#16349,#16363,#16376,#16393,#16407,#16425,#16438,#16450,#16475,#16490,
#16525,#16540,#16565,#16579,#16604,#16618,#16631,#16645,#16660,#16690,#16701,
#16791,#16805,#16831,#16846,#16863,#16892,#16977,#16990,#17002,#17014,#17032,
#17047,#17073,#17087,#17177,#17207,#17219,#17233,#17245,#17275,#17360,#17374,
#17386,#17398,#17413,#17424,#17436,#17475,#17486,#17522));
#17524=MANIFOLD_SOLID_BREP('',#17523);
#17525=(LENGTH_UNIT()NAMED_UNIT(*)SI_UNIT(.MILLI.,.METRE.));
#17526=DIMENSIONAL_EXPONENTS(0.E0,0.E0,0.E0,0.E0,0.E0,0.E0,0.E0);
#17527=(NAMED_UNIT(*)PLANE_ANGLE_UNIT()SI_UNIT($,.RADIAN.));
#17528=PLANE_ANGLE_MEASURE_WITH_UNIT(PLANE_ANGLE_MEASURE(1.745329251994E-2),
#17527);
#17529=(CONVERSION_BASED_UNIT('DEGREE',#17528)NAMED_UNIT(#17526)PLANE_ANGLE_UNIT());
#17530=(NAMED_UNIT(*)SI_UNIT($,.STERADIAN.)SOLID_ANGLE_UNIT());
#17531=UNCERTAINTY_MEASURE_WITH_UNIT(LENGTH_MEASURE(1.206455469642E-3),#17525,
'closure',
'Maximum model space distance between geometric entities at asserted connectivities');
#17532=(GEOMETRIC_REPRESENTATION_CONTEXT(3)GLOBAL_UNCERTAINTY_ASSIGNED_CONTEXT((
#17531))GLOBAL_UNIT_ASSIGNED_CONTEXT((#17525,#17529,#17530))REPRESENTATION_CONTEXT('ID1','3'));
#17534=APPLICATION_CONTEXT(
'CONFIGURATION CONTROLLED 3D DESIGNS OF MECHANICAL PARTS AND ASSEMBLIES');
#17535=APPLICATION_PROTOCOL_DEFINITION('international standard',
'config_control_design',1994,#17534);
#17536=DESIGN_CONTEXT('',#17534,'design');
#17537=MECHANICAL_CONTEXT('',#17534,'mechanical');
#17538=PRODUCT('50042853-001_SW0001','50042853-001_SW0001','NOT SPECIFIED',(
#17537));
#17539=PRODUCT_DEFINITION_FORMATION_WITH_SPECIFIED_SOURCE('1','LAST_VERSION',
#17538,.MADE.);
#17543=PRODUCT_CATEGORY('part','');
#17544=PRODUCT_RELATED_PRODUCT_CATEGORY('detail','',(#17538));
#17545=PRODUCT_CATEGORY_RELATIONSHIP('','',#17543,#17544);
#17546=SECURITY_CLASSIFICATION_LEVEL('unclassified');
#17547=SECURITY_CLASSIFICATION('','',#17546);
#17548=CC_DESIGN_SECURITY_CLASSIFICATION(#17547,(#17539));
#17549=APPROVAL_STATUS('approved');
#17550=APPROVAL(#17549,'');
#17551=CC_DESIGN_APPROVAL(#17550,(#17547,#17539,#17540));
#17552=CALENDAR_DATE(110,24,2);
#17553=COORDINATED_UNIVERSAL_TIME_OFFSET(5,30,.AHEAD.);
#17554=LOCAL_TIME(15,17,1.8E1,#17553);
#17555=DATE_AND_TIME(#17552,#17554);
#17556=APPROVAL_DATE_TIME(#17555,#17550);
#17557=DATE_TIME_ROLE('creation_date');
#17558=CC_DESIGN_DATE_AND_TIME_ASSIGNMENT(#17555,#17557,(#17540));
#17559=DATE_TIME_ROLE('classification_date');
#17560=CC_DESIGN_DATE_AND_TIME_ASSIGNMENT(#17555,#17559,(#17547));
#17561=PERSON('UNSPECIFIED','UNSPECIFIED',$,$,$,$);
#17562=ORGANIZATION('UNSPECIFIED','UNSPECIFIED','UNSPECIFIED');
#17563=PERSON_AND_ORGANIZATION(#17561,#17562);
#17564=APPROVAL_ROLE('approver');
#17565=APPROVAL_PERSON_ORGANIZATION(#17563,#17550,#17564);
#17566=PERSON_AND_ORGANIZATION_ROLE('creator');
#17567=CC_DESIGN_PERSON_AND_ORGANIZATION_ASSIGNMENT(#17563,#17566,(#17539,
#17540));
#17568=PERSON_AND_ORGANIZATION_ROLE('design_supplier');
#17569=CC_DESIGN_PERSON_AND_ORGANIZATION_ASSIGNMENT(#17563,#17568,(#17539));
#17570=PERSON_AND_ORGANIZATION_ROLE('classification_officer');
#17571=CC_DESIGN_PERSON_AND_ORGANIZATION_ASSIGNMENT(#17563,#17570,(#17547));
#17572=PERSON_AND_ORGANIZATION_ROLE('design_owner');
#17573=CC_DESIGN_PERSON_AND_ORGANIZATION_ASSIGNMENT(#17563,#17572,(#17538));
#25=CIRCLE('',#24,5.08E-1);
#34=CIRCLE('',#33,5.08E-1);
#43=CIRCLE('',#42,5.08E-1);
#52=CIRCLE('',#51,5.08E-1);
#57=CIRCLE('',#56,4.997635007250E-1);
#62=CIRCLE('',#61,4.997635007250E-1);
#67=CIRCLE('',#66,4.997635007250E-1);
#72=CIRCLE('',#71,4.997635007250E-1);
#77=CIRCLE('',#76,4.997635007250E-1);
#82=CIRCLE('',#81,4.997635007250E-1);
#87=CIRCLE('',#86,4.997635007250E-1);
#92=CIRCLE('',#91,4.997635007250E-1);
#97=CIRCLE('',#96,4.997635007250E-1);
#102=CIRCLE('',#101,4.997635007250E-1);
#107=CIRCLE('',#106,4.997635007250E-1);
#112=CIRCLE('',#111,4.997635007250E-1);
#117=CIRCLE('',#116,4.997635007250E-1);
#122=CIRCLE('',#121,4.997635007250E-1);
#127=CIRCLE('',#126,4.997635007250E-1);
#132=CIRCLE('',#131,4.997635007250E-1);
#173=CIRCLE('',#172,5.08E-1);
#182=CIRCLE('',#181,5.08E-1);
#191=CIRCLE('',#190,5.08E-1);
#200=CIRCLE('',#199,5.08E-1);
#220=B_SPLINE_CURVE_WITH_KNOTS('',3,(#201,#202,#203,#204,#205,#206,#207,#208,
#209,#210,#211,#212,#213,#214,#215,#216,#217,#218,#219),.UNSPECIFIED.,.F.,.F.,
(4,1,1,1,1,1,1,1,1,1,1,1,1,1,1,1,4),(0.E0,6.25E-2,1.25E-1,1.875E-1,2.5E-1,
3.125E-1,3.75E-1,4.375E-1,5.E-1,5.625E-1,6.25E-1,6.875E-1,7.5E-1,8.125E-1,
8.75E-1,9.375E-1,1.E0),.UNSPECIFIED.);
#241=B_SPLINE_CURVE_WITH_KNOTS('',3,(#221,#222,#223,#224,#225,#226,#227,#228,
#229,#230,#231,#232,#233,#234,#235,#236,#237,#238,#239,#240),.UNSPECIFIED.,.F.,
.F.,(4,1,1,1,1,1,1,1,1,1,1,1,1,1,1,1,1,4),(0.E0,5.882352941176E-2,
1.176470588235E-1,1.764705882353E-1,2.352941176471E-1,2.941176470588E-1,
3.529411764706E-1,4.117647058824E-1,4.705882352941E-1,5.294117647059E-1,
5.882352941176E-1,6.470588235294E-1,7.058823529412E-1,7.647058823529E-1,
8.235294117647E-1,8.823529411765E-1,9.411764705882E-1,1.E0),.UNSPECIFIED.);
#261=B_SPLINE_CURVE_WITH_KNOTS('',3,(#242,#243,#244,#245,#246,#247,#248,#249,
#250,#251,#252,#253,#254,#255,#256,#257,#258,#259,#260),.UNSPECIFIED.,.F.,.F.,
(4,1,1,1,1,1,1,1,1,1,1,1,1,1,1,1,4),(0.E0,6.25E-2,1.25E-1,1.875E-1,2.5E-1,
3.125E-1,3.75E-1,4.375E-1,5.E-1,5.625E-1,6.25E-1,6.875E-1,7.5E-1,8.125E-1,
8.75E-1,9.375E-1,1.E0),.UNSPECIFIED.);
#283=B_SPLINE_CURVE_WITH_KNOTS('',3,(#262,#263,#264,#265,#266,#267,#268,#269,
#270,#271,#272,#273,#274,#275,#276,#277,#278,#279,#280,#281,#282),.UNSPECIFIED.,
.F.,.F.,(4,1,1,1,1,1,1,1,1,1,1,1,1,1,1,1,1,1,4),(0.E0,5.555555555556E-2,
1.111111111111E-1,1.666666666667E-1,2.222222222222E-1,2.777777777778E-1,
3.333333333333E-1,3.888888888889E-1,4.444444444444E-1,5.E-1,5.555555555556E-1,
6.111111111111E-1,6.666666666667E-1,7.222222222222E-1,7.777777777778E-1,
8.333333333333E-1,8.888888888889E-1,9.444444444444E-1,1.E0),.UNSPECIFIED.);
#303=B_SPLINE_CURVE_WITH_KNOTS('',3,(#284,#285,#286,#287,#288,#289,#290,#291,
#292,#293,#294,#295,#296,#297,#298,#299,#300,#301,#302),.UNSPECIFIED.,.F.,.F.,
(4,1,1,1,1,1,1,1,1,1,1,1,1,1,1,1,4),(0.E0,6.25E-2,1.25E-1,1.875E-1,2.5E-1,
3.125E-1,3.75E-1,4.375E-1,5.E-1,5.625E-1,6.25E-1,6.875E-1,7.5E-1,8.125E-1,
8.75E-1,9.375E-1,1.E0),.UNSPECIFIED.);
#325=B_SPLINE_CURVE_WITH_KNOTS('',3,(#304,#305,#306,#307,#308,#309,#310,#311,
#312,#313,#314,#315,#316,#317,#318,#319,#320,#321,#322,#323,#324),.UNSPECIFIED.,
.F.,.F.,(4,1,1,1,1,1,1,1,1,1,1,1,1,1,1,1,1,1,4),(0.E0,5.555555555556E-2,
1.111111111111E-1,1.666666666667E-1,2.222222222222E-1,2.777777777778E-1,
3.333333333333E-1,3.888888888889E-1,4.444444444444E-1,5.E-1,5.555555555556E-1,
6.111111111111E-1,6.666666666667E-1,7.222222222222E-1,7.777777777778E-1,
8.333333333333E-1,8.888888888889E-1,9.444444444444E-1,1.E0),.UNSPECIFIED.);
#345=B_SPLINE_CURVE_WITH_KNOTS('',3,(#326,#327,#328,#329,#330,#331,#332,#333,
#334,#335,#336,#337,#338,#339,#340,#341,#342,#343,#344),.UNSPECIFIED.,.F.,.F.,
(4,1,1,1,1,1,1,1,1,1,1,1,1,1,1,1,4),(0.E0,6.25E-2,1.25E-1,1.875E-1,2.5E-1,
3.125E-1,3.75E-1,4.375E-1,5.E-1,5.625E-1,6.25E-1,6.875E-1,7.5E-1,8.125E-1,
8.75E-1,9.375E-1,1.E0),.UNSPECIFIED.);
#367=B_SPLINE_CURVE_WITH_KNOTS('',3,(#346,#347,#348,#349,#350,#351,#352,#353,
#354,#355,#356,#357,#358,#359,#360,#361,#362,#363,#364,#365,#366),.UNSPECIFIED.,
.F.,.F.,(4,1,1,1,1,1,1,1,1,1,1,1,1,1,1,1,1,1,4),(0.E0,5.555555555556E-2,
1.111111111111E-1,1.666666666667E-1,2.222222222222E-1,2.777777777778E-1,
3.333333333333E-1,3.888888888889E-1,4.444444444444E-1,5.E-1,5.555555555556E-1,
6.111111111111E-1,6.666666666667E-1,7.222222222222E-1,7.777777777778E-1,
8.333333333333E-1,8.888888888889E-1,9.444444444444E-1,1.E0),.UNSPECIFIED.);
#387=B_SPLINE_CURVE_WITH_KNOTS('',3,(#368,#369,#370,#371,#372,#373,#374,#375,
#376,#377,#378,#379,#380,#381,#382,#383,#384,#385,#386),.UNSPECIFIED.,.F.,.F.,
(4,1,1,1,1,1,1,1,1,1,1,1,1,1,1,1,4),(0.E0,6.25E-2,1.25E-1,1.875E-1,2.5E-1,
3.125E-1,3.75E-1,4.375E-1,5.E-1,5.625E-1,6.25E-1,6.875E-1,7.5E-1,8.125E-1,
8.75E-1,9.375E-1,1.E0),.UNSPECIFIED.);
#409=B_SPLINE_CURVE_WITH_KNOTS('',3,(#388,#389,#390,#391,#392,#393,#394,#395,
#396,#397,#398,#399,#400,#401,#402,#403,#404,#405,#406,#407,#408),.UNSPECIFIED.,
.F.,.F.,(4,1,1,1,1,1,1,1,1,1,1,1,1,1,1,1,1,1,4),(0.E0,5.555555555556E-2,
1.111111111111E-1,1.666666666667E-1,2.222222222222E-1,2.777777777778E-1,
3.333333333333E-1,3.888888888889E-1,4.444444444444E-1,5.E-1,5.555555555556E-1,
6.111111111111E-1,6.666666666667E-1,7.222222222222E-1,7.777777777778E-1,
8.333333333333E-1,8.888888888889E-1,9.444444444444E-1,1.E0),.UNSPECIFIED.);
#429=B_SPLINE_CURVE_WITH_KNOTS('',3,(#410,#411,#412,#413,#414,#415,#416,#417,
#418,#419,#420,#421,#422,#423,#424,#425,#426,#427,#428),.UNSPECIFIED.,.F.,.F.,
(4,1,1,1,1,1,1,1,1,1,1,1,1,1,1,1,4),(0.E0,6.25E-2,1.25E-1,1.875E-1,2.5E-1,
3.125E-1,3.75E-1,4.375E-1,5.E-1,5.625E-1,6.25E-1,6.875E-1,7.5E-1,8.125E-1,
8.75E-1,9.375E-1,1.E0),.UNSPECIFIED.);
#451=B_SPLINE_CURVE_WITH_KNOTS('',3,(#430,#431,#432,#433,#434,#435,#436,#437,
#438,#439,#440,#441,#442,#443,#444,#445,#446,#447,#448,#449,#450),.UNSPECIFIED.,
.F.,.F.,(4,1,1,1,1,1,1,1,1,1,1,1,1,1,1,1,1,1,4),(0.E0,5.555555555556E-2,
1.111111111111E-1,1.666666666667E-1,2.222222222222E-1,2.777777777778E-1,
3.333333333333E-1,3.888888888889E-1,4.444444444444E-1,5.E-1,5.555555555556E-1,
6.111111111111E-1,6.666666666667E-1,7.222222222222E-1,7.777777777778E-1,
8.333333333333E-1,8.888888888889E-1,9.444444444444E-1,1.E0),.UNSPECIFIED.);
#471=B_SPLINE_CURVE_WITH_KNOTS('',3,(#452,#453,#454,#455,#456,#457,#458,#459,
#460,#461,#462,#463,#464,#465,#466,#467,#468,#469,#470),.UNSPECIFIED.,.F.,.F.,
(4,1,1,1,1,1,1,1,1,1,1,1,1,1,1,1,4),(0.E0,6.25E-2,1.25E-1,1.875E-1,2.5E-1,
3.125E-1,3.75E-1,4.375E-1,5.E-1,5.625E-1,6.25E-1,6.875E-1,7.5E-1,8.125E-1,
8.75E-1,9.375E-1,1.E0),.UNSPECIFIED.);
#493=B_SPLINE_CURVE_WITH_KNOTS('',3,(#472,#473,#474,#475,#476,#477,#478,#479,
#480,#481,#482,#483,#484,#485,#486,#487,#488,#489,#490,#491,#492),.UNSPECIFIED.,
.F.,.F.,(4,1,1,1,1,1,1,1,1,1,1,1,1,1,1,1,1,1,4),(0.E0,5.555555555556E-2,
1.111111111111E-1,1.666666666667E-1,2.222222222222E-1,2.777777777778E-1,
3.333333333333E-1,3.888888888889E-1,4.444444444444E-1,5.E-1,5.555555555556E-1,
6.111111111111E-1,6.666666666667E-1,7.222222222222E-1,7.777777777778E-1,
8.333333333333E-1,8.888888888889E-1,9.444444444444E-1,1.E0),.UNSPECIFIED.);
#513=B_SPLINE_CURVE_WITH_KNOTS('',3,(#494,#495,#496,#497,#498,#499,#500,#501,
#502,#503,#504,#505,#506,#507,#508,#509,#510,#511,#512),.UNSPECIFIED.,.F.,.F.,
(4,1,1,1,1,1,1,1,1,1,1,1,1,1,1,1,4),(0.E0,6.25E-2,1.25E-1,1.875E-1,2.5E-1,
3.125E-1,3.75E-1,4.375E-1,5.E-1,5.625E-1,6.25E-1,6.875E-1,7.5E-1,8.125E-1,
8.75E-1,9.375E-1,1.E0),.UNSPECIFIED.);
#535=B_SPLINE_CURVE_WITH_KNOTS('',3,(#514,#515,#516,#517,#518,#519,#520,#521,
#522,#523,#524,#525,#526,#527,#528,#529,#530,#531,#532,#533,#534),.UNSPECIFIED.,
.F.,.F.,(4,1,1,1,1,1,1,1,1,1,1,1,1,1,1,1,1,1,4),(0.E0,5.555555555556E-2,
1.111111111111E-1,1.666666666667E-1,2.222222222222E-1,2.777777777778E-1,
3.333333333333E-1,3.888888888889E-1,4.444444444444E-1,5.E-1,5.555555555556E-1,
6.111111111111E-1,6.666666666667E-1,7.222222222222E-1,7.777777777778E-1,
8.333333333333E-1,8.888888888889E-1,9.444444444444E-1,1.E0),.UNSPECIFIED.);
#548=CIRCLE('',#547,1.E0);
#557=CIRCLE('',#556,1.E0);
#562=CIRCLE('',#561,9.812940407992E-1);
#567=CIRCLE('',#566,1.E0);
#576=CIRCLE('',#575,5.08E-1);
#594=B_SPLINE_CURVE_WITH_KNOTS('',3,(#589,#590,#591,#592,#593),.UNSPECIFIED.,
.F.,.F.,(4,1,4),(0.E0,5.E-1,1.E0),.UNSPECIFIED.);
#604=B_SPLINE_CURVE_WITH_KNOTS('',3,(#599,#600,#601,#602,#603),.UNSPECIFIED.,
.F.,.F.,(4,1,4),(0.E0,5.E-1,1.E0),.UNSPECIFIED.);
#621=CIRCLE('',#620,9.812940407992E-1);
#630=CIRCLE('',#629,1.E0);
#639=CIRCLE('',#638,5.08E-1);
#648=CIRCLE('',#647,5.08E-1);
#657=CIRCLE('',#656,1.E0);
#674=CIRCLE('',#673,9.812940407992E-1);
#679=CIRCLE('',#678,1.E0);
#688=CIRCLE('',#687,1.E0);
#717=CIRCLE('',#716,1.E0);
#726=CIRCLE('',#725,5.08E-1);
#735=CIRCLE('',#734,9.812940407992E-1);
#750=B_SPLINE_CURVE_WITH_KNOTS('',3,(#736,#737,#738,#739,#740,#741,#742,#743,
#744,#745,#746,#747,#748,#749),.UNSPECIFIED.,.F.,.F.,(4,1,1,1,1,1,1,1,1,1,1,4),(
0.E0,9.090909090909E-2,1.818181818182E-1,2.727272727273E-1,3.636363636364E-1,
4.545454545455E-1,5.454545454545E-1,6.363636363636E-1,7.272727272727E-1,
8.181818181818E-1,9.090909090909E-1,1.E0),.UNSPECIFIED.);
#767=CIRCLE('',#766,4.E-1);
#776=CIRCLE('',#775,5.813092715735E-1);
#785=CIRCLE('',#784,5.813092715735E-1);
#794=CIRCLE('',#793,5.813092715735E-1);
#803=CIRCLE('',#802,5.813092715735E-1);
#812=B_SPLINE_CURVE_WITH_KNOTS('',3,(#804,#805,#806,#807,#808,#809,#810,#811),
.UNSPECIFIED.,.F.,.F.,(4,1,1,1,1,4),(0.E0,2.E-1,4.E-1,6.E-1,8.E-1,1.E0),
.UNSPECIFIED.);
#819=B_SPLINE_CURVE_WITH_KNOTS('',3,(#813,#814,#815,#816,#817,#818),
.UNSPECIFIED.,.F.,.F.,(4,1,1,4),(0.E0,3.333333333333E-1,6.666666666667E-1,1.E0),
.UNSPECIFIED.);
#824=CIRCLE('',#823,4.E-1);
#829=CIRCLE('',#828,4.999972396127E-1);
#834=CIRCLE('',#833,4.999986572465E-1);
#841=B_SPLINE_CURVE_WITH_KNOTS('',3,(#835,#836,#837,#838,#839,#840),
.UNSPECIFIED.,.F.,.F.,(4,1,1,4),(0.E0,3.333333333333E-1,6.666666666667E-1,1.E0),
.UNSPECIFIED.);
#859=B_SPLINE_CURVE_WITH_KNOTS('',3,(#842,#843,#844,#845,#846,#847,#848,#849,
#850,#851,#852,#853,#854,#855,#856,#857,#858),.UNSPECIFIED.,.F.,.F.,(4,1,1,1,1,
1,1,1,1,1,1,1,1,1,4),(0.E0,7.142857142857E-2,1.428571428571E-1,
2.142857142857E-1,2.857142857143E-1,3.571428571429E-1,4.285714285714E-1,5.E-1,
5.714285714286E-1,6.428571428571E-1,7.142857142857E-1,7.857142857143E-1,
8.571428571429E-1,9.285714285714E-1,1.E0),.UNSPECIFIED.);
#876=CIRCLE('',#875,4.999996967561E-1);
#881=CIRCLE('',#880,4.999996707370E-1);
#886=CIRCLE('',#885,4.999994085889E-1);
#893=B_SPLINE_CURVE_WITH_KNOTS('',3,(#887,#888,#889,#890,#891,#892),
.UNSPECIFIED.,.F.,.F.,(4,1,1,4),(0.E0,3.333333333333E-1,6.666666666667E-1,1.E0),
.UNSPECIFIED.);
#898=CIRCLE('',#897,4.E-1);
#903=CIRCLE('',#902,4.999996063184E-1);
#910=B_SPLINE_CURVE_WITH_KNOTS('',3,(#904,#905,#906,#907,#908,#909),
.UNSPECIFIED.,.F.,.F.,(4,1,1,4),(0.E0,3.333333333333E-1,6.666666666667E-1,1.E0),
.UNSPECIFIED.);
#926=B_SPLINE_CURVE_WITH_KNOTS('',3,(#911,#912,#913,#914,#915,#916,#917,#918,
#919,#920,#921,#922,#923,#924,#925),.UNSPECIFIED.,.F.,.F.,(4,1,1,1,1,1,1,1,1,1,
1,1,4),(0.E0,8.333333333333E-2,1.666666666667E-1,2.5E-1,3.333333333333E-1,
4.166666666667E-1,5.E-1,5.833333333333E-1,6.666666666667E-1,7.5E-1,
8.333333333333E-1,9.166666666667E-1,1.E0),.UNSPECIFIED.);
#934=B_SPLINE_CURVE_WITH_KNOTS('',3,(#927,#928,#929,#930,#931,#932,#933),
.UNSPECIFIED.,.F.,.F.,(4,1,1,1,4),(0.E0,2.5E-1,5.E-1,7.5E-1,1.E0),
.UNSPECIFIED.);
#941=B_SPLINE_CURVE_WITH_KNOTS('',3,(#935,#936,#937,#938,#939,#940),
.UNSPECIFIED.,.F.,.F.,(4,1,1,4),(0.E0,3.333333333333E-1,6.666666666667E-1,1.E0),
.UNSPECIFIED.);
#950=CIRCLE('',#949,7.6E-1);
#966=B_SPLINE_CURVE_WITH_KNOTS('',3,(#951,#952,#953,#954,#955,#956,#957,#958,
#959,#960,#961,#962,#963,#964,#965),.UNSPECIFIED.,.F.,.F.,(4,1,1,1,1,1,1,1,1,1,
1,1,4),(0.E0,8.333333333333E-2,1.666666666667E-1,2.5E-1,3.333333333333E-1,
4.166666666667E-1,5.E-1,5.833333333333E-1,6.666666666667E-1,7.5E-1,
8.333333333333E-1,9.166666666667E-1,1.E0),.UNSPECIFIED.);
#975=CIRCLE('',#974,7.6E-1);
#985=B_SPLINE_CURVE_WITH_KNOTS('',3,(#976,#977,#978,#979,#980,#981,#982,#983,
#984),.UNSPECIFIED.,.F.,.F.,(4,1,1,1,1,1,4),(0.E0,1.666666666667E-1,
3.333333333333E-1,5.E-1,6.666666666667E-1,8.333333333333E-1,1.E0),
.UNSPECIFIED.);
#990=CIRCLE('',#989,7.62E-1);
#995=CIRCLE('',#994,7.62E-1);
#1000=CIRCLE('',#999,2.E-1);
#1005=CIRCLE('',#1004,9.589602912861E-1);
#1010=CIRCLE('',#1009,2.E-1);
#1015=CIRCLE('',#1014,9.589602912861E-1);
#1020=CIRCLE('',#1019,7.65E-1);
#1029=CIRCLE('',#1028,7.65E-1);
#1038=CIRCLE('',#1037,5.1E-1);
#1043=CIRCLE('',#1042,5.1E-1);
#1048=CIRCLE('',#1047,4.363762179101E-1);
#1053=CIRCLE('',#1052,4.363762179101E-1);
#1066=CIRCLE('',#1065,4.E-1);
#1071=CIRCLE('',#1070,4.E-1);
#1076=CIRCLE('',#1075,4.E-1);
#1081=CIRCLE('',#1080,4.E-1);
#1086=CIRCLE('',#1085,4.E-1);
#1091=CIRCLE('',#1090,3.5E-1);
#1096=CIRCLE('',#1095,3.5E-1);
#1101=CIRCLE('',#1100,6.575848468028E-1);
#1114=CIRCLE('',#1113,6.647749077943E-1);
#1119=CIRCLE('',#1118,6.647749077943E-1);
#1152=CIRCLE('',#1151,1.5E-1);
#1161=CIRCLE('',#1160,4.E-1);
#1170=CIRCLE('',#1169,1.5E-1);
#1179=CIRCLE('',#1178,4.E-1);
#1192=CIRCLE('',#1191,4.55E-1);
#1197=CIRCLE('',#1196,4.55E-1);
#1206=CIRCLE('',#1205,4.113829085497E-1);
#1215=CIRCLE('',#1214,4.113829085497E-1);
#1220=CIRCLE('',#1219,1.E-1);
#1225=CIRCLE('',#1224,3.129021332485E-1);
#1230=CIRCLE('',#1229,3.129021332485E-1);
#1235=CIRCLE('',#1234,1.E-1);
#1264=CIRCLE('',#1263,1.5E-1);
#1273=CIRCLE('',#1272,4.E-1);
#1282=CIRCLE('',#1281,1.5E-1);
#1291=CIRCLE('',#1290,4.E-1);
#1312=CIRCLE('',#1311,6.75E-1);
#1317=CIRCLE('',#1316,6.75E-1);
#1338=CIRCLE('',#1337,4.652250922057E-1);
#1343=CIRCLE('',#1342,4.652250922057E-1);
#1352=CIRCLE('',#1351,3.8E-1);
#1361=CIRCLE('',#1360,1.3E-1);
#1390=CIRCLE('',#1389,1.5E-1);
#1399=CIRCLE('',#1398,1.5E-1);
#1436=CIRCLE('',#1435,4.E-1);
#1441=CIRCLE('',#1440,4.E-1);
#1554=CIRCLE('',#1553,3.8E-1);
#1563=CIRCLE('',#1562,1.3E-1);
#1576=CIRCLE('',#1575,4.158535376073E-1);
#1581=CIRCLE('',#1580,4.158535376073E-1);
#1586=CIRCLE('',#1585,6.474846636769E-1);
#1591=CIRCLE('',#1590,1.5E-1);
#1596=CIRCLE('',#1595,1.5E-1);
#1601=CIRCLE('',#1600,6.474846636769E-1);
#1626=CIRCLE('',#1625,6.575848468028E-1);
#1635=CIRCLE('',#1634,3.5E-1);
#1640=CIRCLE('',#1639,3.5E-1);
#1645=CIRCLE('',#1644,6.575848468028E-1);
#1658=CIRCLE('',#1657,6.647749077943E-1);
#1663=CIRCLE('',#1662,6.647749077943E-1);
#1696=CIRCLE('',#1695,1.5E-1);
#1705=CIRCLE('',#1704,4.E-1);
#1714=CIRCLE('',#1713,1.5E-1);
#1723=CIRCLE('',#1722,4.E-1);
#1736=CIRCLE('',#1735,4.55E-1);
#1741=CIRCLE('',#1740,4.55E-1);
#1750=CIRCLE('',#1749,4.113829085497E-1);
#1759=CIRCLE('',#1758,4.113829085497E-1);
#1764=CIRCLE('',#1763,1.E-1);
#1769=CIRCLE('',#1768,3.129021332485E-1);
#1774=CIRCLE('',#1773,3.129021332485E-1);
#1779=CIRCLE('',#1778,1.E-1);
#1808=CIRCLE('',#1807,1.5E-1);
#1817=CIRCLE('',#1816,4.E-1);
#1826=CIRCLE('',#1825,1.5E-1);
#1835=CIRCLE('',#1834,4.E-1);
#1856=CIRCLE('',#1855,6.75E-1);
#1861=CIRCLE('',#1860,6.75E-1);
#1882=CIRCLE('',#1881,4.652250922057E-1);
#1887=CIRCLE('',#1886,4.652250922057E-1);
#1896=CIRCLE('',#1895,3.8E-1);
#1905=CIRCLE('',#1904,1.3E-1);
#1934=CIRCLE('',#1933,1.5E-1);
#1943=CIRCLE('',#1942,1.5E-1);
#1980=CIRCLE('',#1979,4.E-1);
#1985=CIRCLE('',#1984,4.E-1);
#2098=CIRCLE('',#2097,3.8E-1);
#2107=CIRCLE('',#2106,1.3E-1);
#2120=CIRCLE('',#2119,4.158535376073E-1);
#2125=CIRCLE('',#2124,4.158535376073E-1);
#2130=CIRCLE('',#2129,6.474846636769E-1);
#2135=CIRCLE('',#2134,1.5E-1);
#2140=CIRCLE('',#2139,1.5E-1);
#2145=CIRCLE('',#2144,6.474846636769E-1);
#2170=CIRCLE('',#2169,6.575848468028E-1);
#2179=CIRCLE('',#2178,3.5E-1);
#2184=CIRCLE('',#2183,3.5E-1);
#2189=CIRCLE('',#2188,6.575848468028E-1);
#2202=CIRCLE('',#2201,6.647749077943E-1);
#2207=CIRCLE('',#2206,6.647749077943E-1);
#2240=CIRCLE('',#2239,1.5E-1);
#2249=CIRCLE('',#2248,4.E-1);
#2258=CIRCLE('',#2257,1.5E-1);
#2267=CIRCLE('',#2266,4.E-1);
#2280=CIRCLE('',#2279,4.55E-1);
#2285=CIRCLE('',#2284,4.55E-1);
#2294=CIRCLE('',#2293,4.113829085497E-1);
#2303=CIRCLE('',#2302,4.113829085497E-1);
#2308=CIRCLE('',#2307,1.E-1);
#2313=CIRCLE('',#2312,3.129021332485E-1);
#2318=CIRCLE('',#2317,3.129021332485E-1);
#2323=CIRCLE('',#2322,1.E-1);
#2352=CIRCLE('',#2351,1.5E-1);
#2361=CIRCLE('',#2360,4.E-1);
#2370=CIRCLE('',#2369,1.5E-1);
#2379=CIRCLE('',#2378,4.E-1);
#2400=CIRCLE('',#2399,6.75E-1);
#2405=CIRCLE('',#2404,6.75E-1);
#2426=CIRCLE('',#2425,4.652250922057E-1);
#2431=CIRCLE('',#2430,4.652250922057E-1);
#2440=CIRCLE('',#2439,3.8E-1);
#2449=CIRCLE('',#2448,1.3E-1);
#2478=CIRCLE('',#2477,1.5E-1);
#2487=CIRCLE('',#2486,1.5E-1);
#2524=CIRCLE('',#2523,4.E-1);
#2529=CIRCLE('',#2528,4.E-1);
#2642=CIRCLE('',#2641,3.8E-1);
#2651=CIRCLE('',#2650,1.3E-1);
#2664=CIRCLE('',#2663,4.158535376073E-1);
#2669=CIRCLE('',#2668,4.158535376073E-1);
#2674=CIRCLE('',#2673,6.474846636769E-1);
#2679=CIRCLE('',#2678,1.5E-1);
#2684=CIRCLE('',#2683,1.5E-1);
#2689=CIRCLE('',#2688,6.474846636769E-1);
#2714=CIRCLE('',#2713,6.575848468028E-1);
#2723=CIRCLE('',#2722,3.5E-1);
#2728=CIRCLE('',#2727,3.5E-1);
#2733=CIRCLE('',#2732,6.575848468028E-1);
#2746=CIRCLE('',#2745,6.647749077943E-1);
#2751=CIRCLE('',#2750,6.647749077943E-1);
#2784=CIRCLE('',#2783,1.5E-1);
#2793=CIRCLE('',#2792,4.E-1);
#2802=CIRCLE('',#2801,1.5E-1);
#2811=CIRCLE('',#2810,4.E-1);
#2824=CIRCLE('',#2823,4.55E-1);
#2829=CIRCLE('',#2828,4.55E-1);
#2838=CIRCLE('',#2837,4.113829085497E-1);
#2847=CIRCLE('',#2846,4.113829085497E-1);
#2852=CIRCLE('',#2851,1.E-1);
#2857=CIRCLE('',#2856,3.129021332485E-1);
#2862=CIRCLE('',#2861,3.129021332485E-1);
#2867=CIRCLE('',#2866,1.E-1);
#2896=CIRCLE('',#2895,1.5E-1);
#2905=CIRCLE('',#2904,4.E-1);
#2914=CIRCLE('',#2913,1.5E-1);
#2923=CIRCLE('',#2922,4.E-1);
#2944=CIRCLE('',#2943,6.75E-1);
#2949=CIRCLE('',#2948,6.75E-1);
#2970=CIRCLE('',#2969,4.652250922057E-1);
#2975=CIRCLE('',#2974,4.652250922057E-1);
#2984=CIRCLE('',#2983,3.8E-1);
#2993=CIRCLE('',#2992,1.3E-1);
#3022=CIRCLE('',#3021,1.5E-1);
#3031=CIRCLE('',#3030,1.5E-1);
#3068=CIRCLE('',#3067,4.E-1);
#3073=CIRCLE('',#3072,4.E-1);
#3186=CIRCLE('',#3185,3.8E-1);
#3195=CIRCLE('',#3194,1.3E-1);
#3208=CIRCLE('',#3207,4.158535376073E-1);
#3213=CIRCLE('',#3212,4.158535376073E-1);
#3218=CIRCLE('',#3217,6.474846636769E-1);
#3223=CIRCLE('',#3222,1.5E-1);
#3228=CIRCLE('',#3227,1.5E-1);
#3233=CIRCLE('',#3232,6.474846636769E-1);
#3258=CIRCLE('',#3257,6.575848468028E-1);
#3267=CIRCLE('',#3266,3.5E-1);
#3272=CIRCLE('',#3271,3.5E-1);
#3277=CIRCLE('',#3276,6.575848468028E-1);
#3290=CIRCLE('',#3289,6.647749077943E-1);
#3295=CIRCLE('',#3294,6.647749077943E-1);
#3328=CIRCLE('',#3327,1.5E-1);
#3337=CIRCLE('',#3336,4.E-1);
#3346=CIRCLE('',#3345,1.5E-1);
#3355=CIRCLE('',#3354,4.E-1);
#3368=CIRCLE('',#3367,4.55E-1);
#3373=CIRCLE('',#3372,4.55E-1);
#3382=CIRCLE('',#3381,4.113829085497E-1);
#3391=CIRCLE('',#3390,4.113829085497E-1);
#3396=CIRCLE('',#3395,1.E-1);
#3401=CIRCLE('',#3400,3.129021332485E-1);
#3406=CIRCLE('',#3405,3.129021332485E-1);
#3411=CIRCLE('',#3410,1.E-1);
#3440=CIRCLE('',#3439,1.5E-1);
#3449=CIRCLE('',#3448,4.E-1);
#3458=CIRCLE('',#3457,1.5E-1);
#3467=CIRCLE('',#3466,4.E-1);
#3488=CIRCLE('',#3487,6.75E-1);
#3493=CIRCLE('',#3492,6.75E-1);
#3514=CIRCLE('',#3513,4.652250922057E-1);
#3519=CIRCLE('',#3518,4.652250922057E-1);
#3528=CIRCLE('',#3527,3.8E-1);
#3537=CIRCLE('',#3536,1.3E-1);
#3566=CIRCLE('',#3565,1.5E-1);
#3575=CIRCLE('',#3574,1.5E-1);
#3612=CIRCLE('',#3611,4.E-1);
#3617=CIRCLE('',#3616,4.E-1);
#3730=CIRCLE('',#3729,3.8E-1);
#3739=CIRCLE('',#3738,1.3E-1);
#3752=CIRCLE('',#3751,4.158535376073E-1);
#3757=CIRCLE('',#3756,4.158535376073E-1);
#3762=CIRCLE('',#3761,6.474846636769E-1);
#3767=CIRCLE('',#3766,1.5E-1);
#3772=CIRCLE('',#3771,1.5E-1);
#3777=CIRCLE('',#3776,6.474846636769E-1);
#3802=CIRCLE('',#3801,6.575848468028E-1);
#3811=CIRCLE('',#3810,3.5E-1);
#3816=CIRCLE('',#3815,3.5E-1);
#3821=CIRCLE('',#3820,6.575848468028E-1);
#3834=CIRCLE('',#3833,6.647749077943E-1);
#3839=CIRCLE('',#3838,6.647749077943E-1);
#3872=CIRCLE('',#3871,1.5E-1);
#3881=CIRCLE('',#3880,4.E-1);
#3890=CIRCLE('',#3889,1.5E-1);
#3899=CIRCLE('',#3898,4.E-1);
#3912=CIRCLE('',#3911,4.55E-1);
#3917=CIRCLE('',#3916,4.55E-1);
#3926=CIRCLE('',#3925,4.113829085497E-1);
#3935=CIRCLE('',#3934,4.113829085497E-1);
#3940=CIRCLE('',#3939,1.E-1);
#3945=CIRCLE('',#3944,3.129021332485E-1);
#3950=CIRCLE('',#3949,3.129021332485E-1);
#3955=CIRCLE('',#3954,1.E-1);
#3984=CIRCLE('',#3983,1.5E-1);
#3993=CIRCLE('',#3992,4.E-1);
#4002=CIRCLE('',#4001,1.5E-1);
#4011=CIRCLE('',#4010,4.E-1);
#4032=CIRCLE('',#4031,6.75E-1);
#4037=CIRCLE('',#4036,6.75E-1);
#4058=CIRCLE('',#4057,4.652250922057E-1);
#4063=CIRCLE('',#4062,4.652250922057E-1);
#4072=CIRCLE('',#4071,3.8E-1);
#4081=CIRCLE('',#4080,1.3E-1);
#4110=CIRCLE('',#4109,1.5E-1);
#4119=CIRCLE('',#4118,1.5E-1);
#4156=CIRCLE('',#4155,4.E-1);
#4161=CIRCLE('',#4160,4.E-1);
#4274=CIRCLE('',#4273,3.8E-1);
#4283=CIRCLE('',#4282,1.3E-1);
#4296=CIRCLE('',#4295,4.158535376073E-1);
#4301=CIRCLE('',#4300,4.158535376073E-1);
#4306=CIRCLE('',#4305,6.474846636769E-1);
#4311=CIRCLE('',#4310,1.5E-1);
#4316=CIRCLE('',#4315,1.5E-1);
#4321=CIRCLE('',#4320,6.474846636769E-1);
#4346=CIRCLE('',#4345,6.575848468028E-1);
#4355=CIRCLE('',#4354,3.5E-1);
#4360=CIRCLE('',#4359,3.5E-1);
#4365=CIRCLE('',#4364,6.575848468028E-1);
#4378=CIRCLE('',#4377,6.647749077943E-1);
#4383=CIRCLE('',#4382,6.647749077943E-1);
#4416=CIRCLE('',#4415,1.5E-1);
#4425=CIRCLE('',#4424,4.E-1);
#4434=CIRCLE('',#4433,1.5E-1);
#4443=CIRCLE('',#4442,4.E-1);
#4456=CIRCLE('',#4455,4.55E-1);
#4461=CIRCLE('',#4460,4.55E-1);
#4470=CIRCLE('',#4469,4.113829085497E-1);
#4479=CIRCLE('',#4478,4.113829085497E-1);
#4484=CIRCLE('',#4483,1.E-1);
#4489=CIRCLE('',#4488,3.129021332485E-1);
#4494=CIRCLE('',#4493,3.129021332485E-1);
#4499=CIRCLE('',#4498,1.E-1);
#4528=CIRCLE('',#4527,1.5E-1);
#4537=CIRCLE('',#4536,4.E-1);
#4546=CIRCLE('',#4545,1.5E-1);
#4555=CIRCLE('',#4554,4.E-1);
#4576=CIRCLE('',#4575,6.75E-1);
#4581=CIRCLE('',#4580,6.75E-1);
#4602=CIRCLE('',#4601,4.652250922057E-1);
#4607=CIRCLE('',#4606,4.652250922057E-1);
#4616=CIRCLE('',#4615,3.8E-1);
#4625=CIRCLE('',#4624,1.3E-1);
#4654=CIRCLE('',#4653,1.5E-1);
#4663=CIRCLE('',#4662,1.5E-1);
#4700=CIRCLE('',#4699,4.E-1);
#4705=CIRCLE('',#4704,4.E-1);
#4818=CIRCLE('',#4817,3.8E-1);
#4827=CIRCLE('',#4826,1.3E-1);
#4840=CIRCLE('',#4839,4.158535376073E-1);
#4845=CIRCLE('',#4844,4.158535376073E-1);
#4850=CIRCLE('',#4849,6.474846636769E-1);
#4855=CIRCLE('',#4854,1.5E-1);
#4860=CIRCLE('',#4859,1.5E-1);
#4865=CIRCLE('',#4864,6.474846636769E-1);
#4890=CIRCLE('',#4889,6.575848468028E-1);
#4899=CIRCLE('',#4898,3.5E-1);
#4904=CIRCLE('',#4903,3.5E-1);
#4909=CIRCLE('',#4908,6.575848468028E-1);
#4922=CIRCLE('',#4921,6.647749077943E-1);
#4927=CIRCLE('',#4926,6.647749077943E-1);
#4960=CIRCLE('',#4959,1.5E-1);
#4969=CIRCLE('',#4968,4.E-1);
#4978=CIRCLE('',#4977,1.5E-1);
#4987=CIRCLE('',#4986,4.E-1);
#5000=CIRCLE('',#4999,4.55E-1);
#5005=CIRCLE('',#5004,4.55E-1);
#5014=CIRCLE('',#5013,4.113829085497E-1);
#5023=CIRCLE('',#5022,4.113829085497E-1);
#5028=CIRCLE('',#5027,1.E-1);
#5033=CIRCLE('',#5032,3.129021332485E-1);
#5038=CIRCLE('',#5037,3.129021332485E-1);
#5043=CIRCLE('',#5042,1.E-1);
#5072=CIRCLE('',#5071,1.5E-1);
#5081=CIRCLE('',#5080,4.E-1);
#5090=CIRCLE('',#5089,1.5E-1);
#5099=CIRCLE('',#5098,4.E-1);
#5120=CIRCLE('',#5119,6.75E-1);
#5125=CIRCLE('',#5124,6.75E-1);
#5146=CIRCLE('',#5145,4.652250922057E-1);
#5151=CIRCLE('',#5150,4.652250922057E-1);
#5160=CIRCLE('',#5159,3.8E-1);
#5169=CIRCLE('',#5168,1.3E-1);
#5198=CIRCLE('',#5197,1.5E-1);
#5207=CIRCLE('',#5206,1.5E-1);
#5244=CIRCLE('',#5243,4.E-1);
#5249=CIRCLE('',#5248,4.E-1);
#5362=CIRCLE('',#5361,3.8E-1);
#5371=CIRCLE('',#5370,1.3E-1);
#5384=CIRCLE('',#5383,4.158535376073E-1);
#5389=CIRCLE('',#5388,4.158535376073E-1);
#5394=CIRCLE('',#5393,6.474846636769E-1);
#5399=CIRCLE('',#5398,1.5E-1);
#5404=CIRCLE('',#5403,1.5E-1);
#5409=CIRCLE('',#5408,6.474846636769E-1);
#5434=CIRCLE('',#5433,6.575848468028E-1);
#5451=CIRCLE('',#5450,5.1E-1);
#5460=CIRCLE('',#5459,5.1E-1);
#5465=CIRCLE('',#5464,5.022898942155E-1);
#5470=CIRCLE('',#5469,5.1E-1);
#5479=CIRCLE('',#5478,5.08E-1);
#5500=CIRCLE('',#5499,5.1E-1);
#5509=CIRCLE('',#5508,5.1E-1);
#5514=CIRCLE('',#5513,4.944357132038E-1);
#5519=CIRCLE('',#5518,5.1E-1);
#5528=CIRCLE('',#5527,5.08E-1);
#5549=CIRCLE('',#5548,5.1E-1);
#5558=CIRCLE('',#5557,5.1E-1);
#5563=CIRCLE('',#5562,4.944357132038E-1);
#5568=CIRCLE('',#5567,5.1E-1);
#5577=CIRCLE('',#5576,5.08E-1);
#5598=CIRCLE('',#5597,5.1E-1);
#5607=CIRCLE('',#5606,5.1E-1);
#5612=CIRCLE('',#5611,5.022898942155E-1);
#5617=CIRCLE('',#5616,5.1E-1);
#5626=CIRCLE('',#5625,5.08E-1);
#5645=B_SPLINE_CURVE_WITH_KNOTS('',3,(#5639,#5640,#5641,#5642,#5643,#5644),
.UNSPECIFIED.,.F.,.F.,(4,1,1,4),(0.E0,3.333333333333E-1,6.666666666667E-1,1.E0),
.UNSPECIFIED.);
#5659=B_SPLINE_CURVE_WITH_KNOTS('',3,(#5646,#5647,#5648,#5649,#5650,#5651,#5652,
#5653,#5654,#5655,#5656,#5657,#5658),.UNSPECIFIED.,.F.,.F.,(4,1,1,1,1,1,1,1,1,1,
4),(0.E0,1.E-1,2.E-1,3.E-1,4.E-1,5.E-1,6.E-1,7.E-1,8.E-1,9.E-1,1.E0),
.UNSPECIFIED.);
#5689=B_SPLINE_CURVE_WITH_KNOTS('',3,(#5676,#5677,#5678,#5679,#5680,#5681,#5682,
#5683,#5684,#5685,#5686,#5687,#5688),.UNSPECIFIED.,.F.,.F.,(4,1,1,1,1,1,1,1,1,1,
4),(0.E0,1.E-1,2.E-1,3.E-1,4.E-1,5.E-1,6.E-1,7.E-1,8.E-1,9.E-1,1.E0),
.UNSPECIFIED.);
#5696=B_SPLINE_CURVE_WITH_KNOTS('',3,(#5690,#5691,#5692,#5693,#5694,#5695),
.UNSPECIFIED.,.F.,.F.,(4,1,1,4),(0.E0,3.333333333333E-1,6.666666666667E-1,1.E0),
.UNSPECIFIED.);
#5705=CIRCLE('',#5704,5.07E0);
#5714=CIRCLE('',#5713,5.07E0);
#5723=CIRCLE('',#5722,9.445094397815E-2);
#5732=CIRCLE('',#5731,9.445094397815E-2);
#5737=CIRCLE('',#5736,3.95E-1);
#5742=CIRCLE('',#5741,3.95E-1);
#5747=CIRCLE('',#5746,3.2E-1);
#5752=CIRCLE('',#5751,3.2E-1);
#5757=CIRCLE('',#5756,4.E-1);
#5762=CIRCLE('',#5761,4.E-1);
#5767=CIRCLE('',#5766,4.E-1);
#5772=CIRCLE('',#5771,4.E-1);
#5777=CIRCLE('',#5776,4.E-1);
#5782=CIRCLE('',#5781,4.E-1);
#5787=CIRCLE('',#5786,4.E-1);
#5792=CIRCLE('',#5791,5.47E0);
#5799=B_SPLINE_CURVE_WITH_KNOTS('',3,(#5793,#5794,#5795,#5796,#5797,#5798),
.UNSPECIFIED.,.F.,.F.,(4,1,1,4),(0.E0,3.333333333333E-1,6.666666666667E-1,1.E0),
.UNSPECIFIED.);
#5804=CIRCLE('',#5803,5.47E0);
#5811=B_SPLINE_CURVE_WITH_KNOTS('',3,(#5805,#5806,#5807,#5808,#5809,#5810),
.UNSPECIFIED.,.F.,.F.,(4,1,1,4),(0.E0,3.333333333333E-1,6.666666666667E-1,1.E0),
.UNSPECIFIED.);
#5816=CIRCLE('',#5815,4.E-1);
#5821=CIRCLE('',#5820,4.E-1);
#5826=CIRCLE('',#5825,4.E-1);
#5831=CIRCLE('',#5830,3.999993878774E-1);
#5836=CIRCLE('',#5835,4.E-1);
#5841=CIRCLE('',#5840,4.E-1);
#5846=CIRCLE('',#5845,4.E-1);
#5857=B_SPLINE_CURVE_WITH_KNOTS('',3,(#5851,#5852,#5853,#5854,#5855,#5856),
.UNSPECIFIED.,.F.,.F.,(4,1,1,4),(0.E0,3.333333333333E-1,6.666666666667E-1,1.E0),
.UNSPECIFIED.);
#5871=B_SPLINE_CURVE_WITH_KNOTS('',3,(#5858,#5859,#5860,#5861,#5862,#5863,#5864,
#5865,#5866,#5867,#5868,#5869,#5870),.UNSPECIFIED.,.F.,.F.,(4,1,1,1,1,1,1,1,1,1,
4),(0.E0,1.E-1,2.E-1,3.E-1,4.E-1,5.E-1,6.E-1,7.E-1,8.E-1,9.E-1,1.E0),
.UNSPECIFIED.);
#5888=CIRCLE('',#5887,4.E-1);
#5893=CIRCLE('',#5892,3.999999991610E-1);
#5921=B_SPLINE_CURVE_WITH_KNOTS('',3,(#5894,#5895,#5896,#5897,#5898,#5899,#5900,
#5901,#5902,#5903,#5904,#5905,#5906,#5907,#5908,#5909,#5910,#5911,#5912,#5913,
#5914,#5915,#5916,#5917,#5918,#5919,#5920),.UNSPECIFIED.,.F.,.F.,(4,1,1,1,1,1,1,
1,1,1,1,1,1,1,1,1,1,1,1,1,1,1,1,1,4),(0.E0,4.166666666667E-2,8.333333333333E-2,
1.25E-1,1.666666666667E-1,2.083333333333E-1,2.5E-1,2.916666666667E-1,
3.333333333333E-1,3.75E-1,4.166666666667E-1,4.583333333333E-1,5.E-1,
5.416666666667E-1,5.833333333333E-1,6.25E-1,6.666666666667E-1,7.083333333333E-1,
7.5E-1,7.916666666667E-1,8.333333333333E-1,8.75E-1,9.166666666667E-1,
9.583333333333E-1,1.E0),.UNSPECIFIED.);
#5948=B_SPLINE_CURVE_WITH_KNOTS('',3,(#5922,#5923,#5924,#5925,#5926,#5927,#5928,
#5929,#5930,#5931,#5932,#5933,#5934,#5935,#5936,#5937,#5938,#5939,#5940,#5941,
#5942,#5943,#5944,#5945,#5946,#5947),.UNSPECIFIED.,.F.,.F.,(4,1,1,1,1,1,1,1,1,1,
1,1,1,1,1,1,1,1,1,1,1,1,1,4),(0.E0,4.347826086957E-2,8.695652173913E-2,
1.304347826087E-1,1.739130434783E-1,2.173913043478E-1,2.608695652174E-1,
3.043478260870E-1,3.478260869565E-1,3.913043478261E-1,4.347826086957E-1,
4.782608695652E-1,5.217391304348E-1,5.652173913043E-1,6.086956521739E-1,
6.521739130435E-1,6.956521739130E-1,7.391304347826E-1,7.826086956522E-1,
8.260869565217E-1,8.695652173913E-1,9.130434782609E-1,9.565217391304E-1,1.E0),
.UNSPECIFIED.);
#5957=CIRCLE('',#5956,1.023051249898E-1);
#5966=CIRCLE('',#5965,5.62E0);
#6008=B_SPLINE_CURVE_WITH_KNOTS('',3,(#5995,#5996,#5997,#5998,#5999,#6000,#6001,
#6002,#6003,#6004,#6005,#6006,#6007),.UNSPECIFIED.,.F.,.F.,(4,1,1,1,1,1,1,1,1,1,
4),(0.E0,1.E-1,2.E-1,3.E-1,4.E-1,5.E-1,6.E-1,7.E-1,8.E-1,9.E-1,1.E0),
.UNSPECIFIED.);
#6015=B_SPLINE_CURVE_WITH_KNOTS('',3,(#6009,#6010,#6011,#6012,#6013,#6014),
.UNSPECIFIED.,.F.,.F.,(4,1,1,4),(0.E0,3.333333333333E-1,6.666666666667E-1,1.E0),
.UNSPECIFIED.);
#6020=CIRCLE('',#6019,4.E-1);
#6025=CIRCLE('',#6024,4.E-1);
#6030=CIRCLE('',#6029,4.E-1);
#6035=CIRCLE('',#6034,4.000000465817E-1);
#6040=CIRCLE('',#6039,4.E-1);
#6045=CIRCLE('',#6044,4.E-1);
#6050=CIRCLE('',#6049,4.E-1);
#6055=CIRCLE('',#6054,4.E-1);
#6060=CIRCLE('',#6059,4.E-1);
#6065=CIRCLE('',#6064,4.E-1);
#6070=CIRCLE('',#6069,4.E-1);
#6075=CIRCLE('',#6074,3.999994040047E-1);
#6103=B_SPLINE_CURVE_WITH_KNOTS('',3,(#6076,#6077,#6078,#6079,#6080,#6081,#6082,
#6083,#6084,#6085,#6086,#6087,#6088,#6089,#6090,#6091,#6092,#6093,#6094,#6095,
#6096,#6097,#6098,#6099,#6100,#6101,#6102),.UNSPECIFIED.,.F.,.F.,(4,1,1,1,1,1,1,
1,1,1,1,1,1,1,1,1,1,1,1,1,1,1,1,1,4),(0.E0,4.166666666667E-2,8.333333333333E-2,
1.25E-1,1.666666666667E-1,2.083333333333E-1,2.5E-1,2.916666666667E-1,
3.333333333333E-1,3.75E-1,4.166666666667E-1,4.583333333333E-1,5.E-1,
5.416666666667E-1,5.833333333333E-1,6.25E-1,6.666666666667E-1,7.083333333333E-1,
7.5E-1,7.916666666667E-1,8.333333333333E-1,8.75E-1,9.166666666667E-1,
9.583333333333E-1,1.E0),.UNSPECIFIED.);
#6130=B_SPLINE_CURVE_WITH_KNOTS('',3,(#6104,#6105,#6106,#6107,#6108,#6109,#6110,
#6111,#6112,#6113,#6114,#6115,#6116,#6117,#6118,#6119,#6120,#6121,#6122,#6123,
#6124,#6125,#6126,#6127,#6128,#6129),.UNSPECIFIED.,.F.,.F.,(4,1,1,1,1,1,1,1,1,1,
1,1,1,1,1,1,1,1,1,1,1,1,1,4),(0.E0,4.347826086957E-2,8.695652173913E-2,
1.304347826087E-1,1.739130434783E-1,2.173913043478E-1,2.608695652174E-1,
3.043478260870E-1,3.478260869565E-1,3.913043478261E-1,4.347826086957E-1,
4.782608695652E-1,5.217391304348E-1,5.652173913043E-1,6.086956521739E-1,
6.521739130435E-1,6.956521739130E-1,7.391304347826E-1,7.826086956522E-1,
8.260869565217E-1,8.695652173913E-1,9.130434782609E-1,9.565217391304E-1,1.E0),
.UNSPECIFIED.);
#6135=CIRCLE('',#6134,5.47E0);
#6142=B_SPLINE_CURVE_WITH_KNOTS('',3,(#6136,#6137,#6138,#6139,#6140,#6141),
.UNSPECIFIED.,.F.,.F.,(4,1,1,4),(0.E0,3.333333333333E-1,6.666666666667E-1,1.E0),
.UNSPECIFIED.);
#6147=CIRCLE('',#6146,5.47E0);
#6154=B_SPLINE_CURVE_WITH_KNOTS('',3,(#6148,#6149,#6150,#6151,#6152,#6153),
.UNSPECIFIED.,.F.,.F.,(4,1,1,4),(0.E0,3.333333333333E-1,6.666666666667E-1,1.E0),
.UNSPECIFIED.);
#6163=CIRCLE('',#6162,5.62E0);
#6172=CIRCLE('',#6171,1.023051249898E-1);
#6177=CIRCLE('',#6176,3.95E-1);
#6186=CIRCLE('',#6185,3.95E-1);
#6195=CIRCLE('',#6194,1.9E-1);
#6200=CIRCLE('',#6199,1.302633403899E-1);
#6205=CIRCLE('',#6204,1.302633403899E-1);
#6210=CIRCLE('',#6209,1.9E-1);
#7681=EDGE_CURVE('',#6213,#6214,#4,.T.);
#7683=EDGE_CURVE('',#6214,#6216,#8,.T.);
#7685=EDGE_CURVE('',#6216,#6218,#12,.T.);
#7687=EDGE_CURVE('',#6218,#6213,#16,.T.);
#7691=EDGE_CURVE('',#6245,#6246,#20,.T.);
#7693=EDGE_CURVE('',#6249,#6246,#25,.T.);
#7695=EDGE_CURVE('',#6249,#6250,#29,.T.);
#7697=EDGE_CURVE('',#6253,#6250,#34,.T.);
#7699=EDGE_CURVE('',#6253,#6254,#38,.T.);
#7701=EDGE_CURVE('',#6257,#6254,#43,.T.);
#7703=EDGE_CURVE('',#6257,#6258,#47,.T.);
#7705=EDGE_CURVE('',#6245,#6258,#52,.T.);
#7709=EDGE_CURVE('',#6642,#6643,#57,.T.);
#7711=EDGE_CURVE('',#6643,#6642,#62,.T.);
#7715=EDGE_CURVE('',#6788,#6789,#67,.T.);
#7717=EDGE_CURVE('',#6789,#6788,#72,.T.);
#7721=EDGE_CURVE('',#6934,#6935,#77,.T.);
#7723=EDGE_CURVE('',#6935,#6934,#82,.T.);
#7727=EDGE_CURVE('',#7080,#7081,#87,.T.);
#7729=EDGE_CURVE('',#7081,#7080,#92,.T.);
#7733=EDGE_CURVE('',#7226,#7227,#97,.T.);
#7735=EDGE_CURVE('',#7227,#7226,#102,.T.);
#7739=EDGE_CURVE('',#7372,#7373,#107,.T.);
#7741=EDGE_CURVE('',#7373,#7372,#112,.T.);
#7745=EDGE_CURVE('',#7518,#7519,#117,.T.);
#7747=EDGE_CURVE('',#7519,#7518,#122,.T.);
#7751=EDGE_CURVE('',#7664,#7665,#127,.T.);
#7753=EDGE_CURVE('',#7665,#7664,#132,.T.);
#7764=EDGE_CURVE('',#6213,#6221,#136,.T.);
#7766=EDGE_CURVE('',#6221,#6222,#152,.T.);
#7768=EDGE_CURVE('',#6214,#6222,#148,.T.);
#7779=EDGE_CURVE('',#6218,#6226,#140,.T.);
#7781=EDGE_CURVE('',#6226,#6221,#156,.T.);
#7793=EDGE_CURVE('',#6216,#6224,#144,.T.);
#7795=EDGE_CURVE('',#6224,#6226,#160,.T.);
#7808=EDGE_CURVE('',#6222,#6224,#164,.T.);
#7825=EDGE_CURVE('',#6397,#6398,#168,.T.);
#7827=EDGE_CURVE('',#6397,#6410,#173,.T.);
#7829=EDGE_CURVE('',#6409,#6410,#177,.T.);
#7831=EDGE_CURVE('',#6409,#6406,#182,.T.);
#7833=EDGE_CURVE('',#6405,#6406,#186,.T.);
#7835=EDGE_CURVE('',#6405,#6402,#191,.T.);
#7837=EDGE_CURVE('',#6401,#6402,#195,.T.);
#7839=EDGE_CURVE('',#6401,#6398,#200,.T.);
#7843=EDGE_CURVE('',#6644,#6645,#220,.T.);
#7845=EDGE_CURVE('',#6645,#6644,#241,.T.);
#7849=EDGE_CURVE('',#6790,#6791,#261,.T.);
#7851=EDGE_CURVE('',#6791,#6790,#283,.T.);
#7855=EDGE_CURVE('',#6936,#6937,#303,.T.);
#7857=EDGE_CURVE('',#6937,#6936,#325,.T.);
#7861=EDGE_CURVE('',#7082,#7083,#345,.T.);
#7863=EDGE_CURVE('',#7083,#7082,#367,.T.);
#7867=EDGE_CURVE('',#7228,#7229,#387,.T.);
#7869=EDGE_CURVE('',#7229,#7228,#409,.T.);
#7873=EDGE_CURVE('',#7374,#7375,#429,.T.);
#7875=EDGE_CURVE('',#7375,#7374,#451,.T.);
#7879=EDGE_CURVE('',#7520,#7521,#471,.T.);
#7881=EDGE_CURVE('',#7521,#7520,#493,.T.);
#7885=EDGE_CURVE('',#7666,#7667,#513,.T.);
#7887=EDGE_CURVE('',#7667,#7666,#535,.T.);
#7897=EDGE_CURVE('',#6499,#6494,#539,.T.);
#7899=EDGE_CURVE('',#6393,#6499,#730,.T.);
#7901=EDGE_CURVE('',#6393,#6397,#543,.T.);
#7904=EDGE_CURVE('',#6386,#6398,#584,.T.);
#7906=EDGE_CURVE('',#6494,#6386,#571,.T.);
#7917=EDGE_CURVE('',#6418,#6494,#548,.T.);
#7919=EDGE_CURVE('',#6417,#6418,#552,.T.);
#7921=EDGE_CURVE('',#6499,#6417,#557,.T.);
#7931=EDGE_CURVE('',#6494,#6495,#567,.T.);
#7933=EDGE_CURVE('',#6495,#6483,#594,.T.);
#7935=EDGE_CURVE('',#6454,#6483,#616,.T.);
#7937=EDGE_CURVE('',#6454,#6449,#562,.T.);
#7939=EDGE_CURVE('',#6449,#6418,#762,.T.);
#7952=EDGE_CURVE('',#6385,#6386,#576,.T.);
#7954=EDGE_CURVE('',#6385,#6495,#580,.T.);
#7965=EDGE_CURVE('',#6385,#6401,#598,.T.);
#7977=EDGE_CURVE('',#6483,#6484,#588,.T.);
#7983=EDGE_CURVE('',#6388,#6402,#708,.T.);
#7985=EDGE_CURVE('',#6491,#6388,#634,.T.);
#7987=EDGE_CURVE('',#6484,#6491,#604,.T.);
#7998=EDGE_CURVE('',#6458,#6484,#608,.T.);
#8000=EDGE_CURVE('',#6458,#6454,#612,.T.);
#8012=EDGE_CURVE('',#6491,#6487,#630,.T.);
#8014=EDGE_CURVE('',#6462,#6487,#669,.T.);
#8016=EDGE_CURVE('',#6462,#6458,#621,.T.);
#8027=EDGE_CURVE('',#6487,#6488,#625,.T.);
#8031=EDGE_CURVE('',#6381,#6388,#639,.T.);
#8033=EDGE_CURVE('',#6381,#6382,#643,.T.);
#8035=EDGE_CURVE('',#6390,#6382,#648,.T.);
#8037=EDGE_CURVE('',#6390,#6490,#652,.T.);
#8039=EDGE_CURVE('',#6488,#6490,#657,.T.);
#8050=EDGE_CURVE('',#6466,#6488,#661,.T.);
#8052=EDGE_CURVE('',#6466,#6462,#665,.T.);
#8064=EDGE_CURVE('',#6490,#6413,#688,.T.);
#8066=EDGE_CURVE('',#6468,#6413,#867,.T.);
#8068=EDGE_CURVE('',#6468,#6466,#674,.T.);
#8079=EDGE_CURVE('',#6490,#6498,#692,.T.);
#8081=EDGE_CURVE('',#6414,#6498,#679,.T.);
#8083=EDGE_CURVE('',#6413,#6414,#683,.T.);
#8096=EDGE_CURVE('',#6390,#6409,#696,.T.);
#8099=EDGE_CURVE('',#6394,#6410,#712,.T.);
#8101=EDGE_CURVE('',#6498,#6394,#721,.T.);
#8114=EDGE_CURVE('',#6382,#6406,#700,.T.);
#8127=EDGE_CURVE('',#6381,#6405,#704,.T.);
#8151=EDGE_CURVE('',#6393,#6394,#726,.T.);
#8162=EDGE_CURVE('',#6498,#6499,#717,.T.);
#8177=EDGE_CURVE('',#6450,#6417,#758,.T.);
#8179=EDGE_CURVE('',#6450,#6479,#735,.T.);
#8181=EDGE_CURVE('',#6479,#6469,#750,.T.);
#8183=EDGE_CURVE('',#6469,#6414,#871,.T.);
#8194=EDGE_CURVE('',#6449,#6450,#754,.T.);
#8207=EDGE_CURVE('',#6446,#6444,#780,.T.);
#8209=EDGE_CURVE('',#6444,#6450,#898,.T.);
#8212=EDGE_CURVE('',#6446,#6449,#767,.T.);
#8222=EDGE_CURVE('',#6441,#6442,#771,.T.);
#8224=EDGE_CURVE('',#6444,#6441,#776,.T.);
#8227=EDGE_CURVE('',#6452,#6446,#785,.T.);
#8229=EDGE_CURVE('',#6456,#6452,#789,.T.);
#8231=EDGE_CURVE('',#6460,#6456,#794,.T.);
#8233=EDGE_CURVE('',#6464,#6460,#798,.T.);
#8235=EDGE_CURVE('',#6442,#6464,#803,.T.);
#8245=EDGE_CURVE('',#6473,#6475,#812,.T.);
#8247=EDGE_CURVE('',#6475,#6477,#819,.T.);
#8249=EDGE_CURVE('',#6441,#6477,#824,.T.);
#8252=EDGE_CURVE('',#6442,#6468,#1066,.T.);
#8254=EDGE_CURVE('',#6473,#6468,#863,.T.);
#8297=EDGE_CURVE('',#6473,#6474,#829,.T.);
#8299=EDGE_CURVE('',#6474,#6476,#985,.T.);
#8301=EDGE_CURVE('',#6475,#6476,#903,.T.);
#8367=EDGE_CURVE('',#6470,#6473,#859,.T.);
#8369=EDGE_CURVE('',#6470,#6472,#834,.T.);
#8371=EDGE_CURVE('',#6472,#6474,#966,.T.);
#8382=EDGE_CURVE('',#6469,#6470,#841,.T.);
#8418=EDGE_CURVE('',#6469,#6471,#876,.T.);
#8420=EDGE_CURVE('',#6471,#6472,#910,.T.);
#8484=EDGE_CURVE('',#6479,#6480,#881,.T.);
#8486=EDGE_CURVE('',#6480,#6471,#926,.T.);
#8521=EDGE_CURVE('',#6477,#6479,#893,.T.);
#8523=EDGE_CURVE('',#6477,#6478,#886,.T.);
#8525=EDGE_CURVE('',#6478,#6480,#934,.T.);
#8571=EDGE_CURVE('',#6476,#6478,#941,.T.);
#8586=EDGE_CURVE('',#6437,#6476,#945,.T.);
#8588=EDGE_CURVE('',#6437,#6438,#950,.T.);
#8590=EDGE_CURVE('',#6438,#6472,#970,.T.);
#8602=EDGE_CURVE('',#6438,#6437,#975,.T.);
#8614=EDGE_CURVE('',#6424,#6430,#990,.T.);
#8616=EDGE_CURVE('',#6424,#6430,#995,.T.);
#8630=EDGE_CURVE('',#6422,#6424,#1000,.T.);
#8632=EDGE_CURVE('',#6422,#6428,#1005,.T.);
#8634=EDGE_CURVE('',#6428,#6430,#1010,.T.);
#8648=EDGE_CURVE('',#6422,#6428,#1015,.T.);
#8658=EDGE_CURVE('',#6421,#6422,#1024,.T.);
#8661=EDGE_CURVE('',#6427,#6428,#1033,.T.);
#8663=EDGE_CURVE('',#6421,#6427,#1020,.T.);
#8674=EDGE_CURVE('',#6421,#6427,#1029,.T.);
#8690=EDGE_CURVE('',#6433,#6434,#1038,.T.);
#8692=EDGE_CURVE('',#6434,#6433,#1043,.T.);
#8702=EDGE_CURVE('',#7674,#7675,#1048,.T.);
#8704=EDGE_CURVE('',#6433,#7674,#1061,.T.);
#8707=EDGE_CURVE('',#6434,#7675,#1057,.T.);
#8718=EDGE_CURVE('',#7675,#7674,#1053,.T.);
#8741=EDGE_CURVE('',#6464,#6466,#1071,.T.);
#8754=EDGE_CURVE('',#6460,#6462,#1076,.T.);
#8767=EDGE_CURVE('',#6456,#6458,#1081,.T.);
#8780=EDGE_CURVE('',#6452,#6454,#1086,.T.);
#8829=EDGE_CURVE('',#6644,#6610,#1096,.T.);
#8831=EDGE_CURVE('',#6611,#6610,#1626,.T.);
#8833=EDGE_CURVE('',#6645,#6611,#1091,.T.);
#8869=EDGE_CURVE('',#6610,#6611,#1101,.T.);
#8880=EDGE_CURVE('',#6555,#6554,#1119,.T.);
#8882=EDGE_CURVE('',#6610,#6554,#1630,.T.);
#8885=EDGE_CURVE('',#6611,#6555,#1105,.T.);
#8895=EDGE_CURVE('',#6534,#6535,#1123,.T.);
#8897=EDGE_CURVE('',#6535,#6539,#1165,.T.);
#8899=EDGE_CURVE('',#6538,#6539,#1139,.T.);
#8901=EDGE_CURVE('',#6534,#6538,#1109,.T.);
#8905=EDGE_CURVE('',#6554,#6555,#1114,.T.);
#8917=EDGE_CURVE('',#6534,#6542,#1127,.T.);
#8919=EDGE_CURVE('',#6542,#6543,#1131,.T.);
#8921=EDGE_CURVE('',#6535,#6543,#1174,.T.);
#8932=EDGE_CURVE('',#6538,#6546,#1135,.T.);
#8934=EDGE_CURVE('',#6542,#6546,#1187,.T.);
#8946=EDGE_CURVE('',#6539,#6547,#1143,.T.);
#8948=EDGE_CURVE('',#6546,#6547,#1147,.T.);
#8959=EDGE_CURVE('',#6539,#6510,#1152,.T.);
#8961=EDGE_CURVE('',#6510,#6526,#1156,.T.);
#8963=EDGE_CURVE('',#6547,#6526,#1161,.T.);
#8974=EDGE_CURVE('',#6535,#6502,#1170,.T.);
#8976=EDGE_CURVE('',#6502,#6510,#1255,.T.);
#8990=EDGE_CURVE('',#6543,#6518,#1179,.T.);
#8992=EDGE_CURVE('',#6502,#6518,#1247,.T.);
#9003=EDGE_CURVE('',#6543,#6547,#1183,.T.);
#9006=EDGE_CURVE('',#6518,#6526,#1239,.T.);
#9022=EDGE_CURVE('',#6550,#6551,#1192,.T.);
#9024=EDGE_CURVE('',#6551,#6550,#1197,.T.);
#9035=EDGE_CURVE('',#6606,#6550,#1201,.T.);
#9037=EDGE_CURVE('',#6607,#6606,#1206,.T.);
#9039=EDGE_CURVE('',#6607,#6551,#1210,.T.);
#9051=EDGE_CURVE('',#6606,#6607,#1215,.T.);
#9062=EDGE_CURVE('',#6602,#6603,#1225,.T.);
#9064=EDGE_CURVE('',#6602,#6606,#1220,.T.);
#9067=EDGE_CURVE('',#6603,#6607,#1235,.T.);
#9078=EDGE_CURVE('',#6603,#6602,#1230,.T.);
#9100=EDGE_CURVE('',#6518,#6519,#1251,.T.);
#9103=EDGE_CURVE('',#6526,#6527,#1621,.T.);
#9105=EDGE_CURVE('',#6519,#6527,#1277,.T.);
#9115=EDGE_CURVE('',#6502,#6503,#1243,.T.);
#9119=EDGE_CURVE('',#6503,#6519,#1268,.T.);
#9130=EDGE_CURVE('',#6503,#6511,#1259,.T.);
#9132=EDGE_CURVE('',#6510,#6511,#1613,.T.);
#9143=EDGE_CURVE('',#6503,#6506,#1264,.T.);
#9145=EDGE_CURVE('',#6506,#6514,#1307,.T.);
#9147=EDGE_CURVE('',#6511,#6514,#1282,.T.);
#9160=EDGE_CURVE('',#6519,#6522,#1273,.T.);
#9162=EDGE_CURVE('',#6506,#6522,#1325,.T.);
#9174=EDGE_CURVE('',#6527,#6530,#1291,.T.);
#9176=EDGE_CURVE('',#6522,#6530,#1333,.T.);
#9187=EDGE_CURVE('',#6514,#6530,#1286,.T.);
#9190=EDGE_CURVE('',#6511,#6527,#1617,.T.);
#9200=EDGE_CURVE('',#6514,#6515,#1295,.T.);
#9202=EDGE_CURVE('',#6515,#6531,#1299,.T.);
#9204=EDGE_CURVE('',#6530,#6531,#1303,.T.);
#9215=EDGE_CURVE('',#6506,#6507,#1321,.T.);
#9217=EDGE_CURVE('',#6507,#6515,#1365,.T.);
#9223=EDGE_CURVE('',#6558,#6559,#1312,.T.);
#9225=EDGE_CURVE('',#6559,#6558,#1317,.T.);
#9237=EDGE_CURVE('',#6522,#6523,#1329,.T.);
#9239=EDGE_CURVE('',#6507,#6523,#1356,.T.);
#9252=EDGE_CURVE('',#6523,#6531,#1347,.T.);
#9256=EDGE_CURVE('',#6566,#6567,#1338,.T.);
#9258=EDGE_CURVE('',#6567,#6566,#1343,.T.);
#9268=EDGE_CURVE('',#6523,#6589,#1361,.T.);
#9271=EDGE_CURVE('',#6531,#6591,#1563,.T.);
#9273=EDGE_CURVE('',#6589,#6591,#1431,.T.);
#9283=EDGE_CURVE('',#6507,#6577,#1352,.T.);
#9287=EDGE_CURVE('',#6577,#6589,#1415,.T.);
#9298=EDGE_CURVE('',#6577,#6579,#1373,.T.);
#9300=EDGE_CURVE('',#6515,#6579,#1554,.T.);
#9311=EDGE_CURVE('',#6570,#6571,#1369,.T.);
#9313=EDGE_CURVE('',#6579,#6570,#1549,.T.);
#9316=EDGE_CURVE('',#6577,#6575,#1411,.T.);
#9318=EDGE_CURVE('',#6574,#6575,#1377,.T.);
#9320=EDGE_CURVE('',#6574,#6571,#1394,.T.);
#9331=EDGE_CURVE('',#6571,#6583,#1381,.T.);
#9333=EDGE_CURVE('',#6582,#6583,#1423,.T.);
#9335=EDGE_CURVE('',#6570,#6582,#1541,.T.);
#9345=EDGE_CURVE('',#6593,#6571,#1390,.T.);
#9347=EDGE_CURVE('',#6593,#6597,#1385,.T.);
#9349=EDGE_CURVE('',#6597,#6583,#1436,.T.);
#9362=EDGE_CURVE('',#6595,#6574,#1399,.T.);
#9364=EDGE_CURVE('',#6595,#6593,#1497,.T.);
#9375=EDGE_CURVE('',#6574,#6586,#1403,.T.);
#9377=EDGE_CURVE('',#6599,#6586,#1441,.T.);
#9379=EDGE_CURVE('',#6595,#6599,#1525,.T.);
#9390=EDGE_CURVE('',#6575,#6587,#1407,.T.);
#9392=EDGE_CURVE('',#6586,#6587,#1427,.T.);
#9406=EDGE_CURVE('',#6589,#6587,#1419,.T.);
#9417=EDGE_CURVE('',#6586,#6583,#1445,.T.);
#9422=EDGE_CURVE('',#6591,#6582,#1545,.T.);
#9433=EDGE_CURVE('',#6599,#6597,#1465,.T.);
#9445=EDGE_CURVE('',#6638,#6639,#1449,.T.);
#9447=EDGE_CURVE('',#6639,#6622,#1453,.T.);
#9449=EDGE_CURVE('',#6622,#6623,#1457,.T.);
#9451=EDGE_CURVE('',#6599,#6623,#1461,.T.);
#9454=EDGE_CURVE('',#6597,#6626,#1469,.T.);
#9456=EDGE_CURVE('',#6626,#6627,#1473,.T.);
#9458=EDGE_CURVE('',#6638,#6627,#1477,.T.);
#9468=EDGE_CURVE('',#6634,#6635,#1481,.T.);
#9470=EDGE_CURVE('',#6639,#6635,#1533,.T.);
#9473=EDGE_CURVE('',#6638,#6634,#1513,.T.);
#9484=EDGE_CURVE('',#6634,#6619,#1485,.T.);
#9486=EDGE_CURVE('',#6618,#6619,#1489,.T.);
#9488=EDGE_CURVE('',#6593,#6618,#1493,.T.);
#9491=EDGE_CURVE('',#6595,#6615,#1501,.T.);
#9493=EDGE_CURVE('',#6614,#6615,#1505,.T.);
#9495=EDGE_CURVE('',#6635,#6614,#1509,.T.);
#9507=EDGE_CURVE('',#6619,#6627,#1517,.T.);
#9521=EDGE_CURVE('',#6618,#6626,#1521,.T.);
#9543=EDGE_CURVE('',#6615,#6623,#1529,.T.);
#9559=EDGE_CURVE('',#6614,#6622,#1537,.T.);
#9583=EDGE_CURVE('',#6579,#6591,#1558,.T.);
#9607=EDGE_CURVE('',#6562,#6566,#1571,.T.);
#9609=EDGE_CURVE('',#6562,#6563,#1576,.T.);
#9611=EDGE_CURVE('',#6563,#6567,#1567,.T.);
#9623=EDGE_CURVE('',#6563,#6562,#1581,.T.);
#9644=EDGE_CURVE('',#6631,#6630,#1586,.T.);
#9646=EDGE_CURVE('',#6630,#6558,#1609,.T.);
#9649=EDGE_CURVE('',#6631,#6559,#1605,.T.);
#9660=EDGE_CURVE('',#6642,#6630,#1596,.T.);
#9663=EDGE_CURVE('',#6643,#6631,#1591,.T.);
#9675=EDGE_CURVE('',#6630,#6631,#1601,.T.);
#9747=EDGE_CURVE('',#6790,#6756,#1640,.T.);
#9749=EDGE_CURVE('',#6757,#6756,#2170,.T.);
#9751=EDGE_CURVE('',#6791,#6757,#1635,.T.);
#9787=EDGE_CURVE('',#6756,#6757,#1645,.T.);
#9798=EDGE_CURVE('',#6701,#6700,#1663,.T.);
#9800=EDGE_CURVE('',#6756,#6700,#2174,.T.);
#9803=EDGE_CURVE('',#6757,#6701,#1649,.T.);
#9813=EDGE_CURVE('',#6680,#6681,#1667,.T.);
#9815=EDGE_CURVE('',#6681,#6685,#1709,.T.);
#9817=EDGE_CURVE('',#6684,#6685,#1683,.T.);
#9819=EDGE_CURVE('',#6680,#6684,#1653,.T.);
#9823=EDGE_CURVE('',#6700,#6701,#1658,.T.);
#9835=EDGE_CURVE('',#6680,#6688,#1671,.T.);
#9837=EDGE_CURVE('',#6688,#6689,#1675,.T.);
#9839=EDGE_CURVE('',#6681,#6689,#1718,.T.);
#9850=EDGE_CURVE('',#6684,#6692,#1679,.T.);
#9852=EDGE_CURVE('',#6688,#6692,#1731,.T.);
#9864=EDGE_CURVE('',#6685,#6693,#1687,.T.);
#9866=EDGE_CURVE('',#6692,#6693,#1691,.T.);
#9877=EDGE_CURVE('',#6685,#6656,#1696,.T.);
#9879=EDGE_CURVE('',#6656,#6672,#1700,.T.);
#9881=EDGE_CURVE('',#6693,#6672,#1705,.T.);
#9892=EDGE_CURVE('',#6681,#6648,#1714,.T.);
#9894=EDGE_CURVE('',#6648,#6656,#1799,.T.);
#9908=EDGE_CURVE('',#6689,#6664,#1723,.T.);
#9910=EDGE_CURVE('',#6648,#6664,#1791,.T.);
#9921=EDGE_CURVE('',#6689,#6693,#1727,.T.);
#9924=EDGE_CURVE('',#6664,#6672,#1783,.T.);
#9940=EDGE_CURVE('',#6696,#6697,#1736,.T.);
#9942=EDGE_CURVE('',#6697,#6696,#1741,.T.);
#9953=EDGE_CURVE('',#6752,#6696,#1745,.T.);
#9955=EDGE_CURVE('',#6753,#6752,#1750,.T.);
#9957=EDGE_CURVE('',#6753,#6697,#1754,.T.);
#9969=EDGE_CURVE('',#6752,#6753,#1759,.T.);
#9980=EDGE_CURVE('',#6748,#6749,#1769,.T.);
#9982=EDGE_CURVE('',#6748,#6752,#1764,.T.);
#9985=EDGE_CURVE('',#6749,#6753,#1779,.T.);
#9996=EDGE_CURVE('',#6749,#6748,#1774,.T.);
#10018=EDGE_CURVE('',#6664,#6665,#1795,.T.);
#10021=EDGE_CURVE('',#6672,#6673,#2165,.T.);
#10023=EDGE_CURVE('',#6665,#6673,#1821,.T.);
#10033=EDGE_CURVE('',#6648,#6649,#1787,.T.);
#10037=EDGE_CURVE('',#6649,#6665,#1812,.T.);
#10048=EDGE_CURVE('',#6649,#6657,#1803,.T.);
#10050=EDGE_CURVE('',#6656,#6657,#2157,.T.);
#10061=EDGE_CURVE('',#6649,#6652,#1808,.T.);
#10063=EDGE_CURVE('',#6652,#6660,#1851,.T.);
#10065=EDGE_CURVE('',#6657,#6660,#1826,.T.);
#10078=EDGE_CURVE('',#6665,#6668,#1817,.T.);
#10080=EDGE_CURVE('',#6652,#6668,#1869,.T.);
#10092=EDGE_CURVE('',#6673,#6676,#1835,.T.);
#10094=EDGE_CURVE('',#6668,#6676,#1877,.T.);
#10105=EDGE_CURVE('',#6660,#6676,#1830,.T.);
#10108=EDGE_CURVE('',#6657,#6673,#2161,.T.);
#10118=EDGE_CURVE('',#6660,#6661,#1839,.T.);
#10120=EDGE_CURVE('',#6661,#6677,#1843,.T.);
#10122=EDGE_CURVE('',#6676,#6677,#1847,.T.);
#10133=EDGE_CURVE('',#6652,#6653,#1865,.T.);
#10135=EDGE_CURVE('',#6653,#6661,#1909,.T.);
#10141=EDGE_CURVE('',#6704,#6705,#1856,.T.);
#10143=EDGE_CURVE('',#6705,#6704,#1861,.T.);
#10155=EDGE_CURVE('',#6668,#6669,#1873,.T.);
#10157=EDGE_CURVE('',#6653,#6669,#1900,.T.);
#10170=EDGE_CURVE('',#6669,#6677,#1891,.T.);
#10174=EDGE_CURVE('',#6712,#6713,#1882,.T.);
#10176=EDGE_CURVE('',#6713,#6712,#1887,.T.);
#10186=EDGE_CURVE('',#6669,#6735,#1905,.T.);
#10189=EDGE_CURVE('',#6677,#6737,#2107,.T.);
#10191=EDGE_CURVE('',#6735,#6737,#1975,.T.);
#10201=EDGE_CURVE('',#6653,#6723,#1896,.T.);
#10205=EDGE_CURVE('',#6723,#6735,#1959,.T.);
#10216=EDGE_CURVE('',#6723,#6725,#1917,.T.);
#10218=EDGE_CURVE('',#6661,#6725,#2098,.T.);
#10229=EDGE_CURVE('',#6716,#6717,#1913,.T.);
#10231=EDGE_CURVE('',#6725,#6716,#2093,.T.);
#10234=EDGE_CURVE('',#6723,#6721,#1955,.T.);
#10236=EDGE_CURVE('',#6720,#6721,#1921,.T.);
#10238=EDGE_CURVE('',#6720,#6717,#1938,.T.);
#10249=EDGE_CURVE('',#6717,#6729,#1925,.T.);
#10251=EDGE_CURVE('',#6728,#6729,#1967,.T.);
#10253=EDGE_CURVE('',#6716,#6728,#2085,.T.);
#10263=EDGE_CURVE('',#6739,#6717,#1934,.T.);
#10265=EDGE_CURVE('',#6739,#6743,#1929,.T.);
#10267=EDGE_CURVE('',#6743,#6729,#1980,.T.);
#10280=EDGE_CURVE('',#6741,#6720,#1943,.T.);
#10282=EDGE_CURVE('',#6741,#6739,#2041,.T.);
#10293=EDGE_CURVE('',#6720,#6732,#1947,.T.);
#10295=EDGE_CURVE('',#6745,#6732,#1985,.T.);
#10297=EDGE_CURVE('',#6741,#6745,#2069,.T.);
#10308=EDGE_CURVE('',#6721,#6733,#1951,.T.);
#10310=EDGE_CURVE('',#6732,#6733,#1971,.T.);
#10324=EDGE_CURVE('',#6735,#6733,#1963,.T.);
#10335=EDGE_CURVE('',#6732,#6729,#1989,.T.);
#10340=EDGE_CURVE('',#6737,#6728,#2089,.T.);
#10351=EDGE_CURVE('',#6745,#6743,#2009,.T.);
#10363=EDGE_CURVE('',#6784,#6785,#1993,.T.);
#10365=EDGE_CURVE('',#6785,#6768,#1997,.T.);
#10367=EDGE_CURVE('',#6768,#6769,#2001,.T.);
#10369=EDGE_CURVE('',#6745,#6769,#2005,.T.);
#10372=EDGE_CURVE('',#6743,#6772,#2013,.T.);
#10374=EDGE_CURVE('',#6772,#6773,#2017,.T.);
#10376=EDGE_CURVE('',#6784,#6773,#2021,.T.);
#10386=EDGE_CURVE('',#6780,#6781,#2025,.T.);
#10388=EDGE_CURVE('',#6785,#6781,#2077,.T.);
#10391=EDGE_CURVE('',#6784,#6780,#2057,.T.);
#10402=EDGE_CURVE('',#6780,#6765,#2029,.T.);
#10404=EDGE_CURVE('',#6764,#6765,#2033,.T.);
#10406=EDGE_CURVE('',#6739,#6764,#2037,.T.);
#10409=EDGE_CURVE('',#6741,#6761,#2045,.T.);
#10411=EDGE_CURVE('',#6760,#6761,#2049,.T.);
#10413=EDGE_CURVE('',#6781,#6760,#2053,.T.);
#10425=EDGE_CURVE('',#6765,#6773,#2061,.T.);
#10439=EDGE_CURVE('',#6764,#6772,#2065,.T.);
#10461=EDGE_CURVE('',#6761,#6769,#2073,.T.);
#10477=EDGE_CURVE('',#6760,#6768,#2081,.T.);
#10501=EDGE_CURVE('',#6725,#6737,#2102,.T.);
#10525=EDGE_CURVE('',#6708,#6712,#2115,.T.);
#10527=EDGE_CURVE('',#6708,#6709,#2120,.T.);
#10529=EDGE_CURVE('',#6709,#6713,#2111,.T.);
#10541=EDGE_CURVE('',#6709,#6708,#2125,.T.);
#10562=EDGE_CURVE('',#6777,#6776,#2130,.T.);
#10564=EDGE_CURVE('',#6776,#6704,#2153,.T.);
#10567=EDGE_CURVE('',#6777,#6705,#2149,.T.);
#10578=EDGE_CURVE('',#6788,#6776,#2140,.T.);
#10581=EDGE_CURVE('',#6789,#6777,#2135,.T.);
#10593=EDGE_CURVE('',#6776,#6777,#2145,.T.);
#10665=EDGE_CURVE('',#6936,#6902,#2184,.T.);
#10667=EDGE_CURVE('',#6903,#6902,#2714,.T.);
#10669=EDGE_CURVE('',#6937,#6903,#2179,.T.);
#10705=EDGE_CURVE('',#6902,#6903,#2189,.T.);
#10716=EDGE_CURVE('',#6847,#6846,#2207,.T.);
#10718=EDGE_CURVE('',#6902,#6846,#2718,.T.);
#10721=EDGE_CURVE('',#6903,#6847,#2193,.T.);
#10731=EDGE_CURVE('',#6826,#6827,#2211,.T.);
#10733=EDGE_CURVE('',#6827,#6831,#2253,.T.);
#10735=EDGE_CURVE('',#6830,#6831,#2227,.T.);
#10737=EDGE_CURVE('',#6826,#6830,#2197,.T.);
#10741=EDGE_CURVE('',#6846,#6847,#2202,.T.);
#10753=EDGE_CURVE('',#6826,#6834,#2215,.T.);
#10755=EDGE_CURVE('',#6834,#6835,#2219,.T.);
#10757=EDGE_CURVE('',#6827,#6835,#2262,.T.);
#10768=EDGE_CURVE('',#6830,#6838,#2223,.T.);
#10770=EDGE_CURVE('',#6834,#6838,#2275,.T.);
#10782=EDGE_CURVE('',#6831,#6839,#2231,.T.);
#10784=EDGE_CURVE('',#6838,#6839,#2235,.T.);
#10795=EDGE_CURVE('',#6831,#6802,#2240,.T.);
#10797=EDGE_CURVE('',#6802,#6818,#2244,.T.);
#10799=EDGE_CURVE('',#6839,#6818,#2249,.T.);
#10810=EDGE_CURVE('',#6827,#6794,#2258,.T.);
#10812=EDGE_CURVE('',#6794,#6802,#2343,.T.);
#10826=EDGE_CURVE('',#6835,#6810,#2267,.T.);
#10828=EDGE_CURVE('',#6794,#6810,#2335,.T.);
#10839=EDGE_CURVE('',#6835,#6839,#2271,.T.);
#10842=EDGE_CURVE('',#6810,#6818,#2327,.T.);
#10858=EDGE_CURVE('',#6842,#6843,#2280,.T.);
#10860=EDGE_CURVE('',#6843,#6842,#2285,.T.);
#10871=EDGE_CURVE('',#6898,#6842,#2289,.T.);
#10873=EDGE_CURVE('',#6899,#6898,#2294,.T.);
#10875=EDGE_CURVE('',#6899,#6843,#2298,.T.);
#10887=EDGE_CURVE('',#6898,#6899,#2303,.T.);
#10898=EDGE_CURVE('',#6894,#6895,#2313,.T.);
#10900=EDGE_CURVE('',#6894,#6898,#2308,.T.);
#10903=EDGE_CURVE('',#6895,#6899,#2323,.T.);
#10914=EDGE_CURVE('',#6895,#6894,#2318,.T.);
#10936=EDGE_CURVE('',#6810,#6811,#2339,.T.);
#10939=EDGE_CURVE('',#6818,#6819,#2709,.T.);
#10941=EDGE_CURVE('',#6811,#6819,#2365,.T.);
#10951=EDGE_CURVE('',#6794,#6795,#2331,.T.);
#10955=EDGE_CURVE('',#6795,#6811,#2356,.T.);
#10966=EDGE_CURVE('',#6795,#6803,#2347,.T.);
#10968=EDGE_CURVE('',#6802,#6803,#2701,.T.);
#10979=EDGE_CURVE('',#6795,#6798,#2352,.T.);
#10981=EDGE_CURVE('',#6798,#6806,#2395,.T.);
#10983=EDGE_CURVE('',#6803,#6806,#2370,.T.);
#10996=EDGE_CURVE('',#6811,#6814,#2361,.T.);
#10998=EDGE_CURVE('',#6798,#6814,#2413,.T.);
#11010=EDGE_CURVE('',#6819,#6822,#2379,.T.);
#11012=EDGE_CURVE('',#6814,#6822,#2421,.T.);
#11023=EDGE_CURVE('',#6806,#6822,#2374,.T.);
#11026=EDGE_CURVE('',#6803,#6819,#2705,.T.);
#11036=EDGE_CURVE('',#6806,#6807,#2383,.T.);
#11038=EDGE_CURVE('',#6807,#6823,#2387,.T.);
#11040=EDGE_CURVE('',#6822,#6823,#2391,.T.);
#11051=EDGE_CURVE('',#6798,#6799,#2409,.T.);
#11053=EDGE_CURVE('',#6799,#6807,#2453,.T.);
#11059=EDGE_CURVE('',#6850,#6851,#2400,.T.);
#11061=EDGE_CURVE('',#6851,#6850,#2405,.T.);
#11073=EDGE_CURVE('',#6814,#6815,#2417,.T.);
#11075=EDGE_CURVE('',#6799,#6815,#2444,.T.);
#11088=EDGE_CURVE('',#6815,#6823,#2435,.T.);
#11092=EDGE_CURVE('',#6858,#6859,#2426,.T.);
#11094=EDGE_CURVE('',#6859,#6858,#2431,.T.);
#11104=EDGE_CURVE('',#6815,#6881,#2449,.T.);
#11107=EDGE_CURVE('',#6823,#6883,#2651,.T.);
#11109=EDGE_CURVE('',#6881,#6883,#2519,.T.);
#11119=EDGE_CURVE('',#6799,#6869,#2440,.T.);
#11123=EDGE_CURVE('',#6869,#6881,#2503,.T.);
#11134=EDGE_CURVE('',#6869,#6871,#2461,.T.);
#11136=EDGE_CURVE('',#6807,#6871,#2642,.T.);
#11147=EDGE_CURVE('',#6862,#6863,#2457,.T.);
#11149=EDGE_CURVE('',#6871,#6862,#2637,.T.);
#11152=EDGE_CURVE('',#6869,#6867,#2499,.T.);
#11154=EDGE_CURVE('',#6866,#6867,#2465,.T.);
#11156=EDGE_CURVE('',#6866,#6863,#2482,.T.);
#11167=EDGE_CURVE('',#6863,#6875,#2469,.T.);
#11169=EDGE_CURVE('',#6874,#6875,#2511,.T.);
#11171=EDGE_CURVE('',#6862,#6874,#2629,.T.);
#11181=EDGE_CURVE('',#6885,#6863,#2478,.T.);
#11183=EDGE_CURVE('',#6885,#6889,#2473,.T.);
#11185=EDGE_CURVE('',#6889,#6875,#2524,.T.);
#11198=EDGE_CURVE('',#6887,#6866,#2487,.T.);
#11200=EDGE_CURVE('',#6887,#6885,#2585,.T.);
#11211=EDGE_CURVE('',#6866,#6878,#2491,.T.);
#11213=EDGE_CURVE('',#6891,#6878,#2529,.T.);
#11215=EDGE_CURVE('',#6887,#6891,#2613,.T.);
#11226=EDGE_CURVE('',#6867,#6879,#2495,.T.);
#11228=EDGE_CURVE('',#6878,#6879,#2515,.T.);
#11242=EDGE_CURVE('',#6881,#6879,#2507,.T.);
#11253=EDGE_CURVE('',#6878,#6875,#2533,.T.);
#11258=EDGE_CURVE('',#6883,#6874,#2633,.T.);
#11269=EDGE_CURVE('',#6891,#6889,#2553,.T.);
#11281=EDGE_CURVE('',#6930,#6931,#2537,.T.);
#11283=EDGE_CURVE('',#6931,#6914,#2541,.T.);
#11285=EDGE_CURVE('',#6914,#6915,#2545,.T.);
#11287=EDGE_CURVE('',#6891,#6915,#2549,.T.);
#11290=EDGE_CURVE('',#6889,#6918,#2557,.T.);
#11292=EDGE_CURVE('',#6918,#6919,#2561,.T.);
#11294=EDGE_CURVE('',#6930,#6919,#2565,.T.);
#11304=EDGE_CURVE('',#6926,#6927,#2569,.T.);
#11306=EDGE_CURVE('',#6931,#6927,#2621,.T.);
#11309=EDGE_CURVE('',#6930,#6926,#2601,.T.);
#11320=EDGE_CURVE('',#6926,#6911,#2573,.T.);
#11322=EDGE_CURVE('',#6910,#6911,#2577,.T.);
#11324=EDGE_CURVE('',#6885,#6910,#2581,.T.);
#11327=EDGE_CURVE('',#6887,#6907,#2589,.T.);
#11329=EDGE_CURVE('',#6906,#6907,#2593,.T.);
#11331=EDGE_CURVE('',#6927,#6906,#2597,.T.);
#11343=EDGE_CURVE('',#6911,#6919,#2605,.T.);
#11357=EDGE_CURVE('',#6910,#6918,#2609,.T.);
#11379=EDGE_CURVE('',#6907,#6915,#2617,.T.);
#11395=EDGE_CURVE('',#6906,#6914,#2625,.T.);
#11419=EDGE_CURVE('',#6871,#6883,#2646,.T.);
#11443=EDGE_CURVE('',#6854,#6858,#2659,.T.);
#11445=EDGE_CURVE('',#6854,#6855,#2664,.T.);
#11447=EDGE_CURVE('',#6855,#6859,#2655,.T.);
#11459=EDGE_CURVE('',#6855,#6854,#2669,.T.);
#11480=EDGE_CURVE('',#6923,#6922,#2674,.T.);
#11482=EDGE_CURVE('',#6922,#6850,#2697,.T.);
#11485=EDGE_CURVE('',#6923,#6851,#2693,.T.);
#11496=EDGE_CURVE('',#6934,#6922,#2684,.T.);
#11499=EDGE_CURVE('',#6935,#6923,#2679,.T.);
#11511=EDGE_CURVE('',#6922,#6923,#2689,.T.);
#11583=EDGE_CURVE('',#7082,#7048,#2728,.T.);
#11585=EDGE_CURVE('',#7049,#7048,#3258,.T.);
#11587=EDGE_CURVE('',#7083,#7049,#2723,.T.);
#11623=EDGE_CURVE('',#7048,#7049,#2733,.T.);
#11634=EDGE_CURVE('',#6993,#6992,#2751,.T.);
#11636=EDGE_CURVE('',#7048,#6992,#3262,.T.);
#11639=EDGE_CURVE('',#7049,#6993,#2737,.T.);
#11649=EDGE_CURVE('',#6972,#6973,#2755,.T.);
#11651=EDGE_CURVE('',#6973,#6977,#2797,.T.);
#11653=EDGE_CURVE('',#6976,#6977,#2771,.T.);
#11655=EDGE_CURVE('',#6972,#6976,#2741,.T.);
#11659=EDGE_CURVE('',#6992,#6993,#2746,.T.);
#11671=EDGE_CURVE('',#6972,#6980,#2759,.T.);
#11673=EDGE_CURVE('',#6980,#6981,#2763,.T.);
#11675=EDGE_CURVE('',#6973,#6981,#2806,.T.);
#11686=EDGE_CURVE('',#6976,#6984,#2767,.T.);
#11688=EDGE_CURVE('',#6980,#6984,#2819,.T.);
#11700=EDGE_CURVE('',#6977,#6985,#2775,.T.);
#11702=EDGE_CURVE('',#6984,#6985,#2779,.T.);
#11713=EDGE_CURVE('',#6977,#6948,#2784,.T.);
#11715=EDGE_CURVE('',#6948,#6964,#2788,.T.);
#11717=EDGE_CURVE('',#6985,#6964,#2793,.T.);
#11728=EDGE_CURVE('',#6973,#6940,#2802,.T.);
#11730=EDGE_CURVE('',#6940,#6948,#2887,.T.);
#11744=EDGE_CURVE('',#6981,#6956,#2811,.T.);
#11746=EDGE_CURVE('',#6940,#6956,#2879,.T.);
#11757=EDGE_CURVE('',#6981,#6985,#2815,.T.);
#11760=EDGE_CURVE('',#6956,#6964,#2871,.T.);
#11776=EDGE_CURVE('',#6988,#6989,#2824,.T.);
#11778=EDGE_CURVE('',#6989,#6988,#2829,.T.);
#11789=EDGE_CURVE('',#7044,#6988,#2833,.T.);
#11791=EDGE_CURVE('',#7045,#7044,#2838,.T.);
#11793=EDGE_CURVE('',#7045,#6989,#2842,.T.);
#11805=EDGE_CURVE('',#7044,#7045,#2847,.T.);
#11816=EDGE_CURVE('',#7040,#7041,#2857,.T.);
#11818=EDGE_CURVE('',#7040,#7044,#2852,.T.);
#11821=EDGE_CURVE('',#7041,#7045,#2867,.T.);
#11832=EDGE_CURVE('',#7041,#7040,#2862,.T.);
#11854=EDGE_CURVE('',#6956,#6957,#2883,.T.);
#11857=EDGE_CURVE('',#6964,#6965,#3253,.T.);
#11859=EDGE_CURVE('',#6957,#6965,#2909,.T.);
#11869=EDGE_CURVE('',#6940,#6941,#2875,.T.);
#11873=EDGE_CURVE('',#6941,#6957,#2900,.T.);
#11884=EDGE_CURVE('',#6941,#6949,#2891,.T.);
#11886=EDGE_CURVE('',#6948,#6949,#3245,.T.);
#11897=EDGE_CURVE('',#6941,#6944,#2896,.T.);
#11899=EDGE_CURVE('',#6944,#6952,#2939,.T.);
#11901=EDGE_CURVE('',#6949,#6952,#2914,.T.);
#11914=EDGE_CURVE('',#6957,#6960,#2905,.T.);
#11916=EDGE_CURVE('',#6944,#6960,#2957,.T.);
#11928=EDGE_CURVE('',#6965,#6968,#2923,.T.);
#11930=EDGE_CURVE('',#6960,#6968,#2965,.T.);
#11941=EDGE_CURVE('',#6952,#6968,#2918,.T.);
#11944=EDGE_CURVE('',#6949,#6965,#3249,.T.);
#11954=EDGE_CURVE('',#6952,#6953,#2927,.T.);
#11956=EDGE_CURVE('',#6953,#6969,#2931,.T.);
#11958=EDGE_CURVE('',#6968,#6969,#2935,.T.);
#11969=EDGE_CURVE('',#6944,#6945,#2953,.T.);
#11971=EDGE_CURVE('',#6945,#6953,#2997,.T.);
#11977=EDGE_CURVE('',#6996,#6997,#2944,.T.);
#11979=EDGE_CURVE('',#6997,#6996,#2949,.T.);
#11991=EDGE_CURVE('',#6960,#6961,#2961,.T.);
#11993=EDGE_CURVE('',#6945,#6961,#2988,.T.);
#12006=EDGE_CURVE('',#6961,#6969,#2979,.T.);
#12010=EDGE_CURVE('',#7004,#7005,#2970,.T.);
#12012=EDGE_CURVE('',#7005,#7004,#2975,.T.);
#12022=EDGE_CURVE('',#6961,#7027,#2993,.T.);
#12025=EDGE_CURVE('',#6969,#7029,#3195,.T.);
#12027=EDGE_CURVE('',#7027,#7029,#3063,.T.);
#12037=EDGE_CURVE('',#6945,#7015,#2984,.T.);
#12041=EDGE_CURVE('',#7015,#7027,#3047,.T.);
#12052=EDGE_CURVE('',#7015,#7017,#3005,.T.);
#12054=EDGE_CURVE('',#6953,#7017,#3186,.T.);
#12065=EDGE_CURVE('',#7008,#7009,#3001,.T.);
#12067=EDGE_CURVE('',#7017,#7008,#3181,.T.);
#12070=EDGE_CURVE('',#7015,#7013,#3043,.T.);
#12072=EDGE_CURVE('',#7012,#7013,#3009,.T.);
#12074=EDGE_CURVE('',#7012,#7009,#3026,.T.);
#12085=EDGE_CURVE('',#7009,#7021,#3013,.T.);
#12087=EDGE_CURVE('',#7020,#7021,#3055,.T.);
#12089=EDGE_CURVE('',#7008,#7020,#3173,.T.);
#12099=EDGE_CURVE('',#7031,#7009,#3022,.T.);
#12101=EDGE_CURVE('',#7031,#7035,#3017,.T.);
#12103=EDGE_CURVE('',#7035,#7021,#3068,.T.);
#12116=EDGE_CURVE('',#7033,#7012,#3031,.T.);
#12118=EDGE_CURVE('',#7033,#7031,#3129,.T.);
#12129=EDGE_CURVE('',#7012,#7024,#3035,.T.);
#12131=EDGE_CURVE('',#7037,#7024,#3073,.T.);
#12133=EDGE_CURVE('',#7033,#7037,#3157,.T.);
#12144=EDGE_CURVE('',#7013,#7025,#3039,.T.);
#12146=EDGE_CURVE('',#7024,#7025,#3059,.T.);
#12160=EDGE_CURVE('',#7027,#7025,#3051,.T.);
#12171=EDGE_CURVE('',#7024,#7021,#3077,.T.);
#12176=EDGE_CURVE('',#7029,#7020,#3177,.T.);
#12187=EDGE_CURVE('',#7037,#7035,#3097,.T.);
#12199=EDGE_CURVE('',#7076,#7077,#3081,.T.);
#12201=EDGE_CURVE('',#7077,#7060,#3085,.T.);
#12203=EDGE_CURVE('',#7060,#7061,#3089,.T.);
#12205=EDGE_CURVE('',#7037,#7061,#3093,.T.);
#12208=EDGE_CURVE('',#7035,#7064,#3101,.T.);
#12210=EDGE_CURVE('',#7064,#7065,#3105,.T.);
#12212=EDGE_CURVE('',#7076,#7065,#3109,.T.);
#12222=EDGE_CURVE('',#7072,#7073,#3113,.T.);
#12224=EDGE_CURVE('',#7077,#7073,#3165,.T.);
#12227=EDGE_CURVE('',#7076,#7072,#3145,.T.);
#12238=EDGE_CURVE('',#7072,#7057,#3117,.T.);
#12240=EDGE_CURVE('',#7056,#7057,#3121,.T.);
#12242=EDGE_CURVE('',#7031,#7056,#3125,.T.);
#12245=EDGE_CURVE('',#7033,#7053,#3133,.T.);
#12247=EDGE_CURVE('',#7052,#7053,#3137,.T.);
#12249=EDGE_CURVE('',#7073,#7052,#3141,.T.);
#12261=EDGE_CURVE('',#7057,#7065,#3149,.T.);
#12275=EDGE_CURVE('',#7056,#7064,#3153,.T.);
#12297=EDGE_CURVE('',#7053,#7061,#3161,.T.);
#12313=EDGE_CURVE('',#7052,#7060,#3169,.T.);
#12337=EDGE_CURVE('',#7017,#7029,#3190,.T.);
#12361=EDGE_CURVE('',#7000,#7004,#3203,.T.);
#12363=EDGE_CURVE('',#7000,#7001,#3208,.T.);
#12365=EDGE_CURVE('',#7001,#7005,#3199,.T.);
#12377=EDGE_CURVE('',#7001,#7000,#3213,.T.);
#12398=EDGE_CURVE('',#7069,#7068,#3218,.T.);
#12400=EDGE_CURVE('',#7068,#6996,#3241,.T.);
#12403=EDGE_CURVE('',#7069,#6997,#3237,.T.);
#12414=EDGE_CURVE('',#7080,#7068,#3228,.T.);
#12417=EDGE_CURVE('',#7081,#7069,#3223,.T.);
#12429=EDGE_CURVE('',#7068,#7069,#3233,.T.);
#12501=EDGE_CURVE('',#7228,#7194,#3272,.T.);
#12503=EDGE_CURVE('',#7195,#7194,#3802,.T.);
#12505=EDGE_CURVE('',#7229,#7195,#3267,.T.);
#12541=EDGE_CURVE('',#7194,#7195,#3277,.T.);
#12552=EDGE_CURVE('',#7139,#7138,#3295,.T.);
#12554=EDGE_CURVE('',#7194,#7138,#3806,.T.);
#12557=EDGE_CURVE('',#7195,#7139,#3281,.T.);
#12567=EDGE_CURVE('',#7118,#7119,#3299,.T.);
#12569=EDGE_CURVE('',#7119,#7123,#3341,.T.);
#12571=EDGE_CURVE('',#7122,#7123,#3315,.T.);
#12573=EDGE_CURVE('',#7118,#7122,#3285,.T.);
#12577=EDGE_CURVE('',#7138,#7139,#3290,.T.);
#12589=EDGE_CURVE('',#7118,#7126,#3303,.T.);
#12591=EDGE_CURVE('',#7126,#7127,#3307,.T.);
#12593=EDGE_CURVE('',#7119,#7127,#3350,.T.);
#12604=EDGE_CURVE('',#7122,#7130,#3311,.T.);
#12606=EDGE_CURVE('',#7126,#7130,#3363,.T.);
#12618=EDGE_CURVE('',#7123,#7131,#3319,.T.);
#12620=EDGE_CURVE('',#7130,#7131,#3323,.T.);
#12631=EDGE_CURVE('',#7123,#7094,#3328,.T.);
#12633=EDGE_CURVE('',#7094,#7110,#3332,.T.);
#12635=EDGE_CURVE('',#7131,#7110,#3337,.T.);
#12646=EDGE_CURVE('',#7119,#7086,#3346,.T.);
#12648=EDGE_CURVE('',#7086,#7094,#3431,.T.);
#12662=EDGE_CURVE('',#7127,#7102,#3355,.T.);
#12664=EDGE_CURVE('',#7086,#7102,#3423,.T.);
#12675=EDGE_CURVE('',#7127,#7131,#3359,.T.);
#12678=EDGE_CURVE('',#7102,#7110,#3415,.T.);
#12694=EDGE_CURVE('',#7134,#7135,#3368,.T.);
#12696=EDGE_CURVE('',#7135,#7134,#3373,.T.);
#12707=EDGE_CURVE('',#7190,#7134,#3377,.T.);
#12709=EDGE_CURVE('',#7191,#7190,#3382,.T.);
#12711=EDGE_CURVE('',#7191,#7135,#3386,.T.);
#12723=EDGE_CURVE('',#7190,#7191,#3391,.T.);
#12734=EDGE_CURVE('',#7186,#7187,#3401,.T.);
#12736=EDGE_CURVE('',#7186,#7190,#3396,.T.);
#12739=EDGE_CURVE('',#7187,#7191,#3411,.T.);
#12750=EDGE_CURVE('',#7187,#7186,#3406,.T.);
#12772=EDGE_CURVE('',#7102,#7103,#3427,.T.);
#12775=EDGE_CURVE('',#7110,#7111,#3797,.T.);
#12777=EDGE_CURVE('',#7103,#7111,#3453,.T.);
#12787=EDGE_CURVE('',#7086,#7087,#3419,.T.);
#12791=EDGE_CURVE('',#7087,#7103,#3444,.T.);
#12802=EDGE_CURVE('',#7087,#7095,#3435,.T.);
#12804=EDGE_CURVE('',#7094,#7095,#3789,.T.);
#12815=EDGE_CURVE('',#7087,#7090,#3440,.T.);
#12817=EDGE_CURVE('',#7090,#7098,#3483,.T.);
#12819=EDGE_CURVE('',#7095,#7098,#3458,.T.);
#12832=EDGE_CURVE('',#7103,#7106,#3449,.T.);
#12834=EDGE_CURVE('',#7090,#7106,#3501,.T.);
#12846=EDGE_CURVE('',#7111,#7114,#3467,.T.);
#12848=EDGE_CURVE('',#7106,#7114,#3509,.T.);
#12859=EDGE_CURVE('',#7098,#7114,#3462,.T.);
#12862=EDGE_CURVE('',#7095,#7111,#3793,.T.);
#12872=EDGE_CURVE('',#7098,#7099,#3471,.T.);
#12874=EDGE_CURVE('',#7099,#7115,#3475,.T.);
#12876=EDGE_CURVE('',#7114,#7115,#3479,.T.);
#12887=EDGE_CURVE('',#7090,#7091,#3497,.T.);
#12889=EDGE_CURVE('',#7091,#7099,#3541,.T.);
#12895=EDGE_CURVE('',#7142,#7143,#3488,.T.);
#12897=EDGE_CURVE('',#7143,#7142,#3493,.T.);
#12909=EDGE_CURVE('',#7106,#7107,#3505,.T.);
#12911=EDGE_CURVE('',#7091,#7107,#3532,.T.);
#12924=EDGE_CURVE('',#7107,#7115,#3523,.T.);
#12928=EDGE_CURVE('',#7150,#7151,#3514,.T.);
#12930=EDGE_CURVE('',#7151,#7150,#3519,.T.);
#12940=EDGE_CURVE('',#7107,#7173,#3537,.T.);
#12943=EDGE_CURVE('',#7115,#7175,#3739,.T.);
#12945=EDGE_CURVE('',#7173,#7175,#3607,.T.);
#12955=EDGE_CURVE('',#7091,#7161,#3528,.T.);
#12959=EDGE_CURVE('',#7161,#7173,#3591,.T.);
#12970=EDGE_CURVE('',#7161,#7163,#3549,.T.);
#12972=EDGE_CURVE('',#7099,#7163,#3730,.T.);
#12983=EDGE_CURVE('',#7154,#7155,#3545,.T.);
#12985=EDGE_CURVE('',#7163,#7154,#3725,.T.);
#12988=EDGE_CURVE('',#7161,#7159,#3587,.T.);
#12990=EDGE_CURVE('',#7158,#7159,#3553,.T.);
#12992=EDGE_CURVE('',#7158,#7155,#3570,.T.);
#13003=EDGE_CURVE('',#7155,#7167,#3557,.T.);
#13005=EDGE_CURVE('',#7166,#7167,#3599,.T.);
#13007=EDGE_CURVE('',#7154,#7166,#3717,.T.);
#13017=EDGE_CURVE('',#7177,#7155,#3566,.T.);
#13019=EDGE_CURVE('',#7177,#7181,#3561,.T.);
#13021=EDGE_CURVE('',#7181,#7167,#3612,.T.);
#13034=EDGE_CURVE('',#7179,#7158,#3575,.T.);
#13036=EDGE_CURVE('',#7179,#7177,#3673,.T.);
#13047=EDGE_CURVE('',#7158,#7170,#3579,.T.);
#13049=EDGE_CURVE('',#7183,#7170,#3617,.T.);
#13051=EDGE_CURVE('',#7179,#7183,#3701,.T.);
#13062=EDGE_CURVE('',#7159,#7171,#3583,.T.);
#13064=EDGE_CURVE('',#7170,#7171,#3603,.T.);
#13078=EDGE_CURVE('',#7173,#7171,#3595,.T.);
#13089=EDGE_CURVE('',#7170,#7167,#3621,.T.);
#13094=EDGE_CURVE('',#7175,#7166,#3721,.T.);
#13105=EDGE_CURVE('',#7183,#7181,#3641,.T.);
#13117=EDGE_CURVE('',#7222,#7223,#3625,.T.);
#13119=EDGE_CURVE('',#7223,#7206,#3629,.T.);
#13121=EDGE_CURVE('',#7206,#7207,#3633,.T.);
#13123=EDGE_CURVE('',#7183,#7207,#3637,.T.);
#13126=EDGE_CURVE('',#7181,#7210,#3645,.T.);
#13128=EDGE_CURVE('',#7210,#7211,#3649,.T.);
#13130=EDGE_CURVE('',#7222,#7211,#3653,.T.);
#13140=EDGE_CURVE('',#7218,#7219,#3657,.T.);
#13142=EDGE_CURVE('',#7223,#7219,#3709,.T.);
#13145=EDGE_CURVE('',#7222,#7218,#3689,.T.);
#13156=EDGE_CURVE('',#7218,#7203,#3661,.T.);
#13158=EDGE_CURVE('',#7202,#7203,#3665,.T.);
#13160=EDGE_CURVE('',#7177,#7202,#3669,.T.);
#13163=EDGE_CURVE('',#7179,#7199,#3677,.T.);
#13165=EDGE_CURVE('',#7198,#7199,#3681,.T.);
#13167=EDGE_CURVE('',#7219,#7198,#3685,.T.);
#13179=EDGE_CURVE('',#7203,#7211,#3693,.T.);
#13193=EDGE_CURVE('',#7202,#7210,#3697,.T.);
#13215=EDGE_CURVE('',#7199,#7207,#3705,.T.);
#13231=EDGE_CURVE('',#7198,#7206,#3713,.T.);
#13255=EDGE_CURVE('',#7163,#7175,#3734,.T.);
#13279=EDGE_CURVE('',#7146,#7150,#3747,.T.);
#13281=EDGE_CURVE('',#7146,#7147,#3752,.T.);
#13283=EDGE_CURVE('',#7147,#7151,#3743,.T.);
#13295=EDGE_CURVE('',#7147,#7146,#3757,.T.);
#13316=EDGE_CURVE('',#7215,#7214,#3762,.T.);
#13318=EDGE_CURVE('',#7214,#7142,#3785,.T.);
#13321=EDGE_CURVE('',#7215,#7143,#3781,.T.);
#13332=EDGE_CURVE('',#7226,#7214,#3772,.T.);
#13335=EDGE_CURVE('',#7227,#7215,#3767,.T.);
#13347=EDGE_CURVE('',#7214,#7215,#3777,.T.);
#13419=EDGE_CURVE('',#7374,#7340,#3816,.T.);
#13421=EDGE_CURVE('',#7341,#7340,#4346,.T.);
#13423=EDGE_CURVE('',#7375,#7341,#3811,.T.);
#13459=EDGE_CURVE('',#7340,#7341,#3821,.T.);
#13470=EDGE_CURVE('',#7285,#7284,#3839,.T.);
#13472=EDGE_CURVE('',#7340,#7284,#4350,.T.);
#13475=EDGE_CURVE('',#7341,#7285,#3825,.T.);
#13485=EDGE_CURVE('',#7264,#7265,#3843,.T.);
#13487=EDGE_CURVE('',#7265,#7269,#3885,.T.);
#13489=EDGE_CURVE('',#7268,#7269,#3859,.T.);
#13491=EDGE_CURVE('',#7264,#7268,#3829,.T.);
#13495=EDGE_CURVE('',#7284,#7285,#3834,.T.);
#13507=EDGE_CURVE('',#7264,#7272,#3847,.T.);
#13509=EDGE_CURVE('',#7272,#7273,#3851,.T.);
#13511=EDGE_CURVE('',#7265,#7273,#3894,.T.);
#13522=EDGE_CURVE('',#7268,#7276,#3855,.T.);
#13524=EDGE_CURVE('',#7272,#7276,#3907,.T.);
#13536=EDGE_CURVE('',#7269,#7277,#3863,.T.);
#13538=EDGE_CURVE('',#7276,#7277,#3867,.T.);
#13549=EDGE_CURVE('',#7269,#7240,#3872,.T.);
#13551=EDGE_CURVE('',#7240,#7256,#3876,.T.);
#13553=EDGE_CURVE('',#7277,#7256,#3881,.T.);
#13564=EDGE_CURVE('',#7265,#7232,#3890,.T.);
#13566=EDGE_CURVE('',#7232,#7240,#3975,.T.);
#13580=EDGE_CURVE('',#7273,#7248,#3899,.T.);
#13582=EDGE_CURVE('',#7232,#7248,#3967,.T.);
#13593=EDGE_CURVE('',#7273,#7277,#3903,.T.);
#13596=EDGE_CURVE('',#7248,#7256,#3959,.T.);
#13612=EDGE_CURVE('',#7280,#7281,#3912,.T.);
#13614=EDGE_CURVE('',#7281,#7280,#3917,.T.);
#13625=EDGE_CURVE('',#7336,#7280,#3921,.T.);
#13627=EDGE_CURVE('',#7337,#7336,#3926,.T.);
#13629=EDGE_CURVE('',#7337,#7281,#3930,.T.);
#13641=EDGE_CURVE('',#7336,#7337,#3935,.T.);
#13652=EDGE_CURVE('',#7332,#7333,#3945,.T.);
#13654=EDGE_CURVE('',#7332,#7336,#3940,.T.);
#13657=EDGE_CURVE('',#7333,#7337,#3955,.T.);
#13668=EDGE_CURVE('',#7333,#7332,#3950,.T.);
#13690=EDGE_CURVE('',#7248,#7249,#3971,.T.);
#13693=EDGE_CURVE('',#7256,#7257,#4341,.T.);
#13695=EDGE_CURVE('',#7249,#7257,#3997,.T.);
#13705=EDGE_CURVE('',#7232,#7233,#3963,.T.);
#13709=EDGE_CURVE('',#7233,#7249,#3988,.T.);
#13720=EDGE_CURVE('',#7233,#7241,#3979,.T.);
#13722=EDGE_CURVE('',#7240,#7241,#4333,.T.);
#13733=EDGE_CURVE('',#7233,#7236,#3984,.T.);
#13735=EDGE_CURVE('',#7236,#7244,#4027,.T.);
#13737=EDGE_CURVE('',#7241,#7244,#4002,.T.);
#13750=EDGE_CURVE('',#7249,#7252,#3993,.T.);
#13752=EDGE_CURVE('',#7236,#7252,#4045,.T.);
#13764=EDGE_CURVE('',#7257,#7260,#4011,.T.);
#13766=EDGE_CURVE('',#7252,#7260,#4053,.T.);
#13777=EDGE_CURVE('',#7244,#7260,#4006,.T.);
#13780=EDGE_CURVE('',#7241,#7257,#4337,.T.);
#13790=EDGE_CURVE('',#7244,#7245,#4015,.T.);
#13792=EDGE_CURVE('',#7245,#7261,#4019,.T.);
#13794=EDGE_CURVE('',#7260,#7261,#4023,.T.);
#13805=EDGE_CURVE('',#7236,#7237,#4041,.T.);
#13807=EDGE_CURVE('',#7237,#7245,#4085,.T.);
#13813=EDGE_CURVE('',#7288,#7289,#4032,.T.);
#13815=EDGE_CURVE('',#7289,#7288,#4037,.T.);
#13827=EDGE_CURVE('',#7252,#7253,#4049,.T.);
#13829=EDGE_CURVE('',#7237,#7253,#4076,.T.);
#13842=EDGE_CURVE('',#7253,#7261,#4067,.T.);
#13846=EDGE_CURVE('',#7296,#7297,#4058,.T.);
#13848=EDGE_CURVE('',#7297,#7296,#4063,.T.);
#13858=EDGE_CURVE('',#7253,#7319,#4081,.T.);
#13861=EDGE_CURVE('',#7261,#7321,#4283,.T.);
#13863=EDGE_CURVE('',#7319,#7321,#4151,.T.);
#13873=EDGE_CURVE('',#7237,#7307,#4072,.T.);
#13877=EDGE_CURVE('',#7307,#7319,#4135,.T.);
#13888=EDGE_CURVE('',#7307,#7309,#4093,.T.);
#13890=EDGE_CURVE('',#7245,#7309,#4274,.T.);
#13901=EDGE_CURVE('',#7300,#7301,#4089,.T.);
#13903=EDGE_CURVE('',#7309,#7300,#4269,.T.);
#13906=EDGE_CURVE('',#7307,#7305,#4131,.T.);
#13908=EDGE_CURVE('',#7304,#7305,#4097,.T.);
#13910=EDGE_CURVE('',#7304,#7301,#4114,.T.);
#13921=EDGE_CURVE('',#7301,#7313,#4101,.T.);
#13923=EDGE_CURVE('',#7312,#7313,#4143,.T.);
#13925=EDGE_CURVE('',#7300,#7312,#4261,.T.);
#13935=EDGE_CURVE('',#7323,#7301,#4110,.T.);
#13937=EDGE_CURVE('',#7323,#7327,#4105,.T.);
#13939=EDGE_CURVE('',#7327,#7313,#4156,.T.);
#13952=EDGE_CURVE('',#7325,#7304,#4119,.T.);
#13954=EDGE_CURVE('',#7325,#7323,#4217,.T.);
#13965=EDGE_CURVE('',#7304,#7316,#4123,.T.);
#13967=EDGE_CURVE('',#7329,#7316,#4161,.T.);
#13969=EDGE_CURVE('',#7325,#7329,#4245,.T.);
#13980=EDGE_CURVE('',#7305,#7317,#4127,.T.);
#13982=EDGE_CURVE('',#7316,#7317,#4147,.T.);
#13996=EDGE_CURVE('',#7319,#7317,#4139,.T.);
#14007=EDGE_CURVE('',#7316,#7313,#4165,.T.);
#14012=EDGE_CURVE('',#7321,#7312,#4265,.T.);
#14023=EDGE_CURVE('',#7329,#7327,#4185,.T.);
#14035=EDGE_CURVE('',#7368,#7369,#4169,.T.);
#14037=EDGE_CURVE('',#7369,#7352,#4173,.T.);
#14039=EDGE_CURVE('',#7352,#7353,#4177,.T.);
#14041=EDGE_CURVE('',#7329,#7353,#4181,.T.);
#14044=EDGE_CURVE('',#7327,#7356,#4189,.T.);
#14046=EDGE_CURVE('',#7356,#7357,#4193,.T.);
#14048=EDGE_CURVE('',#7368,#7357,#4197,.T.);
#14058=EDGE_CURVE('',#7364,#7365,#4201,.T.);
#14060=EDGE_CURVE('',#7369,#7365,#4253,.T.);
#14063=EDGE_CURVE('',#7368,#7364,#4233,.T.);
#14074=EDGE_CURVE('',#7364,#7349,#4205,.T.);
#14076=EDGE_CURVE('',#7348,#7349,#4209,.T.);
#14078=EDGE_CURVE('',#7323,#7348,#4213,.T.);
#14081=EDGE_CURVE('',#7325,#7345,#4221,.T.);
#14083=EDGE_CURVE('',#7344,#7345,#4225,.T.);
#14085=EDGE_CURVE('',#7365,#7344,#4229,.T.);
#14097=EDGE_CURVE('',#7349,#7357,#4237,.T.);
#14111=EDGE_CURVE('',#7348,#7356,#4241,.T.);
#14133=EDGE_CURVE('',#7345,#7353,#4249,.T.);
#14149=EDGE_CURVE('',#7344,#7352,#4257,.T.);
#14173=EDGE_CURVE('',#7309,#7321,#4278,.T.);
#14197=EDGE_CURVE('',#7292,#7296,#4291,.T.);
#14199=EDGE_CURVE('',#7292,#7293,#4296,.T.);
#14201=EDGE_CURVE('',#7293,#7297,#4287,.T.);
#14213=EDGE_CURVE('',#7293,#7292,#4301,.T.);
#14234=EDGE_CURVE('',#7361,#7360,#4306,.T.);
#14236=EDGE_CURVE('',#7360,#7288,#4329,.T.);
#14239=EDGE_CURVE('',#7361,#7289,#4325,.T.);
#14250=EDGE_CURVE('',#7372,#7360,#4316,.T.);
#14253=EDGE_CURVE('',#7373,#7361,#4311,.T.);
#14265=EDGE_CURVE('',#7360,#7361,#4321,.T.);
#14337=EDGE_CURVE('',#7520,#7486,#4360,.T.);
#14339=EDGE_CURVE('',#7487,#7486,#4890,.T.);
#14341=EDGE_CURVE('',#7521,#7487,#4355,.T.);
#14377=EDGE_CURVE('',#7486,#7487,#4365,.T.);
#14388=EDGE_CURVE('',#7431,#7430,#4383,.T.);
#14390=EDGE_CURVE('',#7486,#7430,#4894,.T.);
#14393=EDGE_CURVE('',#7487,#7431,#4369,.T.);
#14403=EDGE_CURVE('',#7410,#7411,#4387,.T.);
#14405=EDGE_CURVE('',#7411,#7415,#4429,.T.);
#14407=EDGE_CURVE('',#7414,#7415,#4403,.T.);
#14409=EDGE_CURVE('',#7410,#7414,#4373,.T.);
#14413=EDGE_CURVE('',#7430,#7431,#4378,.T.);
#14425=EDGE_CURVE('',#7410,#7418,#4391,.T.);
#14427=EDGE_CURVE('',#7418,#7419,#4395,.T.);
#14429=EDGE_CURVE('',#7411,#7419,#4438,.T.);
#14440=EDGE_CURVE('',#7414,#7422,#4399,.T.);
#14442=EDGE_CURVE('',#7418,#7422,#4451,.T.);
#14454=EDGE_CURVE('',#7415,#7423,#4407,.T.);
#14456=EDGE_CURVE('',#7422,#7423,#4411,.T.);
#14467=EDGE_CURVE('',#7415,#7386,#4416,.T.);
#14469=EDGE_CURVE('',#7386,#7402,#4420,.T.);
#14471=EDGE_CURVE('',#7423,#7402,#4425,.T.);
#14482=EDGE_CURVE('',#7411,#7378,#4434,.T.);
#14484=EDGE_CURVE('',#7378,#7386,#4519,.T.);
#14498=EDGE_CURVE('',#7419,#7394,#4443,.T.);
#14500=EDGE_CURVE('',#7378,#7394,#4511,.T.);
#14511=EDGE_CURVE('',#7419,#7423,#4447,.T.);
#14514=EDGE_CURVE('',#7394,#7402,#4503,.T.);
#14530=EDGE_CURVE('',#7426,#7427,#4456,.T.);
#14532=EDGE_CURVE('',#7427,#7426,#4461,.T.);
#14543=EDGE_CURVE('',#7482,#7426,#4465,.T.);
#14545=EDGE_CURVE('',#7483,#7482,#4470,.T.);
#14547=EDGE_CURVE('',#7483,#7427,#4474,.T.);
#14559=EDGE_CURVE('',#7482,#7483,#4479,.T.);
#14570=EDGE_CURVE('',#7478,#7479,#4489,.T.);
#14572=EDGE_CURVE('',#7478,#7482,#4484,.T.);
#14575=EDGE_CURVE('',#7479,#7483,#4499,.T.);
#14586=EDGE_CURVE('',#7479,#7478,#4494,.T.);
#14608=EDGE_CURVE('',#7394,#7395,#4515,.T.);
#14611=EDGE_CURVE('',#7402,#7403,#4885,.T.);
#14613=EDGE_CURVE('',#7395,#7403,#4541,.T.);
#14623=EDGE_CURVE('',#7378,#7379,#4507,.T.);
#14627=EDGE_CURVE('',#7379,#7395,#4532,.T.);
#14638=EDGE_CURVE('',#7379,#7387,#4523,.T.);
#14640=EDGE_CURVE('',#7386,#7387,#4877,.T.);
#14651=EDGE_CURVE('',#7379,#7382,#4528,.T.);
#14653=EDGE_CURVE('',#7382,#7390,#4571,.T.);
#14655=EDGE_CURVE('',#7387,#7390,#4546,.T.);
#14668=EDGE_CURVE('',#7395,#7398,#4537,.T.);
#14670=EDGE_CURVE('',#7382,#7398,#4589,.T.);
#14682=EDGE_CURVE('',#7403,#7406,#4555,.T.);
#14684=EDGE_CURVE('',#7398,#7406,#4597,.T.);
#14695=EDGE_CURVE('',#7390,#7406,#4550,.T.);
#14698=EDGE_CURVE('',#7387,#7403,#4881,.T.);
#14708=EDGE_CURVE('',#7390,#7391,#4559,.T.);
#14710=EDGE_CURVE('',#7391,#7407,#4563,.T.);
#14712=EDGE_CURVE('',#7406,#7407,#4567,.T.);
#14723=EDGE_CURVE('',#7382,#7383,#4585,.T.);
#14725=EDGE_CURVE('',#7383,#7391,#4629,.T.);
#14731=EDGE_CURVE('',#7434,#7435,#4576,.T.);
#14733=EDGE_CURVE('',#7435,#7434,#4581,.T.);
#14745=EDGE_CURVE('',#7398,#7399,#4593,.T.);
#14747=EDGE_CURVE('',#7383,#7399,#4620,.T.);
#14760=EDGE_CURVE('',#7399,#7407,#4611,.T.);
#14764=EDGE_CURVE('',#7442,#7443,#4602,.T.);
#14766=EDGE_CURVE('',#7443,#7442,#4607,.T.);
#14776=EDGE_CURVE('',#7399,#7465,#4625,.T.);
#14779=EDGE_CURVE('',#7407,#7467,#4827,.T.);
#14781=EDGE_CURVE('',#7465,#7467,#4695,.T.);
#14791=EDGE_CURVE('',#7383,#7453,#4616,.T.);
#14795=EDGE_CURVE('',#7453,#7465,#4679,.T.);
#14806=EDGE_CURVE('',#7453,#7455,#4637,.T.);
#14808=EDGE_CURVE('',#7391,#7455,#4818,.T.);
#14819=EDGE_CURVE('',#7446,#7447,#4633,.T.);
#14821=EDGE_CURVE('',#7455,#7446,#4813,.T.);
#14824=EDGE_CURVE('',#7453,#7451,#4675,.T.);
#14826=EDGE_CURVE('',#7450,#7451,#4641,.T.);
#14828=EDGE_CURVE('',#7450,#7447,#4658,.T.);
#14839=EDGE_CURVE('',#7447,#7459,#4645,.T.);
#14841=EDGE_CURVE('',#7458,#7459,#4687,.T.);
#14843=EDGE_CURVE('',#7446,#7458,#4805,.T.);
#14853=EDGE_CURVE('',#7469,#7447,#4654,.T.);
#14855=EDGE_CURVE('',#7469,#7473,#4649,.T.);
#14857=EDGE_CURVE('',#7473,#7459,#4700,.T.);
#14870=EDGE_CURVE('',#7471,#7450,#4663,.T.);
#14872=EDGE_CURVE('',#7471,#7469,#4761,.T.);
#14883=EDGE_CURVE('',#7450,#7462,#4667,.T.);
#14885=EDGE_CURVE('',#7475,#7462,#4705,.T.);
#14887=EDGE_CURVE('',#7471,#7475,#4789,.T.);
#14898=EDGE_CURVE('',#7451,#7463,#4671,.T.);
#14900=EDGE_CURVE('',#7462,#7463,#4691,.T.);
#14914=EDGE_CURVE('',#7465,#7463,#4683,.T.);
#14925=EDGE_CURVE('',#7462,#7459,#4709,.T.);
#14930=EDGE_CURVE('',#7467,#7458,#4809,.T.);
#14941=EDGE_CURVE('',#7475,#7473,#4729,.T.);
#14953=EDGE_CURVE('',#7514,#7515,#4713,.T.);
#14955=EDGE_CURVE('',#7515,#7498,#4717,.T.);
#14957=EDGE_CURVE('',#7498,#7499,#4721,.T.);
#14959=EDGE_CURVE('',#7475,#7499,#4725,.T.);
#14962=EDGE_CURVE('',#7473,#7502,#4733,.T.);
#14964=EDGE_CURVE('',#7502,#7503,#4737,.T.);
#14966=EDGE_CURVE('',#7514,#7503,#4741,.T.);
#14976=EDGE_CURVE('',#7510,#7511,#4745,.T.);
#14978=EDGE_CURVE('',#7515,#7511,#4797,.T.);
#14981=EDGE_CURVE('',#7514,#7510,#4777,.T.);
#14992=EDGE_CURVE('',#7510,#7495,#4749,.T.);
#14994=EDGE_CURVE('',#7494,#7495,#4753,.T.);
#14996=EDGE_CURVE('',#7469,#7494,#4757,.T.);
#14999=EDGE_CURVE('',#7471,#7491,#4765,.T.);
#15001=EDGE_CURVE('',#7490,#7491,#4769,.T.);
#15003=EDGE_CURVE('',#7511,#7490,#4773,.T.);
#15015=EDGE_CURVE('',#7495,#7503,#4781,.T.);
#15029=EDGE_CURVE('',#7494,#7502,#4785,.T.);
#15051=EDGE_CURVE('',#7491,#7499,#4793,.T.);
#15067=EDGE_CURVE('',#7490,#7498,#4801,.T.);
#15091=EDGE_CURVE('',#7455,#7467,#4822,.T.);
#15115=EDGE_CURVE('',#7438,#7442,#4835,.T.);
#15117=EDGE_CURVE('',#7438,#7439,#4840,.T.);
#15119=EDGE_CURVE('',#7439,#7443,#4831,.T.);
#15131=EDGE_CURVE('',#7439,#7438,#4845,.T.);
#15152=EDGE_CURVE('',#7507,#7506,#4850,.T.);
#15154=EDGE_CURVE('',#7506,#7434,#4873,.T.);
#15157=EDGE_CURVE('',#7507,#7435,#4869,.T.);
#15168=EDGE_CURVE('',#7518,#7506,#4860,.T.);
#15171=EDGE_CURVE('',#7519,#7507,#4855,.T.);
#15183=EDGE_CURVE('',#7506,#7507,#4865,.T.);
#15255=EDGE_CURVE('',#7666,#7632,#4904,.T.);
#15257=EDGE_CURVE('',#7633,#7632,#5434,.T.);
#15259=EDGE_CURVE('',#7667,#7633,#4899,.T.);
#15295=EDGE_CURVE('',#7632,#7633,#4909,.T.);
#15306=EDGE_CURVE('',#7577,#7576,#4927,.T.);
#15308=EDGE_CURVE('',#7632,#7576,#5438,.T.);
#15311=EDGE_CURVE('',#7633,#7577,#4913,.T.);
#15321=EDGE_CURVE('',#7556,#7557,#4931,.T.);
#15323=EDGE_CURVE('',#7557,#7561,#4973,.T.);
#15325=EDGE_CURVE('',#7560,#7561,#4947,.T.);
#15327=EDGE_CURVE('',#7556,#7560,#4917,.T.);
#15331=EDGE_CURVE('',#7576,#7577,#4922,.T.);
#15343=EDGE_CURVE('',#7556,#7564,#4935,.T.);
#15345=EDGE_CURVE('',#7564,#7565,#4939,.T.);
#15347=EDGE_CURVE('',#7557,#7565,#4982,.T.);
#15358=EDGE_CURVE('',#7560,#7568,#4943,.T.);
#15360=EDGE_CURVE('',#7564,#7568,#4995,.T.);
#15372=EDGE_CURVE('',#7561,#7569,#4951,.T.);
#15374=EDGE_CURVE('',#7568,#7569,#4955,.T.);
#15385=EDGE_CURVE('',#7561,#7532,#4960,.T.);
#15387=EDGE_CURVE('',#7532,#7548,#4964,.T.);
#15389=EDGE_CURVE('',#7569,#7548,#4969,.T.);
#15400=EDGE_CURVE('',#7557,#7524,#4978,.T.);
#15402=EDGE_CURVE('',#7524,#7532,#5063,.T.);
#15416=EDGE_CURVE('',#7565,#7540,#4987,.T.);
#15418=EDGE_CURVE('',#7524,#7540,#5055,.T.);
#15429=EDGE_CURVE('',#7565,#7569,#4991,.T.);
#15432=EDGE_CURVE('',#7540,#7548,#5047,.T.);
#15448=EDGE_CURVE('',#7572,#7573,#5000,.T.);
#15450=EDGE_CURVE('',#7573,#7572,#5005,.T.);
#15461=EDGE_CURVE('',#7628,#7572,#5009,.T.);
#15463=EDGE_CURVE('',#7629,#7628,#5014,.T.);
#15465=EDGE_CURVE('',#7629,#7573,#5018,.T.);
#15477=EDGE_CURVE('',#7628,#7629,#5023,.T.);
#15488=EDGE_CURVE('',#7624,#7625,#5033,.T.);
#15490=EDGE_CURVE('',#7624,#7628,#5028,.T.);
#15493=EDGE_CURVE('',#7625,#7629,#5043,.T.);
#15504=EDGE_CURVE('',#7625,#7624,#5038,.T.);
#15526=EDGE_CURVE('',#7540,#7541,#5059,.T.);
#15529=EDGE_CURVE('',#7548,#7549,#5429,.T.);
#15531=EDGE_CURVE('',#7541,#7549,#5085,.T.);
#15541=EDGE_CURVE('',#7524,#7525,#5051,.T.);
#15545=EDGE_CURVE('',#7525,#7541,#5076,.T.);
#15556=EDGE_CURVE('',#7525,#7533,#5067,.T.);
#15558=EDGE_CURVE('',#7532,#7533,#5421,.T.);
#15569=EDGE_CURVE('',#7525,#7528,#5072,.T.);
#15571=EDGE_CURVE('',#7528,#7536,#5115,.T.);
#15573=EDGE_CURVE('',#7533,#7536,#5090,.T.);
#15586=EDGE_CURVE('',#7541,#7544,#5081,.T.);
#15588=EDGE_CURVE('',#7528,#7544,#5133,.T.);
#15600=EDGE_CURVE('',#7549,#7552,#5099,.T.);
#15602=EDGE_CURVE('',#7544,#7552,#5141,.T.);
#15613=EDGE_CURVE('',#7536,#7552,#5094,.T.);
#15616=EDGE_CURVE('',#7533,#7549,#5425,.T.);
#15626=EDGE_CURVE('',#7536,#7537,#5103,.T.);
#15628=EDGE_CURVE('',#7537,#7553,#5107,.T.);
#15630=EDGE_CURVE('',#7552,#7553,#5111,.T.);
#15641=EDGE_CURVE('',#7528,#7529,#5129,.T.);
#15643=EDGE_CURVE('',#7529,#7537,#5173,.T.);
#15649=EDGE_CURVE('',#7580,#7581,#5120,.T.);
#15651=EDGE_CURVE('',#7581,#7580,#5125,.T.);
#15663=EDGE_CURVE('',#7544,#7545,#5137,.T.);
#15665=EDGE_CURVE('',#7529,#7545,#5164,.T.);
#15678=EDGE_CURVE('',#7545,#7553,#5155,.T.);
#15682=EDGE_CURVE('',#7588,#7589,#5146,.T.);
#15684=EDGE_CURVE('',#7589,#7588,#5151,.T.);
#15694=EDGE_CURVE('',#7545,#7611,#5169,.T.);
#15697=EDGE_CURVE('',#7553,#7613,#5371,.T.);
#15699=EDGE_CURVE('',#7611,#7613,#5239,.T.);
#15709=EDGE_CURVE('',#7529,#7599,#5160,.T.);
#15713=EDGE_CURVE('',#7599,#7611,#5223,.T.);
#15724=EDGE_CURVE('',#7599,#7601,#5181,.T.);
#15726=EDGE_CURVE('',#7537,#7601,#5362,.T.);
#15737=EDGE_CURVE('',#7592,#7593,#5177,.T.);
#15739=EDGE_CURVE('',#7601,#7592,#5357,.T.);
#15742=EDGE_CURVE('',#7599,#7597,#5219,.T.);
#15744=EDGE_CURVE('',#7596,#7597,#5185,.T.);
#15746=EDGE_CURVE('',#7596,#7593,#5202,.T.);
#15757=EDGE_CURVE('',#7593,#7605,#5189,.T.);
#15759=EDGE_CURVE('',#7604,#7605,#5231,.T.);
#15761=EDGE_CURVE('',#7592,#7604,#5349,.T.);
#15771=EDGE_CURVE('',#7615,#7593,#5198,.T.);
#15773=EDGE_CURVE('',#7615,#7619,#5193,.T.);
#15775=EDGE_CURVE('',#7619,#7605,#5244,.T.);
#15788=EDGE_CURVE('',#7617,#7596,#5207,.T.);
#15790=EDGE_CURVE('',#7617,#7615,#5305,.T.);
#15801=EDGE_CURVE('',#7596,#7608,#5211,.T.);
#15803=EDGE_CURVE('',#7621,#7608,#5249,.T.);
#15805=EDGE_CURVE('',#7617,#7621,#5333,.T.);
#15816=EDGE_CURVE('',#7597,#7609,#5215,.T.);
#15818=EDGE_CURVE('',#7608,#7609,#5235,.T.);
#15832=EDGE_CURVE('',#7611,#7609,#5227,.T.);
#15843=EDGE_CURVE('',#7608,#7605,#5253,.T.);
#15848=EDGE_CURVE('',#7613,#7604,#5353,.T.);
#15859=EDGE_CURVE('',#7621,#7619,#5273,.T.);
#15871=EDGE_CURVE('',#7660,#7661,#5257,.T.);
#15873=EDGE_CURVE('',#7661,#7644,#5261,.T.);
#15875=EDGE_CURVE('',#7644,#7645,#5265,.T.);
#15877=EDGE_CURVE('',#7621,#7645,#5269,.T.);
#15880=EDGE_CURVE('',#7619,#7648,#5277,.T.);
#15882=EDGE_CURVE('',#7648,#7649,#5281,.T.);
#15884=EDGE_CURVE('',#7660,#7649,#5285,.T.);
#15894=EDGE_CURVE('',#7656,#7657,#5289,.T.);
#15896=EDGE_CURVE('',#7661,#7657,#5341,.T.);
#15899=EDGE_CURVE('',#7660,#7656,#5321,.T.);
#15910=EDGE_CURVE('',#7656,#7641,#5293,.T.);
#15912=EDGE_CURVE('',#7640,#7641,#5297,.T.);
#15914=EDGE_CURVE('',#7615,#7640,#5301,.T.);
#15917=EDGE_CURVE('',#7617,#7637,#5309,.T.);
#15919=EDGE_CURVE('',#7636,#7637,#5313,.T.);
#15921=EDGE_CURVE('',#7657,#7636,#5317,.T.);
#15933=EDGE_CURVE('',#7641,#7649,#5325,.T.);
#15947=EDGE_CURVE('',#7640,#7648,#5329,.T.);
#15969=EDGE_CURVE('',#7637,#7645,#5337,.T.);
#15985=EDGE_CURVE('',#7636,#7644,#5345,.T.);
#16009=EDGE_CURVE('',#7601,#7613,#5366,.T.);
#16033=EDGE_CURVE('',#7584,#7588,#5379,.T.);
#16035=EDGE_CURVE('',#7584,#7585,#5384,.T.);
#16037=EDGE_CURVE('',#7585,#7589,#5375,.T.);
#16049=EDGE_CURVE('',#7585,#7584,#5389,.T.);
#16070=EDGE_CURVE('',#7653,#7652,#5394,.T.);
#16072=EDGE_CURVE('',#7652,#7580,#5417,.T.);
#16075=EDGE_CURVE('',#7653,#7581,#5413,.T.);
#16086=EDGE_CURVE('',#7664,#7652,#5404,.T.);
#16089=EDGE_CURVE('',#7665,#7653,#5399,.T.);
#16101=EDGE_CURVE('',#7652,#7653,#5409,.T.);
#16148=EDGE_CURVE('',#6365,#6370,#5442,.T.);
#16150=EDGE_CURVE('',#6370,#6230,#5630,.T.);
#16152=EDGE_CURVE('',#6246,#6230,#5634,.T.);
#16155=EDGE_CURVE('',#6245,#6241,#5446,.T.);
#16157=EDGE_CURVE('',#6241,#6365,#5474,.T.);
#16168=EDGE_CURVE('',#6270,#6365,#5451,.T.);
#16170=EDGE_CURVE('',#6269,#6270,#5455,.T.);
#16172=EDGE_CURVE('',#6370,#6269,#5460,.T.);
#16182=EDGE_CURVE('',#6365,#6366,#5470,.T.);
#16184=EDGE_CURVE('',#6366,#6261,#5509,.T.);
#16186=EDGE_CURVE('',#6328,#6261,#5879,.T.);
#16188=EDGE_CURVE('',#6324,#6328,#5465,.T.);
#16190=EDGE_CURVE('',#6324,#6270,#5671,.T.);
#16203=EDGE_CURVE('',#6241,#6242,#5479,.T.);
#16205=EDGE_CURVE('',#6366,#6242,#5483,.T.);
#16216=EDGE_CURVE('',#6258,#6242,#5487,.T.);
#16228=EDGE_CURVE('',#6377,#6366,#5491,.T.);
#16233=EDGE_CURVE('',#6257,#6237,#5495,.T.);
#16235=EDGE_CURVE('',#6237,#6377,#5523,.T.);
#16246=EDGE_CURVE('',#6262,#6377,#5500,.T.);
#16248=EDGE_CURVE('',#6261,#6262,#5504,.T.);
#16259=EDGE_CURVE('',#6377,#6378,#5519,.T.);
#16261=EDGE_CURVE('',#6378,#6265,#5558,.T.);
#16263=EDGE_CURVE('',#6294,#6265,#5974,.T.);
#16265=EDGE_CURVE('',#6294,#6298,#5514,.T.);
#16267=EDGE_CURVE('',#6298,#6262,#5883,.T.);
#16280=EDGE_CURVE('',#6237,#6238,#5528,.T.);
#16282=EDGE_CURVE('',#6378,#6238,#5532,.T.);
#16293=EDGE_CURVE('',#6254,#6238,#5536,.T.);
#16305=EDGE_CURVE('',#6373,#6378,#5540,.T.);
#16310=EDGE_CURVE('',#6253,#6233,#5544,.T.);
#16312=EDGE_CURVE('',#6233,#6373,#5572,.T.);
#16323=EDGE_CURVE('',#6266,#6373,#5549,.T.);
#16325=EDGE_CURVE('',#6265,#6266,#5553,.T.);
#16336=EDGE_CURVE('',#6373,#6374,#5568,.T.);
#16338=EDGE_CURVE('',#6374,#6273,#5607,.T.);
#16340=EDGE_CURVE('',#6286,#6273,#5986,.T.);
#16342=EDGE_CURVE('',#6286,#6290,#5563,.T.);
#16344=EDGE_CURVE('',#6290,#6266,#5978,.T.);
#16357=EDGE_CURVE('',#6233,#6234,#5577,.T.);
#16359=EDGE_CURVE('',#6374,#6234,#5581,.T.);
#16370=EDGE_CURVE('',#6250,#6234,#5585,.T.);
#16382=EDGE_CURVE('',#6369,#6374,#5589,.T.);
#16387=EDGE_CURVE('',#6249,#6229,#5593,.T.);
#16389=EDGE_CURVE('',#6229,#6369,#5621,.T.);
#16400=EDGE_CURVE('',#6274,#6369,#5598,.T.);
#16402=EDGE_CURVE('',#6273,#6274,#5602,.T.);
#16413=EDGE_CURVE('',#6369,#6370,#5617,.T.);
#16416=EDGE_CURVE('',#6342,#6269,#5667,.T.);
#16418=EDGE_CURVE('',#6346,#6342,#5612,.T.);
#16420=EDGE_CURVE('',#6346,#6274,#5990,.T.);
#16433=EDGE_CURVE('',#6229,#6230,#5626,.T.);
#16456=EDGE_CURVE('',#6309,#6310,#5638,.T.);
#16458=EDGE_CURVE('',#6338,#6310,#5645,.T.);
#16460=EDGE_CURVE('',#6339,#6338,#5659,.T.);
#16462=EDGE_CURVE('',#6342,#6339,#5663,.T.);
#16467=EDGE_CURVE('',#6321,#6324,#5675,.T.);
#16469=EDGE_CURVE('',#6319,#6321,#5689,.T.);
#16471=EDGE_CURVE('',#6309,#6319,#5696,.T.);
#16481=EDGE_CURVE('',#6305,#6306,#5709,.T.);
#16483=EDGE_CURVE('',#6310,#6306,#6050,.T.);
#16486=EDGE_CURVE('',#6305,#6309,#5826,.T.);
#16496=EDGE_CURVE('',#6281,#6282,#5700,.T.);
#16498=EDGE_CURVE('',#6306,#6281,#5705,.T.);
#16501=EDGE_CURVE('',#6300,#6305,#5714,.T.);
#16503=EDGE_CURVE('',#6296,#6300,#5718,.T.);
#16505=EDGE_CURVE('',#6292,#6296,#5723,.T.);
#16507=EDGE_CURVE('',#6288,#6292,#5727,.T.);
#16509=EDGE_CURVE('',#6282,#6288,#5732,.T.);
#16513=EDGE_CURVE('',#6277,#6278,#5737,.T.);
#16515=EDGE_CURVE('',#6278,#6277,#5742,.T.);
#16519=EDGE_CURVE('',#6361,#6362,#5747,.T.);
#16521=EDGE_CURVE('',#6362,#6361,#5752,.T.);
#16532=EDGE_CURVE('',#6282,#6286,#5757,.T.);
#16534=EDGE_CURVE('',#6285,#6286,#5982,.T.);
#16536=EDGE_CURVE('',#6281,#6285,#6070,.T.);
#16559=EDGE_CURVE('',#6288,#6290,#5762,.T.);
#16572=EDGE_CURVE('',#6292,#6294,#5767,.T.);
#16574=EDGE_CURVE('',#6290,#6294,#5970,.T.);
#16598=EDGE_CURVE('',#6296,#6298,#5772,.T.);
#16611=EDGE_CURVE('',#6302,#6300,#5777,.T.);
#16613=EDGE_CURVE('',#6298,#6302,#5850,.T.);
#16625=EDGE_CURVE('',#6300,#6316,#5782,.T.);
#16627=EDGE_CURVE('',#6316,#6302,#5787,.T.);
#16637=EDGE_CURVE('',#6316,#6318,#5792,.T.);
#16641=EDGE_CURVE('',#6318,#6305,#5821,.T.);
#16652=EDGE_CURVE('',#6318,#6320,#5799,.T.);
#16654=EDGE_CURVE('',#6336,#6320,#5804,.T.);
#16656=EDGE_CURVE('',#6336,#6316,#5811,.T.);
#16682=EDGE_CURVE('',#6309,#6318,#5816,.T.);
#16685=EDGE_CURVE('',#6319,#6320,#5831,.T.);
#16784=EDGE_CURVE('',#6321,#6322,#5836,.T.);
#16786=EDGE_CURVE('',#6320,#6322,#5921,.T.);
#16798=EDGE_CURVE('',#6324,#6326,#5841,.T.);
#16800=EDGE_CURVE('',#6322,#6326,#5952,.T.);
#16824=EDGE_CURVE('',#6328,#6330,#5846,.T.);
#16826=EDGE_CURVE('',#6326,#6330,#5957,.T.);
#16837=EDGE_CURVE('',#6328,#6332,#5875,.T.);
#16839=EDGE_CURVE('',#6332,#6334,#5893,.T.);
#16841=EDGE_CURVE('',#6330,#6334,#5961,.T.);
#16853=EDGE_CURVE('',#6335,#6302,#5857,.T.);
#16855=EDGE_CURVE('',#6332,#6335,#5871,.T.);
#16887=EDGE_CURVE('',#6335,#6336,#5888,.T.);
#16972=EDGE_CURVE('',#6334,#6336,#5948,.T.);
#16984=EDGE_CURVE('',#6334,#6322,#5966,.T.);
#17024=EDGE_CURVE('',#6350,#6346,#5994,.T.);
#17026=EDGE_CURVE('',#6353,#6350,#6008,.T.);
#17028=EDGE_CURVE('',#6285,#6353,#6015,.T.);
#17039=EDGE_CURVE('',#6346,#6348,#6025,.T.);
#17041=EDGE_CURVE('',#6352,#6348,#6167,.T.);
#17043=EDGE_CURVE('',#6350,#6352,#6020,.T.);
#17066=EDGE_CURVE('',#6342,#6344,#6030,.T.);
#17068=EDGE_CURVE('',#6348,#6344,#6172,.T.);
#17080=EDGE_CURVE('',#6339,#6340,#6035,.T.);
#17082=EDGE_CURVE('',#6344,#6340,#6158,.T.);
#17170=EDGE_CURVE('',#6338,#6337,#6040,.T.);
#17172=EDGE_CURVE('',#6340,#6337,#6103,.T.);
#17199=EDGE_CURVE('',#6314,#6310,#6045,.T.);
#17201=EDGE_CURVE('',#6337,#6314,#6154,.T.);
#17215=EDGE_CURVE('',#6306,#6314,#6055,.T.);
#17225=EDGE_CURVE('',#6312,#6281,#6065,.T.);
#17227=EDGE_CURVE('',#6314,#6312,#6135,.T.);
#17239=EDGE_CURVE('',#6285,#6312,#6060,.T.);
#17269=EDGE_CURVE('',#6353,#6354,#6075,.T.);
#17271=EDGE_CURVE('',#6312,#6354,#6142,.T.);
#17355=EDGE_CURVE('',#6354,#6352,#6130,.T.);
#17367=EDGE_CURVE('',#6337,#6354,#6147,.T.);
#17370=EDGE_CURVE('',#6340,#6352,#6163,.T.);
#17404=EDGE_CURVE('',#7670,#7671,#6177,.T.);
#17406=EDGE_CURVE('',#6278,#7671,#6190,.T.);
#17409=EDGE_CURVE('',#6277,#7670,#6181,.T.);
#17420=EDGE_CURVE('',#7671,#7670,#6186,.T.);
#17466=EDGE_CURVE('',#6357,#6358,#6200,.T.);
#17468=EDGE_CURVE('',#6358,#6362,#6210,.T.);
#17471=EDGE_CURVE('',#6357,#6361,#6195,.T.);
#17482=EDGE_CURVE('',#6358,#6357,#6205,.T.);
#17533=ADVANCED_BREP_SHAPE_REPRESENTATION('',(#17524),#17532);
#17540=PRODUCT_DEFINITION('design','',#17539,#17536);
#17541=PRODUCT_DEFINITION_SHAPE('','SHAPE FOR 50042853-001_SW0001.',#17540);
#17542=SHAPE_DEFINITION_REPRESENTATION(#17541,#17533);
ENDSEC;
END-ISO-10303-21;
