ISO-10303-21;
HEADER;
FILE_DESCRIPTION((''),'2;1');
FILE_NAME('HSCSGNN001PGAA5_SW0001','2017-11-06T',('H243040'),(''),
'CREO PARAMETRIC BY PTC INC, 2016130','CREO PARAMETRIC BY PTC INC, 2016130','');
FILE_SCHEMA(('CONFIG_CONTROL_DESIGN'));
ENDSEC;
DATA;
#16=CARTESIAN_POINT('',(0.E0,8.38E0,0.E0));
#17=DIRECTION('',(0.E0,-1.E0,0.E0));
#18=DIRECTION('',(1.E0,0.E0,0.E0));
#19=AXIS2_PLACEMENT_3D('',#16,#17,#18);
#21=CARTESIAN_POINT('',(0.E0,8.38E0,0.E0));
#22=DIRECTION('',(0.E0,-1.E0,0.E0));
#23=DIRECTION('',(-1.E0,0.E0,0.E0));
#24=AXIS2_PLACEMENT_3D('',#21,#22,#23);
#26=CARTESIAN_POINT('',(0.E0,8.38E0,0.E0));
#27=DIRECTION('',(0.E0,-1.E0,0.E0));
#28=DIRECTION('',(-1.E0,0.E0,0.E0));
#29=AXIS2_PLACEMENT_3D('',#26,#27,#28);
#31=CARTESIAN_POINT('',(0.E0,8.38E0,0.E0));
#32=DIRECTION('',(0.E0,-1.E0,0.E0));
#33=DIRECTION('',(1.E0,0.E0,0.E0));
#34=AXIS2_PLACEMENT_3D('',#31,#32,#33);
#36=CARTESIAN_POINT('',(1.391599194107E0,8.13E0,-1.021976808725E-9));
#37=DIRECTION('',(7.343902014290E-10,0.E0,1.E0));
#38=DIRECTION('',(9.738621483874E-1,2.271398598622E-1,-7.151948188943E-10));
#39=AXIS2_PLACEMENT_3D('',#36,#37,#38);
#41=CARTESIAN_POINT('',(0.E0,8.186784964923E0,0.E0));
#42=DIRECTION('',(0.E0,-1.E0,0.E0));
#43=DIRECTION('',(1.E0,0.E0,0.E0));
#44=AXIS2_PLACEMENT_3D('',#41,#42,#43);
#46=DIRECTION('',(2.271398596915E-1,-9.738621484272E-1,1.225307052065E-11));
#47=VECTOR('',#46,3.323658250985E0);
#48=CARTESIAN_POINT('',(1.635064731209E0,8.186784964942E0,-4.072537271692E-11));
#49=LINE('',#48,#47);
#50=DIRECTION('',(-2.271398596915E-1,-9.738621484272E-1,-1.225328605071E-11));
#51=VECTOR('',#50,3.323658250985E0);
#52=CARTESIAN_POINT('',(-1.635064731209E0,8.186784964942E0,4.072573529413E-11));
#53=LINE('',#52,#51);
#54=CARTESIAN_POINT('',(0.E0,8.186784964923E0,0.E0));
#55=DIRECTION('',(0.E0,-1.E0,0.E0));
#56=DIRECTION('',(-1.E0,0.E0,0.E0));
#57=AXIS2_PLACEMENT_3D('',#54,#55,#56);
#59=CARTESIAN_POINT('',(-1.391599194107E0,8.13E0,1.021976864256E-9));
#60=DIRECTION('',(-7.343902430623E-10,0.E0,-1.E0));
#61=DIRECTION('',(-9.738621483874E-1,2.271398598622E-1,7.151948602874E-10));
#62=AXIS2_PLACEMENT_3D('',#59,#60,#61);
#64=CARTESIAN_POINT('',(0.E0,4.95E0,0.E0));
#65=DIRECTION('',(0.E0,1.E0,0.E0));
#66=DIRECTION('',(-1.E0,0.E0,0.E0));
#67=AXIS2_PLACEMENT_3D('',#64,#65,#66);
#69=CARTESIAN_POINT('',(0.E0,4.95E0,0.E0));
#70=DIRECTION('',(0.E0,-1.E0,0.E0));
#71=DIRECTION('',(-1.E0,0.E0,0.E0));
#72=AXIS2_PLACEMENT_3D('',#69,#70,#71);
#74=CARTESIAN_POINT('',(0.E0,2.8E0,0.E0));
#75=DIRECTION('',(0.E0,1.E0,0.E0));
#76=DIRECTION('',(1.E0,0.E0,0.E0));
#77=AXIS2_PLACEMENT_3D('',#74,#75,#76);
#79=CARTESIAN_POINT('',(0.E0,4.95E0,0.E0));
#80=DIRECTION('',(0.E0,-1.E0,0.E0));
#81=DIRECTION('',(-1.E0,0.E0,0.E0));
#82=AXIS2_PLACEMENT_3D('',#79,#80,#81);
#84=CARTESIAN_POINT('',(4.26E0,2.8E0,1.118720727177E-9));
#85=DIRECTION('',(2.626105027881E-10,0.E0,-1.E0));
#86=DIRECTION('',(-3.328031688175E-11,-1.E0,0.E0));
#87=AXIS2_PLACEMENT_3D('',#84,#85,#86);
#89=CARTESIAN_POINT('',(0.E0,5.1E-1,0.E0));
#90=DIRECTION('',(0.E0,1.E0,0.E0));
#91=DIRECTION('',(-1.E0,0.E0,0.E0));
#92=AXIS2_PLACEMENT_3D('',#89,#90,#91);
#94=CARTESIAN_POINT('',(0.E0,5.1E-1,0.E0));
#95=DIRECTION('',(0.E0,1.E0,0.E0));
#96=DIRECTION('',(1.E0,0.E0,0.E0));
#97=AXIS2_PLACEMENT_3D('',#94,#95,#96);
#99=CARTESIAN_POINT('',(0.E0,0.E0,0.E0));
#100=DIRECTION('',(0.E0,-1.E0,0.E0));
#101=DIRECTION('',(-1.E0,0.E0,0.E0));
#102=AXIS2_PLACEMENT_3D('',#99,#100,#101);
#104=CARTESIAN_POINT('',(0.E0,5.1E-1,0.E0));
#105=DIRECTION('',(0.E0,-1.E0,0.E0));
#106=DIRECTION('',(-1.E0,0.E0,0.E0));
#107=AXIS2_PLACEMENT_3D('',#104,#105,#106);
#109=CARTESIAN_POINT('',(-1.08E1,0.E0,-1.91E0));
#110=DIRECTION('',(0.E0,-1.E0,0.E0));
#111=DIRECTION('',(-1.E0,0.E0,0.E0));
#112=AXIS2_PLACEMENT_3D('',#109,#110,#111);
#114=CARTESIAN_POINT('',(-1.08E1,0.E0,-1.91E0));
#115=DIRECTION('',(0.E0,-1.E0,0.E0));
#116=DIRECTION('',(1.E0,0.E0,0.E0));
#117=AXIS2_PLACEMENT_3D('',#114,#115,#116);
#119=CARTESIAN_POINT('',(1.08E1,0.E0,-1.91E0));
#120=DIRECTION('',(0.E0,-1.E0,0.E0));
#121=DIRECTION('',(-1.E0,0.E0,0.E0));
#122=AXIS2_PLACEMENT_3D('',#119,#120,#121);
#124=CARTESIAN_POINT('',(1.08E1,0.E0,-1.91E0));
#125=DIRECTION('',(0.E0,-1.E0,0.E0));
#126=DIRECTION('',(1.E0,0.E0,0.E0));
#127=AXIS2_PLACEMENT_3D('',#124,#125,#126);
#129=DIRECTION('',(0.E0,-1.E0,0.E0));
#130=VECTOR('',#129,2.8E0);
#131=CARTESIAN_POINT('',(-9.419431057744E0,0.E0,1.447486976940E0));
#132=LINE('',#131,#130);
#133=CARTESIAN_POINT('',(0.E0,0.E0,0.E0));
#134=DIRECTION('',(0.E0,1.E0,0.E0));
#135=DIRECTION('',(-9.883978024915E-1,0.E0,1.518874057649E-1));
#136=AXIS2_PLACEMENT_3D('',#133,#134,#135);
#138=DIRECTION('',(0.E0,-1.E0,0.E0));
#139=VECTOR('',#138,2.8E0);
#140=CARTESIAN_POINT('',(9.419431057744E0,0.E0,1.447486976940E0));
#141=LINE('',#140,#139);
#142=DIRECTION('',(0.E0,1.E0,0.E0));
#143=VECTOR('',#142,7.6E-1);
#144=CARTESIAN_POINT('',(-8.1E-1,-5.08E0,9.495514730650E0));
#145=LINE('',#144,#143);
#146=DIRECTION('',(0.E0,1.E0,0.E0));
#147=VECTOR('',#146,1.52E0);
#148=CARTESIAN_POINT('',(-6.786529286478E0,-4.32E0,6.690584447100E0));
#149=LINE('',#148,#147);
#150=CARTESIAN_POINT('',(-9.795022222691E0,0.E0,1.505204191130E0));
#151=DIRECTION('',(0.E0,-1.E0,0.E0));
#152=DIRECTION('',(-2.822971284577E-1,0.E0,-9.593270199804E-1));
#153=AXIS2_PLACEMENT_3D('',#150,#151,#152);
#155=CARTESIAN_POINT('',(-9.795022222691E0,-2.8E0,1.505204191130E0));
#156=DIRECTION('',(0.E0,1.E0,0.E0));
#157=DIRECTION('',(9.883978024915E-1,0.E0,-1.518874057649E-1));
#158=AXIS2_PLACEMENT_3D('',#155,#156,#157);
#160=CARTESIAN_POINT('',(0.E0,-2.8E0,0.E0));
#161=DIRECTION('',(0.E0,-1.E0,0.E0));
#162=DIRECTION('',(-7.121226953282E-1,0.E0,7.020550311752E-1));
#163=AXIS2_PLACEMENT_3D('',#160,#161,#162);
#165=CARTESIAN_POINT('',(-1.08E1,-2.8E0,-1.91E0));
#166=DIRECTION('',(0.E0,-1.E0,0.E0));
#167=DIRECTION('',(2.822971284577E-1,0.E0,9.593270199804E-1));
#168=AXIS2_PLACEMENT_3D('',#165,#166,#167);
#170=DIRECTION('',(7.020550311752E-1,0.E0,7.121226953282E-1));
#171=VECTOR('',#170,8.942348684770E0);
#172=CARTESIAN_POINT('',(-1.306455017114E1,-2.8E0,3.225349991373E-1));
#173=LINE('',#172,#171);
#174=DIRECTION('',(0.E0,1.E0,0.E0));
#175=VECTOR('',#174,1.52E0);
#176=CARTESIAN_POINT('',(-1.306455017114E1,-4.32E0,3.225349991373E-1));
#177=LINE('',#176,#175);
#178=DIRECTION('',(0.E0,0.E0,1.E0));
#179=VECTOR('',#178,1.617044066873E0);
#180=CARTESIAN_POINT('',(-8.1E-1,-4.32E0,7.878470663777E0));
#181=LINE('',#180,#179);
#182=DIRECTION('',(0.E0,0.E0,-1.E0));
#183=VECTOR('',#182,1.617044066873E0);
#184=CARTESIAN_POINT('',(8.1E-1,-4.32E0,9.495514730650E0));
#185=LINE('',#184,#183);
#186=CARTESIAN_POINT('',(0.E0,-4.32E0,0.E0));
#187=DIRECTION('',(0.E0,1.E0,0.E0));
#188=DIRECTION('',(8.499475341028E-2,0.E0,9.963813988091E-1));
#189=AXIS2_PLACEMENT_3D('',#186,#187,#188);
#191=DIRECTION('',(7.020550311752E-1,0.E0,-7.121226953282E-1));
#192=VECTOR('',#191,3.655051995761E0);
#193=CARTESIAN_POINT('',(6.786529286478E0,-4.32E0,6.690584447100E0));
#194=LINE('',#193,#192);
#195=CARTESIAN_POINT('',(8.79E0,-4.32E0,3.533115493685E0));
#196=DIRECTION('',(0.E0,1.E0,0.E0));
#197=DIRECTION('',(-1.E0,0.E0,1.911270017076E-14));
#198=AXIS2_PLACEMENT_3D('',#195,#196,#197);
#200=DIRECTION('',(0.E0,0.E0,1.E0));
#201=VECTOR('',#200,9.040012361236E0);
#202=CARTESIAN_POINT('',(8.E0,-4.32E0,-5.506896867551E0));
#203=LINE('',#202,#201);
#204=CARTESIAN_POINT('',(8.79E0,-4.32E0,-5.506896867551E0));
#205=DIRECTION('',(0.E0,1.E0,0.E0));
#206=DIRECTION('',(4.281397246452E-1,0.E0,-9.037125517446E-1));
#207=AXIS2_PLACEMENT_3D('',#204,#205,#206);
#209=DIRECTION('',(-9.037125517446E-1,0.E0,-4.281397246452E-1));
#210=VECTOR('',#209,5.585912021313E0);
#211=CARTESIAN_POINT('',(9.128230382470E0,-4.32E0,-6.220829783429E0));
#212=LINE('',#211,#210);
#213=CARTESIAN_POINT('',(0.E0,-4.32E0,0.E0));
#214=DIRECTION('',(0.E0,1.E0,0.E0));
#215=DIRECTION('',(4.281397246452E-1,0.E0,-9.037125517446E-1));
#216=AXIS2_PLACEMENT_3D('',#213,#214,#215);
#218=DIRECTION('',(-9.037125517446E-1,0.E0,4.281397246452E-1));
#219=VECTOR('',#218,5.585912021313E0);
#220=CARTESIAN_POINT('',(-4.080171575868E0,-4.32E0,-8.612380618126E0));
#221=LINE('',#220,#219);
#222=CARTESIAN_POINT('',(-8.79E0,-4.32E0,-5.506896867551E0));
#223=DIRECTION('',(0.E0,1.E0,0.E0));
#224=DIRECTION('',(1.E0,0.E0,0.E0));
#225=AXIS2_PLACEMENT_3D('',#222,#223,#224);
#227=DIRECTION('',(0.E0,0.E0,-1.E0));
#228=VECTOR('',#227,9.040012361236E0);
#229=CARTESIAN_POINT('',(-8.E0,-4.32E0,3.533115493685E0));
#230=LINE('',#229,#228);
#231=CARTESIAN_POINT('',(-8.79E0,-4.32E0,3.533115493685E0));
#232=DIRECTION('',(0.E0,1.E0,0.E0));
#233=DIRECTION('',(-7.121226953282E-1,0.E0,7.020550311752E-1));
#234=AXIS2_PLACEMENT_3D('',#231,#232,#233);
#236=DIRECTION('',(7.020550311752E-1,0.E0,7.121226953282E-1));
#237=VECTOR('',#236,3.655051995761E0);
#238=CARTESIAN_POINT('',(-9.352576929309E0,-4.32E0,4.087738968314E0));
#239=LINE('',#238,#237);
#240=CARTESIAN_POINT('',(0.E0,-4.32E0,0.E0));
#241=DIRECTION('',(0.E0,1.E0,0.E0));
#242=DIRECTION('',(-7.121226953282E-1,0.E0,7.020550311752E-1));
#243=AXIS2_PLACEMENT_3D('',#240,#241,#242);
#245=CARTESIAN_POINT('',(0.E0,-4.32E0,0.E0));
#246=DIRECTION('',(0.E0,-1.E0,0.E0));
#247=DIRECTION('',(1.E0,0.E0,0.E0));
#248=AXIS2_PLACEMENT_3D('',#245,#246,#247);
#250=CARTESIAN_POINT('',(0.E0,-4.32E0,0.E0));
#251=DIRECTION('',(0.E0,-1.E0,0.E0));
#252=DIRECTION('',(-1.E0,0.E0,0.E0));
#253=AXIS2_PLACEMENT_3D('',#250,#251,#252);
#255=DIRECTION('',(0.E0,1.E0,0.E0));
#256=VECTOR('',#255,7.6E-1);
#257=CARTESIAN_POINT('',(-8.1E-1,-5.08E0,7.878470663777E0));
#258=LINE('',#257,#256);
#259=CARTESIAN_POINT('',(0.E0,-5.08E0,0.E0));
#260=DIRECTION('',(0.E0,-1.E0,0.E0));
#261=DIRECTION('',(1.022727272727E-1,0.E0,9.947563969416E-1));
#262=AXIS2_PLACEMENT_3D('',#259,#260,#261);
#264=DIRECTION('',(0.E0,0.E0,1.E0));
#265=VECTOR('',#264,1.617044066873E0);
#266=CARTESIAN_POINT('',(-8.1E-1,-5.08E0,7.878470663777E0));
#267=LINE('',#266,#265);
#268=CARTESIAN_POINT('',(0.E0,-5.08E0,0.E0));
#269=DIRECTION('',(0.E0,1.E0,0.E0));
#270=DIRECTION('',(-8.499475341028E-2,0.E0,9.963813988091E-1));
#271=AXIS2_PLACEMENT_3D('',#268,#269,#270);
#273=DIRECTION('',(0.E0,0.E0,-1.E0));
#274=VECTOR('',#273,1.617044066873E0);
#275=CARTESIAN_POINT('',(8.1E-1,-5.08E0,9.495514730650E0));
#276=LINE('',#275,#274);
#277=CARTESIAN_POINT('',(0.E0,-4.32E0,0.E0));
#278=DIRECTION('',(0.E0,-1.E0,0.E0));
#279=DIRECTION('',(1.022727272727E-1,0.E0,9.947563969416E-1));
#280=AXIS2_PLACEMENT_3D('',#277,#278,#279);
#282=DIRECTION('',(0.E0,1.E0,0.E0));
#283=VECTOR('',#282,7.6E-1);
#284=CARTESIAN_POINT('',(8.1E-1,-5.08E0,7.878470663777E0));
#285=LINE('',#284,#283);
#286=DIRECTION('',(0.E0,1.E0,0.E0));
#287=VECTOR('',#286,7.6E-1);
#288=CARTESIAN_POINT('',(8.1E-1,-5.08E0,9.495514730650E0));
#289=LINE('',#288,#287);
#290=DIRECTION('',(7.020550311752E-1,0.E0,-7.121226953282E-1));
#291=VECTOR('',#290,8.942348684770E0);
#292=CARTESIAN_POINT('',(6.786529286478E0,-2.8E0,6.690584447100E0));
#293=LINE('',#292,#291);
#294=DIRECTION('',(0.E0,1.E0,0.E0));
#295=VECTOR('',#294,1.52E0);
#296=CARTESIAN_POINT('',(6.786529286478E0,-4.32E0,6.690584447100E0));
#297=LINE('',#296,#295);
#298=CARTESIAN_POINT('',(9.795022222691E0,-2.8E0,1.505204191130E0));
#299=DIRECTION('',(0.E0,1.E0,0.E0));
#300=DIRECTION('',(2.822971284577E-1,0.E0,-9.593270199804E-1));
#301=AXIS2_PLACEMENT_3D('',#298,#299,#300);
#303=CARTESIAN_POINT('',(1.08E1,-2.8E0,-1.91E0));
#304=DIRECTION('',(0.E0,-1.E0,0.E0));
#305=DIRECTION('',(7.121226953282E-1,0.E0,7.020550311752E-1));
#306=AXIS2_PLACEMENT_3D('',#303,#304,#305);
#308=CARTESIAN_POINT('',(0.E0,-2.8E0,0.E0));
#309=DIRECTION('',(0.E0,-1.E0,0.E0));
#310=DIRECTION('',(9.883978024915E-1,0.E0,1.518874057649E-1));
#311=AXIS2_PLACEMENT_3D('',#308,#309,#310);
#313=CARTESIAN_POINT('',(9.795022222691E0,0.E0,1.505204191130E0));
#314=DIRECTION('',(0.E0,-1.E0,0.E0));
#315=DIRECTION('',(-9.883978024915E-1,0.E0,-1.518874057649E-1));
#316=AXIS2_PLACEMENT_3D('',#313,#314,#315);
#318=DIRECTION('',(0.E0,-1.E0,0.E0));
#319=VECTOR('',#318,2.8E0);
#320=CARTESIAN_POINT('',(9.902295131505E0,0.E0,1.140659923538E0));
#321=LINE('',#320,#319);
#322=CARTESIAN_POINT('',(1.08E1,0.E0,-1.91E0));
#323=DIRECTION('',(0.E0,1.E0,0.E0));
#324=DIRECTION('',(-2.822971284577E-1,0.E0,9.593270199804E-1));
#325=AXIS2_PLACEMENT_3D('',#322,#323,#324);
#327=DIRECTION('',(0.E0,-1.E0,0.E0));
#328=VECTOR('',#327,2.8E0);
#329=CARTESIAN_POINT('',(8.910441477286E0,0.E0,-4.467727231204E0));
#330=LINE('',#329,#328);
#331=DIRECTION('',(0.E0,1.E0,0.E0));
#332=VECTOR('',#331,3.81E0);
#333=CARTESIAN_POINT('',(9.58E0,-8.13E0,1.026664774876E0));
#334=LINE('',#333,#332);
#335=DIRECTION('',(0.E0,1.E0,0.E0));
#336=VECTOR('',#335,1.52E0);
#337=CARTESIAN_POINT('',(1.306455017114E1,-4.32E0,3.225349991373E-1));
#338=LINE('',#337,#336);
#339=CARTESIAN_POINT('',(8.684645175830E0,0.E0,-4.773367592165E0));
#340=DIRECTION('',(0.E0,-1.E0,0.E0));
#341=DIRECTION('',(5.942007933062E-1,0.E0,8.043167393722E-1));
#342=AXIS2_PLACEMENT_3D('',#339,#340,#341);
#344=CARTESIAN_POINT('',(8.684645175830E0,-2.8E0,-4.773367592165E0));
#345=DIRECTION('',(0.E0,1.E0,0.E0));
#346=DIRECTION('',(-8.763516827275E-1,0.E0,4.816718054657E-1));
#347=AXIS2_PLACEMENT_3D('',#344,#345,#346);
#349=CARTESIAN_POINT('',(0.E0,-2.8E0,0.E0));
#350=DIRECTION('',(0.E0,-1.E0,0.E0));
#351=DIRECTION('',(4.281397246452E-1,0.E0,-9.037125517446E-1));
#352=AXIS2_PLACEMENT_3D('',#349,#350,#351);
#354=CARTESIAN_POINT('',(1.08E1,-2.8E0,-1.91E0));
#355=DIRECTION('',(0.E0,-1.E0,0.E0));
#356=DIRECTION('',(-5.942007933062E-1,0.E0,-8.043167393722E-1));
#357=AXIS2_PLACEMENT_3D('',#354,#355,#356);
#359=DIRECTION('',(0.E0,-1.E0,0.E0));
#360=VECTOR('',#359,2.8E0);
#361=CARTESIAN_POINT('',(-8.351631536394E0,0.E0,-4.590332306088E0));
#362=LINE('',#361,#360);
#363=DIRECTION('',(0.E0,1.E0,0.E0));
#364=VECTOR('',#363,1.52E0);
#365=CARTESIAN_POINT('',(4.080171575868E0,-4.32E0,-8.612380618126E0));
#366=LINE('',#365,#364);
#367=DIRECTION('',(0.E0,-1.E0,0.E0));
#368=VECTOR('',#367,2.8E0);
#369=CARTESIAN_POINT('',(8.351631536394E0,0.E0,-4.590332306088E0));
#370=LINE('',#369,#368);
#371=CARTESIAN_POINT('',(0.E0,0.E0,0.E0));
#372=DIRECTION('',(0.E0,1.E0,0.E0));
#373=DIRECTION('',(8.763516827276E-1,0.E0,-4.816718054657E-1));
#374=AXIS2_PLACEMENT_3D('',#371,#372,#373);
#376=CARTESIAN_POINT('',(-8.684645175830E0,0.E0,-4.773367592165E0));
#377=DIRECTION('',(0.E0,-1.E0,0.E0));
#378=DIRECTION('',(8.763516827276E-1,0.E0,4.816718054657E-1));
#379=AXIS2_PLACEMENT_3D('',#376,#377,#378);
#381=CARTESIAN_POINT('',(-8.684645175830E0,-2.8E0,-4.773367592165E0));
#382=DIRECTION('',(0.E0,1.E0,0.E0));
#383=DIRECTION('',(-5.942007933062E-1,0.E0,8.043167393722E-1));
#384=AXIS2_PLACEMENT_3D('',#381,#382,#383);
#386=CARTESIAN_POINT('',(-1.08E1,-2.8E0,-1.91E0));
#387=DIRECTION('',(0.E0,-1.E0,0.E0));
#388=DIRECTION('',(-4.281397246452E-1,0.E0,-9.037125517446E-1));
#389=AXIS2_PLACEMENT_3D('',#386,#387,#388);
#391=CARTESIAN_POINT('',(0.E0,-2.8E0,0.E0));
#392=DIRECTION('',(0.E0,-1.E0,0.E0));
#393=DIRECTION('',(-8.763516827276E-1,0.E0,-4.816718054657E-1));
#394=AXIS2_PLACEMENT_3D('',#391,#392,#393);
#396=DIRECTION('',(0.E0,-1.E0,0.E0));
#397=VECTOR('',#396,2.8E0);
#398=CARTESIAN_POINT('',(-8.910441477286E0,0.E0,-4.467727231204E0));
#399=LINE('',#398,#397);
#400=CARTESIAN_POINT('',(-1.08E1,0.E0,-1.91E0));
#401=DIRECTION('',(0.E0,1.E0,0.E0));
#402=DIRECTION('',(5.942007933062E-1,0.E0,-8.043167393722E-1));
#403=AXIS2_PLACEMENT_3D('',#400,#401,#402);
#405=DIRECTION('',(0.E0,-1.E0,0.E0));
#406=VECTOR('',#405,2.8E0);
#407=CARTESIAN_POINT('',(-9.902295131505E0,0.E0,1.140659923538E0));
#408=LINE('',#407,#406);
#409=DIRECTION('',(0.E0,1.E0,0.E0));
#410=VECTOR('',#409,3.81E0);
#411=CARTESIAN_POINT('',(-9.58E0,-8.13E0,-4.846664774876E0));
#412=LINE('',#411,#410);
#413=DIRECTION('',(0.E0,1.E0,0.E0));
#414=VECTOR('',#413,1.52E0);
#415=CARTESIAN_POINT('',(-1.216148432437E1,-4.32E0,-4.783805914548E0));
#416=LINE('',#415,#414);
#417=CARTESIAN_POINT('',(-1.08E1,-4.32E0,-1.91E0));
#418=DIRECTION('',(0.E0,1.E0,0.E0));
#419=DIRECTION('',(-7.121226953282E-1,0.E0,7.020550311752E-1));
#420=AXIS2_PLACEMENT_3D('',#417,#418,#419);
#422=DIRECTION('',(7.020550311752E-1,0.E0,7.121226953282E-1));
#423=VECTOR('',#422,5.287296689008E0);
#424=CARTESIAN_POINT('',(-1.306455017114E1,-4.32E0,3.225349991373E-1));
#425=LINE('',#424,#423);
#426=CARTESIAN_POINT('',(-8.79E0,-4.32E0,3.533115493685E0));
#427=DIRECTION('',(0.E0,1.E0,0.E0));
#428=DIRECTION('',(-1.E0,0.E0,0.E0));
#429=AXIS2_PLACEMENT_3D('',#426,#427,#428);
#431=DIRECTION('',(0.E0,0.E0,1.E0));
#432=VECTOR('',#431,2.506450718809E0);
#433=CARTESIAN_POINT('',(-9.58E0,-4.32E0,1.026664774876E0));
#434=LINE('',#433,#432);
#435=DIRECTION('',(0.E0,1.E0,0.E0));
#436=VECTOR('',#435,3.81E0);
#437=CARTESIAN_POINT('',(-9.58E0,-8.13E0,3.533115493685E0));
#438=LINE('',#437,#436);
#439=DIRECTION('',(0.E0,1.E0,0.E0));
#440=VECTOR('',#439,3.81E0);
#441=CARTESIAN_POINT('',(-8.E0,-8.13E0,3.533115493685E0));
#442=LINE('',#441,#440);
#443=DIRECTION('',(0.E0,1.E0,0.E0));
#444=VECTOR('',#443,3.81E0);
#445=CARTESIAN_POINT('',(-8.E0,-8.13E0,-5.506896867551E0));
#446=LINE('',#445,#444);
#447=CARTESIAN_POINT('',(-1.08E1,-4.32E0,-1.91E0));
#448=DIRECTION('',(0.E0,1.E0,0.E0));
#449=DIRECTION('',(3.836477987421E-1,0.E0,-9.234794889549E-1));
#450=AXIS2_PLACEMENT_3D('',#447,#448,#449);
#452=DIRECTION('',(0.E0,0.E0,1.E0));
#453=VECTOR('',#452,6.602320926746E-1);
#454=CARTESIAN_POINT('',(-9.58E0,-4.32E0,-5.506896867551E0));
#455=LINE('',#454,#453);
#456=CARTESIAN_POINT('',(-8.79E0,-4.32E0,-5.506896867551E0));
#457=DIRECTION('',(0.E0,1.E0,0.E0));
#458=DIRECTION('',(-4.281397246452E-1,0.E0,-9.037125517446E-1));
#459=AXIS2_PLACEMENT_3D('',#456,#457,#458);
#461=DIRECTION('',(-9.037125517446E-1,0.E0,4.281397246452E-1));
#462=VECTOR('',#461,3.356436663457E0);
#463=CARTESIAN_POINT('',(-9.128230382470E0,-4.32E0,-6.220829783429E0));
#464=LINE('',#463,#462);
#465=DIRECTION('',(0.E0,1.E0,0.E0));
#466=VECTOR('',#465,3.81E0);
#467=CARTESIAN_POINT('',(-9.58E0,-8.13E0,-5.506896867551E0));
#468=LINE('',#467,#466);
#469=CARTESIAN_POINT('',(-1.08E1,-8.13E0,-1.91E0));
#470=DIRECTION('',(0.E0,1.E0,0.E0));
#471=DIRECTION('',(3.836477987421E-1,0.E0,-9.234794889549E-1));
#472=AXIS2_PLACEMENT_3D('',#469,#470,#471);
#474=DIRECTION('',(0.E0,0.E0,1.E0));
#475=VECTOR('',#474,2.506450718809E0);
#476=CARTESIAN_POINT('',(-9.58E0,-8.13E0,1.026664774876E0));
#477=LINE('',#476,#475);
#478=CARTESIAN_POINT('',(-8.79E0,-8.13E0,3.533115493685E0));
#479=DIRECTION('',(0.E0,1.E0,0.E0));
#480=DIRECTION('',(-1.E0,0.E0,0.E0));
#481=AXIS2_PLACEMENT_3D('',#478,#479,#480);
#483=DIRECTION('',(0.E0,0.E0,-1.E0));
#484=VECTOR('',#483,9.040012361236E0);
#485=CARTESIAN_POINT('',(-8.E0,-8.13E0,3.533115493685E0));
#486=LINE('',#485,#484);
#487=CARTESIAN_POINT('',(-8.79E0,-8.13E0,-5.506896867551E0));
#488=DIRECTION('',(0.E0,1.E0,0.E0));
#489=DIRECTION('',(1.E0,0.E0,0.E0));
#490=AXIS2_PLACEMENT_3D('',#487,#488,#489);
#492=DIRECTION('',(0.E0,0.E0,1.E0));
#493=VECTOR('',#492,6.602320926746E-1);
#494=CARTESIAN_POINT('',(-9.58E0,-8.13E0,-5.506896867551E0));
#495=LINE('',#494,#493);
#496=CARTESIAN_POINT('',(-1.08E1,-8.13E0,-1.91E0));
#497=DIRECTION('',(0.E0,-1.E0,0.E0));
#498=DIRECTION('',(-1.E0,0.E0,0.E0));
#499=AXIS2_PLACEMENT_3D('',#496,#497,#498);
#501=CARTESIAN_POINT('',(-1.08E1,-8.13E0,-1.91E0));
#502=DIRECTION('',(0.E0,-1.E0,0.E0));
#503=DIRECTION('',(1.E0,0.E0,0.E0));
#504=AXIS2_PLACEMENT_3D('',#501,#502,#503);
#506=DIRECTION('',(0.E0,1.E0,0.E0));
#507=VECTOR('',#506,3.81E0);
#508=CARTESIAN_POINT('',(-9.58E0,-8.13E0,1.026664774876E0));
#509=LINE('',#508,#507);
#510=DIRECTION('',(0.E0,1.E0,0.E0));
#511=VECTOR('',#510,8.13E0);
#512=CARTESIAN_POINT('',(-1.277E1,-8.13E0,-1.91E0));
#513=LINE('',#512,#511);
#514=DIRECTION('',(0.E0,1.E0,0.E0));
#515=VECTOR('',#514,8.13E0);
#516=CARTESIAN_POINT('',(-8.83E0,-8.13E0,-1.91E0));
#517=LINE('',#516,#515);
#518=DIRECTION('',(-9.037125517446E-1,0.E0,4.281397246452E-1));
#519=VECTOR('',#518,8.942348684770E0);
#520=CARTESIAN_POINT('',(-4.080171575868E0,-2.8E0,-8.612380618126E0));
#521=LINE('',#520,#519);
#522=DIRECTION('',(0.E0,1.E0,0.E0));
#523=VECTOR('',#522,1.52E0);
#524=CARTESIAN_POINT('',(-4.080171575868E0,-4.32E0,-8.612380618126E0));
#525=LINE('',#524,#523);
#526=DIRECTION('',(-9.037125517446E-1,0.E0,-4.281397246452E-1));
#527=VECTOR('',#526,8.942348684770E0);
#528=CARTESIAN_POINT('',(1.216148432437E1,-2.8E0,-4.783805914548E0));
#529=LINE('',#528,#527);
#530=DIRECTION('',(0.E0,1.E0,0.E0));
#531=VECTOR('',#530,1.52E0);
#532=CARTESIAN_POINT('',(1.216148432437E1,-4.32E0,-4.783805914548E0));
#533=LINE('',#532,#531);
#534=CARTESIAN_POINT('',(1.08E1,-4.32E0,-1.91E0));
#535=DIRECTION('',(0.E0,1.E0,0.E0));
#536=DIRECTION('',(4.281397246452E-1,0.E0,-9.037125517446E-1));
#537=AXIS2_PLACEMENT_3D('',#534,#535,#536);
#539=DIRECTION('',(-9.037125517446E-1,0.E0,-4.281397246452E-1));
#540=VECTOR('',#539,3.356436663457E0);
#541=CARTESIAN_POINT('',(1.216148432437E1,-4.32E0,-4.783805914548E0));
#542=LINE('',#541,#540);
#543=CARTESIAN_POINT('',(8.79E0,-4.32E0,-5.506896867551E0));
#544=DIRECTION('',(0.E0,1.E0,0.E0));
#545=DIRECTION('',(1.E0,0.E0,-2.023697665140E-14));
#546=AXIS2_PLACEMENT_3D('',#543,#544,#545);
#548=DIRECTION('',(0.E0,0.E0,-1.E0));
#549=VECTOR('',#548,6.602320926746E-1);
#550=CARTESIAN_POINT('',(9.58E0,-4.32E0,-4.846664774876E0));
#551=LINE('',#550,#549);
#552=DIRECTION('',(0.E0,1.E0,0.E0));
#553=VECTOR('',#552,3.81E0);
#554=CARTESIAN_POINT('',(9.58E0,-8.13E0,-5.506896867551E0));
#555=LINE('',#554,#553);
#556=DIRECTION('',(0.E0,1.E0,0.E0));
#557=VECTOR('',#556,3.81E0);
#558=CARTESIAN_POINT('',(8.E0,-8.13E0,-5.506896867551E0));
#559=LINE('',#558,#557);
#560=DIRECTION('',(0.E0,1.E0,0.E0));
#561=VECTOR('',#560,3.81E0);
#562=CARTESIAN_POINT('',(8.E0,-8.13E0,3.533115493685E0));
#563=LINE('',#562,#561);
#564=CARTESIAN_POINT('',(1.08E1,-4.32E0,-1.91E0));
#565=DIRECTION('',(0.E0,1.E0,0.E0));
#566=DIRECTION('',(-3.836477987421E-1,0.E0,9.234794889549E-1));
#567=AXIS2_PLACEMENT_3D('',#564,#565,#566);
#569=DIRECTION('',(0.E0,0.E0,-1.E0));
#570=VECTOR('',#569,2.506450718809E0);
#571=CARTESIAN_POINT('',(9.58E0,-4.32E0,3.533115493685E0));
#572=LINE('',#571,#570);
#573=CARTESIAN_POINT('',(8.79E0,-4.32E0,3.533115493685E0));
#574=DIRECTION('',(0.E0,1.E0,0.E0));
#575=DIRECTION('',(7.121226953282E-1,0.E0,7.020550311752E-1));
#576=AXIS2_PLACEMENT_3D('',#573,#574,#575);
#578=DIRECTION('',(7.020550311752E-1,0.E0,-7.121226953282E-1));
#579=VECTOR('',#578,5.287296689008E0);
#580=CARTESIAN_POINT('',(9.352576929309E0,-4.32E0,4.087738968314E0));
#581=LINE('',#580,#579);
#582=DIRECTION('',(0.E0,1.E0,0.E0));
#583=VECTOR('',#582,3.81E0);
#584=CARTESIAN_POINT('',(9.58E0,-8.13E0,3.533115493685E0));
#585=LINE('',#584,#583);
#586=CARTESIAN_POINT('',(1.08E1,-8.13E0,-1.91E0));
#587=DIRECTION('',(0.E0,1.E0,0.E0));
#588=DIRECTION('',(-3.836477987421E-1,0.E0,9.234794889549E-1));
#589=AXIS2_PLACEMENT_3D('',#586,#587,#588);
#591=DIRECTION('',(0.E0,0.E0,-1.E0));
#592=VECTOR('',#591,6.602320926746E-1);
#593=CARTESIAN_POINT('',(9.58E0,-8.13E0,-4.846664774876E0));
#594=LINE('',#593,#592);
#595=CARTESIAN_POINT('',(8.79E0,-8.13E0,-5.506896867551E0));
#596=DIRECTION('',(0.E0,1.E0,0.E0));
#597=DIRECTION('',(1.E0,0.E0,-1.573987072886E-14));
#598=AXIS2_PLACEMENT_3D('',#595,#596,#597);
#600=DIRECTION('',(0.E0,0.E0,1.E0));
#601=VECTOR('',#600,9.040012361236E0);
#602=CARTESIAN_POINT('',(8.E0,-8.13E0,-5.506896867551E0));
#603=LINE('',#602,#601);
#604=CARTESIAN_POINT('',(8.79E0,-8.13E0,3.533115493685E0));
#605=DIRECTION('',(0.E0,1.E0,0.E0));
#606=DIRECTION('',(-1.E0,0.E0,0.E0));
#607=AXIS2_PLACEMENT_3D('',#604,#605,#606);
#609=DIRECTION('',(0.E0,0.E0,-1.E0));
#610=VECTOR('',#609,2.506450718809E0);
#611=CARTESIAN_POINT('',(9.58E0,-8.13E0,3.533115493685E0));
#612=LINE('',#611,#610);
#613=CARTESIAN_POINT('',(1.08E1,-8.13E0,-1.91E0));
#614=DIRECTION('',(0.E0,-1.E0,0.E0));
#615=DIRECTION('',(-1.E0,0.E0,0.E0));
#616=AXIS2_PLACEMENT_3D('',#613,#614,#615);
#618=CARTESIAN_POINT('',(1.08E1,-8.13E0,-1.91E0));
#619=DIRECTION('',(0.E0,-1.E0,0.E0));
#620=DIRECTION('',(1.E0,0.E0,0.E0));
#621=AXIS2_PLACEMENT_3D('',#618,#619,#620);
#623=DIRECTION('',(0.E0,1.E0,0.E0));
#624=VECTOR('',#623,3.81E0);
#625=CARTESIAN_POINT('',(9.58E0,-8.13E0,-4.846664774876E0));
#626=LINE('',#625,#624);
#627=DIRECTION('',(0.E0,1.E0,0.E0));
#628=VECTOR('',#627,8.13E0);
#629=CARTESIAN_POINT('',(8.83E0,-8.13E0,-1.91E0));
#630=LINE('',#629,#628);
#631=DIRECTION('',(0.E0,1.E0,0.E0));
#632=VECTOR('',#631,8.13E0);
#633=CARTESIAN_POINT('',(1.277E1,-8.13E0,-1.91E0));
#634=LINE('',#633,#632);
#635=CARTESIAN_POINT('',(0.E0,-4.8862E0,0.E0));
#636=DIRECTION('',(0.E0,-1.E0,0.E0));
#637=DIRECTION('',(5.333070866142E-1,0.E0,8.459217170443E-1));
#638=AXIS2_PLACEMENT_3D('',#635,#636,#637);
#640=DIRECTION('',(0.E0,-1.E0,-8.247371040072E-13));
#641=VECTOR('',#640,1.4E-2);
#642=CARTESIAN_POINT('',(3.5538E0,-4.8862E0,6.740541933702E0));
#643=LINE('',#642,#641);
#644=CARTESIAN_POINT('',(0.E0,-4.9002E0,0.E0));
#645=DIRECTION('',(0.E0,-1.E0,0.E0));
#646=DIRECTION('',(4.663779527559E-1,0.E0,8.845855556040E-1));
#647=AXIS2_PLACEMENT_3D('',#644,#645,#646);
#649=DIRECTION('',(0.E0,-1.E0,0.E0));
#650=VECTOR('',#649,1.4E-2);
#651=CARTESIAN_POINT('',(1.5238E0,-4.8862E0,7.466085558042E0));
#652=LINE('',#651,#650);
#653=CARTESIAN_POINT('',(0.E0,-4.8862E0,0.E0));
#654=DIRECTION('',(0.E0,-1.E0,0.E0));
#655=DIRECTION('',(1.999737532808E-1,0.E0,9.798012543362E-1));
#656=AXIS2_PLACEMENT_3D('',#653,#654,#655);
#658=DIRECTION('',(0.E0,-1.E0,0.E0));
#659=VECTOR('',#658,1.4E-2);
#660=CARTESIAN_POINT('',(1.0138E0,-4.8862E0,7.552258573434E0));
#661=LINE('',#660,#659);
#662=CARTESIAN_POINT('',(0.E0,-4.9002E0,0.E0));
#663=DIRECTION('',(0.E0,-1.E0,0.E0));
#664=DIRECTION('',(1.330446194226E-1,0.E0,9.911100490070E-1));
#665=AXIS2_PLACEMENT_3D('',#662,#663,#664);
#667=DIRECTION('',(0.E0,-1.E0,0.E0));
#668=VECTOR('',#667,1.4E-2);
#669=CARTESIAN_POINT('',(-1.0162E0,-4.8862E0,7.551936014030E0));
#670=LINE('',#669,#668);
#671=CARTESIAN_POINT('',(0.E0,-4.8862E0,0.E0));
#672=DIRECTION('',(0.E0,-1.E0,0.E0));
#673=DIRECTION('',(-1.333595800525E-1,0.E0,9.910677183766E-1));
#674=AXIS2_PLACEMENT_3D('',#671,#672,#673);
#676=DIRECTION('',(0.E0,-1.E0,0.E0));
#677=VECTOR('',#676,1.4E-2);
#678=CARTESIAN_POINT('',(-1.5262E0,-4.8862E0,7.465595325224E0));
#679=LINE('',#678,#677);
#680=CARTESIAN_POINT('',(0.E0,-4.9002E0,0.E0));
#681=DIRECTION('',(0.E0,-1.E0,0.E0));
#682=DIRECTION('',(-2.002887139108E-1,0.E0,9.797369193207E-1));
#683=AXIS2_PLACEMENT_3D('',#680,#681,#682);
#685=DIRECTION('',(0.E0,-1.E0,-7.612957883144E-13));
#686=VECTOR('',#685,1.4E-2);
#687=CARTESIAN_POINT('',(-3.5562E0,-4.8862E0,6.739276041238E0));
#688=LINE('',#687,#686);
#689=CARTESIAN_POINT('',(0.E0,-4.8862E0,0.E0));
#690=DIRECTION('',(0.E0,-1.E0,0.E0));
#691=DIRECTION('',(-4.666929133858E-1,0.E0,8.844194279839E-1));
#692=AXIS2_PLACEMENT_3D('',#689,#690,#691);
#694=DIRECTION('',(0.E0,-1.E0,1.903239470786E-13));
#695=VECTOR('',#694,1.4E-2);
#696=CARTESIAN_POINT('',(-4.0662E0,-4.8862E0,6.444409791439E0));
#697=LINE('',#696,#695);
#698=CARTESIAN_POINT('',(0.E0,-4.9002E0,0.E0));
#699=DIRECTION('',(0.E0,-1.E0,0.E0));
#700=DIRECTION('',(-5.336220472441E-1,0.E0,8.457230697427E-1));
#701=AXIS2_PLACEMENT_3D('',#698,#699,#700);
#703=DIRECTION('',(0.E0,-1.E0,0.E0));
#704=VECTOR('',#703,5.802E-1);
#705=CARTESIAN_POINT('',(7.62E0,-4.32E0,0.E0));
#706=LINE('',#705,#704);
#707=CARTESIAN_POINT('',(0.E0,-4.9002E0,0.E0));
#708=DIRECTION('',(0.E0,-1.E0,0.E0));
#709=DIRECTION('',(1.E0,0.E0,0.E0));
#710=AXIS2_PLACEMENT_3D('',#707,#708,#709);
#712=DIRECTION('',(0.E0,-1.E0,0.E0));
#713=VECTOR('',#712,1.4E-2);
#714=CARTESIAN_POINT('',(4.0638E0,-4.8862E0,6.445923483877E0));
#715=LINE('',#714,#713);
#716=DIRECTION('',(0.E0,0.E0,1.E0));
#717=VECTOR('',#716,1.371007651612E1);
#718=CARTESIAN_POINT('',(4.0638E0,-4.8862E0,6.445923483877E0));
#719=LINE('',#718,#717);
#720=DIRECTION('',(-1.E0,0.E0,0.E0));
#721=VECTOR('',#720,5.100000000001E-1);
#722=CARTESIAN_POINT('',(4.0638E0,-4.8862E0,2.0156E1));
#723=LINE('',#722,#721);
#724=DIRECTION('',(0.E0,0.E0,-1.E0));
#725=VECTOR('',#724,1.341545806630E1);
#726=CARTESIAN_POINT('',(3.5538E0,-4.8862E0,2.0156E1));
#727=LINE('',#726,#725);
#728=DIRECTION('',(0.E0,1.E0,-2.201185674598E-14));
#729=VECTOR('',#728,1.614E-1);
#730=CARTESIAN_POINT('',(4.0638E0,-5.1362E0,6.445923483877E0));
#731=LINE('',#730,#729);
#732=DIRECTION('',(0.E0,-1.E0,0.E0));
#733=VECTOR('',#732,2.5E-1);
#734=CARTESIAN_POINT('',(4.0638E0,-4.8862E0,2.0156E1));
#735=LINE('',#734,#733);
#736=DIRECTION('',(0.E0,-1.E0,0.E0));
#737=VECTOR('',#736,7.46E-2);
#738=CARTESIAN_POINT('',(4.0638E0,-4.9002E0,6.224E0));
#739=LINE('',#738,#737);
#740=DIRECTION('',(0.E0,0.E0,1.E0));
#741=VECTOR('',#740,2.219234838772E-1);
#742=CARTESIAN_POINT('',(4.0638E0,-4.9748E0,6.224E0));
#743=LINE('',#742,#741);
#744=CARTESIAN_POINT('',(0.E0,-4.9748E0,0.E0));
#745=DIRECTION('',(0.E0,1.E0,0.E0));
#746=DIRECTION('',(-4.666929133858E-1,0.E0,8.844194279839E-1));
#747=AXIS2_PLACEMENT_3D('',#744,#745,#746);
#749=CARTESIAN_POINT('',(0.E0,-4.9748E0,0.E0));
#750=DIRECTION('',(0.E0,1.E0,0.E0));
#751=DIRECTION('',(-1.333595800525E-1,0.E0,9.910677183766E-1));
#752=AXIS2_PLACEMENT_3D('',#749,#750,#751);
#754=CARTESIAN_POINT('',(0.E0,-4.9748E0,0.E0));
#755=DIRECTION('',(0.E0,1.E0,0.E0));
#756=DIRECTION('',(1.999737532808E-1,0.E0,9.798012543362E-1));
#757=AXIS2_PLACEMENT_3D('',#754,#755,#756);
#759=CARTESIAN_POINT('',(0.E0,-4.9748E0,0.E0));
#760=DIRECTION('',(0.E0,1.E0,0.E0));
#761=DIRECTION('',(5.333070866142E-1,0.E0,8.459217170443E-1));
#762=AXIS2_PLACEMENT_3D('',#759,#760,#761);
#764=CARTESIAN_POINT('',(0.E0,-5.7368E0,0.E0));
#765=DIRECTION('',(0.E0,1.E0,0.E0));
#766=DIRECTION('',(-1.E0,0.E0,0.E0));
#767=AXIS2_PLACEMENT_3D('',#764,#765,#766);
#769=DIRECTION('',(0.E0,1.E0,0.E0));
#770=VECTOR('',#769,7.62E-1);
#771=CARTESIAN_POINT('',(-7.62E0,-5.7368E0,0.E0));
#772=LINE('',#771,#770);
#773=CARTESIAN_POINT('',(0.E0,-4.9748E0,0.E0));
#774=DIRECTION('',(0.E0,1.E0,0.E0));
#775=DIRECTION('',(-1.E0,0.E0,0.E0));
#776=AXIS2_PLACEMENT_3D('',#773,#774,#775);
#778=CARTESIAN_POINT('',(0.E0,-5.1362E0,0.E0));
#779=DIRECTION('',(0.E0,1.E0,0.E0));
#780=DIRECTION('',(-5.336220472441E-1,0.E0,8.457230697427E-1));
#781=AXIS2_PLACEMENT_3D('',#778,#779,#780);
#783=DIRECTION('',(-1.146530620415E-14,0.E0,-1.E0));
#784=VECTOR('',#783,1.371159020856E1);
#785=CARTESIAN_POINT('',(-4.0662E0,-5.1362E0,2.0156E1));
#786=LINE('',#785,#784);
#787=DIRECTION('',(-1.E0,0.E0,0.E0));
#788=VECTOR('',#787,5.099999999998E-1);
#789=CARTESIAN_POINT('',(-3.5562E0,-5.1362E0,2.0156E1));
#790=LINE('',#789,#788);
#791=DIRECTION('',(-1.148558741252E-14,0.E0,1.E0));
#792=VECTOR('',#791,1.341672395876E1);
#793=CARTESIAN_POINT('',(-3.5562E0,-5.1362E0,6.739276041238E0));
#794=LINE('',#793,#792);
#795=DIRECTION('',(0.E0,1.E0,-2.201185674598E-14));
#796=VECTOR('',#795,1.614E-1);
#797=CARTESIAN_POINT('',(-4.0662E0,-5.1362E0,6.444409791439E0));
#798=LINE('',#797,#796);
#799=DIRECTION('',(1.208900585450E-14,0.E0,1.E0));
#800=VECTOR('',#799,2.204097914394E-1);
#801=CARTESIAN_POINT('',(-4.0662E0,-4.9748E0,6.224E0));
#802=LINE('',#801,#800);
#803=DIRECTION('',(0.E0,-1.E0,0.E0));
#804=VECTOR('',#803,2.5E-1);
#805=CARTESIAN_POINT('',(-4.0662E0,-4.8862E0,2.0156E1));
#806=LINE('',#805,#804);
#807=CARTESIAN_POINT('',(0.E0,-4.9748E0,0.E0));
#808=DIRECTION('',(0.E0,1.E0,0.E0));
#809=DIRECTION('',(7.276595744681E-1,0.E0,6.859384401569E-1));
#810=AXIS2_PLACEMENT_3D('',#807,#808,#809);
#812=DIRECTION('',(0.E0,0.E0,1.E0));
#813=VECTOR('',#812,1.008133996894E0);
#814=CARTESIAN_POINT('',(4.4438E0,-4.9748E0,4.835866003106E0));
#815=LINE('',#814,#813);
#816=DIRECTION('',(0.E0,-1.E0,0.E0));
#817=VECTOR('',#816,7.46E-2);
#818=CARTESIAN_POINT('',(4.4438E0,-4.9002E0,4.835866003106E0));
#819=LINE('',#818,#817);
#820=DIRECTION('',(-7.071067811865E-1,0.E0,7.071067811866E-1));
#821=VECTOR('',#820,5.374011537017E-1);
#822=CARTESIAN_POINT('',(4.4438E0,-4.9748E0,5.844E0));
#823=LINE('',#822,#821);
#824=DIRECTION('',(0.E0,-1.E0,0.E0));
#825=VECTOR('',#824,7.46E-2);
#826=CARTESIAN_POINT('',(4.4438E0,-4.9002E0,5.844E0));
#827=LINE('',#826,#825);
#828=CARTESIAN_POINT('',(0.E0,-4.9002E0,0.E0));
#829=DIRECTION('',(0.E0,1.E0,0.E0));
#830=DIRECTION('',(7.276595744681E-1,0.E0,6.859384401569E-1));
#831=AXIS2_PLACEMENT_3D('',#828,#829,#830);
#833=DIRECTION('',(1.E0,0.E0,0.E0));
#834=VECTOR('',#833,6.862E-1);
#835=CARTESIAN_POINT('',(4.4438E0,-4.9002E0,4.835866003106E0));
#836=LINE('',#835,#834);
#837=DIRECTION('',(0.E0,0.E0,1.E0));
#838=VECTOR('',#837,1.008133996894E0);
#839=CARTESIAN_POINT('',(4.4438E0,-4.9002E0,4.835866003106E0));
#840=LINE('',#839,#838);
#841=DIRECTION('',(-7.071067811865E-1,0.E0,7.071067811866E-1));
#842=VECTOR('',#841,5.374011537017E-1);
#843=CARTESIAN_POINT('',(4.4438E0,-4.9002E0,5.844E0));
#844=LINE('',#843,#842);
#845=DIRECTION('',(0.E0,0.E0,-1.E0));
#846=VECTOR('',#845,2.219234838772E-1);
#847=CARTESIAN_POINT('',(4.0638E0,-4.9002E0,6.445923483877E0));
#848=LINE('',#847,#846);
#849=CARTESIAN_POINT('',(0.E0,-4.9002E0,0.E0));
#850=DIRECTION('',(0.E0,-1.E0,0.E0));
#851=DIRECTION('',(-1.E0,0.E0,0.E0));
#852=AXIS2_PLACEMENT_3D('',#849,#850,#851);
#854=DIRECTION('',(-1.208900585450E-14,0.E0,-1.E0));
#855=VECTOR('',#854,2.204097914394E-1);
#856=CARTESIAN_POINT('',(-4.0662E0,-4.9002E0,6.444409791439E0));
#857=LINE('',#856,#855);
#858=DIRECTION('',(-7.071067811865E-1,0.E0,-7.071067811866E-1));
#859=VECTOR('',#858,5.374011537017E-1);
#860=CARTESIAN_POINT('',(-4.0662E0,-4.9002E0,6.224E0));
#861=LINE('',#860,#859);
#862=DIRECTION('',(0.E0,0.E0,-1.E0));
#863=VECTOR('',#862,1.008133996894E0);
#864=CARTESIAN_POINT('',(-4.4462E0,-4.9002E0,5.844E0));
#865=LINE('',#864,#863);
#866=DIRECTION('',(1.E0,0.E0,0.E0));
#867=VECTOR('',#866,6.838E-1);
#868=CARTESIAN_POINT('',(-5.13E0,-4.9002E0,4.835866003106E0));
#869=LINE('',#868,#867);
#870=DIRECTION('',(-1.190587693968E-14,1.E0,1.190587693968E-14));
#871=VECTOR('',#870,7.46E-2);
#872=CARTESIAN_POINT('',(-5.13E0,-4.9748E0,4.835866003106E0));
#873=LINE('',#872,#871);
#874=DIRECTION('',(0.E0,1.E0,0.E0));
#875=VECTOR('',#874,7.46E-2);
#876=CARTESIAN_POINT('',(5.13E0,-4.9748E0,4.835866003106E0));
#877=LINE('',#876,#875);
#878=DIRECTION('',(1.E0,0.E0,0.E0));
#879=VECTOR('',#878,6.838E-1);
#880=CARTESIAN_POINT('',(-5.13E0,-4.9748E0,4.835866003106E0));
#881=LINE('',#880,#879);
#882=DIRECTION('',(0.E0,0.E0,-1.E0));
#883=VECTOR('',#882,1.008133996894E0);
#884=CARTESIAN_POINT('',(-4.4462E0,-4.9748E0,5.844E0));
#885=LINE('',#884,#883);
#886=DIRECTION('',(0.E0,-1.E0,0.E0));
#887=VECTOR('',#886,7.46E-2);
#888=CARTESIAN_POINT('',(-4.4462E0,-4.9002E0,4.835866003106E0));
#889=LINE('',#888,#887);
#890=DIRECTION('',(0.E0,-1.E0,0.E0));
#891=VECTOR('',#890,7.46E-2);
#892=CARTESIAN_POINT('',(-4.4462E0,-4.9002E0,5.844E0));
#893=LINE('',#892,#891);
#894=DIRECTION('',(-7.071067811865E-1,0.E0,-7.071067811866E-1));
#895=VECTOR('',#894,5.374011537017E-1);
#896=CARTESIAN_POINT('',(-4.0662E0,-4.9748E0,6.224E0));
#897=LINE('',#896,#895);
#898=DIRECTION('',(0.E0,-1.E0,0.E0));
#899=VECTOR('',#898,7.46E-2);
#900=CARTESIAN_POINT('',(-4.0662E0,-4.9002E0,6.224E0));
#901=LINE('',#900,#899);
#902=DIRECTION('',(1.E0,0.E0,0.E0));
#903=VECTOR('',#902,6.862E-1);
#904=CARTESIAN_POINT('',(4.4438E0,-4.9748E0,4.835866003106E0));
#905=LINE('',#904,#903);
#906=DIRECTION('',(0.E0,-1.E0,0.E0));
#907=VECTOR('',#906,5.802E-1);
#908=CARTESIAN_POINT('',(-7.62E0,-4.32E0,0.E0));
#909=LINE('',#908,#907);
#910=CARTESIAN_POINT('',(0.E0,-5.7368E0,0.E0));
#911=DIRECTION('',(0.E0,1.E0,0.E0));
#912=DIRECTION('',(1.E0,0.E0,0.E0));
#913=AXIS2_PLACEMENT_3D('',#910,#911,#912);
#915=DIRECTION('',(0.E0,1.E0,0.E0));
#916=VECTOR('',#915,7.62E-1);
#917=CARTESIAN_POINT('',(7.62E0,-5.7368E0,0.E0));
#918=LINE('',#917,#916);
#919=CARTESIAN_POINT('',(0.E0,-4.9748E0,0.E0));
#920=DIRECTION('',(0.E0,1.E0,0.E0));
#921=DIRECTION('',(1.E0,0.E0,0.E0));
#922=AXIS2_PLACEMENT_3D('',#919,#920,#921);
#924=DIRECTION('',(5.716554863068E-1,8.204937568168E-1,0.E0));
#925=VECTOR('',#924,1.888375124280E0);
#926=CARTESIAN_POINT('',(6.5405E0,-7.2862E0,0.E0));
#927=LINE('',#926,#925);
#928=DIRECTION('',(-5.716554863068E-1,8.204937568168E-1,0.E0));
#929=VECTOR('',#928,1.888375124280E0);
#930=CARTESIAN_POINT('',(-6.5405E0,-7.2862E0,0.E0));
#931=LINE('',#930,#929);
#932=CARTESIAN_POINT('',(0.E0,-7.2862E0,0.E0));
#933=DIRECTION('',(0.E0,-1.E0,0.E0));
#934=DIRECTION('',(0.E0,0.E0,-1.E0));
#935=AXIS2_PLACEMENT_3D('',#932,#933,#934);
#937=DIRECTION('',(0.E0,1.E0,0.E0));
#938=VECTOR('',#937,1.016E-1);
#939=CARTESIAN_POINT('',(0.E0,-7.3878E0,6.5405E0));
#940=LINE('',#939,#938);
#941=CARTESIAN_POINT('',(0.E0,-7.2862E0,0.E0));
#942=DIRECTION('',(0.E0,-1.E0,0.E0));
#943=DIRECTION('',(1.E0,0.E0,0.E0));
#944=AXIS2_PLACEMENT_3D('',#941,#942,#943);
#946=CARTESIAN_POINT('',(0.E0,-7.2862E0,0.E0));
#947=DIRECTION('',(0.E0,-1.E0,0.E0));
#948=DIRECTION('',(-1.E0,0.E0,0.E0));
#949=AXIS2_PLACEMENT_3D('',#946,#947,#948);
#951=CARTESIAN_POINT('',(0.E0,-7.2862E0,0.E0));
#952=DIRECTION('',(0.E0,-1.E0,0.E0));
#953=DIRECTION('',(0.E0,0.E0,1.E0));
#954=AXIS2_PLACEMENT_3D('',#951,#952,#953);
#956=DIRECTION('',(0.E0,1.E0,0.E0));
#957=VECTOR('',#956,1.016E-1);
#958=CARTESIAN_POINT('',(0.E0,-7.3878E0,-6.5405E0));
#959=LINE('',#958,#957);
#960=CARTESIAN_POINT('',(0.E0,-7.3878E0,0.E0));
#961=DIRECTION('',(0.E0,-1.E0,0.E0));
#962=DIRECTION('',(0.E0,0.E0,-1.E0));
#963=AXIS2_PLACEMENT_3D('',#960,#961,#962);
#965=CARTESIAN_POINT('',(0.E0,-7.3878E0,0.E0));
#966=DIRECTION('',(0.E0,-1.E0,0.E0));
#967=DIRECTION('',(0.E0,0.E0,1.E0));
#968=AXIS2_PLACEMENT_3D('',#965,#966,#967);
#970=CARTESIAN_POINT('',(0.E0,-7.3878E0,0.E0));
#971=DIRECTION('',(0.E0,-1.E0,0.E0));
#972=DIRECTION('',(-1.E0,0.E0,0.E0));
#973=AXIS2_PLACEMENT_3D('',#970,#971,#972);
#975=CARTESIAN_POINT('',(0.E0,-7.3878E0,0.E0));
#976=DIRECTION('',(0.E0,-1.E0,0.E0));
#977=DIRECTION('',(1.E0,0.E0,0.E0));
#978=AXIS2_PLACEMENT_3D('',#975,#976,#977);
#980=CARTESIAN_POINT('',(0.E0,-6.893798450091E0,0.E0));
#981=DIRECTION('',(0.E0,1.E0,0.E0));
#982=DIRECTION('',(-4.877426205348E-1,0.E0,-8.729874776386E-1));
#983=AXIS2_PLACEMENT_3D('',#980,#981,#982);
#985=DIRECTION('',(-4.012504972308E-7,-9.999999999997E-1,-7.181793083077E-7));
#986=VECTOR('',#985,3.140002583182E-1);
#987=CARTESIAN_POINT('',(-2.726481122797E0,-6.893799741682E0,
-4.879999774492E0));
#988=LINE('',#987,#986);
#989=CARTESIAN_POINT('',(0.E0,-6.893798436847E0,0.E0));
#990=DIRECTION('',(0.E0,1.E0,0.E0));
#991=DIRECTION('',(8.676207513417E-1,0.E0,-4.972265397596E-1));
#992=AXIS2_PLACEMENT_3D('',#989,#990,#991);
#994=DIRECTION('',(7.198633956321E-7,-9.999999999997E-1,-4.125479773484E-7));
#995=VECTOR('',#994,3.140002605255E-1);
#996=CARTESIAN_POINT('',(4.849999773963E0,-6.893799739475E0,-2.779496227716E0));
#997=LINE('',#996,#995);
#998=DIRECTION('',(0.E0,1.E0,0.E0));
#999=VECTOR('',#998,1.8E-1);
#1000=CARTESIAN_POINT('',(-5.59E0,-7.3878E0,0.E0));
#1001=LINE('',#1000,#999);
#1002=CARTESIAN_POINT('',(-3.298135684696E0,-6.593799727819E0,
-4.879999774492E0));
#1003=CARTESIAN_POINT('',(-3.232318617407E0,-6.630654343864E0,
-4.879999774492E0));
#1004=CARTESIAN_POINT('',(-3.102205549118E0,-6.701995161463E0,
-4.880000075169E0));
#1005=CARTESIAN_POINT('',(-2.911594019713E0,-6.801979245645E0,
-4.880000075169E0));
#1006=CARTESIAN_POINT('',(-2.787661170696E0,-6.863959616521E0,
-4.879999774492E0));
#1007=CARTESIAN_POINT('',(-2.726481122797E0,-6.893799741682E0,
-4.879999774492E0));
#1009=CARTESIAN_POINT('',(-4.849999775878E0,-6.893799741682E0,
-2.779496228813E0));
#1010=CARTESIAN_POINT('',(-4.849999775878E0,-6.863874264312E0,
-2.839681007139E0));
#1011=CARTESIAN_POINT('',(-4.850000074708E0,-6.801779507610E0,
-2.961615964609E0));
#1012=CARTESIAN_POINT('',(-4.850000074707E0,-6.701796478930E0,
-3.149205604769E0));
#1013=CARTESIAN_POINT('',(-4.849999775879E0,-6.630569208075E0,
-3.277293676418E0));
#1014=CARTESIAN_POINT('',(-4.849999775879E0,-6.593799727841E0,
-3.342094996768E0));
#1016=CARTESIAN_POINT('',(2.531308496145E-14,-6.5938E0,4.640732242933E-14));
#1017=DIRECTION('',(0.E0,1.E0,0.E0));
#1018=DIRECTION('',(-5.599551506121E-1,0.E0,-8.285229202037E-1));
#1019=AXIS2_PLACEMENT_3D('',#1016,#1017,#1018);
#1021=DIRECTION('',(2.180367754284E-7,2.647708356540E-7,9.999999999999E-1));
#1022=VECTOR('',#1021,1.027905003232E0);
#1023=CARTESIAN_POINT('',(-4.85E0,-6.5938E0,-4.37E0));
#1024=LINE('',#1023,#1022);
#1025=CARTESIAN_POINT('',(-4.34E0,-6.5938E0,-4.37E0));
#1026=DIRECTION('',(0.E0,-1.E0,0.E0));
#1027=DIRECTION('',(-1.E0,0.E0,0.E0));
#1028=AXIS2_PLACEMENT_3D('',#1025,#1026,#1027);
#1030=DIRECTION('',(-9.999999999999E-1,-2.612444188272E-7,-2.164470778378E-7));
#1031=VECTOR('',#1030,1.041864315304E0);
#1032=CARTESIAN_POINT('',(-3.298135684696E0,-6.593799727819E0,
-4.879999774492E0));
#1033=LINE('',#1032,#1031);
#1034=DIRECTION('',(0.E0,0.E0,1.E0));
#1035=VECTOR('',#1034,6.27E0);
#1036=CARTESIAN_POINT('',(-4.85E0,-5.3848E0,-4.37E0));
#1037=LINE('',#1036,#1035);
#1038=DIRECTION('',(0.E0,-1.E0,0.E0));
#1039=VECTOR('',#1038,1.209E0);
#1040=CARTESIAN_POINT('',(-4.85E0,-5.3848E0,-4.37E0));
#1041=LINE('',#1040,#1039);
#1042=DIRECTION('',(-7.137642703590E-7,-9.999999999997E-1,-4.090526177680E-7));
#1043=VECTOR('',#1042,3.140002583182E-1);
#1044=CARTESIAN_POINT('',(-4.849999775878E0,-6.893799741682E0,
-2.779496228813E0));
#1045=LINE('',#1044,#1043);
#1046=CARTESIAN_POINT('',(-4.34E0,-5.3848E0,1.9E0));
#1047=DIRECTION('',(0.E0,1.E0,0.E0));
#1048=DIRECTION('',(-1.E0,0.E0,0.E0));
#1049=AXIS2_PLACEMENT_3D('',#1046,#1047,#1048);
#1051=DIRECTION('',(0.E0,-1.E0,0.E0));
#1052=VECTOR('',#1051,1.823E0);
#1053=CARTESIAN_POINT('',(-4.85E0,-5.3848E0,1.9E0));
#1054=LINE('',#1053,#1052);
#1055=DIRECTION('',(0.E0,0.E0,1.E0));
#1056=VECTOR('',#1055,4.679496357256E0);
#1057=CARTESIAN_POINT('',(-4.85E0,-7.2078E0,-2.779496357256E0));
#1058=LINE('',#1057,#1056);
#1059=CARTESIAN_POINT('',(0.E0,-7.2078E0,0.E0));
#1060=DIRECTION('',(0.E0,-1.E0,0.E0));
#1061=DIRECTION('',(-1.E0,0.E0,0.E0));
#1062=AXIS2_PLACEMENT_3D('',#1059,#1060,#1061);
#1064=CARTESIAN_POINT('',(0.E0,-7.2078E0,0.E0));
#1065=DIRECTION('',(0.E0,-1.E0,0.E0));
#1066=DIRECTION('',(1.E0,0.E0,0.E0));
#1067=AXIS2_PLACEMENT_3D('',#1064,#1065,#1066);
#1069=CARTESIAN_POINT('',(0.E0,-7.2078E0,0.E0));
#1070=DIRECTION('',(0.E0,-1.E0,0.E0));
#1071=DIRECTION('',(8.676207513417E-1,0.E0,-4.972265397596E-1));
#1072=AXIS2_PLACEMENT_3D('',#1069,#1070,#1071);
#1074=DIRECTION('',(0.E0,0.E0,-1.E0));
#1075=VECTOR('',#1074,4.679496357256E0);
#1076=CARTESIAN_POINT('',(4.85E0,-7.2078E0,1.9E0));
#1077=LINE('',#1076,#1075);
#1078=CARTESIAN_POINT('',(4.34E0,-7.2078E0,1.9E0));
#1079=DIRECTION('',(0.E0,1.E0,0.E0));
#1080=DIRECTION('',(0.E0,0.E0,1.E0));
#1081=AXIS2_PLACEMENT_3D('',#1078,#1079,#1080);
#1083=DIRECTION('',(1.E0,0.E0,0.E0));
#1084=VECTOR('',#1083,8.68E0);
#1085=CARTESIAN_POINT('',(-4.34E0,-7.2078E0,2.41E0));
#1086=LINE('',#1085,#1084);
#1087=CARTESIAN_POINT('',(-4.34E0,-7.2078E0,1.9E0));
#1088=DIRECTION('',(0.E0,1.E0,0.E0));
#1089=DIRECTION('',(-1.E0,0.E0,0.E0));
#1090=AXIS2_PLACEMENT_3D('',#1087,#1088,#1089);
#1092=DIRECTION('',(0.E0,1.E0,0.E0));
#1093=VECTOR('',#1092,1.8E-1);
#1094=CARTESIAN_POINT('',(5.59E0,-7.3878E0,0.E0));
#1095=LINE('',#1094,#1093);
#1096=DIRECTION('',(0.E0,0.E0,-1.E0));
#1097=VECTOR('',#1096,6.27E0);
#1098=CARTESIAN_POINT('',(4.85E0,-5.3848E0,1.9E0));
#1099=LINE('',#1098,#1097);
#1100=DIRECTION('',(0.E0,-1.E0,0.E0));
#1101=VECTOR('',#1100,1.823E0);
#1102=CARTESIAN_POINT('',(4.85E0,-5.3848E0,1.9E0));
#1103=LINE('',#1102,#1101);
#1104=CARTESIAN_POINT('',(4.34E0,-5.3848E0,1.9E0));
#1105=DIRECTION('',(0.E0,1.E0,0.E0));
#1106=DIRECTION('',(0.E0,0.E0,1.E0));
#1107=AXIS2_PLACEMENT_3D('',#1104,#1105,#1106);
#1109=DIRECTION('',(0.E0,-1.E0,0.E0));
#1110=VECTOR('',#1109,1.823E0);
#1111=CARTESIAN_POINT('',(4.34E0,-5.3848E0,2.41E0));
#1112=LINE('',#1111,#1110);
#1113=DIRECTION('',(1.E0,0.E0,0.E0));
#1114=VECTOR('',#1113,8.68E0);
#1115=CARTESIAN_POINT('',(-4.34E0,-5.3848E0,2.41E0));
#1116=LINE('',#1115,#1114);
#1117=DIRECTION('',(0.E0,-1.E0,0.E0));
#1118=VECTOR('',#1117,1.823E0);
#1119=CARTESIAN_POINT('',(-4.34E0,-5.3848E0,2.41E0));
#1120=LINE('',#1119,#1118);
#1121=CARTESIAN_POINT('',(4.849999773963E0,-6.593799725495E0,
-3.342094995485E0));
#1122=CARTESIAN_POINT('',(4.849999773963E0,-6.630569228861E0,
-3.277293634522E0));
#1123=CARTESIAN_POINT('',(4.850000075346E0,-6.701796518254E0,
-3.149205501495E0));
#1124=CARTESIAN_POINT('',(4.850000075346E0,-6.801779549999E0,
-2.961615850224E0));
#1125=CARTESIAN_POINT('',(4.849999773963E0,-6.863874285224E0,
-2.839680959401E0));
#1126=CARTESIAN_POINT('',(4.849999773963E0,-6.893799739475E0,
-2.779496227716E0));
#1128=CARTESIAN_POINT('',(2.726481121720E0,-6.893799739475E0,
-4.879999772565E0));
#1129=CARTESIAN_POINT('',(2.787661251504E0,-6.863959574305E0,
-4.879999772565E0));
#1130=CARTESIAN_POINT('',(2.911594202323E0,-6.801979135581E0,
-4.880000075812E0));
#1131=CARTESIAN_POINT('',(3.102205707721E0,-6.701995058292E0,
-4.880000075811E0));
#1132=CARTESIAN_POINT('',(3.232318686578E0,-6.630654302161E0,
-4.879999772566E0));
#1133=CARTESIAN_POINT('',(3.298135683338E0,-6.593799725523E0,
-4.879999772566E0));
#1135=CARTESIAN_POINT('',(-2.997602166488E-14,-6.5938E0,0.E0));
#1136=DIRECTION('',(0.E0,1.E0,0.E0));
#1137=DIRECTION('',(8.234295415959E-1,0.E0,-5.674185316212E-1));
#1138=AXIS2_PLACEMENT_3D('',#1135,#1136,#1137);
#1140=DIRECTION('',(-9.999999999999E-1,2.634477254114E-7,2.182951623239E-7));
#1141=VECTOR('',#1140,1.041864316663E0);
#1142=CARTESIAN_POINT('',(4.34E0,-6.5938E0,-4.88E0));
#1143=LINE('',#1142,#1141);
#1144=CARTESIAN_POINT('',(4.34E0,-6.5938E0,-4.37E0));
#1145=DIRECTION('',(0.E0,-1.E0,0.E0));
#1146=DIRECTION('',(0.E0,0.E0,-1.E0));
#1147=AXIS2_PLACEMENT_3D('',#1144,#1145,#1146);
#1149=DIRECTION('',(2.199008770908E-7,-2.670532595669E-7,-9.999999999999E-1));
#1150=VECTOR('',#1149,1.027905004515E0);
#1151=CARTESIAN_POINT('',(4.849999773963E0,-6.593799725495E0,
-3.342094995485E0));
#1152=LINE('',#1151,#1150);
#1153=DIRECTION('',(-1.E0,0.E0,0.E0));
#1154=VECTOR('',#1153,8.68E0);
#1155=CARTESIAN_POINT('',(4.34E0,-5.3848E0,-4.88E0));
#1156=LINE('',#1155,#1154);
#1157=DIRECTION('',(0.E0,-1.E0,0.E0));
#1158=VECTOR('',#1157,1.209E0);
#1159=CARTESIAN_POINT('',(4.34E0,-5.3848E0,-4.88E0));
#1160=LINE('',#1159,#1158);
#1161=DIRECTION('',(4.046791841394E-7,-9.999999999997E-1,-7.243161528153E-7));
#1162=VECTOR('',#1161,3.140002605255E-1);
#1163=CARTESIAN_POINT('',(2.726481121720E0,-6.893799739475E0,
-4.879999772565E0));
#1164=LINE('',#1163,#1162);
#1165=CARTESIAN_POINT('',(4.34E0,-5.3848E0,-4.37E0));
#1166=DIRECTION('',(0.E0,1.E0,0.E0));
#1167=DIRECTION('',(1.E0,0.E0,0.E0));
#1168=AXIS2_PLACEMENT_3D('',#1165,#1166,#1167);
#1170=DIRECTION('',(0.E0,-1.E0,0.E0));
#1171=VECTOR('',#1170,1.209E0);
#1172=CARTESIAN_POINT('',(4.85E0,-5.3848E0,-4.37E0));
#1173=LINE('',#1172,#1171);
#1174=DIRECTION('',(-1.E0,0.E0,0.E0));
#1175=VECTOR('',#1174,5.452962497579E0);
#1176=CARTESIAN_POINT('',(2.726481248789E0,-7.2078E0,-4.88E0));
#1177=LINE('',#1176,#1175);
#1178=CARTESIAN_POINT('',(0.E0,-7.2078E0,0.E0));
#1179=DIRECTION('',(0.E0,-1.E0,0.E0));
#1180=DIRECTION('',(-4.877426205348E-1,0.E0,-8.729874776386E-1));
#1181=AXIS2_PLACEMENT_3D('',#1178,#1179,#1180);
#1183=CARTESIAN_POINT('',(-4.34E0,-5.3848E0,-4.37E0));
#1184=DIRECTION('',(0.E0,1.E0,0.E0));
#1185=DIRECTION('',(0.E0,0.E0,-1.E0));
#1186=AXIS2_PLACEMENT_3D('',#1183,#1184,#1185);
#1188=DIRECTION('',(0.E0,-1.E0,0.E0));
#1189=VECTOR('',#1188,1.209E0);
#1190=CARTESIAN_POINT('',(-4.34E0,-5.3848E0,-4.88E0));
#1191=LINE('',#1190,#1189);
#1192=DIRECTION('',(0.E0,0.E0,1.E0));
#1193=VECTOR('',#1192,5.98E0);
#1194=CARTESIAN_POINT('',(-4.698910589753E0,-5.3848E0,-4.2035E0));
#1195=LINE('',#1194,#1193);
#1196=DIRECTION('',(-8.726535498374E-3,9.999619230642E-1,7.545618668621E-11));
#1197=VECTOR('',#1196,1.314940683111E0);
#1198=CARTESIAN_POINT('',(-4.687435713204E0,-6.699690614199E0,
1.776499999901E0));
#1199=LINE('',#1198,#1197);
#1200=DIRECTION('',(0.E0,0.E0,-1.E0));
#1201=VECTOR('',#1200,4.450789572865E0);
#1202=CARTESIAN_POINT('',(-4.687435713204E0,-6.699690614199E0,
1.776499999901E0));
#1203=LINE('',#1202,#1201);
#1204=CARTESIAN_POINT('',(-4.690489203560E0,-6.349690606383E0,
-2.669456003618E0));
#1205=CARTESIAN_POINT('',(-4.690150057621E0,-6.388552881823E0,
-2.669993370090E0));
#1206=CARTESIAN_POINT('',(-4.689472950516E0,-6.466295186468E0,
-2.671067900680E0));
#1207=CARTESIAN_POINT('',(-4.688454267918E0,-6.582961848456E0,
-2.672679090160E0));
#1208=CARTESIAN_POINT('',(-4.687775323648E0,-6.660775111867E0,
-2.673752812641E0));
#1209=CARTESIAN_POINT('',(-4.687435713204E0,-6.699690614199E0,
-2.674289572964E0));
#1211=CARTESIAN_POINT('',(-4.695289917105E0,-5.799690614399E0,
-3.591242647154E0));
#1212=CARTESIAN_POINT('',(-4.695288443315E0,-5.799690309674E0,
-3.529970714957E0));
#1213=CARTESIAN_POINT('',(-4.695218382101E0,-5.807962391184E0,
-3.413412726675E0));
#1214=CARTESIAN_POINT('',(-4.694941526263E0,-5.839588918275E0,
-3.252255663629E0));
#1215=CARTESIAN_POINT('',(-4.694568135921E0,-5.882401459753E0,
-3.117471987712E0));
#1216=CARTESIAN_POINT('',(-4.694124056710E0,-5.933280921948E0,
-3.001738432641E0));
#1217=CARTESIAN_POINT('',(-4.693633128935E0,-5.989537327444E0,
-2.905016733472E0));
#1218=CARTESIAN_POINT('',(-4.693110058959E0,-6.049475567477E0,
-2.825863953757E0));
#1219=CARTESIAN_POINT('',(-4.692568563595E0,-6.111521705566E0,
-2.763763467467E0));
#1220=CARTESIAN_POINT('',(-4.692022041395E0,-6.174158928089E0,
-2.718124063996E0));
#1221=CARTESIAN_POINT('',(-4.691490570194E0,-6.235014654817E0,
-2.688352104515E0));
#1222=CARTESIAN_POINT('',(-4.690981808627E0,-6.293480337750E0,
-2.672195369996E0));
#1223=CARTESIAN_POINT('',(-4.690649169340E0,-6.331180567117E0,
-2.669207484079E0));
#1224=CARTESIAN_POINT('',(-4.690489203560E0,-6.349690606383E0,
-2.669456003618E0));
#1226=DIRECTION('',(-3.738621208723E-8,-3.262045406634E-10,1.E0));
#1227=VECTOR('',#1226,6.122573527582E-1);
#1228=CARTESIAN_POINT('',(-4.695289894216E0,-5.799690614199E0,
-4.203499999912E0));
#1229=LINE('',#1228,#1227);
#1230=DIRECTION('',(-8.726535498373E-3,9.999619230642E-1,-2.123353675929E-10));
#1231=VECTOR('',#1230,4.149064125642E-1);
#1232=CARTESIAN_POINT('',(-4.695289894216E0,-5.799690614199E0,
-4.203499999912E0));
#1233=LINE('',#1232,#1231);
#1234=CARTESIAN_POINT('',(-4.193E0,-5.3848E0,1.7765E0));
#1235=DIRECTION('',(0.E0,1.E0,0.E0));
#1236=DIRECTION('',(-1.E0,0.E0,2.018944065103E-14));
#1237=AXIS2_PLACEMENT_3D('',#1234,#1235,#1236);
#1239=CARTESIAN_POINT('',(-4.193E0,-6.699690614199E0,1.7765E0));
#1240=DIRECTION('',(0.E0,-1.E0,0.E0));
#1241=DIRECTION('',(0.E0,0.E0,1.E0));
#1242=AXIS2_PLACEMENT_3D('',#1239,#1240,#1241);
#1244=DIRECTION('',(1.E0,0.E0,0.E0));
#1245=VECTOR('',#1244,8.38E0);
#1246=CARTESIAN_POINT('',(-4.193E0,-5.3848E0,2.282410589753E0));
#1247=LINE('',#1246,#1245);
#1248=DIRECTION('',(7.545331601810E-11,9.999619230642E-1,8.726535498374E-3));
#1249=VECTOR('',#1248,1.314940683111E0);
#1250=CARTESIAN_POINT('',(4.186999999901E0,-6.699690614199E0,2.270935713204E0));
#1251=LINE('',#1250,#1249);
#1252=DIRECTION('',(-1.E0,-2.639098168468E-14,0.E0));
#1253=VECTOR('',#1252,8.379999999533E0);
#1254=CARTESIAN_POINT('',(4.186999999901E0,-6.699690614199E0,2.270935713204E0));
#1255=LINE('',#1254,#1253);
#1256=DIRECTION('',(-2.796638643976E-10,9.999619230642E-1,8.726535498374E-3));
#1257=VECTOR('',#1256,1.314940683112E0);
#1258=CARTESIAN_POINT('',(-4.192999999632E0,-6.699690614200E0,
2.270935713204E0));
#1259=LINE('',#1258,#1257);
#1260=CARTESIAN_POINT('',(4.187E0,-5.3848E0,1.7765E0));
#1261=DIRECTION('',(0.E0,1.E0,0.E0));
#1262=DIRECTION('',(0.E0,0.E0,1.E0));
#1263=AXIS2_PLACEMENT_3D('',#1260,#1261,#1262);
#1265=CARTESIAN_POINT('',(4.187E0,-6.699690614199E0,1.7765E0));
#1266=DIRECTION('',(0.E0,-1.E0,0.E0));
#1267=DIRECTION('',(1.E0,0.E0,0.E0));
#1268=AXIS2_PLACEMENT_3D('',#1265,#1266,#1267);
#1270=DIRECTION('',(0.E0,0.E0,-1.E0));
#1271=VECTOR('',#1270,5.98E0);
#1272=CARTESIAN_POINT('',(4.692910589753E0,-5.3848E0,1.7765E0));
#1273=LINE('',#1272,#1271);
#1274=DIRECTION('',(8.726535498373E-3,9.999619230642E-1,-2.531472737452E-10));
#1275=VECTOR('',#1274,4.149064125642E-1);
#1276=CARTESIAN_POINT('',(4.689289894216E0,-5.799690614199E0,
-4.203499999895E0));
#1277=LINE('',#1276,#1275);
#1278=DIRECTION('',(-3.830860240669E-8,3.342368556587E-10,-1.E0));
#1279=VECTOR('',#1278,6.122573527413E-1);
#1280=CARTESIAN_POINT('',(4.689289917670E0,-5.799690614404E0,
-3.591242647154E0));
#1281=LINE('',#1280,#1279);
#1282=CARTESIAN_POINT('',(4.684489202817E0,-6.349690606532E0,
-2.669456003620E0));
#1283=CARTESIAN_POINT('',(4.684649169642E0,-6.331180464211E0,
-2.669207481505E0));
#1284=CARTESIAN_POINT('',(4.684981811486E0,-6.293480041824E0,
-2.672195381337E0));
#1285=CARTESIAN_POINT('',(4.685490576106E0,-6.235013968894E0,
-2.688352354040E0));
#1286=CARTESIAN_POINT('',(4.686022048049E0,-6.174158167843E0,
-2.718124542053E0));
#1287=CARTESIAN_POINT('',(4.686568569948E0,-6.111520977066E0,
-2.763764076183E0));
#1288=CARTESIAN_POINT('',(4.687110066088E0,-6.049474750143E0,
-2.825864857561E0));
#1289=CARTESIAN_POINT('',(4.687633136755E0,-5.989536433331E0,
-2.905018090917E0));
#1290=CARTESIAN_POINT('',(4.688124065222E0,-5.933279938888E0,
-3.001740327584E0));
#1291=CARTESIAN_POINT('',(4.688568145682E0,-5.882400370097E0,
-3.117474864839E0));
#1292=CARTESIAN_POINT('',(4.688941533663E0,-5.839587962792E0,
-3.252259032590E0));
#1293=CARTESIAN_POINT('',(4.689218392662E0,-5.807961582355E0,
-3.413419035819E0));
#1294=CARTESIAN_POINT('',(4.689288435782E0,-5.799690308188E0,
-3.529973356353E0));
#1295=CARTESIAN_POINT('',(4.689289917670E0,-5.799690614404E0,
-3.591242647154E0));
#1297=CARTESIAN_POINT('',(4.681435713204E0,-6.699690614199E0,
-2.674289572964E0));
#1298=CARTESIAN_POINT('',(4.681775323647E0,-6.660775111926E0,
-2.673752812642E0));
#1299=CARTESIAN_POINT('',(4.682454267818E0,-6.582961848615E0,
-2.672679090162E0));
#1300=CARTESIAN_POINT('',(4.683472950860E0,-6.466295186684E0,
-2.671067900683E0));
#1301=CARTESIAN_POINT('',(4.684150056876E0,-6.388552882094E0,
-2.669993370094E0));
#1302=CARTESIAN_POINT('',(4.684489202817E0,-6.349690606532E0,
-2.669456003620E0));
#1304=DIRECTION('',(0.E0,-5.966701933640E-14,1.E0));
#1305=VECTOR('',#1304,4.450789572596E0);
#1306=CARTESIAN_POINT('',(4.681435713204E0,-6.699690614199E0,
-2.674289572964E0));
#1307=LINE('',#1306,#1305);
#1308=DIRECTION('',(8.726535498374E-3,9.999619230642E-1,2.796663973401E-10));
#1309=VECTOR('',#1308,1.314940683112E0);
#1310=CARTESIAN_POINT('',(4.681435713204E0,-6.699690614200E0,1.776499999632E0));
#1311=LINE('',#1310,#1309);
#1312=CARTESIAN_POINT('',(4.187E0,-5.3848E0,-4.2035E0));
#1313=DIRECTION('',(0.E0,1.E0,0.E0));
#1314=DIRECTION('',(1.E0,0.E0,-1.931163888360E-14));
#1315=AXIS2_PLACEMENT_3D('',#1312,#1313,#1314);
#1317=CARTESIAN_POINT('',(4.187E0,-5.799690614199E0,-4.2035E0));
#1318=DIRECTION('',(0.E0,1.E0,0.E0));
#1319=DIRECTION('',(1.E0,0.E0,0.E0));
#1320=AXIS2_PLACEMENT_3D('',#1317,#1318,#1319);
#1322=DIRECTION('',(-1.E0,0.E0,0.E0));
#1323=VECTOR('',#1322,8.38E0);
#1324=CARTESIAN_POINT('',(4.187E0,-5.3848E0,-4.709410589753E0));
#1325=LINE('',#1324,#1323);
#1326=DIRECTION('',(-2.531472737452E-10,9.999619230642E-1,-8.726535498375E-3));
#1327=VECTOR('',#1326,4.149064125642E-1);
#1328=CARTESIAN_POINT('',(-4.192999999895E0,-5.799690614199E0,
-4.705789894216E0));
#1329=LINE('',#1328,#1327);
#1330=DIRECTION('',(-1.E0,-4.307452505221E-10,-4.934908512166E-8));
#1331=VECTOR('',#1330,6.222575482196E-1);
#1332=CARTESIAN_POINT('',(-3.570742451675E0,-5.799690613931E0,
-4.705789863508E0));
#1333=LINE('',#1332,#1331);
#1334=CARTESIAN_POINT('',(-2.628061400949E0,-6.349690606327E0,
-4.700989196469E0));
#1335=CARTESIAN_POINT('',(-2.627798660957E0,-6.331194036445E0,
-4.701149804718E0));
#1336=CARTESIAN_POINT('',(-2.630874052449E0,-6.293504202211E0,
-4.701481250938E0));
#1337=CARTESIAN_POINT('',(-2.647477961836E0,-6.235094427538E0,
-4.701989967639E0));
#1338=CARTESIAN_POINT('',(-2.678232645075E0,-6.174058130079E0,
-4.702522896027E0));
#1339=CARTESIAN_POINT('',(-2.725204170646E0,-6.111446900986E0,
-4.703069222869E0));
#1340=CARTESIAN_POINT('',(-2.788935114391E0,-6.049541025896E0,
-4.703609486872E0));
#1341=CARTESIAN_POINT('',(-2.869875369188E0,-5.989798697276E0,
-4.704130844889E0));
#1342=CARTESIAN_POINT('',(-2.968568711597E0,-5.933706222569E0,
-4.704620358431E0));
#1343=CARTESIAN_POINT('',(-3.086345732292E0,-5.882949409743E0,
-4.705063304088E0));
#1344=CARTESIAN_POINT('',(-3.223815622230E0,-5.840052450837E0,
-4.705437667598E0));
#1345=CARTESIAN_POINT('',(-3.386865392564E0,-5.808339699721E0,
-4.705714393239E0));
#1346=CARTESIAN_POINT('',(-3.507202748419E0,-5.799689516846E0,
-4.705789950214E0));
#1347=CARTESIAN_POINT('',(-3.570742451675E0,-5.799690613931E0,
-4.705789863508E0));
#1349=CARTESIAN_POINT('',(-2.633101711823E0,-6.699690614199E0,
-4.697935713204E0));
#1350=CARTESIAN_POINT('',(-2.632541999362E0,-6.660773105495E0,
-4.698275341157E0));
#1351=CARTESIAN_POINT('',(-2.631422359862E0,-6.582957166916E0,
-4.698954307828E0));
#1352=CARTESIAN_POINT('',(-2.629742256597E0,-6.466290505035E0,
-4.699972994680E0));
#1353=CARTESIAN_POINT('',(-2.628621757892E0,-6.388550875428E0,
-4.700650068038E0));
#1354=CARTESIAN_POINT('',(-2.628061400949E0,-6.349690606327E0,
-4.700989196469E0));
#1356=DIRECTION('',(1.E0,0.E0,0.E0));
#1357=VECTOR('',#1356,5.260203423646E0);
#1358=CARTESIAN_POINT('',(-2.633101711823E0,-6.699690614199E0,
-4.697935713204E0));
#1359=LINE('',#1358,#1357);
#1360=CARTESIAN_POINT('',(2.622061400947E0,-6.349690606253E0,
-4.700989197178E0));
#1361=CARTESIAN_POINT('',(2.622621757889E0,-6.388550875258E0,
-4.700650068748E0));
#1362=CARTESIAN_POINT('',(2.623742256595E0,-6.466290504848E0,
-4.699972994351E0));
#1363=CARTESIAN_POINT('',(2.625422359860E0,-6.582957166761E0,
-4.698954307923E0));
#1364=CARTESIAN_POINT('',(2.626541999361E0,-6.660773105433E0,
-4.698275341158E0));
#1365=CARTESIAN_POINT('',(2.627101711823E0,-6.699690614199E0,
-4.697935713204E0));
#1367=CARTESIAN_POINT('',(3.564742451675E0,-5.799690613931E0,
-4.705789863460E0));
#1368=CARTESIAN_POINT('',(3.501200648634E0,-5.799689522699E0,
-4.705789949711E0));
#1369=CARTESIAN_POINT('',(3.380860394469E0,-5.808340351633E0,
-4.705714387759E0));
#1370=CARTESIAN_POINT('',(3.217813408044E0,-5.840053099407E0,
-4.705437661882E0));
#1371=CARTESIAN_POINT('',(3.080343657751E0,-5.882950158113E0,
-4.705063297572E0));
#1372=CARTESIAN_POINT('',(2.962567402144E0,-5.933706895466E0,
-4.704620352555E0));
#1373=CARTESIAN_POINT('',(2.863874478021E0,-5.989799300707E0,
-4.704130839624E0));
#1374=CARTESIAN_POINT('',(2.782934538097E0,-6.049541499956E0,
-4.703609482734E0));
#1375=CARTESIAN_POINT('',(2.719203828883E0,-6.111447299325E0,
-4.703069219397E0));
#1376=CARTESIAN_POINT('',(2.672232434237E0,-6.174058488670E0,
-4.702522892884E0));
#1377=CARTESIAN_POINT('',(2.641477860632E0,-6.235094716092E0,
-4.701989965172E0));
#1378=CARTESIAN_POINT('',(2.624874068422E0,-6.293504270624E0,
-4.701481250151E0));
#1379=CARTESIAN_POINT('',(2.621798663056E0,-6.331194054334E0,
-4.701149804971E0));
#1380=CARTESIAN_POINT('',(2.622061400947E0,-6.349690606253E0,
-4.700989197178E0));
#1382=DIRECTION('',(-1.E0,4.314018308511E-10,4.942625186588E-8));
#1383=VECTOR('',#1382,6.222575482366E-1);
#1384=CARTESIAN_POINT('',(4.186999999912E0,-5.799690614199E0,
-4.705789894216E0));
#1385=LINE('',#1384,#1383);
#1386=DIRECTION('',(2.123375082646E-10,9.999619230642E-1,-8.726535498373E-3));
#1387=VECTOR('',#1386,4.149064125642E-1);
#1388=CARTESIAN_POINT('',(4.186999999912E0,-5.799690614199E0,
-4.705789894216E0));
#1389=LINE('',#1388,#1387);
#1390=CARTESIAN_POINT('',(-4.193E0,-5.3848E0,-4.2035E0));
#1391=DIRECTION('',(0.E0,1.E0,0.E0));
#1392=DIRECTION('',(-1.931163888360E-14,0.E0,-1.E0));
#1393=AXIS2_PLACEMENT_3D('',#1390,#1391,#1392);
#1395=CARTESIAN_POINT('',(-4.193E0,-5.799690614199E0,-4.2035E0));
#1396=DIRECTION('',(0.E0,1.E0,0.E0));
#1397=DIRECTION('',(0.E0,0.E0,-1.E0));
#1398=AXIS2_PLACEMENT_3D('',#1395,#1396,#1397);
#1400=CARTESIAN_POINT('',(-4.193E0,-5.7962E0,-4.305805124990E0));
#1401=DIRECTION('',(-1.E0,0.E0,0.E0));
#1402=DIRECTION('',(0.E0,-8.726535498373E-3,-9.999619230642E-1));
#1403=AXIS2_PLACEMENT_3D('',#1400,#1401,#1402);
#1405=CARTESIAN_POINT('',(-4.295305124990E0,-5.7962E0,-4.2035E0));
#1406=DIRECTION('',(0.E0,0.E0,1.E0));
#1407=DIRECTION('',(-9.999619230642E-1,-8.726535498373E-3,0.E0));
#1408=AXIS2_PLACEMENT_3D('',#1405,#1406,#1407);
#1410=CARTESIAN_POINT('',(-4.295305124979E0,-5.796200001297E0,
-3.591242658679E0));
#1411=DIRECTION('',(4.899290023681E-10,-5.614030319403E-8,1.E0));
#1412=DIRECTION('',(-9.999619230925E-1,-8.726532256346E-3,0.E0));
#1413=AXIS2_PLACEMENT_3D('',#1410,#1411,#1412);
#1415=CARTESIAN_POINT('',(-4.290505347705E0,-6.346200000037E0,
-2.669456003597E0));
#1416=DIRECTION('',(8.725701430865E-3,-9.998663483942E-1,-1.382560969120E-2));
#1417=DIRECTION('',(-9.999619230642E-1,-8.726535498376E-3,8.548717289614E-14));
#1418=AXIS2_PLACEMENT_3D('',#1415,#1416,#1417);
#1420=CARTESIAN_POINT('',(-4.287450943978E0,-6.6962E0,-2.674289572919E0));
#1421=DIRECTION('',(0.E0,0.E0,1.E0));
#1422=DIRECTION('',(-9.999619230642E-1,-8.726535498373E-3,0.E0));
#1423=AXIS2_PLACEMENT_3D('',#1420,#1421,#1422);
#1425=CARTESIAN_POINT('',(-4.287450943978E0,-6.6962E0,-2.674289572919E0));
#1426=DIRECTION('',(5.346724995895E-1,0.E0,-8.450593577866E-1));
#1427=DIRECTION('',(0.E0,-1.E0,0.E0));
#1428=AXIS2_PLACEMENT_3D('',#1425,#1426,#1427);
#1430=CARTESIAN_POINT('',(-4.287450943978E0,-6.6962E0,-2.674289572919E0));
#1431=DIRECTION('',(-8.725705585765E-3,9.998668244986E-1,1.379113226170E-2));
#1432=DIRECTION('',(-8.450593577871E-1,-2.442490654175E-14,-5.346724995887E-1));
#1433=AXIS2_PLACEMENT_3D('',#1430,#1431,#1432);
#1435=CARTESIAN_POINT('',(-4.287450943978E0,-6.6962E0,1.7765E0));
#1436=DIRECTION('',(0.E0,0.E0,-1.E0));
#1437=DIRECTION('',(0.E0,-1.E0,0.E0));
#1438=AXIS2_PLACEMENT_3D('',#1435,#1436,#1437);
#1440=DIRECTION('',(0.E0,0.E0,1.E0));
#1441=VECTOR('',#1440,4.450780962116E0);
#1442=CARTESIAN_POINT('',(4.281450943978E0,-7.0962E0,-2.674280962116E0));
#1443=LINE('',#1442,#1441);
#1444=CARTESIAN_POINT('',(-3.E-3,-7.0962E0,3.65E-2));
#1445=DIRECTION('',(0.E0,-1.E0,0.E0));
#1446=DIRECTION('',(5.187534050332E-1,0.E0,-8.549239175309E-1));
#1447=AXIS2_PLACEMENT_3D('',#1444,#1445,#1446);
#1449=DIRECTION('',(1.E0,0.E0,0.E0));
#1450=VECTOR('',#1449,5.260188392290E0);
#1451=CARTESIAN_POINT('',(-2.633094187854E0,-7.0962E0,-4.297950943978E0));
#1452=LINE('',#1451,#1450);
#1453=CARTESIAN_POINT('',(-3.E-3,-7.0962E0,3.65E-2));
#1454=DIRECTION('',(0.E0,-1.E0,0.E0));
#1455=DIRECTION('',(-8.450625760622E-1,0.E0,-5.346674130141E-1));
#1456=AXIS2_PLACEMENT_3D('',#1453,#1454,#1455);
#1458=DIRECTION('',(0.E0,0.E0,-1.E0));
#1459=VECTOR('',#1458,4.450780544815E0);
#1460=CARTESIAN_POINT('',(-4.287450943978E0,-7.0962E0,1.7765E0));
#1461=LINE('',#1460,#1459);
#1462=CARTESIAN_POINT('',(-4.193E0,-7.0962E0,1.7765E0));
#1463=DIRECTION('',(0.E0,-1.E0,0.E0));
#1464=DIRECTION('',(0.E0,0.E0,1.E0));
#1465=AXIS2_PLACEMENT_3D('',#1462,#1463,#1464);
#1467=DIRECTION('',(-1.E0,0.E0,0.E0));
#1468=VECTOR('',#1467,8.38E0);
#1469=CARTESIAN_POINT('',(4.187E0,-7.0962E0,1.870950943978E0));
#1470=LINE('',#1469,#1468);
#1471=CARTESIAN_POINT('',(4.187E0,-7.0962E0,1.7765E0));
#1472=DIRECTION('',(0.E0,-1.E0,0.E0));
#1473=DIRECTION('',(1.E0,0.E0,0.E0));
#1474=AXIS2_PLACEMENT_3D('',#1471,#1472,#1473);
#1476=CARTESIAN_POINT('',(-3.E-3,-7.0962E0,-1.2135E0));
#1477=DIRECTION('',(0.E0,-1.E0,0.E0));
#1478=DIRECTION('',(0.E0,0.E0,-1.E0));
#1479=AXIS2_PLACEMENT_3D('',#1476,#1477,#1478);
#1481=CARTESIAN_POINT('',(-3.E-3,-7.0962E0,-1.2135E0));
#1482=DIRECTION('',(0.E0,-1.E0,0.E0));
#1483=DIRECTION('',(0.E0,0.E0,1.E0));
#1484=AXIS2_PLACEMENT_3D('',#1481,#1482,#1483);
#1486=CARTESIAN_POINT('',(3.657E0,-7.0962E0,1.2465E0));
#1487=DIRECTION('',(0.E0,-1.E0,0.E0));
#1488=DIRECTION('',(-1.E0,0.E0,3.261280134836E-13));
#1489=AXIS2_PLACEMENT_3D('',#1486,#1487,#1488);
#1491=CARTESIAN_POINT('',(3.657E0,-7.0962E0,1.2465E0));
#1492=DIRECTION('',(0.E0,-1.E0,0.E0));
#1493=DIRECTION('',(1.E0,0.E0,-3.233524559221E-13));
#1494=AXIS2_PLACEMENT_3D('',#1491,#1492,#1493);
#1496=CARTESIAN_POINT('',(4.281450943978E0,-6.6962E0,1.7765E0));
#1497=DIRECTION('',(0.E0,0.E0,1.E0));
#1498=DIRECTION('',(0.E0,-1.E0,0.E0));
#1499=AXIS2_PLACEMENT_3D('',#1496,#1497,#1498);
#1501=CARTESIAN_POINT('',(4.187E0,-6.6962E0,1.870950943978E0));
#1502=DIRECTION('',(-1.E0,0.E0,0.E0));
#1503=DIRECTION('',(0.E0,-1.E0,0.E0));
#1504=AXIS2_PLACEMENT_3D('',#1501,#1502,#1503);
#1506=CARTESIAN_POINT('',(-4.193E0,-6.6962E0,1.870950943978E0));
#1507=DIRECTION('',(-1.E0,0.E0,0.E0));
#1508=DIRECTION('',(0.E0,-1.E0,0.E0));
#1509=AXIS2_PLACEMENT_3D('',#1506,#1507,#1508);
#1511=CARTESIAN_POINT('',(4.281450943978E0,-6.6962E0,-2.674289572919E0));
#1512=DIRECTION('',(8.725705585674E-3,9.998668244986E-1,1.379113226174E-2));
#1513=DIRECTION('',(9.999619230642E-1,-8.726535498282E-3,0.E0));
#1514=AXIS2_PLACEMENT_3D('',#1511,#1512,#1513);
#1516=CARTESIAN_POINT('',(4.281450943978E0,-6.6962E0,-2.674289572919E0));
#1517=DIRECTION('',(-5.346724995895E-1,0.E0,-8.450593577866E-1));
#1518=DIRECTION('',(8.450593577866E-1,0.E0,-5.346724995895E-1));
#1519=AXIS2_PLACEMENT_3D('',#1516,#1517,#1518);
#1521=CARTESIAN_POINT('',(4.281450943978E0,-6.6962E0,-2.674289572919E0));
#1522=DIRECTION('',(0.E0,0.E0,1.E0));
#1523=DIRECTION('',(0.E0,-1.E0,0.E0));
#1524=AXIS2_PLACEMENT_3D('',#1521,#1522,#1523);
#1526=CARTESIAN_POINT('',(4.284505350917E0,-6.346199631943E0,
-2.669457653079E0));
#1527=DIRECTION('',(8.725701169134E-3,9.998663184027E-1,1.382777866691E-2));
#1528=DIRECTION('',(9.999619225565E-1,-8.726592686688E-3,4.135523174762E-6));
#1529=AXIS2_PLACEMENT_3D('',#1526,#1527,#1528);
#1531=CARTESIAN_POINT('',(4.289305124990E0,-5.7962E0,-3.591242647154E0));
#1532=DIRECTION('',(0.E0,0.E0,-1.E0));
#1533=DIRECTION('',(9.999619230642E-1,-8.726535498373E-3,0.E0));
#1534=AXIS2_PLACEMENT_3D('',#1531,#1532,#1533);
#1536=CARTESIAN_POINT('',(4.289305124990E0,-5.7962E0,-4.2035E0));
#1537=DIRECTION('',(0.E0,0.E0,-1.E0));
#1538=DIRECTION('',(9.999619230642E-1,-8.726535498373E-3,0.E0));
#1539=AXIS2_PLACEMENT_3D('',#1536,#1537,#1538);
#1541=CARTESIAN_POINT('',(4.187E0,-5.7962E0,-4.305805124990E0));
#1542=DIRECTION('',(-1.E0,0.E0,0.E0));
#1543=DIRECTION('',(0.E0,-8.726535498373E-3,-9.999619230642E-1));
#1544=AXIS2_PLACEMENT_3D('',#1541,#1542,#1543);
#1546=CARTESIAN_POINT('',(3.564742423992E0,-5.796199938704E0,
-4.305805125525E0));
#1547=DIRECTION('',(-1.E0,1.597161439967E-7,-1.393823887898E-9));
#1548=DIRECTION('',(-2.220445801787E-14,-8.726688738710E-3,-9.999619217269E-1));
#1549=AXIS2_PLACEMENT_3D('',#1546,#1547,#1548);
#1551=CARTESIAN_POINT('',(2.622061400926E0,-6.346200000019E0,
-4.301005347705E0));
#1552=DIRECTION('',(1.441774278647E-2,-9.998579859665E-1,8.725628453064E-3));
#1553=DIRECTION('',(-9.658940314239E-14,-8.726535498376E-3,-9.999619230642E-1));
#1554=AXIS2_PLACEMENT_3D('',#1551,#1552,#1553);
#1556=CARTESIAN_POINT('',(2.627101711769E0,-6.6962E0,-4.297950943978E0));
#1557=DIRECTION('',(-1.437998723812E-2,9.998585296392E-1,-8.725633197624E-3));
#1558=DIRECTION('',(5.187577340755E-1,-3.330669073875E-14,-8.549212907261E-1));
#1559=AXIS2_PLACEMENT_3D('',#1556,#1557,#1558);
#1561=CARTESIAN_POINT('',(2.627101711768E0,-6.6962E0,-4.297950943978E0));
#1562=DIRECTION('',(-1.E0,0.E0,0.E0));
#1563=DIRECTION('',(0.E0,-8.726535498373E-3,-9.999619230642E-1));
#1564=AXIS2_PLACEMENT_3D('',#1561,#1562,#1563);
#1566=CARTESIAN_POINT('',(2.627101711768E0,-6.6962E0,-4.297950943978E0));
#1567=DIRECTION('',(8.549212907255E-1,0.E0,5.187577340766E-1));
#1568=DIRECTION('',(0.E0,-1.E0,0.E0));
#1569=AXIS2_PLACEMENT_3D('',#1566,#1567,#1568);
#1571=CARTESIAN_POINT('',(-2.633101711768E0,-6.6962E0,-4.297950943978E0));
#1572=DIRECTION('',(1.437998723817E-2,9.998585296392E-1,-8.725633197520E-3));
#1573=DIRECTION('',(0.E0,-8.726535498269E-3,-9.999619230642E-1));
#1574=AXIS2_PLACEMENT_3D('',#1571,#1572,#1573);
#1576=CARTESIAN_POINT('',(-2.633101711768E0,-6.6962E0,-4.297950943978E0));
#1577=DIRECTION('',(-8.549212907255E-1,0.E0,5.187577340766E-1));
#1578=DIRECTION('',(-5.187577340766E-1,0.E0,-8.549212907255E-1));
#1579=AXIS2_PLACEMENT_3D('',#1576,#1577,#1578);
#1581=CARTESIAN_POINT('',(-2.633101711768E0,-6.6962E0,-4.297950943978E0));
#1582=DIRECTION('',(1.E0,0.E0,0.E0));
#1583=DIRECTION('',(0.E0,-1.E0,0.E0));
#1584=AXIS2_PLACEMENT_3D('',#1581,#1582,#1583);
#1586=CARTESIAN_POINT('',(-2.628063162510E0,-6.346199826551E0,
-4.301005349219E0));
#1587=DIRECTION('',(1.441835011066E-2,9.998579772095E-1,-8.725628376643E-3));
#1588=DIRECTION('',(4.409174608699E-6,-8.726599075500E-3,-9.999619224996E-1));
#1589=AXIS2_PLACEMENT_3D('',#1586,#1587,#1588);
#1591=CARTESIAN_POINT('',(-3.570742451676E0,-5.7962E0,-4.305805124990E0));
#1592=DIRECTION('',(-1.E0,0.E0,0.E0));
#1593=DIRECTION('',(0.E0,-8.726535498373E-3,-9.999619230642E-1));
#1594=AXIS2_PLACEMENT_3D('',#1591,#1592,#1593);
#1596=DIRECTION('',(-1.E0,-1.964383870411E-14,0.E0));
#1597=VECTOR('',#1596,4.521409654591E-2);
#1598=CARTESIAN_POINT('',(-3.662805322691E0,-6.1962E0,-4.2285E0));
#1599=LINE('',#1598,#1597);
#1600=CARTESIAN_POINT('',(-3.E-3,-6.1962E0,3.65E-2));
#1601=DIRECTION('',(0.E0,-1.E0,0.E0));
#1602=DIRECTION('',(-6.512109115109E-1,0.E0,-7.588967971530E-1));
#1603=AXIS2_PLACEMENT_3D('',#1600,#1601,#1602);
#1605=DIRECTION('',(-1.E0,-6.768512429193E-9,0.E0));
#1606=VECTOR('',#1605,6.222575636065E-1);
#1607=CARTESIAN_POINT('',(-3.570742436394E0,-6.196199995788E0,
-4.305805124990E0));
#1608=LINE('',#1607,#1606);
#1609=CARTESIAN_POINT('',(-4.193E0,-6.1962E0,-4.2035E0));
#1610=DIRECTION('',(0.E0,1.E0,0.E0));
#1611=DIRECTION('',(0.E0,0.E0,-1.E0));
#1612=AXIS2_PLACEMENT_3D('',#1609,#1610,#1611);
#1614=DIRECTION('',(0.E0,-1.444104919654E-10,1.E0));
#1615=VECTOR('',#1614,6.122573513946E-1);
#1616=CARTESIAN_POINT('',(-4.295305124990E0,-6.1962E0,-4.2035E0));
#1617=LINE('',#1616,#1615);
#1618=CARTESIAN_POINT('',(-3.E-3,-6.1962E0,3.65E-2));
#1619=DIRECTION('',(0.E0,-1.E0,0.E0));
#1620=DIRECTION('',(-7.637553598095E-1,0.E0,-6.455058097045E-1));
#1621=AXIS2_PLACEMENT_3D('',#1618,#1619,#1620);
#1623=DIRECTION('',(0.E0,0.E0,-1.E0));
#1624=VECTOR('',#1623,3.773882719152E-2);
#1625=CARTESIAN_POINT('',(-4.218E0,-6.1962E0,-3.680780592046E0));
#1626=LINE('',#1625,#1624);
#1627=CARTESIAN_POINT('',(-4.218E0,-6.1962E0,-3.718519419237E0));
#1628=CARTESIAN_POINT('',(-4.218E0,-6.1962E0,-3.756587354265E0));
#1629=CARTESIAN_POINT('',(-4.209404057102E0,-6.1962E0,-3.832997179201E0));
#1630=CARTESIAN_POINT('',(-4.171368990982E0,-6.1962E0,-3.941650906191E0));
#1631=CARTESIAN_POINT('',(-4.110099410667E0,-6.1962E0,-4.039172701834E0));
#1632=CARTESIAN_POINT('',(-4.028672718801E0,-6.1962E0,-4.120599397516E0));
#1633=CARTESIAN_POINT('',(-3.931150920269E0,-6.1962E0,-4.181868984968E0));
#1634=CARTESIAN_POINT('',(-3.822497186393E0,-6.1962E0,-4.219904056082E0));
#1635=CARTESIAN_POINT('',(-3.746087356117E0,-6.1962E0,-4.2285E0));
#1636=CARTESIAN_POINT('',(-3.708019419237E0,-6.1962E0,-4.2285E0));
#1638=DIRECTION('',(0.E0,-1.E0,0.E0));
#1639=VECTOR('',#1638,1.9E-1);
#1640=CARTESIAN_POINT('',(-3.708019419237E0,-6.1962E0,-4.2285E0));
#1641=LINE('',#1640,#1639);
#1642=DIRECTION('',(0.E0,-1.E0,0.E0));
#1643=VECTOR('',#1642,1.9E-1);
#1644=CARTESIAN_POINT('',(-4.218E0,-6.1962E0,-3.718519419237E0));
#1645=LINE('',#1644,#1643);
#1646=CARTESIAN_POINT('',(-4.218E0,-6.3462E0,-3.449855546986E0));
#1647=CARTESIAN_POINT('',(-4.218E0,-6.337975957822E0,-3.449855546986E0));
#1648=CARTESIAN_POINT('',(-4.218E0,-6.321485840907E0,-3.451950186703E0));
#1649=CARTESIAN_POINT('',(-4.218E0,-6.296386283708E0,-3.461912721842E0));
#1650=CARTESIAN_POINT('',(-4.218E0,-6.271628210697E0,-3.479392606540E0));
#1651=CARTESIAN_POINT('',(-4.218E0,-6.248326938284E0,-3.504722786068E0));
#1652=CARTESIAN_POINT('',(-4.218E0,-6.227873908358E0,-3.537425689858E0));
#1653=CARTESIAN_POINT('',(-4.218E0,-6.211176753971E0,-3.577427592704E0));
#1654=CARTESIAN_POINT('',(-4.218E0,-6.199481708352E0,-3.624705549853E0));
#1655=CARTESIAN_POINT('',(-4.218E0,-6.1962E0,-3.661257040482E0));
#1656=CARTESIAN_POINT('',(-4.218E0,-6.1962E0,-3.680780592046E0));
#1658=CARTESIAN_POINT('',(-4.295305124990E0,-6.196200000088E0,
-3.591242648605E0));
#1659=CARTESIAN_POINT('',(-4.307231572499E0,-6.196200008272E0,
-3.568064809755E0));
#1660=CARTESIAN_POINT('',(-4.329984088018E0,-6.196881352177E0,
-3.523484097012E0));
#1661=CARTESIAN_POINT('',(-4.360830471191E0,-6.199338367016E0,
-3.462201485781E0));
#1662=CARTESIAN_POINT('',(-4.388804701471E0,-6.202822345958E0,
-3.405845050693E0));
#1663=CARTESIAN_POINT('',(-4.414222845182E0,-6.207049185495E0,
-3.353980195435E0));
#1664=CARTESIAN_POINT('',(-4.437340271225E0,-6.211819935075E0,
-3.306212733039E0));
#1665=CARTESIAN_POINT('',(-4.458391458598E0,-6.216988457140E0,
-3.262200068150E0));
#1666=CARTESIAN_POINT('',(-4.477573524160E0,-6.222444960560E0,
-3.221649583352E0));
#1667=CARTESIAN_POINT('',(-4.495058636449E0,-6.228117747691E0,
-3.184280346426E0));
#1668=CARTESIAN_POINT('',(-4.511011689480E0,-6.233938468406E0,
-3.149859596201E0));
#1669=CARTESIAN_POINT('',(-4.525556970302E0,-6.239881084737E0,
-3.118156495268E0));
#1670=CARTESIAN_POINT('',(-4.538835178844E0,-6.245897843942E0,
-3.088980581374E0));
#1671=CARTESIAN_POINT('',(-4.550935775113E0,-6.251995037795E0,
-3.062140080981E0));
#1672=CARTESIAN_POINT('',(-4.561977068324E0,-6.258134720176E0,
-3.037483183740E0));
#1673=CARTESIAN_POINT('',(-4.572024057133E0,-6.264349634454E0,
-3.014848250084E0));
#1674=CARTESIAN_POINT('',(-4.581173647323E0,-6.270610288549E0,
-2.994117112865E0));
#1675=CARTESIAN_POINT('',(-4.589472589627E0,-6.276969934138E0,
-2.975160543343E0));
#1676=CARTESIAN_POINT('',(-4.596987252904E0,-6.283413762124E0,
-2.957904583017E0));
#1677=CARTESIAN_POINT('',(-4.603761439832E0,-6.290012329963E0,
-2.942239979010E0));
#1678=CARTESIAN_POINT('',(-4.609828006053E0,-6.296803207348E0,
-2.928127804698E0));
#1679=CARTESIAN_POINT('',(-4.615210350417E0,-6.303855942061E0,
-2.915538259954E0));
#1680=CARTESIAN_POINT('',(-4.619849371927E0,-6.311263994710E0,
-2.904592715292E0));
#1681=CARTESIAN_POINT('',(-4.623780962830E0,-6.319151480256E0,
-2.895280123354E0));
#1682=CARTESIAN_POINT('',(-4.626813636006E0,-6.327893272065E0,
-2.887967487575E0));
#1683=CARTESIAN_POINT('',(-4.628633087905E0,-6.337059902708E0,
-2.883507000012E0));
#1684=CARTESIAN_POINT('',(-4.628875587867E0,-6.343145360305E0,
-2.882776804927E0));
#1685=CARTESIAN_POINT('',(-4.628770129801E0,-6.346200000005E0,
-2.882943694850E0));
#1687=DIRECTION('',(-2.220446049250E-14,-1.E0,0.E0));
#1688=VECTOR('',#1687,4.000000000001E-2);
#1689=CARTESIAN_POINT('',(-3.428007299262E0,-6.3462E0,-4.2285E0));
#1690=LINE('',#1689,#1688);
#1691=CARTESIAN_POINT('',(-3.E-3,-6.3862E0,3.65E-2));
#1692=DIRECTION('',(0.E0,-1.E0,0.E0));
#1693=DIRECTION('',(-7.705667276051E-1,0.E0,-6.373593321729E-1));
#1694=AXIS2_PLACEMENT_3D('',#1691,#1692,#1693);
#1696=DIRECTION('',(-2.220446049250E-14,-1.E0,-2.220446049250E-14));
#1697=VECTOR('',#1696,4.E-2);
#1698=CARTESIAN_POINT('',(-4.218E0,-6.3462E0,-3.449855546986E0));
#1699=LINE('',#1698,#1697);
#1700=CARTESIAN_POINT('',(-3.E-3,-6.3462E0,3.65E-2));
#1701=DIRECTION('',(0.E0,-1.E0,0.E0));
#1702=DIRECTION('',(-8.456618042810E-1,0.E0,-5.337191328593E-1));
#1703=AXIS2_PLACEMENT_3D('',#1700,#1701,#1702);
#1705=CARTESIAN_POINT('',(-4.628770129801E0,-6.346200000005E0,
-2.882943694850E0));
#1706=CARTESIAN_POINT('',(-4.628404258041E0,-6.385058955791E0,
-2.883523407575E0));
#1707=CARTESIAN_POINT('',(-4.627672238066E0,-6.462796822760E0,
-2.884682591943E0));
#1708=CARTESIAN_POINT('',(-4.626573813538E0,-6.579463489441E0,
-2.886420919944E0));
#1709=CARTESIAN_POINT('',(-4.625841122490E0,-6.657281178013E0,
-2.887579415118E0));
#1710=CARTESIAN_POINT('',(-4.625474687067E0,-6.6962E0,-2.888158572796E0));
#1712=CARTESIAN_POINT('',(-3.E-3,-6.6962E0,3.65E-2));
#1713=DIRECTION('',(0.E0,-1.E0,0.E0));
#1714=DIRECTION('',(-8.450593577675E-1,0.E0,-5.346724996197E-1));
#1715=AXIS2_PLACEMENT_3D('',#1712,#1713,#1714);
#1717=CARTESIAN_POINT('',(-2.840604805449E0,-6.6962E0,-4.639919460238E0));
#1718=CARTESIAN_POINT('',(-2.840000884028E0,-6.657279256986E0,
-4.640285913748E0));
#1719=CARTESIAN_POINT('',(-2.838792848135E0,-6.579459007044E0,
-4.641018629256E0));
#1720=CARTESIAN_POINT('',(-2.836980169375E0,-6.462792340365E0,
-4.642117052263E0));
#1721=CARTESIAN_POINT('',(-2.835771391218E0,-6.385057034765E0,
-4.642849051835E0));
#1722=CARTESIAN_POINT('',(-2.835166874972E0,-6.346200000006E0,
-4.643214905508E0));
#1724=CARTESIAN_POINT('',(-3.E-3,-6.3462E0,3.65E-2));
#1725=DIRECTION('',(0.E0,-1.E0,0.E0));
#1726=DIRECTION('',(-6.261439303953E-1,0.E0,-7.797074954296E-1));
#1727=AXIS2_PLACEMENT_3D('',#1724,#1725,#1726);
#1729=DIRECTION('',(-1.E0,0.E0,0.E0));
#1730=VECTOR('',#1729,2.800121199750E-1);
#1731=CARTESIAN_POINT('',(-3.428007299262E0,-6.3862E0,-4.2285E0));
#1732=LINE('',#1731,#1730);
#1733=CARTESIAN_POINT('',(-3.708019419237E0,-6.3862E0,-4.2285E0));
#1734=CARTESIAN_POINT('',(-3.746087356117E0,-6.3862E0,-4.2285E0));
#1735=CARTESIAN_POINT('',(-3.822497186393E0,-6.3862E0,-4.219904056082E0));
#1736=CARTESIAN_POINT('',(-3.931150920269E0,-6.3862E0,-4.181868984968E0));
#1737=CARTESIAN_POINT('',(-4.028672718801E0,-6.3862E0,-4.120599397516E0));
#1738=CARTESIAN_POINT('',(-4.110099410667E0,-6.3862E0,-4.039172701834E0));
#1739=CARTESIAN_POINT('',(-4.171368990982E0,-6.3862E0,-3.941650906191E0));
#1740=CARTESIAN_POINT('',(-4.209404057102E0,-6.3862E0,-3.832997179201E0));
#1741=CARTESIAN_POINT('',(-4.218E0,-6.3862E0,-3.756587354265E0));
#1742=CARTESIAN_POINT('',(-4.218E0,-6.3862E0,-3.718519419237E0));
#1744=DIRECTION('',(0.E0,0.E0,1.E0));
#1745=VECTOR('',#1744,2.686638722513E-1);
#1746=CARTESIAN_POINT('',(-4.218E0,-6.3862E0,-3.718519419237E0));
#1747=LINE('',#1746,#1745);
#1748=CARTESIAN_POINT('',(-3.662805322691E0,-6.1962E0,-4.2285E0));
#1749=CARTESIAN_POINT('',(-3.643023728365E0,-6.1962E0,-4.2285E0));
#1750=CARTESIAN_POINT('',(-3.605981153688E0,-6.199466320788E0,-4.2285E0));
#1751=CARTESIAN_POINT('',(-3.558059819449E0,-6.211095866930E0,-4.2285E0));
#1752=CARTESIAN_POINT('',(-3.517454664984E0,-6.227705634525E0,-4.2285E0));
#1753=CARTESIAN_POINT('',(-3.484182729124E0,-6.248078420342E0,-4.2285E0));
#1754=CARTESIAN_POINT('',(-3.458322404588E0,-6.271343784555E0,-4.2285E0));
#1755=CARTESIAN_POINT('',(-3.440393023331E0,-6.296160867669E0,-4.2285E0));
#1756=CARTESIAN_POINT('',(-3.430152964121E0,-6.321392637022E0,-4.2285E0));
#1757=CARTESIAN_POINT('',(-3.428007299262E0,-6.337945021045E0,-4.2285E0));
#1758=CARTESIAN_POINT('',(-3.428007299262E0,-6.3462E0,-4.2285E0));
#1760=CARTESIAN_POINT('',(-2.835166874972E0,-6.346200000006E0,
-4.643214905508E0));
#1761=CARTESIAN_POINT('',(-2.834992138124E0,-6.343153843311E0,
-4.643320725025E0));
#1762=CARTESIAN_POINT('',(-2.835746218433E0,-6.337091366956E0,
-4.643078131465E0));
#1763=CARTESIAN_POINT('',(-2.840409198635E0,-6.327928474672E0,
-4.641238530638E0));
#1764=CARTESIAN_POINT('',(-2.847960590990E0,-6.319303582805E0,
-4.638206122409E0));
#1765=CARTESIAN_POINT('',(-2.857465669806E0,-6.311534080948E0,
-4.634331411546E0));
#1766=CARTESIAN_POINT('',(-2.868700733317E0,-6.304211187610E0,
-4.629725072419E0));
#1767=CARTESIAN_POINT('',(-2.881575517699E0,-6.297257078459E0,
-4.624399063597E0));
#1768=CARTESIAN_POINT('',(-2.896015476685E0,-6.290530262590E0,
-4.618400697177E0));
#1769=CARTESIAN_POINT('',(-2.912044556930E0,-6.284019479090E0,
-4.611683895774E0));
#1770=CARTESIAN_POINT('',(-2.929743839534E0,-6.277603852934E0,
-4.604235242112E0));
#1771=CARTESIAN_POINT('',(-2.949191331368E0,-6.271307316536E0,
-4.595978297071E0));
#1772=CARTESIAN_POINT('',(-2.970498094785E0,-6.265054341399E0,
-4.586883349523E0));
#1773=CARTESIAN_POINT('',(-2.993782207195E0,-6.258874005792E0,
-4.576853860147E0));
#1774=CARTESIAN_POINT('',(-3.019196085760E0,-6.252721061157E0,
-4.565833119304E0));
#1775=CARTESIAN_POINT('',(-3.046889862587E0,-6.246627177318E0,
-4.553708893679E0));
#1776=CARTESIAN_POINT('',(-3.077048636490E0,-6.240576667386E0,
-4.540396362592E0));
#1777=CARTESIAN_POINT('',(-3.109860495068E0,-6.234605304174E0,
-4.525765167502E0));
#1778=CARTESIAN_POINT('',(-3.145550078216E0,-6.228729212611E0,
-4.509692692856E0));
#1779=CARTESIAN_POINT('',(-3.184348342162E0,-6.222995951795E0,
-4.492029341359E0));
#1780=CARTESIAN_POINT('',(-3.226524526107E0,-6.217462732515E0,
-4.472604525899E0));
#1781=CARTESIAN_POINT('',(-3.272367325609E0,-6.212206819997E0,
-4.451238929202E0));
#1782=CARTESIAN_POINT('',(-3.322206589271E0,-6.207342212136E0,
-4.427705556635E0));
#1783=CARTESIAN_POINT('',(-3.376408662247E0,-6.203015664814E0,
-4.401768615739E0));
#1784=CARTESIAN_POINT('',(-3.435382265086E0,-6.199439475864E0,
-4.373144993811E0));
#1785=CARTESIAN_POINT('',(-3.499598534088E0,-6.196906614695E0,
-4.341505164920E0));
#1786=CARTESIAN_POINT('',(-3.546395451900E0,-6.196199911100E0,
-4.318093443542E0));
#1787=CARTESIAN_POINT('',(-3.570742436394E0,-6.196199995788E0,
-4.305805124990E0));
#1789=DIRECTION('',(2.220446049250E-14,-1.E0,0.E0));
#1790=VECTOR('',#1789,4.E-2);
#1791=CARTESIAN_POINT('',(4.212E0,-6.3462E0,-3.449855546986E0));
#1792=LINE('',#1791,#1790);
#1793=CARTESIAN_POINT('',(-3.E-3,-6.3862E0,3.65E-2));
#1794=DIRECTION('',(0.E0,-1.E0,0.E0));
#1795=DIRECTION('',(6.261439303953E-1,0.E0,-7.797074954296E-1));
#1796=AXIS2_PLACEMENT_3D('',#1793,#1794,#1795);
#1798=DIRECTION('',(6.661338147750E-14,-1.E0,0.E0));
#1799=VECTOR('',#1798,4.E-2);
#1800=CARTESIAN_POINT('',(3.422007299262E0,-6.3462E0,-4.2285E0));
#1801=LINE('',#1800,#1799);
#1802=CARTESIAN_POINT('',(-3.E-3,-6.3462E0,3.65E-2));
#1803=DIRECTION('',(0.E0,-1.E0,0.E0));
#1804=DIRECTION('',(5.177635899262E-1,0.E0,-8.555237372199E-1));
#1805=AXIS2_PLACEMENT_3D('',#1802,#1803,#1804);
#1807=CARTESIAN_POINT('',(2.829166874937E0,-6.346200000003E0,
-4.643214905449E0));
#1808=CARTESIAN_POINT('',(2.829771391183E0,-6.385057034743E0,
-4.642849051777E0));
#1809=CARTESIAN_POINT('',(2.830980169391E0,-6.462792340322E0,
-4.642117052291E0));
#1810=CARTESIAN_POINT('',(2.832792848130E0,-6.579459007003E0,
-4.641018629249E0));
#1811=CARTESIAN_POINT('',(2.834000884028E0,-6.657279256969E0,
-4.640285913748E0));
#1812=CARTESIAN_POINT('',(2.834604805449E0,-6.6962E0,-4.639919460238E0));
#1814=CARTESIAN_POINT('',(-3.E-3,-6.6962E0,3.65E-2));
#1815=DIRECTION('',(0.E0,-1.E0,0.E0));
#1816=DIRECTION('',(5.187577341133E-1,0.E0,-8.549212907032E-1));
#1817=AXIS2_PLACEMENT_3D('',#1814,#1815,#1816);
#1819=CARTESIAN_POINT('',(4.619474687067E0,-6.6962E0,-2.888158572796E0));
#1820=CARTESIAN_POINT('',(4.619841122489E0,-6.657281178062E0,
-2.887579415119E0));
#1821=CARTESIAN_POINT('',(4.620573813543E0,-6.579463489554E0,
-2.886420919950E0));
#1822=CARTESIAN_POINT('',(4.621672238045E0,-6.462796822877E0,
-2.884682591932E0));
#1823=CARTESIAN_POINT('',(4.622404258084E0,-6.385058955847E0,
-2.883523407604E0));
#1824=CARTESIAN_POINT('',(4.622770129845E0,-6.346200000010E0,
-2.882943694878E0));
#1826=CARTESIAN_POINT('',(-3.E-3,-6.3462E0,3.65E-2));
#1827=DIRECTION('',(0.E0,-1.E0,0.E0));
#1828=DIRECTION('',(7.705667276051E-1,0.E0,-6.373593321729E-1));
#1829=AXIS2_PLACEMENT_3D('',#1826,#1827,#1828);
#1831=DIRECTION('',(0.E0,-2.353487073651E-14,-1.E0));
#1832=VECTOR('',#1831,3.773882719152E-2);
#1833=CARTESIAN_POINT('',(4.212E0,-6.1962E0,-3.680780592046E0));
#1834=LINE('',#1833,#1832);
#1835=CARTESIAN_POINT('',(-3.E-3,-6.1962E0,3.65E-2));
#1836=DIRECTION('',(0.E0,-1.E0,0.E0));
#1837=DIRECTION('',(7.5E-1,0.E0,-6.614378277661E-1));
#1838=AXIS2_PLACEMENT_3D('',#1835,#1836,#1837);
#1840=DIRECTION('',(0.E0,1.556255590838E-10,-1.E0));
#1841=VECTOR('',#1840,6.122573518639E-1);
#1842=CARTESIAN_POINT('',(4.289305124990E0,-6.196200000095E0,
-3.591242648136E0));
#1843=LINE('',#1842,#1841);
#1844=CARTESIAN_POINT('',(4.187E0,-6.1962E0,-4.2035E0));
#1845=DIRECTION('',(0.E0,1.E0,0.E0));
#1846=DIRECTION('',(1.E0,0.E0,0.E0));
#1847=AXIS2_PLACEMENT_3D('',#1844,#1845,#1846);
#1849=DIRECTION('',(-1.E0,6.716374295031E-9,0.E0));
#1850=VECTOR('',#1849,6.222575586961E-1);
#1851=CARTESIAN_POINT('',(4.187E0,-6.1962E0,-4.305805124990E0));
#1852=LINE('',#1851,#1850);
#1853=CARTESIAN_POINT('',(-3.E-3,-6.1962E0,3.65E-2));
#1854=DIRECTION('',(0.E0,-1.E0,0.E0));
#1855=DIRECTION('',(6.348296133289E-1,0.E0,-7.726521610923E-1));
#1856=AXIS2_PLACEMENT_3D('',#1853,#1854,#1855);
#1858=DIRECTION('',(-1.E0,0.E0,0.E0));
#1859=VECTOR('',#1858,4.521409654591E-2);
#1860=CARTESIAN_POINT('',(3.702019419237E0,-6.1962E0,-4.2285E0));
#1861=LINE('',#1860,#1859);
#1862=CARTESIAN_POINT('',(3.702019419237E0,-6.1962E0,-4.2285E0));
#1863=CARTESIAN_POINT('',(3.740087354265E0,-6.1962E0,-4.2285E0));
#1864=CARTESIAN_POINT('',(3.816497179201E0,-6.1962E0,-4.219904057102E0));
#1865=CARTESIAN_POINT('',(3.925150906191E0,-6.1962E0,-4.181868990982E0));
#1866=CARTESIAN_POINT('',(4.022672701834E0,-6.1962E0,-4.120599410667E0));
#1867=CARTESIAN_POINT('',(4.104099397516E0,-6.1962E0,-4.039172718801E0));
#1868=CARTESIAN_POINT('',(4.165368984968E0,-6.1962E0,-3.941650920269E0));
#1869=CARTESIAN_POINT('',(4.203404056082E0,-6.1962E0,-3.832997186393E0));
#1870=CARTESIAN_POINT('',(4.212E0,-6.1962E0,-3.756587356117E0));
#1871=CARTESIAN_POINT('',(4.212E0,-6.1962E0,-3.718519419237E0));
#1873=CARTESIAN_POINT('',(4.212E0,-6.1962E0,-3.680780592046E0));
#1874=CARTESIAN_POINT('',(4.212E0,-6.1962E0,-3.661257053213E0));
#1875=CARTESIAN_POINT('',(4.212E0,-6.199481706397E0,-3.624705558039E0));
#1876=CARTESIAN_POINT('',(4.212E0,-6.211176760975E0,-3.577427543963E0));
#1877=CARTESIAN_POINT('',(4.212E0,-6.227874031908E0,-3.537425416588E0));
#1878=CARTESIAN_POINT('',(4.212E0,-6.248327206552E0,-3.504722422181E0));
#1879=CARTESIAN_POINT('',(4.212E0,-6.271628603734E0,-3.479392225843E0));
#1880=CARTESIAN_POINT('',(4.212E0,-6.296386996664E0,-3.461912334910E0));
#1881=CARTESIAN_POINT('',(4.212E0,-6.321486191429E0,-3.451950136102E0));
#1882=CARTESIAN_POINT('',(4.212E0,-6.337976096537E0,-3.449855546986E0));
#1883=CARTESIAN_POINT('',(4.212E0,-6.3462E0,-3.449855546986E0));
#1885=CARTESIAN_POINT('',(4.622770129845E0,-6.346200000010E0,
-2.882943694878E0));
#1886=CARTESIAN_POINT('',(4.622875592942E0,-6.343145225444E0,
-2.882776797058E0));
#1887=CARTESIAN_POINT('',(4.622633067443E0,-6.337059495554E0,
-2.883507060598E0));
#1888=CARTESIAN_POINT('',(4.620813413169E0,-6.327892364050E0,
-2.887968031713E0));
#1889=CARTESIAN_POINT('',(4.617780448335E0,-6.319150239387E0,
-2.895281350552E0));
#1890=CARTESIAN_POINT('',(4.613848556832E0,-6.311262534610E0,
-2.904594636112E0));
#1891=CARTESIAN_POINT('',(4.609209147662E0,-6.303854159580E0,
-2.915541103546E0));
#1892=CARTESIAN_POINT('',(4.603826331624E0,-6.296801218310E0,
-2.928131679893E0));
#1893=CARTESIAN_POINT('',(4.597759296663E0,-6.290010034949E0,
-2.942244987369E0));
#1894=CARTESIAN_POINT('',(4.590984502958E0,-6.283411295327E0,
-2.957910875492E0));
#1895=CARTESIAN_POINT('',(4.583469224044E0,-6.276967152461E0,
-2.975168295646E0));
#1896=CARTESIAN_POINT('',(4.575169502942E0,-6.270607316838E0,
-2.994126504894E0));
#1897=CARTESIAN_POINT('',(4.566019112611E0,-6.264346377680E0,
-3.014859460568E0));
#1898=CARTESIAN_POINT('',(4.555971149705E0,-6.258131261925E0,
-3.037496435175E0));
#1899=CARTESIAN_POINT('',(4.544928810857E0,-6.251991320328E0,
-3.062155614874E0));
#1900=CARTESIAN_POINT('',(4.532826971474E0,-6.245893925680E0,
-3.088998683659E0));
#1901=CARTESIAN_POINT('',(4.519547432639E0,-6.239876953252E0,
-3.118177401188E0));
#1902=CARTESIAN_POINT('',(4.505000607153E0,-6.233934187653E0,
-3.149883612675E0));
#1903=CARTESIAN_POINT('',(4.489045796202E0,-6.228113297034E0,
-3.184307960817E0));
#1904=CARTESIAN_POINT('',(4.471558613897E0,-6.222440425359E0,
-3.221681249326E0));
#1905=CARTESIAN_POINT('',(4.452374598960E0,-6.216983965751E0,
-3.262235564987E0));
#1906=CARTESIAN_POINT('',(4.431320971825E0,-6.211815564301E0,
-3.306252808194E0));
#1907=CARTESIAN_POINT('',(4.408199425203E0,-6.207044774361E0,
-3.354028348157E0));
#1908=CARTESIAN_POINT('',(4.382778633349E0,-6.202818567454E0,
-3.405897880810E0));
#1909=CARTESIAN_POINT('',(4.354806634828E0,-6.199336016207E0,
-3.462249117974E0));
#1910=CARTESIAN_POINT('',(4.323968073531E0,-6.196880660742E0,
-3.523515585323E0));
#1911=CARTESIAN_POINT('',(4.301225461307E0,-6.196200008342E0,
-3.568076690655E0));
#1912=CARTESIAN_POINT('',(4.289305124990E0,-6.196200000095E0,
-3.591242648136E0));
#1914=CARTESIAN_POINT('',(3.422007299262E0,-6.3462E0,-4.2285E0));
#1915=CARTESIAN_POINT('',(3.422007299262E0,-6.337944890473E0,-4.2285E0));
#1916=CARTESIAN_POINT('',(3.424153011199E0,-6.321392307130E0,-4.2285E0));
#1917=CARTESIAN_POINT('',(3.434393405882E0,-6.296160178979E0,-4.2285E0));
#1918=CARTESIAN_POINT('',(3.452322771568E0,-6.271343415270E0,-4.2285E0));
#1919=CARTESIAN_POINT('',(3.478183082942E0,-6.248078164974E0,-4.2285E0));
#1920=CARTESIAN_POINT('',(3.511454922203E0,-6.227705520970E0,-4.2285E0));
#1921=CARTESIAN_POINT('',(3.552059870617E0,-6.211095858642E0,-4.2285E0));
#1922=CARTESIAN_POINT('',(3.599981144329E0,-6.199466323186E0,-4.2285E0));
#1923=CARTESIAN_POINT('',(3.637023715663E0,-6.1962E0,-4.2285E0));
#1924=CARTESIAN_POINT('',(3.656805322691E0,-6.1962E0,-4.2285E0));
#1926=CARTESIAN_POINT('',(3.564742441304E0,-6.196199995821E0,
-4.305805124990E0));
#1927=CARTESIAN_POINT('',(3.540380276389E0,-6.196199911529E0,
-4.318101101348E0));
#1928=CARTESIAN_POINT('',(3.493557757824E0,-6.196907479566E0,
-4.341525500300E0));
#1929=CARTESIAN_POINT('',(3.429317118631E0,-6.199442616033E0,
-4.373176886258E0));
#1930=CARTESIAN_POINT('',(3.370334074805E0,-6.203020886314E0,
-4.401804591312E0));
#1931=CARTESIAN_POINT('',(3.316137973370E0,-6.207348346824E0,
-4.427738144422E0));
#1932=CARTESIAN_POINT('',(3.266307805512E0,-6.212213168141E0,
-4.451266839182E0));
#1933=CARTESIAN_POINT('',(3.220472083467E0,-6.217469196021E0,
-4.472628820342E0));
#1934=CARTESIAN_POINT('',(3.178302467947E0,-6.223002377627E0,
-4.492050323958E0));
#1935=CARTESIAN_POINT('',(3.139510070617E0,-6.228735461393E0,
-4.509710823520E0));
#1936=CARTESIAN_POINT('',(3.103825701765E0,-6.234611358793E0,
-4.525780736185E0));
#1937=CARTESIAN_POINT('',(3.071018511042E0,-6.240582428767E0,
-4.540409736828E0));
#1938=CARTESIAN_POINT('',(3.040863928302E0,-6.246632651794E0,
-4.553720278745E0));
#1939=CARTESIAN_POINT('',(3.013173879670E0,-6.252726192270E0,
-4.565842798457E0));
#1940=CARTESIAN_POINT('',(2.987763340241E0,-6.258878809485E0,
-4.576862004136E0));
#1941=CARTESIAN_POINT('',(2.964482182549E0,-6.265058788862E0,
-4.586890173857E0));
#1942=CARTESIAN_POINT('',(2.943178066499E0,-6.271311424824E0,
-4.595983936699E0));
#1943=CARTESIAN_POINT('',(2.923732900984E0,-6.277607606188E0,
-4.604239867054E0));
#1944=CARTESIAN_POINT('',(2.906035719809E0,-6.284022891390E0,
-4.611687600398E0));
#1945=CARTESIAN_POINT('',(2.890008453566E0,-6.290533321626E0,
-4.618403629576E0));
#1946=CARTESIAN_POINT('',(2.875570120384E0,-6.297259811563E0,
-4.624401295095E0));
#1947=CARTESIAN_POINT('',(2.862696733940E0,-6.304213563325E0,
-4.629726722925E0));
#1948=CARTESIAN_POINT('',(2.851462979140E0,-6.311536092351E0,
-4.634332504160E0));
#1949=CARTESIAN_POINT('',(2.841958882009E0,-6.319305204286E0,
-4.638206823679E0));
#1950=CARTESIAN_POINT('',(2.834408445784E0,-6.327929736369E0,
-4.641238818940E0));
#1951=CARTESIAN_POINT('',(2.829746103084E0,-6.337091935718E0,
-4.643078177227E0));
#1952=CARTESIAN_POINT('',(2.828992150093E0,-6.343154034380E0,
-4.643320717667E0));
#1953=CARTESIAN_POINT('',(2.829166874937E0,-6.346200000003E0,
-4.643214905449E0));
#1955=DIRECTION('',(0.E0,-1.E0,0.E0));
#1956=VECTOR('',#1955,1.9E-1);
#1957=CARTESIAN_POINT('',(3.702019419237E0,-6.1962E0,-4.2285E0));
#1958=LINE('',#1957,#1956);
#1959=DIRECTION('',(0.E0,0.E0,-1.E0));
#1960=VECTOR('',#1959,2.686638722513E-1);
#1961=CARTESIAN_POINT('',(4.212E0,-6.3862E0,-3.449855546986E0));
#1962=LINE('',#1961,#1960);
#1963=CARTESIAN_POINT('',(4.212E0,-6.3862E0,-3.718519419237E0));
#1964=CARTESIAN_POINT('',(4.212E0,-6.3862E0,-3.756587356117E0));
#1965=CARTESIAN_POINT('',(4.203404056082E0,-6.3862E0,-3.832997186393E0));
#1966=CARTESIAN_POINT('',(4.165368984968E0,-6.3862E0,-3.941650920269E0));
#1967=CARTESIAN_POINT('',(4.104099397516E0,-6.3862E0,-4.039172718801E0));
#1968=CARTESIAN_POINT('',(4.022672701834E0,-6.3862E0,-4.120599410667E0));
#1969=CARTESIAN_POINT('',(3.925150906191E0,-6.3862E0,-4.181868990982E0));
#1970=CARTESIAN_POINT('',(3.816497179201E0,-6.3862E0,-4.219904057102E0));
#1971=CARTESIAN_POINT('',(3.740087354265E0,-6.3862E0,-4.2285E0));
#1972=CARTESIAN_POINT('',(3.702019419237E0,-6.3862E0,-4.2285E0));
#1974=DIRECTION('',(-1.E0,0.E0,0.E0));
#1975=VECTOR('',#1974,2.800121199750E-1);
#1976=CARTESIAN_POINT('',(3.702019419237E0,-6.3862E0,-4.2285E0));
#1977=LINE('',#1976,#1975);
#1978=DIRECTION('',(0.E0,-1.E0,0.E0));
#1979=VECTOR('',#1978,1.9E-1);
#1980=CARTESIAN_POINT('',(4.212E0,-6.1962E0,-3.718519419237E0));
#1981=LINE('',#1980,#1979);
#1982=CARTESIAN_POINT('',(-3.E-3,-6.3862E0,-1.2135E0));
#1983=DIRECTION('',(0.E0,-1.E0,0.E0));
#1984=DIRECTION('',(0.E0,0.E0,-1.E0));
#1985=AXIS2_PLACEMENT_3D('',#1982,#1983,#1984);
#1987=DIRECTION('',(0.E0,1.E0,0.E0));
#1988=VECTOR('',#1987,7.1E-1);
#1989=CARTESIAN_POINT('',(-3.E-3,-7.0962E0,-1.6135E0));
#1990=LINE('',#1989,#1988);
#1991=CARTESIAN_POINT('',(-3.E-3,-6.3862E0,-1.2135E0));
#1992=DIRECTION('',(0.E0,-1.E0,0.E0));
#1993=DIRECTION('',(0.E0,0.E0,1.E0));
#1994=AXIS2_PLACEMENT_3D('',#1991,#1992,#1993);
#1996=DIRECTION('',(0.E0,1.E0,0.E0));
#1997=VECTOR('',#1996,7.1E-1);
#1998=CARTESIAN_POINT('',(-3.E-3,-7.0962E0,-8.135E-1));
#1999=LINE('',#1998,#1997);
#2000=CARTESIAN_POINT('',(3.526736659610E0,-7.0862E0,1.2465E0));
#2001=DIRECTION('',(0.E0,0.E0,-1.E0));
#2002=DIRECTION('',(0.E0,-1.E0,0.E0));
#2003=AXIS2_PLACEMENT_3D('',#2000,#2001,#2002);
#2005=CARTESIAN_POINT('',(3.657E0,-7.2762E0,1.2465E0));
#2006=DIRECTION('',(0.E0,-1.E0,0.E0));
#2007=DIRECTION('',(-1.E0,0.E0,0.E0));
#2008=AXIS2_PLACEMENT_3D('',#2005,#2006,#2007);
#2010=CARTESIAN_POINT('',(3.657E0,-7.2762E0,1.2465E0));
#2011=DIRECTION('',(0.E0,-1.E0,0.E0));
#2012=DIRECTION('',(1.E0,0.E0,0.E0));
#2013=AXIS2_PLACEMENT_3D('',#2010,#2011,#2012);
#2015=CARTESIAN_POINT('',(3.787263340390E0,-7.0862E0,1.2465E0));
#2016=DIRECTION('',(0.E0,0.E0,1.E0));
#2017=DIRECTION('',(0.E0,-1.E0,0.E0));
#2018=AXIS2_PLACEMENT_3D('',#2015,#2016,#2017);
#2020=DIRECTION('',(-1.148558741252E-14,0.E0,1.E0));
#2021=VECTOR('',#2020,1.341672395876E1);
#2022=CARTESIAN_POINT('',(-3.5562E0,-4.8862E0,6.739276041238E0));
#2023=LINE('',#2022,#2021);
#2024=DIRECTION('',(-1.E0,0.E0,0.E0));
#2025=VECTOR('',#2024,5.099999999998E-1);
#2026=CARTESIAN_POINT('',(-3.5562E0,-4.8862E0,2.0156E1));
#2027=LINE('',#2026,#2025);
#2028=DIRECTION('',(-1.146530620415E-14,0.E0,-1.E0));
#2029=VECTOR('',#2028,1.371159020856E1);
#2030=CARTESIAN_POINT('',(-4.0662E0,-4.8862E0,2.0156E1));
#2031=LINE('',#2030,#2029);
#2032=DIRECTION('',(0.E0,1.E0,-6.603557023793E-14));
#2033=VECTOR('',#2032,1.614E-1);
#2034=CARTESIAN_POINT('',(-3.5562E0,-5.1362E0,6.739276041238E0));
#2035=LINE('',#2034,#2033);
#2036=DIRECTION('',(0.E0,-1.E0,0.E0));
#2037=VECTOR('',#2036,2.5E-1);
#2038=CARTESIAN_POINT('',(-3.5562E0,-4.8862E0,2.0156E1));
#2039=LINE('',#2038,#2037);
#2040=DIRECTION('',(0.E0,-1.E0,0.E0));
#2041=VECTOR('',#2040,7.46E-2);
#2042=CARTESIAN_POINT('',(-3.5562E0,-4.9002E0,6.224E0));
#2043=LINE('',#2042,#2041);
#2044=DIRECTION('',(-1.206586070442E-14,0.E0,1.E0));
#2045=VECTOR('',#2044,5.152760412377E-1);
#2046=CARTESIAN_POINT('',(-3.5562E0,-4.9748E0,6.224E0));
#2047=LINE('',#2046,#2045);
#2048=DIRECTION('',(1.E0,0.E0,0.E0));
#2049=VECTOR('',#2048,1.27E0);
#2050=CARTESIAN_POINT('',(-3.1762E0,-4.9002E0,4.835866003106E0));
#2051=LINE('',#2050,#2049);
#2052=DIRECTION('',(0.E0,0.E0,1.E0));
#2053=VECTOR('',#2052,1.008133996894E0);
#2054=CARTESIAN_POINT('',(-3.1762E0,-4.9002E0,4.835866003106E0));
#2055=LINE('',#2054,#2053);
#2056=DIRECTION('',(-7.071067811865E-1,0.E0,7.071067811866E-1));
#2057=VECTOR('',#2056,5.374011537017E-1);
#2058=CARTESIAN_POINT('',(-3.1762E0,-4.9002E0,5.844E0));
#2059=LINE('',#2058,#2057);
#2060=DIRECTION('',(1.206586070442E-14,0.E0,-1.E0));
#2061=VECTOR('',#2060,5.152760412377E-1);
#2062=CARTESIAN_POINT('',(-3.5562E0,-4.9002E0,6.739276041238E0));
#2063=LINE('',#2062,#2061);
#2064=DIRECTION('',(0.E0,0.E0,-1.E0));
#2065=VECTOR('',#2064,1.241595325224E0);
#2066=CARTESIAN_POINT('',(-1.5262E0,-4.9002E0,7.465595325224E0));
#2067=LINE('',#2066,#2065);
#2068=DIRECTION('',(-7.071067811865E-1,0.E0,-7.071067811866E-1));
#2069=VECTOR('',#2068,5.374011537017E-1);
#2070=CARTESIAN_POINT('',(-1.5262E0,-4.9002E0,6.224E0));
#2071=LINE('',#2070,#2069);
#2072=DIRECTION('',(0.E0,0.E0,-1.E0));
#2073=VECTOR('',#2072,1.008133996894E0);
#2074=CARTESIAN_POINT('',(-1.9062E0,-4.9002E0,5.844E0));
#2075=LINE('',#2074,#2073);
#2076=DIRECTION('',(1.E0,0.E0,0.E0));
#2077=VECTOR('',#2076,1.27E0);
#2078=CARTESIAN_POINT('',(-3.1762E0,-4.9748E0,4.835866003106E0));
#2079=LINE('',#2078,#2077);
#2080=DIRECTION('',(0.E0,0.E0,-1.E0));
#2081=VECTOR('',#2080,1.008133996894E0);
#2082=CARTESIAN_POINT('',(-1.9062E0,-4.9748E0,5.844E0));
#2083=LINE('',#2082,#2081);
#2084=DIRECTION('',(0.E0,-1.E0,0.E0));
#2085=VECTOR('',#2084,7.46E-2);
#2086=CARTESIAN_POINT('',(-1.9062E0,-4.9002E0,4.835866003106E0));
#2087=LINE('',#2086,#2085);
#2088=DIRECTION('',(0.E0,-1.E0,0.E0));
#2089=VECTOR('',#2088,7.46E-2);
#2090=CARTESIAN_POINT('',(-1.9062E0,-4.9002E0,5.844E0));
#2091=LINE('',#2090,#2089);
#2092=DIRECTION('',(-7.071067811865E-1,0.E0,-7.071067811866E-1));
#2093=VECTOR('',#2092,5.374011537017E-1);
#2094=CARTESIAN_POINT('',(-1.5262E0,-4.9748E0,6.224E0));
#2095=LINE('',#2094,#2093);
#2096=DIRECTION('',(0.E0,-1.E0,0.E0));
#2097=VECTOR('',#2096,7.46E-2);
#2098=CARTESIAN_POINT('',(-1.5262E0,-4.9002E0,6.224E0));
#2099=LINE('',#2098,#2097);
#2100=DIRECTION('',(0.E0,1.E0,0.E0));
#2101=VECTOR('',#2100,1.614E-1);
#2102=CARTESIAN_POINT('',(-1.5262E0,-5.1362E0,7.465595325224E0));
#2103=LINE('',#2102,#2101);
#2104=DIRECTION('',(0.E0,0.E0,1.E0));
#2105=VECTOR('',#2104,1.241595325224E0);
#2106=CARTESIAN_POINT('',(-1.5262E0,-4.9748E0,6.224E0));
#2107=LINE('',#2106,#2105);
#2108=DIRECTION('',(0.E0,-1.E0,0.E0));
#2109=VECTOR('',#2108,2.5E-1);
#2110=CARTESIAN_POINT('',(-1.5262E0,-4.8862E0,2.0156E1));
#2111=LINE('',#2110,#2109);
#2112=DIRECTION('',(0.E0,0.E0,1.E0));
#2113=VECTOR('',#2112,1.260406398597E1);
#2114=CARTESIAN_POINT('',(-1.0162E0,-4.8862E0,7.551936014030E0));
#2115=LINE('',#2114,#2113);
#2116=DIRECTION('',(-1.E0,0.E0,0.E0));
#2117=VECTOR('',#2116,5.100000000001E-1);
#2118=CARTESIAN_POINT('',(-1.0162E0,-4.8862E0,2.0156E1));
#2119=LINE('',#2118,#2117);
#2120=DIRECTION('',(0.E0,0.E0,-1.E0));
#2121=VECTOR('',#2120,1.269040467478E1);
#2122=CARTESIAN_POINT('',(-1.5262E0,-4.8862E0,2.0156E1));
#2123=LINE('',#2122,#2121);
#2124=DIRECTION('',(0.E0,1.E0,-1.100592837299E-14));
#2125=VECTOR('',#2124,1.614E-1);
#2126=CARTESIAN_POINT('',(-1.0162E0,-5.1362E0,7.551936014030E0));
#2127=LINE('',#2126,#2125);
#2128=DIRECTION('',(0.E0,-1.E0,0.E0));
#2129=VECTOR('',#2128,2.5E-1);
#2130=CARTESIAN_POINT('',(-1.0162E0,-4.8862E0,2.0156E1));
#2131=LINE('',#2130,#2129);
#2132=DIRECTION('',(0.E0,-1.E0,0.E0));
#2133=VECTOR('',#2132,7.46E-2);
#2134=CARTESIAN_POINT('',(-1.0162E0,-4.9002E0,6.224E0));
#2135=LINE('',#2134,#2133);
#2136=DIRECTION('',(0.E0,0.E0,1.E0));
#2137=VECTOR('',#2136,1.327936014030E0);
#2138=CARTESIAN_POINT('',(-1.0162E0,-4.9748E0,6.224E0));
#2139=LINE('',#2138,#2137);
#2140=CARTESIAN_POINT('',(0.E0,-5.1362E0,0.E0));
#2141=DIRECTION('',(0.E0,1.E0,0.E0));
#2142=DIRECTION('',(-2.002887139108E-1,0.E0,9.797369193207E-1));
#2143=AXIS2_PLACEMENT_3D('',#2140,#2141,#2142);
#2145=DIRECTION('',(0.E0,0.E0,-1.E0));
#2146=VECTOR('',#2145,1.269040467478E1);
#2147=CARTESIAN_POINT('',(-1.5262E0,-5.1362E0,2.0156E1));
#2148=LINE('',#2147,#2146);
#2149=DIRECTION('',(-1.E0,0.E0,0.E0));
#2150=VECTOR('',#2149,5.100000000001E-1);
#2151=CARTESIAN_POINT('',(-1.0162E0,-5.1362E0,2.0156E1));
#2152=LINE('',#2151,#2150);
#2153=DIRECTION('',(0.E0,0.E0,1.E0));
#2154=VECTOR('',#2153,1.260406398597E1);
#2155=CARTESIAN_POINT('',(-1.0162E0,-5.1362E0,7.551936014030E0));
#2156=LINE('',#2155,#2154);
#2157=DIRECTION('',(1.E0,0.E0,0.E0));
#2158=VECTOR('',#2157,1.27E0);
#2159=CARTESIAN_POINT('',(-6.362E-1,-4.9002E0,4.835866003106E0));
#2160=LINE('',#2159,#2158);
#2161=DIRECTION('',(0.E0,0.E0,1.E0));
#2162=VECTOR('',#2161,1.008133996894E0);
#2163=CARTESIAN_POINT('',(-6.362E-1,-4.9002E0,4.835866003106E0));
#2164=LINE('',#2163,#2162);
#2165=DIRECTION('',(-7.071067811865E-1,0.E0,7.071067811866E-1));
#2166=VECTOR('',#2165,5.374011537017E-1);
#2167=CARTESIAN_POINT('',(-6.362E-1,-4.9002E0,5.844E0));
#2168=LINE('',#2167,#2166);
#2169=DIRECTION('',(0.E0,0.E0,-1.E0));
#2170=VECTOR('',#2169,1.327936014030E0);
#2171=CARTESIAN_POINT('',(-1.0162E0,-4.9002E0,7.551936014030E0));
#2172=LINE('',#2171,#2170);
#2173=DIRECTION('',(0.E0,0.E0,-1.E0));
#2174=VECTOR('',#2173,1.328258573434E0);
#2175=CARTESIAN_POINT('',(1.0138E0,-4.9002E0,7.552258573434E0));
#2176=LINE('',#2175,#2174);
#2177=DIRECTION('',(-7.071067811865E-1,0.E0,-7.071067811866E-1));
#2178=VECTOR('',#2177,5.374011537018E-1);
#2179=CARTESIAN_POINT('',(1.0138E0,-4.9002E0,6.224E0));
#2180=LINE('',#2179,#2178);
#2181=DIRECTION('',(0.E0,0.E0,-1.E0));
#2182=VECTOR('',#2181,1.008133996894E0);
#2183=CARTESIAN_POINT('',(6.338E-1,-4.9002E0,5.844E0));
#2184=LINE('',#2183,#2182);
#2185=DIRECTION('',(1.E0,0.E0,0.E0));
#2186=VECTOR('',#2185,1.27E0);
#2187=CARTESIAN_POINT('',(-6.362E-1,-4.9748E0,4.835866003106E0));
#2188=LINE('',#2187,#2186);
#2189=DIRECTION('',(0.E0,0.E0,-1.E0));
#2190=VECTOR('',#2189,1.008133996894E0);
#2191=CARTESIAN_POINT('',(6.338E-1,-4.9748E0,5.844E0));
#2192=LINE('',#2191,#2190);
#2193=DIRECTION('',(0.E0,-1.E0,0.E0));
#2194=VECTOR('',#2193,7.46E-2);
#2195=CARTESIAN_POINT('',(6.338E-1,-4.9002E0,4.835866003106E0));
#2196=LINE('',#2195,#2194);
#2197=DIRECTION('',(0.E0,-1.E0,0.E0));
#2198=VECTOR('',#2197,7.46E-2);
#2199=CARTESIAN_POINT('',(6.338E-1,-4.9002E0,5.844E0));
#2200=LINE('',#2199,#2198);
#2201=DIRECTION('',(0.E0,0.E0,1.E0));
#2202=VECTOR('',#2201,1.008133996894E0);
#2203=CARTESIAN_POINT('',(-6.362E-1,-4.9748E0,4.835866003106E0));
#2204=LINE('',#2203,#2202);
#2205=DIRECTION('',(0.E0,-1.E0,0.E0));
#2206=VECTOR('',#2205,7.46E-2);
#2207=CARTESIAN_POINT('',(-6.362E-1,-4.9002E0,4.835866003106E0));
#2208=LINE('',#2207,#2206);
#2209=DIRECTION('',(-7.071067811865E-1,0.E0,7.071067811866E-1));
#2210=VECTOR('',#2209,5.374011537017E-1);
#2211=CARTESIAN_POINT('',(-6.362E-1,-4.9748E0,5.844E0));
#2212=LINE('',#2211,#2210);
#2213=DIRECTION('',(0.E0,-1.E0,0.E0));
#2214=VECTOR('',#2213,7.46E-2);
#2215=CARTESIAN_POINT('',(-6.362E-1,-4.9002E0,5.844E0));
#2216=LINE('',#2215,#2214);
#2217=DIRECTION('',(-7.071067811865E-1,0.E0,-7.071067811866E-1));
#2218=VECTOR('',#2217,5.374011537018E-1);
#2219=CARTESIAN_POINT('',(1.0138E0,-4.9748E0,6.224E0));
#2220=LINE('',#2219,#2218);
#2221=DIRECTION('',(0.E0,-1.E0,0.E0));
#2222=VECTOR('',#2221,7.46E-2);
#2223=CARTESIAN_POINT('',(1.0138E0,-4.9002E0,6.224E0));
#2224=LINE('',#2223,#2222);
#2225=DIRECTION('',(0.E0,1.E0,-1.650889255948E-14));
#2226=VECTOR('',#2225,1.614E-1);
#2227=CARTESIAN_POINT('',(1.0138E0,-5.1362E0,7.552258573434E0));
#2228=LINE('',#2227,#2226);
#2229=DIRECTION('',(0.E0,0.E0,1.E0));
#2230=VECTOR('',#2229,1.328258573434E0);
#2231=CARTESIAN_POINT('',(1.0138E0,-4.9748E0,6.224E0));
#2232=LINE('',#2231,#2230);
#2233=DIRECTION('',(0.E0,-1.E0,0.E0));
#2234=VECTOR('',#2233,2.5E-1);
#2235=CARTESIAN_POINT('',(1.0138E0,-4.8862E0,2.0156E1));
#2236=LINE('',#2235,#2234);
#2237=DIRECTION('',(0.E0,0.E0,1.E0));
#2238=VECTOR('',#2237,1.268991444196E1);
#2239=CARTESIAN_POINT('',(1.5238E0,-4.8862E0,7.466085558042E0));
#2240=LINE('',#2239,#2238);
#2241=DIRECTION('',(-1.E0,0.E0,0.E0));
#2242=VECTOR('',#2241,5.1E-1);
#2243=CARTESIAN_POINT('',(1.5238E0,-4.8862E0,2.0156E1));
#2244=LINE('',#2243,#2242);
#2245=DIRECTION('',(0.E0,0.E0,-1.E0));
#2246=VECTOR('',#2245,1.260374142657E1);
#2247=CARTESIAN_POINT('',(1.0138E0,-4.8862E0,2.0156E1));
#2248=LINE('',#2247,#2246);
#2249=DIRECTION('',(0.E0,1.E0,0.E0));
#2250=VECTOR('',#2249,1.614E-1);
#2251=CARTESIAN_POINT('',(1.5238E0,-5.1362E0,7.466085558042E0));
#2252=LINE('',#2251,#2250);
#2253=DIRECTION('',(0.E0,-1.E0,0.E0));
#2254=VECTOR('',#2253,2.5E-1);
#2255=CARTESIAN_POINT('',(1.5238E0,-4.8862E0,2.0156E1));
#2256=LINE('',#2255,#2254);
#2257=DIRECTION('',(0.E0,-1.E0,0.E0));
#2258=VECTOR('',#2257,7.46E-2);
#2259=CARTESIAN_POINT('',(1.5238E0,-4.9002E0,6.224E0));
#2260=LINE('',#2259,#2258);
#2261=DIRECTION('',(0.E0,0.E0,1.E0));
#2262=VECTOR('',#2261,1.242085558042E0);
#2263=CARTESIAN_POINT('',(1.5238E0,-4.9748E0,6.224E0));
#2264=LINE('',#2263,#2262);
#2265=CARTESIAN_POINT('',(0.E0,-5.1362E0,0.E0));
#2266=DIRECTION('',(0.E0,1.E0,0.E0));
#2267=DIRECTION('',(1.330446194226E-1,0.E0,9.911100490070E-1));
#2268=AXIS2_PLACEMENT_3D('',#2265,#2266,#2267);
#2270=DIRECTION('',(0.E0,0.E0,-1.E0));
#2271=VECTOR('',#2270,1.260374142657E1);
#2272=CARTESIAN_POINT('',(1.0138E0,-5.1362E0,2.0156E1));
#2273=LINE('',#2272,#2271);
#2274=DIRECTION('',(-1.E0,0.E0,0.E0));
#2275=VECTOR('',#2274,5.1E-1);
#2276=CARTESIAN_POINT('',(1.5238E0,-5.1362E0,2.0156E1));
#2277=LINE('',#2276,#2275);
#2278=DIRECTION('',(0.E0,0.E0,1.E0));
#2279=VECTOR('',#2278,1.268991444196E1);
#2280=CARTESIAN_POINT('',(1.5238E0,-5.1362E0,7.466085558042E0));
#2281=LINE('',#2280,#2279);
#2282=DIRECTION('',(1.E0,0.E0,0.E0));
#2283=VECTOR('',#2282,1.27E0);
#2284=CARTESIAN_POINT('',(1.9038E0,-4.9002E0,4.835866003106E0));
#2285=LINE('',#2284,#2283);
#2286=DIRECTION('',(0.E0,0.E0,1.E0));
#2287=VECTOR('',#2286,1.008133996894E0);
#2288=CARTESIAN_POINT('',(1.9038E0,-4.9002E0,4.835866003106E0));
#2289=LINE('',#2288,#2287);
#2290=DIRECTION('',(-7.071067811865E-1,0.E0,7.071067811866E-1));
#2291=VECTOR('',#2290,5.374011537018E-1);
#2292=CARTESIAN_POINT('',(1.9038E0,-4.9002E0,5.844E0));
#2293=LINE('',#2292,#2291);
#2294=DIRECTION('',(0.E0,0.E0,-1.E0));
#2295=VECTOR('',#2294,1.242085558042E0);
#2296=CARTESIAN_POINT('',(1.5238E0,-4.9002E0,7.466085558042E0));
#2297=LINE('',#2296,#2295);
#2298=DIRECTION('',(0.E0,0.E0,-1.E0));
#2299=VECTOR('',#2298,5.165419337024E-1);
#2300=CARTESIAN_POINT('',(3.5538E0,-4.9002E0,6.740541933702E0));
#2301=LINE('',#2300,#2299);
#2302=DIRECTION('',(-7.071067811865E-1,0.E0,-7.071067811866E-1));
#2303=VECTOR('',#2302,5.374011537017E-1);
#2304=CARTESIAN_POINT('',(3.5538E0,-4.9002E0,6.224E0));
#2305=LINE('',#2304,#2303);
#2306=DIRECTION('',(0.E0,0.E0,-1.E0));
#2307=VECTOR('',#2306,1.008133996894E0);
#2308=CARTESIAN_POINT('',(3.1738E0,-4.9002E0,5.844E0));
#2309=LINE('',#2308,#2307);
#2310=DIRECTION('',(1.E0,0.E0,0.E0));
#2311=VECTOR('',#2310,1.27E0);
#2312=CARTESIAN_POINT('',(1.9038E0,-4.9748E0,4.835866003106E0));
#2313=LINE('',#2312,#2311);
#2314=DIRECTION('',(0.E0,0.E0,-1.E0));
#2315=VECTOR('',#2314,1.008133996894E0);
#2316=CARTESIAN_POINT('',(3.1738E0,-4.9748E0,5.844E0));
#2317=LINE('',#2316,#2315);
#2318=DIRECTION('',(0.E0,-1.E0,0.E0));
#2319=VECTOR('',#2318,7.46E-2);
#2320=CARTESIAN_POINT('',(3.1738E0,-4.9002E0,4.835866003106E0));
#2321=LINE('',#2320,#2319);
#2322=DIRECTION('',(0.E0,-1.E0,0.E0));
#2323=VECTOR('',#2322,7.46E-2);
#2324=CARTESIAN_POINT('',(3.1738E0,-4.9002E0,5.844E0));
#2325=LINE('',#2324,#2323);
#2326=DIRECTION('',(0.E0,1.E0,-7.153853442442E-14));
#2327=VECTOR('',#2326,1.614E-1);
#2328=CARTESIAN_POINT('',(3.5538E0,-5.1362E0,6.740541933702E0));
#2329=LINE('',#2328,#2327);
#2330=DIRECTION('',(0.E0,0.E0,1.E0));
#2331=VECTOR('',#2330,5.165419337024E-1);
#2332=CARTESIAN_POINT('',(3.5538E0,-4.9748E0,6.224E0));
#2333=LINE('',#2332,#2331);
#2334=DIRECTION('',(0.E0,-1.E0,0.E0));
#2335=VECTOR('',#2334,2.5E-1);
#2336=CARTESIAN_POINT('',(3.5538E0,-4.8862E0,2.0156E1));
#2337=LINE('',#2336,#2335);
#2338=DIRECTION('',(-7.071067811865E-1,0.E0,-7.071067811866E-1));
#2339=VECTOR('',#2338,5.374011537017E-1);
#2340=CARTESIAN_POINT('',(3.5538E0,-4.9748E0,6.224E0));
#2341=LINE('',#2340,#2339);
#2342=DIRECTION('',(0.E0,-1.E0,0.E0));
#2343=VECTOR('',#2342,7.46E-2);
#2344=CARTESIAN_POINT('',(3.5538E0,-4.9002E0,6.224E0));
#2345=LINE('',#2344,#2343);
#2346=CARTESIAN_POINT('',(0.E0,-5.1362E0,0.E0));
#2347=DIRECTION('',(0.E0,1.E0,0.E0));
#2348=DIRECTION('',(4.663779527559E-1,0.E0,8.845855556040E-1));
#2349=AXIS2_PLACEMENT_3D('',#2346,#2347,#2348);
#2351=DIRECTION('',(0.E0,0.E0,-1.E0));
#2352=VECTOR('',#2351,1.341545806630E1);
#2353=CARTESIAN_POINT('',(3.5538E0,-5.1362E0,2.0156E1));
#2354=LINE('',#2353,#2352);
#2355=DIRECTION('',(-1.E0,0.E0,0.E0));
#2356=VECTOR('',#2355,5.100000000001E-1);
#2357=CARTESIAN_POINT('',(4.0638E0,-5.1362E0,2.0156E1));
#2358=LINE('',#2357,#2356);
#2359=DIRECTION('',(0.E0,0.E0,1.E0));
#2360=VECTOR('',#2359,1.371007651612E1);
#2361=CARTESIAN_POINT('',(4.0638E0,-5.1362E0,6.445923483877E0));
#2362=LINE('',#2361,#2360);
#2363=DIRECTION('',(-7.071067811865E-1,0.E0,7.071067811866E-1));
#2364=VECTOR('',#2363,5.374011537018E-1);
#2365=CARTESIAN_POINT('',(1.9038E0,-4.9748E0,5.844E0));
#2366=LINE('',#2365,#2364);
#2367=DIRECTION('',(0.E0,-1.E0,0.E0));
#2368=VECTOR('',#2367,7.46E-2);
#2369=CARTESIAN_POINT('',(1.9038E0,-4.9002E0,5.844E0));
#2370=LINE('',#2369,#2368);
#2371=DIRECTION('',(0.E0,0.E0,1.E0));
#2372=VECTOR('',#2371,1.008133996894E0);
#2373=CARTESIAN_POINT('',(1.9038E0,-4.9748E0,4.835866003106E0));
#2374=LINE('',#2373,#2372);
#2375=DIRECTION('',(0.E0,-1.E0,0.E0));
#2376=VECTOR('',#2375,7.46E-2);
#2377=CARTESIAN_POINT('',(1.9038E0,-4.9002E0,4.835866003106E0));
#2378=LINE('',#2377,#2376);
#2379=DIRECTION('',(-7.071067811865E-1,0.E0,7.071067811866E-1));
#2380=VECTOR('',#2379,5.374011537017E-1);
#2381=CARTESIAN_POINT('',(-3.1762E0,-4.9748E0,5.844E0));
#2382=LINE('',#2381,#2380);
#2383=DIRECTION('',(0.E0,-1.E0,0.E0));
#2384=VECTOR('',#2383,7.46E-2);
#2385=CARTESIAN_POINT('',(-3.1762E0,-4.9002E0,5.844E0));
#2386=LINE('',#2385,#2384);
#2387=DIRECTION('',(0.E0,0.E0,1.E0));
#2388=VECTOR('',#2387,1.008133996894E0);
#2389=CARTESIAN_POINT('',(-3.1762E0,-4.9748E0,4.835866003106E0));
#2390=LINE('',#2389,#2388);
#2391=DIRECTION('',(0.E0,-1.E0,0.E0));
#2392=VECTOR('',#2391,7.46E-2);
#2393=CARTESIAN_POINT('',(-3.1762E0,-4.9002E0,4.835866003106E0));
#2394=LINE('',#2393,#2392);
#2395=CARTESIAN_POINT('',(0.E0,0.E0,0.E0));
#2396=DIRECTION('',(0.E0,-1.E0,0.E0));
#2397=DIRECTION('',(1.E0,0.E0,0.E0));
#2398=AXIS2_PLACEMENT_3D('',#2395,#2396,#2397);
#2400=DIRECTION('',(0.E0,-1.E0,0.E0));
#2401=VECTOR('',#2400,5.1E-1);
#2402=CARTESIAN_POINT('',(-6.275E0,5.1E-1,0.E0));
#2403=LINE('',#2402,#2401);
#2404=CARTESIAN_POINT('',(0.E0,5.1E-1,0.E0));
#2405=DIRECTION('',(0.E0,1.E0,0.E0));
#2406=DIRECTION('',(-1.E0,0.E0,0.E0));
#2407=AXIS2_PLACEMENT_3D('',#2404,#2405,#2406);
#2409=DIRECTION('',(0.E0,-1.E0,0.E0));
#2410=VECTOR('',#2409,5.1E-1);
#2411=CARTESIAN_POINT('',(6.275E0,5.1E-1,0.E0));
#2412=LINE('',#2411,#2410);
#2413=CARTESIAN_POINT('',(-4.26E0,2.8E0,-1.118722253713E-9));
#2414=DIRECTION('',(-2.626108566717E-10,0.E0,1.E0));
#2415=DIRECTION('',(3.328070473259E-11,-1.E0,0.E0));
#2416=AXIS2_PLACEMENT_3D('',#2413,#2414,#2415);
#2418=CARTESIAN_POINT('',(0.E0,2.8E0,0.E0));
#2419=DIRECTION('',(0.E0,1.E0,0.E0));
#2420=DIRECTION('',(-1.E0,0.E0,0.E0));
#2421=AXIS2_PLACEMENT_3D('',#2418,#2419,#2420);
#2423=DIRECTION('',(0.E0,-1.E0,-2.314453538382E-11));
#2424=VECTOR('',#2423,2.15E0);
#2425=CARTESIAN_POINT('',(-1.97E0,4.95E0,0.E0));
#2426=LINE('',#2425,#2424);
#2427=CARTESIAN_POINT('',(0.E0,4.95E0,0.E0));
#2428=DIRECTION('',(0.E0,1.E0,0.E0));
#2429=DIRECTION('',(-1.E0,0.E0,0.E0));
#2430=AXIS2_PLACEMENT_3D('',#2427,#2428,#2429);
#2432=DIRECTION('',(0.E0,-1.E0,2.314467102037E-11));
#2433=VECTOR('',#2432,2.15E0);
#2434=CARTESIAN_POINT('',(1.97E0,4.95E0,0.E0));
#2435=LINE('',#2434,#2433);
#2436=CARTESIAN_POINT('',(0.E0,-4.E-1,0.E0));
#2437=DIRECTION('',(0.E0,-1.E0,0.E0));
#2438=DIRECTION('',(-1.E0,0.E0,0.E0));
#2439=AXIS2_PLACEMENT_3D('',#2436,#2437,#2438);
#2441=CARTESIAN_POINT('',(0.E0,-4.E-1,0.E0));
#2442=DIRECTION('',(0.E0,-1.E0,0.E0));
#2443=DIRECTION('',(1.E0,0.E0,0.E0));
#2444=AXIS2_PLACEMENT_3D('',#2441,#2442,#2443);
#2446=DIRECTION('',(0.E0,-1.E0,0.E0));
#2447=VECTOR('',#2446,8.78E0);
#2448=CARTESIAN_POINT('',(1.005E0,8.38E0,0.E0));
#2449=LINE('',#2448,#2447);
#2450=DIRECTION('',(0.E0,-1.E0,0.E0));
#2451=VECTOR('',#2450,8.78E0);
#2452=CARTESIAN_POINT('',(-1.005E0,8.38E0,0.E0));
#2453=LINE('',#2452,#2451);
#2454=CARTESIAN_POINT('',(-2.39E0,4.95E0,0.E0));
#2455=CARTESIAN_POINT('',(2.39E0,4.95E0,0.E0));
#2456=VERTEX_POINT('',#2454);
#2457=VERTEX_POINT('',#2455);
#2458=CARTESIAN_POINT('',(-1.97E0,4.95E0,0.E0));
#2459=CARTESIAN_POINT('',(1.97E0,4.95E0,0.E0));
#2460=VERTEX_POINT('',#2458);
#2461=VERTEX_POINT('',#2459);
#2462=CARTESIAN_POINT('',(-6.275E0,5.1E-1,0.E0));
#2463=CARTESIAN_POINT('',(6.275E0,5.1E-1,0.E0));
#2464=VERTEX_POINT('',#2462);
#2465=VERTEX_POINT('',#2463);
#2466=CARTESIAN_POINT('',(4.080171575868E0,-4.32E0,-8.612380618126E0));
#2467=CARTESIAN_POINT('',(-4.080171575868E0,-4.32E0,-8.612380618126E0));
#2468=VERTEX_POINT('',#2466);
#2469=VERTEX_POINT('',#2467);
#2470=CARTESIAN_POINT('',(-6.275E0,0.E0,0.E0));
#2471=CARTESIAN_POINT('',(6.275E0,0.E0,0.E0));
#2472=VERTEX_POINT('',#2470);
#2473=VERTEX_POINT('',#2471);
#2474=CARTESIAN_POINT('',(-9.58E0,-8.13E0,-4.846664774876E0));
#2475=CARTESIAN_POINT('',(-9.58E0,-8.13E0,1.026664774876E0));
#2476=VERTEX_POINT('',#2474);
#2477=VERTEX_POINT('',#2475);
#2478=CARTESIAN_POINT('',(-9.58E0,-8.13E0,3.533115493685E0));
#2479=VERTEX_POINT('',#2478);
#2480=CARTESIAN_POINT('',(-8.E0,-8.13E0,3.533115493685E0));
#2481=VERTEX_POINT('',#2480);
#2482=CARTESIAN_POINT('',(-8.E0,-8.13E0,-5.506896867551E0));
#2483=VERTEX_POINT('',#2482);
#2484=CARTESIAN_POINT('',(-9.58E0,-8.13E0,-5.506896867551E0));
#2485=VERTEX_POINT('',#2484);
#2486=CARTESIAN_POINT('',(9.58E0,-8.13E0,1.026664774876E0));
#2487=CARTESIAN_POINT('',(9.58E0,-8.13E0,-4.846664774876E0));
#2488=VERTEX_POINT('',#2486);
#2489=VERTEX_POINT('',#2487);
#2490=CARTESIAN_POINT('',(9.58E0,-8.13E0,-5.506896867551E0));
#2491=VERTEX_POINT('',#2490);
#2492=CARTESIAN_POINT('',(8.E0,-8.13E0,-5.506896867551E0));
#2493=VERTEX_POINT('',#2492);
#2494=CARTESIAN_POINT('',(8.E0,-8.13E0,3.533115493685E0));
#2495=VERTEX_POINT('',#2494);
#2496=CARTESIAN_POINT('',(9.58E0,-8.13E0,3.533115493685E0));
#2497=VERTEX_POINT('',#2496);
#2498=CARTESIAN_POINT('',(-9.58E0,-4.32E0,-4.846664774876E0));
#2499=CARTESIAN_POINT('',(-1.216148432437E1,-4.32E0,-4.783805914548E0));
#2500=VERTEX_POINT('',#2498);
#2501=VERTEX_POINT('',#2499);
#2502=CARTESIAN_POINT('',(-1.306455017114E1,-4.32E0,3.225349991373E-1));
#2503=CARTESIAN_POINT('',(-9.58E0,-4.32E0,1.026664774876E0));
#2504=VERTEX_POINT('',#2502);
#2505=VERTEX_POINT('',#2503);
#2506=CARTESIAN_POINT('',(-9.58E0,-4.32E0,3.533115493685E0));
#2507=VERTEX_POINT('',#2506);
#2508=CARTESIAN_POINT('',(-9.352576929309E0,-4.32E0,4.087738968314E0));
#2509=VERTEX_POINT('',#2508);
#2510=CARTESIAN_POINT('',(-8.E0,-4.32E0,3.533115493685E0));
#2511=VERTEX_POINT('',#2510);
#2512=CARTESIAN_POINT('',(-8.E0,-4.32E0,-5.506896867551E0));
#2513=VERTEX_POINT('',#2512);
#2514=CARTESIAN_POINT('',(-9.128230382470E0,-4.32E0,-6.220829783429E0));
#2515=VERTEX_POINT('',#2514);
#2516=CARTESIAN_POINT('',(-9.58E0,-4.32E0,-5.506896867551E0));
#2517=VERTEX_POINT('',#2516);
#2518=CARTESIAN_POINT('',(9.58E0,-4.32E0,1.026664774876E0));
#2519=CARTESIAN_POINT('',(1.306455017114E1,-4.32E0,3.225349991373E-1));
#2520=VERTEX_POINT('',#2518);
#2521=VERTEX_POINT('',#2519);
#2522=CARTESIAN_POINT('',(1.216148432437E1,-4.32E0,-4.783805914548E0));
#2523=CARTESIAN_POINT('',(9.58E0,-4.32E0,-4.846664774876E0));
#2524=VERTEX_POINT('',#2522);
#2525=VERTEX_POINT('',#2523);
#2526=CARTESIAN_POINT('',(9.58E0,-4.32E0,-5.506896867551E0));
#2527=VERTEX_POINT('',#2526);
#2528=CARTESIAN_POINT('',(9.128230382470E0,-4.32E0,-6.220829783429E0));
#2529=VERTEX_POINT('',#2528);
#2530=CARTESIAN_POINT('',(8.E0,-4.32E0,-5.506896867551E0));
#2531=VERTEX_POINT('',#2530);
#2532=CARTESIAN_POINT('',(8.E0,-4.32E0,3.533115493685E0));
#2533=VERTEX_POINT('',#2532);
#2534=CARTESIAN_POINT('',(9.352576929309E0,-4.32E0,4.087738968314E0));
#2535=VERTEX_POINT('',#2534);
#2536=CARTESIAN_POINT('',(9.58E0,-4.32E0,3.533115493685E0));
#2537=VERTEX_POINT('',#2536);
#2538=CARTESIAN_POINT('',(-6.786529286478E0,-4.32E0,6.690584447100E0));
#2539=VERTEX_POINT('',#2538);
#2540=CARTESIAN_POINT('',(6.786529286478E0,-4.32E0,6.690584447100E0));
#2541=VERTEX_POINT('',#2540);
#2542=CARTESIAN_POINT('',(-1.277E1,0.E0,-1.91E0));
#2543=CARTESIAN_POINT('',(-8.83E0,0.E0,-1.91E0));
#2544=VERTEX_POINT('',#2542);
#2545=VERTEX_POINT('',#2543);
#2546=CARTESIAN_POINT('',(8.83E0,0.E0,-1.91E0));
#2547=CARTESIAN_POINT('',(1.277E1,0.E0,-1.91E0));
#2548=VERTEX_POINT('',#2546);
#2549=VERTEX_POINT('',#2547);
#2550=CARTESIAN_POINT('',(-1.277E1,-8.13E0,-1.91E0));
#2551=CARTESIAN_POINT('',(-8.83E0,-8.13E0,-1.91E0));
#2552=VERTEX_POINT('',#2550);
#2553=VERTEX_POINT('',#2551);
#2554=CARTESIAN_POINT('',(8.83E0,-8.13E0,-1.91E0));
#2555=CARTESIAN_POINT('',(1.277E1,-8.13E0,-1.91E0));
#2556=VERTEX_POINT('',#2554);
#2557=VERTEX_POINT('',#2555);
#2558=CARTESIAN_POINT('',(-1.005E0,8.38E0,0.E0));
#2559=CARTESIAN_POINT('',(1.005E0,8.38E0,0.E0));
#2560=VERTEX_POINT('',#2558);
#2561=VERTEX_POINT('',#2559);
#2562=CARTESIAN_POINT('',(1.635064731213E0,8.186784964923E0,0.E0));
#2563=CARTESIAN_POINT('',(-1.635064731213E0,8.186784964923E0,0.E0));
#2564=VERTEX_POINT('',#2562);
#2565=VERTEX_POINT('',#2563);
#2566=CARTESIAN_POINT('',(1.391599194107E0,8.38E0,0.E0));
#2567=CARTESIAN_POINT('',(-1.391599194107E0,8.38E0,0.E0));
#2568=VERTEX_POINT('',#2566);
#2569=VERTEX_POINT('',#2567);
#2570=CARTESIAN_POINT('',(-4.26E0,5.1E-1,0.E0));
#2571=CARTESIAN_POINT('',(4.26E0,5.1E-1,0.E0));
#2572=VERTEX_POINT('',#2570);
#2573=VERTEX_POINT('',#2571);
#2574=CARTESIAN_POINT('',(-1.97E0,2.8E0,0.E0));
#2575=CARTESIAN_POINT('',(1.97E0,2.8E0,0.E0));
#2576=VERTEX_POINT('',#2574);
#2577=VERTEX_POINT('',#2575);
#2578=CARTESIAN_POINT('',(8.1E-1,-5.08E0,7.878470663777E0));
#2579=CARTESIAN_POINT('',(-8.1E-1,-5.08E0,7.878470663777E0));
#2580=VERTEX_POINT('',#2578);
#2581=VERTEX_POINT('',#2579);
#2582=CARTESIAN_POINT('',(-8.1E-1,-5.08E0,9.495514730650E0));
#2583=VERTEX_POINT('',#2582);
#2584=CARTESIAN_POINT('',(8.1E-1,-5.08E0,9.495514730650E0));
#2585=VERTEX_POINT('',#2584);
#2586=CARTESIAN_POINT('',(-8.1E-1,-4.32E0,9.495514730650E0));
#2587=VERTEX_POINT('',#2586);
#2588=CARTESIAN_POINT('',(8.1E-1,-4.32E0,9.495514730650E0));
#2589=VERTEX_POINT('',#2588);
#2590=CARTESIAN_POINT('',(-4.080171575868E0,-2.8E0,-8.612380618126E0));
#2591=CARTESIAN_POINT('',(-1.216148432437E1,-2.8E0,-4.783805914548E0));
#2592=VERTEX_POINT('',#2590);
#2593=VERTEX_POINT('',#2591);
#2594=CARTESIAN_POINT('',(-1.306455017114E1,-2.8E0,3.225349991373E-1));
#2595=CARTESIAN_POINT('',(-6.786529286478E0,-2.8E0,6.690584447100E0));
#2596=VERTEX_POINT('',#2594);
#2597=VERTEX_POINT('',#2595);
#2598=CARTESIAN_POINT('',(6.786529286478E0,-2.8E0,6.690584447100E0));
#2599=CARTESIAN_POINT('',(1.306455017114E1,-2.8E0,3.225349991373E-1));
#2600=VERTEX_POINT('',#2598);
#2601=VERTEX_POINT('',#2599);
#2602=CARTESIAN_POINT('',(1.216148432437E1,-2.8E0,-4.783805914548E0));
#2603=CARTESIAN_POINT('',(4.080171575868E0,-2.8E0,-8.612380618126E0));
#2604=VERTEX_POINT('',#2602);
#2605=VERTEX_POINT('',#2603);
#2606=CARTESIAN_POINT('',(-8.910441477286E0,-2.8E0,-4.467727231204E0));
#2607=CARTESIAN_POINT('',(-8.351631536394E0,-2.8E0,-4.590332306088E0));
#2608=VERTEX_POINT('',#2606);
#2609=VERTEX_POINT('',#2607);
#2610=CARTESIAN_POINT('',(-8.351631536394E0,0.E0,-4.590332306088E0));
#2611=VERTEX_POINT('',#2610);
#2612=CARTESIAN_POINT('',(-8.910441477286E0,0.E0,-4.467727231204E0));
#2613=VERTEX_POINT('',#2612);
#2614=CARTESIAN_POINT('',(-9.419431057744E0,-2.8E0,1.447486976940E0));
#2615=CARTESIAN_POINT('',(-9.902295131505E0,-2.8E0,1.140659923538E0));
#2616=VERTEX_POINT('',#2614);
#2617=VERTEX_POINT('',#2615);
#2618=CARTESIAN_POINT('',(-9.902295131505E0,0.E0,1.140659923538E0));
#2619=VERTEX_POINT('',#2618);
#2620=CARTESIAN_POINT('',(-9.419431057744E0,0.E0,1.447486976940E0));
#2621=VERTEX_POINT('',#2620);
#2622=CARTESIAN_POINT('',(9.902295131505E0,-2.8E0,1.140659923538E0));
#2623=CARTESIAN_POINT('',(9.419431057744E0,-2.8E0,1.447486976940E0));
#2624=VERTEX_POINT('',#2622);
#2625=VERTEX_POINT('',#2623);
#2626=CARTESIAN_POINT('',(9.419431057744E0,0.E0,1.447486976940E0));
#2627=VERTEX_POINT('',#2626);
#2628=CARTESIAN_POINT('',(9.902295131505E0,0.E0,1.140659923538E0));
#2629=VERTEX_POINT('',#2628);
#2630=CARTESIAN_POINT('',(8.351631536394E0,-2.8E0,-4.590332306088E0));
#2631=CARTESIAN_POINT('',(8.910441477286E0,-2.8E0,-4.467727231204E0));
#2632=VERTEX_POINT('',#2630);
#2633=VERTEX_POINT('',#2631);
#2634=CARTESIAN_POINT('',(8.910441477286E0,0.E0,-4.467727231204E0));
#2635=VERTEX_POINT('',#2634);
#2636=CARTESIAN_POINT('',(8.351631536394E0,0.E0,-4.590332306088E0));
#2637=VERTEX_POINT('',#2636);
#2638=CARTESIAN_POINT('',(8.1E-1,-4.32E0,7.878470663777E0));
#2639=CARTESIAN_POINT('',(-8.1E-1,-4.32E0,7.878470663777E0));
#2640=VERTEX_POINT('',#2638);
#2641=VERTEX_POINT('',#2639);
#2642=CARTESIAN_POINT('',(-1.005E0,-4.E-1,0.E0));
#2643=CARTESIAN_POINT('',(1.005E0,-4.E-1,0.E0));
#2644=VERTEX_POINT('',#2642);
#2645=VERTEX_POINT('',#2643);
#2646=CARTESIAN_POINT('',(-7.62E0,-4.9002E0,0.E0));
#2647=CARTESIAN_POINT('',(7.62E0,-4.9002E0,0.E0));
#2648=VERTEX_POINT('',#2646);
#2649=VERTEX_POINT('',#2647);
#2650=CARTESIAN_POINT('',(7.62E0,-4.32E0,0.E0));
#2651=CARTESIAN_POINT('',(-7.62E0,-4.32E0,0.E0));
#2652=VERTEX_POINT('',#2650);
#2653=VERTEX_POINT('',#2651);
#2654=CARTESIAN_POINT('',(-3.E-3,-7.0962E0,-1.6135E0));
#2655=CARTESIAN_POINT('',(-3.E-3,-7.0962E0,-8.135E-1));
#2656=VERTEX_POINT('',#2654);
#2657=VERTEX_POINT('',#2655);
#2658=CARTESIAN_POINT('',(4.281450943978E0,-7.0962E0,-2.674280962116E0));
#2659=CARTESIAN_POINT('',(4.281450943978E0,-7.0962E0,1.7765E0));
#2660=VERTEX_POINT('',#2658);
#2661=VERTEX_POINT('',#2659);
#2662=CARTESIAN_POINT('',(4.681435713204E0,-6.699690614199E0,
-2.674289572964E0));
#2663=CARTESIAN_POINT('',(4.681435713204E0,-6.699690614200E0,1.776499999632E0));
#2664=VERTEX_POINT('',#2662);
#2665=VERTEX_POINT('',#2663);
#2666=CARTESIAN_POINT('',(4.187E0,-7.0962E0,1.870950943978E0));
#2667=VERTEX_POINT('',#2666);
#2668=CARTESIAN_POINT('',(4.187E0,-6.699690614199E0,2.270935713204E0));
#2669=VERTEX_POINT('',#2668);
#2670=CARTESIAN_POINT('',(-4.193E0,-7.0962E0,1.870950943978E0));
#2671=VERTEX_POINT('',#2670);
#2672=CARTESIAN_POINT('',(-4.192999999632E0,-6.699690614200E0,
2.270935713204E0));
#2673=VERTEX_POINT('',#2672);
#2674=CARTESIAN_POINT('',(-4.287450943978E0,-7.0962E0,1.7765E0));
#2675=VERTEX_POINT('',#2674);
#2676=CARTESIAN_POINT('',(-4.687435713204E0,-6.699690614199E0,1.7765E0));
#2677=VERTEX_POINT('',#2676);
#2678=CARTESIAN_POINT('',(-4.287450943978E0,-7.0962E0,-2.674280544815E0));
#2679=VERTEX_POINT('',#2678);
#2680=CARTESIAN_POINT('',(-4.687435713204E0,-6.699690614199E0,
-2.674289572964E0));
#2681=VERTEX_POINT('',#2680);
#2682=CARTESIAN_POINT('',(-2.633094187854E0,-7.0962E0,-4.297950943978E0));
#2683=CARTESIAN_POINT('',(2.627094204436E0,-7.0962E0,-4.297950943978E0));
#2684=VERTEX_POINT('',#2682);
#2685=VERTEX_POINT('',#2683);
#2686=CARTESIAN_POINT('',(-2.633101711823E0,-6.699690614199E0,
-4.697935713204E0));
#2687=CARTESIAN_POINT('',(2.627101711823E0,-6.699690614199E0,
-4.697935713204E0));
#2688=VERTEX_POINT('',#2686);
#2689=VERTEX_POINT('',#2687);
#2690=CARTESIAN_POINT('',(4.619474687093E0,-6.6962E0,-2.888158572754E0));
#2691=VERTEX_POINT('',#2690);
#2692=CARTESIAN_POINT('',(2.834604805399E0,-6.6962E0,-4.639919460269E0));
#2693=VERTEX_POINT('',#2692);
#2694=CARTESIAN_POINT('',(-4.625474687093E0,-6.6962E0,-2.888158572755E0));
#2695=VERTEX_POINT('',#2694);
#2696=CARTESIAN_POINT('',(-2.840604805399E0,-6.6962E0,-4.639919460268E0));
#2697=VERTEX_POINT('',#2696);
#2698=VERTEX_POINT('',#1354);
#2699=VERTEX_POINT('',#1722);
#2700=VERTEX_POINT('',#1347);
#2701=VERTEX_POINT('',#1787);
#2702=CARTESIAN_POINT('',(-4.192999999895E0,-5.799690614199E0,
-4.705789894216E0));
#2703=VERTEX_POINT('',#2702);
#2704=CARTESIAN_POINT('',(-4.193E0,-6.1962E0,-4.305805124990E0));
#2705=VERTEX_POINT('',#2704);
#2706=CARTESIAN_POINT('',(-4.695289894216E0,-5.799690614199E0,-4.2035E0));
#2707=VERTEX_POINT('',#2706);
#2708=CARTESIAN_POINT('',(-4.295305124990E0,-6.1962E0,-4.2035E0));
#2709=VERTEX_POINT('',#2708);
#2710=CARTESIAN_POINT('',(-4.695289917105E0,-5.799690614399E0,
-3.591242647154E0));
#2711=VERTEX_POINT('',#2710);
#2712=CARTESIAN_POINT('',(-4.295305124990E0,-6.196200000088E0,
-3.591242648605E0));
#2713=VERTEX_POINT('',#2712);
#2714=VERTEX_POINT('',#1224);
#2715=VERTEX_POINT('',#1685);
#2716=VERTEX_POINT('',#1807);
#2717=VERTEX_POINT('',#1360);
#2718=VERTEX_POINT('',#1367);
#2719=VERTEX_POINT('',#1926);
#2720=CARTESIAN_POINT('',(4.186999999912E0,-5.799690614199E0,
-4.705789894216E0));
#2721=VERTEX_POINT('',#2720);
#2722=CARTESIAN_POINT('',(4.187E0,-6.1962E0,-4.305805124990E0));
#2723=VERTEX_POINT('',#2722);
#2724=CARTESIAN_POINT('',(4.689289894216E0,-5.799690614199E0,-4.2035E0));
#2725=VERTEX_POINT('',#2724);
#2726=CARTESIAN_POINT('',(4.289305124990E0,-6.1962E0,-4.2035E0));
#2727=VERTEX_POINT('',#2726);
#2728=CARTESIAN_POINT('',(4.689289917670E0,-5.799690614404E0,
-3.591242647154E0));
#2729=VERTEX_POINT('',#2728);
#2730=CARTESIAN_POINT('',(4.289305124990E0,-6.196200000095E0,
-3.591242648136E0));
#2731=VERTEX_POINT('',#2730);
#2732=VERTEX_POINT('',#1282);
#2733=VERTEX_POINT('',#1885);
#2734=CARTESIAN_POINT('',(3.526736659610E0,-7.2762E0,1.2465E0));
#2735=CARTESIAN_POINT('',(3.787263340390E0,-7.2762E0,1.2465E0));
#2736=VERTEX_POINT('',#2734);
#2737=VERTEX_POINT('',#2735);
#2738=CARTESIAN_POINT('',(3.337E0,-7.0962E0,1.2465E0));
#2739=CARTESIAN_POINT('',(3.977E0,-7.0962E0,1.2465E0));
#2740=VERTEX_POINT('',#2738);
#2741=VERTEX_POINT('',#2739);
#2742=VERTEX_POINT('',#1963);
#2743=VERTEX_POINT('',#1972);
#2744=VERTEX_POINT('',#1733);
#2745=VERTEX_POINT('',#1742);
#2746=CARTESIAN_POINT('',(-3.E-3,-6.3862E0,-1.6135E0));
#2747=CARTESIAN_POINT('',(-3.E-3,-6.3862E0,-8.135E-1));
#2748=VERTEX_POINT('',#2746);
#2749=VERTEX_POINT('',#2747);
#2750=CARTESIAN_POINT('',(4.212E0,-6.1962E0,-3.680780592046E0));
#2751=CARTESIAN_POINT('',(4.212E0,-6.1962E0,-3.718519419237E0));
#2752=VERTEX_POINT('',#2750);
#2753=VERTEX_POINT('',#2751);
#2754=VERTEX_POINT('',#1862);
#2755=CARTESIAN_POINT('',(3.656805322691E0,-6.1962E0,-4.2285E0));
#2756=VERTEX_POINT('',#2755);
#2757=CARTESIAN_POINT('',(-3.662805322691E0,-6.1962E0,-4.2285E0));
#2758=CARTESIAN_POINT('',(-3.708019419237E0,-6.1962E0,-4.2285E0));
#2759=VERTEX_POINT('',#2757);
#2760=VERTEX_POINT('',#2758);
#2761=VERTEX_POINT('',#1627);
#2762=CARTESIAN_POINT('',(-4.218E0,-6.1962E0,-3.680780592046E0));
#2763=VERTEX_POINT('',#2762);
#2764=CARTESIAN_POINT('',(4.212E0,-6.3462E0,-3.449855546986E0));
#2765=CARTESIAN_POINT('',(4.212E0,-6.3862E0,-3.449855546986E0));
#2766=VERTEX_POINT('',#2764);
#2767=VERTEX_POINT('',#2765);
#2768=CARTESIAN_POINT('',(3.422007299262E0,-6.3462E0,-4.2285E0));
#2769=CARTESIAN_POINT('',(3.422007299262E0,-6.3862E0,-4.2285E0));
#2770=VERTEX_POINT('',#2768);
#2771=VERTEX_POINT('',#2769);
#2772=CARTESIAN_POINT('',(-3.428007299262E0,-6.3462E0,-4.2285E0));
#2773=CARTESIAN_POINT('',(-3.428007299262E0,-6.3862E0,-4.2285E0));
#2774=VERTEX_POINT('',#2772);
#2775=VERTEX_POINT('',#2773);
#2776=CARTESIAN_POINT('',(-4.218E0,-6.3462E0,-3.449855546986E0));
#2777=CARTESIAN_POINT('',(-4.218E0,-6.3862E0,-3.449855546986E0));
#2778=VERTEX_POINT('',#2776);
#2779=VERTEX_POINT('',#2777);
#2780=CARTESIAN_POINT('',(-3.5562E0,-4.8862E0,2.0156E1));
#2781=CARTESIAN_POINT('',(-4.0662E0,-4.8862E0,2.0156E1));
#2782=VERTEX_POINT('',#2780);
#2783=VERTEX_POINT('',#2781);
#2784=CARTESIAN_POINT('',(-1.0162E0,-4.8862E0,2.0156E1));
#2785=CARTESIAN_POINT('',(-1.5262E0,-4.8862E0,2.0156E1));
#2786=VERTEX_POINT('',#2784);
#2787=VERTEX_POINT('',#2785);
#2788=CARTESIAN_POINT('',(1.5238E0,-4.8862E0,2.0156E1));
#2789=CARTESIAN_POINT('',(1.0138E0,-4.8862E0,2.0156E1));
#2790=VERTEX_POINT('',#2788);
#2791=VERTEX_POINT('',#2789);
#2792=CARTESIAN_POINT('',(4.0638E0,-4.8862E0,2.0156E1));
#2793=CARTESIAN_POINT('',(3.5538E0,-4.8862E0,2.0156E1));
#2794=VERTEX_POINT('',#2792);
#2795=VERTEX_POINT('',#2793);
#2796=CARTESIAN_POINT('',(-3.5562E0,-5.1362E0,2.0156E1));
#2797=CARTESIAN_POINT('',(-4.0662E0,-5.1362E0,2.0156E1));
#2798=VERTEX_POINT('',#2796);
#2799=VERTEX_POINT('',#2797);
#2800=CARTESIAN_POINT('',(-1.0162E0,-5.1362E0,2.0156E1));
#2801=CARTESIAN_POINT('',(-1.5262E0,-5.1362E0,2.0156E1));
#2802=VERTEX_POINT('',#2800);
#2803=VERTEX_POINT('',#2801);
#2804=CARTESIAN_POINT('',(1.5238E0,-5.1362E0,2.0156E1));
#2805=CARTESIAN_POINT('',(1.0138E0,-5.1362E0,2.0156E1));
#2806=VERTEX_POINT('',#2804);
#2807=VERTEX_POINT('',#2805);
#2808=CARTESIAN_POINT('',(4.0638E0,-5.1362E0,2.0156E1));
#2809=CARTESIAN_POINT('',(3.5538E0,-5.1362E0,2.0156E1));
#2810=VERTEX_POINT('',#2808);
#2811=VERTEX_POINT('',#2809);
#2812=CARTESIAN_POINT('',(-1.5262E0,-4.9002E0,6.224E0));
#2813=CARTESIAN_POINT('',(-1.9062E0,-4.9002E0,5.844E0));
#2814=VERTEX_POINT('',#2812);
#2815=VERTEX_POINT('',#2813);
#2816=CARTESIAN_POINT('',(-6.362E-1,-4.9002E0,5.844E0));
#2817=CARTESIAN_POINT('',(-1.0162E0,-4.9002E0,6.224E0));
#2818=VERTEX_POINT('',#2816);
#2819=VERTEX_POINT('',#2817);
#2820=CARTESIAN_POINT('',(-1.0162E0,-4.9002E0,7.551936014030E0));
#2821=VERTEX_POINT('',#2820);
#2822=CARTESIAN_POINT('',(3.5538E0,-4.9002E0,6.740541933702E0));
#2823=CARTESIAN_POINT('',(3.5538E0,-4.9002E0,6.224E0));
#2824=VERTEX_POINT('',#2822);
#2825=VERTEX_POINT('',#2823);
#2826=CARTESIAN_POINT('',(3.1738E0,-4.9002E0,5.844E0));
#2827=VERTEX_POINT('',#2826);
#2828=CARTESIAN_POINT('',(4.4438E0,-4.9002E0,5.844E0));
#2829=CARTESIAN_POINT('',(4.0638E0,-4.9002E0,6.224E0));
#2830=VERTEX_POINT('',#2828);
#2831=VERTEX_POINT('',#2829);
#2832=CARTESIAN_POINT('',(4.0638E0,-4.9002E0,6.445923483877E0));
#2833=VERTEX_POINT('',#2832);
#2834=CARTESIAN_POINT('',(-1.5262E0,-4.9002E0,7.465595325224E0));
#2835=VERTEX_POINT('',#2834);
#2836=CARTESIAN_POINT('',(1.0138E0,-4.9002E0,7.552258573434E0));
#2837=CARTESIAN_POINT('',(1.0138E0,-4.9002E0,6.224E0));
#2838=VERTEX_POINT('',#2836);
#2839=VERTEX_POINT('',#2837);
#2840=CARTESIAN_POINT('',(6.338E-1,-4.9002E0,5.844E0));
#2841=VERTEX_POINT('',#2840);
#2842=CARTESIAN_POINT('',(1.9038E0,-4.9002E0,5.844E0));
#2843=CARTESIAN_POINT('',(1.5238E0,-4.9002E0,6.224E0));
#2844=VERTEX_POINT('',#2842);
#2845=VERTEX_POINT('',#2843);
#2846=CARTESIAN_POINT('',(1.5238E0,-4.9002E0,7.466085558042E0));
#2847=VERTEX_POINT('',#2846);
#2848=CARTESIAN_POINT('',(-4.0662E0,-4.9002E0,6.444409791439E0));
#2849=CARTESIAN_POINT('',(-4.0662E0,-4.9002E0,6.224E0));
#2850=VERTEX_POINT('',#2848);
#2851=VERTEX_POINT('',#2849);
#2852=CARTESIAN_POINT('',(-4.4462E0,-4.9002E0,5.844E0));
#2853=VERTEX_POINT('',#2852);
#2854=CARTESIAN_POINT('',(-3.1762E0,-4.9002E0,5.844E0));
#2855=CARTESIAN_POINT('',(-3.5562E0,-4.9002E0,6.224E0));
#2856=VERTEX_POINT('',#2854);
#2857=VERTEX_POINT('',#2855);
#2858=CARTESIAN_POINT('',(-3.5562E0,-4.9002E0,6.739276041238E0));
#2859=VERTEX_POINT('',#2858);
#2860=CARTESIAN_POINT('',(4.0638E0,-4.8862E0,6.445923483877E0));
#2861=CARTESIAN_POINT('',(3.5538E0,-4.8862E0,6.740541933702E0));
#2862=VERTEX_POINT('',#2860);
#2863=VERTEX_POINT('',#2861);
#2864=CARTESIAN_POINT('',(1.5238E0,-4.8862E0,7.466085558042E0));
#2865=CARTESIAN_POINT('',(1.0138E0,-4.8862E0,7.552258573434E0));
#2866=VERTEX_POINT('',#2864);
#2867=VERTEX_POINT('',#2865);
#2868=CARTESIAN_POINT('',(-1.0162E0,-4.8862E0,7.551936014030E0));
#2869=CARTESIAN_POINT('',(-1.5262E0,-4.8862E0,7.465595325224E0));
#2870=VERTEX_POINT('',#2868);
#2871=VERTEX_POINT('',#2869);
#2872=CARTESIAN_POINT('',(-3.5562E0,-4.8862E0,6.739276041238E0));
#2873=CARTESIAN_POINT('',(-4.0662E0,-4.8862E0,6.444409791439E0));
#2874=VERTEX_POINT('',#2872);
#2875=VERTEX_POINT('',#2873);
#2876=CARTESIAN_POINT('',(7.62E0,-4.9748E0,0.E0));
#2877=CARTESIAN_POINT('',(-7.62E0,-4.9748E0,0.E0));
#2878=VERTEX_POINT('',#2876);
#2879=VERTEX_POINT('',#2877);
#2880=CARTESIAN_POINT('',(5.59E0,-7.2078E0,0.E0));
#2881=CARTESIAN_POINT('',(-5.59E0,-7.2078E0,0.E0));
#2882=VERTEX_POINT('',#2880);
#2883=VERTEX_POINT('',#2881);
#2884=CARTESIAN_POINT('',(-5.59E0,-7.3878E0,0.E0));
#2885=CARTESIAN_POINT('',(5.59E0,-7.3878E0,0.E0));
#2886=VERTEX_POINT('',#2884);
#2887=VERTEX_POINT('',#2885);
#2888=CARTESIAN_POINT('',(0.E0,-7.3878E0,-6.5405E0));
#2889=CARTESIAN_POINT('',(0.E0,-7.3878E0,6.5405E0));
#2890=VERTEX_POINT('',#2888);
#2891=VERTEX_POINT('',#2889);
#2892=CARTESIAN_POINT('',(-7.62E0,-5.7368E0,0.E0));
#2893=CARTESIAN_POINT('',(7.62E0,-5.7368E0,0.E0));
#2894=VERTEX_POINT('',#2892);
#2895=VERTEX_POINT('',#2893);
#2896=CARTESIAN_POINT('',(-6.5405E0,-7.2862E0,0.E0));
#2897=CARTESIAN_POINT('',(0.E0,-7.2862E0,-6.5405E0));
#2898=VERTEX_POINT('',#2896);
#2899=VERTEX_POINT('',#2897);
#2900=CARTESIAN_POINT('',(6.5405E0,-7.2862E0,0.E0));
#2901=VERTEX_POINT('',#2900);
#2902=CARTESIAN_POINT('',(0.E0,-7.2862E0,6.5405E0));
#2903=VERTEX_POINT('',#2902);
#2904=CARTESIAN_POINT('',(-4.85E0,-7.2078E0,-2.779496357256E0));
#2905=CARTESIAN_POINT('',(-4.85E0,-7.2078E0,1.9E0));
#2906=VERTEX_POINT('',#2904);
#2907=VERTEX_POINT('',#2905);
#2908=CARTESIAN_POINT('',(-4.34E0,-7.2078E0,2.41E0));
#2909=VERTEX_POINT('',#2908);
#2910=CARTESIAN_POINT('',(4.34E0,-7.2078E0,2.41E0));
#2911=VERTEX_POINT('',#2910);
#2912=CARTESIAN_POINT('',(4.85E0,-7.2078E0,1.9E0));
#2913=VERTEX_POINT('',#2912);
#2914=CARTESIAN_POINT('',(4.85E0,-7.2078E0,-2.779496357256E0));
#2915=VERTEX_POINT('',#2914);
#2916=CARTESIAN_POINT('',(2.726481248789E0,-7.2078E0,-4.88E0));
#2917=CARTESIAN_POINT('',(-2.726481248789E0,-7.2078E0,-4.88E0));
#2918=VERTEX_POINT('',#2916);
#2919=VERTEX_POINT('',#2917);
#2920=CARTESIAN_POINT('',(-4.85E0,-6.5938E0,-4.37E0));
#2921=CARTESIAN_POINT('',(-4.34E0,-6.5938E0,-4.88E0));
#2922=VERTEX_POINT('',#2920);
#2923=VERTEX_POINT('',#2921);
#2924=CARTESIAN_POINT('',(4.34E0,-6.5938E0,-4.88E0));
#2925=CARTESIAN_POINT('',(4.85E0,-6.5938E0,-4.37E0));
#2926=VERTEX_POINT('',#2924);
#2927=VERTEX_POINT('',#2925);
#2928=CARTESIAN_POINT('',(-3.298134922650E0,-6.5938E0,-4.879998646949E0));
#2929=CARTESIAN_POINT('',(-4.849998655267E0,-6.5938E0,-3.342094224604E0));
#2930=VERTEX_POINT('',#2928);
#2931=VERTEX_POINT('',#2929);
#2932=CARTESIAN_POINT('',(-2.726481248789E0,-6.893798450091E0,-4.88E0));
#2933=CARTESIAN_POINT('',(-4.85E0,-6.893798450091E0,-2.779496357256E0));
#2934=VERTEX_POINT('',#2932);
#2935=VERTEX_POINT('',#2933);
#2936=CARTESIAN_POINT('',(4.849998643777E0,-6.5938E0,-3.342094216686E0));
#2937=CARTESIAN_POINT('',(3.298134914836E0,-6.5938E0,-4.879998635388E0));
#2938=VERTEX_POINT('',#2936);
#2939=VERTEX_POINT('',#2937);
#2940=CARTESIAN_POINT('',(4.85E0,-6.893798436847E0,-2.779496357256E0));
#2941=CARTESIAN_POINT('',(2.726481248789E0,-6.893798436847E0,-4.88E0));
#2942=VERTEX_POINT('',#2940);
#2943=VERTEX_POINT('',#2941);
#2944=CARTESIAN_POINT('',(-4.85E0,-5.3848E0,-4.37E0));
#2945=CARTESIAN_POINT('',(-4.85E0,-5.3848E0,1.9E0));
#2946=VERTEX_POINT('',#2944);
#2947=VERTEX_POINT('',#2945);
#2948=CARTESIAN_POINT('',(-4.34E0,-5.3848E0,2.41E0));
#2949=VERTEX_POINT('',#2948);
#2950=CARTESIAN_POINT('',(4.34E0,-5.3848E0,2.41E0));
#2951=VERTEX_POINT('',#2950);
#2952=CARTESIAN_POINT('',(4.85E0,-5.3848E0,1.9E0));
#2953=VERTEX_POINT('',#2952);
#2954=CARTESIAN_POINT('',(4.85E0,-5.3848E0,-4.37E0));
#2955=VERTEX_POINT('',#2954);
#2956=CARTESIAN_POINT('',(4.34E0,-5.3848E0,-4.88E0));
#2957=CARTESIAN_POINT('',(-4.34E0,-5.3848E0,-4.88E0));
#2958=VERTEX_POINT('',#2956);
#2959=VERTEX_POINT('',#2957);
#2960=CARTESIAN_POINT('',(5.13E0,-4.9748E0,4.835866003106E0));
#2961=CARTESIAN_POINT('',(-5.13E0,-4.9748E0,4.835866003106E0));
#2962=VERTEX_POINT('',#2960);
#2963=VERTEX_POINT('',#2961);
#2964=CARTESIAN_POINT('',(5.13E0,-4.9002E0,4.835866003106E0));
#2965=CARTESIAN_POINT('',(-5.13E0,-4.9002E0,4.835866003106E0));
#2966=VERTEX_POINT('',#2964);
#2967=VERTEX_POINT('',#2965);
#2968=CARTESIAN_POINT('',(-4.4462E0,-4.9002E0,4.835866003106E0));
#2969=VERTEX_POINT('',#2968);
#2970=CARTESIAN_POINT('',(-3.1762E0,-4.9002E0,4.835866003106E0));
#2971=CARTESIAN_POINT('',(-1.9062E0,-4.9002E0,4.835866003106E0));
#2972=VERTEX_POINT('',#2970);
#2973=VERTEX_POINT('',#2971);
#2974=CARTESIAN_POINT('',(-6.362E-1,-4.9002E0,4.835866003106E0));
#2975=CARTESIAN_POINT('',(6.338E-1,-4.9002E0,4.835866003106E0));
#2976=VERTEX_POINT('',#2974);
#2977=VERTEX_POINT('',#2975);
#2978=CARTESIAN_POINT('',(1.9038E0,-4.9002E0,4.835866003106E0));
#2979=CARTESIAN_POINT('',(3.1738E0,-4.9002E0,4.835866003106E0));
#2980=VERTEX_POINT('',#2978);
#2981=VERTEX_POINT('',#2979);
#2982=CARTESIAN_POINT('',(4.4438E0,-4.9002E0,4.835866003106E0));
#2983=VERTEX_POINT('',#2982);
#2984=CARTESIAN_POINT('',(-4.698910589753E0,-5.3848E0,-4.2035E0));
#2985=CARTESIAN_POINT('',(-4.698910589753E0,-5.3848E0,1.7765E0));
#2986=VERTEX_POINT('',#2984);
#2987=VERTEX_POINT('',#2985);
#2988=CARTESIAN_POINT('',(4.692910589753E0,-5.3848E0,1.7765E0));
#2989=CARTESIAN_POINT('',(4.692910589753E0,-5.3848E0,-4.2035E0));
#2990=VERTEX_POINT('',#2988);
#2991=VERTEX_POINT('',#2989);
#2992=CARTESIAN_POINT('',(-4.193E0,-5.3848E0,2.282410589753E0));
#2993=CARTESIAN_POINT('',(4.187E0,-5.3848E0,2.282410589753E0));
#2994=VERTEX_POINT('',#2992);
#2995=VERTEX_POINT('',#2993);
#2996=CARTESIAN_POINT('',(4.187E0,-5.3848E0,-4.709410589753E0));
#2997=CARTESIAN_POINT('',(-4.193E0,-5.3848E0,-4.709410589753E0));
#2998=VERTEX_POINT('',#2996);
#2999=VERTEX_POINT('',#2997);
#3000=CARTESIAN_POINT('',(-4.0662E0,-5.1362E0,6.444409791439E0));
#3001=CARTESIAN_POINT('',(-3.5562E0,-5.1362E0,6.739276041238E0));
#3002=VERTEX_POINT('',#3000);
#3003=VERTEX_POINT('',#3001);
#3004=CARTESIAN_POINT('',(-1.5262E0,-5.1362E0,7.465595325224E0));
#3005=CARTESIAN_POINT('',(-1.0162E0,-5.1362E0,7.551936014030E0));
#3006=VERTEX_POINT('',#3004);
#3007=VERTEX_POINT('',#3005);
#3008=CARTESIAN_POINT('',(1.0138E0,-5.1362E0,7.552258573434E0));
#3009=CARTESIAN_POINT('',(1.5238E0,-5.1362E0,7.466085558042E0));
#3010=VERTEX_POINT('',#3008);
#3011=VERTEX_POINT('',#3009);
#3012=CARTESIAN_POINT('',(3.5538E0,-5.1362E0,6.740541933702E0));
#3013=CARTESIAN_POINT('',(4.0638E0,-5.1362E0,6.445923483877E0));
#3014=VERTEX_POINT('',#3012);
#3015=VERTEX_POINT('',#3013);
#3016=CARTESIAN_POINT('',(-1.5262E0,-4.9748E0,6.224E0));
#3017=CARTESIAN_POINT('',(-1.9062E0,-4.9748E0,5.844E0));
#3018=VERTEX_POINT('',#3016);
#3019=VERTEX_POINT('',#3017);
#3020=CARTESIAN_POINT('',(-1.9062E0,-4.9748E0,4.835866003106E0));
#3021=VERTEX_POINT('',#3020);
#3022=CARTESIAN_POINT('',(-6.362E-1,-4.9748E0,4.835866003106E0));
#3023=CARTESIAN_POINT('',(-6.362E-1,-4.9748E0,5.844E0));
#3024=VERTEX_POINT('',#3022);
#3025=VERTEX_POINT('',#3023);
#3026=CARTESIAN_POINT('',(-1.0162E0,-4.9748E0,6.224E0));
#3027=VERTEX_POINT('',#3026);
#3028=CARTESIAN_POINT('',(-1.0162E0,-4.9748E0,7.551936014030E0));
#3029=VERTEX_POINT('',#3028);
#3030=CARTESIAN_POINT('',(3.5538E0,-4.9748E0,6.740541933702E0));
#3031=VERTEX_POINT('',#3030);
#3032=CARTESIAN_POINT('',(3.5538E0,-4.9748E0,6.224E0));
#3033=VERTEX_POINT('',#3032);
#3034=CARTESIAN_POINT('',(3.1738E0,-4.9748E0,5.844E0));
#3035=VERTEX_POINT('',#3034);
#3036=CARTESIAN_POINT('',(3.1738E0,-4.9748E0,4.835866003106E0));
#3037=VERTEX_POINT('',#3036);
#3038=CARTESIAN_POINT('',(4.4438E0,-4.9748E0,4.835866003106E0));
#3039=CARTESIAN_POINT('',(4.4438E0,-4.9748E0,5.844E0));
#3040=VERTEX_POINT('',#3038);
#3041=VERTEX_POINT('',#3039);
#3042=CARTESIAN_POINT('',(4.0638E0,-4.9748E0,6.224E0));
#3043=VERTEX_POINT('',#3042);
#3044=CARTESIAN_POINT('',(4.0638E0,-4.9748E0,6.445923483877E0));
#3045=VERTEX_POINT('',#3044);
#3046=CARTESIAN_POINT('',(-1.5262E0,-4.9748E0,7.465595325224E0));
#3047=VERTEX_POINT('',#3046);
#3048=CARTESIAN_POINT('',(1.0138E0,-4.9748E0,7.552258573434E0));
#3049=VERTEX_POINT('',#3048);
#3050=CARTESIAN_POINT('',(1.0138E0,-4.9748E0,6.224E0));
#3051=VERTEX_POINT('',#3050);
#3052=CARTESIAN_POINT('',(6.338E-1,-4.9748E0,5.844E0));
#3053=VERTEX_POINT('',#3052);
#3054=CARTESIAN_POINT('',(6.338E-1,-4.9748E0,4.835866003106E0));
#3055=VERTEX_POINT('',#3054);
#3056=CARTESIAN_POINT('',(1.9038E0,-4.9748E0,4.835866003106E0));
#3057=CARTESIAN_POINT('',(1.9038E0,-4.9748E0,5.844E0));
#3058=VERTEX_POINT('',#3056);
#3059=VERTEX_POINT('',#3057);
#3060=CARTESIAN_POINT('',(1.5238E0,-4.9748E0,6.224E0));
#3061=VERTEX_POINT('',#3060);
#3062=CARTESIAN_POINT('',(1.5238E0,-4.9748E0,7.466085558042E0));
#3063=VERTEX_POINT('',#3062);
#3064=CARTESIAN_POINT('',(-4.0662E0,-4.9748E0,6.444409791439E0));
#3065=VERTEX_POINT('',#3064);
#3066=CARTESIAN_POINT('',(-4.0662E0,-4.9748E0,6.224E0));
#3067=VERTEX_POINT('',#3066);
#3068=CARTESIAN_POINT('',(-4.4462E0,-4.9748E0,5.844E0));
#3069=VERTEX_POINT('',#3068);
#3070=CARTESIAN_POINT('',(-4.4462E0,-4.9748E0,4.835866003106E0));
#3071=VERTEX_POINT('',#3070);
#3072=CARTESIAN_POINT('',(-3.1762E0,-4.9748E0,4.835866003106E0));
#3073=CARTESIAN_POINT('',(-3.1762E0,-4.9748E0,5.844E0));
#3074=VERTEX_POINT('',#3072);
#3075=VERTEX_POINT('',#3073);
#3076=CARTESIAN_POINT('',(-3.5562E0,-4.9748E0,6.224E0));
#3077=VERTEX_POINT('',#3076);
#3078=CARTESIAN_POINT('',(-3.5562E0,-4.9748E0,6.739276041238E0));
#3079=VERTEX_POINT('',#3078);
#3080=CARTESIAN_POINT('',(0.E0,8.38E0,0.E0));
#3081=DIRECTION('',(0.E0,-1.E0,0.E0));
#3082=DIRECTION('',(-1.E0,0.E0,0.E0));
#3083=AXIS2_PLACEMENT_3D('',#3080,#3081,#3082);
#3084=PLANE('',#3083);
#3086=ORIENTED_EDGE('',*,*,#3085,.T.);
#3088=ORIENTED_EDGE('',*,*,#3087,.T.);
#3089=EDGE_LOOP('',(#3086,#3088));
#3090=FACE_OUTER_BOUND('',#3089,.F.);
#3092=ORIENTED_EDGE('',*,*,#3091,.F.);
#3094=ORIENTED_EDGE('',*,*,#3093,.F.);
#3095=EDGE_LOOP('',(#3092,#3094));
#3096=FACE_BOUND('',#3095,.F.);
#3097=ADVANCED_FACE('',(#3090,#3096),#3084,.F.);
#3098=CARTESIAN_POINT('',(0.E0,8.13E0,0.E0));
#3099=DIRECTION('',(0.E0,-1.E0,0.E0));
#3100=DIRECTION('',(9.995348345961E-1,0.E0,-3.049777744289E-2));
#3101=AXIS2_PLACEMENT_3D('',#3098,#3099,#3100);
#3102=TOROIDAL_SURFACE('',#3101,1.391599194107E0,2.5E-1);
#3104=ORIENTED_EDGE('',*,*,#3103,.T.);
#3106=ORIENTED_EDGE('',*,*,#3105,.T.);
#3107=ORIENTED_EDGE('',*,*,#3085,.F.);
#3109=ORIENTED_EDGE('',*,*,#3108,.F.);
#3110=EDGE_LOOP('',(#3104,#3106,#3107,#3109));
#3111=FACE_OUTER_BOUND('',#3110,.F.);
#3112=ADVANCED_FACE('',(#3111),#3102,.T.);
#3113=CARTESIAN_POINT('',(0.E0,6.568392482461E0,0.E0));
#3114=DIRECTION('',(0.E0,-1.E0,0.E0));
#3115=DIRECTION('',(-1.E0,0.E0,0.E0));
#3116=AXIS2_PLACEMENT_3D('',#3113,#3114,#3115);
#3117=CONICAL_SURFACE('',#3116,2.012532365607E0,1.312874158941E1);
#3118=ORIENTED_EDGE('',*,*,#3103,.F.);
#3120=ORIENTED_EDGE('',*,*,#3119,.T.);
#3122=ORIENTED_EDGE('',*,*,#3121,.F.);
#3124=ORIENTED_EDGE('',*,*,#3123,.F.);
#3125=EDGE_LOOP('',(#3118,#3120,#3122,#3124));
#3126=FACE_OUTER_BOUND('',#3125,.F.);
#3127=ADVANCED_FACE('',(#3126),#3117,.T.);
#3128=CARTESIAN_POINT('',(0.E0,6.568392482461E0,0.E0));
#3129=DIRECTION('',(0.E0,-1.E0,0.E0));
#3130=DIRECTION('',(-1.E0,0.E0,0.E0));
#3131=AXIS2_PLACEMENT_3D('',#3128,#3129,#3130);
#3132=CONICAL_SURFACE('',#3131,2.012532365607E0,1.312874158941E1);
#3134=ORIENTED_EDGE('',*,*,#3133,.F.);
#3135=ORIENTED_EDGE('',*,*,#3123,.T.);
#3137=ORIENTED_EDGE('',*,*,#3136,.T.);
#3138=ORIENTED_EDGE('',*,*,#3119,.F.);
#3139=EDGE_LOOP('',(#3134,#3135,#3137,#3138));
#3140=FACE_OUTER_BOUND('',#3139,.F.);
#3141=ADVANCED_FACE('',(#3140),#3132,.T.);
#3142=CARTESIAN_POINT('',(0.E0,8.13E0,0.E0));
#3143=DIRECTION('',(0.E0,-1.E0,0.E0));
#3144=DIRECTION('',(-9.995348345961E-1,0.E0,3.049777744289E-2));
#3145=AXIS2_PLACEMENT_3D('',#3142,#3143,#3144);
#3146=TOROIDAL_SURFACE('',#3145,1.391599194107E0,2.5E-1);
#3147=ORIENTED_EDGE('',*,*,#3133,.T.);
#3148=ORIENTED_EDGE('',*,*,#3108,.T.);
#3149=ORIENTED_EDGE('',*,*,#3087,.F.);
#3150=ORIENTED_EDGE('',*,*,#3105,.F.);
#3151=EDGE_LOOP('',(#3147,#3148,#3149,#3150));
#3152=FACE_OUTER_BOUND('',#3151,.F.);
#3153=ADVANCED_FACE('',(#3152),#3146,.T.);
#3154=CARTESIAN_POINT('',(0.E0,4.95E0,0.E0));
#3155=DIRECTION('',(0.E0,-1.E0,0.E0));
#3156=DIRECTION('',(-1.E0,0.E0,0.E0));
#3157=AXIS2_PLACEMENT_3D('',#3154,#3155,#3156);
#3158=PLANE('',#3157);
#3159=ORIENTED_EDGE('',*,*,#3121,.T.);
#3160=ORIENTED_EDGE('',*,*,#3136,.F.);
#3161=EDGE_LOOP('',(#3159,#3160));
#3162=FACE_OUTER_BOUND('',#3161,.F.);
#3164=ORIENTED_EDGE('',*,*,#3163,.T.);
#3166=ORIENTED_EDGE('',*,*,#3165,.F.);
#3167=EDGE_LOOP('',(#3164,#3166));
#3168=FACE_BOUND('',#3167,.F.);
#3169=ADVANCED_FACE('',(#3162,#3168),#3158,.T.);
#3170=CARTESIAN_POINT('',(0.E0,8.799E0,0.E0));
#3171=DIRECTION('',(0.E0,-1.E0,0.E0));
#3172=DIRECTION('',(-1.E0,0.E0,0.E0));
#3173=AXIS2_PLACEMENT_3D('',#3170,#3171,#3172);
#3174=CYLINDRICAL_SURFACE('',#3173,1.97E0);
#3176=ORIENTED_EDGE('',*,*,#3175,.F.);
#3178=ORIENTED_EDGE('',*,*,#3177,.F.);
#3179=ORIENTED_EDGE('',*,*,#3163,.F.);
#3181=ORIENTED_EDGE('',*,*,#3180,.T.);
#3182=EDGE_LOOP('',(#3176,#3178,#3179,#3181));
#3183=FACE_OUTER_BOUND('',#3182,.F.);
#3184=ADVANCED_FACE('',(#3183),#3174,.T.);
#3185=CARTESIAN_POINT('',(0.E0,2.8E0,0.E0));
#3186=DIRECTION('',(0.E0,-1.E0,0.E0));
#3187=DIRECTION('',(9.991283216731E-1,0.E0,4.174442274882E-2));
#3188=AXIS2_PLACEMENT_3D('',#3185,#3186,#3187);
#3189=TOROIDAL_SURFACE('',#3188,4.26E0,2.29E0);
#3191=ORIENTED_EDGE('',*,*,#3190,.F.);
#3193=ORIENTED_EDGE('',*,*,#3192,.T.);
#3194=ORIENTED_EDGE('',*,*,#3175,.T.);
#3196=ORIENTED_EDGE('',*,*,#3195,.F.);
#3197=EDGE_LOOP('',(#3191,#3193,#3194,#3196));
#3198=FACE_OUTER_BOUND('',#3197,.F.);
#3199=ADVANCED_FACE('',(#3198),#3189,.F.);
#3200=CARTESIAN_POINT('',(0.E0,5.1E-1,0.E0));
#3201=DIRECTION('',(0.E0,-1.E0,0.E0));
#3202=DIRECTION('',(-1.E0,0.E0,0.E0));
#3203=AXIS2_PLACEMENT_3D('',#3200,#3201,#3202);
#3204=PLANE('',#3203);
#3206=ORIENTED_EDGE('',*,*,#3205,.T.);
#3208=ORIENTED_EDGE('',*,*,#3207,.F.);
#3209=EDGE_LOOP('',(#3206,#3208));
#3210=FACE_OUTER_BOUND('',#3209,.F.);
#3212=ORIENTED_EDGE('',*,*,#3211,.T.);
#3213=ORIENTED_EDGE('',*,*,#3190,.T.);
#3214=EDGE_LOOP('',(#3212,#3213));
#3215=FACE_BOUND('',#3214,.F.);
#3216=ADVANCED_FACE('',(#3210,#3215),#3204,.F.);
#3217=CARTESIAN_POINT('',(0.E0,8.799E0,0.E0));
#3218=DIRECTION('',(0.E0,-1.E0,0.E0));
#3219=DIRECTION('',(-1.E0,0.E0,0.E0));
#3220=AXIS2_PLACEMENT_3D('',#3217,#3218,#3219);
#3221=CYLINDRICAL_SURFACE('',#3220,6.275E0);
#3223=ORIENTED_EDGE('',*,*,#3222,.T.);
#3225=ORIENTED_EDGE('',*,*,#3224,.F.);
#3226=ORIENTED_EDGE('',*,*,#3205,.F.);
#3228=ORIENTED_EDGE('',*,*,#3227,.T.);
#3229=EDGE_LOOP('',(#3223,#3225,#3226,#3228));
#3230=FACE_OUTER_BOUND('',#3229,.F.);
#3231=ADVANCED_FACE('',(#3230),#3221,.T.);
#3232=CARTESIAN_POINT('',(0.E0,0.E0,0.E0));
#3233=DIRECTION('',(0.E0,-1.E0,0.E0));
#3234=DIRECTION('',(-1.E0,0.E0,0.E0));
#3235=AXIS2_PLACEMENT_3D('',#3232,#3233,#3234);
#3236=PLANE('',#3235);
#3238=ORIENTED_EDGE('',*,*,#3237,.F.);
#3240=ORIENTED_EDGE('',*,*,#3239,.F.);
#3242=ORIENTED_EDGE('',*,*,#3241,.F.);
#3244=ORIENTED_EDGE('',*,*,#3243,.F.);
#3246=ORIENTED_EDGE('',*,*,#3245,.F.);
#3248=ORIENTED_EDGE('',*,*,#3247,.F.);
#3250=ORIENTED_EDGE('',*,*,#3249,.F.);
#3252=ORIENTED_EDGE('',*,*,#3251,.F.);
#3253=EDGE_LOOP('',(#3238,#3240,#3242,#3244,#3246,#3248,#3250,#3252));
#3254=FACE_OUTER_BOUND('',#3253,.F.);
#3255=ORIENTED_EDGE('',*,*,#3222,.F.);
#3257=ORIENTED_EDGE('',*,*,#3256,.F.);
#3258=EDGE_LOOP('',(#3255,#3257));
#3259=FACE_BOUND('',#3258,.F.);
#3261=ORIENTED_EDGE('',*,*,#3260,.F.);
#3263=ORIENTED_EDGE('',*,*,#3262,.F.);
#3264=EDGE_LOOP('',(#3261,#3263));
#3265=FACE_BOUND('',#3264,.F.);
#3267=ORIENTED_EDGE('',*,*,#3266,.F.);
#3269=ORIENTED_EDGE('',*,*,#3268,.F.);
#3270=EDGE_LOOP('',(#3267,#3269));
#3271=FACE_BOUND('',#3270,.F.);
#3272=ADVANCED_FACE('',(#3254,#3259,#3265,#3271),#3236,.F.);
#3273=CARTESIAN_POINT('',(0.E0,-4.32E0,0.E0));
#3274=DIRECTION('',(0.E0,1.E0,0.E0));
#3275=DIRECTION('',(0.E0,0.E0,-1.E0));
#3276=AXIS2_PLACEMENT_3D('',#3273,#3274,#3275);
#3277=CYLINDRICAL_SURFACE('',#3276,9.53E0);
#3279=ORIENTED_EDGE('',*,*,#3278,.F.);
#3280=ORIENTED_EDGE('',*,*,#3237,.T.);
#3282=ORIENTED_EDGE('',*,*,#3281,.T.);
#3284=ORIENTED_EDGE('',*,*,#3283,.T.);
#3286=ORIENTED_EDGE('',*,*,#3285,.F.);
#3288=ORIENTED_EDGE('',*,*,#3287,.F.);
#3290=ORIENTED_EDGE('',*,*,#3289,.F.);
#3292=ORIENTED_EDGE('',*,*,#3291,.F.);
#3294=ORIENTED_EDGE('',*,*,#3293,.T.);
#3296=ORIENTED_EDGE('',*,*,#3295,.F.);
#3298=ORIENTED_EDGE('',*,*,#3297,.T.);
#3300=ORIENTED_EDGE('',*,*,#3299,.T.);
#3301=EDGE_LOOP('',(#3279,#3280,#3282,#3284,#3286,#3288,#3290,#3292,#3294,#3296,
#3298,#3300));
#3302=FACE_OUTER_BOUND('',#3301,.F.);
#3303=ADVANCED_FACE('',(#3302),#3277,.T.);
#3304=CARTESIAN_POINT('',(-9.795022222691E0,5.892851844828E-2,
1.505204191130E0));
#3305=DIRECTION('',(0.E0,-1.E0,0.E0));
#3306=DIRECTION('',(-2.822971284577E-1,0.E0,-9.593270199804E-1));
#3307=AXIS2_PLACEMENT_3D('',#3304,#3305,#3306);
#3308=CYLINDRICAL_SURFACE('',#3307,3.8E-1);
#3310=ORIENTED_EDGE('',*,*,#3309,.T.);
#3312=ORIENTED_EDGE('',*,*,#3311,.F.);
#3313=ORIENTED_EDGE('',*,*,#3239,.T.);
#3314=ORIENTED_EDGE('',*,*,#3278,.T.);
#3315=EDGE_LOOP('',(#3310,#3312,#3313,#3314));
#3316=FACE_OUTER_BOUND('',#3315,.F.);
#3317=ADVANCED_FACE('',(#3316),#3308,.F.);
#3318=CARTESIAN_POINT('',(0.E0,-2.8E0,0.E0));
#3319=DIRECTION('',(0.E0,1.E0,0.E0));
#3320=DIRECTION('',(-1.E0,0.E0,0.E0));
#3321=AXIS2_PLACEMENT_3D('',#3318,#3319,#3320);
#3322=PLANE('',#3321);
#3323=ORIENTED_EDGE('',*,*,#3309,.F.);
#3324=ORIENTED_EDGE('',*,*,#3299,.F.);
#3326=ORIENTED_EDGE('',*,*,#3325,.F.);
#3328=ORIENTED_EDGE('',*,*,#3327,.F.);
#3329=EDGE_LOOP('',(#3323,#3324,#3326,#3328));
#3330=FACE_OUTER_BOUND('',#3329,.F.);
#3331=ADVANCED_FACE('',(#3330),#3322,.T.);
#3332=CARTESIAN_POINT('',(-1.306455017114E1,-4.32E0,3.225349991373E-1));
#3333=DIRECTION('',(-7.121226953282E-1,0.E0,7.020550311752E-1));
#3334=DIRECTION('',(7.020550311752E-1,0.E0,7.121226953282E-1));
#3335=AXIS2_PLACEMENT_3D('',#3332,#3333,#3334);
#3336=PLANE('',#3335);
#3337=ORIENTED_EDGE('',*,*,#3325,.T.);
#3338=ORIENTED_EDGE('',*,*,#3297,.F.);
#3340=ORIENTED_EDGE('',*,*,#3339,.F.);
#3342=ORIENTED_EDGE('',*,*,#3341,.F.);
#3344=ORIENTED_EDGE('',*,*,#3343,.T.);
#3345=EDGE_LOOP('',(#3337,#3338,#3340,#3342,#3344));
#3346=FACE_OUTER_BOUND('',#3345,.F.);
#3347=ADVANCED_FACE('',(#3346),#3336,.T.);
#3348=CARTESIAN_POINT('',(0.E0,-4.32E0,0.E0));
#3349=DIRECTION('',(0.E0,1.E0,0.E0));
#3350=DIRECTION('',(0.E0,0.E0,-1.E0));
#3351=AXIS2_PLACEMENT_3D('',#3348,#3349,#3350);
#3352=PLANE('',#3351);
#3354=ORIENTED_EDGE('',*,*,#3353,.F.);
#3356=ORIENTED_EDGE('',*,*,#3355,.F.);
#3358=ORIENTED_EDGE('',*,*,#3357,.F.);
#3359=ORIENTED_EDGE('',*,*,#3287,.T.);
#3361=ORIENTED_EDGE('',*,*,#3360,.T.);
#3363=ORIENTED_EDGE('',*,*,#3362,.F.);
#3365=ORIENTED_EDGE('',*,*,#3364,.F.);
#3367=ORIENTED_EDGE('',*,*,#3366,.F.);
#3369=ORIENTED_EDGE('',*,*,#3368,.T.);
#3371=ORIENTED_EDGE('',*,*,#3370,.T.);
#3373=ORIENTED_EDGE('',*,*,#3372,.T.);
#3375=ORIENTED_EDGE('',*,*,#3374,.F.);
#3377=ORIENTED_EDGE('',*,*,#3376,.F.);
#3379=ORIENTED_EDGE('',*,*,#3378,.F.);
#3380=ORIENTED_EDGE('',*,*,#3339,.T.);
#3381=ORIENTED_EDGE('',*,*,#3295,.T.);
#3382=EDGE_LOOP('',(#3354,#3356,#3358,#3359,#3361,#3363,#3365,#3367,#3369,#3371,
#3373,#3375,#3377,#3379,#3380,#3381));
#3383=FACE_OUTER_BOUND('',#3382,.F.);
#3385=ORIENTED_EDGE('',*,*,#3384,.T.);
#3387=ORIENTED_EDGE('',*,*,#3386,.T.);
#3388=EDGE_LOOP('',(#3385,#3387));
#3389=FACE_BOUND('',#3388,.F.);
#3390=ADVANCED_FACE('',(#3383,#3389),#3352,.F.);
#3391=CARTESIAN_POINT('',(-8.1E-1,-5.08E0,7.878470663777E0));
#3392=DIRECTION('',(-1.E0,0.E0,0.E0));
#3393=DIRECTION('',(0.E0,0.E0,1.E0));
#3394=AXIS2_PLACEMENT_3D('',#3391,#3392,#3393);
#3395=PLANE('',#3394);
#3396=ORIENTED_EDGE('',*,*,#3353,.T.);
#3397=ORIENTED_EDGE('',*,*,#3293,.F.);
#3399=ORIENTED_EDGE('',*,*,#3398,.F.);
#3401=ORIENTED_EDGE('',*,*,#3400,.T.);
#3402=EDGE_LOOP('',(#3396,#3397,#3399,#3401));
#3403=FACE_OUTER_BOUND('',#3402,.F.);
#3404=ADVANCED_FACE('',(#3403),#3395,.T.);
#3405=CARTESIAN_POINT('',(0.E0,-5.08E0,0.E0));
#3406=DIRECTION('',(0.E0,1.E0,0.E0));
#3407=DIRECTION('',(1.E0,0.E0,0.E0));
#3408=AXIS2_PLACEMENT_3D('',#3405,#3406,#3407);
#3409=PLANE('',#3408);
#3411=ORIENTED_EDGE('',*,*,#3410,.T.);
#3412=ORIENTED_EDGE('',*,*,#3398,.T.);
#3413=ORIENTED_EDGE('',*,*,#3291,.T.);
#3415=ORIENTED_EDGE('',*,*,#3414,.T.);
#3416=EDGE_LOOP('',(#3411,#3412,#3413,#3415));
#3417=FACE_OUTER_BOUND('',#3416,.F.);
#3418=ADVANCED_FACE('',(#3417),#3409,.F.);
#3419=CARTESIAN_POINT('',(0.E0,9.015E0,0.E0));
#3420=DIRECTION('',(0.E0,-1.E0,0.E0));
#3421=DIRECTION('',(-1.E0,0.E0,0.E0));
#3422=AXIS2_PLACEMENT_3D('',#3419,#3420,#3421);
#3423=CYLINDRICAL_SURFACE('',#3422,7.92E0);
#3424=ORIENTED_EDGE('',*,*,#3355,.T.);
#3425=ORIENTED_EDGE('',*,*,#3400,.F.);
#3426=ORIENTED_EDGE('',*,*,#3410,.F.);
#3428=ORIENTED_EDGE('',*,*,#3427,.T.);
#3429=EDGE_LOOP('',(#3424,#3425,#3426,#3428));
#3430=FACE_OUTER_BOUND('',#3429,.F.);
#3431=ADVANCED_FACE('',(#3430),#3423,.F.);
#3432=CARTESIAN_POINT('',(8.1E-1,-5.08E0,9.495514730650E0));
#3433=DIRECTION('',(1.E0,0.E0,0.E0));
#3434=DIRECTION('',(0.E0,0.E0,-1.E0));
#3435=AXIS2_PLACEMENT_3D('',#3432,#3433,#3434);
#3436=PLANE('',#3435);
#3437=ORIENTED_EDGE('',*,*,#3357,.T.);
#3438=ORIENTED_EDGE('',*,*,#3427,.F.);
#3439=ORIENTED_EDGE('',*,*,#3414,.F.);
#3440=ORIENTED_EDGE('',*,*,#3289,.T.);
#3441=EDGE_LOOP('',(#3437,#3438,#3439,#3440));
#3442=FACE_OUTER_BOUND('',#3441,.F.);
#3443=ADVANCED_FACE('',(#3442),#3436,.T.);
#3444=CARTESIAN_POINT('',(6.786529286478E0,-4.32E0,6.690584447100E0));
#3445=DIRECTION('',(7.121226953282E-1,0.E0,7.020550311752E-1));
#3446=DIRECTION('',(7.020550311752E-1,0.E0,-7.121226953282E-1));
#3447=AXIS2_PLACEMENT_3D('',#3444,#3445,#3446);
#3448=PLANE('',#3447);
#3450=ORIENTED_EDGE('',*,*,#3449,.T.);
#3452=ORIENTED_EDGE('',*,*,#3451,.F.);
#3454=ORIENTED_EDGE('',*,*,#3453,.F.);
#3455=ORIENTED_EDGE('',*,*,#3360,.F.);
#3456=ORIENTED_EDGE('',*,*,#3285,.T.);
#3457=EDGE_LOOP('',(#3450,#3452,#3454,#3455,#3456));
#3458=FACE_OUTER_BOUND('',#3457,.F.);
#3459=ADVANCED_FACE('',(#3458),#3448,.T.);
#3460=CARTESIAN_POINT('',(0.E0,-2.8E0,0.E0));
#3461=DIRECTION('',(0.E0,1.E0,0.E0));
#3462=DIRECTION('',(-1.E0,0.E0,0.E0));
#3463=AXIS2_PLACEMENT_3D('',#3460,#3461,#3462);
#3464=PLANE('',#3463);
#3466=ORIENTED_EDGE('',*,*,#3465,.F.);
#3468=ORIENTED_EDGE('',*,*,#3467,.F.);
#3469=ORIENTED_EDGE('',*,*,#3449,.F.);
#3470=ORIENTED_EDGE('',*,*,#3283,.F.);
#3471=EDGE_LOOP('',(#3466,#3468,#3469,#3470));
#3472=FACE_OUTER_BOUND('',#3471,.F.);
#3473=ADVANCED_FACE('',(#3472),#3464,.T.);
#3474=CARTESIAN_POINT('',(9.795022222691E0,5.892851844828E-2,1.505204191130E0));
#3475=DIRECTION('',(0.E0,-1.E0,0.E0));
#3476=DIRECTION('',(-9.883978024915E-1,0.E0,-1.518874057649E-1));
#3477=AXIS2_PLACEMENT_3D('',#3474,#3475,#3476);
#3478=CYLINDRICAL_SURFACE('',#3477,3.8E-1);
#3479=ORIENTED_EDGE('',*,*,#3465,.T.);
#3480=ORIENTED_EDGE('',*,*,#3281,.F.);
#3481=ORIENTED_EDGE('',*,*,#3251,.T.);
#3483=ORIENTED_EDGE('',*,*,#3482,.T.);
#3484=EDGE_LOOP('',(#3479,#3480,#3481,#3483));
#3485=FACE_OUTER_BOUND('',#3484,.F.);
#3486=ADVANCED_FACE('',(#3485),#3478,.F.);
#3487=CARTESIAN_POINT('',(1.08E1,-4.32E0,-1.91E0));
#3488=DIRECTION('',(0.E0,1.E0,0.E0));
#3489=DIRECTION('',(0.E0,0.E0,-1.E0));
#3490=AXIS2_PLACEMENT_3D('',#3487,#3488,#3489);
#3491=CYLINDRICAL_SURFACE('',#3490,3.18E0);
#3492=ORIENTED_EDGE('',*,*,#3482,.F.);
#3493=ORIENTED_EDGE('',*,*,#3249,.T.);
#3495=ORIENTED_EDGE('',*,*,#3494,.T.);
#3497=ORIENTED_EDGE('',*,*,#3496,.T.);
#3499=ORIENTED_EDGE('',*,*,#3498,.F.);
#3501=ORIENTED_EDGE('',*,*,#3500,.T.);
#3503=ORIENTED_EDGE('',*,*,#3502,.F.);
#3505=ORIENTED_EDGE('',*,*,#3504,.F.);
#3507=ORIENTED_EDGE('',*,*,#3506,.T.);
#3509=ORIENTED_EDGE('',*,*,#3508,.T.);
#3510=ORIENTED_EDGE('',*,*,#3451,.T.);
#3511=ORIENTED_EDGE('',*,*,#3467,.T.);
#3512=EDGE_LOOP('',(#3492,#3493,#3495,#3497,#3499,#3501,#3503,#3505,#3507,#3509,
#3510,#3511));
#3513=FACE_OUTER_BOUND('',#3512,.F.);
#3514=ADVANCED_FACE('',(#3513),#3491,.T.);
#3515=CARTESIAN_POINT('',(8.684645175830E0,5.892851844828E-2,
-4.773367592165E0));
#3516=DIRECTION('',(0.E0,-1.E0,0.E0));
#3517=DIRECTION('',(5.942007933062E-1,0.E0,8.043167393722E-1));
#3518=AXIS2_PLACEMENT_3D('',#3515,#3516,#3517);
#3519=CYLINDRICAL_SURFACE('',#3518,3.8E-1);
#3521=ORIENTED_EDGE('',*,*,#3520,.T.);
#3522=ORIENTED_EDGE('',*,*,#3494,.F.);
#3523=ORIENTED_EDGE('',*,*,#3247,.T.);
#3525=ORIENTED_EDGE('',*,*,#3524,.T.);
#3526=EDGE_LOOP('',(#3521,#3522,#3523,#3525));
#3527=FACE_OUTER_BOUND('',#3526,.F.);
#3528=ADVANCED_FACE('',(#3527),#3519,.F.);
#3529=CARTESIAN_POINT('',(0.E0,-2.8E0,0.E0));
#3530=DIRECTION('',(0.E0,1.E0,0.E0));
#3531=DIRECTION('',(-1.E0,0.E0,0.E0));
#3532=AXIS2_PLACEMENT_3D('',#3529,#3530,#3531);
#3533=PLANE('',#3532);
#3534=ORIENTED_EDGE('',*,*,#3520,.F.);
#3536=ORIENTED_EDGE('',*,*,#3535,.F.);
#3538=ORIENTED_EDGE('',*,*,#3537,.F.);
#3539=ORIENTED_EDGE('',*,*,#3496,.F.);
#3540=EDGE_LOOP('',(#3534,#3536,#3538,#3539));
#3541=FACE_OUTER_BOUND('',#3540,.F.);
#3542=ADVANCED_FACE('',(#3541),#3533,.T.);
#3543=CARTESIAN_POINT('',(0.E0,-4.32E0,0.E0));
#3544=DIRECTION('',(0.E0,1.E0,0.E0));
#3545=DIRECTION('',(0.E0,0.E0,-1.E0));
#3546=AXIS2_PLACEMENT_3D('',#3543,#3544,#3545);
#3547=CYLINDRICAL_SURFACE('',#3546,9.53E0);
#3549=ORIENTED_EDGE('',*,*,#3548,.T.);
#3551=ORIENTED_EDGE('',*,*,#3550,.T.);
#3553=ORIENTED_EDGE('',*,*,#3552,.F.);
#3554=ORIENTED_EDGE('',*,*,#3370,.F.);
#3556=ORIENTED_EDGE('',*,*,#3555,.T.);
#3557=ORIENTED_EDGE('',*,*,#3535,.T.);
#3558=ORIENTED_EDGE('',*,*,#3524,.F.);
#3559=ORIENTED_EDGE('',*,*,#3245,.T.);
#3560=EDGE_LOOP('',(#3549,#3551,#3553,#3554,#3556,#3557,#3558,#3559));
#3561=FACE_OUTER_BOUND('',#3560,.F.);
#3562=ADVANCED_FACE('',(#3561),#3547,.T.);
#3563=CARTESIAN_POINT('',(-8.684645175830E0,5.892851844828E-2,
-4.773367592165E0));
#3564=DIRECTION('',(0.E0,-1.E0,0.E0));
#3565=DIRECTION('',(8.763516827276E-1,0.E0,4.816718054657E-1));
#3566=AXIS2_PLACEMENT_3D('',#3563,#3564,#3565);
#3567=CYLINDRICAL_SURFACE('',#3566,3.8E-1);
#3569=ORIENTED_EDGE('',*,*,#3568,.T.);
#3570=ORIENTED_EDGE('',*,*,#3548,.F.);
#3571=ORIENTED_EDGE('',*,*,#3243,.T.);
#3573=ORIENTED_EDGE('',*,*,#3572,.T.);
#3574=EDGE_LOOP('',(#3569,#3570,#3571,#3573));
#3575=FACE_OUTER_BOUND('',#3574,.F.);
#3576=ADVANCED_FACE('',(#3575),#3567,.F.);
#3577=CARTESIAN_POINT('',(0.E0,-2.8E0,0.E0));
#3578=DIRECTION('',(0.E0,1.E0,0.E0));
#3579=DIRECTION('',(-1.E0,0.E0,0.E0));
#3580=AXIS2_PLACEMENT_3D('',#3577,#3578,#3579);
#3581=PLANE('',#3580);
#3582=ORIENTED_EDGE('',*,*,#3568,.F.);
#3584=ORIENTED_EDGE('',*,*,#3583,.F.);
#3586=ORIENTED_EDGE('',*,*,#3585,.F.);
#3587=ORIENTED_EDGE('',*,*,#3550,.F.);
#3588=EDGE_LOOP('',(#3582,#3584,#3586,#3587));
#3589=FACE_OUTER_BOUND('',#3588,.F.);
#3590=ADVANCED_FACE('',(#3589),#3581,.T.);
#3591=CARTESIAN_POINT('',(-1.08E1,-4.32E0,-1.91E0));
#3592=DIRECTION('',(0.E0,1.E0,0.E0));
#3593=DIRECTION('',(0.E0,0.E0,-1.E0));
#3594=AXIS2_PLACEMENT_3D('',#3591,#3592,#3593);
#3595=CYLINDRICAL_SURFACE('',#3594,3.18E0);
#3596=ORIENTED_EDGE('',*,*,#3572,.F.);
#3597=ORIENTED_EDGE('',*,*,#3241,.T.);
#3598=ORIENTED_EDGE('',*,*,#3311,.T.);
#3599=ORIENTED_EDGE('',*,*,#3327,.T.);
#3600=ORIENTED_EDGE('',*,*,#3343,.F.);
#3602=ORIENTED_EDGE('',*,*,#3601,.T.);
#3604=ORIENTED_EDGE('',*,*,#3603,.F.);
#3606=ORIENTED_EDGE('',*,*,#3605,.F.);
#3608=ORIENTED_EDGE('',*,*,#3607,.T.);
#3610=ORIENTED_EDGE('',*,*,#3609,.T.);
#3612=ORIENTED_EDGE('',*,*,#3611,.T.);
#3613=ORIENTED_EDGE('',*,*,#3583,.T.);
#3614=EDGE_LOOP('',(#3596,#3597,#3598,#3599,#3600,#3602,#3604,#3606,#3608,#3610,
#3612,#3613));
#3615=FACE_OUTER_BOUND('',#3614,.F.);
#3616=ADVANCED_FACE('',(#3615),#3595,.T.);
#3617=CARTESIAN_POINT('',(0.E0,-4.32E0,0.E0));
#3618=DIRECTION('',(0.E0,1.E0,0.E0));
#3619=DIRECTION('',(0.E0,0.E0,-1.E0));
#3620=AXIS2_PLACEMENT_3D('',#3617,#3618,#3619);
#3621=PLANE('',#3620);
#3622=ORIENTED_EDGE('',*,*,#3601,.F.);
#3623=ORIENTED_EDGE('',*,*,#3341,.T.);
#3625=ORIENTED_EDGE('',*,*,#3624,.F.);
#3627=ORIENTED_EDGE('',*,*,#3626,.F.);
#3628=EDGE_LOOP('',(#3622,#3623,#3625,#3627));
#3629=FACE_OUTER_BOUND('',#3628,.F.);
#3630=ADVANCED_FACE('',(#3629),#3621,.F.);
#3631=CARTESIAN_POINT('',(-8.79E0,-8.13E0,3.533115493685E0));
#3632=DIRECTION('',(0.E0,1.E0,0.E0));
#3633=DIRECTION('',(-1.E0,0.E0,0.E0));
#3634=AXIS2_PLACEMENT_3D('',#3631,#3632,#3633);
#3635=CYLINDRICAL_SURFACE('',#3634,7.9E-1);
#3636=ORIENTED_EDGE('',*,*,#3624,.T.);
#3637=ORIENTED_EDGE('',*,*,#3378,.T.);
#3639=ORIENTED_EDGE('',*,*,#3638,.F.);
#3641=ORIENTED_EDGE('',*,*,#3640,.F.);
#3643=ORIENTED_EDGE('',*,*,#3642,.T.);
#3644=EDGE_LOOP('',(#3636,#3637,#3639,#3641,#3643));
#3645=FACE_OUTER_BOUND('',#3644,.F.);
#3646=ADVANCED_FACE('',(#3645),#3635,.T.);
#3647=CARTESIAN_POINT('',(-8.E0,-8.13E0,3.533115493685E0));
#3648=DIRECTION('',(1.E0,0.E0,0.E0));
#3649=DIRECTION('',(0.E0,0.E0,-1.E0));
#3650=AXIS2_PLACEMENT_3D('',#3647,#3648,#3649);
#3651=PLANE('',#3650);
#3652=ORIENTED_EDGE('',*,*,#3376,.T.);
#3654=ORIENTED_EDGE('',*,*,#3653,.F.);
#3656=ORIENTED_EDGE('',*,*,#3655,.F.);
#3657=ORIENTED_EDGE('',*,*,#3638,.T.);
#3658=EDGE_LOOP('',(#3652,#3654,#3656,#3657));
#3659=FACE_OUTER_BOUND('',#3658,.F.);
#3660=ADVANCED_FACE('',(#3659),#3651,.T.);
#3661=CARTESIAN_POINT('',(-8.79E0,-8.13E0,-5.506896867551E0));
#3662=DIRECTION('',(0.E0,1.E0,0.E0));
#3663=DIRECTION('',(-1.E0,0.E0,0.E0));
#3664=AXIS2_PLACEMENT_3D('',#3661,#3662,#3663);
#3665=CYLINDRICAL_SURFACE('',#3664,7.9E-1);
#3666=ORIENTED_EDGE('',*,*,#3374,.T.);
#3668=ORIENTED_EDGE('',*,*,#3667,.T.);
#3670=ORIENTED_EDGE('',*,*,#3669,.F.);
#3672=ORIENTED_EDGE('',*,*,#3671,.F.);
#3673=ORIENTED_EDGE('',*,*,#3653,.T.);
#3674=EDGE_LOOP('',(#3666,#3668,#3670,#3672,#3673));
#3675=FACE_OUTER_BOUND('',#3674,.F.);
#3676=ADVANCED_FACE('',(#3675),#3665,.T.);
#3677=CARTESIAN_POINT('',(0.E0,-4.32E0,0.E0));
#3678=DIRECTION('',(0.E0,1.E0,0.E0));
#3679=DIRECTION('',(0.E0,0.E0,-1.E0));
#3680=AXIS2_PLACEMENT_3D('',#3677,#3678,#3679);
#3681=PLANE('',#3680);
#3682=ORIENTED_EDGE('',*,*,#3609,.F.);
#3684=ORIENTED_EDGE('',*,*,#3683,.F.);
#3685=ORIENTED_EDGE('',*,*,#3667,.F.);
#3687=ORIENTED_EDGE('',*,*,#3686,.T.);
#3688=EDGE_LOOP('',(#3682,#3684,#3685,#3687));
#3689=FACE_OUTER_BOUND('',#3688,.F.);
#3690=ADVANCED_FACE('',(#3689),#3681,.F.);
#3691=CARTESIAN_POINT('',(-9.58E0,-8.13E0,-5.506896867551E0));
#3692=DIRECTION('',(-1.E0,0.E0,0.E0));
#3693=DIRECTION('',(0.E0,0.E0,1.E0));
#3694=AXIS2_PLACEMENT_3D('',#3691,#3692,#3693);
#3695=PLANE('',#3694);
#3696=ORIENTED_EDGE('',*,*,#3683,.T.);
#3697=ORIENTED_EDGE('',*,*,#3607,.F.);
#3699=ORIENTED_EDGE('',*,*,#3698,.F.);
#3700=ORIENTED_EDGE('',*,*,#3669,.T.);
#3701=EDGE_LOOP('',(#3696,#3697,#3699,#3700));
#3702=FACE_OUTER_BOUND('',#3701,.F.);
#3703=ADVANCED_FACE('',(#3702),#3695,.T.);
#3704=CARTESIAN_POINT('',(0.E0,-8.13E0,0.E0));
#3705=DIRECTION('',(0.E0,1.E0,0.E0));
#3706=DIRECTION('',(-1.E0,0.E0,0.E0));
#3707=AXIS2_PLACEMENT_3D('',#3704,#3705,#3706);
#3708=PLANE('',#3707);
#3709=ORIENTED_EDGE('',*,*,#3605,.T.);
#3711=ORIENTED_EDGE('',*,*,#3710,.T.);
#3712=ORIENTED_EDGE('',*,*,#3640,.T.);
#3713=ORIENTED_EDGE('',*,*,#3655,.T.);
#3714=ORIENTED_EDGE('',*,*,#3671,.T.);
#3715=ORIENTED_EDGE('',*,*,#3698,.T.);
#3716=EDGE_LOOP('',(#3709,#3711,#3712,#3713,#3714,#3715));
#3717=FACE_OUTER_BOUND('',#3716,.F.);
#3719=ORIENTED_EDGE('',*,*,#3718,.T.);
#3721=ORIENTED_EDGE('',*,*,#3720,.T.);
#3722=EDGE_LOOP('',(#3719,#3721));
#3723=FACE_BOUND('',#3722,.F.);
#3724=ADVANCED_FACE('',(#3717,#3723),#3708,.F.);
#3725=CARTESIAN_POINT('',(-9.58E0,-8.13E0,1.026664774876E0));
#3726=DIRECTION('',(-1.E0,0.E0,0.E0));
#3727=DIRECTION('',(0.E0,0.E0,1.E0));
#3728=AXIS2_PLACEMENT_3D('',#3725,#3726,#3727);
#3729=PLANE('',#3728);
#3730=ORIENTED_EDGE('',*,*,#3626,.T.);
#3731=ORIENTED_EDGE('',*,*,#3642,.F.);
#3732=ORIENTED_EDGE('',*,*,#3710,.F.);
#3733=ORIENTED_EDGE('',*,*,#3603,.T.);
#3734=EDGE_LOOP('',(#3730,#3731,#3732,#3733));
#3735=FACE_OUTER_BOUND('',#3734,.F.);
#3736=ADVANCED_FACE('',(#3735),#3729,.T.);
#3737=CARTESIAN_POINT('',(-1.08E1,-8.13E0,-1.91E0));
#3738=DIRECTION('',(0.E0,-1.E0,0.E0));
#3739=DIRECTION('',(-1.E0,0.E0,0.E0));
#3740=AXIS2_PLACEMENT_3D('',#3737,#3738,#3739);
#3741=CYLINDRICAL_SURFACE('',#3740,1.97E0);
#3742=ORIENTED_EDGE('',*,*,#3260,.T.);
#3744=ORIENTED_EDGE('',*,*,#3743,.F.);
#3745=ORIENTED_EDGE('',*,*,#3718,.F.);
#3747=ORIENTED_EDGE('',*,*,#3746,.T.);
#3748=EDGE_LOOP('',(#3742,#3744,#3745,#3747));
#3749=FACE_OUTER_BOUND('',#3748,.F.);
#3750=ADVANCED_FACE('',(#3749),#3741,.F.);
#3751=CARTESIAN_POINT('',(-1.08E1,-8.13E0,-1.91E0));
#3752=DIRECTION('',(0.E0,-1.E0,0.E0));
#3753=DIRECTION('',(-1.E0,0.E0,0.E0));
#3754=AXIS2_PLACEMENT_3D('',#3751,#3752,#3753);
#3755=CYLINDRICAL_SURFACE('',#3754,1.97E0);
#3756=ORIENTED_EDGE('',*,*,#3262,.T.);
#3757=ORIENTED_EDGE('',*,*,#3746,.F.);
#3758=ORIENTED_EDGE('',*,*,#3720,.F.);
#3759=ORIENTED_EDGE('',*,*,#3743,.T.);
#3760=EDGE_LOOP('',(#3756,#3757,#3758,#3759));
#3761=FACE_OUTER_BOUND('',#3760,.F.);
#3762=ADVANCED_FACE('',(#3761),#3755,.F.);
#3763=CARTESIAN_POINT('',(-4.080171575868E0,-4.32E0,-8.612380618126E0));
#3764=DIRECTION('',(-4.281397246452E-1,0.E0,-9.037125517446E-1));
#3765=DIRECTION('',(-9.037125517446E-1,0.E0,4.281397246452E-1));
#3766=AXIS2_PLACEMENT_3D('',#3763,#3764,#3765);
#3767=PLANE('',#3766);
#3768=ORIENTED_EDGE('',*,*,#3585,.T.);
#3769=ORIENTED_EDGE('',*,*,#3611,.F.);
#3770=ORIENTED_EDGE('',*,*,#3686,.F.);
#3771=ORIENTED_EDGE('',*,*,#3372,.F.);
#3772=ORIENTED_EDGE('',*,*,#3552,.T.);
#3773=EDGE_LOOP('',(#3768,#3769,#3770,#3771,#3772));
#3774=FACE_OUTER_BOUND('',#3773,.F.);
#3775=ADVANCED_FACE('',(#3774),#3767,.T.);
#3776=CARTESIAN_POINT('',(1.216148432437E1,-4.32E0,-4.783805914548E0));
#3777=DIRECTION('',(4.281397246452E-1,0.E0,-9.037125517446E-1));
#3778=DIRECTION('',(-9.037125517446E-1,0.E0,-4.281397246452E-1));
#3779=AXIS2_PLACEMENT_3D('',#3776,#3777,#3778);
#3780=PLANE('',#3779);
#3781=ORIENTED_EDGE('',*,*,#3537,.T.);
#3782=ORIENTED_EDGE('',*,*,#3555,.F.);
#3783=ORIENTED_EDGE('',*,*,#3368,.F.);
#3785=ORIENTED_EDGE('',*,*,#3784,.F.);
#3786=ORIENTED_EDGE('',*,*,#3498,.T.);
#3787=EDGE_LOOP('',(#3781,#3782,#3783,#3785,#3786));
#3788=FACE_OUTER_BOUND('',#3787,.F.);
#3789=ADVANCED_FACE('',(#3788),#3780,.T.);
#3790=CARTESIAN_POINT('',(0.E0,-4.32E0,0.E0));
#3791=DIRECTION('',(0.E0,1.E0,0.E0));
#3792=DIRECTION('',(0.E0,0.E0,-1.E0));
#3793=AXIS2_PLACEMENT_3D('',#3790,#3791,#3792);
#3794=PLANE('',#3793);
#3795=ORIENTED_EDGE('',*,*,#3500,.F.);
#3796=ORIENTED_EDGE('',*,*,#3784,.T.);
#3798=ORIENTED_EDGE('',*,*,#3797,.F.);
#3800=ORIENTED_EDGE('',*,*,#3799,.F.);
#3801=EDGE_LOOP('',(#3795,#3796,#3798,#3800));
#3802=FACE_OUTER_BOUND('',#3801,.F.);
#3803=ADVANCED_FACE('',(#3802),#3794,.F.);
#3804=CARTESIAN_POINT('',(8.79E0,-8.13E0,-5.506896867551E0));
#3805=DIRECTION('',(0.E0,1.E0,0.E0));
#3806=DIRECTION('',(-1.E0,0.E0,0.E0));
#3807=AXIS2_PLACEMENT_3D('',#3804,#3805,#3806);
#3808=CYLINDRICAL_SURFACE('',#3807,7.9E-1);
#3809=ORIENTED_EDGE('',*,*,#3797,.T.);
#3810=ORIENTED_EDGE('',*,*,#3366,.T.);
#3812=ORIENTED_EDGE('',*,*,#3811,.F.);
#3814=ORIENTED_EDGE('',*,*,#3813,.F.);
#3816=ORIENTED_EDGE('',*,*,#3815,.T.);
#3817=EDGE_LOOP('',(#3809,#3810,#3812,#3814,#3816));
#3818=FACE_OUTER_BOUND('',#3817,.F.);
#3819=ADVANCED_FACE('',(#3818),#3808,.T.);
#3820=CARTESIAN_POINT('',(8.E0,-8.13E0,-5.506896867551E0));
#3821=DIRECTION('',(-1.E0,0.E0,0.E0));
#3822=DIRECTION('',(0.E0,0.E0,1.E0));
#3823=AXIS2_PLACEMENT_3D('',#3820,#3821,#3822);
#3824=PLANE('',#3823);
#3825=ORIENTED_EDGE('',*,*,#3364,.T.);
#3827=ORIENTED_EDGE('',*,*,#3826,.F.);
#3829=ORIENTED_EDGE('',*,*,#3828,.F.);
#3830=ORIENTED_EDGE('',*,*,#3811,.T.);
#3831=EDGE_LOOP('',(#3825,#3827,#3829,#3830));
#3832=FACE_OUTER_BOUND('',#3831,.F.);
#3833=ADVANCED_FACE('',(#3832),#3824,.T.);
#3834=CARTESIAN_POINT('',(8.79E0,-8.13E0,3.533115493685E0));
#3835=DIRECTION('',(0.E0,1.E0,0.E0));
#3836=DIRECTION('',(-1.E0,0.E0,0.E0));
#3837=AXIS2_PLACEMENT_3D('',#3834,#3835,#3836);
#3838=CYLINDRICAL_SURFACE('',#3837,7.9E-1);
#3839=ORIENTED_EDGE('',*,*,#3362,.T.);
#3841=ORIENTED_EDGE('',*,*,#3840,.T.);
#3843=ORIENTED_EDGE('',*,*,#3842,.F.);
#3845=ORIENTED_EDGE('',*,*,#3844,.F.);
#3846=ORIENTED_EDGE('',*,*,#3826,.T.);
#3847=EDGE_LOOP('',(#3839,#3841,#3843,#3845,#3846));
#3848=FACE_OUTER_BOUND('',#3847,.F.);
#3849=ADVANCED_FACE('',(#3848),#3838,.T.);
#3850=CARTESIAN_POINT('',(0.E0,-4.32E0,0.E0));
#3851=DIRECTION('',(0.E0,1.E0,0.E0));
#3852=DIRECTION('',(0.E0,0.E0,-1.E0));
#3853=AXIS2_PLACEMENT_3D('',#3850,#3851,#3852);
#3854=PLANE('',#3853);
#3855=ORIENTED_EDGE('',*,*,#3508,.F.);
#3857=ORIENTED_EDGE('',*,*,#3856,.F.);
#3858=ORIENTED_EDGE('',*,*,#3840,.F.);
#3859=ORIENTED_EDGE('',*,*,#3453,.T.);
#3860=EDGE_LOOP('',(#3855,#3857,#3858,#3859));
#3861=FACE_OUTER_BOUND('',#3860,.F.);
#3862=ADVANCED_FACE('',(#3861),#3854,.F.);
#3863=CARTESIAN_POINT('',(9.58E0,-8.13E0,3.533115493685E0));
#3864=DIRECTION('',(1.E0,0.E0,0.E0));
#3865=DIRECTION('',(0.E0,0.E0,-1.E0));
#3866=AXIS2_PLACEMENT_3D('',#3863,#3864,#3865);
#3867=PLANE('',#3866);
#3868=ORIENTED_EDGE('',*,*,#3856,.T.);
#3869=ORIENTED_EDGE('',*,*,#3506,.F.);
#3871=ORIENTED_EDGE('',*,*,#3870,.F.);
#3872=ORIENTED_EDGE('',*,*,#3842,.T.);
#3873=EDGE_LOOP('',(#3868,#3869,#3871,#3872));
#3874=FACE_OUTER_BOUND('',#3873,.F.);
#3875=ADVANCED_FACE('',(#3874),#3867,.T.);
#3876=CARTESIAN_POINT('',(0.E0,-8.13E0,0.E0));
#3877=DIRECTION('',(0.E0,1.E0,0.E0));
#3878=DIRECTION('',(-1.E0,0.E0,0.E0));
#3879=AXIS2_PLACEMENT_3D('',#3876,#3877,#3878);
#3880=PLANE('',#3879);
#3881=ORIENTED_EDGE('',*,*,#3504,.T.);
#3883=ORIENTED_EDGE('',*,*,#3882,.T.);
#3884=ORIENTED_EDGE('',*,*,#3813,.T.);
#3885=ORIENTED_EDGE('',*,*,#3828,.T.);
#3886=ORIENTED_EDGE('',*,*,#3844,.T.);
#3887=ORIENTED_EDGE('',*,*,#3870,.T.);
#3888=EDGE_LOOP('',(#3881,#3883,#3884,#3885,#3886,#3887));
#3889=FACE_OUTER_BOUND('',#3888,.F.);
#3891=ORIENTED_EDGE('',*,*,#3890,.T.);
#3893=ORIENTED_EDGE('',*,*,#3892,.T.);
#3894=EDGE_LOOP('',(#3891,#3893));
#3895=FACE_BOUND('',#3894,.F.);
#3896=ADVANCED_FACE('',(#3889,#3895),#3880,.F.);
#3897=CARTESIAN_POINT('',(9.58E0,-8.13E0,-4.846664774876E0));
#3898=DIRECTION('',(1.E0,0.E0,0.E0));
#3899=DIRECTION('',(0.E0,0.E0,-1.E0));
#3900=AXIS2_PLACEMENT_3D('',#3897,#3898,#3899);
#3901=PLANE('',#3900);
#3902=ORIENTED_EDGE('',*,*,#3799,.T.);
#3903=ORIENTED_EDGE('',*,*,#3815,.F.);
#3904=ORIENTED_EDGE('',*,*,#3882,.F.);
#3905=ORIENTED_EDGE('',*,*,#3502,.T.);
#3906=EDGE_LOOP('',(#3902,#3903,#3904,#3905));
#3907=FACE_OUTER_BOUND('',#3906,.F.);
#3908=ADVANCED_FACE('',(#3907),#3901,.T.);
#3909=CARTESIAN_POINT('',(1.08E1,-8.13E0,-1.91E0));
#3910=DIRECTION('',(0.E0,-1.E0,0.E0));
#3911=DIRECTION('',(-1.E0,0.E0,0.E0));
#3912=AXIS2_PLACEMENT_3D('',#3909,#3910,#3911);
#3913=CYLINDRICAL_SURFACE('',#3912,1.97E0);
#3914=ORIENTED_EDGE('',*,*,#3266,.T.);
#3916=ORIENTED_EDGE('',*,*,#3915,.F.);
#3917=ORIENTED_EDGE('',*,*,#3890,.F.);
#3919=ORIENTED_EDGE('',*,*,#3918,.T.);
#3920=EDGE_LOOP('',(#3914,#3916,#3917,#3919));
#3921=FACE_OUTER_BOUND('',#3920,.F.);
#3922=ADVANCED_FACE('',(#3921),#3913,.F.);
#3923=CARTESIAN_POINT('',(1.08E1,-8.13E0,-1.91E0));
#3924=DIRECTION('',(0.E0,-1.E0,0.E0));
#3925=DIRECTION('',(-1.E0,0.E0,0.E0));
#3926=AXIS2_PLACEMENT_3D('',#3923,#3924,#3925);
#3927=CYLINDRICAL_SURFACE('',#3926,1.97E0);
#3928=ORIENTED_EDGE('',*,*,#3268,.T.);
#3929=ORIENTED_EDGE('',*,*,#3918,.F.);
#3930=ORIENTED_EDGE('',*,*,#3892,.F.);
#3931=ORIENTED_EDGE('',*,*,#3915,.T.);
#3932=EDGE_LOOP('',(#3928,#3929,#3930,#3931));
#3933=FACE_OUTER_BOUND('',#3932,.F.);
#3934=ADVANCED_FACE('',(#3933),#3927,.F.);
#3935=CARTESIAN_POINT('',(0.E0,-2.03E0,0.E0));
#3936=DIRECTION('',(0.E0,-1.E0,0.E0));
#3937=DIRECTION('',(1.E0,0.E0,0.E0));
#3938=AXIS2_PLACEMENT_3D('',#3935,#3936,#3937);
#3939=CYLINDRICAL_SURFACE('',#3938,7.62E0);
#3941=ORIENTED_EDGE('',*,*,#3940,.T.);
#3943=ORIENTED_EDGE('',*,*,#3942,.T.);
#3945=ORIENTED_EDGE('',*,*,#3944,.T.);
#3947=ORIENTED_EDGE('',*,*,#3946,.F.);
#3949=ORIENTED_EDGE('',*,*,#3948,.T.);
#3951=ORIENTED_EDGE('',*,*,#3950,.T.);
#3953=ORIENTED_EDGE('',*,*,#3952,.T.);
#3955=ORIENTED_EDGE('',*,*,#3954,.F.);
#3957=ORIENTED_EDGE('',*,*,#3956,.T.);
#3959=ORIENTED_EDGE('',*,*,#3958,.T.);
#3961=ORIENTED_EDGE('',*,*,#3960,.T.);
#3963=ORIENTED_EDGE('',*,*,#3962,.F.);
#3965=ORIENTED_EDGE('',*,*,#3964,.T.);
#3967=ORIENTED_EDGE('',*,*,#3966,.T.);
#3969=ORIENTED_EDGE('',*,*,#3968,.T.);
#3971=ORIENTED_EDGE('',*,*,#3970,.F.);
#3972=ORIENTED_EDGE('',*,*,#3384,.F.);
#3974=ORIENTED_EDGE('',*,*,#3973,.T.);
#3976=ORIENTED_EDGE('',*,*,#3975,.T.);
#3978=ORIENTED_EDGE('',*,*,#3977,.F.);
#3979=EDGE_LOOP('',(#3941,#3943,#3945,#3947,#3949,#3951,#3953,#3955,#3957,#3959,
#3961,#3963,#3965,#3967,#3969,#3971,#3972,#3974,#3976,#3978));
#3980=FACE_OUTER_BOUND('',#3979,.F.);
#3981=ADVANCED_FACE('',(#3980),#3939,.T.);
#3982=FILL_AREA_STYLE_COLOUR('',#3);
#3983=FILL_AREA_STYLE('',(#3982));
#3984=SURFACE_STYLE_FILL_AREA(#3983);
#3985=SURFACE_SIDE_STYLE('',(#3984));
#3986=SURFACE_STYLE_USAGE(.BOTH.,#3985);
#3987=PRESENTATION_STYLE_ASSIGNMENT((#3986));
#3988=STYLED_ITEM('',(#3987),#3981);
#3989=CARTESIAN_POINT('',(1.2688E0,-4.8862E0,2.5024E1));
#3990=DIRECTION('',(0.E0,-1.E0,0.E0));
#3991=DIRECTION('',(-1.E0,0.E0,0.E0));
#3992=AXIS2_PLACEMENT_3D('',#3989,#3990,#3991);
#3993=PLANE('',#3992);
#3994=ORIENTED_EDGE('',*,*,#3940,.F.);
#3996=ORIENTED_EDGE('',*,*,#3995,.T.);
#3998=ORIENTED_EDGE('',*,*,#3997,.T.);
#4000=ORIENTED_EDGE('',*,*,#3999,.T.);
#4001=EDGE_LOOP('',(#3994,#3996,#3998,#4000));
#4002=FACE_OUTER_BOUND('',#4001,.F.);
#4003=ADVANCED_FACE('',(#4002),#3993,.F.);
#4004=CARTESIAN_POINT('',(4.0638E0,-4.8862E0,6.224E0));
#4005=DIRECTION('',(1.E0,0.E0,0.E0));
#4006=DIRECTION('',(0.E0,0.E0,1.E0));
#4007=AXIS2_PLACEMENT_3D('',#4004,#4005,#4006);
#4008=PLANE('',#4007);
#4010=ORIENTED_EDGE('',*,*,#4009,.F.);
#4012=ORIENTED_EDGE('',*,*,#4011,.T.);
#4014=ORIENTED_EDGE('',*,*,#4013,.F.);
#4015=ORIENTED_EDGE('',*,*,#3995,.F.);
#4016=ORIENTED_EDGE('',*,*,#3977,.T.);
#4018=ORIENTED_EDGE('',*,*,#4017,.T.);
#4020=ORIENTED_EDGE('',*,*,#4019,.T.);
#4022=ORIENTED_EDGE('',*,*,#4021,.T.);
#4023=EDGE_LOOP('',(#4010,#4012,#4014,#4015,#4016,#4018,#4020,#4022));
#4024=FACE_OUTER_BOUND('',#4023,.F.);
#4025=ADVANCED_FACE('',(#4024),#4008,.T.);
#4026=CARTESIAN_POINT('',(0.E0,-7.3878E0,0.E0));
#4027=DIRECTION('',(0.E0,1.E0,0.E0));
#4028=DIRECTION('',(-1.E0,0.E0,0.E0));
#4029=AXIS2_PLACEMENT_3D('',#4026,#4027,#4028);
#4030=CYLINDRICAL_SURFACE('',#4029,7.62E0);
#4032=ORIENTED_EDGE('',*,*,#4031,.T.);
#4034=ORIENTED_EDGE('',*,*,#4033,.T.);
#4036=ORIENTED_EDGE('',*,*,#4035,.T.);
#4038=ORIENTED_EDGE('',*,*,#4037,.F.);
#4040=ORIENTED_EDGE('',*,*,#4039,.T.);
#4042=ORIENTED_EDGE('',*,*,#4041,.T.);
#4044=ORIENTED_EDGE('',*,*,#4043,.T.);
#4046=ORIENTED_EDGE('',*,*,#4045,.F.);
#4048=ORIENTED_EDGE('',*,*,#4047,.T.);
#4050=ORIENTED_EDGE('',*,*,#4049,.T.);
#4052=ORIENTED_EDGE('',*,*,#4051,.T.);
#4054=ORIENTED_EDGE('',*,*,#4053,.F.);
#4056=ORIENTED_EDGE('',*,*,#4055,.T.);
#4057=ORIENTED_EDGE('',*,*,#4009,.T.);
#4059=ORIENTED_EDGE('',*,*,#4058,.T.);
#4061=ORIENTED_EDGE('',*,*,#4060,.F.);
#4063=ORIENTED_EDGE('',*,*,#4062,.F.);
#4065=ORIENTED_EDGE('',*,*,#4064,.T.);
#4067=ORIENTED_EDGE('',*,*,#4066,.T.);
#4069=ORIENTED_EDGE('',*,*,#4068,.F.);
#4070=EDGE_LOOP('',(#4032,#4034,#4036,#4038,#4040,#4042,#4044,#4046,#4048,#4050,
#4052,#4054,#4056,#4057,#4059,#4061,#4063,#4065,#4067,#4069));
#4071=FACE_OUTER_BOUND('',#4070,.F.);
#4072=ADVANCED_FACE('',(#4071),#4030,.T.);
#4073=FILL_AREA_STYLE_COLOUR('',#4);
#4074=FILL_AREA_STYLE('',(#4073));
#4075=SURFACE_STYLE_FILL_AREA(#4074);
#4076=SURFACE_SIDE_STYLE('',(#4075));
#4077=SURFACE_STYLE_USAGE(.BOTH.,#4076);
#4078=PRESENTATION_STYLE_ASSIGNMENT((#4077));
#4079=STYLED_ITEM('',(#4078),#4072);
#4080=CARTESIAN_POINT('',(1.2688E0,-5.1362E0,2.5024E1));
#4081=DIRECTION('',(0.E0,-1.E0,0.E0));
#4082=DIRECTION('',(-1.E0,0.E0,0.E0));
#4083=AXIS2_PLACEMENT_3D('',#4080,#4081,#4082);
#4084=PLANE('',#4083);
#4085=ORIENTED_EDGE('',*,*,#4031,.F.);
#4087=ORIENTED_EDGE('',*,*,#4086,.F.);
#4089=ORIENTED_EDGE('',*,*,#4088,.F.);
#4091=ORIENTED_EDGE('',*,*,#4090,.F.);
#4092=EDGE_LOOP('',(#4085,#4087,#4089,#4091));
#4093=FACE_OUTER_BOUND('',#4092,.F.);
#4094=ADVANCED_FACE('',(#4093),#4084,.T.);
#4095=CARTESIAN_POINT('',(-4.0662E0,-4.8862E0,2.2484E1));
#4096=DIRECTION('',(-1.E0,0.E0,1.147093899982E-14));
#4097=DIRECTION('',(-1.147093899982E-14,0.E0,-1.E0));
#4098=AXIS2_PLACEMENT_3D('',#4095,#4096,#4097);
#4099=PLANE('',#4098);
#4100=ORIENTED_EDGE('',*,*,#4068,.T.);
#4102=ORIENTED_EDGE('',*,*,#4101,.F.);
#4104=ORIENTED_EDGE('',*,*,#4103,.F.);
#4106=ORIENTED_EDGE('',*,*,#4105,.F.);
#4107=ORIENTED_EDGE('',*,*,#3966,.F.);
#4109=ORIENTED_EDGE('',*,*,#4108,.F.);
#4111=ORIENTED_EDGE('',*,*,#4110,.T.);
#4112=ORIENTED_EDGE('',*,*,#4086,.T.);
#4113=EDGE_LOOP('',(#4100,#4102,#4104,#4106,#4107,#4109,#4111,#4112));
#4114=FACE_OUTER_BOUND('',#4113,.F.);
#4115=ADVANCED_FACE('',(#4114),#4099,.T.);
#4116=CARTESIAN_POINT('',(0.E0,-4.9748E0,0.E0));
#4117=DIRECTION('',(0.E0,1.E0,0.E0));
#4118=DIRECTION('',(1.E0,0.E0,0.E0));
#4119=AXIS2_PLACEMENT_3D('',#4116,#4117,#4118);
#4120=PLANE('',#4119);
#4122=ORIENTED_EDGE('',*,*,#4121,.F.);
#4124=ORIENTED_EDGE('',*,*,#4123,.T.);
#4126=ORIENTED_EDGE('',*,*,#4125,.T.);
#4128=ORIENTED_EDGE('',*,*,#4127,.T.);
#4130=ORIENTED_EDGE('',*,*,#4129,.F.);
#4132=ORIENTED_EDGE('',*,*,#4131,.F.);
#4133=ORIENTED_EDGE('',*,*,#4101,.T.);
#4134=ORIENTED_EDGE('',*,*,#4066,.F.);
#4136=ORIENTED_EDGE('',*,*,#4135,.F.);
#4137=ORIENTED_EDGE('',*,*,#4058,.F.);
#4138=ORIENTED_EDGE('',*,*,#4021,.F.);
#4140=ORIENTED_EDGE('',*,*,#4139,.F.);
#4141=EDGE_LOOP('',(#4122,#4124,#4126,#4128,#4130,#4132,#4133,#4134,#4136,#4137,
#4138,#4140));
#4142=FACE_OUTER_BOUND('',#4141,.F.);
#4143=ADVANCED_FACE('',(#4142),#4120,.T.);
#4144=FILL_AREA_STYLE_COLOUR('',#4);
#4145=FILL_AREA_STYLE('',(#4144));
#4146=SURFACE_STYLE_FILL_AREA(#4145);
#4147=SURFACE_SIDE_STYLE('',(#4146));
#4148=SURFACE_STYLE_USAGE(.BOTH.,#4147);
#4149=PRESENTATION_STYLE_ASSIGNMENT((#4148));
#4150=STYLED_ITEM('',(#4149),#4143);
#4151=CARTESIAN_POINT('',(4.4438E0,-4.8862E0,3.304E0));
#4152=DIRECTION('',(1.E0,0.E0,0.E0));
#4153=DIRECTION('',(0.E0,0.E0,1.E0));
#4154=AXIS2_PLACEMENT_3D('',#4151,#4152,#4153);
#4155=PLANE('',#4154);
#4156=ORIENTED_EDGE('',*,*,#4121,.T.);
#4158=ORIENTED_EDGE('',*,*,#4157,.F.);
#4160=ORIENTED_EDGE('',*,*,#4159,.F.);
#4162=ORIENTED_EDGE('',*,*,#4161,.T.);
#4163=EDGE_LOOP('',(#4156,#4158,#4160,#4162));
#4164=FACE_OUTER_BOUND('',#4163,.F.);
#4165=ADVANCED_FACE('',(#4164),#4155,.T.);
#4166=CARTESIAN_POINT('',(4.4438E0,-4.8862E0,5.844E0));
#4167=DIRECTION('',(7.071067811866E-1,0.E0,7.071067811865E-1));
#4168=DIRECTION('',(-7.071067811865E-1,0.E0,7.071067811866E-1));
#4169=AXIS2_PLACEMENT_3D('',#4166,#4167,#4168);
#4170=PLANE('',#4169);
#4171=ORIENTED_EDGE('',*,*,#4139,.T.);
#4172=ORIENTED_EDGE('',*,*,#4019,.F.);
#4174=ORIENTED_EDGE('',*,*,#4173,.F.);
#4175=ORIENTED_EDGE('',*,*,#4157,.T.);
#4176=EDGE_LOOP('',(#4171,#4172,#4174,#4175));
#4177=FACE_OUTER_BOUND('',#4176,.F.);
#4178=ADVANCED_FACE('',(#4177),#4170,.T.);
#4179=CARTESIAN_POINT('',(0.E0,-4.9002E0,0.E0));
#4180=DIRECTION('',(0.E0,-1.E0,0.E0));
#4181=DIRECTION('',(1.E0,0.E0,0.E0));
#4182=AXIS2_PLACEMENT_3D('',#4179,#4180,#4181);
#4183=PLANE('',#4182);
#4185=ORIENTED_EDGE('',*,*,#4184,.F.);
#4187=ORIENTED_EDGE('',*,*,#4186,.F.);
#4188=ORIENTED_EDGE('',*,*,#4159,.T.);
#4189=ORIENTED_EDGE('',*,*,#4173,.T.);
#4190=ORIENTED_EDGE('',*,*,#4017,.F.);
#4191=ORIENTED_EDGE('',*,*,#3975,.F.);
#4193=ORIENTED_EDGE('',*,*,#4192,.F.);
#4194=ORIENTED_EDGE('',*,*,#3968,.F.);
#4195=ORIENTED_EDGE('',*,*,#4105,.T.);
#4197=ORIENTED_EDGE('',*,*,#4196,.T.);
#4199=ORIENTED_EDGE('',*,*,#4198,.T.);
#4201=ORIENTED_EDGE('',*,*,#4200,.F.);
#4202=EDGE_LOOP('',(#4185,#4187,#4188,#4189,#4190,#4191,#4193,#4194,#4195,#4197,
#4199,#4201));
#4203=FACE_OUTER_BOUND('',#4202,.F.);
#4204=ADVANCED_FACE('',(#4203),#4183,.T.);
#4205=FILL_AREA_STYLE_COLOUR('',#3);
#4206=FILL_AREA_STYLE('',(#4205));
#4207=SURFACE_STYLE_FILL_AREA(#4206);
#4208=SURFACE_SIDE_STYLE('',(#4207));
#4209=SURFACE_STYLE_USAGE(.BOTH.,#4208);
#4210=PRESENTATION_STYLE_ASSIGNMENT((#4209));
#4211=STYLED_ITEM('',(#4210),#4204);
#4212=CARTESIAN_POINT('',(0.E0,-4.5938E0,0.E0));
#4213=DIRECTION('',(0.E0,1.E0,0.E0));
#4214=DIRECTION('',(1.E0,0.E0,0.E0));
#4215=AXIS2_PLACEMENT_3D('',#4212,#4213,#4214);
#4216=CYLINDRICAL_SURFACE('',#4215,7.05E0);
#4217=ORIENTED_EDGE('',*,*,#4184,.T.);
#4219=ORIENTED_EDGE('',*,*,#4218,.F.);
#4220=ORIENTED_EDGE('',*,*,#4125,.F.);
#4222=ORIENTED_EDGE('',*,*,#4221,.T.);
#4223=EDGE_LOOP('',(#4217,#4219,#4220,#4222));
#4224=FACE_OUTER_BOUND('',#4223,.F.);
#4225=ADVANCED_FACE('',(#4224),#4216,.T.);
#4226=FILL_AREA_STYLE_COLOUR('',#4);
#4227=FILL_AREA_STYLE('',(#4226));
#4228=SURFACE_STYLE_FILL_AREA(#4227);
#4229=SURFACE_SIDE_STYLE('',(#4228));
#4230=SURFACE_STYLE_USAGE(.BOTH.,#4229);
#4231=PRESENTATION_STYLE_ASSIGNMENT((#4230));
#4232=STYLED_ITEM('',(#4231),#4225);
#4233=CARTESIAN_POINT('',(-5.13E0,-4.5938E0,4.835866003106E0));
#4234=DIRECTION('',(0.E0,0.E0,1.E0));
#4235=DIRECTION('',(1.E0,0.E0,0.E0));
#4236=AXIS2_PLACEMENT_3D('',#4233,#4234,#4235);
#4237=PLANE('',#4236);
#4238=ORIENTED_EDGE('',*,*,#4200,.T.);
#4240=ORIENTED_EDGE('',*,*,#4239,.T.);
#4241=ORIENTED_EDGE('',*,*,#4127,.F.);
#4242=ORIENTED_EDGE('',*,*,#4218,.T.);
#4243=EDGE_LOOP('',(#4238,#4240,#4241,#4242));
#4244=FACE_OUTER_BOUND('',#4243,.F.);
#4245=ADVANCED_FACE('',(#4244),#4237,.T.);
#4246=FILL_AREA_STYLE_COLOUR('',#4);
#4247=FILL_AREA_STYLE('',(#4246));
#4248=SURFACE_STYLE_FILL_AREA(#4247);
#4249=SURFACE_SIDE_STYLE('',(#4248));
#4250=SURFACE_STYLE_USAGE(.BOTH.,#4249);
#4251=PRESENTATION_STYLE_ASSIGNMENT((#4250));
#4252=STYLED_ITEM('',(#4251),#4245);
#4253=CARTESIAN_POINT('',(-4.4462E0,-4.8862E0,5.844E0));
#4254=DIRECTION('',(-1.E0,0.E0,0.E0));
#4255=DIRECTION('',(0.E0,0.E0,-1.E0));
#4256=AXIS2_PLACEMENT_3D('',#4253,#4254,#4255);
#4257=PLANE('',#4256);
#4258=ORIENTED_EDGE('',*,*,#4129,.T.);
#4259=ORIENTED_EDGE('',*,*,#4239,.F.);
#4260=ORIENTED_EDGE('',*,*,#4198,.F.);
#4262=ORIENTED_EDGE('',*,*,#4261,.T.);
#4263=EDGE_LOOP('',(#4258,#4259,#4260,#4262));
#4264=FACE_OUTER_BOUND('',#4263,.F.);
#4265=ADVANCED_FACE('',(#4264),#4257,.T.);
#4266=CARTESIAN_POINT('',(-4.0662E0,-4.8862E0,6.224E0));
#4267=DIRECTION('',(-7.071067811866E-1,0.E0,7.071067811865E-1));
#4268=DIRECTION('',(-7.071067811865E-1,0.E0,-7.071067811866E-1));
#4269=AXIS2_PLACEMENT_3D('',#4266,#4267,#4268);
#4270=PLANE('',#4269);
#4271=ORIENTED_EDGE('',*,*,#4131,.T.);
#4272=ORIENTED_EDGE('',*,*,#4261,.F.);
#4273=ORIENTED_EDGE('',*,*,#4196,.F.);
#4274=ORIENTED_EDGE('',*,*,#4103,.T.);
#4275=EDGE_LOOP('',(#4271,#4272,#4273,#4274));
#4276=FACE_OUTER_BOUND('',#4275,.F.);
#4277=ADVANCED_FACE('',(#4276),#4270,.T.);
#4278=CARTESIAN_POINT('',(-5.13E0,-4.5938E0,4.835866003106E0));
#4279=DIRECTION('',(0.E0,0.E0,1.E0));
#4280=DIRECTION('',(1.E0,0.E0,0.E0));
#4281=AXIS2_PLACEMENT_3D('',#4278,#4279,#4280);
#4282=PLANE('',#4281);
#4283=ORIENTED_EDGE('',*,*,#4186,.T.);
#4284=ORIENTED_EDGE('',*,*,#4221,.F.);
#4285=ORIENTED_EDGE('',*,*,#4123,.F.);
#4286=ORIENTED_EDGE('',*,*,#4161,.F.);
#4287=EDGE_LOOP('',(#4283,#4284,#4285,#4286));
#4288=FACE_OUTER_BOUND('',#4287,.F.);
#4289=ADVANCED_FACE('',(#4288),#4282,.T.);
#4290=FILL_AREA_STYLE_COLOUR('',#4);
#4291=FILL_AREA_STYLE('',(#4290));
#4292=SURFACE_STYLE_FILL_AREA(#4291);
#4293=SURFACE_SIDE_STYLE('',(#4292));
#4294=SURFACE_STYLE_USAGE(.POSITIVE.,#4293);
#4295=PRESENTATION_STYLE_ASSIGNMENT((#4294));
#4296=STYLED_ITEM('',(#4295),#4289);
#4297=CARTESIAN_POINT('',(0.E0,-2.03E0,0.E0));
#4298=DIRECTION('',(0.E0,-1.E0,0.E0));
#4299=DIRECTION('',(1.E0,0.E0,0.E0));
#4300=AXIS2_PLACEMENT_3D('',#4297,#4298,#4299);
#4301=CYLINDRICAL_SURFACE('',#4300,7.62E0);
#4302=ORIENTED_EDGE('',*,*,#3386,.F.);
#4303=ORIENTED_EDGE('',*,*,#3970,.T.);
#4304=ORIENTED_EDGE('',*,*,#4192,.T.);
#4305=ORIENTED_EDGE('',*,*,#3973,.F.);
#4306=EDGE_LOOP('',(#4302,#4303,#4304,#4305));
#4307=FACE_OUTER_BOUND('',#4306,.F.);
#4308=ADVANCED_FACE('',(#4307),#4301,.T.);
#4309=FILL_AREA_STYLE_COLOUR('',#3);
#4310=FILL_AREA_STYLE('',(#4309));
#4311=SURFACE_STYLE_FILL_AREA(#4310);
#4312=SURFACE_SIDE_STYLE('',(#4311));
#4313=SURFACE_STYLE_USAGE(.BOTH.,#4312);
#4314=PRESENTATION_STYLE_ASSIGNMENT((#4313));
#4315=STYLED_ITEM('',(#4314),#4308);
#4316=CARTESIAN_POINT('',(0.E0,-7.3878E0,0.E0));
#4317=DIRECTION('',(0.E0,1.E0,0.E0));
#4318=DIRECTION('',(-1.E0,0.E0,0.E0));
#4319=AXIS2_PLACEMENT_3D('',#4316,#4317,#4318);
#4320=CYLINDRICAL_SURFACE('',#4319,7.62E0);
#4322=ORIENTED_EDGE('',*,*,#4321,.F.);
#4323=ORIENTED_EDGE('',*,*,#4060,.T.);
#4324=ORIENTED_EDGE('',*,*,#4135,.T.);
#4325=ORIENTED_EDGE('',*,*,#4064,.F.);
#4326=EDGE_LOOP('',(#4322,#4323,#4324,#4325));
#4327=FACE_OUTER_BOUND('',#4326,.F.);
#4328=ADVANCED_FACE('',(#4327),#4320,.T.);
#4329=FILL_AREA_STYLE_COLOUR('',#4);
#4330=FILL_AREA_STYLE('',(#4329));
#4331=SURFACE_STYLE_FILL_AREA(#4330);
#4332=SURFACE_SIDE_STYLE('',(#4331));
#4333=SURFACE_STYLE_USAGE(.BOTH.,#4332);
#4334=PRESENTATION_STYLE_ASSIGNMENT((#4333));
#4335=STYLED_ITEM('',(#4334),#4328);
#4336=CARTESIAN_POINT('',(0.E0,-6.5115E0,0.E0));
#4337=DIRECTION('',(0.E0,1.E0,0.E0));
#4338=DIRECTION('',(1.E0,0.E0,0.E0));
#4339=AXIS2_PLACEMENT_3D('',#4336,#4337,#4338);
#4340=CONICAL_SURFACE('',#4339,7.08025E0,3.486574871260E1);
#4341=ORIENTED_EDGE('',*,*,#4321,.T.);
#4343=ORIENTED_EDGE('',*,*,#4342,.F.);
#4345=ORIENTED_EDGE('',*,*,#4344,.T.);
#4347=ORIENTED_EDGE('',*,*,#4346,.T.);
#4349=ORIENTED_EDGE('',*,*,#4348,.T.);
#4350=EDGE_LOOP('',(#4341,#4343,#4345,#4347,#4349));
#4351=FACE_OUTER_BOUND('',#4350,.F.);
#4352=ADVANCED_FACE('',(#4351),#4340,.T.);
#4353=FILL_AREA_STYLE_COLOUR('',#4);
#4354=FILL_AREA_STYLE('',(#4353));
#4355=SURFACE_STYLE_FILL_AREA(#4354);
#4356=SURFACE_SIDE_STYLE('',(#4355));
#4357=SURFACE_STYLE_USAGE(.BOTH.,#4356);
#4358=PRESENTATION_STYLE_ASSIGNMENT((#4357));
#4359=STYLED_ITEM('',(#4358),#4352);
#4360=CARTESIAN_POINT('',(0.E0,-6.5115E0,0.E0));
#4361=DIRECTION('',(0.E0,1.E0,0.E0));
#4362=DIRECTION('',(1.E0,0.E0,0.E0));
#4363=AXIS2_PLACEMENT_3D('',#4360,#4361,#4362);
#4364=CONICAL_SURFACE('',#4363,7.08025E0,3.486574871260E1);
#4365=ORIENTED_EDGE('',*,*,#4062,.T.);
#4366=ORIENTED_EDGE('',*,*,#4348,.F.);
#4368=ORIENTED_EDGE('',*,*,#4367,.T.);
#4370=ORIENTED_EDGE('',*,*,#4369,.T.);
#4371=ORIENTED_EDGE('',*,*,#4342,.T.);
#4372=EDGE_LOOP('',(#4365,#4366,#4368,#4370,#4371));
#4373=FACE_OUTER_BOUND('',#4372,.F.);
#4374=ADVANCED_FACE('',(#4373),#4364,.T.);
#4375=FILL_AREA_STYLE_COLOUR('',#4);
#4376=FILL_AREA_STYLE('',(#4375));
#4377=SURFACE_STYLE_FILL_AREA(#4376);
#4378=SURFACE_SIDE_STYLE('',(#4377));
#4379=SURFACE_STYLE_USAGE(.BOTH.,#4378);
#4380=PRESENTATION_STYLE_ASSIGNMENT((#4379));
#4381=STYLED_ITEM('',(#4380),#4374);
#4382=CARTESIAN_POINT('',(0.E0,-7.3878E0,0.E0));
#4383=DIRECTION('',(0.E0,-1.E0,0.E0));
#4384=DIRECTION('',(0.E0,0.E0,1.E0));
#4385=AXIS2_PLACEMENT_3D('',#4382,#4383,#4384);
#4386=CYLINDRICAL_SURFACE('',#4385,6.5405E0);
#4387=ORIENTED_EDGE('',*,*,#4346,.F.);
#4389=ORIENTED_EDGE('',*,*,#4388,.F.);
#4391=ORIENTED_EDGE('',*,*,#4390,.T.);
#4393=ORIENTED_EDGE('',*,*,#4392,.T.);
#4394=ORIENTED_EDGE('',*,*,#4367,.F.);
#4395=EDGE_LOOP('',(#4387,#4389,#4391,#4393,#4394));
#4396=FACE_OUTER_BOUND('',#4395,.F.);
#4397=ADVANCED_FACE('',(#4396),#4386,.T.);
#4398=FILL_AREA_STYLE_COLOUR('',#4);
#4399=FILL_AREA_STYLE('',(#4398));
#4400=SURFACE_STYLE_FILL_AREA(#4399);
#4401=SURFACE_SIDE_STYLE('',(#4400));
#4402=SURFACE_STYLE_USAGE(.BOTH.,#4401);
#4403=PRESENTATION_STYLE_ASSIGNMENT((#4402));
#4404=STYLED_ITEM('',(#4403),#4397);
#4405=CARTESIAN_POINT('',(0.E0,-7.3878E0,0.E0));
#4406=DIRECTION('',(0.E0,-1.E0,0.E0));
#4407=DIRECTION('',(0.E0,0.E0,1.E0));
#4408=AXIS2_PLACEMENT_3D('',#4405,#4406,#4407);
#4409=CYLINDRICAL_SURFACE('',#4408,6.5405E0);
#4410=ORIENTED_EDGE('',*,*,#4344,.F.);
#4411=ORIENTED_EDGE('',*,*,#4369,.F.);
#4412=ORIENTED_EDGE('',*,*,#4392,.F.);
#4414=ORIENTED_EDGE('',*,*,#4413,.T.);
#4415=ORIENTED_EDGE('',*,*,#4388,.T.);
#4416=EDGE_LOOP('',(#4410,#4411,#4412,#4414,#4415));
#4417=FACE_OUTER_BOUND('',#4416,.F.);
#4418=ADVANCED_FACE('',(#4417),#4409,.T.);
#4419=FILL_AREA_STYLE_COLOUR('',#4);
#4420=FILL_AREA_STYLE('',(#4419));
#4421=SURFACE_STYLE_FILL_AREA(#4420);
#4422=SURFACE_SIDE_STYLE('',(#4421));
#4423=SURFACE_STYLE_USAGE(.BOTH.,#4422);
#4424=PRESENTATION_STYLE_ASSIGNMENT((#4423));
#4425=STYLED_ITEM('',(#4424),#4418);
#4426=CARTESIAN_POINT('',(0.E0,-7.3878E0,0.E0));
#4427=DIRECTION('',(0.E0,1.E0,0.E0));
#4428=DIRECTION('',(-1.E0,0.E0,0.E0));
#4429=AXIS2_PLACEMENT_3D('',#4426,#4427,#4428);
#4430=PLANE('',#4429);
#4431=ORIENTED_EDGE('',*,*,#4390,.F.);
#4432=ORIENTED_EDGE('',*,*,#4413,.F.);
#4433=EDGE_LOOP('',(#4431,#4432));
#4434=FACE_OUTER_BOUND('',#4433,.F.);
#4436=ORIENTED_EDGE('',*,*,#4435,.T.);
#4438=ORIENTED_EDGE('',*,*,#4437,.T.);
#4439=EDGE_LOOP('',(#4436,#4438));
#4440=FACE_BOUND('',#4439,.F.);
#4441=ADVANCED_FACE('',(#4434,#4440),#4430,.F.);
#4442=FILL_AREA_STYLE_COLOUR('',#4);
#4443=FILL_AREA_STYLE('',(#4442));
#4444=SURFACE_STYLE_FILL_AREA(#4443);
#4445=SURFACE_SIDE_STYLE('',(#4444));
#4446=SURFACE_STYLE_USAGE(.BOTH.,#4445);
#4447=PRESENTATION_STYLE_ASSIGNMENT((#4446));
#4448=STYLED_ITEM('',(#4447),#4441);
#4449=CARTESIAN_POINT('',(0.E0,-7.3878E0,0.E0));
#4450=DIRECTION('',(0.E0,-1.E0,0.E0));
#4451=DIRECTION('',(-1.E0,0.E0,0.E0));
#4452=AXIS2_PLACEMENT_3D('',#4449,#4450,#4451);
#4453=CYLINDRICAL_SURFACE('',#4452,5.59E0);
#4455=ORIENTED_EDGE('',*,*,#4454,.F.);
#4457=ORIENTED_EDGE('',*,*,#4456,.T.);
#4459=ORIENTED_EDGE('',*,*,#4458,.T.);
#4461=ORIENTED_EDGE('',*,*,#4460,.F.);
#4463=ORIENTED_EDGE('',*,*,#4462,.F.);
#4465=ORIENTED_EDGE('',*,*,#4464,.T.);
#4467=ORIENTED_EDGE('',*,*,#4466,.T.);
#4469=ORIENTED_EDGE('',*,*,#4468,.F.);
#4470=ORIENTED_EDGE('',*,*,#4435,.F.);
#4472=ORIENTED_EDGE('',*,*,#4471,.T.);
#4474=ORIENTED_EDGE('',*,*,#4473,.T.);
#4476=ORIENTED_EDGE('',*,*,#4475,.F.);
#4477=EDGE_LOOP('',(#4455,#4457,#4459,#4461,#4463,#4465,#4467,#4469,#4470,#4472,
#4474,#4476));
#4478=FACE_OUTER_BOUND('',#4477,.F.);
#4479=ADVANCED_FACE('',(#4478),#4453,.F.);
#4480=FILL_AREA_STYLE_COLOUR('',#4);
#4481=FILL_AREA_STYLE('',(#4480));
#4482=SURFACE_STYLE_FILL_AREA(#4481);
#4483=SURFACE_SIDE_STYLE('',(#4482));
#4484=SURFACE_STYLE_USAGE(.BOTH.,#4483);
#4485=PRESENTATION_STYLE_ASSIGNMENT((#4484));
#4486=STYLED_ITEM('',(#4485),#4479);
#4487=CARTESIAN_POINT('',(2.531308496145E-14,-6.743799204251E0,
4.640732242933E-14));
#4488=DIRECTION('',(0.E0,1.E0,0.E0));
#4489=DIRECTION('',(1.E0,0.E0,0.E0));
#4490=AXIS2_PLACEMENT_3D('',#4487,#4488,#4489);
#4491=CONICAL_SURFACE('',#4490,5.739999204251E0,4.499999205696E1);
#4493=ORIENTED_EDGE('',*,*,#4492,.F.);
#4495=ORIENTED_EDGE('',*,*,#4494,.T.);
#4496=ORIENTED_EDGE('',*,*,#4454,.T.);
#4498=ORIENTED_EDGE('',*,*,#4497,.T.);
#4499=EDGE_LOOP('',(#4493,#4495,#4496,#4498));
#4500=FACE_OUTER_BOUND('',#4499,.F.);
#4501=ADVANCED_FACE('',(#4500),#4491,.F.);
#4502=FILL_AREA_STYLE_COLOUR('',#4);
#4503=FILL_AREA_STYLE('',(#4502));
#4504=SURFACE_STYLE_FILL_AREA(#4503);
#4505=SURFACE_SIDE_STYLE('',(#4504));
#4506=SURFACE_STYLE_USAGE(.BOTH.,#4505);
#4507=PRESENTATION_STYLE_ASSIGNMENT((#4506));
#4508=STYLED_ITEM('',(#4507),#4501);
#4509=CARTESIAN_POINT('',(0.E0,-6.5938E0,0.E0));
#4510=DIRECTION('',(0.E0,1.E0,0.E0));
#4511=DIRECTION('',(1.E0,0.E0,0.E0));
#4512=AXIS2_PLACEMENT_3D('',#4509,#4510,#4511);
#4513=PLANE('',#4512);
#4514=ORIENTED_EDGE('',*,*,#4492,.T.);
#4516=ORIENTED_EDGE('',*,*,#4515,.F.);
#4518=ORIENTED_EDGE('',*,*,#4517,.T.);
#4520=ORIENTED_EDGE('',*,*,#4519,.F.);
#4521=EDGE_LOOP('',(#4514,#4516,#4518,#4520));
#4522=FACE_OUTER_BOUND('',#4521,.F.);
#4523=ADVANCED_FACE('',(#4522),#4513,.T.);
#4524=FILL_AREA_STYLE_COLOUR('',#4);
#4525=FILL_AREA_STYLE('',(#4524));
#4526=SURFACE_STYLE_FILL_AREA(#4525);
#4527=SURFACE_SIDE_STYLE('',(#4526));
#4528=SURFACE_STYLE_USAGE(.BOTH.,#4527);
#4529=PRESENTATION_STYLE_ASSIGNMENT((#4528));
#4530=STYLED_ITEM('',(#4529),#4523);
#4531=CARTESIAN_POINT('',(-4.85E0,-5.0938E0,-2.779496357256E0));
#4532=DIRECTION('',(-1.E0,0.E0,0.E0));
#4533=DIRECTION('',(0.E0,0.E0,1.E0));
#4534=AXIS2_PLACEMENT_3D('',#4531,#4532,#4533);
#4535=PLANE('',#4534);
#4537=ORIENTED_EDGE('',*,*,#4536,.F.);
#4539=ORIENTED_EDGE('',*,*,#4538,.T.);
#4540=ORIENTED_EDGE('',*,*,#4515,.T.);
#4541=ORIENTED_EDGE('',*,*,#4497,.F.);
#4542=ORIENTED_EDGE('',*,*,#4475,.T.);
#4544=ORIENTED_EDGE('',*,*,#4543,.T.);
#4546=ORIENTED_EDGE('',*,*,#4545,.F.);
#4547=EDGE_LOOP('',(#4537,#4539,#4540,#4541,#4542,#4544,#4546));
#4548=FACE_OUTER_BOUND('',#4547,.F.);
#4549=ADVANCED_FACE('',(#4548),#4535,.F.);
#4550=FILL_AREA_STYLE_COLOUR('',#4);
#4551=FILL_AREA_STYLE('',(#4550));
#4552=SURFACE_STYLE_FILL_AREA(#4551);
#4553=SURFACE_SIDE_STYLE('',(#4552));
#4554=SURFACE_STYLE_USAGE(.BOTH.,#4553);
#4555=PRESENTATION_STYLE_ASSIGNMENT((#4554));
#4556=STYLED_ITEM('',(#4555),#4549);
#4557=CARTESIAN_POINT('',(0.E0,-5.3848E0,0.E0));
#4558=DIRECTION('',(0.E0,1.E0,0.E0));
#4559=DIRECTION('',(1.E0,0.E0,0.E0));
#4560=AXIS2_PLACEMENT_3D('',#4557,#4558,#4559);
#4561=PLANE('',#4560);
#4562=ORIENTED_EDGE('',*,*,#4536,.T.);
#4564=ORIENTED_EDGE('',*,*,#4563,.T.);
#4566=ORIENTED_EDGE('',*,*,#4565,.T.);
#4568=ORIENTED_EDGE('',*,*,#4567,.T.);
#4570=ORIENTED_EDGE('',*,*,#4569,.T.);
#4572=ORIENTED_EDGE('',*,*,#4571,.T.);
#4574=ORIENTED_EDGE('',*,*,#4573,.T.);
#4576=ORIENTED_EDGE('',*,*,#4575,.T.);
#4577=EDGE_LOOP('',(#4562,#4564,#4566,#4568,#4570,#4572,#4574,#4576));
#4578=FACE_OUTER_BOUND('',#4577,.F.);
#4580=ORIENTED_EDGE('',*,*,#4579,.F.);
#4582=ORIENTED_EDGE('',*,*,#4581,.F.);
#4584=ORIENTED_EDGE('',*,*,#4583,.F.);
#4586=ORIENTED_EDGE('',*,*,#4585,.F.);
#4588=ORIENTED_EDGE('',*,*,#4587,.F.);
#4590=ORIENTED_EDGE('',*,*,#4589,.F.);
#4592=ORIENTED_EDGE('',*,*,#4591,.F.);
#4594=ORIENTED_EDGE('',*,*,#4593,.F.);
#4595=EDGE_LOOP('',(#4580,#4582,#4584,#4586,#4588,#4590,#4592,#4594));
#4596=FACE_BOUND('',#4595,.F.);
#4597=ADVANCED_FACE('',(#4578,#4596),#4561,.F.);
#4598=FILL_AREA_STYLE_COLOUR('',#4);
#4599=FILL_AREA_STYLE('',(#4598));
#4600=SURFACE_STYLE_FILL_AREA(#4599);
#4601=SURFACE_SIDE_STYLE('',(#4600));
#4602=SURFACE_STYLE_USAGE(.BOTH.,#4601);
#4603=PRESENTATION_STYLE_ASSIGNMENT((#4602));
#4604=STYLED_ITEM('',(#4603),#4597);
#4605=CARTESIAN_POINT('',(-4.34E0,-5.0938E0,1.9E0));
#4606=DIRECTION('',(0.E0,1.E0,0.E0));
#4607=DIRECTION('',(1.E0,0.E0,0.E0));
#4608=AXIS2_PLACEMENT_3D('',#4605,#4606,#4607);
#4609=CYLINDRICAL_SURFACE('',#4608,5.1E-1);
#4610=ORIENTED_EDGE('',*,*,#4563,.F.);
#4611=ORIENTED_EDGE('',*,*,#4545,.T.);
#4613=ORIENTED_EDGE('',*,*,#4612,.T.);
#4615=ORIENTED_EDGE('',*,*,#4614,.F.);
#4616=EDGE_LOOP('',(#4610,#4611,#4613,#4615));
#4617=FACE_OUTER_BOUND('',#4616,.F.);
#4618=ADVANCED_FACE('',(#4617),#4609,.F.);
#4619=FILL_AREA_STYLE_COLOUR('',#4);
#4620=FILL_AREA_STYLE('',(#4619));
#4621=SURFACE_STYLE_FILL_AREA(#4620);
#4622=SURFACE_SIDE_STYLE('',(#4621));
#4623=SURFACE_STYLE_USAGE(.BOTH.,#4622);
#4624=PRESENTATION_STYLE_ASSIGNMENT((#4623));
#4625=STYLED_ITEM('',(#4624),#4618);
#4626=CARTESIAN_POINT('',(0.E0,-7.2078E0,0.E0));
#4627=DIRECTION('',(0.E0,-1.E0,0.E0));
#4628=DIRECTION('',(-1.E0,0.E0,0.E0));
#4629=AXIS2_PLACEMENT_3D('',#4626,#4627,#4628);
#4630=PLANE('',#4629);
#4631=ORIENTED_EDGE('',*,*,#4543,.F.);
#4632=ORIENTED_EDGE('',*,*,#4473,.F.);
#4634=ORIENTED_EDGE('',*,*,#4633,.F.);
#4635=ORIENTED_EDGE('',*,*,#4466,.F.);
#4637=ORIENTED_EDGE('',*,*,#4636,.F.);
#4639=ORIENTED_EDGE('',*,*,#4638,.F.);
#4641=ORIENTED_EDGE('',*,*,#4640,.F.);
#4642=ORIENTED_EDGE('',*,*,#4612,.F.);
#4643=EDGE_LOOP('',(#4631,#4632,#4634,#4635,#4637,#4639,#4641,#4642));
#4644=FACE_OUTER_BOUND('',#4643,.F.);
#4645=ADVANCED_FACE('',(#4644),#4630,.T.);
#4646=FILL_AREA_STYLE_COLOUR('',#4);
#4647=FILL_AREA_STYLE('',(#4646));
#4648=SURFACE_STYLE_FILL_AREA(#4647);
#4649=SURFACE_SIDE_STYLE('',(#4648));
#4650=SURFACE_STYLE_USAGE(.BOTH.,#4649);
#4651=PRESENTATION_STYLE_ASSIGNMENT((#4650));
#4652=STYLED_ITEM('',(#4651),#4645);
#4653=CARTESIAN_POINT('',(0.E0,-7.3878E0,0.E0));
#4654=DIRECTION('',(0.E0,-1.E0,0.E0));
#4655=DIRECTION('',(-1.E0,0.E0,0.E0));
#4656=AXIS2_PLACEMENT_3D('',#4653,#4654,#4655);
#4657=CYLINDRICAL_SURFACE('',#4656,5.59E0);
#4658=ORIENTED_EDGE('',*,*,#4437,.F.);
#4659=ORIENTED_EDGE('',*,*,#4468,.T.);
#4660=ORIENTED_EDGE('',*,*,#4633,.T.);
#4661=ORIENTED_EDGE('',*,*,#4471,.F.);
#4662=EDGE_LOOP('',(#4658,#4659,#4660,#4661));
#4663=FACE_OUTER_BOUND('',#4662,.F.);
#4664=ADVANCED_FACE('',(#4663),#4657,.F.);
#4665=FILL_AREA_STYLE_COLOUR('',#4);
#4666=FILL_AREA_STYLE('',(#4665));
#4667=SURFACE_STYLE_FILL_AREA(#4666);
#4668=SURFACE_SIDE_STYLE('',(#4667));
#4669=SURFACE_STYLE_USAGE(.BOTH.,#4668);
#4670=PRESENTATION_STYLE_ASSIGNMENT((#4669));
#4671=STYLED_ITEM('',(#4670),#4664);
#4672=CARTESIAN_POINT('',(4.85E0,-5.0938E0,1.9E0));
#4673=DIRECTION('',(1.E0,0.E0,0.E0));
#4674=DIRECTION('',(0.E0,0.E0,-1.E0));
#4675=AXIS2_PLACEMENT_3D('',#4672,#4673,#4674);
#4676=PLANE('',#4675);
#4677=ORIENTED_EDGE('',*,*,#4569,.F.);
#4679=ORIENTED_EDGE('',*,*,#4678,.T.);
#4680=ORIENTED_EDGE('',*,*,#4636,.T.);
#4681=ORIENTED_EDGE('',*,*,#4464,.F.);
#4683=ORIENTED_EDGE('',*,*,#4682,.F.);
#4685=ORIENTED_EDGE('',*,*,#4684,.T.);
#4687=ORIENTED_EDGE('',*,*,#4686,.F.);
#4688=EDGE_LOOP('',(#4677,#4679,#4680,#4681,#4683,#4685,#4687));
#4689=FACE_OUTER_BOUND('',#4688,.F.);
#4690=ADVANCED_FACE('',(#4689),#4676,.F.);
#4691=FILL_AREA_STYLE_COLOUR('',#4);
#4692=FILL_AREA_STYLE('',(#4691));
#4693=SURFACE_STYLE_FILL_AREA(#4692);
#4694=SURFACE_SIDE_STYLE('',(#4693));
#4695=SURFACE_STYLE_USAGE(.BOTH.,#4694);
#4696=PRESENTATION_STYLE_ASSIGNMENT((#4695));
#4697=STYLED_ITEM('',(#4696),#4690);
#4698=CARTESIAN_POINT('',(4.34E0,-5.0938E0,1.9E0));
#4699=DIRECTION('',(0.E0,1.E0,0.E0));
#4700=DIRECTION('',(1.E0,0.E0,0.E0));
#4701=AXIS2_PLACEMENT_3D('',#4698,#4699,#4700);
#4702=CYLINDRICAL_SURFACE('',#4701,5.1E-1);
#4703=ORIENTED_EDGE('',*,*,#4567,.F.);
#4705=ORIENTED_EDGE('',*,*,#4704,.T.);
#4706=ORIENTED_EDGE('',*,*,#4638,.T.);
#4707=ORIENTED_EDGE('',*,*,#4678,.F.);
#4708=EDGE_LOOP('',(#4703,#4705,#4706,#4707));
#4709=FACE_OUTER_BOUND('',#4708,.F.);
#4710=ADVANCED_FACE('',(#4709),#4702,.F.);
#4711=FILL_AREA_STYLE_COLOUR('',#4);
#4712=FILL_AREA_STYLE('',(#4711));
#4713=SURFACE_STYLE_FILL_AREA(#4712);
#4714=SURFACE_SIDE_STYLE('',(#4713));
#4715=SURFACE_STYLE_USAGE(.BOTH.,#4714);
#4716=PRESENTATION_STYLE_ASSIGNMENT((#4715));
#4717=STYLED_ITEM('',(#4716),#4710);
#4718=CARTESIAN_POINT('',(-4.34E0,-5.0938E0,2.41E0));
#4719=DIRECTION('',(0.E0,0.E0,1.E0));
#4720=DIRECTION('',(1.E0,0.E0,0.E0));
#4721=AXIS2_PLACEMENT_3D('',#4718,#4719,#4720);
#4722=PLANE('',#4721);
#4723=ORIENTED_EDGE('',*,*,#4565,.F.);
#4724=ORIENTED_EDGE('',*,*,#4614,.T.);
#4725=ORIENTED_EDGE('',*,*,#4640,.T.);
#4726=ORIENTED_EDGE('',*,*,#4704,.F.);
#4727=EDGE_LOOP('',(#4723,#4724,#4725,#4726));
#4728=FACE_OUTER_BOUND('',#4727,.F.);
#4729=ADVANCED_FACE('',(#4728),#4722,.F.);
#4730=FILL_AREA_STYLE_COLOUR('',#4);
#4731=FILL_AREA_STYLE('',(#4730));
#4732=SURFACE_STYLE_FILL_AREA(#4731);
#4733=SURFACE_SIDE_STYLE('',(#4732));
#4734=SURFACE_STYLE_USAGE(.BOTH.,#4733);
#4735=PRESENTATION_STYLE_ASSIGNMENT((#4734));
#4736=STYLED_ITEM('',(#4735),#4729);
#4737=CARTESIAN_POINT('',(-2.997602166488E-14,-6.743799197454E0,0.E0));
#4738=DIRECTION('',(0.E0,1.E0,0.E0));
#4739=DIRECTION('',(1.E0,0.E0,0.E0));
#4740=AXIS2_PLACEMENT_3D('',#4737,#4738,#4739);
#4741=CONICAL_SURFACE('',#4740,5.739999197449E0,4.499999198908E1);
#4743=ORIENTED_EDGE('',*,*,#4742,.F.);
#4744=ORIENTED_EDGE('',*,*,#4682,.T.);
#4745=ORIENTED_EDGE('',*,*,#4462,.T.);
#4747=ORIENTED_EDGE('',*,*,#4746,.T.);
#4748=EDGE_LOOP('',(#4743,#4744,#4745,#4747));
#4749=FACE_OUTER_BOUND('',#4748,.F.);
#4750=ADVANCED_FACE('',(#4749),#4741,.F.);
#4751=FILL_AREA_STYLE_COLOUR('',#4);
#4752=FILL_AREA_STYLE('',(#4751));
#4753=SURFACE_STYLE_FILL_AREA(#4752);
#4754=SURFACE_SIDE_STYLE('',(#4753));
#4755=SURFACE_STYLE_USAGE(.BOTH.,#4754);
#4756=PRESENTATION_STYLE_ASSIGNMENT((#4755));
#4757=STYLED_ITEM('',(#4756),#4750);
#4758=CARTESIAN_POINT('',(0.E0,-6.5938E0,0.E0));
#4759=DIRECTION('',(0.E0,1.E0,0.E0));
#4760=DIRECTION('',(1.E0,0.E0,0.E0));
#4761=AXIS2_PLACEMENT_3D('',#4758,#4759,#4760);
#4762=PLANE('',#4761);
#4763=ORIENTED_EDGE('',*,*,#4742,.T.);
#4765=ORIENTED_EDGE('',*,*,#4764,.F.);
#4767=ORIENTED_EDGE('',*,*,#4766,.T.);
#4768=ORIENTED_EDGE('',*,*,#4684,.F.);
#4769=EDGE_LOOP('',(#4763,#4765,#4767,#4768));
#4770=FACE_OUTER_BOUND('',#4769,.F.);
#4771=ADVANCED_FACE('',(#4770),#4762,.T.);
#4772=FILL_AREA_STYLE_COLOUR('',#4);
#4773=FILL_AREA_STYLE('',(#4772));
#4774=SURFACE_STYLE_FILL_AREA(#4773);
#4775=SURFACE_SIDE_STYLE('',(#4774));
#4776=SURFACE_STYLE_USAGE(.POSITIVE.,#4775);
#4777=PRESENTATION_STYLE_ASSIGNMENT((#4776));
#4778=STYLED_ITEM('',(#4777),#4771);
#4779=CARTESIAN_POINT('',(2.726481248789E0,-5.0938E0,-4.88E0));
#4780=DIRECTION('',(0.E0,0.E0,-1.E0));
#4781=DIRECTION('',(-1.E0,0.E0,0.E0));
#4782=AXIS2_PLACEMENT_3D('',#4779,#4780,#4781);
#4783=PLANE('',#4782);
#4784=ORIENTED_EDGE('',*,*,#4573,.F.);
#4786=ORIENTED_EDGE('',*,*,#4785,.T.);
#4787=ORIENTED_EDGE('',*,*,#4764,.T.);
#4788=ORIENTED_EDGE('',*,*,#4746,.F.);
#4789=ORIENTED_EDGE('',*,*,#4460,.T.);
#4791=ORIENTED_EDGE('',*,*,#4790,.T.);
#4792=ORIENTED_EDGE('',*,*,#4456,.F.);
#4793=ORIENTED_EDGE('',*,*,#4494,.F.);
#4794=ORIENTED_EDGE('',*,*,#4519,.T.);
#4796=ORIENTED_EDGE('',*,*,#4795,.F.);
#4797=EDGE_LOOP('',(#4784,#4786,#4787,#4788,#4789,#4791,#4792,#4793,#4794,
#4796));
#4798=FACE_OUTER_BOUND('',#4797,.F.);
#4799=ADVANCED_FACE('',(#4798),#4783,.F.);
#4800=FILL_AREA_STYLE_COLOUR('',#4);
#4801=FILL_AREA_STYLE('',(#4800));
#4802=SURFACE_STYLE_FILL_AREA(#4801);
#4803=SURFACE_SIDE_STYLE('',(#4802));
#4804=SURFACE_STYLE_USAGE(.BOTH.,#4803);
#4805=PRESENTATION_STYLE_ASSIGNMENT((#4804));
#4806=STYLED_ITEM('',(#4805),#4799);
#4807=CARTESIAN_POINT('',(4.34E0,-5.0938E0,-4.37E0));
#4808=DIRECTION('',(0.E0,1.E0,0.E0));
#4809=DIRECTION('',(1.E0,0.E0,0.E0));
#4810=AXIS2_PLACEMENT_3D('',#4807,#4808,#4809);
#4811=CYLINDRICAL_SURFACE('',#4810,5.1E-1);
#4812=ORIENTED_EDGE('',*,*,#4571,.F.);
#4813=ORIENTED_EDGE('',*,*,#4686,.T.);
#4814=ORIENTED_EDGE('',*,*,#4766,.F.);
#4815=ORIENTED_EDGE('',*,*,#4785,.F.);
#4816=EDGE_LOOP('',(#4812,#4813,#4814,#4815));
#4817=FACE_OUTER_BOUND('',#4816,.F.);
#4818=ADVANCED_FACE('',(#4817),#4811,.F.);
#4819=FILL_AREA_STYLE_COLOUR('',#4);
#4820=FILL_AREA_STYLE('',(#4819));
#4821=SURFACE_STYLE_FILL_AREA(#4820);
#4822=SURFACE_SIDE_STYLE('',(#4821));
#4823=SURFACE_STYLE_USAGE(.BOTH.,#4822);
#4824=PRESENTATION_STYLE_ASSIGNMENT((#4823));
#4825=STYLED_ITEM('',(#4824),#4818);
#4826=CARTESIAN_POINT('',(0.E0,-7.2078E0,0.E0));
#4827=DIRECTION('',(0.E0,-1.E0,0.E0));
#4828=DIRECTION('',(-1.E0,0.E0,0.E0));
#4829=AXIS2_PLACEMENT_3D('',#4826,#4827,#4828);
#4830=PLANE('',#4829);
#4831=ORIENTED_EDGE('',*,*,#4790,.F.);
#4832=ORIENTED_EDGE('',*,*,#4458,.F.);
#4833=EDGE_LOOP('',(#4831,#4832));
#4834=FACE_OUTER_BOUND('',#4833,.F.);
#4835=ADVANCED_FACE('',(#4834),#4830,.T.);
#4836=FILL_AREA_STYLE_COLOUR('',#4);
#4837=FILL_AREA_STYLE('',(#4836));
#4838=SURFACE_STYLE_FILL_AREA(#4837);
#4839=SURFACE_SIDE_STYLE('',(#4838));
#4840=SURFACE_STYLE_USAGE(.POSITIVE.,#4839);
#4841=PRESENTATION_STYLE_ASSIGNMENT((#4840));
#4842=STYLED_ITEM('',(#4841),#4835);
#4843=CARTESIAN_POINT('',(-4.34E0,-5.0938E0,-4.37E0));
#4844=DIRECTION('',(0.E0,1.E0,0.E0));
#4845=DIRECTION('',(1.E0,0.E0,0.E0));
#4846=AXIS2_PLACEMENT_3D('',#4843,#4844,#4845);
#4847=CYLINDRICAL_SURFACE('',#4846,5.1E-1);
#4848=ORIENTED_EDGE('',*,*,#4575,.F.);
#4849=ORIENTED_EDGE('',*,*,#4795,.T.);
#4850=ORIENTED_EDGE('',*,*,#4517,.F.);
#4851=ORIENTED_EDGE('',*,*,#4538,.F.);
#4852=EDGE_LOOP('',(#4848,#4849,#4850,#4851));
#4853=FACE_OUTER_BOUND('',#4852,.F.);
#4854=ADVANCED_FACE('',(#4853),#4847,.F.);
#4855=FILL_AREA_STYLE_COLOUR('',#4);
#4856=FILL_AREA_STYLE('',(#4855));
#4857=SURFACE_STYLE_FILL_AREA(#4856);
#4858=SURFACE_SIDE_STYLE('',(#4857));
#4859=SURFACE_STYLE_USAGE(.BOTH.,#4858);
#4860=PRESENTATION_STYLE_ASSIGNMENT((#4859));
#4861=STYLED_ITEM('',(#4860),#4854);
#4862=CARTESIAN_POINT('',(-4.703E0,-4.9162E0,3.441204901021E0));
#4863=DIRECTION('',(-9.999619230642E-1,-8.726535498374E-3,0.E0));
#4864=DIRECTION('',(0.E0,0.E0,1.E0));
#4865=AXIS2_PLACEMENT_3D('',#4862,#4863,#4864);
#4866=PLANE('',#4865);
#4867=ORIENTED_EDGE('',*,*,#4579,.T.);
#4869=ORIENTED_EDGE('',*,*,#4868,.F.);
#4871=ORIENTED_EDGE('',*,*,#4870,.T.);
#4873=ORIENTED_EDGE('',*,*,#4872,.F.);
#4875=ORIENTED_EDGE('',*,*,#4874,.F.);
#4877=ORIENTED_EDGE('',*,*,#4876,.F.);
#4879=ORIENTED_EDGE('',*,*,#4878,.T.);
#4880=EDGE_LOOP('',(#4867,#4869,#4871,#4873,#4875,#4877,#4879));
#4881=FACE_OUTER_BOUND('',#4880,.F.);
#4882=ADVANCED_FACE('',(#4881),#4866,.T.);
#4883=FILL_AREA_STYLE_COLOUR('',#11);
#4884=FILL_AREA_STYLE('',(#4883));
#4885=SURFACE_STYLE_FILL_AREA(#4884);
#4886=SURFACE_SIDE_STYLE('',(#4885));
#4887=SURFACE_STYLE_USAGE(.BOTH.,#4886);
#4888=PRESENTATION_STYLE_ASSIGNMENT((#4887));
#4889=STYLED_ITEM('',(#4888),#4882);
#4890=CARTESIAN_POINT('',(-4.193E0,-6.042245307100E0,1.7765E0));
#4891=DIRECTION('',(0.E0,1.E0,0.E0));
#4892=DIRECTION('',(-1.E0,0.E0,0.E0));
#4893=AXIS2_PLACEMENT_3D('',#4890,#4891,#4892);
#4894=CONICAL_SURFACE('',#4893,5.001731514785E-1,5.E-1);
#4895=ORIENTED_EDGE('',*,*,#4593,.T.);
#4897=ORIENTED_EDGE('',*,*,#4896,.F.);
#4899=ORIENTED_EDGE('',*,*,#4898,.T.);
#4900=ORIENTED_EDGE('',*,*,#4868,.T.);
#4901=EDGE_LOOP('',(#4895,#4897,#4899,#4900));
#4902=FACE_OUTER_BOUND('',#4901,.F.);
#4903=ADVANCED_FACE('',(#4902),#4894,.T.);
#4904=FILL_AREA_STYLE_COLOUR('',#11);
#4905=FILL_AREA_STYLE('',(#4904));
#4906=SURFACE_STYLE_FILL_AREA(#4905);
#4907=SURFACE_SIDE_STYLE('',(#4906));
#4908=SURFACE_STYLE_USAGE(.BOTH.,#4907);
#4909=PRESENTATION_STYLE_ASSIGNMENT((#4908));
#4910=STYLED_ITEM('',(#4909),#4903);
#4911=CARTESIAN_POINT('',(5.851704901021E0,-4.9162E0,2.2865E0));
#4912=DIRECTION('',(0.E0,-8.726535498374E-3,9.999619230642E-1));
#4913=DIRECTION('',(1.E0,0.E0,0.E0));
#4914=AXIS2_PLACEMENT_3D('',#4911,#4912,#4913);
#4915=PLANE('',#4914);
#4916=ORIENTED_EDGE('',*,*,#4591,.T.);
#4918=ORIENTED_EDGE('',*,*,#4917,.F.);
#4920=ORIENTED_EDGE('',*,*,#4919,.T.);
#4921=ORIENTED_EDGE('',*,*,#4896,.T.);
#4922=EDGE_LOOP('',(#4916,#4918,#4920,#4921));
#4923=FACE_OUTER_BOUND('',#4922,.F.);
#4924=ADVANCED_FACE('',(#4923),#4915,.T.);
#4925=FILL_AREA_STYLE_COLOUR('',#11);
#4926=FILL_AREA_STYLE('',(#4925));
#4927=SURFACE_STYLE_FILL_AREA(#4926);
#4928=SURFACE_SIDE_STYLE('',(#4927));
#4929=SURFACE_STYLE_USAGE(.BOTH.,#4928);
#4930=PRESENTATION_STYLE_ASSIGNMENT((#4929));
#4931=STYLED_ITEM('',(#4930),#4924);
#4932=CARTESIAN_POINT('',(4.187E0,-6.042245307100E0,1.7765E0));
#4933=DIRECTION('',(0.E0,1.E0,0.E0));
#4934=DIRECTION('',(0.E0,0.E0,1.E0));
#4935=AXIS2_PLACEMENT_3D('',#4932,#4933,#4934);
#4936=CONICAL_SURFACE('',#4935,5.001731514785E-1,5.E-1);
#4937=ORIENTED_EDGE('',*,*,#4589,.T.);
#4939=ORIENTED_EDGE('',*,*,#4938,.F.);
#4941=ORIENTED_EDGE('',*,*,#4940,.T.);
#4942=ORIENTED_EDGE('',*,*,#4917,.T.);
#4943=EDGE_LOOP('',(#4937,#4939,#4941,#4942));
#4944=FACE_OUTER_BOUND('',#4943,.F.);
#4945=ADVANCED_FACE('',(#4944),#4936,.T.);
#4946=FILL_AREA_STYLE_COLOUR('',#11);
#4947=FILL_AREA_STYLE('',(#4946));
#4948=SURFACE_STYLE_FILL_AREA(#4947);
#4949=SURFACE_SIDE_STYLE('',(#4948));
#4950=SURFACE_STYLE_USAGE(.BOTH.,#4949);
#4951=PRESENTATION_STYLE_ASSIGNMENT((#4950));
#4952=STYLED_ITEM('',(#4951),#4945);
#4953=CARTESIAN_POINT('',(4.697E0,-4.9162E0,-5.868204901021E0));
#4954=DIRECTION('',(9.999619230642E-1,-8.726535498374E-3,0.E0));
#4955=DIRECTION('',(0.E0,0.E0,-1.E0));
#4956=AXIS2_PLACEMENT_3D('',#4953,#4954,#4955);
#4957=PLANE('',#4956);
#4958=ORIENTED_EDGE('',*,*,#4587,.T.);
#4960=ORIENTED_EDGE('',*,*,#4959,.F.);
#4962=ORIENTED_EDGE('',*,*,#4961,.F.);
#4964=ORIENTED_EDGE('',*,*,#4963,.F.);
#4966=ORIENTED_EDGE('',*,*,#4965,.F.);
#4968=ORIENTED_EDGE('',*,*,#4967,.T.);
#4969=ORIENTED_EDGE('',*,*,#4938,.T.);
#4970=EDGE_LOOP('',(#4958,#4960,#4962,#4964,#4966,#4968,#4969));
#4971=FACE_OUTER_BOUND('',#4970,.F.);
#4972=ADVANCED_FACE('',(#4971),#4957,.T.);
#4973=FILL_AREA_STYLE_COLOUR('',#11);
#4974=FILL_AREA_STYLE('',(#4973));
#4975=SURFACE_STYLE_FILL_AREA(#4974);
#4976=SURFACE_SIDE_STYLE('',(#4975));
#4977=SURFACE_STYLE_USAGE(.BOTH.,#4976);
#4978=PRESENTATION_STYLE_ASSIGNMENT((#4977));
#4979=STYLED_ITEM('',(#4978),#4972);
#4980=CARTESIAN_POINT('',(4.187E0,-5.592245307100E0,-4.2035E0));
#4981=DIRECTION('',(0.E0,1.E0,0.E0));
#4982=DIRECTION('',(1.E0,0.E0,0.E0));
#4983=AXIS2_PLACEMENT_3D('',#4980,#4981,#4982);
#4984=CONICAL_SURFACE('',#4983,5.041002419844E-1,5.E-1);
#4985=ORIENTED_EDGE('',*,*,#4585,.T.);
#4987=ORIENTED_EDGE('',*,*,#4986,.F.);
#4989=ORIENTED_EDGE('',*,*,#4988,.F.);
#4990=ORIENTED_EDGE('',*,*,#4959,.T.);
#4991=EDGE_LOOP('',(#4985,#4987,#4989,#4990));
#4992=FACE_OUTER_BOUND('',#4991,.F.);
#4993=ADVANCED_FACE('',(#4992),#4984,.T.);
#4994=FILL_AREA_STYLE_COLOUR('',#11);
#4995=FILL_AREA_STYLE('',(#4994));
#4996=SURFACE_STYLE_FILL_AREA(#4995);
#4997=SURFACE_SIDE_STYLE('',(#4996));
#4998=SURFACE_STYLE_USAGE(.BOTH.,#4997);
#4999=PRESENTATION_STYLE_ASSIGNMENT((#4998));
#5000=STYLED_ITEM('',(#4999),#4993);
#5001=CARTESIAN_POINT('',(-5.857704901021E0,-4.9162E0,-4.7135E0));
#5002=DIRECTION('',(0.E0,-8.726535498374E-3,-9.999619230642E-1));
#5003=DIRECTION('',(-1.E0,0.E0,0.E0));
#5004=AXIS2_PLACEMENT_3D('',#5001,#5002,#5003);
#5005=PLANE('',#5004);
#5006=ORIENTED_EDGE('',*,*,#4583,.T.);
#5008=ORIENTED_EDGE('',*,*,#5007,.F.);
#5010=ORIENTED_EDGE('',*,*,#5009,.F.);
#5012=ORIENTED_EDGE('',*,*,#5011,.F.);
#5014=ORIENTED_EDGE('',*,*,#5013,.F.);
#5016=ORIENTED_EDGE('',*,*,#5015,.T.);
#5018=ORIENTED_EDGE('',*,*,#5017,.F.);
#5020=ORIENTED_EDGE('',*,*,#5019,.F.);
#5022=ORIENTED_EDGE('',*,*,#5021,.F.);
#5023=ORIENTED_EDGE('',*,*,#4986,.T.);
#5024=EDGE_LOOP('',(#5006,#5008,#5010,#5012,#5014,#5016,#5018,#5020,#5022,
#5023));
#5025=FACE_OUTER_BOUND('',#5024,.F.);
#5026=ADVANCED_FACE('',(#5025),#5005,.T.);
#5027=FILL_AREA_STYLE_COLOUR('',#11);
#5028=FILL_AREA_STYLE('',(#5027));
#5029=SURFACE_STYLE_FILL_AREA(#5028);
#5030=SURFACE_SIDE_STYLE('',(#5029));
#5031=SURFACE_STYLE_USAGE(.BOTH.,#5030);
#5032=PRESENTATION_STYLE_ASSIGNMENT((#5031));
#5033=STYLED_ITEM('',(#5032),#5026);
#5034=CARTESIAN_POINT('',(-4.193E0,-5.592245307100E0,-4.2035E0));
#5035=DIRECTION('',(0.E0,1.E0,0.E0));
#5036=DIRECTION('',(0.E0,0.E0,-1.E0));
#5037=AXIS2_PLACEMENT_3D('',#5034,#5035,#5036);
#5038=CONICAL_SURFACE('',#5037,5.041002419844E-1,5.E-1);
#5039=ORIENTED_EDGE('',*,*,#4581,.T.);
#5040=ORIENTED_EDGE('',*,*,#4878,.F.);
#5042=ORIENTED_EDGE('',*,*,#5041,.F.);
#5043=ORIENTED_EDGE('',*,*,#5007,.T.);
#5044=EDGE_LOOP('',(#5039,#5040,#5042,#5043));
#5045=FACE_OUTER_BOUND('',#5044,.F.);
#5046=ADVANCED_FACE('',(#5045),#5038,.T.);
#5047=FILL_AREA_STYLE_COLOUR('',#11);
#5048=FILL_AREA_STYLE('',(#5047));
#5049=SURFACE_STYLE_FILL_AREA(#5048);
#5050=SURFACE_SIDE_STYLE('',(#5049));
#5051=SURFACE_STYLE_USAGE(.BOTH.,#5050);
#5052=PRESENTATION_STYLE_ASSIGNMENT((#5051));
#5053=STYLED_ITEM('',(#5052),#5046);
#5054=CARTESIAN_POINT('',(-4.179918350553E0,-6.195900867211E0,
-4.289347504668E0));
#5055=CARTESIAN_POINT('',(-4.142696678273E0,-6.205461933908E0,
-4.533612396329E0));
#5056=CARTESIAN_POINT('',(-4.116242607764E0,-6.031380567061E0,
-4.707215576173E0));
#5057=CARTESIAN_POINT('',(-4.117358048693E0,-5.784221959261E0,
-4.699895564976E0));
#5058=CARTESIAN_POINT('',(-4.243217334866E0,-6.195900867211E0,
-4.298993156295E0));
#5059=CARTESIAN_POINT('',(-4.386102464819E0,-6.205461933908E0,
-4.570703156103E0));
#5060=CARTESIAN_POINT('',(-4.487653337496E0,-6.031380567061E0,
-4.763812037373E0));
#5061=CARTESIAN_POINT('',(-4.483371425576E0,-5.784221959261E0,
-4.755669564555E0));
#5062=CARTESIAN_POINT('',(-4.288493156288E0,-6.195900867211E0,
-4.253717334879E0));
#5063=CARTESIAN_POINT('',(-4.560203156077E0,-6.205461933908E0,
-4.396602464869E0));
#5064=CARTESIAN_POINT('',(-4.753312037334E0,-6.031380567061E0,
-4.498153337571E0));
#5065=CARTESIAN_POINT('',(-4.745169564516E0,-5.784221959261E0,
-4.493871425650E0));
#5066=CARTESIAN_POINT('',(-4.278847504669E0,-6.195900867211E0,
-4.190418350565E0));
#5067=CARTESIAN_POINT('',(-4.523112396336E0,-6.205461933908E0,
-4.153196678318E0));
#5068=CARTESIAN_POINT('',(-4.696715576184E0,-6.031380567061E0,
-4.126742607832E0));
#5069=CARTESIAN_POINT('',(-4.689395564986E0,-5.784221959261E0,
-4.127858048760E0));
#5070=(BOUNDED_SURFACE()B_SPLINE_SURFACE(3,3,((#5054,#5055,#5056,#5057),(#5058,
#5059,#5060,#5061),(#5062,#5063,#5064,#5065),(#5066,#5067,#5068,#5069)),
.UNSPECIFIED.,.F.,.F.,.F.)B_SPLINE_SURFACE_WITH_KNOTS((4,4),(4,4),(0.E0,1.E0),(
0.E0,1.E0),.UNSPECIFIED.)GEOMETRIC_REPRESENTATION_ITEM()RATIONAL_B_SPLINE_SURFACE(((1.492926573867E0,1.176856533069E0,1.176856533069E0,1.492926573867E0),(
1.087364502516E0,8.571567021533E-1,8.571567021533E-1,1.087364502516E0),(
1.087364502516E0,8.571567021533E-1,8.571567021533E-1,1.087364502516E0),(
1.492926573867E0,1.176856533069E0,1.176856533069E0,1.492926573867E0)))REPRESENTATION_ITEM('')SURFACE());
#5071=ORIENTED_EDGE('',*,*,#5041,.T.);
#5073=ORIENTED_EDGE('',*,*,#5072,.T.);
#5075=ORIENTED_EDGE('',*,*,#5074,.F.);
#5077=ORIENTED_EDGE('',*,*,#5076,.F.);
#5078=EDGE_LOOP('',(#5071,#5073,#5075,#5077));
#5079=FACE_OUTER_BOUND('',#5078,.F.);
#5080=ADVANCED_FACE('',(#5079),#5070,.T.);
#5081=FILL_AREA_STYLE_COLOUR('',#11);
#5082=FILL_AREA_STYLE('',(#5081));
#5083=SURFACE_STYLE_FILL_AREA(#5082);
#5084=SURFACE_SIDE_STYLE('',(#5083));
#5085=SURFACE_STYLE_USAGE(.BOTH.,#5084);
#5086=PRESENTATION_STYLE_ASSIGNMENT((#5085));
#5087=STYLED_ITEM('',(#5086),#5080);
#5088=CARTESIAN_POINT('',(-4.295305124990E0,-5.7962E0,-4.224279131107E0));
#5089=DIRECTION('',(0.E0,0.E0,1.E0));
#5090=DIRECTION('',(-9.999619230642E-1,-8.726535498374E-3,0.E0));
#5091=AXIS2_PLACEMENT_3D('',#5088,#5089,#5090);
#5092=CYLINDRICAL_SURFACE('',#5091,4.E-1);
#5093=ORIENTED_EDGE('',*,*,#4876,.T.);
#5095=ORIENTED_EDGE('',*,*,#5094,.T.);
#5097=ORIENTED_EDGE('',*,*,#5096,.F.);
#5098=ORIENTED_EDGE('',*,*,#5072,.F.);
#5099=EDGE_LOOP('',(#5093,#5095,#5097,#5098));
#5100=FACE_OUTER_BOUND('',#5099,.F.);
#5101=ADVANCED_FACE('',(#5100),#5092,.T.);
#5102=FILL_AREA_STYLE_COLOUR('',#11);
#5103=FILL_AREA_STYLE('',(#5102));
#5104=SURFACE_STYLE_FILL_AREA(#5103);
#5105=SURFACE_SIDE_STYLE('',(#5104));
#5106=SURFACE_STYLE_USAGE(.BOTH.,#5105);
#5107=PRESENTATION_STYLE_ASSIGNMENT((#5106));
#5108=STYLED_ITEM('',(#5107),#5101);
#5109=CARTESIAN_POINT('',(-4.695289768290E0,-5.792821590728E0,
-3.614794112771E0));
#5110=CARTESIAN_POINT('',(-4.695263061648E0,-5.789682598280E0,
-3.606450433644E0));
#5111=CARTESIAN_POINT('',(-4.694845013865E0,-5.768550277284E0,
-3.548456621995E0));
#5112=CARTESIAN_POINT('',(-4.691240956971E0,-5.737999952937E0,
-3.441880447408E0));
#5113=CARTESIAN_POINT('',(-4.680320661129E0,-5.713379791385E0,
-3.295193894937E0));
#5114=CARTESIAN_POINT('',(-4.665392312735E0,-5.704936103432E0,
-3.158409152624E0));
#5115=CARTESIAN_POINT('',(-4.647634571790E0,-5.710067415455E0,
-3.031307325726E0));
#5116=CARTESIAN_POINT('',(-4.627971482738E0,-5.727132689188E0,
-2.913421856037E0));
#5117=CARTESIAN_POINT('',(-4.607145668589E0,-5.755310558062E0,
-2.804135942052E0));
#5118=CARTESIAN_POINT('',(-4.585837619902E0,-5.794475848971E0,
-2.703034562107E0));
#5119=CARTESIAN_POINT('',(-4.564758033809E0,-5.845035050969E0,
-2.610112045016E0));
#5120=CARTESIAN_POINT('',(-4.544679893390E0,-5.907864751787E0,
-2.525896263668E0));
#5121=CARTESIAN_POINT('',(-4.526476401089E0,-5.984165064830E0,
-2.451748980727E0));
#5122=CARTESIAN_POINT('',(-4.511242515733E0,-6.074360033531E0,
-2.390645524047E0));
#5123=CARTESIAN_POINT('',(-4.500257211244E0,-6.175703030381E0,
-2.347284480224E0));
#5124=CARTESIAN_POINT('',(-4.494261644786E0,-6.281976034438E0,
-2.324985297785E0));
#5125=CARTESIAN_POINT('',(-4.493419460829E0,-6.360292226644E0,
-2.323856279735E0));
#5126=CARTESIAN_POINT('',(-4.494056442079E0,-6.401225479497E0,
-2.327908618674E0));
#5127=CARTESIAN_POINT('',(-4.494207336645E0,-6.408668346359E0,
-2.328798248583E0));
#5128=CARTESIAN_POINT('',(-4.697507949229E0,-6.040051118094E0,
-3.610381513336E0));
#5129=CARTESIAN_POINT('',(-4.699329362447E0,-6.036923611853E0,
-3.603620703045E0));
#5130=CARTESIAN_POINT('',(-4.711677791494E0,-6.015621422649E0,
-3.556482744635E0));
#5131=CARTESIAN_POINT('',(-4.730599870453E0,-5.981795330994E0,
-3.468106321796E0));
#5132=CARTESIAN_POINT('',(-4.748864821361E0,-5.947009016955E0,
-3.343032883099E0));
#5133=CARTESIAN_POINT('',(-4.759701274032E0,-5.924778949947E0,
-3.223789667572E0));
#5134=CARTESIAN_POINT('',(-4.764621927656E0,-5.913600109585E0,
-3.110918130339E0));
#5135=CARTESIAN_POINT('',(-4.764827167458E0,-5.912553555691E0,
-3.004546080235E0));
#5136=CARTESIAN_POINT('',(-4.761300481330E0,-5.921280625892E0,
-2.904529617555E0));
#5137=CARTESIAN_POINT('',(-4.754900231617E0,-5.939973672427E0,
-2.810817366902E0));
#5138=CARTESIAN_POINT('',(-4.746460222315E0,-5.969287701665E0,
-2.723687924827E0));
#5139=CARTESIAN_POINT('',(-4.736844223754E0,-6.010288367661E0,
-2.643900936824E0));
#5140=CARTESIAN_POINT('',(-4.726991016322E0,-6.064306384127E0,
-2.573014747147E0));
#5141=CARTESIAN_POINT('',(-4.717997537442E0,-6.131986217442E0,
-2.514164845147E0));
#5142=CARTESIAN_POINT('',(-4.711098764716E0,-6.211110170742E0,
-2.472189497040E0));
#5143=CARTESIAN_POINT('',(-4.707147784634E0,-6.295964584803E0,
-2.450576945183E0));
#5144=CARTESIAN_POINT('',(-4.706498156154E0,-6.358953216819E0,
-2.449549918078E0));
#5145=CARTESIAN_POINT('',(-4.706840756798E0,-6.391765986327E0,
-2.453535604915E0));
#5146=CARTESIAN_POINT('',(-4.706924847838E0,-6.397727140086E0,
-2.454409008581E0));
#5147=CARTESIAN_POINT('',(-4.518275892224E0,-6.210384912332E0,
-3.607313201130E0));
#5148=CARTESIAN_POINT('',(-4.521371144994E0,-6.208616512945E0,
-3.601628927367E0));
#5149=CARTESIAN_POINT('',(-4.542622384639E0,-6.196533929121E0,
-3.562052572240E0));
#5150=CARTESIAN_POINT('',(-4.578522422437E0,-6.176892298335E0,
-3.488485782825E0));
#5151=CARTESIAN_POINT('',(-4.621556725481E0,-6.155663099213E0,
-3.385428967117E0));
#5152=CARTESIAN_POINT('',(-4.656606516911E0,-6.140992052560E0,
-3.287986755869E0));
#5153=CARTESIAN_POINT('',(-4.684889475178E0,-6.132193474784E0,
-3.196523278997E0));
#5154=CARTESIAN_POINT('',(-4.707383344057E0,-6.128856672766E0,
-3.111159965136E0));
#5155=CARTESIAN_POINT('',(-4.724904429310E0,-6.130848759864E0,
-3.031841027330E0));
#5156=CARTESIAN_POINT('',(-4.738127669046E0,-6.138326719894E0,
-2.958590673465E0));
#5157=CARTESIAN_POINT('',(-4.747651756874E0,-6.151698937969E0,
-2.891653902324E0));
#5158=CARTESIAN_POINT('',(-4.754054577654E0,-6.171597213501E0,
-2.831559452061E0));
#5159=CARTESIAN_POINT('',(-4.757925993228E0,-6.198794507954E0,
-2.779295613552E0));
#5160=CARTESIAN_POINT('',(-4.759871291472E0,-6.233688983803E0,
-2.736811045752E0));
#5161=CARTESIAN_POINT('',(-4.760522366043E0,-6.275105593125E0,
-2.707058845646E0));
#5162=CARTESIAN_POINT('',(-4.760478988511E0,-6.319886882439E0,
-2.691948177045E0));
#5163=CARTESIAN_POINT('',(-4.760200048971E0,-6.353215305422E0,
-2.691287881076E0));
#5164=CARTESIAN_POINT('',(-4.759979158511E0,-6.370556545854E0,
-2.694120041406E0));
#5165=CARTESIAN_POINT('',(-4.759935838075E0,-6.373705982170E0,
-2.694739866726E0));
#5166=CARTESIAN_POINT('',(-4.271436347387E0,-6.195632129141E0,
-3.607538074726E0));
#5167=CARTESIAN_POINT('',(-4.274422055271E0,-6.195707193928E0,
-3.601740221929E0));
#5168=CARTESIAN_POINT('',(-4.295057644824E0,-6.196377676208E0,
-3.561628319757E0));
#5169=CARTESIAN_POINT('',(-4.331603581489E0,-6.199371196435E0,
-3.490074416823E0));
#5170=CARTESIAN_POINT('',(-4.379258603098E0,-6.206811312666E0,
-3.395453444173E0));
#5171=CARTESIAN_POINT('',(-4.421590694805E0,-6.216243426003E0,
-3.310224379996E0));
#5172=CARTESIAN_POINT('',(-4.459080842593E0,-6.227003655401E0,
-3.233748985504E0));
#5173=CARTESIAN_POINT('',(-4.492126581634E0,-6.238652880698E0,
-3.165545614399E0));
#5174=CARTESIAN_POINT('',(-4.521075177553E0,-6.250903656642E0,
-3.105205836884E0));
#5175=CARTESIAN_POINT('',(-4.546173353690E0,-6.263547169805E0,
-3.052493372943E0));
#5176=CARTESIAN_POINT('',(-4.567575810982E0,-6.276406691793E0,
-3.007323098366E0));
#5177=CARTESIAN_POINT('',(-4.585379461857E0,-6.289332817675E0,
-2.969676829341E0));
#5178=CARTESIAN_POINT('',(-4.599632375562E0,-6.302206671378E0,
-2.939568248961E0));
#5179=CARTESIAN_POINT('',(-4.610266843122E0,-6.314869829365E0,
-2.917166032455E0));
#5180=CARTESIAN_POINT('',(-4.617135647199E0,-6.327041352066E0,
-2.902710660869E0));
#5181=CARTESIAN_POINT('',(-4.620380898126E0,-6.338548211638E0,
-2.895787329752E0));
#5182=CARTESIAN_POINT('',(-4.620415330651E0,-6.346723039217E0,
-2.895525568647E0));
#5183=CARTESIAN_POINT('',(-4.619719750995E0,-6.351068749446E0,
-2.896850013012E0));
#5184=CARTESIAN_POINT('',(-4.619569339027E0,-6.351862381362E0,
-2.897139973134E0));
#5185=(BOUNDED_SURFACE()B_SPLINE_SURFACE(3,3,((#5109,#5110,#5111,#5112,#5113,
#5114,#5115,#5116,#5117,#5118,#5119,#5120,#5121,#5122,#5123,#5124,#5125,#5126,
#5127),(#5128,#5129,#5130,#5131,#5132,#5133,#5134,#5135,#5136,#5137,#5138,#5139,
#5140,#5141,#5142,#5143,#5144,#5145,#5146),(#5147,#5148,#5149,#5150,#5151,#5152,
#5153,#5154,#5155,#5156,#5157,#5158,#5159,#5160,#5161,#5162,#5163,#5164,#5165),(
#5166,#5167,#5168,#5169,#5170,#5171,#5172,#5173,#5174,#5175,#5176,#5177,#5178,
#5179,#5180,#5181,#5182,#5183,#5184)),.UNSPECIFIED.,.F.,.F.,.F.)B_SPLINE_SURFACE_WITH_KNOTS((4,4),(4,1,1,1,1,1,1,1,1,1,1,1,1,1,1,1,4),(0.E0,1.E0),(
1.039821911664E-1,1.222775735327E-1,2.303321897982E-1,3.268973522665E-1,
4.139430199049E-1,4.924083449949E-1,5.632499936146E-1,6.275525115554E-1,
6.858492596403E-1,7.385582364302E-1,7.863655400840E-1,8.297660057713E-1,
8.694075923677E-1,9.056624619476E-1,9.381237196010E-1,9.684986826284E-1,
9.752959980061E-1),.UNSPECIFIED.)GEOMETRIC_REPRESENTATION_ITEM()RATIONAL_B_SPLINE_SURFACE(((1.188767188539E0,1.188767188539E0,1.188767188539E0,1.188767188539E0,
1.188767188539E0,1.188767188539E0,1.188767188539E0,1.188767188539E0,
1.188767188539E0,1.188767188539E0,1.188767188539E0,1.188767188539E0,
1.188767188539E0,1.188767188539E0,1.188767188539E0,1.188767188539E0,
1.188767188539E0,1.188767188539E0,1.188767188539E0),(9.370776038205E-1,
9.370776038205E-1,9.370776038205E-1,9.370776038205E-1,9.370776038205E-1,
9.370776038205E-1,9.370776038205E-1,9.370776038205E-1,9.370776038205E-1,
9.370776038205E-1,9.370776038205E-1,9.370776038205E-1,9.370776038205E-1,
9.370776038205E-1,9.370776038205E-1,9.370776038205E-1,9.370776038205E-1,
9.370776038205E-1,9.370776038205E-1),(9.370776038205E-1,9.370776038205E-1,
9.370776038205E-1,9.370776038205E-1,9.370776038205E-1,9.370776038205E-1,
9.370776038205E-1,9.370776038205E-1,9.370776038205E-1,9.370776038205E-1,
9.370776038205E-1,9.370776038205E-1,9.370776038205E-1,9.370776038205E-1,
9.370776038205E-1,9.370776038205E-1,9.370776038205E-1,9.370776038205E-1,
9.370776038205E-1),(1.188767188539E0,1.188767188539E0,1.188767188539E0,
1.188767188539E0,1.188767188539E0,1.188767188539E0,1.188767188539E0,
1.188767188539E0,1.188767188539E0,1.188767188539E0,1.188767188539E0,
1.188767188539E0,1.188767188539E0,1.188767188539E0,1.188767188539E0,
1.188767188539E0,1.188767188539E0,1.188767188539E0,1.188767188539E0)))REPRESENTATION_ITEM('')SURFACE());
#5186=ORIENTED_EDGE('',*,*,#4874,.T.);
#5188=ORIENTED_EDGE('',*,*,#5187,.T.);
#5190=ORIENTED_EDGE('',*,*,#5189,.F.);
#5191=ORIENTED_EDGE('',*,*,#5094,.F.);
#5192=EDGE_LOOP('',(#5186,#5188,#5190,#5191));
#5193=FACE_OUTER_BOUND('',#5192,.F.);
#5194=ADVANCED_FACE('',(#5193),#5185,.T.);
#5195=FILL_AREA_STYLE_COLOUR('',#11);
#5196=FILL_AREA_STYLE('',(#5195));
#5197=SURFACE_STYLE_FILL_AREA(#5196);
#5198=SURFACE_SIDE_STYLE('',(#5197));
#5199=SURFACE_STYLE_USAGE(.BOTH.,#5198);
#5200=PRESENTATION_STYLE_ASSIGNMENT((#5199));
#5201=STYLED_ITEM('',(#5200),#5194);
#5202=CARTESIAN_POINT('',(-4.690324120157E0,-6.334433432660E0,
-2.653776947954E0));
#5203=CARTESIAN_POINT('',(-4.689570135407E0,-6.420831527372E0,
-2.654971746019E0));
#5204=CARTESIAN_POINT('',(-4.688462008678E0,-6.547810273440E0,
-2.656726107058E0));
#5205=CARTESIAN_POINT('',(-4.687353881642E0,-6.674789054716E0,
-2.658478087890E0));
#5206=CARTESIAN_POINT('',(-4.686999739676E0,-6.715369704511E0,
-2.659037753859E0));
#5207=CARTESIAN_POINT('',(-4.693699949509E0,-6.333260260531E0,
-2.740741568736E0));
#5208=CARTESIAN_POINT('',(-4.692945958281E0,-6.419659097586E0,
-2.741936377067E0));
#5209=CARTESIAN_POINT('',(-4.691837822049E0,-6.546638932503E0,
-2.743690753150E0));
#5210=CARTESIAN_POINT('',(-4.690729685538E0,-6.673618799467E0,
-2.745442748962E0));
#5211=CARTESIAN_POINT('',(-4.690375540548E0,-6.714199795911E0,
-2.746002419711E0));
#5212=CARTESIAN_POINT('',(-4.669482723074E0,-6.331892956181E0,
-2.824331485874E0));
#5213=CARTESIAN_POINT('',(-4.668728725619E0,-6.418292506773E0,
-2.825526304073E0));
#5214=CARTESIAN_POINT('',(-4.667620580254E0,-6.545273388287E0,
-2.827280694615E0));
#5215=CARTESIAN_POINT('',(-4.666512434636E0,-6.672254298808E0,
-2.829032704826E0));
#5216=CARTESIAN_POINT('',(-4.666158286737E0,-6.712835628449E0,
-2.829592380170E0));
#5217=CARTESIAN_POINT('',(-4.620142885724E0,-6.330471000904E0,
-2.896019534515E0));
#5218=CARTESIAN_POINT('',(-4.619388882928E0,-6.416871163436E0,
-2.897214361176E0));
#5219=CARTESIAN_POINT('',(-4.618280729730E0,-6.543852942529E0,
-2.898968764120E0));
#5220=CARTESIAN_POINT('',(-4.617172576302E0,-6.670834748021E0,
-2.900720786678E0));
#5221=CARTESIAN_POINT('',(-4.616818425909E0,-6.711416363416E0,
-2.901280465964E0));
#5222=(BOUNDED_SURFACE()B_SPLINE_SURFACE(3,3,((#5202,#5203,#5204,#5205,#5206),(
#5207,#5208,#5209,#5210,#5211),(#5212,#5213,#5214,#5215,#5216),(#5217,#5218,
#5219,#5220,#5221)),.UNSPECIFIED.,.F.,.F.,.F.)B_SPLINE_SURFACE_WITH_KNOTS((4,4),
(4,1,4),(0.E0,1.E0),(2.257584954255E-3,3.332067730941E-1,4.886514699754E-1),
.UNSPECIFIED.)GEOMETRIC_REPRESENTATION_ITEM()RATIONAL_B_SPLINE_SURFACE(((
1.026170393548E0,1.026170393548E0,1.026170393548E0,1.026170393548E0,
1.026170393548E0),(9.912765354840E-1,9.912765354840E-1,9.912765354840E-1,
9.912765354840E-1,9.912765354840E-1),(9.912765354840E-1,9.912765354840E-1,
9.912765354840E-1,9.912765354840E-1,9.912765354840E-1),(1.026170393548E0,
1.026170393548E0,1.026170393548E0,1.026170393548E0,1.026170393548E0)))REPRESENTATION_ITEM('')SURFACE());
#5224=ORIENTED_EDGE('',*,*,#5223,.F.);
#5226=ORIENTED_EDGE('',*,*,#5225,.F.);
#5227=ORIENTED_EDGE('',*,*,#5187,.F.);
#5228=ORIENTED_EDGE('',*,*,#4872,.T.);
#5229=EDGE_LOOP('',(#5224,#5226,#5227,#5228));
#5230=FACE_OUTER_BOUND('',#5229,.F.);
#5231=ADVANCED_FACE('',(#5230),#5222,.T.);
#5232=FILL_AREA_STYLE_COLOUR('',#11);
#5233=FILL_AREA_STYLE('',(#5232));
#5234=SURFACE_STYLE_FILL_AREA(#5233);
#5235=SURFACE_SIDE_STYLE('',(#5234));
#5236=SURFACE_STYLE_USAGE(.BOTH.,#5235);
#5237=PRESENTATION_STYLE_ASSIGNMENT((#5236));
#5238=STYLED_ITEM('',(#5237),#5231);
#5239=CARTESIAN_POINT('',(-4.287450943978E0,-6.6962E0,-2.674289572919E0));
#5240=DIRECTION('',(-5.975472023961E-1,7.071067811865E-1,-3.780705501737E-1));
#5241=DIRECTION('',(-5.975472023961E-1,-7.071067811865E-1,-3.780705501737E-1));
#5242=AXIS2_PLACEMENT_3D('',#5239,#5240,#5241);
#5243=SPHERICAL_SURFACE('',#5242,4.E-1);
#5245=ORIENTED_EDGE('',*,*,#5244,.T.);
#5247=ORIENTED_EDGE('',*,*,#5246,.T.);
#5248=ORIENTED_EDGE('',*,*,#5223,.T.);
#5249=EDGE_LOOP('',(#5245,#5247,#5248));
#5250=FACE_OUTER_BOUND('',#5249,.F.);
#5251=ADVANCED_FACE('',(#5250),#5243,.T.);
#5252=FILL_AREA_STYLE_COLOUR('',#11);
#5253=FILL_AREA_STYLE('',(#5252));
#5254=SURFACE_STYLE_FILL_AREA(#5253);
#5255=SURFACE_SIDE_STYLE('',(#5254));
#5256=SURFACE_STYLE_USAGE(.BOTH.,#5255);
#5257=PRESENTATION_STYLE_ASSIGNMENT((#5256));
#5258=STYLED_ITEM('',(#5257),#5251);
#5259=CARTESIAN_POINT('',(-4.287450943978E0,-6.6962E0,1.804659806696E0));
#5260=DIRECTION('',(0.E0,0.E0,-1.E0));
#5261=DIRECTION('',(0.E0,-1.E0,0.E0));
#5262=AXIS2_PLACEMENT_3D('',#5259,#5260,#5261);
#5263=CYLINDRICAL_SURFACE('',#5262,4.E-1);
#5265=ORIENTED_EDGE('',*,*,#5264,.T.);
#5266=ORIENTED_EDGE('',*,*,#5244,.F.);
#5267=ORIENTED_EDGE('',*,*,#4870,.F.);
#5269=ORIENTED_EDGE('',*,*,#5268,.F.);
#5270=EDGE_LOOP('',(#5265,#5266,#5267,#5269));
#5271=FACE_OUTER_BOUND('',#5270,.F.);
#5272=ADVANCED_FACE('',(#5271),#5263,.T.);
#5273=FILL_AREA_STYLE_COLOUR('',#11);
#5274=FILL_AREA_STYLE('',(#5273));
#5275=SURFACE_STYLE_FILL_AREA(#5274);
#5276=SURFACE_SIDE_STYLE('',(#5275));
#5277=SURFACE_STYLE_USAGE(.BOTH.,#5276);
#5278=PRESENTATION_STYLE_ASSIGNMENT((#5277));
#5279=STYLED_ITEM('',(#5278),#5272);
#5280=CARTESIAN_POINT('',(-3.E-3,-7.0962E0,-1.2135E0));
#5281=DIRECTION('',(0.E0,-1.E0,0.E0));
#5282=DIRECTION('',(-1.E0,0.E0,0.E0));
#5283=AXIS2_PLACEMENT_3D('',#5280,#5281,#5282);
#5284=PLANE('',#5283);
#5286=ORIENTED_EDGE('',*,*,#5285,.F.);
#5288=ORIENTED_EDGE('',*,*,#5287,.F.);
#5290=ORIENTED_EDGE('',*,*,#5289,.F.);
#5292=ORIENTED_EDGE('',*,*,#5291,.F.);
#5293=ORIENTED_EDGE('',*,*,#5264,.F.);
#5295=ORIENTED_EDGE('',*,*,#5294,.F.);
#5297=ORIENTED_EDGE('',*,*,#5296,.F.);
#5299=ORIENTED_EDGE('',*,*,#5298,.F.);
#5300=EDGE_LOOP('',(#5286,#5288,#5290,#5292,#5293,#5295,#5297,#5299));
#5301=FACE_OUTER_BOUND('',#5300,.F.);
#5303=ORIENTED_EDGE('',*,*,#5302,.T.);
#5305=ORIENTED_EDGE('',*,*,#5304,.T.);
#5306=EDGE_LOOP('',(#5303,#5305));
#5307=FACE_BOUND('',#5306,.F.);
#5309=ORIENTED_EDGE('',*,*,#5308,.T.);
#5311=ORIENTED_EDGE('',*,*,#5310,.T.);
#5312=EDGE_LOOP('',(#5309,#5311));
#5313=FACE_BOUND('',#5312,.F.);
#5314=ADVANCED_FACE('',(#5301,#5307,#5313),#5284,.T.);
#5315=FILL_AREA_STYLE_COLOUR('',#11);
#5316=FILL_AREA_STYLE('',(#5315));
#5317=SURFACE_STYLE_FILL_AREA(#5316);
#5318=SURFACE_SIDE_STYLE('',(#5317));
#5319=SURFACE_STYLE_USAGE(.BOTH.,#5318);
#5320=PRESENTATION_STYLE_ASSIGNMENT((#5319));
#5321=STYLED_ITEM('',(#5320),#5314);
#5322=CARTESIAN_POINT('',(4.281450943978E0,-6.6962E0,-4.231659806696E0));
#5323=DIRECTION('',(0.E0,0.E0,1.E0));
#5324=DIRECTION('',(0.E0,-1.E0,0.E0));
#5325=AXIS2_PLACEMENT_3D('',#5322,#5323,#5324);
#5326=CYLINDRICAL_SURFACE('',#5325,4.E-1);
#5327=ORIENTED_EDGE('',*,*,#5285,.T.);
#5329=ORIENTED_EDGE('',*,*,#5328,.T.);
#5330=ORIENTED_EDGE('',*,*,#4967,.F.);
#5332=ORIENTED_EDGE('',*,*,#5331,.F.);
#5333=EDGE_LOOP('',(#5327,#5329,#5330,#5332));
#5334=FACE_OUTER_BOUND('',#5333,.F.);
#5335=ADVANCED_FACE('',(#5334),#5326,.T.);
#5336=FILL_AREA_STYLE_COLOUR('',#11);
#5337=FILL_AREA_STYLE('',(#5336));
#5338=SURFACE_STYLE_FILL_AREA(#5337);
#5339=SURFACE_SIDE_STYLE('',(#5338));
#5340=SURFACE_STYLE_USAGE(.BOTH.,#5339);
#5341=PRESENTATION_STYLE_ASSIGNMENT((#5340));
#5342=STYLED_ITEM('',(#5341),#5335);
#5343=CARTESIAN_POINT('',(4.174120620042E0,-7.095900867211E0,1.854427163934E0));
#5344=CARTESIAN_POINT('',(4.133830387967E0,-7.105461933908E0,2.098204700604E0));
#5345=CARTESIAN_POINT('',(4.105195440236E0,-6.931380567061E0,2.271461509033E0));
#5346=CARTESIAN_POINT('',(4.106402838270E0,-6.684221959261E0,2.264156102653E0));
#5347=CARTESIAN_POINT('',(4.232651688276E0,-7.095900867211E0,1.864100862155E0));
#5348=CARTESIAN_POINT('',(4.375462687047E0,-7.105461933908E0,2.138140379420E0));
#5349=CARTESIAN_POINT('',(4.476960873441E0,-6.931380567061E0,2.332904888051E0));
#5350=CARTESIAN_POINT('',(4.472681183049E0,-6.684221959261E0,2.324692605388E0));
#5351=CARTESIAN_POINT('',(4.274600862186E0,-7.095900867211E0,1.822151688216E0));
#5352=CARTESIAN_POINT('',(4.548640379549E0,-7.105461933908E0,1.964962686799E0));
#5353=CARTESIAN_POINT('',(4.743404888249E0,-6.931380567061E0,2.066460873060E0));
#5354=CARTESIAN_POINT('',(4.735192605584E0,-6.684221959261E0,2.062181182673E0));
#5355=CARTESIAN_POINT('',(4.264927163925E0,-7.095900867211E0,1.763620619989E0));
#5356=CARTESIAN_POINT('',(4.508704700567E0,-7.105461933908E0,1.723330387746E0));
#5357=CARTESIAN_POINT('',(4.681961508977E0,-6.931380567061E0,1.694695439897E0));
#5358=CARTESIAN_POINT('',(4.674656102598E0,-6.684221959261E0,1.695902837936E0));
#5359=(BOUNDED_SURFACE()B_SPLINE_SURFACE(3,3,((#5343,#5344,#5345,#5346),(#5347,
#5348,#5349,#5350),(#5351,#5352,#5353,#5354),(#5355,#5356,#5357,#5358)),
.UNSPECIFIED.,.F.,.F.,.F.)B_SPLINE_SURFACE_WITH_KNOTS((4,4),(4,4),(0.E0,1.E0),(
0.E0,1.E0),.UNSPECIFIED.)GEOMETRIC_REPRESENTATION_ITEM()RATIONAL_B_SPLINE_SURFACE(((1.502527858363E0,1.184425113187E0,1.184425113187E0,1.502527858363E0),(
1.084164074350E0,8.546338421139E-1,8.546338421139E-1,1.084164074350E0),(
1.084164074350E0,8.546338421139E-1,8.546338421139E-1,1.084164074350E0),(
1.502527858363E0,1.184425113187E0,1.184425113187E0,1.502527858363E0)))REPRESENTATION_ITEM('')SURFACE());
#5360=ORIENTED_EDGE('',*,*,#5298,.T.);
#5362=ORIENTED_EDGE('',*,*,#5361,.T.);
#5363=ORIENTED_EDGE('',*,*,#4940,.F.);
#5364=ORIENTED_EDGE('',*,*,#5328,.F.);
#5365=EDGE_LOOP('',(#5360,#5362,#5363,#5364));
#5366=FACE_OUTER_BOUND('',#5365,.F.);
#5367=ADVANCED_FACE('',(#5366),#5359,.T.);
#5368=FILL_AREA_STYLE_COLOUR('',#11);
#5369=FILL_AREA_STYLE('',(#5368));
#5370=SURFACE_STYLE_FILL_AREA(#5369);
#5371=SURFACE_SIDE_STYLE('',(#5370));
#5372=SURFACE_STYLE_USAGE(.BOTH.,#5371);
#5373=PRESENTATION_STYLE_ASSIGNMENT((#5372));
#5374=STYLED_ITEM('',(#5373),#5367);
#5375=CARTESIAN_POINT('',(4.215159806696E0,-6.6962E0,1.870950943978E0));
#5376=DIRECTION('',(-1.E0,0.E0,0.E0));
#5377=DIRECTION('',(0.E0,-1.E0,0.E0));
#5378=AXIS2_PLACEMENT_3D('',#5375,#5376,#5377);
#5379=CYLINDRICAL_SURFACE('',#5378,4.E-1);
#5380=ORIENTED_EDGE('',*,*,#5296,.T.);
#5382=ORIENTED_EDGE('',*,*,#5381,.T.);
#5383=ORIENTED_EDGE('',*,*,#4919,.F.);
#5384=ORIENTED_EDGE('',*,*,#5361,.F.);
#5385=EDGE_LOOP('',(#5380,#5382,#5383,#5384));
#5386=FACE_OUTER_BOUND('',#5385,.F.);
#5387=ADVANCED_FACE('',(#5386),#5379,.T.);
#5388=FILL_AREA_STYLE_COLOUR('',#11);
#5389=FILL_AREA_STYLE('',(#5388));
#5390=SURFACE_STYLE_FILL_AREA(#5389);
#5391=SURFACE_SIDE_STYLE('',(#5390));
#5392=SURFACE_STYLE_USAGE(.BOTH.,#5391);
#5393=PRESENTATION_STYLE_ASSIGNMENT((#5392));
#5394=STYLED_ITEM('',(#5393),#5387);
#5395=CARTESIAN_POINT('',(-4.270927163934E0,-7.095900867211E0,
1.763620620042E0));
#5396=CARTESIAN_POINT('',(-4.514704700604E0,-7.105461933908E0,
1.723330387967E0));
#5397=CARTESIAN_POINT('',(-4.687961509033E0,-6.931380567061E0,
1.694695440236E0));
#5398=CARTESIAN_POINT('',(-4.680656102653E0,-6.684221959261E0,
1.695902838270E0));
#5399=CARTESIAN_POINT('',(-4.280600862155E0,-7.095900867211E0,
1.822151688276E0));
#5400=CARTESIAN_POINT('',(-4.554640379420E0,-7.105461933908E0,
1.964962687047E0));
#5401=CARTESIAN_POINT('',(-4.749404888051E0,-6.931380567061E0,
2.066460873441E0));
#5402=CARTESIAN_POINT('',(-4.741192605388E0,-6.684221959261E0,
2.062181183049E0));
#5403=CARTESIAN_POINT('',(-4.238651688216E0,-7.095900867211E0,
1.864100862186E0));
#5404=CARTESIAN_POINT('',(-4.381462686799E0,-7.105461933908E0,
2.138140379549E0));
#5405=CARTESIAN_POINT('',(-4.482960873060E0,-6.931380567061E0,
2.332904888249E0));
#5406=CARTESIAN_POINT('',(-4.478681182673E0,-6.684221959261E0,
2.324692605584E0));
#5407=CARTESIAN_POINT('',(-4.180120619989E0,-7.095900867211E0,
1.854427163925E0));
#5408=CARTESIAN_POINT('',(-4.139830387746E0,-7.105461933908E0,
2.098204700567E0));
#5409=CARTESIAN_POINT('',(-4.111195439897E0,-6.931380567061E0,
2.271461508977E0));
#5410=CARTESIAN_POINT('',(-4.112402837936E0,-6.684221959261E0,
2.264156102598E0));
#5411=(BOUNDED_SURFACE()B_SPLINE_SURFACE(3,3,((#5395,#5396,#5397,#5398),(#5399,
#5400,#5401,#5402),(#5403,#5404,#5405,#5406),(#5407,#5408,#5409,#5410)),
.UNSPECIFIED.,.F.,.F.,.F.)B_SPLINE_SURFACE_WITH_KNOTS((4,4),(4,4),(0.E0,1.E0),(
0.E0,1.E0),.UNSPECIFIED.)GEOMETRIC_REPRESENTATION_ITEM()RATIONAL_B_SPLINE_SURFACE(((1.502527858363E0,1.184425113187E0,1.184425113187E0,1.502527858363E0),(
1.084164074350E0,8.546338421139E-1,8.546338421139E-1,1.084164074350E0),(
1.084164074350E0,8.546338421139E-1,8.546338421139E-1,1.084164074350E0),(
1.502527858363E0,1.184425113187E0,1.184425113187E0,1.502527858363E0)))REPRESENTATION_ITEM('')SURFACE());
#5412=ORIENTED_EDGE('',*,*,#5294,.T.);
#5413=ORIENTED_EDGE('',*,*,#5268,.T.);
#5414=ORIENTED_EDGE('',*,*,#4898,.F.);
#5415=ORIENTED_EDGE('',*,*,#5381,.F.);
#5416=EDGE_LOOP('',(#5412,#5413,#5414,#5415));
#5417=FACE_OUTER_BOUND('',#5416,.F.);
#5418=ADVANCED_FACE('',(#5417),#5411,.T.);
#5419=FILL_AREA_STYLE_COLOUR('',#11);
#5420=FILL_AREA_STYLE('',(#5419));
#5421=SURFACE_STYLE_FILL_AREA(#5420);
#5422=SURFACE_SIDE_STYLE('',(#5421));
#5423=SURFACE_STYLE_USAGE(.BOTH.,#5422);
#5424=PRESENTATION_STYLE_ASSIGNMENT((#5423));
#5425=STYLED_ITEM('',(#5424),#5418);
#5426=CARTESIAN_POINT('',(4.281450943978E0,-6.6962E0,-2.674289572919E0));
#5427=DIRECTION('',(-2.782376169026E-1,1.567469484145E-2,-9.603843670541E-1));
#5428=DIRECTION('',(9.604726391743E-1,-4.542819461197E-3,-2.783373352408E-1));
#5429=AXIS2_PLACEMENT_3D('',#5426,#5427,#5428);
#5430=SPHERICAL_SURFACE('',#5429,4.E-1);
#5432=ORIENTED_EDGE('',*,*,#5431,.T.);
#5434=ORIENTED_EDGE('',*,*,#5433,.T.);
#5435=ORIENTED_EDGE('',*,*,#5331,.T.);
#5436=EDGE_LOOP('',(#5432,#5434,#5435));
#5437=FACE_OUTER_BOUND('',#5436,.F.);
#5438=ADVANCED_FACE('',(#5437),#5430,.T.);
#5439=FILL_AREA_STYLE_COLOUR('',#11);
#5440=FILL_AREA_STYLE('',(#5439));
#5441=SURFACE_STYLE_FILL_AREA(#5440);
#5442=SURFACE_SIDE_STYLE('',(#5441));
#5443=SURFACE_STYLE_USAGE(.BOTH.,#5442);
#5444=PRESENTATION_STYLE_ASSIGNMENT((#5443));
#5445=STYLED_ITEM('',(#5444),#5438);
#5446=CARTESIAN_POINT('',(4.680999739676E0,-6.715369704511E0,
-2.659037753859E0));
#5447=CARTESIAN_POINT('',(4.681353881642E0,-6.674789054701E0,
-2.658478087890E0));
#5448=CARTESIAN_POINT('',(4.682462008678E0,-6.547810273432E0,
-2.656726107058E0));
#5449=CARTESIAN_POINT('',(4.683570135407E0,-6.420831527371E0,
-2.654971746019E0));
#5450=CARTESIAN_POINT('',(4.684324120157E0,-6.334433432681E0,
-2.653776947954E0));
#5451=CARTESIAN_POINT('',(4.684375540548E0,-6.714199795911E0,
-2.746002419711E0));
#5452=CARTESIAN_POINT('',(4.684729685538E0,-6.673618799453E0,
-2.745442748962E0));
#5453=CARTESIAN_POINT('',(4.685837822049E0,-6.546638932496E0,
-2.743690753150E0));
#5454=CARTESIAN_POINT('',(4.686945958281E0,-6.419659097585E0,
-2.741936377067E0));
#5455=CARTESIAN_POINT('',(4.687699949509E0,-6.333260260551E0,
-2.740741568737E0));
#5456=CARTESIAN_POINT('',(4.660158286737E0,-6.712835628449E0,
-2.829592380170E0));
#5457=CARTESIAN_POINT('',(4.660512434636E0,-6.672254298794E0,
-2.829032704826E0));
#5458=CARTESIAN_POINT('',(4.661620580254E0,-6.545273388280E0,
-2.827280694615E0));
#5459=CARTESIAN_POINT('',(4.662728725619E0,-6.418292506772E0,
-2.825526304073E0));
#5460=CARTESIAN_POINT('',(4.663482723074E0,-6.331892956202E0,
-2.824331485875E0));
#5461=CARTESIAN_POINT('',(4.610818425909E0,-6.711416363416E0,
-2.901280465964E0));
#5462=CARTESIAN_POINT('',(4.611172576302E0,-6.670834748006E0,
-2.900720786678E0));
#5463=CARTESIAN_POINT('',(4.612280729730E0,-6.543852942521E0,
-2.898968764120E0));
#5464=CARTESIAN_POINT('',(4.613388882928E0,-6.416871163435E0,
-2.897214361176E0));
#5465=CARTESIAN_POINT('',(4.614142885723E0,-6.330471000925E0,
-2.896019534515E0));
#5466=(BOUNDED_SURFACE()B_SPLINE_SURFACE(3,3,((#5446,#5447,#5448,#5449,#5450),(
#5451,#5452,#5453,#5454,#5455),(#5456,#5457,#5458,#5459,#5460),(#5461,#5462,
#5463,#5464,#5465)),.UNSPECIFIED.,.F.,.F.,.F.)B_SPLINE_SURFACE_WITH_KNOTS((4,4),
(4,1,4),(0.E0,1.E0),(5.113485300246E-1,6.667932269621E-1,9.977424150195E-1),
.UNSPECIFIED.)GEOMETRIC_REPRESENTATION_ITEM()RATIONAL_B_SPLINE_SURFACE(((
1.026170393548E0,1.026170393548E0,1.026170393548E0,1.026170393548E0,
1.026170393548E0),(9.912765354840E-1,9.912765354840E-1,9.912765354840E-1,
9.912765354840E-1,9.912765354840E-1),(9.912765354840E-1,9.912765354840E-1,
9.912765354840E-1,9.912765354840E-1,9.912765354840E-1),(1.026170393548E0,
1.026170393548E0,1.026170393548E0,1.026170393548E0,1.026170393548E0)))REPRESENTATION_ITEM('')SURFACE());
#5467=ORIENTED_EDGE('',*,*,#5431,.F.);
#5468=ORIENTED_EDGE('',*,*,#4965,.T.);
#5470=ORIENTED_EDGE('',*,*,#5469,.T.);
#5472=ORIENTED_EDGE('',*,*,#5471,.F.);
#5473=EDGE_LOOP('',(#5467,#5468,#5470,#5472));
#5474=FACE_OUTER_BOUND('',#5473,.F.);
#5475=ADVANCED_FACE('',(#5474),#5466,.T.);
#5476=FILL_AREA_STYLE_COLOUR('',#11);
#5477=FILL_AREA_STYLE('',(#5476));
#5478=SURFACE_STYLE_FILL_AREA(#5477);
#5479=SURFACE_SIDE_STYLE('',(#5478));
#5480=SURFACE_STYLE_USAGE(.BOTH.,#5479);
#5481=PRESENTATION_STYLE_ASSIGNMENT((#5480));
#5482=STYLED_ITEM('',(#5481),#5475);
#5483=CARTESIAN_POINT('',(4.488219918311E0,-6.409284747108E0,
-2.328872273561E0));
#5484=CARTESIAN_POINT('',(4.488062920499E0,-6.401641424036E0,
-2.327949963987E0));
#5485=CARTESIAN_POINT('',(4.487417339967E0,-6.360511607723E0,
-2.323853837394E0));
#5486=CARTESIAN_POINT('',(4.488261171352E0,-6.281993336251E0,
-2.324983943998E0));
#5487=CARTESIAN_POINT('',(4.494255262365E0,-6.175728938313E0,
-2.347276936036E0));
#5488=CARTESIAN_POINT('',(4.505238310721E0,-6.074391642627E0,
-2.390628795509E0));
#5489=CARTESIAN_POINT('',(4.520469652907E0,-5.984199064666E0,
-2.451721774127E0));
#5490=CARTESIAN_POINT('',(4.538670626907E0,-5.907898586466E0,
-2.525858149583E0));
#5491=CARTESIAN_POINT('',(4.558746446775E0,-5.845067046812E0,
-2.610062534970E0));
#5492=CARTESIAN_POINT('',(4.579823927396E0,-5.794504930849E0,
-2.702972422385E0));
#5493=CARTESIAN_POINT('',(4.601130493059E0,-5.755334902338E0,
-2.804060861369E0));
#5494=CARTESIAN_POINT('',(4.621955611342E0,-5.727150552292E0,
-2.913333646975E0));
#5495=CARTESIAN_POINT('',(4.641617973089E0,-5.710077794212E0,
-3.031200348347E0));
#5496=CARTESIAN_POINT('',(4.659375747217E0,-5.704935455058E0,
-3.158278446429E0));
#5497=CARTESIAN_POINT('',(4.674308426104E0,-5.713363932747E0,
-3.295059633869E0));
#5498=CARTESIAN_POINT('',(4.685236344505E0,-5.737974995388E0,
-3.441780866443E0));
#5499=CARTESIAN_POINT('',(4.688842717915E0,-5.768519478673E0,
-3.548359289557E0));
#5500=CARTESIAN_POINT('',(4.689262339477E0,-5.789643560864E0,
-3.606343665599E0));
#5501=CARTESIAN_POINT('',(4.689289319566E0,-5.792768180491E0,
-3.614652125491E0));
#5502=CARTESIAN_POINT('',(4.700931868195E0,-6.398220820764E0,
-2.454481681099E0));
#5503=CARTESIAN_POINT('',(4.700844229908E0,-6.392099412320E0,
-2.453576269097E0));
#5504=CARTESIAN_POINT('',(4.700496519008E0,-6.359129643117E0,
-2.449547745024E0));
#5505=CARTESIAN_POINT('',(4.701147446388E0,-6.295978500032E0,
-2.450575642013E0));
#5506=CARTESIAN_POINT('',(4.705097506418E0,-6.211130730271E0,
-2.472182182364E0));
#5507=CARTESIAN_POINT('',(4.711994951479E0,-6.132010550075E0,
-2.514148676443E0));
#5508=CARTESIAN_POINT('',(4.720987159549E0,-6.064331318806E0,
-2.572988617493E0));
#5509=CARTESIAN_POINT('',(4.730839439736E0,-6.010311536294E0,
-2.643864634250E0));
#5510=CARTESIAN_POINT('',(4.740455049001E0,-5.969307595088E0,
-2.723641226067E0));
#5511=CARTESIAN_POINT('',(4.748895317452E0,-5.939989305543E0,
-2.810759391984E0));
#5512=CARTESIAN_POINT('',(4.755296760383E0,-5.921290624468E0,
-2.904460417092E0));
#5513=CARTESIAN_POINT('',(4.758825693631E0,-5.912556726586E0,
-3.004465869450E0));
#5514=CARTESIAN_POINT('',(4.758623838298E0,-5.913595244587E0,
-3.110822260225E0));
#5515=CARTESIAN_POINT('',(4.753708602319E0,-5.924763067743E0,
-3.223674491263E0));
#5516=CARTESIAN_POINT('',(4.742878624012E0,-5.946981799492E0,
-3.342917150297E0));
#5517=CARTESIAN_POINT('',(4.724615918242E0,-5.981766084358E0,
-3.468023005560E0));
#5518=CARTESIAN_POINT('',(4.705696391618E0,-6.015588666225E0,
-3.556402645893E0));
#5519=CARTESIAN_POINT('',(4.693352159696E0,-6.036884311850E0,
-3.603533947993E0));
#5520=CARTESIAN_POINT('',(4.691538950281E0,-6.039997902708E0,
-3.610266458723E0));
#5521=CARTESIAN_POINT('',(4.753932246269E0,-6.373966805027E0,
-2.694791441888E0));
#5522=CARTESIAN_POINT('',(4.753976891424E0,-6.370732757744E0,
-2.694148939462E0));
#5523=CARTESIAN_POINT('',(4.754199302240E0,-6.353308652137E0,
-2.691286524988E0));
#5524=CARTESIAN_POINT('',(4.754478923095E0,-6.319894245417E0,
-2.691947281818E0));
#5525=CARTESIAN_POINT('',(4.754522408418E0,-6.275116419872E0,
-2.707053714034E0));
#5526=CARTESIAN_POINT('',(4.753871642109E0,-6.233701654329E0,
-2.736799514526E0));
#5527=CARTESIAN_POINT('',(4.751927075036E0,-6.198807248521E0,
-2.779276590505E0));
#5528=CARTESIAN_POINT('',(4.748056942414E0,-6.171608712170E0,
-2.831532436042E0));
#5529=CARTESIAN_POINT('',(4.741656086975E0,-6.151708365424E0,
-2.891618406772E0));
#5530=CARTESIAN_POINT('',(4.732134812409E0,-6.138333532154E0,
-2.958545767914E0));
#5531=CARTESIAN_POINT('',(4.718915255461E0,-6.130852247166E0,
-3.031786549943E0));
#5532=CARTESIAN_POINT('',(4.701398738148E0,-6.128856243154E0,
-3.111095971912E0));
#5533=CARTESIAN_POINT('',(4.678911384810E0,-6.132188413300E0,
-3.196445985391E0));
#5534=CARTESIAN_POINT('',(4.650637505418E0,-6.140980756833E0,
-3.287893060848E0));
#5535=CARTESIAN_POINT('',(4.615593729514E0,-6.155645974843E0,
-3.385333976305E0));
#5536=CARTESIAN_POINT('',(4.572554618496E0,-6.176875096513E0,
-3.488416665534E0));
#5537=CARTESIAN_POINT('',(4.536656267781E0,-6.196515093843E0,
-3.561985686046E0));
#5538=CARTESIAN_POINT('',(4.515410319923E0,-6.208594230814E0,
-3.601556077025E0));
#5539=CARTESIAN_POINT('',(4.512328565287E0,-6.210354823519E0,
-3.607216466328E0));
#5540=CARTESIAN_POINT('',(4.613556824294E0,-6.351928113048E0,
-2.897164104482E0));
#5541=CARTESIAN_POINT('',(4.613712654389E0,-6.351112909466E0,
-2.896863531471E0));
#5542=CARTESIAN_POINT('',(4.614415315030E0,-6.346745951218E0,
-2.895525056323E0));
#5543=CARTESIAN_POINT('',(4.614381069454E0,-6.338550018292E0,
-2.895786938712E0));
#5544=CARTESIAN_POINT('',(4.611136773789E0,-6.327044243097E0,
-2.902708277344E0));
#5545=CARTESIAN_POINT('',(4.604269582329E0,-6.314873858726E0,
-2.917160268951E0));
#5546=CARTESIAN_POINT('',(4.593637306034E0,-6.302211833110E0,
-2.939557846600E0));
#5547=CARTESIAN_POINT('',(4.579387100881E0,-6.289339053555E0,
-2.969660674854E0));
#5548=CARTESIAN_POINT('',(4.561586697904E0,-6.276413935908E0,
-3.007300080638E0));
#5549=CARTESIAN_POINT('',(4.540188175328E0,-6.263555390238E0,
-3.052462138851E0));
#5550=CARTESIAN_POINT('',(4.515094403738E0,-6.250912601151E0,
-3.105165572739E0));
#5551=CARTESIAN_POINT('',(4.486150600472E0,-6.238662227450E0,
-3.165495756247E0));
#5552=CARTESIAN_POINT('',(4.453111538764E0,-6.227013567719E0,
-3.233685937717E0));
#5553=CARTESIAN_POINT('',(4.415630082537E0,-6.216253622107E0,
-3.310144472881E0));
#5554=CARTESIAN_POINT('',(4.373301236445E0,-6.206819320781E0,
-3.395368234046E0));
#5555=CARTESIAN_POINT('',(4.325637158182E0,-6.199374721237E0,
-3.490008413788E0));
#5556=CARTESIAN_POINT('',(4.289091492E0,-6.196379797270E0,-3.561562232709E0));
#5557=CARTESIAN_POINT('',(4.268460064988E0,-6.195708399493E0,
-3.601666336181E0));
#5558=CARTESIAN_POINT('',(4.265487150756E0,-6.195633407938E0,
-3.607439410714E0));
#5559=(BOUNDED_SURFACE()B_SPLINE_SURFACE(3,3,((#5483,#5484,#5485,#5486,#5487,
#5488,#5489,#5490,#5491,#5492,#5493,#5494,#5495,#5496,#5497,#5498,#5499,#5500,
#5501),(#5502,#5503,#5504,#5505,#5506,#5507,#5508,#5509,#5510,#5511,#5512,#5513,
#5514,#5515,#5516,#5517,#5518,#5519,#5520),(#5521,#5522,#5523,#5524,#5525,#5526,
#5527,#5528,#5529,#5530,#5531,#5532,#5533,#5534,#5535,#5536,#5537,#5538,#5539),(
#5540,#5541,#5542,#5543,#5544,#5545,#5546,#5547,#5548,#5549,#5550,#5551,#5552,
#5553,#5554,#5555,#5556,#5557,#5558)),.UNSPECIFIED.,.F.,.F.,.F.)B_SPLINE_SURFACE_WITH_KNOTS((4,4),(4,1,1,1,1,1,1,1,1,1,1,1,1,1,1,1,4),(0.E0,1.E0),(
2.451629699453E-2,3.149891892024E-2,6.187140113447E-2,9.432940040272E-2,
1.305804131359E-1,1.702176503649E-1,2.136128489924E-1,2.614140538266E-1,
3.141159097739E-1,3.724034734934E-1,4.366977073235E-1,5.075303683854E-1,
5.859747617899E-1,6.730002986587E-1,7.695907169260E-1,8.776972398755E-1,
8.959139528072E-1),.UNSPECIFIED.)GEOMETRIC_REPRESENTATION_ITEM()RATIONAL_B_SPLINE_SURFACE(((1.188767191420E0,1.188767191420E0,1.188767191420E0,1.188767191420E0,
1.188767191420E0,1.188767191420E0,1.188767191420E0,1.188767191420E0,
1.188767191420E0,1.188767191420E0,1.188767191420E0,1.188767191420E0,
1.188767191420E0,1.188767191420E0,1.188767191420E0,1.188767191420E0,
1.188767191420E0,1.188767191420E0,1.188767191420E0),(9.370776028599E-1,
9.370776028599E-1,9.370776028599E-1,9.370776028599E-1,9.370776028599E-1,
9.370776028599E-1,9.370776028599E-1,9.370776028599E-1,9.370776028599E-1,
9.370776028599E-1,9.370776028599E-1,9.370776028599E-1,9.370776028599E-1,
9.370776028599E-1,9.370776028599E-1,9.370776028599E-1,9.370776028599E-1,
9.370776028599E-1,9.370776028599E-1),(9.370776028599E-1,9.370776028599E-1,
9.370776028599E-1,9.370776028599E-1,9.370776028599E-1,9.370776028599E-1,
9.370776028599E-1,9.370776028599E-1,9.370776028599E-1,9.370776028599E-1,
9.370776028599E-1,9.370776028599E-1,9.370776028599E-1,9.370776028599E-1,
9.370776028599E-1,9.370776028599E-1,9.370776028599E-1,9.370776028599E-1,
9.370776028599E-1),(1.188767191420E0,1.188767191420E0,1.188767191420E0,
1.188767191420E0,1.188767191420E0,1.188767191420E0,1.188767191420E0,
1.188767191420E0,1.188767191420E0,1.188767191420E0,1.188767191420E0,
1.188767191420E0,1.188767191420E0,1.188767191420E0,1.188767191420E0,
1.188767191420E0,1.188767191420E0,1.188767191420E0,1.188767191420E0)))REPRESENTATION_ITEM('')SURFACE());
#5560=ORIENTED_EDGE('',*,*,#4963,.T.);
#5562=ORIENTED_EDGE('',*,*,#5561,.T.);
#5564=ORIENTED_EDGE('',*,*,#5563,.F.);
#5565=ORIENTED_EDGE('',*,*,#5469,.F.);
#5566=EDGE_LOOP('',(#5560,#5562,#5564,#5565));
#5567=FACE_OUTER_BOUND('',#5566,.F.);
#5568=ADVANCED_FACE('',(#5567),#5559,.T.);
#5569=FILL_AREA_STYLE_COLOUR('',#11);
#5570=FILL_AREA_STYLE('',(#5569));
#5571=SURFACE_STYLE_FILL_AREA(#5570);
#5572=SURFACE_SIDE_STYLE('',(#5571));
#5573=SURFACE_STYLE_USAGE(.BOTH.,#5572);
#5574=PRESENTATION_STYLE_ASSIGNMENT((#5573));
#5575=STYLED_ITEM('',(#5574),#5568);
#5576=CARTESIAN_POINT('',(4.289305124990E0,-5.7962E0,-3.044533453719E0));
#5577=DIRECTION('',(0.E0,0.E0,-1.E0));
#5578=DIRECTION('',(9.999619230642E-1,-8.726535498374E-3,0.E0));
#5579=AXIS2_PLACEMENT_3D('',#5576,#5577,#5578);
#5580=CYLINDRICAL_SURFACE('',#5579,4.E-1);
#5581=ORIENTED_EDGE('',*,*,#4961,.T.);
#5583=ORIENTED_EDGE('',*,*,#5582,.T.);
#5585=ORIENTED_EDGE('',*,*,#5584,.F.);
#5586=ORIENTED_EDGE('',*,*,#5561,.F.);
#5587=EDGE_LOOP('',(#5581,#5583,#5585,#5586));
#5588=FACE_OUTER_BOUND('',#5587,.F.);
#5589=ADVANCED_FACE('',(#5588),#5580,.T.);
#5590=FILL_AREA_STYLE_COLOUR('',#11);
#5591=FILL_AREA_STYLE('',(#5590));
#5592=SURFACE_STYLE_FILL_AREA(#5591);
#5593=SURFACE_SIDE_STYLE('',(#5592));
#5594=SURFACE_STYLE_USAGE(.BOTH.,#5593);
#5595=PRESENTATION_STYLE_ASSIGNMENT((#5594));
#5596=STYLED_ITEM('',(#5595),#5589);
#5597=CARTESIAN_POINT('',(4.272847504668E0,-6.195900867211E0,
-4.190418350553E0));
#5598=CARTESIAN_POINT('',(4.517112396329E0,-6.205461933908E0,
-4.153196678273E0));
#5599=CARTESIAN_POINT('',(4.690715576173E0,-6.031380567061E0,
-4.126742607764E0));
#5600=CARTESIAN_POINT('',(4.683395564976E0,-5.784221959261E0,
-4.127858048693E0));
#5601=CARTESIAN_POINT('',(4.282493156295E0,-6.195900867211E0,
-4.253717334866E0));
#5602=CARTESIAN_POINT('',(4.554203156103E0,-6.205461933908E0,
-4.396602464819E0));
#5603=CARTESIAN_POINT('',(4.747312037373E0,-6.031380567061E0,
-4.498153337496E0));
#5604=CARTESIAN_POINT('',(4.739169564555E0,-5.784221959261E0,
-4.493871425576E0));
#5605=CARTESIAN_POINT('',(4.237217334879E0,-6.195900867211E0,
-4.298993156288E0));
#5606=CARTESIAN_POINT('',(4.380102464869E0,-6.205461933908E0,
-4.570703156077E0));
#5607=CARTESIAN_POINT('',(4.481653337571E0,-6.031380567061E0,
-4.763812037334E0));
#5608=CARTESIAN_POINT('',(4.477371425650E0,-5.784221959261E0,
-4.755669564516E0));
#5609=CARTESIAN_POINT('',(4.173918350565E0,-6.195900867211E0,
-4.289347504669E0));
#5610=CARTESIAN_POINT('',(4.136696678318E0,-6.205461933908E0,
-4.533612396336E0));
#5611=CARTESIAN_POINT('',(4.110242607832E0,-6.031380567061E0,
-4.707215576184E0));
#5612=CARTESIAN_POINT('',(4.111358048760E0,-5.784221959261E0,
-4.699895564986E0));
#5613=(BOUNDED_SURFACE()B_SPLINE_SURFACE(3,3,((#5597,#5598,#5599,#5600),(#5601,
#5602,#5603,#5604),(#5605,#5606,#5607,#5608),(#5609,#5610,#5611,#5612)),
.UNSPECIFIED.,.F.,.F.,.F.)B_SPLINE_SURFACE_WITH_KNOTS((4,4),(4,4),(0.E0,1.E0),(
0.E0,1.E0),.UNSPECIFIED.)GEOMETRIC_REPRESENTATION_ITEM()RATIONAL_B_SPLINE_SURFACE(((1.492926573867E0,1.176856533069E0,1.176856533069E0,1.492926573867E0),(
1.087364502516E0,8.571567021533E-1,8.571567021533E-1,1.087364502516E0),(
1.087364502516E0,8.571567021533E-1,8.571567021533E-1,1.087364502516E0),(
1.492926573867E0,1.176856533069E0,1.176856533069E0,1.492926573867E0)))REPRESENTATION_ITEM('')SURFACE());
#5614=ORIENTED_EDGE('',*,*,#4988,.T.);
#5616=ORIENTED_EDGE('',*,*,#5615,.T.);
#5618=ORIENTED_EDGE('',*,*,#5617,.F.);
#5619=ORIENTED_EDGE('',*,*,#5582,.F.);
#5620=EDGE_LOOP('',(#5614,#5616,#5618,#5619));
#5621=FACE_OUTER_BOUND('',#5620,.F.);
#5622=ADVANCED_FACE('',(#5621),#5613,.T.);
#5623=FILL_AREA_STYLE_COLOUR('',#11);
#5624=FILL_AREA_STYLE('',(#5623));
#5625=SURFACE_STYLE_FILL_AREA(#5624);
#5626=SURFACE_SIDE_STYLE('',(#5625));
#5627=SURFACE_STYLE_USAGE(.BOTH.,#5626);
#5628=PRESENTATION_STYLE_ASSIGNMENT((#5627));
#5629=STYLED_ITEM('',(#5628),#5622);
#5630=CARTESIAN_POINT('',(4.207779131107E0,-5.7962E0,-4.305805124990E0));
#5631=DIRECTION('',(-1.E0,0.E0,0.E0));
#5632=DIRECTION('',(0.E0,-8.726535498374E-3,-9.999619230642E-1));
#5633=AXIS2_PLACEMENT_3D('',#5630,#5631,#5632);
#5634=CYLINDRICAL_SURFACE('',#5633,4.E-1);
#5635=ORIENTED_EDGE('',*,*,#5021,.T.);
#5637=ORIENTED_EDGE('',*,*,#5636,.T.);
#5639=ORIENTED_EDGE('',*,*,#5638,.F.);
#5640=ORIENTED_EDGE('',*,*,#5615,.F.);
#5641=EDGE_LOOP('',(#5635,#5637,#5639,#5640));
#5642=FACE_OUTER_BOUND('',#5641,.F.);
#5643=ADVANCED_FACE('',(#5642),#5634,.T.);
#5644=FILL_AREA_STYLE_COLOUR('',#11);
#5645=FILL_AREA_STYLE('',(#5644));
#5646=SURFACE_STYLE_FILL_AREA(#5645);
#5647=SURFACE_SIDE_STYLE('',(#5646));
#5648=SURFACE_STYLE_USAGE(.BOTH.,#5647);
#5649=PRESENTATION_STYLE_ASSIGNMENT((#5648));
#5650=STYLED_ITEM('',(#5649),#5643);
#5651=CARTESIAN_POINT('',(3.588327010593E0,-5.792787066011E0,
-4.705788389472E0));
#5652=CARTESIAN_POINT('',(3.582548729201E0,-5.790626576460E0,
-4.705769977725E0));
#5653=CARTESIAN_POINT('',(3.528500822495E0,-5.770847380069E0,
-4.705449530075E0));
#5654=CARTESIAN_POINT('',(3.427521508022E0,-5.741045425241E0,
-4.702348157554E0));
#5655=CARTESIAN_POINT('',(3.285291667066E0,-5.715076296241E0,
-4.692360834565E0));
#5656=CARTESIAN_POINT('',(3.152460266260E0,-5.704059550198E0,
-4.678541952128E0));
#5657=CARTESIAN_POINT('',(3.028777402130E0,-5.705500706447E0,
-4.661973913085E0));
#5658=CARTESIAN_POINT('',(2.913784461957E0,-5.717765995847E0,
-4.643495126320E0));
#5659=CARTESIAN_POINT('',(2.806808004181E0,-5.739932665705E0,
-4.623757710835E0));
#5660=CARTESIAN_POINT('',(2.707332715821E0,-5.771682949529E0,
-4.603337484634E0));
#5661=CARTESIAN_POINT('',(2.615100329092E0,-5.813187319420E0,
-4.582807071338E0));
#5662=CARTESIAN_POINT('',(2.530210962896E0,-5.865032923126E0,
-4.562778757871E0));
#5663=CARTESIAN_POINT('',(2.453200793189E0,-5.928270553958E0,
-4.543911095624E0));
#5664=CARTESIAN_POINT('',(2.385560369187E0,-6.004070036556E0,
-4.526996630230E0));
#5665=CARTESIAN_POINT('',(2.330343703150E0,-6.092594078958E0,
-4.513049355535E0));
#5666=CARTESIAN_POINT('',(2.291937419858E0,-6.190802660223E0,
-4.503197132219E0));
#5667=CARTESIAN_POINT('',(2.272997700489E0,-6.292898604506E0,
-4.497989327745E0));
#5668=CARTESIAN_POINT('',(2.273090323386E0,-6.366337192408E0,
-4.497462558214E0));
#5669=CARTESIAN_POINT('',(2.277119960625E0,-6.404230880787E0,
-4.498122792660E0));
#5670=CARTESIAN_POINT('',(2.277820537621E0,-6.409961481059E0,
-4.498243549437E0));
#5671=CARTESIAN_POINT('',(3.584051603848E0,-6.040018227034E0,
-4.708024202998E0));
#5672=CARTESIAN_POINT('',(3.579333960329E0,-6.037864463374E0,
-4.709279383044E0));
#5673=CARTESIAN_POINT('',(3.535115533218E0,-6.017992112584E0,
-4.720821794810E0));
#5674=CARTESIAN_POINT('',(3.450989114627E0,-5.985447768398E0,
-4.739067706596E0));
#5675=CARTESIAN_POINT('',(3.329311402949E0,-5.950366247241E0,
-4.757452639705E0));
#5676=CARTESIAN_POINT('',(3.213243230805E0,-5.926843699712E0,
-4.768786269266E0));
#5677=CARTESIAN_POINT('',(3.103238868225E0,-5.913402605940E0,
-4.774477729908E0));
#5678=CARTESIAN_POINT('',(2.999388780185E0,-5.909084921712E0,
-4.775632118685E0));
#5679=CARTESIAN_POINT('',(2.901463982684E0,-5.913400100035E0,
-4.773144762262E0));
#5680=CARTESIAN_POINT('',(2.809289482271E0,-5.926328101227E0,
-4.767771211541E0));
#5681=CARTESIAN_POINT('',(2.722873968045E0,-5.948263649015E0,
-4.760214357787E0));
#5682=CARTESIAN_POINT('',(2.642533257844E0,-5.979972249682E0,
-4.751182454641E0));
#5683=CARTESIAN_POINT('',(2.568986899152E0,-6.022615041617E0,
-4.741415168299E0));
#5684=CARTESIAN_POINT('',(2.503878855701E0,-6.077462152624E0,
-4.731748068788E0));
#5685=CARTESIAN_POINT('',(2.450391235352E0,-6.144895875892E0,
-4.723178659727E0));
#5686=CARTESIAN_POINT('',(2.413032198376E0,-6.222376676988E0,
-4.716798440504E0));
#5687=CARTESIAN_POINT('',(2.394602840134E0,-6.304501732082E0,
-4.713276194544E0));
#5688=CARTESIAN_POINT('',(2.394759382854E0,-6.363914055276E0,
-4.712833277963E0));
#5689=CARTESIAN_POINT('',(2.398734326521E0,-6.394462038889E0,
-4.713209180208E0));
#5690=CARTESIAN_POINT('',(2.399424550845E0,-6.399078566776E0,
-4.713279295402E0));
#5691=CARTESIAN_POINT('',(3.581078463524E0,-6.210366308533E0,
-4.528805372266E0));
#5692=CARTESIAN_POINT('',(3.577082290994E0,-6.209148314468E0,
-4.530938385296E0));
#5693=CARTESIAN_POINT('',(3.539661169187E0,-6.197886605120E0,
-4.550723306887E0));
#5694=CARTESIAN_POINT('',(3.469021494201E0,-6.179051210676E0,
-4.584919947727E0));
#5695=CARTESIAN_POINT('',(3.367827604074E0,-6.157814551741E0,
-4.627106939457E0));
#5696=CARTESIAN_POINT('',(3.272027464788E0,-6.142605979570E0,
-4.661745915198E0));
#5697=CARTESIAN_POINT('',(3.181907503172E0,-6.132743328977E0,
-4.689988814520E0));
#5698=CARTESIAN_POINT('',(3.097548298836E0,-6.127786746654E0,
-4.712749812664E0));
#5699=CARTESIAN_POINT('',(3.018816194103E0,-6.127524078721E0,
-4.730799309948E0));
#5700=CARTESIAN_POINT('',(2.945639843312E0,-6.131989097224E0,
-4.744757866753E0));
#5701=CARTESIAN_POINT('',(2.878082098971E0,-6.141439193379E0,
-4.755160376578E0));
#5702=CARTESIAN_POINT('',(2.816397961144E0,-6.156334664254E0,
-4.762505313374E0));
#5703=CARTESIAN_POINT('',(2.761065723285E0,-6.177349425532E0,
-4.767290877539E0));
#5704=CARTESIAN_POINT('',(2.713121577615E0,-6.205217558398E0,
-4.770024527570E0));
#5705=CARTESIAN_POINT('',(2.674544025491E0,-6.240188711373E0,
-4.771236135637E0));
#5706=CARTESIAN_POINT('',(2.648069301499E0,-6.280901366404E0,
-4.771487420196E0));
#5707=CARTESIAN_POINT('',(2.635179358615E0,-6.324357323740E0,
-4.771284633502E0));
#5708=CARTESIAN_POINT('',(2.635342559864E0,-6.355858839112E0,
-4.771007414016E0));
#5709=CARTESIAN_POINT('',(2.638168614081E0,-6.372035666937E0,
-4.770823173505E0));
#5710=CARTESIAN_POINT('',(2.638658931534E0,-6.374479770631E0,
-4.770793887929E0));
#5711=CARTESIAN_POINT('',(3.581296032632E0,-6.195631693741E0,
-4.281965928348E0));
#5712=CARTESIAN_POINT('',(3.577223909062E0,-6.195684142258E0,
-4.284023444304E0));
#5713=CARTESIAN_POINT('',(3.539250488788E0,-6.196267667983E0,
-4.303195149270E0));
#5714=CARTESIAN_POINT('',(3.470165059817E0,-6.198885078885E0,
-4.337814574371E0));
#5715=CARTESIAN_POINT('',(3.376376019571E0,-6.205656725822E0,
-4.384115125952E0));
#5716=CARTESIAN_POINT('',(3.291475115427E0,-6.214301136383E0,
-4.425409476511E0));
#5717=CARTESIAN_POINT('',(3.214815522903E0,-6.224204710275E0,
-4.462171805733E0));
#5718=CARTESIAN_POINT('',(3.145915252051E0,-6.234959112889E0,
-4.494789024458E0));
#5719=CARTESIAN_POINT('',(3.084326292070E0,-6.246299944531E0,
-4.523617821829E0));
#5720=CARTESIAN_POINT('',(3.029778439608E0,-6.258036694415E0,
-4.548914785932E0));
#5721=CARTESIAN_POINT('',(2.982141514256E0,-6.270015066298E0,
-4.570855253854E0));
#5722=CARTESIAN_POINT('',(2.941371811086E0,-6.282100439350E0,
-4.589555418758E0));
#5723=CARTESIAN_POINT('',(2.907434980755E0,-6.294191406937E0,
-4.605102805941E0));
#5724=CARTESIAN_POINT('',(2.880384294840E0,-6.306190133398E0,
-4.617514032324E0));
#5725=CARTESIAN_POINT('',(2.860427438192E0,-6.317945644394E0,
-4.626697221847E0));
#5726=CARTESIAN_POINT('',(2.847760728683E0,-6.329203730040E0,
-4.632527392186E0));
#5727=CARTESIAN_POINT('',(2.841920797102E0,-6.339853746939E0,
-4.635169551858E0));
#5728=CARTESIAN_POINT('',(2.842029166303E0,-6.347287957876E0,
-4.635034628152E0));
#5729=CARTESIAN_POINT('',(2.843341872780E0,-6.351196274345E0,
-4.634370218973E0));
#5730=CARTESIAN_POINT('',(2.843569703572E0,-6.351789455941E0,
-4.634255909609E0));
#5731=(BOUNDED_SURFACE()B_SPLINE_SURFACE(3,3,((#5651,#5652,#5653,#5654,#5655,
#5656,#5657,#5658,#5659,#5660,#5661,#5662,#5663,#5664,#5665,#5666,#5667,#5668,
#5669,#5670),(#5671,#5672,#5673,#5674,#5675,#5676,#5677,#5678,#5679,#5680,#5681,
#5682,#5683,#5684,#5685,#5686,#5687,#5688,#5689,#5690),(#5691,#5692,#5693,#5694,
#5695,#5696,#5697,#5698,#5699,#5700,#5701,#5702,#5703,#5704,#5705,#5706,#5707,
#5708,#5709,#5710),(#5711,#5712,#5713,#5714,#5715,#5716,#5717,#5718,#5719,#5720,
#5721,#5722,#5723,#5724,#5725,#5726,#5727,#5728,#5729,#5730)),.UNSPECIFIED.,.F.,
.F.,.F.)B_SPLINE_SURFACE_WITH_KNOTS((4,4),(4,1,1,1,1,1,1,1,1,1,1,1,1,1,1,1,1,4),
(0.E0,1.E0),(1.042997179893E-1,1.167798813493E-1,2.205379366165E-1,
3.135434433411E-1,3.975974099807E-1,4.736685471528E-1,5.426060564199E-1,
6.053368495603E-1,6.625352312836E-1,7.144711383598E-1,7.616842712977E-1,
8.046750258863E-1,8.439075928213E-1,8.799405373164E-1,9.128844082259E-1,
9.425027540562E-1,9.706095036092E-1,9.756445294213E-1),.UNSPECIFIED.)GEOMETRIC_REPRESENTATION_ITEM()RATIONAL_B_SPLINE_SURFACE(((1.188766561443E0,
1.188766561443E0,1.188766561443E0,1.188766561443E0,1.188766561443E0,
1.188766561443E0,1.188766561443E0,1.188766561443E0,1.188766561443E0,
1.188766561443E0,1.188766561443E0,1.188766561443E0,1.188766561443E0,
1.188766561443E0,1.188766561443E0,1.188766561443E0,1.188766561443E0,
1.188766561443E0,1.188766561443E0,1.188766561443E0),(9.370778128523E-1,
9.370778128523E-1,9.370778128523E-1,9.370778128523E-1,9.370778128523E-1,
9.370778128523E-1,9.370778128523E-1,9.370778128523E-1,9.370778128523E-1,
9.370778128523E-1,9.370778128523E-1,9.370778128523E-1,9.370778128523E-1,
9.370778128523E-1,9.370778128523E-1,9.370778128523E-1,9.370778128523E-1,
9.370778128523E-1,9.370778128523E-1,9.370778128523E-1),(9.370778128523E-1,
9.370778128523E-1,9.370778128523E-1,9.370778128523E-1,9.370778128523E-1,
9.370778128523E-1,9.370778128523E-1,9.370778128523E-1,9.370778128523E-1,
9.370778128523E-1,9.370778128523E-1,9.370778128523E-1,9.370778128523E-1,
9.370778128523E-1,9.370778128523E-1,9.370778128523E-1,9.370778128523E-1,
9.370778128523E-1,9.370778128523E-1,9.370778128523E-1),(1.188766561443E0,
1.188766561443E0,1.188766561443E0,1.188766561443E0,1.188766561443E0,
1.188766561443E0,1.188766561443E0,1.188766561443E0,1.188766561443E0,
1.188766561443E0,1.188766561443E0,1.188766561443E0,1.188766561443E0,
1.188766561443E0,1.188766561443E0,1.188766561443E0,1.188766561443E0,
1.188766561443E0,1.188766561443E0,1.188766561443E0)))REPRESENTATION_ITEM('')SURFACE());
#5732=ORIENTED_EDGE('',*,*,#5019,.T.);
#5734=ORIENTED_EDGE('',*,*,#5733,.T.);
#5736=ORIENTED_EDGE('',*,*,#5735,.F.);
#5737=ORIENTED_EDGE('',*,*,#5636,.F.);
#5738=EDGE_LOOP('',(#5732,#5734,#5736,#5737));
#5739=FACE_OUTER_BOUND('',#5738,.F.);
#5740=ADVANCED_FACE('',(#5739),#5731,.T.);
#5741=FILL_AREA_STYLE_COLOUR('',#11);
#5742=FILL_AREA_STYLE('',(#5741));
#5743=SURFACE_STYLE_FILL_AREA(#5742);
#5744=SURFACE_SIDE_STYLE('',(#5743));
#5745=SURFACE_STYLE_USAGE(.BOTH.,#5744);
#5746=PRESENTATION_STYLE_ASSIGNMENT((#5745));
#5747=STYLED_ITEM('',(#5746),#5740);
#5748=CARTESIAN_POINT('',(2.606373312958E0,-6.334442722265E0,
-4.700824039088E0));
#5749=CARTESIAN_POINT('',(2.607619293579E0,-6.420840368891E0,
-4.700070058249E0));
#5750=CARTESIAN_POINT('',(2.609448730224E0,-6.547819009071E0,
-4.698961932443E0));
#5751=CARTESIAN_POINT('',(2.611275560545E0,-6.674797689471E0,
-4.697853806287E0));
#5752=CARTESIAN_POINT('',(2.611859129721E0,-6.715378681232E0,
-4.697499661337E0));
#5753=CARTESIAN_POINT('',(2.690714048932E0,-6.333254980892E0,
-4.704098476728E0));
#5754=CARTESIAN_POINT('',(2.691960040926E0,-6.419653416092E0,
-4.703344489007E0));
#5755=CARTESIAN_POINT('',(2.693789494233E0,-6.546633212761E0,
-4.702236353109E0));
#5756=CARTESIAN_POINT('',(2.695616341140E0,-6.673613046043E0,
-4.701128216892E0));
#5757=CARTESIAN_POINT('',(2.696199915610E0,-6.714194405884E0,
-4.700774068730E0));
#5758=CARTESIAN_POINT('',(2.771998264998E0,-6.331884412965E0,
-4.681372056459E0));
#5759=CARTESIAN_POINT('',(2.773244267952E0,-6.418283608159E0,
-4.680618062106E0));
#5760=CARTESIAN_POINT('',(2.775073737318E0,-6.545264519408E0,
-4.679509916481E0));
#5761=CARTESIAN_POINT('',(2.776900600210E0,-6.672245463789E0,
-4.678401770568E0));
#5762=CARTESIAN_POINT('',(2.777484179781E0,-6.712827178372E0,
-4.678047619310E0));
#5763=CARTESIAN_POINT('',(2.842407012978E0,-6.330462857112E0,-4.634830894E0));
#5764=CARTESIAN_POINT('',(2.843653025425E0,-6.416862710616E0,
-4.634076893901E0));
#5765=CARTESIAN_POINT('',(2.845482508701E0,-6.543844587318E0,
-4.632968739852E0));
#5766=CARTESIAN_POINT('',(2.847309385439E0,-6.670826494140E0,
-4.631860585539E0));
#5767=CARTESIAN_POINT('',(2.847892969429E0,-6.711408516001E0,
-4.631506431599E0));
#5768=(BOUNDED_SURFACE()B_SPLINE_SURFACE(3,3,((#5748,#5749,#5750,#5751,#5752),(
#5753,#5754,#5755,#5756,#5757),(#5758,#5759,#5760,#5761,#5762),(#5763,#5764,
#5765,#5766,#5767)),.UNSPECIFIED.,.F.,.F.,.F.)B_SPLINE_SURFACE_WITH_KNOTS((4,4),
(4,1,4),(0.E0,1.E0),(2.257750350192E-3,3.332052965052E-1,4.886513259399E-1),
.UNSPECIFIED.)GEOMETRIC_REPRESENTATION_ITEM()RATIONAL_B_SPLINE_SURFACE(((
1.024640739718E0,1.024640739718E0,1.024640739718E0,1.024640739718E0,
1.024640739718E0),(9.917864200939E-1,9.917864200939E-1,9.917864200939E-1,
9.917864200939E-1,9.917864200939E-1),(9.917864200939E-1,9.917864200939E-1,
9.917864200939E-1,9.917864200939E-1,9.917864200939E-1),(1.024640739718E0,
1.024640739718E0,1.024640739718E0,1.024640739718E0,1.024640739718E0)))REPRESENTATION_ITEM('')SURFACE());
#5770=ORIENTED_EDGE('',*,*,#5769,.F.);
#5772=ORIENTED_EDGE('',*,*,#5771,.F.);
#5773=ORIENTED_EDGE('',*,*,#5733,.F.);
#5774=ORIENTED_EDGE('',*,*,#5017,.T.);
#5775=EDGE_LOOP('',(#5770,#5772,#5773,#5774));
#5776=FACE_OUTER_BOUND('',#5775,.F.);
#5777=ADVANCED_FACE('',(#5776),#5768,.T.);
#5778=FILL_AREA_STYLE_COLOUR('',#11);
#5779=FILL_AREA_STYLE('',(#5778));
#5780=SURFACE_STYLE_FILL_AREA(#5779);
#5781=SURFACE_SIDE_STYLE('',(#5780));
#5782=SURFACE_STYLE_USAGE(.BOTH.,#5781);
#5783=PRESENTATION_STYLE_ASSIGNMENT((#5782));
#5784=STYLED_ITEM('',(#5783),#5777);
#5785=CARTESIAN_POINT('',(2.627101711768E0,-6.6962E0,-4.297950943978E0));
#5786=DIRECTION('',(3.668171115585E-1,7.071067811865E-1,-6.045206420527E-1));
#5787=DIRECTION('',(3.668171115585E-1,-7.071067811865E-1,-6.045206420527E-1));
#5788=AXIS2_PLACEMENT_3D('',#5785,#5786,#5787);
#5789=SPHERICAL_SURFACE('',#5788,4.E-1);
#5790=ORIENTED_EDGE('',*,*,#5769,.T.);
#5792=ORIENTED_EDGE('',*,*,#5791,.T.);
#5794=ORIENTED_EDGE('',*,*,#5793,.T.);
#5795=EDGE_LOOP('',(#5790,#5792,#5794));
#5796=FACE_OUTER_BOUND('',#5795,.F.);
#5797=ADVANCED_FACE('',(#5796),#5789,.T.);
#5798=FILL_AREA_STYLE_COLOUR('',#11);
#5799=FILL_AREA_STYLE('',(#5798));
#5800=SURFACE_STYLE_FILL_AREA(#5799);
#5801=SURFACE_SIDE_STYLE('',(#5800));
#5802=SURFACE_STYLE_USAGE(.BOTH.,#5801);
#5803=PRESENTATION_STYLE_ASSIGNMENT((#5802));
#5804=STYLED_ITEM('',(#5803),#5797);
#5805=CARTESIAN_POINT('',(-4.221159806696E0,-6.6962E0,-4.297950943978E0));
#5806=DIRECTION('',(1.E0,0.E0,0.E0));
#5807=DIRECTION('',(0.E0,-1.E0,0.E0));
#5808=AXIS2_PLACEMENT_3D('',#5805,#5806,#5807);
#5809=CYLINDRICAL_SURFACE('',#5808,4.E-1);
#5810=ORIENTED_EDGE('',*,*,#5289,.T.);
#5811=ORIENTED_EDGE('',*,*,#5791,.F.);
#5812=ORIENTED_EDGE('',*,*,#5015,.F.);
#5814=ORIENTED_EDGE('',*,*,#5813,.F.);
#5815=EDGE_LOOP('',(#5810,#5811,#5812,#5814));
#5816=FACE_OUTER_BOUND('',#5815,.F.);
#5817=ADVANCED_FACE('',(#5816),#5809,.T.);
#5818=FILL_AREA_STYLE_COLOUR('',#11);
#5819=FILL_AREA_STYLE('',(#5818));
#5820=SURFACE_STYLE_FILL_AREA(#5819);
#5821=SURFACE_SIDE_STYLE('',(#5820));
#5822=SURFACE_STYLE_USAGE(.BOTH.,#5821);
#5823=PRESENTATION_STYLE_ASSIGNMENT((#5822));
#5824=STYLED_ITEM('',(#5823),#5817);
#5825=CARTESIAN_POINT('',(-2.633101711768E0,-6.6962E0,-4.297950943978E0));
#5826=DIRECTION('',(-9.629395558830E-1,1.619855602184E-2,2.692304189697E-1));
#5827=DIRECTION('',(-2.693336735034E-1,-4.530727367214E-3,-9.630362635055E-1));
#5828=AXIS2_PLACEMENT_3D('',#5825,#5826,#5827);
#5829=SPHERICAL_SURFACE('',#5828,4.E-1);
#5831=ORIENTED_EDGE('',*,*,#5830,.T.);
#5833=ORIENTED_EDGE('',*,*,#5832,.T.);
#5834=ORIENTED_EDGE('',*,*,#5813,.T.);
#5835=EDGE_LOOP('',(#5831,#5833,#5834));
#5836=FACE_OUTER_BOUND('',#5835,.F.);
#5837=ADVANCED_FACE('',(#5836),#5829,.T.);
#5838=FILL_AREA_STYLE_COLOUR('',#11);
#5839=FILL_AREA_STYLE('',(#5838));
#5840=SURFACE_STYLE_FILL_AREA(#5839);
#5841=SURFACE_SIDE_STYLE('',(#5840));
#5842=SURFACE_STYLE_USAGE(.BOTH.,#5841);
#5843=PRESENTATION_STYLE_ASSIGNMENT((#5842));
#5844=STYLED_ITEM('',(#5843),#5837);
#5845=CARTESIAN_POINT('',(-2.617859129721E0,-6.715378681232E0,
-4.697499661337E0));
#5846=CARTESIAN_POINT('',(-2.617275560545E0,-6.674797689474E0,
-4.697853806287E0));
#5847=CARTESIAN_POINT('',(-2.615448730225E0,-6.547819009078E0,
-4.698961932443E0));
#5848=CARTESIAN_POINT('',(-2.613619293579E0,-6.420840368902E0,
-4.700070058248E0));
#5849=CARTESIAN_POINT('',(-2.612373312958E0,-6.334442722276E0,
-4.700824039088E0));
#5850=CARTESIAN_POINT('',(-2.702199915610E0,-6.714194405884E0,
-4.700774068730E0));
#5851=CARTESIAN_POINT('',(-2.701616341140E0,-6.673613046046E0,
-4.701128216892E0));
#5852=CARTESIAN_POINT('',(-2.699789494233E0,-6.546633212769E0,
-4.702236353109E0));
#5853=CARTESIAN_POINT('',(-2.697960040926E0,-6.419653416103E0,
-4.703344489007E0));
#5854=CARTESIAN_POINT('',(-2.696714048932E0,-6.333254980904E0,
-4.704098476728E0));
#5855=CARTESIAN_POINT('',(-2.783484179781E0,-6.712827178372E0,
-4.678047619310E0));
#5856=CARTESIAN_POINT('',(-2.782900600210E0,-6.672245463793E0,
-4.678401770568E0));
#5857=CARTESIAN_POINT('',(-2.781073737318E0,-6.545264519415E0,
-4.679509916481E0));
#5858=CARTESIAN_POINT('',(-2.779244267952E0,-6.418283608170E0,
-4.680618062106E0));
#5859=CARTESIAN_POINT('',(-2.777998264998E0,-6.331884412977E0,
-4.681372056459E0));
#5860=CARTESIAN_POINT('',(-2.853892969429E0,-6.711408516001E0,
-4.631506431599E0));
#5861=CARTESIAN_POINT('',(-2.853309385440E0,-6.670826494143E0,
-4.631860585539E0));
#5862=CARTESIAN_POINT('',(-2.851482508701E0,-6.543844587326E0,
-4.632968739852E0));
#5863=CARTESIAN_POINT('',(-2.849653025426E0,-6.416862710627E0,
-4.634076893901E0));
#5864=CARTESIAN_POINT('',(-2.848407012978E0,-6.330462857123E0,-4.634830894E0));
#5865=(BOUNDED_SURFACE()B_SPLINE_SURFACE(3,3,((#5845,#5846,#5847,#5848,#5849),(
#5850,#5851,#5852,#5853,#5854),(#5855,#5856,#5857,#5858,#5859),(#5860,#5861,
#5862,#5863,#5864)),.UNSPECIFIED.,.F.,.F.,.F.)B_SPLINE_SURFACE_WITH_KNOTS((4,4),
(4,1,4),(0.E0,1.E0),(5.113486740601E-1,6.667947034817E-1,9.977422496353E-1),
.UNSPECIFIED.)GEOMETRIC_REPRESENTATION_ITEM()RATIONAL_B_SPLINE_SURFACE(((
1.024640739718E0,1.024640739718E0,1.024640739718E0,1.024640739718E0,
1.024640739718E0),(9.917864200939E-1,9.917864200939E-1,9.917864200939E-1,
9.917864200939E-1,9.917864200939E-1),(9.917864200939E-1,9.917864200939E-1,
9.917864200939E-1,9.917864200939E-1,9.917864200939E-1),(1.024640739718E0,
1.024640739718E0,1.024640739718E0,1.024640739718E0,1.024640739718E0)))REPRESENTATION_ITEM('')SURFACE());
#5866=ORIENTED_EDGE('',*,*,#5830,.F.);
#5867=ORIENTED_EDGE('',*,*,#5013,.T.);
#5869=ORIENTED_EDGE('',*,*,#5868,.T.);
#5871=ORIENTED_EDGE('',*,*,#5870,.F.);
#5872=EDGE_LOOP('',(#5866,#5867,#5869,#5871));
#5873=FACE_OUTER_BOUND('',#5872,.F.);
#5874=ADVANCED_FACE('',(#5873),#5865,.T.);
#5875=FILL_AREA_STYLE_COLOUR('',#11);
#5876=FILL_AREA_STYLE('',(#5875));
#5877=SURFACE_STYLE_FILL_AREA(#5876);
#5878=SURFACE_SIDE_STYLE('',(#5877));
#5879=SURFACE_STYLE_USAGE(.BOTH.,#5878);
#5880=PRESENTATION_STYLE_ASSIGNMENT((#5879));
#5881=STYLED_ITEM('',(#5880),#5874);
#5882=CARTESIAN_POINT('',(-2.283901916905E0,-6.410623836200E0,
-4.498257604261E0));
#5883=CARTESIAN_POINT('',(-2.283167513279E0,-6.404676501397E0,
-4.498130566152E0));
#5884=CARTESIAN_POINT('',(-2.279091114060E0,-6.366570406168E0,
-4.497461079987E0));
#5885=CARTESIAN_POINT('',(-2.278996930667E0,-6.292911321407E0,
-4.497989019282E0));
#5886=CARTESIAN_POINT('',(-2.297932380922E0,-6.190821883722E0,
-4.503195813604E0));
#5887=CARTESIAN_POINT('',(-2.336332168849E0,-6.092617815244E0,
-4.513046421033E0));
#5888=CARTESIAN_POINT('',(-2.391541322541E0,-6.004095889560E0,
-4.526991836821E0));
#5889=CARTESIAN_POINT('',(-2.459173921298E0,-5.928296635037E0,
-4.543904418896E0));
#5890=CARTESIAN_POINT('',(-2.536176051415E0,-5.865057938059E0,
-4.562770320850E0));
#5891=CARTESIAN_POINT('',(-2.621056746758E0,-5.813210500768E0,
-4.582797021113E0));
#5892=CARTESIAN_POINT('',(-2.713279489746E0,-5.771703532712E0,
-4.603326022007E0));
#5893=CARTESIAN_POINT('',(-2.812745564628E0,-5.739949150721E0,
-4.623745469074E0));
#5894=CARTESIAN_POINT('',(-2.919712046076E0,-5.717777457266E0,
-4.643482546954E0));
#5895=CARTESIAN_POINT('',(-3.034688676903E0,-5.705506428997E0,
-4.661960654828E0));
#5896=CARTESIAN_POINT('',(-3.158353200682E0,-5.704056250829E0,
-4.678528995627E0));
#5897=CARTESIAN_POINT('',(-3.291188715624E0,-5.715061909044E0,
-4.692352075435E0));
#5898=CARTESIAN_POINT('',(-3.433455399105E0,-5.741027511679E0,
-4.702345558288E0));
#5899=CARTESIAN_POINT('',(-3.534426963023E0,-5.770823923266E0,
-4.705447847222E0));
#5900=CARTESIAN_POINT('',(-3.588453544806E0,-5.790591727348E0,
-4.705769418293E0));
#5901=CARTESIAN_POINT('',(-3.594188523471E0,-5.792735294878E0,
-4.705787947418E0));
#5902=CARTESIAN_POINT('',(-2.405504716776E0,-6.399612144280E0,
-4.713287449501E0));
#5903=CARTESIAN_POINT('',(-2.404781224651E0,-6.394821273670E0,
-4.713213581926E0));
#5904=CARTESIAN_POINT('',(-2.400760359116E0,-6.364102710285E0,
-4.712832015274E0));
#5905=CARTESIAN_POINT('',(-2.400602090170E0,-6.304512023133E0,
-4.713275949125E0));
#5906=CARTESIAN_POINT('',(-2.419027283785E0,-6.222392057820E0,
-4.716797552782E0));
#5907=CARTESIAN_POINT('',(-2.456380021183E0,-6.144914368770E0,
-4.723176778530E0));
#5908=CARTESIAN_POINT('',(-2.509860441575E0,-6.077481446127E0,
-4.731745189081E0));
#5909=CARTESIAN_POINT('',(-2.574961108628E0,-6.022633367352E0,
-4.741411483509E0));
#5910=CARTESIAN_POINT('',(-2.648500038257E0,-5.979988436399E0,
-4.751178308501E0));
#5911=CARTESIAN_POINT('',(-2.728832895026E0,-5.948277000022E0,
-4.760210164121E0));
#5912=CARTESIAN_POINT('',(-2.815239848693E0,-5.926337947081E0,
-4.767767486896E0));
#5913=CARTESIAN_POINT('',(-2.907406439202E0,-5.913405416920E0,
-4.773142255443E0));
#5914=CARTESIAN_POINT('',(-3.005322893297E0,-5.909085055024E0,
-4.775631537990E0));
#5915=CARTESIAN_POINT('',(-3.109159246544E0,-5.913396427240E0,
-4.774479973863E0));
#5916=CARTESIAN_POINT('',(-3.219148716795E0,-5.926828717765E0,
-4.768793023775E0));
#5917=CARTESIAN_POINT('',(-3.335222480208E0,-5.950343866649E0,
-4.757463958812E0));
#5918=CARTESIAN_POINT('',(-3.456933702153E0,-5.985427482807E0,
-4.739078903398E0));
#5919=CARTESIAN_POINT('',(-3.541054351014E0,-6.017967229819E0,
-4.720835912495E0));
#5920=CARTESIAN_POINT('',(-3.585256090151E0,-6.037829440729E0,
-4.709299717329E0));
#5921=CARTESIAN_POINT('',(-3.589938534591E0,-6.039966598559E0,
-4.708054283871E0));
#5922=CARTESIAN_POINT('',(-2.644715859110E0,-6.374762259732E0,
-4.770790491578E0));
#5923=CARTESIAN_POINT('',(-2.644201937939E0,-6.372225902856E0,
-4.770820979723E0));
#5924=CARTESIAN_POINT('',(-2.641343393139E0,-6.355958865109E0,
-4.771006569826E0));
#5925=CARTESIAN_POINT('',(-2.641178824049E0,-6.324362779283E0,
-4.771284563109E0));
#5926=CARTESIAN_POINT('',(-2.654065832170E0,-6.280909484969E0,
-4.771487402224E0));
#5927=CARTESIAN_POINT('',(-2.680536013028E0,-6.240198376229E0,
-4.771236266949E0));
#5928=CARTESIAN_POINT('',(-2.719108169353E0,-6.205227474560E0,
-4.770025076566E0));
#5929=CARTESIAN_POINT('',(-2.767046539039E0,-6.177358610859E0,
-4.767292198719E0));
#5930=CARTESIAN_POINT('',(-2.822372720855E0,-6.156342474973E0,
-4.762507846763E0));
#5931=CARTESIAN_POINT('',(-2.884050281093E0,-6.141445246342E0,
-4.755164652273E0));
#5932=CARTESIAN_POINT('',(-2.951600741786E0,-6.131993028352E0,
-4.744764526916E0));
#5933=CARTESIAN_POINT('',(-3.024770209817E0,-6.127525381066E0,
-4.730808900247E0));
#5934=CARTESIAN_POINT('',(-3.103495042018E0,-6.127785091099E0,
-4.712763026260E0));
#5935=CARTESIAN_POINT('',(-3.187842563809E0,-6.132738014567E0,
-4.690007546732E0));
#5936=CARTESIAN_POINT('',(-3.277949760925E0,-6.142595716620E0,
-4.661771897096E0));
#5937=CARTESIAN_POINT('',(-3.373753892140E0,-6.157800661508E0,
-4.627135872529E0));
#5938=CARTESIAN_POINT('',(-3.474975075680E0,-6.179039359690E0,
-4.584941735436E0));
#5939=CARTESIAN_POINT('',(-3.545609672356E0,-6.197872296971E0,
-4.550748977604E0));
#5940=CARTESIAN_POINT('',(-3.583016389178E0,-6.209128457853E0,
-4.530973252624E0));
#5941=CARTESIAN_POINT('',(-3.586982686233E0,-6.210337101153E0,
-4.528856509535E0));
#5942=CARTESIAN_POINT('',(-2.849596141930E0,-6.351858027700E0,
-4.634242652894E0));
#5943=CARTESIAN_POINT('',(-2.849357338453E0,-6.351242239695E0,
-4.634362398560E0));
#5944=CARTESIAN_POINT('',(-2.848029632800E0,-6.347311578421E0,
-4.635034142980E0));
#5945=CARTESIAN_POINT('',(-2.847920550623E0,-6.339855029827E0,
-4.635169660670E0));
#5946=CARTESIAN_POINT('',(-2.853759121189E0,-6.329205782895E0,
-4.632528133557E0));
#5947=CARTESIAN_POINT('',(-2.866423488400E0,-6.317948509421E0,
-4.626699049381E0));
#5948=CARTESIAN_POINT('',(-2.886377098367E0,-6.306193817982E0,
-4.617517349443E0));
#5949=CARTESIAN_POINT('',(-2.913423742750E0,-6.294195881466E0,
-4.605107968994E0));
#5950=CARTESIAN_POINT('',(-2.947355779398E0,-6.282105656688E0,
-4.589562778362E0));
#5951=CARTESIAN_POINT('',(-2.988119827787E0,-6.270021000210E0,
-4.570865231953E0));
#5952=CARTESIAN_POINT('',(-3.035750127981E0,-6.258043302201E0,
-4.548927880297E0));
#5953=CARTESIAN_POINT('',(-3.090291194885E0,-6.246306948262E0,
-4.523634185267E0));
#5954=CARTESIAN_POINT('',(-3.151872709863E0,-6.234966356632E0,
-4.494809062624E0));
#5955=CARTESIAN_POINT('',(-3.220761523461E0,-6.224212489457E0,
-4.462197534533E0));
#5956=CARTESIAN_POINT('',(-3.297407806437E0,-6.214309009176E0,
-4.425441983344E0));
#5957=CARTESIAN_POINT('',(-3.382309041371E0,-6.205662428940E0,
-4.384148013329E0));
#5958=CARTESIAN_POINT('',(-3.476120221137E0,-6.198887122984E0,
-4.337837011876E0));
#5959=CARTESIAN_POINT('',(-3.545199533863E0,-6.196269228812E0,
-4.303220777526E0));
#5960=CARTESIAN_POINT('',(-3.583157027703E0,-6.195685168205E0,
-4.284057242729E0));
#5961=CARTESIAN_POINT('',(-3.587198437936E0,-6.195632954624E0,
-4.282015270735E0));
#5962=(BOUNDED_SURFACE()B_SPLINE_SURFACE(3,3,((#5882,#5883,#5884,#5885,#5886,
#5887,#5888,#5889,#5890,#5891,#5892,#5893,#5894,#5895,#5896,#5897,#5898,#5899,
#5900,#5901),(#5902,#5903,#5904,#5905,#5906,#5907,#5908,#5909,#5910,#5911,#5912,
#5913,#5914,#5915,#5916,#5917,#5918,#5919,#5920,#5921),(#5922,#5923,#5924,#5925,
#5926,#5927,#5928,#5929,#5930,#5931,#5932,#5933,#5934,#5935,#5936,#5937,#5938,
#5939,#5940,#5941),(#5942,#5943,#5944,#5945,#5946,#5947,#5948,#5949,#5950,#5951,
#5952,#5953,#5954,#5955,#5956,#5957,#5958,#5959,#5960,#5961)),.UNSPECIFIED.,.F.,
.F.,.F.)B_SPLINE_SURFACE_WITH_KNOTS((4,4),(4,1,1,1,1,1,1,1,1,1,1,1,1,1,1,1,1,4),
(0.E0,1.E0),(2.416142613140E-2,2.938877377973E-2,5.749378466690E-2,
8.710989172727E-2,1.200510349115E-1,1.560809822829E-1,1.953099565665E-1,
2.382964733881E-1,2.855048900113E-1,3.374348498592E-1,3.946262138588E-1,
4.573519782840E-1,5.262812675610E-1,6.023329006807E-1,6.863758959360E-1,
7.794127015754E-1,8.832147984944E-1,8.956005310562E-1),.UNSPECIFIED.)GEOMETRIC_REPRESENTATION_ITEM()RATIONAL_B_SPLINE_SURFACE(((1.188766540937E0,
1.188766540937E0,1.188766540937E0,1.188766540937E0,1.188766540937E0,
1.188766540937E0,1.188766540937E0,1.188766540937E0,1.188766540937E0,
1.188766540937E0,1.188766540937E0,1.188766540937E0,1.188766540937E0,
1.188766540937E0,1.188766540937E0,1.188766540937E0,1.188766540937E0,
1.188766540937E0,1.188766540937E0,1.188766540937E0),(9.370778196875E-1,
9.370778196875E-1,9.370778196875E-1,9.370778196875E-1,9.370778196875E-1,
9.370778196875E-1,9.370778196875E-1,9.370778196875E-1,9.370778196875E-1,
9.370778196875E-1,9.370778196875E-1,9.370778196875E-1,9.370778196875E-1,
9.370778196875E-1,9.370778196875E-1,9.370778196875E-1,9.370778196875E-1,
9.370778196875E-1,9.370778196875E-1,9.370778196875E-1),(9.370778196875E-1,
9.370778196875E-1,9.370778196875E-1,9.370778196875E-1,9.370778196875E-1,
9.370778196875E-1,9.370778196875E-1,9.370778196875E-1,9.370778196875E-1,
9.370778196875E-1,9.370778196875E-1,9.370778196875E-1,9.370778196875E-1,
9.370778196875E-1,9.370778196875E-1,9.370778196875E-1,9.370778196875E-1,
9.370778196875E-1,9.370778196875E-1,9.370778196875E-1),(1.188766540937E0,
1.188766540937E0,1.188766540937E0,1.188766540937E0,1.188766540937E0,
1.188766540937E0,1.188766540937E0,1.188766540937E0,1.188766540937E0,
1.188766540937E0,1.188766540937E0,1.188766540937E0,1.188766540937E0,
1.188766540937E0,1.188766540937E0,1.188766540937E0,1.188766540937E0,
1.188766540937E0,1.188766540937E0,1.188766540937E0)))REPRESENTATION_ITEM('')SURFACE());
#5963=ORIENTED_EDGE('',*,*,#5011,.T.);
#5965=ORIENTED_EDGE('',*,*,#5964,.T.);
#5967=ORIENTED_EDGE('',*,*,#5966,.F.);
#5968=ORIENTED_EDGE('',*,*,#5868,.F.);
#5969=EDGE_LOOP('',(#5963,#5965,#5967,#5968));
#5970=FACE_OUTER_BOUND('',#5969,.F.);
#5971=ADVANCED_FACE('',(#5970),#5962,.T.);
#5972=FILL_AREA_STYLE_COLOUR('',#11);
#5973=FILL_AREA_STYLE('',(#5972));
#5974=SURFACE_STYLE_FILL_AREA(#5973);
#5975=SURFACE_SIDE_STYLE('',(#5974));
#5976=SURFACE_STYLE_USAGE(.BOTH.,#5975);
#5977=PRESENTATION_STYLE_ASSIGNMENT((#5976));
#5978=STYLED_ITEM('',(#5977),#5971);
#5979=CARTESIAN_POINT('',(4.207779131107E0,-5.7962E0,-4.305805124990E0));
#5980=DIRECTION('',(-1.E0,0.E0,0.E0));
#5981=DIRECTION('',(0.E0,-8.726535498374E-3,-9.999619230642E-1));
#5982=AXIS2_PLACEMENT_3D('',#5979,#5980,#5981);
#5983=CYLINDRICAL_SURFACE('',#5982,4.E-1);
#5984=ORIENTED_EDGE('',*,*,#5009,.T.);
#5985=ORIENTED_EDGE('',*,*,#5076,.T.);
#5987=ORIENTED_EDGE('',*,*,#5986,.F.);
#5988=ORIENTED_EDGE('',*,*,#5964,.F.);
#5989=EDGE_LOOP('',(#5984,#5985,#5987,#5988));
#5990=FACE_OUTER_BOUND('',#5989,.F.);
#5991=ADVANCED_FACE('',(#5990),#5983,.T.);
#5992=FILL_AREA_STYLE_COLOUR('',#11);
#5993=FILL_AREA_STYLE('',(#5992));
#5994=SURFACE_STYLE_FILL_AREA(#5993);
#5995=SURFACE_SIDE_STYLE('',(#5994));
#5996=SURFACE_STYLE_USAGE(.BOTH.,#5995);
#5997=PRESENTATION_STYLE_ASSIGNMENT((#5996));
#5998=STYLED_ITEM('',(#5997),#5991);
#5999=CARTESIAN_POINT('',(-3.E-3,-6.1962E0,-1.2135E0));
#6000=DIRECTION('',(0.E0,-1.E0,0.E0));
#6001=DIRECTION('',(-1.E0,0.E0,0.E0));
#6002=AXIS2_PLACEMENT_3D('',#5999,#6000,#6001);
#6003=PLANE('',#6002);
#6005=ORIENTED_EDGE('',*,*,#6004,.F.);
#6007=ORIENTED_EDGE('',*,*,#6006,.T.);
#6008=ORIENTED_EDGE('',*,*,#5986,.T.);
#6009=ORIENTED_EDGE('',*,*,#5074,.T.);
#6010=ORIENTED_EDGE('',*,*,#5096,.T.);
#6012=ORIENTED_EDGE('',*,*,#6011,.T.);
#6014=ORIENTED_EDGE('',*,*,#6013,.T.);
#6016=ORIENTED_EDGE('',*,*,#6015,.T.);
#6017=EDGE_LOOP('',(#6005,#6007,#6008,#6009,#6010,#6012,#6014,#6016));
#6018=FACE_OUTER_BOUND('',#6017,.F.);
#6019=ADVANCED_FACE('',(#6018),#6003,.T.);
#6020=FILL_AREA_STYLE_COLOUR('',#11);
#6021=FILL_AREA_STYLE('',(#6020));
#6022=SURFACE_STYLE_FILL_AREA(#6021);
#6023=SURFACE_SIDE_STYLE('',(#6022));
#6024=SURFACE_STYLE_USAGE(.POSITIVE.,#6023);
#6025=PRESENTATION_STYLE_ASSIGNMENT((#6024));
#6026=STYLED_ITEM('',(#6025),#6019);
#6027=CARTESIAN_POINT('',(6.67E-1,-4.9162E0,-4.2285E0));
#6028=DIRECTION('',(0.E0,0.E0,-1.E0));
#6029=DIRECTION('',(-1.E0,0.E0,0.E0));
#6030=AXIS2_PLACEMENT_3D('',#6027,#6028,#6029);
#6031=PLANE('',#6030);
#6032=ORIENTED_EDGE('',*,*,#6004,.T.);
#6034=ORIENTED_EDGE('',*,*,#6033,.T.);
#6036=ORIENTED_EDGE('',*,*,#6035,.F.);
#6038=ORIENTED_EDGE('',*,*,#6037,.F.);
#6040=ORIENTED_EDGE('',*,*,#6039,.F.);
#6041=EDGE_LOOP('',(#6032,#6034,#6036,#6038,#6040));
#6042=FACE_OUTER_BOUND('',#6041,.F.);
#6043=ADVANCED_FACE('',(#6042),#6031,.T.);
#6044=FILL_AREA_STYLE_COLOUR('',#11);
#6045=FILL_AREA_STYLE('',(#6044));
#6046=SURFACE_STYLE_FILL_AREA(#6045);
#6047=SURFACE_SIDE_STYLE('',(#6046));
#6048=SURFACE_STYLE_USAGE(.POSITIVE.,#6047);
#6049=PRESENTATION_STYLE_ASSIGNMENT((#6048));
#6050=STYLED_ITEM('',(#6049),#6043);
#6051=CARTESIAN_POINT('',(-4.217936488677E0,-4.9162E0,-3.710509066363E0));
#6052=CARTESIAN_POINT('',(-4.217978841950E0,-4.9162E0,-3.713178246134E0));
#6053=CARTESIAN_POINT('',(-4.218301559641E0,-4.9162E0,-3.753906773475E0));
#6054=CARTESIAN_POINT('',(-4.209404057102E0,-4.9162E0,-3.832997179201E0));
#6055=CARTESIAN_POINT('',(-4.171368990982E0,-4.9162E0,-3.941650906191E0));
#6056=CARTESIAN_POINT('',(-4.110099410667E0,-4.9162E0,-4.039172701834E0));
#6057=CARTESIAN_POINT('',(-4.028672718801E0,-4.9162E0,-4.120599397516E0));
#6058=CARTESIAN_POINT('',(-3.931150920269E0,-4.9162E0,-4.181868984968E0));
#6059=CARTESIAN_POINT('',(-3.822497186393E0,-4.9162E0,-4.219904056082E0));
#6060=CARTESIAN_POINT('',(-3.743408134436E0,-4.9162E0,-4.228801406759E0));
#6061=CARTESIAN_POINT('',(-3.702680953877E0,-4.9162E0,-4.228478863400E0));
#6062=CARTESIAN_POINT('',(-3.700013126353E0,-4.9162E0,-4.228436553083E0));
#6064=DRAUGHTING_PRE_DEFINED_CURVE_FONT('continuous');
#6065=CURVE_STYLE('',#6064,POSITIVE_LENGTH_MEASURE(2.E-2),#11);
#6066=PRESENTATION_STYLE_ASSIGNMENT((#6065));
#6067=STYLED_ITEM('',(#6066),#6063);
#6068=DIRECTION('',(0.E0,1.E0,0.E0));
#6069=VECTOR('',#6068,1.E0);
#6070=SURFACE_OF_LINEAR_EXTRUSION('',#6063,#6069);
#6071=ORIENTED_EDGE('',*,*,#6015,.F.);
#6073=ORIENTED_EDGE('',*,*,#6072,.T.);
#6075=ORIENTED_EDGE('',*,*,#6074,.F.);
#6076=ORIENTED_EDGE('',*,*,#6033,.F.);
#6077=EDGE_LOOP('',(#6071,#6073,#6075,#6076));
#6078=FACE_OUTER_BOUND('',#6077,.F.);
#6079=ADVANCED_FACE('',(#6078),#6070,.F.);
#6080=FILL_AREA_STYLE_COLOUR('',#11);
#6081=FILL_AREA_STYLE('',(#6080));
#6082=SURFACE_STYLE_FILL_AREA(#6081);
#6083=SURFACE_SIDE_STYLE('',(#6082));
#6084=SURFACE_STYLE_USAGE(.BOTH.,#6083);
#6085=PRESENTATION_STYLE_ASSIGNMENT((#6084));
#6086=STYLED_ITEM('',(#6085),#6079);
#6087=CARTESIAN_POINT('',(-4.218E0,-4.9162E0,-3.718519419237E0));
#6088=DIRECTION('',(-1.E0,0.E0,0.E0));
#6089=DIRECTION('',(0.E0,0.E0,1.E0));
#6090=AXIS2_PLACEMENT_3D('',#6087,#6088,#6089);
#6091=PLANE('',#6090);
#6092=ORIENTED_EDGE('',*,*,#6013,.F.);
#6094=ORIENTED_EDGE('',*,*,#6093,.F.);
#6096=ORIENTED_EDGE('',*,*,#6095,.T.);
#6098=ORIENTED_EDGE('',*,*,#6097,.F.);
#6099=ORIENTED_EDGE('',*,*,#6072,.F.);
#6100=EDGE_LOOP('',(#6092,#6094,#6096,#6098,#6099));
#6101=FACE_OUTER_BOUND('',#6100,.F.);
#6102=ADVANCED_FACE('',(#6101),#6091,.T.);
#6103=FILL_AREA_STYLE_COLOUR('',#11);
#6104=FILL_AREA_STYLE('',(#6103));
#6105=SURFACE_STYLE_FILL_AREA(#6104);
#6106=SURFACE_SIDE_STYLE('',(#6105));
#6107=SURFACE_STYLE_USAGE(.BOTH.,#6106);
#6108=PRESENTATION_STYLE_ASSIGNMENT((#6107));
#6109=STYLED_ITEM('',(#6108),#6102);
#6110=CARTESIAN_POINT('',(-3.E-3,-6.3462E0,3.65E-2));
#6111=DIRECTION('',(0.E0,-1.E0,0.E0));
#6112=DIRECTION('',(-8.599968916395E-1,0.E0,-5.102992713795E-1));
#6113=AXIS2_PLACEMENT_3D('',#6110,#6111,#6112);
#6114=TOROIDAL_SURFACE('',#6113,5.62E0,1.5E-1);
#6115=ORIENTED_EDGE('',*,*,#6093,.T.);
#6116=ORIENTED_EDGE('',*,*,#6011,.F.);
#6117=ORIENTED_EDGE('',*,*,#5189,.T.);
#6119=ORIENTED_EDGE('',*,*,#6118,.T.);
#6120=EDGE_LOOP('',(#6115,#6116,#6117,#6119));
#6121=FACE_OUTER_BOUND('',#6120,.F.);
#6122=ADVANCED_FACE('',(#6121),#6114,.F.);
#6123=FILL_AREA_STYLE_COLOUR('',#11);
#6124=FILL_AREA_STYLE('',(#6123));
#6125=SURFACE_STYLE_FILL_AREA(#6124);
#6126=SURFACE_SIDE_STYLE('',(#6125));
#6127=SURFACE_STYLE_USAGE(.BOTH.,#6126);
#6128=PRESENTATION_STYLE_ASSIGNMENT((#6127));
#6129=STYLED_ITEM('',(#6128),#6122);
#6130=CARTESIAN_POINT('',(-3.E-3,-7.0962E0,3.65E-2));
#6131=DIRECTION('',(0.E0,-1.E0,0.E0));
#6132=DIRECTION('',(-1.E0,0.E0,0.E0));
#6133=AXIS2_PLACEMENT_3D('',#6130,#6131,#6132);
#6134=CYLINDRICAL_SURFACE('',#6133,5.47E0);
#6135=ORIENTED_EDGE('',*,*,#6037,.T.);
#6137=ORIENTED_EDGE('',*,*,#6136,.F.);
#6138=ORIENTED_EDGE('',*,*,#6095,.F.);
#6139=ORIENTED_EDGE('',*,*,#6118,.F.);
#6140=ORIENTED_EDGE('',*,*,#5225,.T.);
#6142=ORIENTED_EDGE('',*,*,#6141,.T.);
#6143=ORIENTED_EDGE('',*,*,#5870,.T.);
#6145=ORIENTED_EDGE('',*,*,#6144,.F.);
#6146=EDGE_LOOP('',(#6135,#6137,#6138,#6139,#6140,#6142,#6143,#6145));
#6147=FACE_OUTER_BOUND('',#6146,.F.);
#6148=ADVANCED_FACE('',(#6147),#6134,.T.);
#6149=FILL_AREA_STYLE_COLOUR('',#11);
#6150=FILL_AREA_STYLE('',(#6149));
#6151=SURFACE_STYLE_FILL_AREA(#6150);
#6152=SURFACE_SIDE_STYLE('',(#6151));
#6153=SURFACE_STYLE_USAGE(.BOTH.,#6152);
#6154=PRESENTATION_STYLE_ASSIGNMENT((#6153));
#6155=STYLED_ITEM('',(#6154),#6148);
#6156=CARTESIAN_POINT('',(-3.E-3,-6.3862E0,-1.2135E0));
#6157=DIRECTION('',(0.E0,-1.E0,0.E0));
#6158=DIRECTION('',(-1.E0,0.E0,0.E0));
#6159=AXIS2_PLACEMENT_3D('',#6156,#6157,#6158);
#6160=PLANE('',#6159);
#6161=ORIENTED_EDGE('',*,*,#6136,.T.);
#6162=ORIENTED_EDGE('',*,*,#6035,.T.);
#6163=ORIENTED_EDGE('',*,*,#6074,.T.);
#6164=ORIENTED_EDGE('',*,*,#6097,.T.);
#6165=EDGE_LOOP('',(#6161,#6162,#6163,#6164));
#6166=FACE_OUTER_BOUND('',#6165,.F.);
#6167=ADVANCED_FACE('',(#6166),#6160,.T.);
#6168=FILL_AREA_STYLE_COLOUR('',#11);
#6169=FILL_AREA_STYLE('',(#6168));
#6170=SURFACE_STYLE_FILL_AREA(#6169);
#6171=SURFACE_SIDE_STYLE('',(#6170));
#6172=SURFACE_STYLE_USAGE(.POSITIVE.,#6171);
#6173=PRESENTATION_STYLE_ASSIGNMENT((#6172));
#6174=STYLED_ITEM('',(#6173),#6167);
#6175=CARTESIAN_POINT('',(-3.E-3,-6.6962E0,3.65E-2));
#6176=DIRECTION('',(0.E0,-1.E0,0.E0));
#6177=DIRECTION('',(-9.287477941497E-1,0.E0,-3.707121995053E-1));
#6178=AXIS2_PLACEMENT_3D('',#6175,#6176,#6177);
#6179=TOROIDAL_SURFACE('',#6178,5.07E0,4.E-1);
#6180=ORIENTED_EDGE('',*,*,#6141,.F.);
#6181=ORIENTED_EDGE('',*,*,#5246,.F.);
#6182=ORIENTED_EDGE('',*,*,#5291,.T.);
#6183=ORIENTED_EDGE('',*,*,#5832,.F.);
#6184=EDGE_LOOP('',(#6180,#6181,#6182,#6183));
#6185=FACE_OUTER_BOUND('',#6184,.F.);
#6186=ADVANCED_FACE('',(#6185),#6179,.T.);
#6187=FILL_AREA_STYLE_COLOUR('',#11);
#6188=FILL_AREA_STYLE('',(#6187));
#6189=SURFACE_STYLE_FILL_AREA(#6188);
#6190=SURFACE_SIDE_STYLE('',(#6189));
#6191=SURFACE_STYLE_USAGE(.BOTH.,#6190);
#6192=PRESENTATION_STYLE_ASSIGNMENT((#6191));
#6193=STYLED_ITEM('',(#6192),#6186);
#6194=CARTESIAN_POINT('',(-3.E-3,-6.3462E0,3.65E-2));
#6195=DIRECTION('',(0.E0,-1.E0,0.E0));
#6196=DIRECTION('',(-8.599968916395E-1,0.E0,-5.102992713795E-1));
#6197=AXIS2_PLACEMENT_3D('',#6194,#6195,#6196);
#6198=TOROIDAL_SURFACE('',#6197,5.62E0,1.5E-1);
#6199=ORIENTED_EDGE('',*,*,#6039,.T.);
#6200=ORIENTED_EDGE('',*,*,#6144,.T.);
#6201=ORIENTED_EDGE('',*,*,#5966,.T.);
#6202=ORIENTED_EDGE('',*,*,#6006,.F.);
#6203=EDGE_LOOP('',(#6199,#6200,#6201,#6202));
#6204=FACE_OUTER_BOUND('',#6203,.F.);
#6205=ADVANCED_FACE('',(#6204),#6198,.F.);
#6206=FILL_AREA_STYLE_COLOUR('',#11);
#6207=FILL_AREA_STYLE('',(#6206));
#6208=SURFACE_STYLE_FILL_AREA(#6207);
#6209=SURFACE_SIDE_STYLE('',(#6208));
#6210=SURFACE_STYLE_USAGE(.POSITIVE.,#6209);
#6211=PRESENTATION_STYLE_ASSIGNMENT((#6210));
#6212=STYLED_ITEM('',(#6211),#6205);
#6213=CARTESIAN_POINT('',(-3.E-3,-6.6962E0,3.65E-2));
#6214=DIRECTION('',(0.E0,-1.E0,0.E0));
#6215=DIRECTION('',(3.434474679992E-1,0.E0,-9.391718888068E-1));
#6216=AXIS2_PLACEMENT_3D('',#6213,#6214,#6215);
#6217=TOROIDAL_SURFACE('',#6216,5.07E0,4.E-1);
#6218=ORIENTED_EDGE('',*,*,#5433,.F.);
#6220=ORIENTED_EDGE('',*,*,#6219,.F.);
#6221=ORIENTED_EDGE('',*,*,#5793,.F.);
#6222=ORIENTED_EDGE('',*,*,#5287,.T.);
#6223=EDGE_LOOP('',(#6218,#6220,#6221,#6222));
#6224=FACE_OUTER_BOUND('',#6223,.F.);
#6225=ADVANCED_FACE('',(#6224),#6217,.T.);
#6226=FILL_AREA_STYLE_COLOUR('',#11);
#6227=FILL_AREA_STYLE('',(#6226));
#6228=SURFACE_STYLE_FILL_AREA(#6227);
#6229=SURFACE_SIDE_STYLE('',(#6228));
#6230=SURFACE_STYLE_USAGE(.BOTH.,#6229);
#6231=PRESENTATION_STYLE_ASSIGNMENT((#6230));
#6232=STYLED_ITEM('',(#6231),#6225);
#6233=CARTESIAN_POINT('',(-3.E-3,-7.0962E0,3.65E-2));
#6234=DIRECTION('',(0.E0,-1.E0,0.E0));
#6235=DIRECTION('',(-1.E0,0.E0,0.E0));
#6236=AXIS2_PLACEMENT_3D('',#6233,#6234,#6235);
#6237=CYLINDRICAL_SURFACE('',#6236,5.47E0);
#6239=ORIENTED_EDGE('',*,*,#6238,.T.);
#6241=ORIENTED_EDGE('',*,*,#6240,.F.);
#6243=ORIENTED_EDGE('',*,*,#6242,.F.);
#6245=ORIENTED_EDGE('',*,*,#6244,.F.);
#6246=ORIENTED_EDGE('',*,*,#5771,.T.);
#6247=ORIENTED_EDGE('',*,*,#6219,.T.);
#6248=ORIENTED_EDGE('',*,*,#5471,.T.);
#6250=ORIENTED_EDGE('',*,*,#6249,.F.);
#6251=EDGE_LOOP('',(#6239,#6241,#6243,#6245,#6246,#6247,#6248,#6250));
#6252=FACE_OUTER_BOUND('',#6251,.F.);
#6253=ADVANCED_FACE('',(#6252),#6237,.T.);
#6254=FILL_AREA_STYLE_COLOUR('',#11);
#6255=FILL_AREA_STYLE('',(#6254));
#6256=SURFACE_STYLE_FILL_AREA(#6255);
#6257=SURFACE_SIDE_STYLE('',(#6256));
#6258=SURFACE_STYLE_USAGE(.POSITIVE.,#6257);
#6259=PRESENTATION_STYLE_ASSIGNMENT((#6258));
#6260=STYLED_ITEM('',(#6259),#6253);
#6261=CARTESIAN_POINT('',(4.212E0,-4.9162E0,-2.364318888167E0));
#6262=DIRECTION('',(1.E0,0.E0,0.E0));
#6263=DIRECTION('',(0.E0,0.E0,-1.E0));
#6264=AXIS2_PLACEMENT_3D('',#6261,#6262,#6263);
#6265=PLANE('',#6264);
#6267=ORIENTED_EDGE('',*,*,#6266,.T.);
#6269=ORIENTED_EDGE('',*,*,#6268,.T.);
#6271=ORIENTED_EDGE('',*,*,#6270,.F.);
#6272=ORIENTED_EDGE('',*,*,#6238,.F.);
#6274=ORIENTED_EDGE('',*,*,#6273,.F.);
#6275=EDGE_LOOP('',(#6267,#6269,#6271,#6272,#6274));
#6276=FACE_OUTER_BOUND('',#6275,.F.);
#6277=ADVANCED_FACE('',(#6276),#6265,.T.);
#6278=FILL_AREA_STYLE_COLOUR('',#11);
#6279=FILL_AREA_STYLE('',(#6278));
#6280=SURFACE_STYLE_FILL_AREA(#6279);
#6281=SURFACE_SIDE_STYLE('',(#6280));
#6282=SURFACE_STYLE_USAGE(.POSITIVE.,#6281);
#6283=PRESENTATION_STYLE_ASSIGNMENT((#6282));
#6284=STYLED_ITEM('',(#6283),#6277);
#6285=CARTESIAN_POINT('',(-3.E-3,-6.1962E0,-1.2135E0));
#6286=DIRECTION('',(0.E0,-1.E0,0.E0));
#6287=DIRECTION('',(-1.E0,0.E0,0.E0));
#6288=AXIS2_PLACEMENT_3D('',#6285,#6286,#6287);
#6289=PLANE('',#6288);
#6290=ORIENTED_EDGE('',*,*,#6266,.F.);
#6292=ORIENTED_EDGE('',*,*,#6291,.T.);
#6293=ORIENTED_EDGE('',*,*,#5584,.T.);
#6294=ORIENTED_EDGE('',*,*,#5617,.T.);
#6295=ORIENTED_EDGE('',*,*,#5638,.T.);
#6297=ORIENTED_EDGE('',*,*,#6296,.T.);
#6299=ORIENTED_EDGE('',*,*,#6298,.F.);
#6301=ORIENTED_EDGE('',*,*,#6300,.T.);
#6302=EDGE_LOOP('',(#6290,#6292,#6293,#6294,#6295,#6297,#6299,#6301));
#6303=FACE_OUTER_BOUND('',#6302,.F.);
#6304=ADVANCED_FACE('',(#6303),#6289,.T.);
#6305=FILL_AREA_STYLE_COLOUR('',#11);
#6306=FILL_AREA_STYLE('',(#6305));
#6307=SURFACE_STYLE_FILL_AREA(#6306);
#6308=SURFACE_SIDE_STYLE('',(#6307));
#6309=SURFACE_STYLE_USAGE(.BOTH.,#6308);
#6310=PRESENTATION_STYLE_ASSIGNMENT((#6309));
#6311=STYLED_ITEM('',(#6310),#6304);
#6312=CARTESIAN_POINT('',(-3.E-3,-6.3462E0,3.65E-2));
#6313=DIRECTION('',(0.E0,-1.E0,0.E0));
#6314=DIRECTION('',(-8.599968916395E-1,0.E0,-5.102992713795E-1));
#6315=AXIS2_PLACEMENT_3D('',#6312,#6313,#6314);
#6316=TOROIDAL_SURFACE('',#6315,5.62E0,1.5E-1);
#6317=ORIENTED_EDGE('',*,*,#6273,.T.);
#6318=ORIENTED_EDGE('',*,*,#6249,.T.);
#6319=ORIENTED_EDGE('',*,*,#5563,.T.);
#6320=ORIENTED_EDGE('',*,*,#6291,.F.);
#6321=EDGE_LOOP('',(#6317,#6318,#6319,#6320));
#6322=FACE_OUTER_BOUND('',#6321,.F.);
#6323=ADVANCED_FACE('',(#6322),#6316,.F.);
#6324=FILL_AREA_STYLE_COLOUR('',#11);
#6325=FILL_AREA_STYLE('',(#6324));
#6326=SURFACE_STYLE_FILL_AREA(#6325);
#6327=SURFACE_SIDE_STYLE('',(#6326));
#6328=SURFACE_STYLE_USAGE(.POSITIVE.,#6327);
#6329=PRESENTATION_STYLE_ASSIGNMENT((#6328));
#6330=STYLED_ITEM('',(#6329),#6323);
#6331=CARTESIAN_POINT('',(-3.E-3,-6.3462E0,3.65E-2));
#6332=DIRECTION('',(0.E0,-1.E0,0.E0));
#6333=DIRECTION('',(-8.599968916395E-1,0.E0,-5.102992713795E-1));
#6334=AXIS2_PLACEMENT_3D('',#6331,#6332,#6333);
#6335=TOROIDAL_SURFACE('',#6334,5.62E0,1.5E-1);
#6337=ORIENTED_EDGE('',*,*,#6336,.T.);
#6338=ORIENTED_EDGE('',*,*,#6296,.F.);
#6339=ORIENTED_EDGE('',*,*,#5735,.T.);
#6340=ORIENTED_EDGE('',*,*,#6244,.T.);
#6341=EDGE_LOOP('',(#6337,#6338,#6339,#6340));
#6342=FACE_OUTER_BOUND('',#6341,.F.);
#6343=ADVANCED_FACE('',(#6342),#6335,.F.);
#6344=FILL_AREA_STYLE_COLOUR('',#11);
#6345=FILL_AREA_STYLE('',(#6344));
#6346=SURFACE_STYLE_FILL_AREA(#6345);
#6347=SURFACE_SIDE_STYLE('',(#6346));
#6348=SURFACE_STYLE_USAGE(.BOTH.,#6347);
#6349=PRESENTATION_STYLE_ASSIGNMENT((#6348));
#6350=STYLED_ITEM('',(#6349),#6343);
#6351=CARTESIAN_POINT('',(3.702019419237E0,-4.9162E0,-4.2285E0));
#6352=DIRECTION('',(0.E0,0.E0,-1.E0));
#6353=DIRECTION('',(-1.E0,0.E0,0.E0));
#6354=AXIS2_PLACEMENT_3D('',#6351,#6352,#6353);
#6355=PLANE('',#6354);
#6356=ORIENTED_EDGE('',*,*,#6298,.T.);
#6357=ORIENTED_EDGE('',*,*,#6336,.F.);
#6358=ORIENTED_EDGE('',*,*,#6242,.T.);
#6360=ORIENTED_EDGE('',*,*,#6359,.F.);
#6362=ORIENTED_EDGE('',*,*,#6361,.F.);
#6363=EDGE_LOOP('',(#6356,#6357,#6358,#6360,#6362));
#6364=FACE_OUTER_BOUND('',#6363,.F.);
#6365=ADVANCED_FACE('',(#6364),#6355,.T.);
#6366=FILL_AREA_STYLE_COLOUR('',#11);
#6367=FILL_AREA_STYLE('',(#6366));
#6368=SURFACE_STYLE_FILL_AREA(#6367);
#6369=SURFACE_SIDE_STYLE('',(#6368));
#6370=SURFACE_STYLE_USAGE(.BOTH.,#6369);
#6371=PRESENTATION_STYLE_ASSIGNMENT((#6370));
#6372=STYLED_ITEM('',(#6371),#6365);
#6373=CARTESIAN_POINT('',(-3.E-3,-6.3862E0,-1.2135E0));
#6374=DIRECTION('',(0.E0,-1.E0,0.E0));
#6375=DIRECTION('',(-1.E0,0.E0,0.E0));
#6376=AXIS2_PLACEMENT_3D('',#6373,#6374,#6375);
#6377=PLANE('',#6376);
#6378=ORIENTED_EDGE('',*,*,#6240,.T.);
#6379=ORIENTED_EDGE('',*,*,#6270,.T.);
#6381=ORIENTED_EDGE('',*,*,#6380,.T.);
#6382=ORIENTED_EDGE('',*,*,#6359,.T.);
#6383=EDGE_LOOP('',(#6378,#6379,#6381,#6382));
#6384=FACE_OUTER_BOUND('',#6383,.F.);
#6385=ADVANCED_FACE('',(#6384),#6377,.T.);
#6386=FILL_AREA_STYLE_COLOUR('',#11);
#6387=FILL_AREA_STYLE('',(#6386));
#6388=SURFACE_STYLE_FILL_AREA(#6387);
#6389=SURFACE_SIDE_STYLE('',(#6388));
#6390=SURFACE_STYLE_USAGE(.BOTH.,#6389);
#6391=PRESENTATION_STYLE_ASSIGNMENT((#6390));
#6392=STYLED_ITEM('',(#6391),#6385);
#6393=CARTESIAN_POINT('',(3.694009066362E0,-4.9162E0,-4.228436488677E0));
#6394=CARTESIAN_POINT('',(3.696678246134E0,-4.9162E0,-4.228478841950E0));
#6395=CARTESIAN_POINT('',(3.737406773475E0,-4.9162E0,-4.228801559641E0));
#6396=CARTESIAN_POINT('',(3.816497179201E0,-4.9162E0,-4.219904057102E0));
#6397=CARTESIAN_POINT('',(3.925150906191E0,-4.9162E0,-4.181868990982E0));
#6398=CARTESIAN_POINT('',(4.022672701834E0,-4.9162E0,-4.120599410667E0));
#6399=CARTESIAN_POINT('',(4.104099397516E0,-4.9162E0,-4.039172718801E0));
#6400=CARTESIAN_POINT('',(4.165368984968E0,-4.9162E0,-3.941650920269E0));
#6401=CARTESIAN_POINT('',(4.203404056082E0,-4.9162E0,-3.832997186393E0));
#6402=CARTESIAN_POINT('',(4.212301406759E0,-4.9162E0,-3.753908134436E0));
#6403=CARTESIAN_POINT('',(4.211978863400E0,-4.9162E0,-3.713180953877E0));
#6404=CARTESIAN_POINT('',(4.211936553083E0,-4.9162E0,-3.710513126353E0));
#6406=CURVE_STYLE('',#6064,POSITIVE_LENGTH_MEASURE(2.E-2),#11);
#6407=PRESENTATION_STYLE_ASSIGNMENT((#6406));
#6408=STYLED_ITEM('',(#6407),#6405);
#6409=DIRECTION('',(0.E0,1.E0,0.E0));
#6410=VECTOR('',#6409,1.E0);
#6411=SURFACE_OF_LINEAR_EXTRUSION('',#6405,#6410);
#6412=ORIENTED_EDGE('',*,*,#6300,.F.);
#6413=ORIENTED_EDGE('',*,*,#6361,.T.);
#6414=ORIENTED_EDGE('',*,*,#6380,.F.);
#6415=ORIENTED_EDGE('',*,*,#6268,.F.);
#6416=EDGE_LOOP('',(#6412,#6413,#6414,#6415));
#6417=FACE_OUTER_BOUND('',#6416,.F.);
#6418=ADVANCED_FACE('',(#6417),#6411,.F.);
#6419=FILL_AREA_STYLE_COLOUR('',#11);
#6420=FILL_AREA_STYLE('',(#6419));
#6421=SURFACE_STYLE_FILL_AREA(#6420);
#6422=SURFACE_SIDE_STYLE('',(#6421));
#6423=SURFACE_STYLE_USAGE(.BOTH.,#6422);
#6424=PRESENTATION_STYLE_ASSIGNMENT((#6423));
#6425=STYLED_ITEM('',(#6424),#6418);
#6426=CARTESIAN_POINT('',(-3.E-3,-7.0962E0,-1.2135E0));
#6427=DIRECTION('',(0.E0,-1.E0,0.E0));
#6428=DIRECTION('',(0.E0,0.E0,-1.E0));
#6429=AXIS2_PLACEMENT_3D('',#6426,#6427,#6428);
#6430=CYLINDRICAL_SURFACE('',#6429,4.E-1);
#6432=ORIENTED_EDGE('',*,*,#6431,.T.);
#6434=ORIENTED_EDGE('',*,*,#6433,.F.);
#6435=ORIENTED_EDGE('',*,*,#5302,.F.);
#6437=ORIENTED_EDGE('',*,*,#6436,.T.);
#6438=EDGE_LOOP('',(#6432,#6434,#6435,#6437));
#6439=FACE_OUTER_BOUND('',#6438,.F.);
#6440=ADVANCED_FACE('',(#6439),#6430,.F.);
#6441=FILL_AREA_STYLE_COLOUR('',#11);
#6442=FILL_AREA_STYLE('',(#6441));
#6443=SURFACE_STYLE_FILL_AREA(#6442);
#6444=SURFACE_SIDE_STYLE('',(#6443));
#6445=SURFACE_STYLE_USAGE(.BOTH.,#6444);
#6446=PRESENTATION_STYLE_ASSIGNMENT((#6445));
#6447=STYLED_ITEM('',(#6446),#6440);
#6448=CARTESIAN_POINT('',(-3.E-3,-6.3862E0,-1.2135E0));
#6449=DIRECTION('',(0.E0,-1.E0,0.E0));
#6450=DIRECTION('',(-1.E0,0.E0,0.E0));
#6451=AXIS2_PLACEMENT_3D('',#6448,#6449,#6450);
#6452=PLANE('',#6451);
#6453=ORIENTED_EDGE('',*,*,#6431,.F.);
#6455=ORIENTED_EDGE('',*,*,#6454,.F.);
#6456=EDGE_LOOP('',(#6453,#6455));
#6457=FACE_OUTER_BOUND('',#6456,.F.);
#6458=ADVANCED_FACE('',(#6457),#6452,.T.);
#6459=FILL_AREA_STYLE_COLOUR('',#11);
#6460=FILL_AREA_STYLE('',(#6459));
#6461=SURFACE_STYLE_FILL_AREA(#6460);
#6462=SURFACE_SIDE_STYLE('',(#6461));
#6463=SURFACE_STYLE_USAGE(.POSITIVE.,#6462);
#6464=PRESENTATION_STYLE_ASSIGNMENT((#6463));
#6465=STYLED_ITEM('',(#6464),#6458);
#6466=CARTESIAN_POINT('',(-3.E-3,-7.0962E0,-1.2135E0));
#6467=DIRECTION('',(0.E0,-1.E0,0.E0));
#6468=DIRECTION('',(0.E0,0.E0,-1.E0));
#6469=AXIS2_PLACEMENT_3D('',#6466,#6467,#6468);
#6470=CYLINDRICAL_SURFACE('',#6469,4.E-1);
#6471=ORIENTED_EDGE('',*,*,#6454,.T.);
#6472=ORIENTED_EDGE('',*,*,#6436,.F.);
#6473=ORIENTED_EDGE('',*,*,#5304,.F.);
#6474=ORIENTED_EDGE('',*,*,#6433,.T.);
#6475=EDGE_LOOP('',(#6471,#6472,#6473,#6474));
#6476=FACE_OUTER_BOUND('',#6475,.F.);
#6477=ADVANCED_FACE('',(#6476),#6470,.F.);
#6478=FILL_AREA_STYLE_COLOUR('',#11);
#6479=FILL_AREA_STYLE('',(#6478));
#6480=SURFACE_STYLE_FILL_AREA(#6479);
#6481=SURFACE_SIDE_STYLE('',(#6480));
#6482=SURFACE_STYLE_USAGE(.BOTH.,#6481);
#6483=PRESENTATION_STYLE_ASSIGNMENT((#6482));
#6484=STYLED_ITEM('',(#6483),#6477);
#6485=CARTESIAN_POINT('',(3.339070675694E0,-7.080734886345E0,1.284436831810E0));
#6486=CARTESIAN_POINT('',(3.335606792073E0,-7.201964294822E0,1.284850158799E0));
#6487=CARTESIAN_POINT('',(3.422972478724E0,-7.285434632850E0,1.274425271546E0));
#6488=CARTESIAN_POINT('',(3.542998789369E0,-7.275570516148E0,1.260103164047E0));
#6489=CARTESIAN_POINT('',(3.314695552850E0,-7.080734886345E0,1.080161304147E0));
#6490=CARTESIAN_POINT('',(3.310966098920E0,-7.201964294822E0,1.078349021227E0));
#6491=CARTESIAN_POINT('',(3.405029970298E0,-7.285434632850E0,1.124058219054E0));
#6492=CARTESIAN_POINT('',(3.534258502453E0,-7.275570516148E0,1.186855257435E0));
#6493=CARTESIAN_POINT('',(3.451275335136E0,-7.080734886345E0,
9.263152743432E-1));
#6494=CARTESIAN_POINT('',(3.449033936679E0,-7.201964294822E0,
9.228268178147E-1));
#6495=CARTESIAN_POINT('',(3.505566238775E0,-7.285434632850E0,1.010812279594E0));
#6496=CARTESIAN_POINT('',(3.583232470370E0,-7.275570516148E0,1.131690060936E0));
#6497=CARTESIAN_POINT('',(3.657000000201E0,-7.080734886345E0,
9.263152744721E-1));
#6498=CARTESIAN_POINT('',(3.657000000203E0,-7.201964294822E0,
9.228268179450E-1));
#6499=CARTESIAN_POINT('',(3.657000000148E0,-7.285434632850E0,1.010812279689E0));
#6500=CARTESIAN_POINT('',(3.657000000072E0,-7.275570516148E0,1.131690060982E0));
#6501=CARTESIAN_POINT('',(3.862724665265E0,-7.080734886345E0,
9.263152746010E-1));
#6502=CARTESIAN_POINT('',(3.864966063727E0,-7.201964294822E0,
9.228268180753E-1));
#6503=CARTESIAN_POINT('',(3.808433761520E0,-7.285434632850E0,1.010812279784E0));
#6504=CARTESIAN_POINT('',(3.730767529774E0,-7.275570516148E0,1.131690061028E0));
#6505=CARTESIAN_POINT('',(3.999304447359E0,-7.080734886345E0,1.080161304576E0));
#6506=CARTESIAN_POINT('',(4.003033901291E0,-7.201964294822E0,1.078349021660E0));
#6507=CARTESIAN_POINT('',(3.908970029855E0,-7.285434632850E0,1.124058219370E0));
#6508=CARTESIAN_POINT('',(3.779741497622E0,-7.275570516148E0,1.186855257589E0));
#6509=CARTESIAN_POINT('',(3.974929324258E0,-7.080734886345E0,1.284436832208E0));
#6510=CARTESIAN_POINT('',(3.978393207879E0,-7.201964294822E0,1.284850159202E0));
#6511=CARTESIAN_POINT('',(3.891027521241E0,-7.285434632850E0,1.274425271839E0));
#6512=CARTESIAN_POINT('',(3.771001210614E0,-7.275570516148E0,1.260103164190E0));
#6513=(BOUNDED_SURFACE()B_SPLINE_SURFACE(3,3,((#6485,#6486,#6487,#6488),(#6489,
#6490,#6491,#6492),(#6493,#6494,#6495,#6496),(#6497,#6498,#6499,#6500),(#6501,
#6502,#6503,#6504),(#6505,#6506,#6507,#6508),(#6509,#6510,#6511,#6512)),
.UNSPECIFIED.,.F.,.F.,.F.)B_SPLINE_SURFACE_WITH_KNOTS((4,3,4),(4,4),(0.E0,1.E0,
2.E0),(0.E0,1.E0),.UNSPECIFIED.)GEOMETRIC_REPRESENTATION_ITEM()RATIONAL_B_SPLINE_SURFACE(((1.442027233691E0,1.121988524738E0,1.121988524738E0,1.442027233691E0),(
1.118913152569E0,8.705853038209E-1,8.705853038209E-1,1.118913152569E0),(
1.118913152569E0,8.705853038209E-1,8.705853038209E-1,1.118913152569E0),(
1.442027233691E0,1.121988524738E0,1.121988524738E0,1.442027233691E0),(
1.118913152569E0,8.705853038209E-1,8.705853038209E-1,1.118913152569E0),(
1.118913152569E0,8.705853038209E-1,8.705853038209E-1,1.118913152569E0),(
1.442027233691E0,1.121988524738E0,1.121988524738E0,1.442027233691E0)))REPRESENTATION_ITEM('')SURFACE());
#6515=ORIENTED_EDGE('',*,*,#6514,.T.);
#6517=ORIENTED_EDGE('',*,*,#6516,.T.);
#6518=ORIENTED_EDGE('',*,*,#5308,.F.);
#6520=ORIENTED_EDGE('',*,*,#6519,.F.);
#6521=EDGE_LOOP('',(#6515,#6517,#6518,#6520));
#6522=FACE_OUTER_BOUND('',#6521,.F.);
#6523=ADVANCED_FACE('',(#6522),#6513,.T.);
#6524=FILL_AREA_STYLE_COLOUR('',#11);
#6525=FILL_AREA_STYLE('',(#6524));
#6526=SURFACE_STYLE_FILL_AREA(#6525);
#6527=SURFACE_SIDE_STYLE('',(#6526));
#6528=SURFACE_STYLE_USAGE(.BOTH.,#6527);
#6529=PRESENTATION_STYLE_ASSIGNMENT((#6528));
#6530=STYLED_ITEM('',(#6529),#6523);
#6531=CARTESIAN_POINT('',(-3.E-3,-7.2762E0,-1.2135E0));
#6532=DIRECTION('',(0.E0,-1.E0,0.E0));
#6533=DIRECTION('',(-1.E0,0.E0,0.E0));
#6534=AXIS2_PLACEMENT_3D('',#6531,#6532,#6533);
#6535=PLANE('',#6534);
#6536=ORIENTED_EDGE('',*,*,#6514,.F.);
#6538=ORIENTED_EDGE('',*,*,#6537,.F.);
#6539=EDGE_LOOP('',(#6536,#6538));
#6540=FACE_OUTER_BOUND('',#6539,.F.);
#6541=ADVANCED_FACE('',(#6540),#6535,.T.);
#6542=FILL_AREA_STYLE_COLOUR('',#11);
#6543=FILL_AREA_STYLE('',(#6542));
#6544=SURFACE_STYLE_FILL_AREA(#6543);
#6545=SURFACE_SIDE_STYLE('',(#6544));
#6546=SURFACE_STYLE_USAGE(.BOTH.,#6545);
#6547=PRESENTATION_STYLE_ASSIGNMENT((#6546));
#6548=STYLED_ITEM('',(#6547),#6541);
#6549=CARTESIAN_POINT('',(3.974929324306E0,-7.080734886345E0,1.208563168190E0));
#6550=CARTESIAN_POINT('',(3.978393207927E0,-7.201964294822E0,1.208149841201E0));
#6551=CARTESIAN_POINT('',(3.891027521276E0,-7.285434632850E0,1.218574728454E0));
#6552=CARTESIAN_POINT('',(3.771001210631E0,-7.275570516148E0,1.232896835953E0));
#6553=CARTESIAN_POINT('',(3.999304447150E0,-7.080734886345E0,1.412838695853E0));
#6554=CARTESIAN_POINT('',(4.003033901080E0,-7.201964294822E0,1.414650978773E0));
#6555=CARTESIAN_POINT('',(3.908970029702E0,-7.285434632850E0,1.368941780946E0));
#6556=CARTESIAN_POINT('',(3.779741497547E0,-7.275570516148E0,1.306144742565E0));
#6557=CARTESIAN_POINT('',(3.862724664864E0,-7.080734886345E0,1.566684725657E0));
#6558=CARTESIAN_POINT('',(3.864966063321E0,-7.201964294822E0,1.570173182185E0));
#6559=CARTESIAN_POINT('',(3.808433761225E0,-7.285434632850E0,1.482187720406E0));
#6560=CARTESIAN_POINT('',(3.730767529630E0,-7.275570516148E0,1.361309939064E0));
#6561=CARTESIAN_POINT('',(3.656999999799E0,-7.080734886345E0,1.566684725528E0));
#6562=CARTESIAN_POINT('',(3.656999999797E0,-7.201964294822E0,1.570173182055E0));
#6563=CARTESIAN_POINT('',(3.656999999852E0,-7.285434632850E0,1.482187720311E0));
#6564=CARTESIAN_POINT('',(3.656999999928E0,-7.275570516148E0,1.361309939018E0));
#6565=CARTESIAN_POINT('',(3.451275334735E0,-7.080734886345E0,1.566684725399E0));
#6566=CARTESIAN_POINT('',(3.449033936273E0,-7.201964294822E0,1.570173181925E0));
#6567=CARTESIAN_POINT('',(3.505566238480E0,-7.285434632850E0,1.482187720216E0));
#6568=CARTESIAN_POINT('',(3.583232470226E0,-7.275570516148E0,1.361309938972E0));
#6569=CARTESIAN_POINT('',(3.314695552641E0,-7.080734886345E0,1.412838695424E0));
#6570=CARTESIAN_POINT('',(3.310966098709E0,-7.201964294822E0,1.414650978340E0));
#6571=CARTESIAN_POINT('',(3.405029970145E0,-7.285434632850E0,1.368941780630E0));
#6572=CARTESIAN_POINT('',(3.534258502378E0,-7.275570516148E0,1.306144742411E0));
#6573=CARTESIAN_POINT('',(3.339070675742E0,-7.080734886345E0,1.208563167792E0));
#6574=CARTESIAN_POINT('',(3.335606792121E0,-7.201964294822E0,1.208149840798E0));
#6575=CARTESIAN_POINT('',(3.422972478759E0,-7.285434632850E0,1.218574728161E0));
#6576=CARTESIAN_POINT('',(3.542998789386E0,-7.275570516148E0,1.232896835810E0));
#6577=(BOUNDED_SURFACE()B_SPLINE_SURFACE(3,3,((#6549,#6550,#6551,#6552),(#6553,
#6554,#6555,#6556),(#6557,#6558,#6559,#6560),(#6561,#6562,#6563,#6564),(#6565,
#6566,#6567,#6568),(#6569,#6570,#6571,#6572),(#6573,#6574,#6575,#6576)),
.UNSPECIFIED.,.F.,.F.,.F.)B_SPLINE_SURFACE_WITH_KNOTS((4,3,4),(4,4),(0.E0,1.E0,
2.E0),(0.E0,1.E0),.UNSPECIFIED.)GEOMETRIC_REPRESENTATION_ITEM()RATIONAL_B_SPLINE_SURFACE(((1.442027233691E0,1.121988524738E0,1.121988524738E0,1.442027233691E0),(
1.118913152569E0,8.705853038209E-1,8.705853038209E-1,1.118913152569E0),(
1.118913152569E0,8.705853038209E-1,8.705853038209E-1,1.118913152569E0),(
1.442027233691E0,1.121988524738E0,1.121988524738E0,1.442027233691E0),(
1.118913152569E0,8.705853038209E-1,8.705853038209E-1,1.118913152569E0),(
1.118913152569E0,8.705853038209E-1,8.705853038209E-1,1.118913152569E0),(
1.442027233691E0,1.121988524738E0,1.121988524738E0,1.442027233691E0)))REPRESENTATION_ITEM('')SURFACE());
#6578=ORIENTED_EDGE('',*,*,#6537,.T.);
#6579=ORIENTED_EDGE('',*,*,#6519,.T.);
#6580=ORIENTED_EDGE('',*,*,#5310,.F.);
#6581=ORIENTED_EDGE('',*,*,#6516,.F.);
#6582=EDGE_LOOP('',(#6578,#6579,#6580,#6581));
#6583=FACE_OUTER_BOUND('',#6582,.F.);
#6584=ADVANCED_FACE('',(#6583),#6577,.T.);
#6585=FILL_AREA_STYLE_COLOUR('',#11);
#6586=FILL_AREA_STYLE('',(#6585));
#6587=SURFACE_STYLE_FILL_AREA(#6586);
#6588=SURFACE_SIDE_STYLE('',(#6587));
#6589=SURFACE_STYLE_USAGE(.BOTH.,#6588);
#6590=PRESENTATION_STYLE_ASSIGNMENT((#6589));
#6591=STYLED_ITEM('',(#6590),#6584);
#6592=CARTESIAN_POINT('',(1.2688E0,-4.8862E0,2.5024E1));
#6593=DIRECTION('',(0.E0,-1.E0,0.E0));
#6594=DIRECTION('',(-1.E0,0.E0,0.E0));
#6595=AXIS2_PLACEMENT_3D('',#6592,#6593,#6594);
#6596=PLANE('',#6595);
#6597=ORIENTED_EDGE('',*,*,#3964,.F.);
#6599=ORIENTED_EDGE('',*,*,#6598,.T.);
#6601=ORIENTED_EDGE('',*,*,#6600,.T.);
#6602=ORIENTED_EDGE('',*,*,#4108,.T.);
#6603=EDGE_LOOP('',(#6597,#6599,#6601,#6602));
#6604=FACE_OUTER_BOUND('',#6603,.F.);
#6605=ADVANCED_FACE('',(#6604),#6596,.F.);
#6606=CARTESIAN_POINT('',(-3.5562E0,-4.8862E0,6.224E0));
#6607=DIRECTION('',(1.E0,0.E0,1.147093899982E-14));
#6608=DIRECTION('',(-1.147093899982E-14,0.E0,1.E0));
#6609=AXIS2_PLACEMENT_3D('',#6606,#6607,#6608);
#6610=PLANE('',#6609);
#6611=ORIENTED_EDGE('',*,*,#4033,.F.);
#6612=ORIENTED_EDGE('',*,*,#4090,.T.);
#6614=ORIENTED_EDGE('',*,*,#6613,.F.);
#6615=ORIENTED_EDGE('',*,*,#6598,.F.);
#6616=ORIENTED_EDGE('',*,*,#3962,.T.);
#6618=ORIENTED_EDGE('',*,*,#6617,.T.);
#6620=ORIENTED_EDGE('',*,*,#6619,.T.);
#6622=ORIENTED_EDGE('',*,*,#6621,.T.);
#6623=EDGE_LOOP('',(#6611,#6612,#6614,#6615,#6616,#6618,#6620,#6622));
#6624=FACE_OUTER_BOUND('',#6623,.F.);
#6625=ADVANCED_FACE('',(#6624),#6610,.T.);
#6626=CARTESIAN_POINT('',(-1.03712E1,-5.1362E0,2.0156E1));
#6627=DIRECTION('',(0.E0,0.E0,-1.E0));
#6628=DIRECTION('',(1.E0,0.E0,0.E0));
#6629=AXIS2_PLACEMENT_3D('',#6626,#6627,#6628);
#6630=PLANE('',#6629);
#6631=ORIENTED_EDGE('',*,*,#6600,.F.);
#6632=ORIENTED_EDGE('',*,*,#6613,.T.);
#6633=ORIENTED_EDGE('',*,*,#4088,.T.);
#6634=ORIENTED_EDGE('',*,*,#4110,.F.);
#6635=EDGE_LOOP('',(#6631,#6632,#6633,#6634));
#6636=FACE_OUTER_BOUND('',#6635,.F.);
#6637=ADVANCED_FACE('',(#6636),#6630,.F.);
#6638=CARTESIAN_POINT('',(0.E0,-4.9002E0,0.E0));
#6639=DIRECTION('',(0.E0,-1.E0,0.E0));
#6640=DIRECTION('',(1.E0,0.E0,0.E0));
#6641=AXIS2_PLACEMENT_3D('',#6638,#6639,#6640);
#6642=PLANE('',#6641);
#6644=ORIENTED_EDGE('',*,*,#6643,.F.);
#6646=ORIENTED_EDGE('',*,*,#6645,.T.);
#6648=ORIENTED_EDGE('',*,*,#6647,.T.);
#6649=ORIENTED_EDGE('',*,*,#6617,.F.);
#6650=ORIENTED_EDGE('',*,*,#3960,.F.);
#6652=ORIENTED_EDGE('',*,*,#6651,.T.);
#6654=ORIENTED_EDGE('',*,*,#6653,.T.);
#6656=ORIENTED_EDGE('',*,*,#6655,.T.);
#6657=EDGE_LOOP('',(#6644,#6646,#6648,#6649,#6650,#6652,#6654,#6656));
#6658=FACE_OUTER_BOUND('',#6657,.F.);
#6659=ADVANCED_FACE('',(#6658),#6642,.T.);
#6660=FILL_AREA_STYLE_COLOUR('',#3);
#6661=FILL_AREA_STYLE('',(#6660));
#6662=SURFACE_STYLE_FILL_AREA(#6661);
#6663=SURFACE_SIDE_STYLE('',(#6662));
#6664=SURFACE_STYLE_USAGE(.POSITIVE.,#6663);
#6665=PRESENTATION_STYLE_ASSIGNMENT((#6664));
#6666=STYLED_ITEM('',(#6665),#6659);
#6667=CARTESIAN_POINT('',(-5.13E0,-4.5938E0,4.835866003106E0));
#6668=DIRECTION('',(0.E0,0.E0,1.E0));
#6669=DIRECTION('',(1.E0,0.E0,0.E0));
#6670=AXIS2_PLACEMENT_3D('',#6667,#6668,#6669);
#6671=PLANE('',#6670);
#6672=ORIENTED_EDGE('',*,*,#6643,.T.);
#6674=ORIENTED_EDGE('',*,*,#6673,.T.);
#6676=ORIENTED_EDGE('',*,*,#6675,.F.);
#6678=ORIENTED_EDGE('',*,*,#6677,.F.);
#6679=EDGE_LOOP('',(#6672,#6674,#6676,#6678));
#6680=FACE_OUTER_BOUND('',#6679,.F.);
#6681=ADVANCED_FACE('',(#6680),#6671,.T.);
#6682=FILL_AREA_STYLE_COLOUR('',#4);
#6683=FILL_AREA_STYLE('',(#6682));
#6684=SURFACE_STYLE_FILL_AREA(#6683);
#6685=SURFACE_SIDE_STYLE('',(#6684));
#6686=SURFACE_STYLE_USAGE(.POSITIVE.,#6685);
#6687=PRESENTATION_STYLE_ASSIGNMENT((#6686));
#6688=STYLED_ITEM('',(#6687),#6681);
#6689=CARTESIAN_POINT('',(-1.9062E0,-4.8862E0,5.844E0));
#6690=DIRECTION('',(-1.E0,0.E0,0.E0));
#6691=DIRECTION('',(0.E0,0.E0,-1.E0));
#6692=AXIS2_PLACEMENT_3D('',#6689,#6690,#6691);
#6693=PLANE('',#6692);
#6695=ORIENTED_EDGE('',*,*,#6694,.T.);
#6696=ORIENTED_EDGE('',*,*,#6673,.F.);
#6697=ORIENTED_EDGE('',*,*,#6655,.F.);
#6699=ORIENTED_EDGE('',*,*,#6698,.T.);
#6700=EDGE_LOOP('',(#6695,#6696,#6697,#6699));
#6701=FACE_OUTER_BOUND('',#6700,.F.);
#6702=ADVANCED_FACE('',(#6701),#6693,.T.);
#6703=CARTESIAN_POINT('',(0.E0,-4.9748E0,0.E0));
#6704=DIRECTION('',(0.E0,1.E0,0.E0));
#6705=DIRECTION('',(1.E0,0.E0,0.E0));
#6706=AXIS2_PLACEMENT_3D('',#6703,#6704,#6705);
#6707=PLANE('',#6706);
#6709=ORIENTED_EDGE('',*,*,#6708,.F.);
#6711=ORIENTED_EDGE('',*,*,#6710,.T.);
#6712=ORIENTED_EDGE('',*,*,#4035,.F.);
#6713=ORIENTED_EDGE('',*,*,#6621,.F.);
#6715=ORIENTED_EDGE('',*,*,#6714,.F.);
#6717=ORIENTED_EDGE('',*,*,#6716,.F.);
#6718=ORIENTED_EDGE('',*,*,#6675,.T.);
#6719=ORIENTED_EDGE('',*,*,#6694,.F.);
#6720=EDGE_LOOP('',(#6709,#6711,#6712,#6713,#6715,#6717,#6718,#6719));
#6721=FACE_OUTER_BOUND('',#6720,.F.);
#6722=ADVANCED_FACE('',(#6721),#6707,.T.);
#6723=FILL_AREA_STYLE_COLOUR('',#4);
#6724=FILL_AREA_STYLE('',(#6723));
#6725=SURFACE_STYLE_FILL_AREA(#6724);
#6726=SURFACE_SIDE_STYLE('',(#6725));
#6727=SURFACE_STYLE_USAGE(.POSITIVE.,#6726);
#6728=PRESENTATION_STYLE_ASSIGNMENT((#6727));
#6729=STYLED_ITEM('',(#6728),#6722);
#6730=CARTESIAN_POINT('',(-1.5262E0,-4.8862E0,6.224E0));
#6731=DIRECTION('',(-7.071067811866E-1,0.E0,7.071067811865E-1));
#6732=DIRECTION('',(-7.071067811865E-1,0.E0,-7.071067811866E-1));
#6733=AXIS2_PLACEMENT_3D('',#6730,#6731,#6732);
#6734=PLANE('',#6733);
#6735=ORIENTED_EDGE('',*,*,#6708,.T.);
#6736=ORIENTED_EDGE('',*,*,#6698,.F.);
#6737=ORIENTED_EDGE('',*,*,#6653,.F.);
#6739=ORIENTED_EDGE('',*,*,#6738,.T.);
#6740=EDGE_LOOP('',(#6735,#6736,#6737,#6739));
#6741=FACE_OUTER_BOUND('',#6740,.F.);
#6742=ADVANCED_FACE('',(#6741),#6734,.T.);
#6743=CARTESIAN_POINT('',(-1.5262E0,-4.8862E0,2.2484E1));
#6744=DIRECTION('',(-1.E0,0.E0,0.E0));
#6745=DIRECTION('',(0.E0,0.E0,-1.E0));
#6746=AXIS2_PLACEMENT_3D('',#6743,#6744,#6745);
#6747=PLANE('',#6746);
#6748=ORIENTED_EDGE('',*,*,#4037,.T.);
#6749=ORIENTED_EDGE('',*,*,#6710,.F.);
#6750=ORIENTED_EDGE('',*,*,#6738,.F.);
#6751=ORIENTED_EDGE('',*,*,#6651,.F.);
#6752=ORIENTED_EDGE('',*,*,#3958,.F.);
#6754=ORIENTED_EDGE('',*,*,#6753,.F.);
#6756=ORIENTED_EDGE('',*,*,#6755,.T.);
#6758=ORIENTED_EDGE('',*,*,#6757,.T.);
#6759=EDGE_LOOP('',(#6748,#6749,#6750,#6751,#6752,#6754,#6756,#6758));
#6760=FACE_OUTER_BOUND('',#6759,.F.);
#6761=ADVANCED_FACE('',(#6760),#6747,.T.);
#6762=CARTESIAN_POINT('',(1.2688E0,-4.8862E0,2.5024E1));
#6763=DIRECTION('',(0.E0,-1.E0,0.E0));
#6764=DIRECTION('',(-1.E0,0.E0,0.E0));
#6765=AXIS2_PLACEMENT_3D('',#6762,#6763,#6764);
#6766=PLANE('',#6765);
#6767=ORIENTED_EDGE('',*,*,#3956,.F.);
#6769=ORIENTED_EDGE('',*,*,#6768,.T.);
#6771=ORIENTED_EDGE('',*,*,#6770,.T.);
#6772=ORIENTED_EDGE('',*,*,#6753,.T.);
#6773=EDGE_LOOP('',(#6767,#6769,#6771,#6772));
#6774=FACE_OUTER_BOUND('',#6773,.F.);
#6775=ADVANCED_FACE('',(#6774),#6766,.F.);
#6776=CARTESIAN_POINT('',(-1.0162E0,-4.8862E0,6.224E0));
#6777=DIRECTION('',(1.E0,0.E0,0.E0));
#6778=DIRECTION('',(0.E0,0.E0,1.E0));
#6779=AXIS2_PLACEMENT_3D('',#6776,#6777,#6778);
#6780=PLANE('',#6779);
#6781=ORIENTED_EDGE('',*,*,#4041,.F.);
#6783=ORIENTED_EDGE('',*,*,#6782,.T.);
#6785=ORIENTED_EDGE('',*,*,#6784,.F.);
#6786=ORIENTED_EDGE('',*,*,#6768,.F.);
#6787=ORIENTED_EDGE('',*,*,#3954,.T.);
#6789=ORIENTED_EDGE('',*,*,#6788,.T.);
#6791=ORIENTED_EDGE('',*,*,#6790,.T.);
#6793=ORIENTED_EDGE('',*,*,#6792,.T.);
#6794=EDGE_LOOP('',(#6781,#6783,#6785,#6786,#6787,#6789,#6791,#6793));
#6795=FACE_OUTER_BOUND('',#6794,.F.);
#6796=ADVANCED_FACE('',(#6795),#6780,.T.);
#6797=CARTESIAN_POINT('',(1.2688E0,-5.1362E0,2.5024E1));
#6798=DIRECTION('',(0.E0,-1.E0,0.E0));
#6799=DIRECTION('',(-1.E0,0.E0,0.E0));
#6800=AXIS2_PLACEMENT_3D('',#6797,#6798,#6799);
#6801=PLANE('',#6800);
#6802=ORIENTED_EDGE('',*,*,#4039,.F.);
#6803=ORIENTED_EDGE('',*,*,#6757,.F.);
#6805=ORIENTED_EDGE('',*,*,#6804,.F.);
#6806=ORIENTED_EDGE('',*,*,#6782,.F.);
#6807=EDGE_LOOP('',(#6802,#6803,#6805,#6806));
#6808=FACE_OUTER_BOUND('',#6807,.F.);
#6809=ADVANCED_FACE('',(#6808),#6801,.T.);
#6810=CARTESIAN_POINT('',(-1.03712E1,-5.1362E0,2.0156E1));
#6811=DIRECTION('',(0.E0,0.E0,-1.E0));
#6812=DIRECTION('',(1.E0,0.E0,0.E0));
#6813=AXIS2_PLACEMENT_3D('',#6810,#6811,#6812);
#6814=PLANE('',#6813);
#6815=ORIENTED_EDGE('',*,*,#6770,.F.);
#6816=ORIENTED_EDGE('',*,*,#6784,.T.);
#6817=ORIENTED_EDGE('',*,*,#6804,.T.);
#6818=ORIENTED_EDGE('',*,*,#6755,.F.);
#6819=EDGE_LOOP('',(#6815,#6816,#6817,#6818));
#6820=FACE_OUTER_BOUND('',#6819,.F.);
#6821=ADVANCED_FACE('',(#6820),#6814,.F.);
#6822=CARTESIAN_POINT('',(0.E0,-4.9002E0,0.E0));
#6823=DIRECTION('',(0.E0,-1.E0,0.E0));
#6824=DIRECTION('',(1.E0,0.E0,0.E0));
#6825=AXIS2_PLACEMENT_3D('',#6822,#6823,#6824);
#6826=PLANE('',#6825);
#6828=ORIENTED_EDGE('',*,*,#6827,.F.);
#6830=ORIENTED_EDGE('',*,*,#6829,.T.);
#6832=ORIENTED_EDGE('',*,*,#6831,.T.);
#6833=ORIENTED_EDGE('',*,*,#6788,.F.);
#6834=ORIENTED_EDGE('',*,*,#3952,.F.);
#6836=ORIENTED_EDGE('',*,*,#6835,.T.);
#6838=ORIENTED_EDGE('',*,*,#6837,.T.);
#6840=ORIENTED_EDGE('',*,*,#6839,.T.);
#6841=EDGE_LOOP('',(#6828,#6830,#6832,#6833,#6834,#6836,#6838,#6840));
#6842=FACE_OUTER_BOUND('',#6841,.F.);
#6843=ADVANCED_FACE('',(#6842),#6826,.T.);
#6844=FILL_AREA_STYLE_COLOUR('',#3);
#6845=FILL_AREA_STYLE('',(#6844));
#6846=SURFACE_STYLE_FILL_AREA(#6845);
#6847=SURFACE_SIDE_STYLE('',(#6846));
#6848=SURFACE_STYLE_USAGE(.POSITIVE.,#6847);
#6849=PRESENTATION_STYLE_ASSIGNMENT((#6848));
#6850=STYLED_ITEM('',(#6849),#6843);
#6851=CARTESIAN_POINT('',(-5.13E0,-4.5938E0,4.835866003106E0));
#6852=DIRECTION('',(0.E0,0.E0,1.E0));
#6853=DIRECTION('',(1.E0,0.E0,0.E0));
#6854=AXIS2_PLACEMENT_3D('',#6851,#6852,#6853);
#6855=PLANE('',#6854);
#6856=ORIENTED_EDGE('',*,*,#6827,.T.);
#6858=ORIENTED_EDGE('',*,*,#6857,.T.);
#6860=ORIENTED_EDGE('',*,*,#6859,.F.);
#6862=ORIENTED_EDGE('',*,*,#6861,.F.);
#6863=EDGE_LOOP('',(#6856,#6858,#6860,#6862));
#6864=FACE_OUTER_BOUND('',#6863,.F.);
#6865=ADVANCED_FACE('',(#6864),#6855,.T.);
#6866=FILL_AREA_STYLE_COLOUR('',#4);
#6867=FILL_AREA_STYLE('',(#6866));
#6868=SURFACE_STYLE_FILL_AREA(#6867);
#6869=SURFACE_SIDE_STYLE('',(#6868));
#6870=SURFACE_STYLE_USAGE(.POSITIVE.,#6869);
#6871=PRESENTATION_STYLE_ASSIGNMENT((#6870));
#6872=STYLED_ITEM('',(#6871),#6865);
#6873=CARTESIAN_POINT('',(6.338E-1,-4.8862E0,5.844E0));
#6874=DIRECTION('',(-1.E0,0.E0,0.E0));
#6875=DIRECTION('',(0.E0,0.E0,-1.E0));
#6876=AXIS2_PLACEMENT_3D('',#6873,#6874,#6875);
#6877=PLANE('',#6876);
#6879=ORIENTED_EDGE('',*,*,#6878,.T.);
#6880=ORIENTED_EDGE('',*,*,#6857,.F.);
#6881=ORIENTED_EDGE('',*,*,#6839,.F.);
#6883=ORIENTED_EDGE('',*,*,#6882,.T.);
#6884=EDGE_LOOP('',(#6879,#6880,#6881,#6883));
#6885=FACE_OUTER_BOUND('',#6884,.F.);
#6886=ADVANCED_FACE('',(#6885),#6877,.T.);
#6887=CARTESIAN_POINT('',(0.E0,-4.9748E0,0.E0));
#6888=DIRECTION('',(0.E0,1.E0,0.E0));
#6889=DIRECTION('',(1.E0,0.E0,0.E0));
#6890=AXIS2_PLACEMENT_3D('',#6887,#6888,#6889);
#6891=PLANE('',#6890);
#6893=ORIENTED_EDGE('',*,*,#6892,.F.);
#6894=ORIENTED_EDGE('',*,*,#6859,.T.);
#6895=ORIENTED_EDGE('',*,*,#6878,.F.);
#6897=ORIENTED_EDGE('',*,*,#6896,.F.);
#6899=ORIENTED_EDGE('',*,*,#6898,.T.);
#6900=ORIENTED_EDGE('',*,*,#4043,.F.);
#6901=ORIENTED_EDGE('',*,*,#6792,.F.);
#6903=ORIENTED_EDGE('',*,*,#6902,.F.);
#6904=EDGE_LOOP('',(#6893,#6894,#6895,#6897,#6899,#6900,#6901,#6903));
#6905=FACE_OUTER_BOUND('',#6904,.F.);
#6906=ADVANCED_FACE('',(#6905),#6891,.T.);
#6907=FILL_AREA_STYLE_COLOUR('',#4);
#6908=FILL_AREA_STYLE('',(#6907));
#6909=SURFACE_STYLE_FILL_AREA(#6908);
#6910=SURFACE_SIDE_STYLE('',(#6909));
#6911=SURFACE_STYLE_USAGE(.POSITIVE.,#6910);
#6912=PRESENTATION_STYLE_ASSIGNMENT((#6911));
#6913=STYLED_ITEM('',(#6912),#6906);
#6914=CARTESIAN_POINT('',(-6.362E-1,-4.8862E0,3.304E0));
#6915=DIRECTION('',(1.E0,0.E0,0.E0));
#6916=DIRECTION('',(0.E0,0.E0,1.E0));
#6917=AXIS2_PLACEMENT_3D('',#6914,#6915,#6916);
#6918=PLANE('',#6917);
#6919=ORIENTED_EDGE('',*,*,#6892,.T.);
#6921=ORIENTED_EDGE('',*,*,#6920,.F.);
#6922=ORIENTED_EDGE('',*,*,#6829,.F.);
#6923=ORIENTED_EDGE('',*,*,#6861,.T.);
#6924=EDGE_LOOP('',(#6919,#6921,#6922,#6923));
#6925=FACE_OUTER_BOUND('',#6924,.F.);
#6926=ADVANCED_FACE('',(#6925),#6918,.T.);
#6927=CARTESIAN_POINT('',(-6.362E-1,-4.8862E0,5.844E0));
#6928=DIRECTION('',(7.071067811866E-1,0.E0,7.071067811865E-1));
#6929=DIRECTION('',(-7.071067811865E-1,0.E0,7.071067811866E-1));
#6930=AXIS2_PLACEMENT_3D('',#6927,#6928,#6929);
#6931=PLANE('',#6930);
#6932=ORIENTED_EDGE('',*,*,#6902,.T.);
#6933=ORIENTED_EDGE('',*,*,#6790,.F.);
#6934=ORIENTED_EDGE('',*,*,#6831,.F.);
#6935=ORIENTED_EDGE('',*,*,#6920,.T.);
#6936=EDGE_LOOP('',(#6932,#6933,#6934,#6935));
#6937=FACE_OUTER_BOUND('',#6936,.F.);
#6938=ADVANCED_FACE('',(#6937),#6931,.T.);
#6939=CARTESIAN_POINT('',(1.0138E0,-4.8862E0,6.224E0));
#6940=DIRECTION('',(-7.071067811866E-1,0.E0,7.071067811865E-1));
#6941=DIRECTION('',(-7.071067811865E-1,0.E0,-7.071067811866E-1));
#6942=AXIS2_PLACEMENT_3D('',#6939,#6940,#6941);
#6943=PLANE('',#6942);
#6944=ORIENTED_EDGE('',*,*,#6896,.T.);
#6945=ORIENTED_EDGE('',*,*,#6882,.F.);
#6946=ORIENTED_EDGE('',*,*,#6837,.F.);
#6948=ORIENTED_EDGE('',*,*,#6947,.T.);
#6949=EDGE_LOOP('',(#6944,#6945,#6946,#6948));
#6950=FACE_OUTER_BOUND('',#6949,.F.);
#6951=ADVANCED_FACE('',(#6950),#6943,.T.);
#6952=CARTESIAN_POINT('',(1.0138E0,-4.8862E0,2.2484E1));
#6953=DIRECTION('',(-1.E0,0.E0,0.E0));
#6954=DIRECTION('',(0.E0,0.E0,-1.E0));
#6955=AXIS2_PLACEMENT_3D('',#6952,#6953,#6954);
#6956=PLANE('',#6955);
#6957=ORIENTED_EDGE('',*,*,#4045,.T.);
#6958=ORIENTED_EDGE('',*,*,#6898,.F.);
#6959=ORIENTED_EDGE('',*,*,#6947,.F.);
#6960=ORIENTED_EDGE('',*,*,#6835,.F.);
#6961=ORIENTED_EDGE('',*,*,#3950,.F.);
#6963=ORIENTED_EDGE('',*,*,#6962,.F.);
#6965=ORIENTED_EDGE('',*,*,#6964,.T.);
#6967=ORIENTED_EDGE('',*,*,#6966,.T.);
#6968=EDGE_LOOP('',(#6957,#6958,#6959,#6960,#6961,#6963,#6965,#6967));
#6969=FACE_OUTER_BOUND('',#6968,.F.);
#6970=ADVANCED_FACE('',(#6969),#6956,.T.);
#6971=CARTESIAN_POINT('',(1.2688E0,-4.8862E0,2.5024E1));
#6972=DIRECTION('',(0.E0,-1.E0,0.E0));
#6973=DIRECTION('',(-1.E0,0.E0,0.E0));
#6974=AXIS2_PLACEMENT_3D('',#6971,#6972,#6973);
#6975=PLANE('',#6974);
#6976=ORIENTED_EDGE('',*,*,#3948,.F.);
#6978=ORIENTED_EDGE('',*,*,#6977,.T.);
#6980=ORIENTED_EDGE('',*,*,#6979,.T.);
#6981=ORIENTED_EDGE('',*,*,#6962,.T.);
#6982=EDGE_LOOP('',(#6976,#6978,#6980,#6981));
#6983=FACE_OUTER_BOUND('',#6982,.F.);
#6984=ADVANCED_FACE('',(#6983),#6975,.F.);
#6985=CARTESIAN_POINT('',(1.5238E0,-4.8862E0,6.224E0));
#6986=DIRECTION('',(1.E0,0.E0,0.E0));
#6987=DIRECTION('',(0.E0,0.E0,1.E0));
#6988=AXIS2_PLACEMENT_3D('',#6985,#6986,#6987);
#6989=PLANE('',#6988);
#6990=ORIENTED_EDGE('',*,*,#4049,.F.);
#6992=ORIENTED_EDGE('',*,*,#6991,.T.);
#6994=ORIENTED_EDGE('',*,*,#6993,.F.);
#6995=ORIENTED_EDGE('',*,*,#6977,.F.);
#6996=ORIENTED_EDGE('',*,*,#3946,.T.);
#6998=ORIENTED_EDGE('',*,*,#6997,.T.);
#7000=ORIENTED_EDGE('',*,*,#6999,.T.);
#7002=ORIENTED_EDGE('',*,*,#7001,.T.);
#7003=EDGE_LOOP('',(#6990,#6992,#6994,#6995,#6996,#6998,#7000,#7002));
#7004=FACE_OUTER_BOUND('',#7003,.F.);
#7005=ADVANCED_FACE('',(#7004),#6989,.T.);
#7006=CARTESIAN_POINT('',(1.2688E0,-5.1362E0,2.5024E1));
#7007=DIRECTION('',(0.E0,-1.E0,0.E0));
#7008=DIRECTION('',(-1.E0,0.E0,0.E0));
#7009=AXIS2_PLACEMENT_3D('',#7006,#7007,#7008);
#7010=PLANE('',#7009);
#7011=ORIENTED_EDGE('',*,*,#4047,.F.);
#7012=ORIENTED_EDGE('',*,*,#6966,.F.);
#7014=ORIENTED_EDGE('',*,*,#7013,.F.);
#7015=ORIENTED_EDGE('',*,*,#6991,.F.);
#7016=EDGE_LOOP('',(#7011,#7012,#7014,#7015));
#7017=FACE_OUTER_BOUND('',#7016,.F.);
#7018=ADVANCED_FACE('',(#7017),#7010,.T.);
#7019=CARTESIAN_POINT('',(-1.03712E1,-5.1362E0,2.0156E1));
#7020=DIRECTION('',(0.E0,0.E0,-1.E0));
#7021=DIRECTION('',(1.E0,0.E0,0.E0));
#7022=AXIS2_PLACEMENT_3D('',#7019,#7020,#7021);
#7023=PLANE('',#7022);
#7024=ORIENTED_EDGE('',*,*,#6979,.F.);
#7025=ORIENTED_EDGE('',*,*,#6993,.T.);
#7026=ORIENTED_EDGE('',*,*,#7013,.T.);
#7027=ORIENTED_EDGE('',*,*,#6964,.F.);
#7028=EDGE_LOOP('',(#7024,#7025,#7026,#7027));
#7029=FACE_OUTER_BOUND('',#7028,.F.);
#7030=ADVANCED_FACE('',(#7029),#7023,.F.);
#7031=CARTESIAN_POINT('',(0.E0,-4.9002E0,0.E0));
#7032=DIRECTION('',(0.E0,-1.E0,0.E0));
#7033=DIRECTION('',(1.E0,0.E0,0.E0));
#7034=AXIS2_PLACEMENT_3D('',#7031,#7032,#7033);
#7035=PLANE('',#7034);
#7037=ORIENTED_EDGE('',*,*,#7036,.F.);
#7039=ORIENTED_EDGE('',*,*,#7038,.T.);
#7041=ORIENTED_EDGE('',*,*,#7040,.T.);
#7042=ORIENTED_EDGE('',*,*,#6997,.F.);
#7043=ORIENTED_EDGE('',*,*,#3944,.F.);
#7045=ORIENTED_EDGE('',*,*,#7044,.T.);
#7047=ORIENTED_EDGE('',*,*,#7046,.T.);
#7049=ORIENTED_EDGE('',*,*,#7048,.T.);
#7050=EDGE_LOOP('',(#7037,#7039,#7041,#7042,#7043,#7045,#7047,#7049));
#7051=FACE_OUTER_BOUND('',#7050,.F.);
#7052=ADVANCED_FACE('',(#7051),#7035,.T.);
#7053=FILL_AREA_STYLE_COLOUR('',#3);
#7054=FILL_AREA_STYLE('',(#7053));
#7055=SURFACE_STYLE_FILL_AREA(#7054);
#7056=SURFACE_SIDE_STYLE('',(#7055));
#7057=SURFACE_STYLE_USAGE(.POSITIVE.,#7056);
#7058=PRESENTATION_STYLE_ASSIGNMENT((#7057));
#7059=STYLED_ITEM('',(#7058),#7052);
#7060=CARTESIAN_POINT('',(-5.13E0,-4.5938E0,4.835866003106E0));
#7061=DIRECTION('',(0.E0,0.E0,1.E0));
#7062=DIRECTION('',(1.E0,0.E0,0.E0));
#7063=AXIS2_PLACEMENT_3D('',#7060,#7061,#7062);
#7064=PLANE('',#7063);
#7065=ORIENTED_EDGE('',*,*,#7036,.T.);
#7067=ORIENTED_EDGE('',*,*,#7066,.T.);
#7069=ORIENTED_EDGE('',*,*,#7068,.F.);
#7071=ORIENTED_EDGE('',*,*,#7070,.F.);
#7072=EDGE_LOOP('',(#7065,#7067,#7069,#7071));
#7073=FACE_OUTER_BOUND('',#7072,.F.);
#7074=ADVANCED_FACE('',(#7073),#7064,.T.);
#7075=FILL_AREA_STYLE_COLOUR('',#4);
#7076=FILL_AREA_STYLE('',(#7075));
#7077=SURFACE_STYLE_FILL_AREA(#7076);
#7078=SURFACE_SIDE_STYLE('',(#7077));
#7079=SURFACE_STYLE_USAGE(.POSITIVE.,#7078);
#7080=PRESENTATION_STYLE_ASSIGNMENT((#7079));
#7081=STYLED_ITEM('',(#7080),#7074);
#7082=CARTESIAN_POINT('',(3.1738E0,-4.8862E0,5.844E0));
#7083=DIRECTION('',(-1.E0,0.E0,0.E0));
#7084=DIRECTION('',(0.E0,0.E0,-1.E0));
#7085=AXIS2_PLACEMENT_3D('',#7082,#7083,#7084);
#7086=PLANE('',#7085);
#7088=ORIENTED_EDGE('',*,*,#7087,.T.);
#7089=ORIENTED_EDGE('',*,*,#7066,.F.);
#7090=ORIENTED_EDGE('',*,*,#7048,.F.);
#7092=ORIENTED_EDGE('',*,*,#7091,.T.);
#7093=EDGE_LOOP('',(#7088,#7089,#7090,#7092));
#7094=FACE_OUTER_BOUND('',#7093,.F.);
#7095=ADVANCED_FACE('',(#7094),#7086,.T.);
#7096=CARTESIAN_POINT('',(0.E0,-4.9748E0,0.E0));
#7097=DIRECTION('',(0.E0,1.E0,0.E0));
#7098=DIRECTION('',(1.E0,0.E0,0.E0));
#7099=AXIS2_PLACEMENT_3D('',#7096,#7097,#7098);
#7100=PLANE('',#7099);
#7102=ORIENTED_EDGE('',*,*,#7101,.T.);
#7103=ORIENTED_EDGE('',*,*,#4051,.F.);
#7104=ORIENTED_EDGE('',*,*,#7001,.F.);
#7106=ORIENTED_EDGE('',*,*,#7105,.F.);
#7108=ORIENTED_EDGE('',*,*,#7107,.F.);
#7109=ORIENTED_EDGE('',*,*,#7068,.T.);
#7110=ORIENTED_EDGE('',*,*,#7087,.F.);
#7112=ORIENTED_EDGE('',*,*,#7111,.F.);
#7113=EDGE_LOOP('',(#7102,#7103,#7104,#7106,#7108,#7109,#7110,#7112));
#7114=FACE_OUTER_BOUND('',#7113,.F.);
#7115=ADVANCED_FACE('',(#7114),#7100,.T.);
#7116=FILL_AREA_STYLE_COLOUR('',#4);
#7117=FILL_AREA_STYLE('',(#7116));
#7118=SURFACE_STYLE_FILL_AREA(#7117);
#7119=SURFACE_SIDE_STYLE('',(#7118));
#7120=SURFACE_STYLE_USAGE(.POSITIVE.,#7119);
#7121=PRESENTATION_STYLE_ASSIGNMENT((#7120));
#7122=STYLED_ITEM('',(#7121),#7115);
#7123=CARTESIAN_POINT('',(3.5538E0,-4.8862E0,2.2484E1));
#7124=DIRECTION('',(-1.E0,0.E0,0.E0));
#7125=DIRECTION('',(0.E0,0.E0,-1.E0));
#7126=AXIS2_PLACEMENT_3D('',#7123,#7124,#7125);
#7127=PLANE('',#7126);
#7128=ORIENTED_EDGE('',*,*,#4053,.T.);
#7129=ORIENTED_EDGE('',*,*,#7101,.F.);
#7131=ORIENTED_EDGE('',*,*,#7130,.F.);
#7132=ORIENTED_EDGE('',*,*,#7044,.F.);
#7133=ORIENTED_EDGE('',*,*,#3942,.F.);
#7134=ORIENTED_EDGE('',*,*,#3999,.F.);
#7136=ORIENTED_EDGE('',*,*,#7135,.T.);
#7138=ORIENTED_EDGE('',*,*,#7137,.T.);
#7139=EDGE_LOOP('',(#7128,#7129,#7131,#7132,#7133,#7134,#7136,#7138));
#7140=FACE_OUTER_BOUND('',#7139,.F.);
#7141=ADVANCED_FACE('',(#7140),#7127,.T.);
#7142=CARTESIAN_POINT('',(3.5538E0,-4.8862E0,6.224E0));
#7143=DIRECTION('',(-7.071067811866E-1,0.E0,7.071067811865E-1));
#7144=DIRECTION('',(-7.071067811865E-1,0.E0,-7.071067811866E-1));
#7145=AXIS2_PLACEMENT_3D('',#7142,#7143,#7144);
#7146=PLANE('',#7145);
#7147=ORIENTED_EDGE('',*,*,#7111,.T.);
#7148=ORIENTED_EDGE('',*,*,#7091,.F.);
#7149=ORIENTED_EDGE('',*,*,#7046,.F.);
#7150=ORIENTED_EDGE('',*,*,#7130,.T.);
#7151=EDGE_LOOP('',(#7147,#7148,#7149,#7150));
#7152=FACE_OUTER_BOUND('',#7151,.F.);
#7153=ADVANCED_FACE('',(#7152),#7146,.T.);
#7154=CARTESIAN_POINT('',(-1.03712E1,-5.1362E0,2.0156E1));
#7155=DIRECTION('',(0.E0,0.E0,-1.E0));
#7156=DIRECTION('',(1.E0,0.E0,0.E0));
#7157=AXIS2_PLACEMENT_3D('',#7154,#7155,#7156);
#7158=PLANE('',#7157);
#7159=ORIENTED_EDGE('',*,*,#3997,.F.);
#7160=ORIENTED_EDGE('',*,*,#4013,.T.);
#7162=ORIENTED_EDGE('',*,*,#7161,.T.);
#7163=ORIENTED_EDGE('',*,*,#7135,.F.);
#7164=EDGE_LOOP('',(#7159,#7160,#7162,#7163));
#7165=FACE_OUTER_BOUND('',#7164,.F.);
#7166=ADVANCED_FACE('',(#7165),#7158,.F.);
#7167=CARTESIAN_POINT('',(1.2688E0,-5.1362E0,2.5024E1));
#7168=DIRECTION('',(0.E0,-1.E0,0.E0));
#7169=DIRECTION('',(-1.E0,0.E0,0.E0));
#7170=AXIS2_PLACEMENT_3D('',#7167,#7168,#7169);
#7171=PLANE('',#7170);
#7172=ORIENTED_EDGE('',*,*,#4055,.F.);
#7173=ORIENTED_EDGE('',*,*,#7137,.F.);
#7174=ORIENTED_EDGE('',*,*,#7161,.F.);
#7175=ORIENTED_EDGE('',*,*,#4011,.F.);
#7176=EDGE_LOOP('',(#7172,#7173,#7174,#7175));
#7177=FACE_OUTER_BOUND('',#7176,.F.);
#7178=ADVANCED_FACE('',(#7177),#7171,.T.);
#7179=CARTESIAN_POINT('',(1.9038E0,-4.8862E0,5.844E0));
#7180=DIRECTION('',(7.071067811866E-1,0.E0,7.071067811865E-1));
#7181=DIRECTION('',(-7.071067811865E-1,0.E0,7.071067811866E-1));
#7182=AXIS2_PLACEMENT_3D('',#7179,#7180,#7181);
#7183=PLANE('',#7182);
#7184=ORIENTED_EDGE('',*,*,#7105,.T.);
#7185=ORIENTED_EDGE('',*,*,#6999,.F.);
#7186=ORIENTED_EDGE('',*,*,#7040,.F.);
#7188=ORIENTED_EDGE('',*,*,#7187,.T.);
#7189=EDGE_LOOP('',(#7184,#7185,#7186,#7188));
#7190=FACE_OUTER_BOUND('',#7189,.F.);
#7191=ADVANCED_FACE('',(#7190),#7183,.T.);
#7192=CARTESIAN_POINT('',(1.9038E0,-4.8862E0,3.304E0));
#7193=DIRECTION('',(1.E0,0.E0,0.E0));
#7194=DIRECTION('',(0.E0,0.E0,1.E0));
#7195=AXIS2_PLACEMENT_3D('',#7192,#7193,#7194);
#7196=PLANE('',#7195);
#7197=ORIENTED_EDGE('',*,*,#7107,.T.);
#7198=ORIENTED_EDGE('',*,*,#7187,.F.);
#7199=ORIENTED_EDGE('',*,*,#7038,.F.);
#7200=ORIENTED_EDGE('',*,*,#7070,.T.);
#7201=EDGE_LOOP('',(#7197,#7198,#7199,#7200));
#7202=FACE_OUTER_BOUND('',#7201,.F.);
#7203=ADVANCED_FACE('',(#7202),#7196,.T.);
#7204=CARTESIAN_POINT('',(-3.1762E0,-4.8862E0,5.844E0));
#7205=DIRECTION('',(7.071067811866E-1,0.E0,7.071067811865E-1));
#7206=DIRECTION('',(-7.071067811865E-1,0.E0,7.071067811866E-1));
#7207=AXIS2_PLACEMENT_3D('',#7204,#7205,#7206);
#7208=PLANE('',#7207);
#7209=ORIENTED_EDGE('',*,*,#6714,.T.);
#7210=ORIENTED_EDGE('',*,*,#6619,.F.);
#7211=ORIENTED_EDGE('',*,*,#6647,.F.);
#7213=ORIENTED_EDGE('',*,*,#7212,.T.);
#7214=EDGE_LOOP('',(#7209,#7210,#7211,#7213));
#7215=FACE_OUTER_BOUND('',#7214,.F.);
#7216=ADVANCED_FACE('',(#7215),#7208,.T.);
#7217=CARTESIAN_POINT('',(-3.1762E0,-4.8862E0,3.304E0));
#7218=DIRECTION('',(1.E0,0.E0,0.E0));
#7219=DIRECTION('',(0.E0,0.E0,1.E0));
#7220=AXIS2_PLACEMENT_3D('',#7217,#7218,#7219);
#7221=PLANE('',#7220);
#7222=ORIENTED_EDGE('',*,*,#6716,.T.);
#7223=ORIENTED_EDGE('',*,*,#7212,.F.);
#7224=ORIENTED_EDGE('',*,*,#6645,.F.);
#7225=ORIENTED_EDGE('',*,*,#6677,.T.);
#7226=EDGE_LOOP('',(#7222,#7223,#7224,#7225));
#7227=FACE_OUTER_BOUND('',#7226,.F.);
#7228=ADVANCED_FACE('',(#7227),#7221,.T.);
#7229=CARTESIAN_POINT('',(0.E0,8.799E0,0.E0));
#7230=DIRECTION('',(0.E0,-1.E0,0.E0));
#7231=DIRECTION('',(-1.E0,0.E0,0.E0));
#7232=AXIS2_PLACEMENT_3D('',#7229,#7230,#7231);
#7233=CYLINDRICAL_SURFACE('',#7232,6.275E0);
#7234=ORIENTED_EDGE('',*,*,#3256,.T.);
#7235=ORIENTED_EDGE('',*,*,#3227,.F.);
#7236=ORIENTED_EDGE('',*,*,#3207,.T.);
#7237=ORIENTED_EDGE('',*,*,#3224,.T.);
#7238=EDGE_LOOP('',(#7234,#7235,#7236,#7237));
#7239=FACE_OUTER_BOUND('',#7238,.F.);
#7240=ADVANCED_FACE('',(#7239),#7233,.T.);
#7241=CARTESIAN_POINT('',(0.E0,2.8E0,0.E0));
#7242=DIRECTION('',(0.E0,-1.E0,0.E0));
#7243=DIRECTION('',(-9.991283216731E-1,0.E0,-4.174442274882E-2));
#7244=AXIS2_PLACEMENT_3D('',#7241,#7242,#7243);
#7245=TOROIDAL_SURFACE('',#7244,4.26E0,2.29E0);
#7246=ORIENTED_EDGE('',*,*,#3211,.F.);
#7247=ORIENTED_EDGE('',*,*,#3195,.T.);
#7249=ORIENTED_EDGE('',*,*,#7248,.T.);
#7250=ORIENTED_EDGE('',*,*,#3192,.F.);
#7251=EDGE_LOOP('',(#7246,#7247,#7249,#7250));
#7252=FACE_OUTER_BOUND('',#7251,.F.);
#7253=ADVANCED_FACE('',(#7252),#7245,.F.);
#7254=CARTESIAN_POINT('',(0.E0,8.799E0,0.E0));
#7255=DIRECTION('',(0.E0,-1.E0,0.E0));
#7256=DIRECTION('',(-1.E0,0.E0,0.E0));
#7257=AXIS2_PLACEMENT_3D('',#7254,#7255,#7256);
#7258=CYLINDRICAL_SURFACE('',#7257,1.97E0);
#7259=ORIENTED_EDGE('',*,*,#7248,.F.);
#7260=ORIENTED_EDGE('',*,*,#3180,.F.);
#7261=ORIENTED_EDGE('',*,*,#3165,.T.);
#7262=ORIENTED_EDGE('',*,*,#3177,.T.);
#7263=EDGE_LOOP('',(#7259,#7260,#7261,#7262));
#7264=FACE_OUTER_BOUND('',#7263,.F.);
#7265=ADVANCED_FACE('',(#7264),#7258,.T.);
#7266=CARTESIAN_POINT('',(0.E0,9.015E0,0.E0));
#7267=DIRECTION('',(0.E0,-1.E0,0.E0));
#7268=DIRECTION('',(-1.E0,0.E0,0.E0));
#7269=AXIS2_PLACEMENT_3D('',#7266,#7267,#7268);
#7270=CYLINDRICAL_SURFACE('',#7269,1.005E0);
#7272=ORIENTED_EDGE('',*,*,#7271,.F.);
#7274=ORIENTED_EDGE('',*,*,#7273,.F.);
#7275=ORIENTED_EDGE('',*,*,#3091,.T.);
#7277=ORIENTED_EDGE('',*,*,#7276,.T.);
#7278=EDGE_LOOP('',(#7272,#7274,#7275,#7277));
#7279=FACE_OUTER_BOUND('',#7278,.F.);
#7280=ADVANCED_FACE('',(#7279),#7270,.F.);
#7281=CARTESIAN_POINT('',(0.E0,-4.E-1,0.E0));
#7282=DIRECTION('',(0.E0,1.E0,0.E0));
#7283=DIRECTION('',(1.E0,0.E0,0.E0));
#7284=AXIS2_PLACEMENT_3D('',#7281,#7282,#7283);
#7285=PLANE('',#7284);
#7286=ORIENTED_EDGE('',*,*,#7271,.T.);
#7288=ORIENTED_EDGE('',*,*,#7287,.T.);
#7289=EDGE_LOOP('',(#7286,#7288));
#7290=FACE_OUTER_BOUND('',#7289,.F.);
#7291=ADVANCED_FACE('',(#7290),#7285,.T.);
#7292=CARTESIAN_POINT('',(0.E0,9.015E0,0.E0));
#7293=DIRECTION('',(0.E0,-1.E0,0.E0));
#7294=DIRECTION('',(-1.E0,0.E0,0.E0));
#7295=AXIS2_PLACEMENT_3D('',#7292,#7293,#7294);
#7296=CYLINDRICAL_SURFACE('',#7295,1.005E0);
#7297=ORIENTED_EDGE('',*,*,#7287,.F.);
#7298=ORIENTED_EDGE('',*,*,#7276,.F.);
#7299=ORIENTED_EDGE('',*,*,#3093,.T.);
#7300=ORIENTED_EDGE('',*,*,#7273,.T.);
#7301=EDGE_LOOP('',(#7297,#7298,#7299,#7300));
#7302=FACE_OUTER_BOUND('',#7301,.F.);
#7303=ADVANCED_FACE('',(#7302),#7296,.F.);
#7304=CLOSED_SHELL('',(#3097,#3112,#3127,#3141,#3153,#3169,#3184,#3199,#3216,
#3231,#3272,#3303,#3317,#3331,#3347,#3390,#3404,#3418,#3431,#3443,#3459,#3473,
#3486,#3514,#3528,#3542,#3562,#3576,#3590,#3616,#3630,#3646,#3660,#3676,#3690,
#3703,#3724,#3736,#3750,#3762,#3775,#3789,#3803,#3819,#3833,#3849,#3862,#3875,
#3896,#3908,#3922,#3934,#3981,#4003,#4025,#4072,#4094,#4115,#4143,#4165,#4178,
#4204,#4225,#4245,#4265,#4277,#4289,#4308,#4328,#4352,#4374,#4397,#4418,#4441,
#4479,#4501,#4523,#4549,#4597,#4618,#4645,#4664,#4690,#4710,#4729,#4750,#4771,
#4799,#4818,#4835,#4854,#4882,#4903,#4924,#4945,#4972,#4993,#5026,#5046,#5080,
#5101,#5194,#5231,#5251,#5272,#5314,#5335,#5367,#5387,#5418,#5438,#5475,#5568,
#5589,#5622,#5643,#5740,#5777,#5797,#5817,#5837,#5874,#5971,#5991,#6019,#6043,
#6079,#6102,#6122,#6148,#6167,#6186,#6205,#6225,#6253,#6277,#6304,#6323,#6343,
#6365,#6385,#6418,#6440,#6458,#6477,#6523,#6541,#6584,#6605,#6625,#6637,#6659,
#6681,#6702,#6722,#6742,#6761,#6775,#6796,#6809,#6821,#6843,#6865,#6886,#6906,
#6926,#6938,#6951,#6970,#6984,#7005,#7018,#7030,#7052,#7074,#7095,#7115,#7141,
#7153,#7166,#7178,#7191,#7203,#7216,#7228,#7240,#7253,#7265,#7280,#7291,#7303));
#7305=MANIFOLD_SOLID_BREP('',#7304);
#7307=DIMENSIONAL_EXPONENTS(0.E0,0.E0,0.E0,0.E0,0.E0,0.E0,0.E0);
#7309=PLANE_ANGLE_MEASURE_WITH_UNIT(PLANE_ANGLE_MEASURE(1.745329251994E-2),
#7308);
#7310=(CONVERSION_BASED_UNIT('DEGREE',#7309)NAMED_UNIT(*)PLANE_ANGLE_UNIT());
#7312=UNCERTAINTY_MEASURE_WITH_UNIT(LENGTH_MEASURE(1.289155940210E-3),#7306,
'closure',
'Maximum model space distance between geometric entities at asserted connectivities');
#7313=(GEOMETRIC_REPRESENTATION_CONTEXT(3)GLOBAL_UNCERTAINTY_ASSIGNED_CONTEXT((
#7312))GLOBAL_UNIT_ASSIGNED_CONTEXT((#7306,#7310,#7311))REPRESENTATION_CONTEXT(
'ID1','3'));
#7315=MECHANICAL_DESIGN_GEOMETRIC_PRESENTATION_REPRESENTATION('',(#3988,#4079,
#4150,#4211,#4232,#4252,#4296,#4315,#4335,#4359,#4381,#4404,#4425,#4448,#4486,
#4508,#4530,#4556,#4604,#4625,#4652,#4671,#4697,#4717,#4736,#4757,#4778,#4806,
#4825,#4842,#4861,#4889,#4910,#4931,#4952,#4979,#5000,#5033,#5053,#5087,#5108,
#5201,#5238,#5258,#5279,#5321,#5342,#5374,#5394,#5425,#5445,#5482,#5575,#5596,
#5629,#5650,#5747,#5784,#5804,#5824,#5844,#5881,#5978,#5998,#6026,#6050,#6067,
#6086,#6109,#6129,#6155,#6174,#6193,#6212,#6232,#6260,#6284,#6311,#6330,#6350,
#6372,#6392,#6408,#6425,#6447,#6465,#6484,#6530,#6548,#6591,#6666,#6688,#6729,
#6850,#6872,#6913,#7059,#7081,#7122),#7313);
#7316=APPLICATION_CONTEXT(
'CONFIGURATION CONTROLLED 3D DESIGNS OF MECHANICAL PARTS AND ASSEMBLIES');
#7317=APPLICATION_PROTOCOL_DEFINITION('international standard',
'config_control_design',1994,#7316);
#7318=DESIGN_CONTEXT('',#7316,'design');
#7319=MECHANICAL_CONTEXT('',#7316,'mechanical');
#7320=PRODUCT('HSCSGNN001PGAA5_SW0001','HSCSGNN001PGAA5_SW0001','NOT SPECIFIED',
(#7319));
#7321=PRODUCT_DEFINITION_FORMATION_WITH_SPECIFIED_SOURCE('1','LAST_VERSION',
#7320,.MADE.);
#7325=PRODUCT_CATEGORY('part','');
#7326=PRODUCT_RELATED_PRODUCT_CATEGORY('detail','',(#7320));
#7327=PRODUCT_CATEGORY_RELATIONSHIP('','',#7325,#7326);
#7328=SECURITY_CLASSIFICATION_LEVEL('unclassified');
#7329=SECURITY_CLASSIFICATION('','',#7328);
#7330=CC_DESIGN_SECURITY_CLASSIFICATION(#7329,(#7321));
#7331=APPROVAL_STATUS('approved');
#7332=APPROVAL(#7331,'');
#7333=CC_DESIGN_APPROVAL(#7332,(#7329,#7321,#7322));
#7334=CALENDAR_DATE(117,6,11);
#7335=COORDINATED_UNIVERSAL_TIME_OFFSET(5,30,.AHEAD.);
#7336=LOCAL_TIME(16,59,2.5E1,#7335);
#7337=DATE_AND_TIME(#7334,#7336);
#7338=APPROVAL_DATE_TIME(#7337,#7332);
#7339=DATE_TIME_ROLE('creation_date');
#7340=CC_DESIGN_DATE_AND_TIME_ASSIGNMENT(#7337,#7339,(#7322));
#7341=DATE_TIME_ROLE('classification_date');
#7342=CC_DESIGN_DATE_AND_TIME_ASSIGNMENT(#7337,#7341,(#7329));
#7343=PERSON('UNSPECIFIED','UNSPECIFIED',$,$,$,$);
#7344=ORGANIZATION('UNSPECIFIED','UNSPECIFIED','UNSPECIFIED');
#7345=PERSON_AND_ORGANIZATION(#7343,#7344);
#7346=APPROVAL_ROLE('approver');
#7347=APPROVAL_PERSON_ORGANIZATION(#7345,#7332,#7346);
#7348=PERSON_AND_ORGANIZATION_ROLE('creator');
#7349=CC_DESIGN_PERSON_AND_ORGANIZATION_ASSIGNMENT(#7345,#7348,(#7321,#7322));
#7350=PERSON_AND_ORGANIZATION_ROLE('design_supplier');
#7351=CC_DESIGN_PERSON_AND_ORGANIZATION_ASSIGNMENT(#7345,#7350,(#7321));
#7352=PERSON_AND_ORGANIZATION_ROLE('classification_officer');
#7353=CC_DESIGN_PERSON_AND_ORGANIZATION_ASSIGNMENT(#7345,#7352,(#7329));
#7354=PERSON_AND_ORGANIZATION_ROLE('design_owner');
#7355=CC_DESIGN_PERSON_AND_ORGANIZATION_ASSIGNMENT(#7345,#7354,(#7320));
#1=DRAUGHTING_PRE_DEFINED_COLOUR('green');
#2=COLOUR_RGB('',1.1E-2,1.2E-2,1.E0);
#3=COLOUR_RGB('',1.281476514327E-1,3.188235408623E-1,1.E0);
#4=COLOUR_RGB('',2.424498128852E-1,9.557877215774E-2,1.E0);
#5=COLOUR_RGB('',4.1E-1,2.61589E-1,1.12848E-1);
#6=COLOUR_RGB('',5.04854E-1,1.5455E-2,1.5455E-2);
#7=COLOUR_RGB('',6.40777E-1,6.40777E-1,6.40777E-1);
#8=COLOUR_RGB('',6.69062E-1,6.69903E-1,6.55217E-1);
#9=COLOUR_RGB('',6.952E-1,7.426E-1,7.9E-1);
#10=COLOUR_RGB('',9.21569E-1,7.05882E-1,4.70588E-1);
#11=DRAUGHTING_PRE_DEFINED_COLOUR('red');
#12=DRAUGHTING_PRE_DEFINED_COLOUR('yellow');
#13=COLOUR_RGB('',1.E0,1.E0,5.3E-1);
#14=COLOUR_RGB('',1.E0,1.E0,9.49E-1);
#15=DRAUGHTING_PRE_DEFINED_COLOUR('white');
#20=CIRCLE('',#19,1.391599194107E0);
#25=CIRCLE('',#24,1.391599194107E0);
#30=CIRCLE('',#29,1.005E0);
#35=CIRCLE('',#34,1.005E0);
#40=CIRCLE('',#39,2.5E-1);
#45=CIRCLE('',#44,1.635064731213E0);
#58=CIRCLE('',#57,1.635064731213E0);
#63=CIRCLE('',#62,2.5E-1);
#68=CIRCLE('',#67,2.39E0);
#73=CIRCLE('',#72,2.39E0);
#78=CIRCLE('',#77,1.97E0);
#83=CIRCLE('',#82,1.97E0);
#88=CIRCLE('',#87,2.29E0);
#93=CIRCLE('',#92,4.26E0);
#98=CIRCLE('',#97,4.26E0);
#103=CIRCLE('',#102,6.275E0);
#108=CIRCLE('',#107,6.275E0);
#113=CIRCLE('',#112,1.97E0);
#118=CIRCLE('',#117,1.97E0);
#123=CIRCLE('',#122,1.97E0);
#128=CIRCLE('',#127,1.97E0);
#137=CIRCLE('',#136,9.53E0);
#154=CIRCLE('',#153,3.8E-1);
#159=CIRCLE('',#158,3.8E-1);
#164=CIRCLE('',#163,9.53E0);
#169=CIRCLE('',#168,3.18E0);
#190=CIRCLE('',#189,9.53E0);
#199=CIRCLE('',#198,7.9E-1);
#208=CIRCLE('',#207,7.9E-1);
#217=CIRCLE('',#216,9.53E0);
#226=CIRCLE('',#225,7.9E-1);
#235=CIRCLE('',#234,7.9E-1);
#244=CIRCLE('',#243,9.53E0);
#249=CIRCLE('',#248,7.62E0);
#254=CIRCLE('',#253,7.62E0);
#263=CIRCLE('',#262,7.92E0);
#272=CIRCLE('',#271,9.53E0);
#281=CIRCLE('',#280,7.92E0);
#302=CIRCLE('',#301,3.8E-1);
#307=CIRCLE('',#306,3.18E0);
#312=CIRCLE('',#311,9.53E0);
#317=CIRCLE('',#316,3.8E-1);
#326=CIRCLE('',#325,3.18E0);
#343=CIRCLE('',#342,3.8E-1);
#348=CIRCLE('',#347,3.8E-1);
#353=CIRCLE('',#352,9.53E0);
#358=CIRCLE('',#357,3.18E0);
#375=CIRCLE('',#374,9.53E0);
#380=CIRCLE('',#379,3.8E-1);
#385=CIRCLE('',#384,3.8E-1);
#390=CIRCLE('',#389,3.18E0);
#395=CIRCLE('',#394,9.53E0);
#404=CIRCLE('',#403,3.18E0);
#421=CIRCLE('',#420,3.18E0);
#430=CIRCLE('',#429,7.9E-1);
#451=CIRCLE('',#450,3.18E0);
#460=CIRCLE('',#459,7.9E-1);
#473=CIRCLE('',#472,3.18E0);
#482=CIRCLE('',#481,7.9E-1);
#491=CIRCLE('',#490,7.9E-1);
#500=CIRCLE('',#499,1.97E0);
#505=CIRCLE('',#504,1.97E0);
#538=CIRCLE('',#537,3.18E0);
#547=CIRCLE('',#546,7.9E-1);
#568=CIRCLE('',#567,3.18E0);
#577=CIRCLE('',#576,7.9E-1);
#590=CIRCLE('',#589,3.18E0);
#599=CIRCLE('',#598,7.9E-1);
#608=CIRCLE('',#607,7.9E-1);
#617=CIRCLE('',#616,1.97E0);
#622=CIRCLE('',#621,1.97E0);
#639=CIRCLE('',#638,7.62E0);
#648=CIRCLE('',#647,7.62E0);
#657=CIRCLE('',#656,7.62E0);
#666=CIRCLE('',#665,7.62E0);
#675=CIRCLE('',#674,7.62E0);
#684=CIRCLE('',#683,7.62E0);
#693=CIRCLE('',#692,7.62E0);
#702=CIRCLE('',#701,7.62E0);
#711=CIRCLE('',#710,7.62E0);
#748=CIRCLE('',#747,7.62E0);
#753=CIRCLE('',#752,7.62E0);
#758=CIRCLE('',#757,7.62E0);
#763=CIRCLE('',#762,7.62E0);
#768=CIRCLE('',#767,7.62E0);
#777=CIRCLE('',#776,7.62E0);
#782=CIRCLE('',#781,7.62E0);
#811=CIRCLE('',#810,7.05E0);
#832=CIRCLE('',#831,7.05E0);
#853=CIRCLE('',#852,7.62E0);
#914=CIRCLE('',#913,7.62E0);
#923=CIRCLE('',#922,7.62E0);
#936=CIRCLE('',#935,6.5405E0);
#945=CIRCLE('',#944,6.5405E0);
#950=CIRCLE('',#949,6.5405E0);
#955=CIRCLE('',#954,6.5405E0);
#964=CIRCLE('',#963,6.5405E0);
#969=CIRCLE('',#968,6.5405E0);
#974=CIRCLE('',#973,5.59E0);
#979=CIRCLE('',#978,5.59E0);
#984=CIRCLE('',#983,5.59E0);
#993=CIRCLE('',#992,5.59E0);
#1008=B_SPLINE_CURVE_WITH_KNOTS('',3,(#1002,#1003,#1004,#1005,#1006,#1007),
.UNSPECIFIED.,.F.,.F.,(4,1,1,4),(0.E0,3.333333333333E-1,6.666666666667E-1,1.E0),
.UNSPECIFIED.);
#1015=B_SPLINE_CURVE_WITH_KNOTS('',3,(#1009,#1010,#1011,#1012,#1013,#1014),
.UNSPECIFIED.,.F.,.F.,(4,1,1,4),(0.E0,3.333333333333E-1,6.666666666667E-1,1.E0),
.UNSPECIFIED.);
#1020=CIRCLE('',#1019,5.889998366912E0);
#1029=CIRCLE('',#1028,5.1E-1);
#1050=CIRCLE('',#1049,5.1E-1);
#1063=CIRCLE('',#1062,5.59E0);
#1068=CIRCLE('',#1067,5.59E0);
#1073=CIRCLE('',#1072,5.59E0);
#1082=CIRCLE('',#1081,5.1E-1);
#1091=CIRCLE('',#1090,5.1E-1);
#1108=CIRCLE('',#1107,5.1E-1);
#1127=B_SPLINE_CURVE_WITH_KNOTS('',3,(#1121,#1122,#1123,#1124,#1125,#1126),
.UNSPECIFIED.,.F.,.F.,(4,1,1,4),(0.E0,3.333333333333E-1,6.666666666667E-1,1.E0),
.UNSPECIFIED.);
#1134=B_SPLINE_CURVE_WITH_KNOTS('',3,(#1128,#1129,#1130,#1131,#1132,#1133),
.UNSPECIFIED.,.F.,.F.,(4,1,1,4),(0.E0,3.333333333333E-1,6.666666666667E-1,1.E0),
.UNSPECIFIED.);
#1139=CIRCLE('',#1138,5.889998352958E0);
#1148=CIRCLE('',#1147,5.1E-1);
#1169=CIRCLE('',#1168,5.1E-1);
#1182=CIRCLE('',#1181,5.59E0);
#1187=CIRCLE('',#1186,5.1E-1);
#1210=B_SPLINE_CURVE_WITH_KNOTS('',3,(#1204,#1205,#1206,#1207,#1208,#1209),
.UNSPECIFIED.,.F.,.F.,(4,1,1,4),(0.E0,3.333333333333E-1,6.666666666667E-1,1.E0),
.UNSPECIFIED.);
#1225=B_SPLINE_CURVE_WITH_KNOTS('',3,(#1211,#1212,#1213,#1214,#1215,#1216,#1217,
#1218,#1219,#1220,#1221,#1222,#1223,#1224),.UNSPECIFIED.,.F.,.F.,(4,1,1,1,1,1,1,
1,1,1,1,4),(0.E0,9.090909090909E-2,1.818181818182E-1,2.727272727273E-1,
3.636363636364E-1,4.545454545455E-1,5.454545454545E-1,6.363636363636E-1,
7.272727272727E-1,8.181818181818E-1,9.090909090909E-1,1.E0),.UNSPECIFIED.);
#1238=CIRCLE('',#1237,5.059105897533E-1);
#1243=CIRCLE('',#1242,4.944357132038E-1);
#1264=CIRCLE('',#1263,5.059105897533E-1);
#1269=CIRCLE('',#1268,4.944357132038E-1);
#1296=B_SPLINE_CURVE_WITH_KNOTS('',3,(#1282,#1283,#1284,#1285,#1286,#1287,#1288,
#1289,#1290,#1291,#1292,#1293,#1294,#1295),.UNSPECIFIED.,.F.,.F.,(4,1,1,1,1,1,1,
1,1,1,1,4),(0.E0,9.090909090909E-2,1.818181818182E-1,2.727272727273E-1,
3.636363636364E-1,4.545454545455E-1,5.454545454545E-1,6.363636363636E-1,
7.272727272727E-1,8.181818181818E-1,9.090909090909E-1,1.E0),.UNSPECIFIED.);
#1303=B_SPLINE_CURVE_WITH_KNOTS('',3,(#1297,#1298,#1299,#1300,#1301,#1302),
.UNSPECIFIED.,.F.,.F.,(4,1,1,4),(0.E0,3.333333333333E-1,6.666666666667E-1,1.E0),
.UNSPECIFIED.);
#1316=CIRCLE('',#1315,5.059105897533E-1);
#1321=CIRCLE('',#1320,5.022898942155E-1);
#1348=B_SPLINE_CURVE_WITH_KNOTS('',3,(#1334,#1335,#1336,#1337,#1338,#1339,#1340,
#1341,#1342,#1343,#1344,#1345,#1346,#1347),.UNSPECIFIED.,.F.,.F.,(4,1,1,1,1,1,1,
1,1,1,1,4),(0.E0,9.090909090909E-2,1.818181818182E-1,2.727272727273E-1,
3.636363636364E-1,4.545454545455E-1,5.454545454545E-1,6.363636363636E-1,
7.272727272727E-1,8.181818181818E-1,9.090909090909E-1,1.E0),.UNSPECIFIED.);
#1355=B_SPLINE_CURVE_WITH_KNOTS('',3,(#1349,#1350,#1351,#1352,#1353,#1354),
.UNSPECIFIED.,.F.,.F.,(4,1,1,4),(0.E0,3.333333333333E-1,6.666666666667E-1,1.E0),
.UNSPECIFIED.);
#1366=B_SPLINE_CURVE_WITH_KNOTS('',3,(#1360,#1361,#1362,#1363,#1364,#1365),
.UNSPECIFIED.,.F.,.F.,(4,1,1,4),(0.E0,3.333333333333E-1,6.666666666667E-1,1.E0),
.UNSPECIFIED.);
#1381=B_SPLINE_CURVE_WITH_KNOTS('',3,(#1367,#1368,#1369,#1370,#1371,#1372,#1373,
#1374,#1375,#1376,#1377,#1378,#1379,#1380),.UNSPECIFIED.,.F.,.F.,(4,1,1,1,1,1,1,
1,1,1,1,4),(0.E0,9.090909090909E-2,1.818181818182E-1,2.727272727273E-1,
3.636363636364E-1,4.545454545455E-1,5.454545454545E-1,6.363636363636E-1,
7.272727272727E-1,8.181818181818E-1,9.090909090909E-1,1.E0),.UNSPECIFIED.);
#1394=CIRCLE('',#1393,5.059105897533E-1);
#1399=CIRCLE('',#1398,5.022898942155E-1);
#1404=CIRCLE('',#1403,4.E-1);
#1409=CIRCLE('',#1408,4.E-1);
#1414=CIRCLE('',#1413,3.999999990569E-1);
#1419=CIRCLE('',#1418,4.E-1);
#1424=CIRCLE('',#1423,4.E-1);
#1429=CIRCLE('',#1428,4.E-1);
#1434=CIRCLE('',#1433,4.E-1);
#1439=CIRCLE('',#1438,4.E-1);
#1448=CIRCLE('',#1447,5.07E0);
#1457=CIRCLE('',#1456,5.07E0);
#1466=CIRCLE('',#1465,9.445094397815E-2);
#1475=CIRCLE('',#1474,9.445094397815E-2);
#1480=CIRCLE('',#1479,4.E-1);
#1485=CIRCLE('',#1484,4.E-1);
#1490=CIRCLE('',#1489,3.2E-1);
#1495=CIRCLE('',#1494,3.2E-1);
#1500=CIRCLE('',#1499,4.E-1);
#1505=CIRCLE('',#1504,4.E-1);
#1510=CIRCLE('',#1509,4.E-1);
#1515=CIRCLE('',#1514,4.E-1);
#1520=CIRCLE('',#1519,4.E-1);
#1525=CIRCLE('',#1524,4.E-1);
#1530=CIRCLE('',#1529,3.999994027548E-1);
#1535=CIRCLE('',#1534,4.E-1);
#1540=CIRCLE('',#1539,4.E-1);
#1545=CIRCLE('',#1544,4.E-1);
#1550=CIRCLE('',#1549,4.000000445790E-1);
#1555=CIRCLE('',#1554,4.E-1);
#1560=CIRCLE('',#1559,4.E-1);
#1565=CIRCLE('',#1564,4.E-1);
#1570=CIRCLE('',#1569,4.E-1);
#1575=CIRCLE('',#1574,4.E-1);
#1580=CIRCLE('',#1579,4.E-1);
#1585=CIRCLE('',#1584,4.E-1);
#1590=CIRCLE('',#1589,3.999993807825E-1);
#1595=CIRCLE('',#1594,4.E-1);
#1604=CIRCLE('',#1603,5.62E0);
#1613=CIRCLE('',#1612,1.023051249898E-1);
#1622=CIRCLE('',#1621,5.62E0);
#1637=B_SPLINE_CURVE_WITH_KNOTS('',3,(#1627,#1628,#1629,#1630,#1631,#1632,#1633,
#1634,#1635,#1636),.UNSPECIFIED.,.F.,.F.,(4,1,1,1,1,1,1,4),(0.E0,
1.428621418156E-1,2.857194985564E-1,4.285735480369E-1,5.714264222964E-1,
7.142804815462E-1,8.571378512368E-1,1.E0),.UNSPECIFIED.);
#1657=B_SPLINE_CURVE_WITH_KNOTS('',3,(#1646,#1647,#1648,#1649,#1650,#1651,#1652,
#1653,#1654,#1655,#1656),.UNSPECIFIED.,.F.,.F.,(4,1,1,1,1,1,1,1,4),(0.E0,
1.25E-1,2.5E-1,3.75E-1,5.E-1,6.25E-1,7.5E-1,8.75E-1,1.E0),.UNSPECIFIED.);
#1686=B_SPLINE_CURVE_WITH_KNOTS('',3,(#1658,#1659,#1660,#1661,#1662,#1663,#1664,
#1665,#1666,#1667,#1668,#1669,#1670,#1671,#1672,#1673,#1674,#1675,#1676,#1677,
#1678,#1679,#1680,#1681,#1682,#1683,#1684,#1685),.UNSPECIFIED.,.F.,.F.,(4,1,1,1,
1,1,1,1,1,1,1,1,1,1,1,1,1,1,1,1,1,1,1,1,1,4),(0.E0,4.E-2,8.E-2,1.2E-1,1.6E-1,
2.E-1,2.4E-1,2.8E-1,3.2E-1,3.6E-1,4.E-1,4.4E-1,4.8E-1,5.2E-1,5.6E-1,6.E-1,
6.4E-1,6.8E-1,7.2E-1,7.6E-1,8.E-1,8.4E-1,8.8E-1,9.2E-1,9.6E-1,1.E0),
.UNSPECIFIED.);
#1695=CIRCLE('',#1694,5.47E0);
#1704=CIRCLE('',#1703,5.47E0);
#1711=B_SPLINE_CURVE_WITH_KNOTS('',3,(#1705,#1706,#1707,#1708,#1709,#1710),
.UNSPECIFIED.,.F.,.F.,(4,1,1,4),(0.E0,3.333333333333E-1,6.666666666667E-1,1.E0),
.UNSPECIFIED.);
#1716=CIRCLE('',#1715,5.47E0);
#1723=B_SPLINE_CURVE_WITH_KNOTS('',3,(#1717,#1718,#1719,#1720,#1721,#1722),
.UNSPECIFIED.,.F.,.F.,(4,1,1,4),(0.E0,3.333333333333E-1,6.666666666667E-1,1.E0),
.UNSPECIFIED.);
#1728=CIRCLE('',#1727,5.47E0);
#1743=B_SPLINE_CURVE_WITH_KNOTS('',3,(#1733,#1734,#1735,#1736,#1737,#1738,#1739,
#1740,#1741,#1742),.UNSPECIFIED.,.F.,.F.,(4,1,1,1,1,1,1,4),(0.E0,
1.428621487632E-1,2.857195184538E-1,4.285735777036E-1,5.714264519631E-1,
7.142805014436E-1,8.571378581844E-1,1.E0),.UNSPECIFIED.);
#1759=B_SPLINE_CURVE_WITH_KNOTS('',3,(#1748,#1749,#1750,#1751,#1752,#1753,#1754,
#1755,#1756,#1757,#1758),.UNSPECIFIED.,.F.,.F.,(4,1,1,1,1,1,1,1,4),(0.E0,
1.25E-1,2.5E-1,3.75E-1,5.E-1,6.25E-1,7.5E-1,8.75E-1,1.E0),.UNSPECIFIED.);
#1788=B_SPLINE_CURVE_WITH_KNOTS('',3,(#1760,#1761,#1762,#1763,#1764,#1765,#1766,
#1767,#1768,#1769,#1770,#1771,#1772,#1773,#1774,#1775,#1776,#1777,#1778,#1779,
#1780,#1781,#1782,#1783,#1784,#1785,#1786,#1787),.UNSPECIFIED.,.F.,.F.,(4,1,1,1,
1,1,1,1,1,1,1,1,1,1,1,1,1,1,1,1,1,1,1,1,1,4),(0.E0,4.E-2,8.E-2,1.2E-1,1.6E-1,
2.E-1,2.4E-1,2.8E-1,3.2E-1,3.6E-1,4.E-1,4.4E-1,4.8E-1,5.2E-1,5.6E-1,6.E-1,
6.4E-1,6.8E-1,7.2E-1,7.6E-1,8.E-1,8.4E-1,8.8E-1,9.2E-1,9.6E-1,1.E0),
.UNSPECIFIED.);
#1797=CIRCLE('',#1796,5.47E0);
#1806=CIRCLE('',#1805,5.47E0);
#1813=B_SPLINE_CURVE_WITH_KNOTS('',3,(#1807,#1808,#1809,#1810,#1811,#1812),
.UNSPECIFIED.,.F.,.F.,(4,1,1,4),(0.E0,3.333333333333E-1,6.666666666667E-1,1.E0),
.UNSPECIFIED.);
#1818=CIRCLE('',#1817,5.47E0);
#1825=B_SPLINE_CURVE_WITH_KNOTS('',3,(#1819,#1820,#1821,#1822,#1823,#1824),
.UNSPECIFIED.,.F.,.F.,(4,1,1,4),(0.E0,3.333333333333E-1,6.666666666667E-1,1.E0),
.UNSPECIFIED.);
#1830=CIRCLE('',#1829,5.47E0);
#1839=CIRCLE('',#1838,5.62E0);
#1848=CIRCLE('',#1847,1.023051249898E-1);
#1857=CIRCLE('',#1856,5.62E0);
#1872=B_SPLINE_CURVE_WITH_KNOTS('',3,(#1862,#1863,#1864,#1865,#1866,#1867,#1868,
#1869,#1870,#1871),.UNSPECIFIED.,.F.,.F.,(4,1,1,1,1,1,1,4),(0.E0,
1.428621418156E-1,2.857194985564E-1,4.285735480369E-1,5.714264222964E-1,
7.142804815462E-1,8.571378512368E-1,1.E0),.UNSPECIFIED.);
#1884=B_SPLINE_CURVE_WITH_KNOTS('',3,(#1873,#1874,#1875,#1876,#1877,#1878,#1879,
#1880,#1881,#1882,#1883),.UNSPECIFIED.,.F.,.F.,(4,1,1,1,1,1,1,1,4),(0.E0,
1.25E-1,2.5E-1,3.75E-1,5.E-1,6.25E-1,7.5E-1,8.75E-1,1.E0),.UNSPECIFIED.);
#1913=B_SPLINE_CURVE_WITH_KNOTS('',3,(#1885,#1886,#1887,#1888,#1889,#1890,#1891,
#1892,#1893,#1894,#1895,#1896,#1897,#1898,#1899,#1900,#1901,#1902,#1903,#1904,
#1905,#1906,#1907,#1908,#1909,#1910,#1911,#1912),.UNSPECIFIED.,.F.,.F.,(4,1,1,1,
1,1,1,1,1,1,1,1,1,1,1,1,1,1,1,1,1,1,1,1,1,4),(0.E0,4.E-2,8.E-2,1.2E-1,1.6E-1,
2.E-1,2.4E-1,2.8E-1,3.2E-1,3.6E-1,4.E-1,4.4E-1,4.8E-1,5.2E-1,5.6E-1,6.E-1,
6.4E-1,6.8E-1,7.2E-1,7.6E-1,8.E-1,8.4E-1,8.8E-1,9.2E-1,9.6E-1,1.E0),
.UNSPECIFIED.);
#1925=B_SPLINE_CURVE_WITH_KNOTS('',3,(#1914,#1915,#1916,#1917,#1918,#1919,#1920,
#1921,#1922,#1923,#1924),.UNSPECIFIED.,.F.,.F.,(4,1,1,1,1,1,1,1,4),(0.E0,
1.25E-1,2.5E-1,3.75E-1,5.E-1,6.25E-1,7.5E-1,8.75E-1,1.E0),.UNSPECIFIED.);
#1954=B_SPLINE_CURVE_WITH_KNOTS('',3,(#1926,#1927,#1928,#1929,#1930,#1931,#1932,
#1933,#1934,#1935,#1936,#1937,#1938,#1939,#1940,#1941,#1942,#1943,#1944,#1945,
#1946,#1947,#1948,#1949,#1950,#1951,#1952,#1953),.UNSPECIFIED.,.F.,.F.,(4,1,1,1,
1,1,1,1,1,1,1,1,1,1,1,1,1,1,1,1,1,1,1,1,1,4),(0.E0,4.E-2,8.E-2,1.2E-1,1.6E-1,
2.E-1,2.4E-1,2.8E-1,3.2E-1,3.6E-1,4.E-1,4.4E-1,4.8E-1,5.2E-1,5.6E-1,6.E-1,
6.4E-1,6.8E-1,7.2E-1,7.6E-1,8.E-1,8.4E-1,8.8E-1,9.2E-1,9.6E-1,1.E0),
.UNSPECIFIED.);
#1973=B_SPLINE_CURVE_WITH_KNOTS('',3,(#1963,#1964,#1965,#1966,#1967,#1968,#1969,
#1970,#1971,#1972),.UNSPECIFIED.,.F.,.F.,(4,1,1,1,1,1,1,4),(0.E0,
1.428621487632E-1,2.857195184538E-1,4.285735777036E-1,5.714264519631E-1,
7.142805014436E-1,8.571378581844E-1,1.E0),.UNSPECIFIED.);
#1986=CIRCLE('',#1985,4.E-1);
#1995=CIRCLE('',#1994,4.E-1);
#2004=CIRCLE('',#2003,1.9E-1);
#2009=CIRCLE('',#2008,1.302633403899E-1);
#2014=CIRCLE('',#2013,1.302633403899E-1);
#2019=CIRCLE('',#2018,1.9E-1);
#2144=CIRCLE('',#2143,7.62E0);
#2269=CIRCLE('',#2268,7.62E0);
#2350=CIRCLE('',#2349,7.62E0);
#2399=CIRCLE('',#2398,6.275E0);
#2408=CIRCLE('',#2407,6.275E0);
#2417=CIRCLE('',#2416,2.29E0);
#2422=CIRCLE('',#2421,1.97E0);
#2431=CIRCLE('',#2430,1.97E0);
#2440=CIRCLE('',#2439,1.005E0);
#2445=CIRCLE('',#2444,1.005E0);
#3085=EDGE_CURVE('',#2568,#2569,#20,.T.);
#3087=EDGE_CURVE('',#2569,#2568,#25,.T.);
#3091=EDGE_CURVE('',#2560,#2561,#30,.T.);
#3093=EDGE_CURVE('',#2561,#2560,#35,.T.);
#3103=EDGE_CURVE('',#2564,#2565,#45,.T.);
#3105=EDGE_CURVE('',#2565,#2569,#63,.T.);
#3108=EDGE_CURVE('',#2564,#2568,#40,.T.);
#3119=EDGE_CURVE('',#2564,#2457,#49,.T.);
#3121=EDGE_CURVE('',#2456,#2457,#68,.T.);
#3123=EDGE_CURVE('',#2565,#2456,#53,.T.);
#3133=EDGE_CURVE('',#2565,#2564,#58,.T.);
#3136=EDGE_CURVE('',#2456,#2457,#73,.T.);
#3163=EDGE_CURVE('',#2460,#2461,#83,.T.);
#3165=EDGE_CURVE('',#2460,#2461,#2431,.T.);
#3175=EDGE_CURVE('',#2577,#2576,#78,.T.);
#3177=EDGE_CURVE('',#2461,#2577,#2435,.T.);
#3180=EDGE_CURVE('',#2460,#2576,#2426,.T.);
#3190=EDGE_CURVE('',#2573,#2572,#98,.T.);
#3192=EDGE_CURVE('',#2573,#2577,#88,.T.);
#3195=EDGE_CURVE('',#2572,#2576,#2417,.T.);
#3205=EDGE_CURVE('',#2464,#2465,#108,.T.);
#3207=EDGE_CURVE('',#2464,#2465,#2408,.T.);
#3211=EDGE_CURVE('',#2572,#2573,#93,.T.);
#3222=EDGE_CURVE('',#2472,#2473,#103,.T.);
#3224=EDGE_CURVE('',#2465,#2473,#2412,.T.);
#3227=EDGE_CURVE('',#2464,#2472,#2403,.T.);
#3237=EDGE_CURVE('',#2621,#2627,#137,.T.);
#3239=EDGE_CURVE('',#2619,#2621,#154,.T.);
#3241=EDGE_CURVE('',#2613,#2619,#404,.T.);
#3243=EDGE_CURVE('',#2611,#2613,#380,.T.);
#3245=EDGE_CURVE('',#2637,#2611,#375,.T.);
#3247=EDGE_CURVE('',#2635,#2637,#343,.T.);
#3249=EDGE_CURVE('',#2629,#2635,#326,.T.);
#3251=EDGE_CURVE('',#2627,#2629,#317,.T.);
#3256=EDGE_CURVE('',#2473,#2472,#2399,.T.);
#3260=EDGE_CURVE('',#2544,#2545,#113,.T.);
#3262=EDGE_CURVE('',#2545,#2544,#118,.T.);
#3266=EDGE_CURVE('',#2548,#2549,#123,.T.);
#3268=EDGE_CURVE('',#2549,#2548,#128,.T.);
#3278=EDGE_CURVE('',#2621,#2616,#132,.T.);
#3281=EDGE_CURVE('',#2627,#2625,#141,.T.);
#3283=EDGE_CURVE('',#2625,#2600,#312,.T.);
#3285=EDGE_CURVE('',#2541,#2600,#297,.T.);
#3287=EDGE_CURVE('',#2589,#2541,#190,.T.);
#3289=EDGE_CURVE('',#2585,#2589,#289,.T.);
#3291=EDGE_CURVE('',#2583,#2585,#272,.T.);
#3293=EDGE_CURVE('',#2583,#2587,#145,.T.);
#3295=EDGE_CURVE('',#2539,#2587,#244,.T.);
#3297=EDGE_CURVE('',#2539,#2597,#149,.T.);
#3299=EDGE_CURVE('',#2597,#2616,#164,.T.);
#3309=EDGE_CURVE('',#2616,#2617,#159,.T.);
#3311=EDGE_CURVE('',#2619,#2617,#408,.T.);
#3325=EDGE_CURVE('',#2596,#2597,#173,.T.);
#3327=EDGE_CURVE('',#2617,#2596,#169,.T.);
#3339=EDGE_CURVE('',#2509,#2539,#239,.T.);
#3341=EDGE_CURVE('',#2504,#2509,#425,.T.);
#3343=EDGE_CURVE('',#2504,#2596,#177,.T.);
#3353=EDGE_CURVE('',#2641,#2587,#181,.T.);
#3355=EDGE_CURVE('',#2640,#2641,#281,.T.);
#3357=EDGE_CURVE('',#2589,#2640,#185,.T.);
#3360=EDGE_CURVE('',#2541,#2535,#194,.T.);
#3362=EDGE_CURVE('',#2533,#2535,#199,.T.);
#3364=EDGE_CURVE('',#2531,#2533,#203,.T.);
#3366=EDGE_CURVE('',#2529,#2531,#208,.T.);
#3368=EDGE_CURVE('',#2529,#2468,#212,.T.);
#3370=EDGE_CURVE('',#2468,#2469,#217,.T.);
#3372=EDGE_CURVE('',#2469,#2515,#221,.T.);
#3374=EDGE_CURVE('',#2513,#2515,#226,.T.);
#3376=EDGE_CURVE('',#2511,#2513,#230,.T.);
#3378=EDGE_CURVE('',#2509,#2511,#235,.T.);
#3384=EDGE_CURVE('',#2652,#2653,#249,.T.);
#3386=EDGE_CURVE('',#2653,#2652,#254,.T.);
#3398=EDGE_CURVE('',#2581,#2583,#267,.T.);
#3400=EDGE_CURVE('',#2581,#2641,#258,.T.);
#3410=EDGE_CURVE('',#2580,#2581,#263,.T.);
#3414=EDGE_CURVE('',#2585,#2580,#276,.T.);
#3427=EDGE_CURVE('',#2580,#2640,#285,.T.);
#3449=EDGE_CURVE('',#2600,#2601,#293,.T.);
#3451=EDGE_CURVE('',#2521,#2601,#338,.T.);
#3453=EDGE_CURVE('',#2535,#2521,#581,.T.);
#3465=EDGE_CURVE('',#2624,#2625,#302,.T.);
#3467=EDGE_CURVE('',#2601,#2624,#307,.T.);
#3482=EDGE_CURVE('',#2629,#2624,#321,.T.);
#3494=EDGE_CURVE('',#2635,#2633,#330,.T.);
#3496=EDGE_CURVE('',#2633,#2604,#358,.T.);
#3498=EDGE_CURVE('',#2524,#2604,#533,.T.);
#3500=EDGE_CURVE('',#2524,#2525,#538,.T.);
#3502=EDGE_CURVE('',#2489,#2525,#626,.T.);
#3504=EDGE_CURVE('',#2488,#2489,#590,.T.);
#3506=EDGE_CURVE('',#2488,#2520,#334,.T.);
#3508=EDGE_CURVE('',#2520,#2521,#568,.T.);
#3520=EDGE_CURVE('',#2632,#2633,#348,.T.);
#3524=EDGE_CURVE('',#2637,#2632,#370,.T.);
#3535=EDGE_CURVE('',#2605,#2632,#353,.T.);
#3537=EDGE_CURVE('',#2604,#2605,#529,.T.);
#3548=EDGE_CURVE('',#2611,#2609,#362,.T.);
#3550=EDGE_CURVE('',#2609,#2592,#395,.T.);
#3552=EDGE_CURVE('',#2469,#2592,#525,.T.);
#3555=EDGE_CURVE('',#2468,#2605,#366,.T.);
#3568=EDGE_CURVE('',#2608,#2609,#385,.T.);
#3572=EDGE_CURVE('',#2613,#2608,#399,.T.);
#3583=EDGE_CURVE('',#2593,#2608,#390,.T.);
#3585=EDGE_CURVE('',#2592,#2593,#521,.T.);
#3601=EDGE_CURVE('',#2504,#2505,#421,.T.);
#3603=EDGE_CURVE('',#2477,#2505,#509,.T.);
#3605=EDGE_CURVE('',#2476,#2477,#473,.T.);
#3607=EDGE_CURVE('',#2476,#2500,#412,.T.);
#3609=EDGE_CURVE('',#2500,#2501,#451,.T.);
#3611=EDGE_CURVE('',#2501,#2593,#416,.T.);
#3624=EDGE_CURVE('',#2507,#2509,#430,.T.);
#3626=EDGE_CURVE('',#2505,#2507,#434,.T.);
#3638=EDGE_CURVE('',#2481,#2511,#442,.T.);
#3640=EDGE_CURVE('',#2479,#2481,#482,.T.);
#3642=EDGE_CURVE('',#2479,#2507,#438,.T.);
#3653=EDGE_CURVE('',#2483,#2513,#446,.T.);
#3655=EDGE_CURVE('',#2481,#2483,#486,.T.);
#3667=EDGE_CURVE('',#2515,#2517,#460,.T.);
#3669=EDGE_CURVE('',#2485,#2517,#468,.T.);
#3671=EDGE_CURVE('',#2483,#2485,#491,.T.);
#3683=EDGE_CURVE('',#2517,#2500,#455,.T.);
#3686=EDGE_CURVE('',#2515,#2501,#464,.T.);
#3698=EDGE_CURVE('',#2485,#2476,#495,.T.);
#3710=EDGE_CURVE('',#2477,#2479,#477,.T.);
#3718=EDGE_CURVE('',#2552,#2553,#500,.T.);
#3720=EDGE_CURVE('',#2553,#2552,#505,.T.);
#3743=EDGE_CURVE('',#2553,#2545,#517,.T.);
#3746=EDGE_CURVE('',#2552,#2544,#513,.T.);
#3784=EDGE_CURVE('',#2524,#2529,#542,.T.);
#3797=EDGE_CURVE('',#2527,#2529,#547,.T.);
#3799=EDGE_CURVE('',#2525,#2527,#551,.T.);
#3811=EDGE_CURVE('',#2493,#2531,#559,.T.);
#3813=EDGE_CURVE('',#2491,#2493,#599,.T.);
#3815=EDGE_CURVE('',#2491,#2527,#555,.T.);
#3826=EDGE_CURVE('',#2495,#2533,#563,.T.);
#3828=EDGE_CURVE('',#2493,#2495,#603,.T.);
#3840=EDGE_CURVE('',#2535,#2537,#577,.T.);
#3842=EDGE_CURVE('',#2497,#2537,#585,.T.);
#3844=EDGE_CURVE('',#2495,#2497,#608,.T.);
#3856=EDGE_CURVE('',#2537,#2520,#572,.T.);
#3870=EDGE_CURVE('',#2497,#2488,#612,.T.);
#3882=EDGE_CURVE('',#2489,#2491,#594,.T.);
#3890=EDGE_CURVE('',#2556,#2557,#617,.T.);
#3892=EDGE_CURVE('',#2557,#2556,#622,.T.);
#3915=EDGE_CURVE('',#2557,#2549,#634,.T.);
#3918=EDGE_CURVE('',#2556,#2548,#630,.T.);
#3940=EDGE_CURVE('',#2862,#2863,#639,.T.);
#3942=EDGE_CURVE('',#2863,#2824,#643,.T.);
#3944=EDGE_CURVE('',#2824,#2847,#648,.T.);
#3946=EDGE_CURVE('',#2866,#2847,#652,.T.);
#3948=EDGE_CURVE('',#2866,#2867,#657,.T.);
#3950=EDGE_CURVE('',#2867,#2838,#661,.T.);
#3952=EDGE_CURVE('',#2838,#2821,#666,.T.);
#3954=EDGE_CURVE('',#2870,#2821,#670,.T.);
#3956=EDGE_CURVE('',#2870,#2871,#675,.T.);
#3958=EDGE_CURVE('',#2871,#2835,#679,.T.);
#3960=EDGE_CURVE('',#2835,#2859,#684,.T.);
#3962=EDGE_CURVE('',#2874,#2859,#688,.T.);
#3964=EDGE_CURVE('',#2874,#2875,#693,.T.);
#3966=EDGE_CURVE('',#2875,#2850,#697,.T.);
#3968=EDGE_CURVE('',#2850,#2648,#702,.T.);
#3970=EDGE_CURVE('',#2653,#2648,#909,.T.);
#3973=EDGE_CURVE('',#2652,#2649,#706,.T.);
#3975=EDGE_CURVE('',#2649,#2833,#711,.T.);
#3977=EDGE_CURVE('',#2862,#2833,#715,.T.);
#3995=EDGE_CURVE('',#2862,#2794,#719,.T.);
#3997=EDGE_CURVE('',#2794,#2795,#723,.T.);
#3999=EDGE_CURVE('',#2795,#2863,#727,.T.);
#4009=EDGE_CURVE('',#3015,#3045,#731,.T.);
#4011=EDGE_CURVE('',#3015,#2810,#2362,.T.);
#4013=EDGE_CURVE('',#2794,#2810,#735,.T.);
#4017=EDGE_CURVE('',#2833,#2831,#848,.T.);
#4019=EDGE_CURVE('',#2831,#3043,#739,.T.);
#4021=EDGE_CURVE('',#3043,#3045,#743,.T.);
#4031=EDGE_CURVE('',#3002,#3003,#782,.T.);
#4033=EDGE_CURVE('',#3003,#3079,#2035,.T.);
#4035=EDGE_CURVE('',#3079,#3047,#748,.T.);
#4037=EDGE_CURVE('',#3006,#3047,#2103,.T.);
#4039=EDGE_CURVE('',#3006,#3007,#2144,.T.);
#4041=EDGE_CURVE('',#3007,#3029,#2127,.T.);
#4043=EDGE_CURVE('',#3029,#3049,#753,.T.);
#4045=EDGE_CURVE('',#3010,#3049,#2228,.T.);
#4047=EDGE_CURVE('',#3010,#3011,#2269,.T.);
#4049=EDGE_CURVE('',#3011,#3063,#2252,.T.);
#4051=EDGE_CURVE('',#3063,#3031,#758,.T.);
#4053=EDGE_CURVE('',#3014,#3031,#2329,.T.);
#4055=EDGE_CURVE('',#3014,#3015,#2350,.T.);
#4058=EDGE_CURVE('',#3045,#2878,#763,.T.);
#4060=EDGE_CURVE('',#2895,#2878,#918,.T.);
#4062=EDGE_CURVE('',#2894,#2895,#768,.T.);
#4064=EDGE_CURVE('',#2894,#2879,#772,.T.);
#4066=EDGE_CURVE('',#2879,#3065,#777,.T.);
#4068=EDGE_CURVE('',#3002,#3065,#798,.T.);
#4086=EDGE_CURVE('',#2799,#3002,#786,.T.);
#4088=EDGE_CURVE('',#2798,#2799,#790,.T.);
#4090=EDGE_CURVE('',#3003,#2798,#794,.T.);
#4101=EDGE_CURVE('',#3067,#3065,#802,.T.);
#4103=EDGE_CURVE('',#2851,#3067,#901,.T.);
#4105=EDGE_CURVE('',#2850,#2851,#857,.T.);
#4108=EDGE_CURVE('',#2783,#2875,#2031,.T.);
#4110=EDGE_CURVE('',#2783,#2799,#806,.T.);
#4121=EDGE_CURVE('',#3040,#3041,#815,.T.);
#4123=EDGE_CURVE('',#3040,#2962,#905,.T.);
#4125=EDGE_CURVE('',#2962,#2963,#811,.T.);
#4127=EDGE_CURVE('',#2963,#3071,#881,.T.);
#4129=EDGE_CURVE('',#3069,#3071,#885,.T.);
#4131=EDGE_CURVE('',#3067,#3069,#897,.T.);
#4135=EDGE_CURVE('',#2878,#2879,#923,.T.);
#4139=EDGE_CURVE('',#3041,#3043,#823,.T.);
#4157=EDGE_CURVE('',#2830,#3041,#827,.T.);
#4159=EDGE_CURVE('',#2983,#2830,#840,.T.);
#4161=EDGE_CURVE('',#2983,#3040,#819,.T.);
#4173=EDGE_CURVE('',#2830,#2831,#844,.T.);
#4184=EDGE_CURVE('',#2966,#2967,#832,.T.);
#4186=EDGE_CURVE('',#2983,#2966,#836,.T.);
#4192=EDGE_CURVE('',#2648,#2649,#853,.T.);
#4196=EDGE_CURVE('',#2851,#2853,#861,.T.);
#4198=EDGE_CURVE('',#2853,#2969,#865,.T.);
#4200=EDGE_CURVE('',#2967,#2969,#869,.T.);
#4218=EDGE_CURVE('',#2963,#2967,#873,.T.);
#4221=EDGE_CURVE('',#2962,#2966,#877,.T.);
#4239=EDGE_CURVE('',#2969,#3071,#889,.T.);
#4261=EDGE_CURVE('',#2853,#3069,#893,.T.);
#4321=EDGE_CURVE('',#2895,#2894,#914,.T.);
#4342=EDGE_CURVE('',#2898,#2894,#931,.T.);
#4344=EDGE_CURVE('',#2898,#2899,#950,.T.);
#4346=EDGE_CURVE('',#2899,#2901,#936,.T.);
#4348=EDGE_CURVE('',#2901,#2895,#927,.T.);
#4367=EDGE_CURVE('',#2901,#2903,#945,.T.);
#4369=EDGE_CURVE('',#2903,#2898,#955,.T.);
#4388=EDGE_CURVE('',#2890,#2899,#959,.T.);
#4390=EDGE_CURVE('',#2890,#2891,#964,.T.);
#4392=EDGE_CURVE('',#2891,#2903,#940,.T.);
#4413=EDGE_CURVE('',#2891,#2890,#969,.T.);
#4435=EDGE_CURVE('',#2886,#2887,#974,.T.);
#4437=EDGE_CURVE('',#2887,#2886,#979,.T.);
#4454=EDGE_CURVE('',#2934,#2935,#984,.T.);
#4456=EDGE_CURVE('',#2934,#2919,#988,.T.);
#4458=EDGE_CURVE('',#2919,#2918,#1182,.T.);
#4460=EDGE_CURVE('',#2943,#2918,#1164,.T.);
#4462=EDGE_CURVE('',#2942,#2943,#993,.T.);
#4464=EDGE_CURVE('',#2942,#2915,#997,.T.);
#4466=EDGE_CURVE('',#2915,#2882,#1073,.T.);
#4468=EDGE_CURVE('',#2887,#2882,#1095,.T.);
#4471=EDGE_CURVE('',#2886,#2883,#1001,.T.);
#4473=EDGE_CURVE('',#2883,#2906,#1063,.T.);
#4475=EDGE_CURVE('',#2935,#2906,#1045,.T.);
#4492=EDGE_CURVE('',#2930,#2931,#1020,.T.);
#4494=EDGE_CURVE('',#2930,#2934,#1008,.T.);
#4497=EDGE_CURVE('',#2935,#2931,#1015,.T.);
#4515=EDGE_CURVE('',#2922,#2931,#1024,.T.);
#4517=EDGE_CURVE('',#2922,#2923,#1029,.T.);
#4519=EDGE_CURVE('',#2930,#2923,#1033,.T.);
#4536=EDGE_CURVE('',#2946,#2947,#1037,.T.);
#4538=EDGE_CURVE('',#2946,#2922,#1041,.T.);
#4543=EDGE_CURVE('',#2906,#2907,#1058,.T.);
#4545=EDGE_CURVE('',#2947,#2907,#1054,.T.);
#4563=EDGE_CURVE('',#2947,#2949,#1050,.T.);
#4565=EDGE_CURVE('',#2949,#2951,#1116,.T.);
#4567=EDGE_CURVE('',#2951,#2953,#1108,.T.);
#4569=EDGE_CURVE('',#2953,#2955,#1099,.T.);
#4571=EDGE_CURVE('',#2955,#2958,#1169,.T.);
#4573=EDGE_CURVE('',#2958,#2959,#1156,.T.);
#4575=EDGE_CURVE('',#2959,#2946,#1187,.T.);
#4579=EDGE_CURVE('',#2986,#2987,#1195,.T.);
#4581=EDGE_CURVE('',#2999,#2986,#1394,.T.);
#4583=EDGE_CURVE('',#2998,#2999,#1325,.T.);
#4585=EDGE_CURVE('',#2991,#2998,#1316,.T.);
#4587=EDGE_CURVE('',#2990,#2991,#1273,.T.);
#4589=EDGE_CURVE('',#2995,#2990,#1264,.T.);
#4591=EDGE_CURVE('',#2994,#2995,#1247,.T.);
#4593=EDGE_CURVE('',#2987,#2994,#1238,.T.);
#4612=EDGE_CURVE('',#2907,#2909,#1091,.T.);
#4614=EDGE_CURVE('',#2949,#2909,#1120,.T.);
#4633=EDGE_CURVE('',#2882,#2883,#1068,.T.);
#4636=EDGE_CURVE('',#2913,#2915,#1077,.T.);
#4638=EDGE_CURVE('',#2911,#2913,#1082,.T.);
#4640=EDGE_CURVE('',#2909,#2911,#1086,.T.);
#4678=EDGE_CURVE('',#2953,#2913,#1103,.T.);
#4682=EDGE_CURVE('',#2938,#2942,#1127,.T.);
#4684=EDGE_CURVE('',#2938,#2927,#1152,.T.);
#4686=EDGE_CURVE('',#2955,#2927,#1173,.T.);
#4704=EDGE_CURVE('',#2951,#2911,#1112,.T.);
#4742=EDGE_CURVE('',#2938,#2939,#1139,.T.);
#4746=EDGE_CURVE('',#2943,#2939,#1134,.T.);
#4764=EDGE_CURVE('',#2926,#2939,#1143,.T.);
#4766=EDGE_CURVE('',#2926,#2927,#1148,.T.);
#4785=EDGE_CURVE('',#2958,#2926,#1160,.T.);
#4790=EDGE_CURVE('',#2918,#2919,#1177,.T.);
#4795=EDGE_CURVE('',#2959,#2923,#1191,.T.);
#4868=EDGE_CURVE('',#2677,#2987,#1199,.T.);
#4870=EDGE_CURVE('',#2677,#2681,#1203,.T.);
#4872=EDGE_CURVE('',#2714,#2681,#1210,.T.);
#4874=EDGE_CURVE('',#2711,#2714,#1225,.T.);
#4876=EDGE_CURVE('',#2707,#2711,#1229,.T.);
#4878=EDGE_CURVE('',#2707,#2986,#1233,.T.);
#4896=EDGE_CURVE('',#2673,#2994,#1259,.T.);
#4898=EDGE_CURVE('',#2673,#2677,#1243,.T.);
#4917=EDGE_CURVE('',#2669,#2995,#1251,.T.);
#4919=EDGE_CURVE('',#2669,#2673,#1255,.T.);
#4938=EDGE_CURVE('',#2665,#2990,#1311,.T.);
#4940=EDGE_CURVE('',#2665,#2669,#1269,.T.);
#4959=EDGE_CURVE('',#2725,#2991,#1277,.T.);
#4961=EDGE_CURVE('',#2729,#2725,#1281,.T.);
#4963=EDGE_CURVE('',#2732,#2729,#1296,.T.);
#4965=EDGE_CURVE('',#2664,#2732,#1303,.T.);
#4967=EDGE_CURVE('',#2664,#2665,#1307,.T.);
#4986=EDGE_CURVE('',#2721,#2998,#1389,.T.);
#4988=EDGE_CURVE('',#2725,#2721,#1321,.T.);
#5007=EDGE_CURVE('',#2703,#2999,#1329,.T.);
#5009=EDGE_CURVE('',#2700,#2703,#1333,.T.);
#5011=EDGE_CURVE('',#2698,#2700,#1348,.T.);
#5013=EDGE_CURVE('',#2688,#2698,#1355,.T.);
#5015=EDGE_CURVE('',#2688,#2689,#1359,.T.);
#5017=EDGE_CURVE('',#2717,#2689,#1366,.T.);
#5019=EDGE_CURVE('',#2718,#2717,#1381,.T.);
#5021=EDGE_CURVE('',#2721,#2718,#1385,.T.);
#5041=EDGE_CURVE('',#2703,#2707,#1399,.T.);
#5072=EDGE_CURVE('',#2707,#2709,#1409,.T.);
#5074=EDGE_CURVE('',#2705,#2709,#1613,.T.);
#5076=EDGE_CURVE('',#2703,#2705,#1404,.T.);
#5094=EDGE_CURVE('',#2711,#2713,#1414,.T.);
#5096=EDGE_CURVE('',#2709,#2713,#1617,.T.);
#5187=EDGE_CURVE('',#2714,#2715,#1419,.T.);
#5189=EDGE_CURVE('',#2713,#2715,#1686,.T.);
#5223=EDGE_CURVE('',#2695,#2681,#1434,.T.);
#5225=EDGE_CURVE('',#2715,#2695,#1711,.T.);
#5244=EDGE_CURVE('',#2681,#2679,#1424,.T.);
#5246=EDGE_CURVE('',#2679,#2695,#1429,.T.);
#5264=EDGE_CURVE('',#2675,#2679,#1461,.T.);
#5268=EDGE_CURVE('',#2675,#2677,#1439,.T.);
#5285=EDGE_CURVE('',#2660,#2661,#1443,.T.);
#5287=EDGE_CURVE('',#2685,#2660,#1448,.T.);
#5289=EDGE_CURVE('',#2684,#2685,#1452,.T.);
#5291=EDGE_CURVE('',#2679,#2684,#1457,.T.);
#5294=EDGE_CURVE('',#2671,#2675,#1466,.T.);
#5296=EDGE_CURVE('',#2667,#2671,#1470,.T.);
#5298=EDGE_CURVE('',#2661,#2667,#1475,.T.);
#5302=EDGE_CURVE('',#2656,#2657,#1480,.T.);
#5304=EDGE_CURVE('',#2657,#2656,#1485,.T.);
#5308=EDGE_CURVE('',#2740,#2741,#1490,.T.);
#5310=EDGE_CURVE('',#2741,#2740,#1495,.T.);
#5328=EDGE_CURVE('',#2661,#2665,#1500,.T.);
#5331=EDGE_CURVE('',#2660,#2664,#1525,.T.);
#5361=EDGE_CURVE('',#2667,#2669,#1505,.T.);
#5381=EDGE_CURVE('',#2671,#2673,#1510,.T.);
#5431=EDGE_CURVE('',#2664,#2691,#1515,.T.);
#5433=EDGE_CURVE('',#2691,#2660,#1520,.T.);
#5469=EDGE_CURVE('',#2732,#2733,#1530,.T.);
#5471=EDGE_CURVE('',#2691,#2733,#1825,.T.);
#5561=EDGE_CURVE('',#2729,#2731,#1535,.T.);
#5563=EDGE_CURVE('',#2733,#2731,#1913,.T.);
#5582=EDGE_CURVE('',#2725,#2727,#1540,.T.);
#5584=EDGE_CURVE('',#2731,#2727,#1843,.T.);
#5615=EDGE_CURVE('',#2721,#2723,#1545,.T.);
#5617=EDGE_CURVE('',#2727,#2723,#1848,.T.);
#5636=EDGE_CURVE('',#2718,#2719,#1550,.T.);
#5638=EDGE_CURVE('',#2723,#2719,#1852,.T.);
#5733=EDGE_CURVE('',#2717,#2716,#1555,.T.);
#5735=EDGE_CURVE('',#2719,#2716,#1954,.T.);
#5769=EDGE_CURVE('',#2693,#2689,#1560,.T.);
#5771=EDGE_CURVE('',#2716,#2693,#1813,.T.);
#5791=EDGE_CURVE('',#2689,#2685,#1565,.T.);
#5793=EDGE_CURVE('',#2685,#2693,#1570,.T.);
#5813=EDGE_CURVE('',#2684,#2688,#1585,.T.);
#5830=EDGE_CURVE('',#2688,#2697,#1575,.T.);
#5832=EDGE_CURVE('',#2697,#2684,#1580,.T.);
#5868=EDGE_CURVE('',#2698,#2699,#1590,.T.);
#5870=EDGE_CURVE('',#2697,#2699,#1723,.T.);
#5964=EDGE_CURVE('',#2700,#2701,#1595,.T.);
#5966=EDGE_CURVE('',#2699,#2701,#1788,.T.);
#5986=EDGE_CURVE('',#2701,#2705,#1608,.T.);
#6004=EDGE_CURVE('',#2759,#2760,#1599,.T.);
#6006=EDGE_CURVE('',#2759,#2701,#1604,.T.);
#6011=EDGE_CURVE('',#2713,#2763,#1622,.T.);
#6013=EDGE_CURVE('',#2763,#2761,#1626,.T.);
#6015=EDGE_CURVE('',#2761,#2760,#1637,.T.);
#6033=EDGE_CURVE('',#2760,#2744,#1641,.T.);
#6035=EDGE_CURVE('',#2775,#2744,#1732,.T.);
#6037=EDGE_CURVE('',#2774,#2775,#1690,.T.);
#6039=EDGE_CURVE('',#2759,#2774,#1759,.T.);
#6063=B_SPLINE_CURVE_WITH_KNOTS('',3,(#6051,#6052,#6053,#6054,#6055,#6056,#6057,
#6058,#6059,#6060,#6061,#6062),.UNSPECIFIED.,.F.,.F.,(4,1,1,1,1,1,1,1,1,4),
(0.E0,9.826560964914E-3,1.498817274663E-1,2.899322029106E-1,4.299794360762E-1,
5.700255171117E-1,7.100727598547E-1,8.501232479944E-1,9.901784213068E-1,1.E0),
.UNSPECIFIED.);
#6072=EDGE_CURVE('',#2761,#2745,#1645,.T.);
#6074=EDGE_CURVE('',#2744,#2745,#1743,.T.);
#6093=EDGE_CURVE('',#2778,#2763,#1657,.T.);
#6095=EDGE_CURVE('',#2778,#2779,#1699,.T.);
#6097=EDGE_CURVE('',#2745,#2779,#1747,.T.);
#6118=EDGE_CURVE('',#2715,#2778,#1704,.T.);
#6136=EDGE_CURVE('',#2779,#2775,#1695,.T.);
#6141=EDGE_CURVE('',#2695,#2697,#1716,.T.);
#6144=EDGE_CURVE('',#2774,#2699,#1728,.T.);
#6219=EDGE_CURVE('',#2693,#2691,#1818,.T.);
#6238=EDGE_CURVE('',#2766,#2767,#1792,.T.);
#6240=EDGE_CURVE('',#2771,#2767,#1797,.T.);
#6242=EDGE_CURVE('',#2770,#2771,#1801,.T.);
#6244=EDGE_CURVE('',#2716,#2770,#1806,.T.);
#6249=EDGE_CURVE('',#2766,#2733,#1830,.T.);
#6266=EDGE_CURVE('',#2752,#2753,#1834,.T.);
#6268=EDGE_CURVE('',#2753,#2742,#1981,.T.);
#6270=EDGE_CURVE('',#2767,#2742,#1962,.T.);
#6273=EDGE_CURVE('',#2752,#2766,#1884,.T.);
#6291=EDGE_CURVE('',#2752,#2731,#1839,.T.);
#6296=EDGE_CURVE('',#2719,#2756,#1857,.T.);
#6298=EDGE_CURVE('',#2754,#2756,#1861,.T.);
#6300=EDGE_CURVE('',#2754,#2753,#1872,.T.);
#6336=EDGE_CURVE('',#2770,#2756,#1925,.T.);
#6359=EDGE_CURVE('',#2743,#2771,#1977,.T.);
#6361=EDGE_CURVE('',#2754,#2743,#1958,.T.);
#6380=EDGE_CURVE('',#2742,#2743,#1973,.T.);
#6405=B_SPLINE_CURVE_WITH_KNOTS('',3,(#6393,#6394,#6395,#6396,#6397,#6398,#6399,
#6400,#6401,#6402,#6403,#6404),.UNSPECIFIED.,.F.,.F.,(4,1,1,1,1,1,1,1,1,4),
(0.E0,9.826560964913E-3,1.498817274663E-1,2.899322029106E-1,4.299794360762E-1,
5.700255171117E-1,7.100727598547E-1,8.501232479944E-1,9.901784213068E-1,1.E0),
.UNSPECIFIED.);
#6431=EDGE_CURVE('',#2748,#2749,#1986,.T.);
#6433=EDGE_CURVE('',#2657,#2749,#1999,.T.);
#6436=EDGE_CURVE('',#2656,#2748,#1990,.T.);
#6454=EDGE_CURVE('',#2749,#2748,#1995,.T.);
#6514=EDGE_CURVE('',#2736,#2737,#2009,.T.);
#6516=EDGE_CURVE('',#2737,#2741,#2019,.T.);
#6519=EDGE_CURVE('',#2736,#2740,#2004,.T.);
#6537=EDGE_CURVE('',#2737,#2736,#2014,.T.);
#6598=EDGE_CURVE('',#2874,#2782,#2023,.T.);
#6600=EDGE_CURVE('',#2782,#2783,#2027,.T.);
#6613=EDGE_CURVE('',#2782,#2798,#2039,.T.);
#6617=EDGE_CURVE('',#2859,#2857,#2063,.T.);
#6619=EDGE_CURVE('',#2857,#3077,#2043,.T.);
#6621=EDGE_CURVE('',#3077,#3079,#2047,.T.);
#6643=EDGE_CURVE('',#2972,#2973,#2051,.T.);
#6645=EDGE_CURVE('',#2972,#2856,#2055,.T.);
#6647=EDGE_CURVE('',#2856,#2857,#2059,.T.);
#6651=EDGE_CURVE('',#2835,#2814,#2067,.T.);
#6653=EDGE_CURVE('',#2814,#2815,#2071,.T.);
#6655=EDGE_CURVE('',#2815,#2973,#2075,.T.);
#6673=EDGE_CURVE('',#2973,#3021,#2087,.T.);
#6675=EDGE_CURVE('',#3074,#3021,#2079,.T.);
#6677=EDGE_CURVE('',#2972,#3074,#2394,.T.);
#6694=EDGE_CURVE('',#3019,#3021,#2083,.T.);
#6698=EDGE_CURVE('',#2815,#3019,#2091,.T.);
#6708=EDGE_CURVE('',#3018,#3019,#2095,.T.);
#6710=EDGE_CURVE('',#3018,#3047,#2107,.T.);
#6714=EDGE_CURVE('',#3075,#3077,#2382,.T.);
#6716=EDGE_CURVE('',#3074,#3075,#2390,.T.);
#6738=EDGE_CURVE('',#2814,#3018,#2099,.T.);
#6753=EDGE_CURVE('',#2787,#2871,#2123,.T.);
#6755=EDGE_CURVE('',#2787,#2803,#2111,.T.);
#6757=EDGE_CURVE('',#2803,#3006,#2148,.T.);
#6768=EDGE_CURVE('',#2870,#2786,#2115,.T.);
#6770=EDGE_CURVE('',#2786,#2787,#2119,.T.);
#6782=EDGE_CURVE('',#3007,#2802,#2156,.T.);
#6784=EDGE_CURVE('',#2786,#2802,#2131,.T.);
#6788=EDGE_CURVE('',#2821,#2819,#2172,.T.);
#6790=EDGE_CURVE('',#2819,#3027,#2135,.T.);
#6792=EDGE_CURVE('',#3027,#3029,#2139,.T.);
#6804=EDGE_CURVE('',#2802,#2803,#2152,.T.);
#6827=EDGE_CURVE('',#2976,#2977,#2160,.T.);
#6829=EDGE_CURVE('',#2976,#2818,#2164,.T.);
#6831=EDGE_CURVE('',#2818,#2819,#2168,.T.);
#6835=EDGE_CURVE('',#2838,#2839,#2176,.T.);
#6837=EDGE_CURVE('',#2839,#2841,#2180,.T.);
#6839=EDGE_CURVE('',#2841,#2977,#2184,.T.);
#6857=EDGE_CURVE('',#2977,#3055,#2196,.T.);
#6859=EDGE_CURVE('',#3024,#3055,#2188,.T.);
#6861=EDGE_CURVE('',#2976,#3024,#2208,.T.);
#6878=EDGE_CURVE('',#3053,#3055,#2192,.T.);
#6882=EDGE_CURVE('',#2841,#3053,#2200,.T.);
#6892=EDGE_CURVE('',#3024,#3025,#2204,.T.);
#6896=EDGE_CURVE('',#3051,#3053,#2220,.T.);
#6898=EDGE_CURVE('',#3051,#3049,#2232,.T.);
#6902=EDGE_CURVE('',#3025,#3027,#2212,.T.);
#6920=EDGE_CURVE('',#2818,#3025,#2216,.T.);
#6947=EDGE_CURVE('',#2839,#3051,#2224,.T.);
#6962=EDGE_CURVE('',#2791,#2867,#2248,.T.);
#6964=EDGE_CURVE('',#2791,#2807,#2236,.T.);
#6966=EDGE_CURVE('',#2807,#3010,#2273,.T.);
#6977=EDGE_CURVE('',#2866,#2790,#2240,.T.);
#6979=EDGE_CURVE('',#2790,#2791,#2244,.T.);
#6991=EDGE_CURVE('',#3011,#2806,#2281,.T.);
#6993=EDGE_CURVE('',#2790,#2806,#2256,.T.);
#6997=EDGE_CURVE('',#2847,#2845,#2297,.T.);
#6999=EDGE_CURVE('',#2845,#3061,#2260,.T.);
#7001=EDGE_CURVE('',#3061,#3063,#2264,.T.);
#7013=EDGE_CURVE('',#2806,#2807,#2277,.T.);
#7036=EDGE_CURVE('',#2980,#2981,#2285,.T.);
#7038=EDGE_CURVE('',#2980,#2844,#2289,.T.);
#7040=EDGE_CURVE('',#2844,#2845,#2293,.T.);
#7044=EDGE_CURVE('',#2824,#2825,#2301,.T.);
#7046=EDGE_CURVE('',#2825,#2827,#2305,.T.);
#7048=EDGE_CURVE('',#2827,#2981,#2309,.T.);
#7066=EDGE_CURVE('',#2981,#3037,#2321,.T.);
#7068=EDGE_CURVE('',#3058,#3037,#2313,.T.);
#7070=EDGE_CURVE('',#2980,#3058,#2378,.T.);
#7087=EDGE_CURVE('',#3035,#3037,#2317,.T.);
#7091=EDGE_CURVE('',#2827,#3035,#2325,.T.);
#7101=EDGE_CURVE('',#3033,#3031,#2333,.T.);
#7105=EDGE_CURVE('',#3059,#3061,#2366,.T.);
#7107=EDGE_CURVE('',#3058,#3059,#2374,.T.);
#7111=EDGE_CURVE('',#3033,#3035,#2341,.T.);
#7130=EDGE_CURVE('',#2825,#3033,#2345,.T.);
#7135=EDGE_CURVE('',#2795,#2811,#2337,.T.);
#7137=EDGE_CURVE('',#2811,#3014,#2354,.T.);
#7161=EDGE_CURVE('',#2810,#2811,#2358,.T.);
#7187=EDGE_CURVE('',#2844,#3059,#2370,.T.);
#7212=EDGE_CURVE('',#2856,#3075,#2386,.T.);
#7248=EDGE_CURVE('',#2576,#2577,#2422,.T.);
#7271=EDGE_CURVE('',#2644,#2645,#2440,.T.);
#7273=EDGE_CURVE('',#2560,#2644,#2453,.T.);
#7276=EDGE_CURVE('',#2561,#2645,#2449,.T.);
#7287=EDGE_CURVE('',#2645,#2644,#2445,.T.);
#7306=(LENGTH_UNIT()NAMED_UNIT(*)SI_UNIT(.MILLI.,.METRE.));
#7308=(NAMED_UNIT(*)PLANE_ANGLE_UNIT()SI_UNIT($,.RADIAN.));
#7311=(NAMED_UNIT(*)SI_UNIT($,.STERADIAN.)SOLID_ANGLE_UNIT());
#7314=ADVANCED_BREP_SHAPE_REPRESENTATION('',(#7305),#7313);
#7322=PRODUCT_DEFINITION('design','',#7321,#7318);
#7323=PRODUCT_DEFINITION_SHAPE('','SHAPE FOR HSCSGNN001PGAA5_SW0001.',#7322);
#7324=SHAPE_DEFINITION_REPRESENTATION(#7323,#7314);
ENDSEC;
END-ISO-10303-21;
